especie,modelo,codMicroRes,nomeMicroRes,siglaUF,ano,mes,idMes,populacao,real_taxa,pred_taxa,residual,ci_low,ci_high,covered,test_start
P. vivax,model5,11001,Porto Velho,RO,2012,1,109,559543,340.992559999857,294.370848382382,46.621711617475,121.37583706703508,1451.1083151786356,TRUE,109
P. vivax,model5,11001,Porto Velho,RO,2012,2,110,559543,263.2505455344808,242.41703132558092,20.833514208899885,94.68441210058924,1207.3468884428894,TRUE,109
P. vivax,model5,11001,Porto Velho,RO,2012,3,111,559543,284.1604666665475,272.2688003659642,11.891666300583324,111.76531562364286,1387.4179464312829,TRUE,109
P. vivax,model5,11002,Guajará-Mirim,RO,2012,1,109,73193,91.53880835599033,116.51944671836911,-24.980638362378784,36.17149180932603,518.1506428210345,TRUE,109
P. vivax,model5,11002,Guajará-Mirim,RO,2012,2,110,73193,94.27131009796018,95.34239569254039,-1.071085594580211,31.355457489104154,361.23673028841506,TRUE,109
P. vivax,model5,11002,Guajará-Mirim,RO,2012,3,111,73193,94.27131009796018,110.29089788819148,-16.0195877902313,44.30068449168637,444.8171273209186,TRUE,109
P. vivax,model5,11003,Ariquemes,RO,2012,1,109,176003,136.3613120230905,178.60417334238045,-42.24286131928994,64.71480599762505,767.6289608699851,TRUE,109
P. vivax,model5,11003,Ariquemes,RO,2012,2,110,176003,110.79356601876106,149.43367796520405,-38.640111946443,53.08148156565514,633.1000039772046,TRUE,109
P. vivax,model5,11003,Ariquemes,RO,2012,3,111,176003,111.92991028562012,159.9897257546785,-48.059815469058364,58.1098049465066,695.8688204178329,TRUE,109
P. vivax,model5,11004,Ji-Paraná,RO,2012,1,109,294157,22.097043415590996,24.785788365952488,-2.6887449503614924,8.66034124634124,116.94435284558926,TRUE,109
P. vivax,model5,11004,Ji-Paraná,RO,2012,2,110,294157,21.75708890150498,19.15871482217059,2.5983740793343877,6.44213804192999,91.78771880322412,TRUE,109
P. vivax,model5,11004,Ji-Paraná,RO,2012,3,111,294157,20.737225359246935,21.364745209524145,-0.6275198502772099,7.640477704083194,118.48264702182848,TRUE,109
P. vivax,model5,11005,Alvorada D'Oeste,RO,2012,1,109,69841,25.772826849558285,19.96087230234544,5.811954547212846,2.111939977949917,92.5316075084834,TRUE,109
P. vivax,model5,11005,Alvorada D'Oeste,RO,2012,2,110,69841,14.31823713864349,15.639836524832592,-1.3215993861891029,0,77.31848054867484,TRUE,109
P. vivax,model5,11005,Alvorada D'Oeste,RO,2012,3,111,69841,28.63647427728698,17.045890222319994,11.590584054966985,0.6801162640855678,83.79748285391099,TRUE,109
P. vivax,model5,11006,Cacoal,RO,2012,1,109,228654,11.370892265169207,9.40309848886876,1.9677937763004465,2.624052061192894,41.984832979086306,TRUE,109
P. vivax,model5,11006,Cacoal,RO,2012,2,110,228654,9.184182214175129,8.21551838895466,0.9686638252204691,1.519763485440885,37.4036754222537,TRUE,109
P. vivax,model5,11006,Cacoal,RO,2012,3,111,228654,11.370892265169207,10.453096305650762,0.9177959595184451,2.1867100509940784,44.1934101305903,TRUE,109
P. vivax,model5,11007,Vilhena,RO,2012,1,109,136730,4.388210341549038,7.915657662648179,-3.5274473210991415,0,40.60922986908504,TRUE,109
P. vivax,model5,11007,Vilhena,RO,2012,2,110,136730,6.582315512323557,7.332125088148945,-0.7498095758253873,0,37.29978790316683,TRUE,109
P. vivax,model5,11007,Vilhena,RO,2012,3,111,136730,7.31368390258173,8.517667186852055,-1.2039832842703246,0.3473999853726332,41.687998244715864,TRUE,109
P. vivax,model5,11008,Colorado do Oeste,RO,2012,1,109,51890,7.708614376565812,6.334040748949068,1.3745736276167442,0,35.70052033147037,TRUE,109
P. vivax,model5,11008,Colorado do Oeste,RO,2012,2,110,51890,0,5.007818922709019,-5.007818922709019,0,29.91905954904602,TRUE,109
P. vivax,model5,11008,Colorado do Oeste,RO,2012,3,111,51890,3.854307188282906,5.310022417098928,-1.4557152288160218,0,30.83445750626325,TRUE,109
P. vivax,model5,12001,Cruzeiro do Sul,AC,2012,1,109,135803,1572.1302180364205,1272.914338694658,299.2158793417625,545.9562748981982,5833.836513184531,TRUE,109
P. vivax,model5,12001,Cruzeiro do Sul,AC,2012,2,110,135803,1248.1314845769239,928.7402413220449,319.391243254879,392.33301178913575,4313.104276046921,TRUE,109
P. vivax,model5,12001,Cruzeiro do Sul,AC,2012,3,111,135803,1029.4323394917637,965.4749151729187,63.95742431884503,394.94709247954756,4536.792265266598,TRUE,109
P. vivax,model5,12002,Tarauacá,AC,2012,1,109,76221,17.05566707337873,43.760123904978016,-26.704456831599288,15.054906128232378,203.55282664882364,TRUE,109
P. vivax,model5,12002,Tarauacá,AC,2012,2,110,76221,13.119743902599021,33.96639793226574,-20.846654029666723,10.495795122079217,154.87857677018138,TRUE,109
P. vivax,model5,12002,Tarauacá,AC,2012,3,111,76221,7.871846341559412,35.54794311457006,-27.67609677301065,8.495034176932869,154.87857677018138,FALSE,109
P. vivax,model5,12003,Sena Madureira,AC,2012,1,109,52651,1.8992991586104726,1.0913828454613885,0.8079163131490841,0,9.496495793052363,TRUE,109
P. vivax,model5,12003,Sena Madureira,AC,2012,2,110,52651,0,0.9870167070909905,-0.9870167070909905,0,7.59719663444189,TRUE,109
P. vivax,model5,12003,Sena Madureira,AC,2012,3,111,52651,7.59719663444189,1.0288321604947874,6.568364473947103,0,9.496495793052363,TRUE,109
P. vivax,model5,12004,Rio Branco,AC,2012,1,109,433224,24.467711853452254,15.341370856329783,9.12634099712247,5.770686757889683,67.86327627278267,TRUE,109
P. vivax,model5,12004,Rio Branco,AC,2012,2,110,433224,21.46695473934962,12.74575664371543,8.721198095634191,4.495364984396063,54.49836574151015,TRUE,109
P. vivax,model5,12004,Rio Branco,AC,2012,3,111,433224,12.695510867357303,16.349762462865883,-3.6542515955085797,7.034467157867523,70.07344930105441,TRUE,109
P. vivax,model5,12005,Brasiléia,AC,2012,1,109,60887,13.139093731009902,2.8154406517322528,10.32365307927765,0,20.570893622612346,TRUE,109
P. vivax,model5,12005,Brasiléia,AC,2012,2,110,60887,9.854320298257427,1.970417715710266,7.883902582547162,0,16.42386716376238,TRUE,109
P. vivax,model5,12005,Brasiléia,AC,2012,3,111,60887,1.6423867163762378,1.9339875608743589,-0.29160084449812107,0,16.42386716376238,TRUE,109
P. vivax,model5,13001,Rio Negro,AM,2012,1,109,99826,1045.8197263238035,568.9149867742061,476.90473954959737,256.4462164165648,3131.3235028950367,TRUE,109
P. vivax,model5,13001,Rio Negro,AM,2012,2,110,99826,1017.7709214032417,461.2424081711955,556.5285132320462,204.85645022338872,2619.708292428825,TRUE,109
P. vivax,model5,13001,Rio Negro,AM,2012,3,111,99826,897.5617574579769,549.9168542866579,347.644903171319,264.4100735279386,3063.4053252659614,TRUE,109
P. vivax,model5,13002,Japurá,AM,2012,1,109,25044,43.9226960549433,13.936893513017775,29.985802541925526,0,69.97684076026185,TRUE,109
P. vivax,model5,13002,Japurá,AM,2012,2,110,25044,107.81025395304265,10.674767770821813,97.13548618222083,0,65.98386839163064,FALSE,109
P. vivax,model5,13002,Japurá,AM,2012,3,111,25044,143.74700527072352,13.267458084330464,130.47954718639306,0,73.96981312889305,FALSE,109
P. vivax,model5,13003,Alto Solimões,AM,2012,1,109,231482,292.89534391442965,113.21621441255094,179.67912950187872,41.860706232018046,528.885615296221,TRUE,109
P. vivax,model5,13003,Alto Solimões,AM,2012,2,110,231482,447.5509974857656,151.5483859024941,296.0026115832715,61.68946181560554,705.0332207255849,TRUE,109
P. vivax,model5,13003,Alto Solimões,AM,2012,3,111,231482,834.1901314141056,183.70399146634392,650.4861399477617,74.50903309976584,843.1973112380225,TRUE,109
P. vivax,model5,13004,Juruá,AM,2012,1,109,131695,532.2905197615703,238.81462069693333,293.47589906463696,94.76441778351494,1060.8793044534714,TRUE,109
P. vivax,model5,13004,Juruá,AM,2012,2,110,131695,527.7345381373628,211.16496798313827,316.5695701542246,86.52568434640648,953.4150878924785,TRUE,109
P. vivax,model5,13004,Juruá,AM,2012,3,111,131695,981.0547097460042,275.41786926806316,705.636840477941,107.67303238543606,1231.1401344014569,TRUE,109
P. vivax,model5,13005,Tefé,AM,2012,1,109,87520,286.79159049360146,134.5580381237371,152.23355236986436,52.502285191956126,567.0132541133453,TRUE,109
P. vivax,model5,13005,Tefé,AM,2012,2,110,87520,294.7897623400366,139.08272462424745,155.70703771578914,56.529936014625235,558.9008226691042,TRUE,109
P. vivax,model5,13005,Tefé,AM,2012,3,111,87520,298.217550274223,183.29669658923956,114.92085368498346,79.9245886654479,727.9478976234002,TRUE,109
P. vivax,model5,13006,Coari,AM,2012,1,109,156671,72.12566460927677,54.5352916902171,17.590372919059668,22.611076714899376,286.2686776748725,TRUE,109
P. vivax,model5,13006,Coari,AM,2012,2,110,156671,103.40139528055606,63.71532048473163,39.68607479582443,26.4726720324757,321.69322976173,TRUE,109
P. vivax,model5,13006,Coari,AM,2012,3,111,156671,132.12400508071053,86.25799709779827,45.866007982912265,37.96171595253748,437.8761864033545,TRUE,109
P. vivax,model5,13007,Manaus,AM,2012,1,109,2106861,74.37605043711949,70.16770765593019,4.208342781189302,30.664101713402076,309.7475343651049,TRUE,109
P. vivax,model5,13007,Manaus,AM,2012,2,110,2106861,57.09916316263864,60.831081894206136,-3.7319187315674966,27.392647165617483,267.54256688030193,TRUE,109
P. vivax,model5,13007,Manaus,AM,2012,3,111,2106861,50.12195868640599,70.58820945345455,-20.466250767048564,32.04411681643924,312.41738301672456,TRUE,109
P. vivax,model5,13008,Rio Preto da Eva,AM,2012,1,109,55600,303.9568345323741,279.7314519130185,24.225382619355628,106.02517985611512,1440.8273381294946,TRUE,109
P. vivax,model5,13008,Rio Preto da Eva,AM,2012,2,110,55600,212.23021582733813,200.37000253932388,11.86021328801425,82.7338129496403,1059.9820143884886,TRUE,109
P. vivax,model5,13008,Rio Preto da Eva,AM,2012,3,111,55600,197.84172661870502,174.55535405766798,23.28637256103704,61.15107913669065,874.3705035971204,TRUE,109
P. vivax,model5,13009,Itacoatiara,AM,2012,1,109,156384,23.02025782688766,18.583967090463663,4.436290736423999,5.08364027010436,79.02023224882336,TRUE,109
P. vivax,model5,13009,Itacoatiara,AM,2012,2,110,156384,18.544096582770617,13.398219712969913,5.145876869800704,3.1972580315121752,57.55064456721916,TRUE,109
P. vivax,model5,13009,Itacoatiara,AM,2012,3,111,156384,7.033967669326786,13.674081264889333,-6.640113595562547,3.5009975445058323,59.80471147943522,TRUE,109
P. vivax,model5,13010,Parintins,AM,2012,1,109,248506,20.120238545548194,11.105998252745724,9.01424029280247,2.605570891648492,54.958431587164874,TRUE,109
P. vivax,model5,13010,Parintins,AM,2012,2,110,248506,14.084166981883737,8.903231927363162,5.180935054520575,2.0120238545548195,46.16588734276025,TRUE,109
P. vivax,model5,13010,Parintins,AM,2012,3,111,248506,19.71783377463723,10.686964922070157,9.030868852567075,2.3943083869202364,56.326607808262,TRUE,109
P. vivax,model5,13011,Boca do Acre,AM,2012,1,109,49500,68.68686868686869,57.28211996088491,11.40474872598378,14.14141414141414,279.2929292929288,TRUE,109
P. vivax,model5,13011,Boca do Acre,AM,2012,2,110,49500,58.58585858585859,51.56382086321517,7.022037722643418,8.080808080808081,240.5050505050504,TRUE,109
P. vivax,model5,13011,Boca do Acre,AM,2012,3,111,49500,133.33333333333334,59.74689378375591,73.58643954957743,13.080808080808083,271.01010101010075,TRUE,109
P. vivax,model5,13012,Purus,AM,2012,1,109,70911,277.81303323884873,164.37800949555017,113.43502374329856,70.44041121969794,781.8956156308607,TRUE,109
P. vivax,model5,13012,Purus,AM,2012,2,110,70911,315.8889311954422,170.02329268253283,145.86563851290936,66.95012057367686,826.5290293466458,TRUE,109
P. vivax,model5,13012,Purus,AM,2012,3,111,70911,492.16623655004156,289.01545623376404,203.15078031627752,110.5963813794757,1411.20559574678,TRUE,109
P. vivax,model5,13013,Madeira,AM,2012,1,109,170985,162.0025148404831,188.2910647262316,-26.288549885748523,79.23209638272363,1003.3043834254463,TRUE,109
P. vivax,model5,13013,Madeira,AM,2012,2,110,170985,103.51785244319677,199.05454769591626,-95.53669525271948,84.51033716407873,1014.9135889113079,TRUE,109
P. vivax,model5,13013,Madeira,AM,2012,3,111,170985,106.44208556306108,266.8714253865615,-160.4293398235004,108.7522297277539,1428.7364388689057,FALSE,109
P. vivax,model5,14001,Boa Vista,RR,2012,1,109,334076,144.27854739640082,175.99875460664262,-31.720207210241796,69.88679222691843,731.9142949508492,TRUE,109
P. vivax,model5,14001,Boa Vista,RR,2012,2,110,334076,124.82189681389862,134.09700262748777,-9.27510581358915,48.31984338892947,580.2646703145392,TRUE,109
P. vivax,model5,14001,Boa Vista,RR,2012,3,111,334076,122.72656521270609,134.60931161287456,-11.882746400168472,49.95869203414793,607.1298147726859,TRUE,109
P. vivax,model5,14002,Nordeste de Roraima,RR,2012,1,109,44023,545.1695704518092,619.6642891253681,-74.49471867355885,233.85503032505738,2995.1956931603936,TRUE,109
P. vivax,model5,14002,Nordeste de Roraima,RR,2012,2,110,44023,436.1356563614474,500.2355398773436,-64.09988351589624,215.4555573223088,2576.7780478386276,TRUE,109
P. vivax,model5,14002,Nordeste de Roraima,RR,2012,3,111,44023,367.9894600549713,457.03862089941555,-89.04916084444426,193.7055630011585,2289.825772891443,TRUE,109
P. vivax,model5,14003,Caracaraí,RR,2012,1,109,43635,435.4302738627249,498.10150605563706,-62.67123219291216,197.0894923799702,2159.1039303311527,TRUE,109
P. vivax,model5,14003,Caracaraí,RR,2012,2,110,43635,359.80291050762,367.02602444688927,-7.22311393926924,125.70184484931822,1563.3665635384423,TRUE,109
P. vivax,model5,14003,Caracaraí,RR,2012,3,111,43635,263.54990260112294,359.6560213397068,-96.10611873858386,148.84840151254727,1609.0294488369425,TRUE,109
P. vivax,model5,14004,Sudeste de Roraima,RR,2012,1,109,47790,257.37602008788446,279.49792223521325,-22.121902147328797,112.88972588407617,1268.1523331240846,TRUE,109
P. vivax,model5,14004,Sudeste de Roraima,RR,2012,2,110,47790,259.46850805607863,200.48946410815535,58.97904394792329,74.12638627327894,886.6394643230797,TRUE,109
P. vivax,model5,14004,Sudeste de Roraima,RR,2012,3,111,47790,280.3933877380205,206.39343276113703,73.99995497688349,82.600962544465375,936.5453023645113,TRUE,109
P. vivax,model5,15001,Óbidos,PA,2012,1,109,189429,3.695315923116313,4.920748075995216,-1.225432152878903,0.5279022747309018,31.423382903356917,TRUE,109
P. vivax,model5,15001,Óbidos,PA,2012,2,110,189429,2.6395113736545093,4.0300931709205665,-1.3905817972660572,0,22.198290652434398,TRUE,109
P. vivax,model5,15001,Óbidos,PA,2012,3,111,189429,2.6395113736545093,4.617093573242676,-1.9775821995881668,0,26.69865754451532,TRUE,109
P. vivax,model5,15002,Santarém,PA,2012,1,109,492734,40.18395320801893,27.521135994208567,12.66281721381036,10.619319957624196,128.5734290712636,TRUE,109
P. vivax,model5,15002,Santarém,PA,2012,2,110,492734,34.907272483733614,27.48207714395429,7.425195339779325,10.639614883486832,128.6343138488511,TRUE,109
P. vivax,model5,15002,Santarém,PA,2012,3,111,492734,31.457135087085526,31.529289645333062,-0.07215455824753647,12.572706571902893,148.56900477742553,TRUE,109
P. vivax,model5,15003,Almeirim,PA,2012,1,109,69092,144.73455682278703,136.50151615515782,8.233040667629211,49.065014762924804,603.7602037862557,TRUE,109
P. vivax,model5,15003,Almeirim,PA,2012,2,110,69092,150.5239390956985,109.6618752186357,40.862063877062795,44.86771261506397,472.05175707751965,TRUE,109
P. vivax,model5,15003,Almeirim,PA,2012,3,111,69092,108.55091761709026,92.7839661227104,15.766951494379867,34.73629363746888,422.0097840560411,TRUE,109
P. vivax,model5,15004,Portel,PA,2012,1,109,135041,479.1137506386949,217.52047166302134,261.59327897567357,89.52836545937902,1030.4833346909456,TRUE,109
P. vivax,model5,15004,Portel,PA,2012,2,110,135041,593.8937063558475,215.00014891894293,378.89355743690453,78.06888278374716,987.8851608030146,TRUE,109
P. vivax,model5,15004,Portel,PA,2012,3,111,135041,388.7708177516458,237.9760358848963,150.79478186674947,97.87768159299769,1061.196229293325,TRUE,109
P. vivax,model5,15005,Furos de Breves,PA,2012,1,109,209923,1253.3166923109902,671.2029675281692,582.113724782821,243.1486783249096,3088.477679911204,TRUE,109
P. vivax,model5,15005,Furos de Breves,PA,2012,2,110,209923,1816.8566569646966,757.8195355285582,1059.0371214361385,305.86214945480015,3521.958051285468,TRUE,109
P. vivax,model5,15005,Furos de Breves,PA,2012,3,111,209923,1729.2054705773069,840.5923027263095,888.6131678509973,353.01038952377786,3980.5666839745936,TRUE,109
P. vivax,model5,15006,Arari,PA,2012,1,109,158333,50.52642216088876,43.32280404756919,7.203618113319564,17.352668110880234,175.27931637750817,TRUE,109
P. vivax,model5,15006,Arari,PA,2012,2,110,158333,209.68465196768835,55.366297728244476,154.31835423944386,20.084252808953288,241.45313990134701,TRUE,109
P. vivax,model5,15006,Arari,PA,2012,3,111,158333,248.21104886536602,70.87674293825063,177.3343059271154,28.721113097080206,327.8691113033919,TRUE,109
P. vivax,model5,15007,Belém,PA,2012,1,109,2185084,5.079896241975137,3.615317945059159,1.4645782969159775,1.3031535629751536,15.894125809351024,TRUE,109
P. vivax,model5,15007,Belém,PA,2012,2,110,2185084,4.3934237768433615,3.153318706259734,1.2401050705836276,1.0720411663807892,13.169974243553096,TRUE,109
P. vivax,model5,15007,Belém,PA,2012,3,111,2185084,3.4323623256588762,3.424197578368024,0.008164747290852148,1.4187097612723354,13.688260954727593,TRUE,109
P. vivax,model5,15008,Castanhal,PA,2012,1,109,305405,2.6194725037245625,2.222395685308251,0.3970768184163114,0,12.786300158805505,TRUE,109
P. vivax,model5,15008,Castanhal,PA,2012,2,110,305405,2.6194725037245625,1.861409639178503,0.7580628645460594,0,9.667490709058455,TRUE,109
P. vivax,model5,15008,Castanhal,PA,2012,3,111,305405,1.3097362518622813,1.8279305316431056,-0.5181942797808243,0,9.012622583127316,TRUE,109
P. vivax,model5,15009,Salgado,PA,2012,1,109,251888,40.09718605094328,17.90587825311296,22.19130779783032,4.9525979800546285,88.73983675284252,TRUE,109
P. vivax,model5,15009,Salgado,PA,2012,2,110,251888,27.79012894619831,17.31084544543652,10.479283500761788,4.3670202629740205,82.37788223337338,TRUE,109
P. vivax,model5,15009,Salgado,PA,2012,3,111,251888,17.071079209807532,26.091530832419057,-9.020451622611525,9.508194118020707,131.31828431683914,TRUE,109
P. vivax,model5,15010,Bragantina,PA,2012,1,109,390863,1.0233764771799838,1.9980673434152445,-0.9746908662352607,0,9.99071285846958,TRUE,109
P. vivax,model5,15010,Bragantina,PA,2012,2,110,390863,2.0467529543599676,1.65490861619112,0.3918443381688477,0,9.344706457249721,TRUE,109
P. vivax,model5,15010,Bragantina,PA,2012,3,111,390863,1.5350647157699757,1.7936017018880859,-0.25853698611811016,0,10.11223881513471,TRUE,109
P. vivax,model5,15011,Cametá,PA,2012,1,109,449907,404.97258322275496,250.93542302388107,154.0371601988739,118.77454673965954,1133.2508718468475,TRUE,109
P. vivax,model5,15011,Cametá,PA,2012,2,110,449907,686.3640707968536,166.4441425898526,519.919928207001,66.8693752264357,742.0755845096865,TRUE,109
P. vivax,model5,15011,Cametá,PA,2012,3,111,449907,368.0760690542712,218.20173417422748,149.87433488004373,90.99102703447602,1006.1801661232203,TRUE,109
P. vivax,model5,15012,Tomé-Açu,PA,2012,1,109,299079,63.86272523313238,26.268112781398617,37.59461245173377,7.690275813413846,120.22743154818625,TRUE,109
P. vivax,model5,15012,Tomé-Açu,PA,2012,2,110,299079,33.77034161542603,19.11928729135458,14.651054324071445,4.681037451643212,82.11041229909154,TRUE,109
P. vivax,model5,15012,Tomé-Açu,PA,2012,3,111,299079,34.43906125137505,17.47610681428452,16.96295443709053,4.505498547206591,76.07521758465154,TRUE,109
P. vivax,model5,15013,Guamá,PA,2012,1,109,441719,45.50404216255131,30.68294069453461,14.821101468016696,14.262460976322052,144.52627122673002,TRUE,109
P. vivax,model5,15013,Guamá,PA,2012,2,110,441719,43.240159467897016,28.84065675658957,14.399502711307445,12.106112709663835,137.53653340698497,TRUE,109
P. vivax,model5,15013,Guamá,PA,2012,3,111,441719,33.73185215034898,31.51778624145745,2.214065908891527,14.03607270685662,143.5414822545555,TRUE,109
P. vivax,model5,15014,Itaituba,PA,2012,1,109,213017,615.9132839163071,365.9086536376043,250.00463027870285,154.1895717243225,1886.8564480769137,TRUE,109
P. vivax,model5,15014,Itaituba,PA,2012,2,110,213017,547.3741532365962,326.90893977303745,220.4652134635587,142.57078073580982,1774.295009318504,TRUE,109
P. vivax,model5,15014,Itaituba,PA,2012,3,111,213017,587.2770717830033,362.6888671228236,224.5882046601797,175.97187078965527,1907.2890896031759,TRUE,109
P. vivax,model5,15015,Altamira,PA,2012,1,109,281058,407.033423706139,302.25989343836994,104.77353026776905,113.41075507546486,1456.8612172576475,TRUE,109
P. vivax,model5,15015,Altamira,PA,2012,2,110,281058,293.5337190188502,265.494265440312,28.0394535785382,110.96464075030778,1277.10294672274,TRUE,109
P. vivax,model5,15015,Altamira,PA,2012,3,111,281058,258.3096727365882,211.2667720484807,47.042900688107494,84.4220765820578,1004.8548698133479,TRUE,109
P. vivax,model5,15016,Tucuruí,PA,2012,1,109,340793,107.10313885555162,133.42062764666133,-26.31748879110971,60.6819975762413,611.8816994480512,TRUE,109
P. vivax,model5,15016,Tucuruí,PA,2012,2,110,340793,121.7748017124765,100.42477994705915,21.350021765417353,44.40378763648315,459.7145481274556,TRUE,109
P. vivax,model5,15016,Tucuruí,PA,2012,3,111,340793,89.20371017010326,83.09475558029155,6.108954589811717,32.820509810940955,405.23132810826485,TRUE,109
P. vivax,model5,15017,Paragominas,PA,2012,1,109,306994,125.73535639133011,90.87879544988456,34.85656094144555,34.9925405708255,465.5791318397098,TRUE,109
P. vivax,model5,15017,Paragominas,PA,2012,2,110,306994,103.91082561874174,76.66733649736176,27.24348912137998,27.84256369831332,402.96390157462343,TRUE,109
P. vivax,model5,15017,Paragominas,PA,2012,3,111,306994,74.92003101037805,68.19404343739531,6.725987572982746,24.08841866616286,335.0391212857579,TRUE,109
P. vivax,model5,15018,São Félix do Xingu,PA,2012,1,109,177935,8.992047657852586,6.356300888070366,2.6357467697822203,0.5620029786157866,36.26324219518362,TRUE,109
P. vivax,model5,15018,São Félix do Xingu,PA,2012,2,110,177935,13.48807148677888,6.677782146518617,6.810289340260263,0.26695141484249946,40.197263045494125,TRUE,109
P. vivax,model5,15018,São Félix do Xingu,PA,2012,3,111,177935,12.364065529547307,9.122468245872875,3.241597283674432,2.2480119144631465,48.065304746115146,TRUE,109
P. vivax,model5,15019,Parauapebas,PA,2012,1,109,271172,6.637853465697048,5.797388078427645,0.8404653872694032,1.1063089109495081,30.801483929019213,TRUE,109
P. vivax,model5,15019,Parauapebas,PA,2012,2,110,271172,5.90031419173071,4.650856004210445,1.2494581875202648,0.3687696369831694,26.007478648238006,TRUE,109
P. vivax,model5,15019,Parauapebas,PA,2012,3,111,271172,3.687696369831694,4.13766684624124,-0.449970476409546,0,22.33822076025546,TRUE,109
P. vivax,model5,15020,Marabá,PA,2012,1,109,295238,15.241940400625936,24.3990352466941,-9.157094846068166,8.806454453694984,110.47019692586994,TRUE,109
P. vivax,model5,15020,Marabá,PA,2012,2,110,295238,16.59677954734824,19.45655751425092,-2.85977796690268,7.273792668965376,84.8722047974854,TRUE,109
P. vivax,model5,15020,Marabá,PA,2012,3,111,295238,14.225811040584205,19.763100103163147,-5.537289062578942,6.257663308923648,97.65003150001007,TRUE,109
P. vivax,model5,15021,Redenção,PA,2012,1,109,185608,1.6163096418257832,2.8721810389538005,-1.2558713971280173,0,14.54678677643205,TRUE,109
P. vivax,model5,15021,Redenção,PA,2012,2,110,185608,2.1550795224343777,2.747142557240621,-0.5920630348062432,0,14.829640963751551,TRUE,109
P. vivax,model5,15021,Redenção,PA,2012,3,111,185608,8.620318089737511,2.75208295273426,5.868235137003251,0,15.085556657040645,TRUE,109
P. vivax,model5,15022,Conceição do Araguaia,PA,2012,1,109,142249,0,0.3024861750967953,-0.3024861750967953,0,3.1810416944934428,TRUE,109
P. vivax,model5,15022,Conceição do Araguaia,PA,2012,2,110,142249,0.7029926396670627,0.34018814845059114,0.36280449121647157,0,3.5149631983353133,TRUE,109
P. vivax,model5,15022,Conceição do Araguaia,PA,2012,3,111,142249,0,0.40079935052385485,-0.40079935052385485,0,3.8840343341605053,TRUE,109
P. vivax,model5,16001,Oiapoque,AP,2012,1,109,31004,841.8268610501871,1161.7230741081287,-319.8962130579416,436.153399561347,5831.828151206293,TRUE,109
P. vivax,model5,16001,Oiapoque,AP,2012,2,110,31004,845.05225132241,840.0765444094958,4.975706912914234,283.3505354147852,3834.4245903754345,TRUE,109
P. vivax,model5,16001,Oiapoque,AP,2012,3,111,31004,780.5444458779513,882.6395618614638,-102.09511598351253,299.1549477486776,4250.258031221775,TRUE,109
P. vivax,model5,16002,Amapá,AP,2012,1,109,25619,199.07100199071004,124.28767136387509,74.78333062683495,35.130176821890004,580.5261719817315,TRUE,109
P. vivax,model5,16002,Amapá,AP,2012,2,110,25619,160.03747218861,131.69379901615454,28.343673172455453,33.08091650727975,655.9584683242904,TRUE,109
P. vivax,model5,16002,Amapá,AP,2012,3,111,25619,187.36094305008,115.08259476202825,72.27834828805176,17.46750458643976,526.95265232835,TRUE,109
P. vivax,model5,16003,Macapá,AP,2012,1,109,569504,135.5565544754734,92.74111508715966,42.81543938831375,34.72319772995449,427.19629712872927,TRUE,109
P. vivax,model5,16003,Macapá,AP,2012,2,110,569504,111.32494240602348,73.25738043973398,38.0675619662895,29.31498286228016,333.76411754790104,TRUE,109
P. vivax,model5,16003,Macapá,AP,2012,3,111,569504,80.59644883969209,59.129812506058826,21.46663633363326,27.82684581671068,264.6908537955834,TRUE,109
P. vivax,model5,16004,Mazagão,AP,2012,1,109,72475,292.5146602276647,140.3370464059186,152.1776138217461,47.56812694032425,725.8709899965486,TRUE,109
P. vivax,model5,16004,Mazagão,AP,2012,2,110,72475,190.41048637461193,118.01369896474257,72.39678740986936,48.947913073473615,578.7167988961687,TRUE,109
P. vivax,model5,16004,Mazagão,AP,2012,3,111,72475,211.10727837185235,118.86724434898649,92.24003402286586,42.048982407726804,625.9399793032071,TRUE,109
P. vivax,model5,17001,Bico do Papagaio,TO,2012,1,109,199722,1.0013919347893572,1.2061405504261997,-0.20474861563684255,0,8.274000861197052,TRUE,109
P. vivax,model5,17001,Bico do Papagaio,TO,2012,2,110,199722,1.0013919347893572,1.06981814563659,-0.06842621084723288,0,6.771912959013016,TRUE,109
P. vivax,model5,17001,Bico do Papagaio,TO,2012,3,111,199722,0,1.056244833897973,-1.056244833897973,0,8.036170276684569,TRUE,109
P. vivax,model5,17002,Araguaína,TO,2012,1,109,286178,0.6988657409025152,0.8548376876286765,-0.15597194672616133,0,4.8920601863176065,TRUE,109
P. vivax,model5,17002,Araguaína,TO,2012,2,110,286178,1.048298611353773,0.7398623077425835,0.30843630361118934,0,3.8437615749638336,TRUE,109
P. vivax,model5,17002,Araguaína,TO,2012,3,111,286178,0.3494328704512576,0.7380027857651967,-0.38856991531393914,0,4.542627315866349,TRUE,109
P. vivax,model5,17003,Miracema do Tocantins,TO,2012,1,109,143238,0,0.1429590271375953,-0.1429590271375953,0,1.3962775241206942,TRUE,109
P. vivax,model5,17003,Miracema do Tocantins,TO,2012,2,110,143238,0,0.14480305320614306,-0.14480305320614306,0,1.3962775241206942,TRUE,109
P. vivax,model5,17003,Miracema do Tocantins,TO,2012,3,111,143238,0,0.16398250814038512,-0.16398250814038512,0,1.3962775241206942,TRUE,109
P. vivax,model5,17004,Rio Formoso,TO,2012,1,109,118053,0.8470771602585279,0.12558824322643417,0.7214889170320937,0,1.6941543205170557,TRUE,109
P. vivax,model5,17004,Rio Formoso,TO,2012,2,110,118053,0.8470771602585279,0.1329390079735153,0.7141381522850125,0,1.6941543205170557,TRUE,109
P. vivax,model5,17004,Rio Formoso,TO,2012,3,111,118053,0,0.15079647722171516,-0.15079647722171516,0,2.541231480775584,TRUE,109
P. vivax,model5,17005,Gurupi,TO,2012,1,109,139542,0,0.09630269898969597,-0.09630269898969597,0,1.433260237061243,TRUE,109
P. vivax,model5,17005,Gurupi,TO,2012,2,110,139542,0,0.10870393420341609,-0.10870393420341609,0,1.433260237061243,TRUE,109
P. vivax,model5,17005,Gurupi,TO,2012,3,111,139542,0,0.13659664285390535,-0.13659664285390535,0,2.526121167820425,TRUE,109
P. vivax,model5,17006,Porto Nacional,TO,2012,1,109,338559,0.5907389849332022,0.2604011501441473,0.33033783478905493,0,2.0675864472662075,TRUE,109
P. vivax,model5,17006,Porto Nacional,TO,2012,2,110,338559,0.2953694924666011,0.29057924486024994,0.004790247606351161,0,2.362955939732809,TRUE,109
P. vivax,model5,17006,Porto Nacional,TO,2012,3,111,338559,0,0.3714023219119536,-0.3714023219119536,0,2.6583254321994096,TRUE,109
P. vivax,model5,17007,Jalapão,TO,2012,1,109,73385,0,0.004855045849344227,-0.004855045849344227,0,0,TRUE,109
P. vivax,model5,17007,Jalapão,TO,2012,2,110,73385,0,0.00512754117911941,-0.00512754117911941,0,1.3626762962458268,TRUE,109
P. vivax,model5,17007,Jalapão,TO,2012,3,111,73385,0,0.006373908922035723,-0.006373908922035723,0,1.3626762962458268,TRUE,109
P. vivax,model5,17008,Dianópolis,TO,2012,1,109,119017,0,0.02367929708008027,-0.02367929708008027,0,0.8402161035818412,TRUE,109
P. vivax,model5,17008,Dianópolis,TO,2012,2,110,119017,0,0.028366570890581744,-0.028366570890581744,0,0.8402161035818412,TRUE,109
P. vivax,model5,17008,Dianópolis,TO,2012,3,111,119017,0,0.039199473420793926,-0.039199473420793926,0,0.8402161035818412,TRUE,109
P. vivax,model5,21001,Litoral Ocidental Maranhense,MA,2012,1,109,185387,14.024715864650704,7.60401893821065,6.420696926440054,1.3350450678850196,36.194555173771576,TRUE,109
P. vivax,model5,21001,Litoral Ocidental Maranhense,MA,2012,2,110,185387,10.248830824167822,6.430493410728068,3.818337413439754,1.0788242972808233,32.13547875525249,TRUE,109
P. vivax,model5,21001,Litoral Ocidental Maranhense,MA,2012,3,111,185387,2.6970607432020586,9.765877397661383,-7.068816654459324,3.23647289184247,47.60312211751621,FALSE,109
P. vivax,model5,21002,Aglomeração Urbana de São Luís,MA,2012,1,109,1345368,0.2973164219752514,0.25337044184772695,0.04394598012752443,0,1.6352403208638826,TRUE,109
P. vivax,model5,21002,Aglomeração Urbana de São Luís,MA,2012,2,110,1345368,0.2973164219752514,0.2483231061039494,0.048993315871301985,0,1.486582109876257,TRUE,109
P. vivax,model5,21002,Aglomeração Urbana de São Luís,MA,2012,3,111,1345368,0.1486582109876257,0.3258949455003689,-0.17723673451274322,0,1.7838985318515084,TRUE,109
P. vivax,model5,21003,Rosário,MA,2012,1,109,165969,0.6025221577523513,0.5599614276710578,0.04256073008129346,0,4.217655104266459,TRUE,109
P. vivax,model5,21003,Rosário,MA,2012,2,110,165969,1.2050443155047026,0.5398231608530291,0.6652211546516735,0,3.615132946514108,TRUE,109
P. vivax,model5,21003,Rosário,MA,2012,3,111,165969,0,0.7208256298595772,-0.7208256298595772,0,5.422699419771162,TRUE,109
P. vivax,model5,21004,Lençóis Maranhenses,MA,2012,1,109,183427,0.5451760100748527,0.24107840579877357,0.3040976042760791,0,1.6355280302245578,TRUE,109
P. vivax,model5,21004,Lençóis Maranhenses,MA,2012,2,110,183427,0.5451760100748527,0.32055064970067615,0.22462536037417657,0,2.466921445588696,TRUE,109
P. vivax,model5,21004,Lençóis Maranhenses,MA,2012,3,111,183427,0,0.5369998064672407,-0.5369998064672407,0,3.8162320705239687,TRUE,109
P. vivax,model5,21005,Baixada Maranhense,MA,2012,1,109,576587,11.966971159599506,6.362727442128403,5.604243717471103,1.9077780109506457,30.442066852010186,TRUE,109
P. vivax,model5,21005,Baixada Maranhense,MA,2012,2,110,576587,6.4170714913794455,5.329708429662304,1.0873630617171415,2.2546467402143993,27.411301330068135,TRUE,109
P. vivax,model5,21005,Baixada Maranhense,MA,2012,3,111,576587,5.8967683974838145,5.555966139729245,0.34080225775456974,1.0406061877912614,26.106207736213264,TRUE,109
P. vivax,model5,21006,Itapecuru Mirim,MA,2012,1,109,218636,0.91476243619532,0.2781261163073702,0.6366363198879499,0,2.2869060904883,TRUE,109
P. vivax,model5,21006,Itapecuru Mirim,MA,2012,2,110,218636,0,0.3463440273218449,-0.3463440273218449,0,2.7442873085859603,TRUE,109
P. vivax,model5,21006,Itapecuru Mirim,MA,2012,3,111,218636,0,0.5783209564730111,-0.5783209564730111,0,5.03119339907426,TRUE,109
P. vivax,model5,21007,Gurupi,MA,2012,1,109,227567,21.971551235460325,17.477931665948837,4.4936195695114876,5.481902033247352,74.95594703977287,TRUE,109
P. vivax,model5,21007,Gurupi,MA,2012,2,110,227567,11.864637667148576,17.425013914440207,-5.5603762472916305,3.954879222382859,78.28463705194508,TRUE,109
P. vivax,model5,21007,Gurupi,MA,2012,3,111,227567,20.2138271366235,21.91280690794869,-1.6989797713251882,6.800195107374972,91.44559624198584,TRUE,109
P. vivax,model5,21008,Pindaré,MA,2012,1,109,634376,15.290616290654121,6.135240215149499,9.155376075504623,1.7339874144040757,30.612759625206472,TRUE,109
P. vivax,model5,21008,Pindaré,MA,2012,2,110,634376,6.935949657616303,5.393245948785016,1.5427037088312865,1.4108352144469531,24.299469084580736,TRUE,109
P. vivax,model5,21008,Pindaré,MA,2012,3,111,634376,8.19703141354654,6.094951702856406,2.102079710690134,1.4187169754215165,27.66892190120685,TRUE,109
P. vivax,model5,21009,Imperatriz,MA,2012,1,109,575448,5.73466238478542,2.0683710882768005,3.666291296508619,0.08254438281130552,10.170336850592925,TRUE,109
P. vivax,model5,21009,Imperatriz,MA,2012,2,110,575448,2.432887072333208,1.8059148842725983,0.6269721880606096,0.17377764802380058,8.68888240119003,TRUE,109
P. vivax,model5,21009,Imperatriz,MA,2012,3,111,575448,2.606664720357009,1.796101298237148,0.810563422119861,0,10.270258998206598,TRUE,109
P. vivax,model5,21010,Médio Mearim,MA,2012,1,109,414136,2.4146657136785983,1.5922817840320818,0.8223839296465165,0,8.831639847779456,TRUE,109
P. vivax,model5,21010,Médio Mearim,MA,2012,2,110,414136,2.897598856414318,1.4730306835185634,1.4245681728957547,0,8.819566519211074,TRUE,109
P. vivax,model5,21010,Médio Mearim,MA,2012,3,111,414136,3.3805319991500378,1.7858781289030468,1.594653870246991,0,9.785432804682515,TRUE,109
P. vivax,model5,21011,Alto Mearim e Grajaú,MA,2012,1,109,316734,7.261613846318992,2.494748343717334,4.766865502601658,0,12.47892553372861,TRUE,109
P. vivax,model5,21011,Alto Mearim e Grajaú,MA,2012,2,110,316734,5.0515574583088645,2.175082803774093,2.8764746545347717,0,13.576060669205075,TRUE,109
P. vivax,model5,21011,Alto Mearim e Grajaú,MA,2012,3,111,316734,3.472945752587345,2.37563453915319,1.0973112134341552,0,14.057537239450133,TRUE,109
P. vivax,model5,21012,Presidente Dutra,MA,2012,1,109,192964,5.700545179411704,1.7488556636090702,3.951689515802634,0,9.082004933562725,TRUE,109
P. vivax,model5,21012,Presidente Dutra,MA,2012,2,110,192964,1.0364627598930372,1.7652007958539515,-0.7287380359609144,0,8.291702079144297,TRUE,109
P. vivax,model5,21012,Presidente Dutra,MA,2012,3,111,192964,0.5182313799465186,2.291906686716285,-1.7736753067697666,0,10.882858978876888,TRUE,109
P. vivax,model5,21013,Baixo Parnaíba Maranhense,MA,2012,1,109,141956,1.4088872608413874,0.7686782372976938,0.6402090235436936,0,6.339992673786244,TRUE,109
P. vivax,model5,21013,Baixo Parnaíba Maranhense,MA,2012,2,110,141956,3.522218152103469,0.6921399807867876,2.830078171316681,0,6.005381949336398,TRUE,109
P. vivax,model5,21013,Baixo Parnaíba Maranhense,MA,2012,3,111,141956,1.4088872608413874,0.7433677408818188,0.6655195199595686,0,5.6355490433655495,TRUE,109
P. vivax,model5,21014,Chapadinha,MA,2012,1,109,225548,0.44336460531682836,0.337892228933827,0.10547237638300139,0,2.6601876319009703,TRUE,109
P. vivax,model5,21014,Chapadinha,MA,2012,2,110,225548,0.44336460531682836,0.3071527779913015,0.1362118273255269,0,2.6601876319009703,TRUE,109
P. vivax,model5,21014,Chapadinha,MA,2012,3,111,225548,0.8867292106336567,0.3232016246998068,0.56352758593385,0,2.2168230265841418,TRUE,109
P. vivax,model5,21015,Codó,MA,2012,1,109,267789,1.4937133340055042,0.4433593615998786,1.0503539724056257,0,3.1834765430992222,TRUE,109
P. vivax,model5,21015,Codó,MA,2012,2,110,267789,0.37342833350137605,0.4501438695580261,-0.07671553605665005,0,3.1834765430992222,TRUE,109
P. vivax,model5,21015,Codó,MA,2012,3,111,267789,0.7468566670027521,0.6064279595238328,0.14042870747891933,0,4.677189877104727,TRUE,109
P. vivax,model5,21016,Coelho Neto,MA,2012,1,109,89087,0,0.2046090150227412,-0.2046090150227412,0,2.2449964641305686,TRUE,109
P. vivax,model5,21016,Coelho Neto,MA,2012,2,110,89087,0,0.168056975158548,-0.168056975158548,0,2.834308035964818,TRUE,109
P. vivax,model5,21016,Coelho Neto,MA,2012,3,111,89087,0,0.1503099353876364,-0.1503099353876364,0,2.2449964641305686,TRUE,109
P. vivax,model5,21017,Caxias,MA,2012,1,109,424136,1.1788671558179453,0.6380152588054768,0.5408518970124685,0,4.008148329781013,TRUE,109
P. vivax,model5,21017,Caxias,MA,2012,2,110,424136,0.4715468623271781,0.6385021496585814,-0.16695528733140336,0,3.8961559499783034,TRUE,109
P. vivax,model5,21017,Caxias,MA,2012,3,111,424136,0.7073202934907671,0.7475709626599288,-0.04025066916916176,0,4.83924967463266,TRUE,109
P. vivax,model5,21018,Chapadas do Alto Itapecuru,MA,2012,1,109,212427,0.47074995174812995,0.5232012719478171,-0.052451320199687124,0,3.7659996139850396,TRUE,109
P. vivax,model5,21018,Chapadas do Alto Itapecuru,MA,2012,2,110,212427,0,0.4154402130575216,-0.4154402130575216,0,3.2952496622369094,TRUE,109
P. vivax,model5,21018,Chapadas do Alto Itapecuru,MA,2012,3,111,212427,0.47074995174812995,0.4337555873762882,0.036994364371841726,0,3.2952496622369094,TRUE,109
P. vivax,model5,21019,Porto Franco,MA,2012,1,109,112995,1.7699898225585204,0.9644424714671144,0.8055473510914061,0,7.544581618655673,TRUE,109
P. vivax,model5,21019,Porto Franco,MA,2012,2,110,112995,1.7699898225585204,0.7742555106304996,0.9957343119280209,0,6.659586707376413,TRUE,109
P. vivax,model5,21019,Porto Franco,MA,2012,3,111,112995,0,0.7829946097044899,-0.7829946097044899,0,6.194964378954821,TRUE,109
P. vivax,model5,21020,Gerais de Balsas,MA,2012,1,109,134229,0,0.022438666885650972,-0.022438666885650972,0,0.7449954927772686,TRUE,109
P. vivax,model5,21020,Gerais de Balsas,MA,2012,2,110,134229,0,0.020229064194081353,-0.020229064194081353,0,0.7449954927772686,TRUE,109
P. vivax,model5,21020,Gerais de Balsas,MA,2012,3,111,134229,0,0.023655806798520942,-0.023655806798520942,0,0.7449954927772686,TRUE,109
P. vivax,model5,21021,Chapadas das Mangabeiras,MA,2012,1,109,69548,0,0.19088259877290795,-0.19088259877290795,0,2.8757117386553173,TRUE,109
P. vivax,model5,21021,Chapadas das Mangabeiras,MA,2012,2,110,69548,0,0.16409639677878446,-0.16409639677878446,0,2.8757117386553173,TRUE,109
P. vivax,model5,21021,Chapadas das Mangabeiras,MA,2012,3,111,69548,0,0.19398163543415625,-0.19398163543415625,0,2.8757117386553173,TRUE,109
P. vivax,model5,51001,Aripuanã,MT,2012,1,109,143796,33.38062254861053,34.65604181486437,-1.2754192662538415,12.15263289660352,180.62046232162214,TRUE,109
P. vivax,model5,51001,Aripuanã,MT,2012,2,110,143796,25.730896547887284,31.16781051666038,-5.436913968773098,9.736014910011406,179.82071823972782,TRUE,109
P. vivax,model5,51001,Aripuanã,MT,2012,3,111,143796,15.99488163787588,32.39389993988077,-16.39901830200489,10.43144454644079,183.4021808673397,TRUE,109
P. vivax,model5,51002,Alta Floresta,MT,2012,1,109,100528,13.926468247652394,16.196669916877642,-2.270201669225248,1.9894954639503424,74.65581728473654,TRUE,109
P. vivax,model5,51002,Alta Floresta,MT,2012,2,110,100528,11.936972783702053,11.895265408349214,0.04170737535283919,0.9947477319751712,57.84458061435606,TRUE,109
P. vivax,model5,51002,Alta Floresta,MT,2012,3,111,100528,4.973738659875855,9.978724677215894,-5.0049860173400385,0.9947477319751712,47.275385962119984,TRUE,109
P. vivax,model5,51003,Colíder,MT,2012,1,109,145783,22.63638421489474,14.030531813567817,8.605852401326922,2.0578531104449764,74.47713382218772,TRUE,109
P. vivax,model5,51003,Colíder,MT,2012,2,110,145783,26.066139398969703,11.61320823291953,14.452931166050174,2.0578531104449764,58.37443323295577,TRUE,109
P. vivax,model5,51003,Colíder,MT,2012,3,111,145783,16.46282488355981,11.839589419126266,4.623235464433545,2.7438041472599686,58.01430893862792,TRUE,109
P. vivax,model5,51004,Parecis,MT,2012,1,109,93467,4.279585308183637,1.0097043379866637,3.269880970196973,0,8.559170616367274,TRUE,109
P. vivax,model5,51004,Parecis,MT,2012,2,110,93467,1.0698963270459092,1.1675846041903768,-0.0976882771444676,0,9.120866188066351,TRUE,109
P. vivax,model5,51004,Parecis,MT,2012,3,111,93467,3.2096889811377274,1.5286325433967767,1.6810564377409507,0,10.190762515112262,TRUE,109
P. vivax,model5,51005,Arinos,MT,2012,1,109,76872,1.3008637735456343,0.486281162471102,0.8145826110745323,0,5.203455094182537,TRUE,109
P. vivax,model5,51005,Arinos,MT,2012,2,110,76872,2.6017275470912686,0.42280922821388955,2.178918318877379,0,3.902591320636903,TRUE,109
P. vivax,model5,51005,Arinos,MT,2012,3,111,76872,0,0.5018210748311355,-0.5018210748311355,0,3.902591320636903,TRUE,109
P. vivax,model5,51006,Alto Teles Pires,MT,2012,1,109,204751,2.4419905153088384,1.1375213933619879,1.3044691219468505,0,8.070778653095699,TRUE,109
P. vivax,model5,51006,Alto Teles Pires,MT,2012,2,110,204751,0.9767962061235353,1.1626745998619041,-0.18587839373836879,0,7.582380550033932,TRUE,109
P. vivax,model5,51006,Alto Teles Pires,MT,2012,3,111,204751,0.4883981030617677,1.1838470975167037,-0.695448994454936,0,8.559176756157466,TRUE,109
P. vivax,model5,51007,Sinop,MT,2012,1,109,179412,2.7868815909749625,3.2425319032232913,-0.45565031224832886,0,16.72128954584978,TRUE,109
P. vivax,model5,51007,Sinop,MT,2012,2,110,179412,0.5573763181949926,3.301731242726157,-2.7443549245311645,0,16.456535794707143,TRUE,109
P. vivax,model5,51007,Sinop,MT,2012,3,111,179412,2.2295052727799702,3.6360805815468313,-1.406575308766861,0,16.163913227654785,TRUE,109
P. vivax,model5,51008,Paranatinga,MT,2012,1,109,33544,0,0.06657210030353793,-0.06657210030353793,0,2.981159074648223,TRUE,109
P. vivax,model5,51008,Paranatinga,MT,2012,2,110,33544,0,0.05782274048385581,-0.05782274048385581,0,2.981159074648223,TRUE,109
P. vivax,model5,51008,Paranatinga,MT,2012,3,111,33544,0,0.05843291465334698,-0.05843291465334698,0,2.981159074648223,TRUE,109
P. vivax,model5,51009,Norte Araguaia,MT,2012,1,109,115959,0.8623737700394105,0.24333172727561253,0.6190420427637979,0,2.5871213101182313,TRUE,109
P. vivax,model5,51009,Norte Araguaia,MT,2012,2,110,115959,0,0.23027820121039871,-0.23027820121039871,0,2.5871213101182313,TRUE,109
P. vivax,model5,51009,Norte Araguaia,MT,2012,3,111,115959,0,0.2889926465400578,-0.2889926465400578,0,3.0398675393889025,TRUE,109
P. vivax,model5,51010,Canarana,MT,2012,1,109,102483,0,2.571262685663559,-2.571262685663559,0,17.612677224515238,TRUE,109
P. vivax,model5,51010,Canarana,MT,2012,2,110,102483,0,2.693111008739928,-2.693111008739928,0,17.56388864494599,TRUE,109
P. vivax,model5,51010,Canarana,MT,2012,3,111,102483,0,2.47779825111172,-2.47779825111172,0,16.12462554765178,TRUE,109
P. vivax,model5,51011,Médio Araguaia,MT,2012,1,109,65908,0,0.07050042093942921,-0.07050042093942921,0,1.5172664926867756,TRUE,109
P. vivax,model5,51011,Médio Araguaia,MT,2012,2,110,65908,0,0.05536893101653302,-0.05536893101653302,0,1.5172664926867756,TRUE,109
P. vivax,model5,51011,Médio Araguaia,MT,2012,3,111,65908,0,0.05446280459031674,-0.05446280459031674,0,1.5172664926867756,TRUE,109
P. vivax,model5,51012,Alto Guaporé,MT,2012,1,109,69039,4.345370008256203,2.3894934697105805,1.9558765385456223,0,18.141919784469614,TRUE,109
P. vivax,model5,51012,Alto Guaporé,MT,2012,2,110,69039,2.896913338837469,2.069324294358048,0.8275890444794207,0,14.484566694187345,TRUE,109
P. vivax,model5,51012,Alto Guaporé,MT,2012,3,111,69039,0,2.1061567460208876,-2.1061567460208876,0,17.38148003302481,TRUE,109
P. vivax,model5,51013,Tangará da Serra,MT,2012,1,109,149801,1.335104572065607,0.3832211930265073,0.9518833790390997,0,2.670209144131214,TRUE,109
P. vivax,model5,51013,Tangará da Serra,MT,2012,2,110,149801,1.335104572065607,0.3754564089378495,0.9596481631277575,0,3.3377614301640177,TRUE,109
P. vivax,model5,51013,Tangará da Serra,MT,2012,3,111,149801,0.6675522860328035,0.4089654028718194,0.2585868831609841,0,4.6728660022296244,TRUE,109
P. vivax,model5,51014,Jauru,MT,2012,1,109,107679,4.643430938251655,0.34070464071479184,4.302726297536863,0,3.7147447506013247,FALSE,109
P. vivax,model5,51014,Jauru,MT,2012,2,110,107679,0,0.27152130165289995,-0.27152130165289995,0,2.786058562950993,TRUE,109
P. vivax,model5,51014,Jauru,MT,2012,3,111,107679,0,0.25506932109307723,-0.25506932109307723,0,2.786058562950993,TRUE,109
P. vivax,model5,51015,Alto Paraguai,MT,2012,1,109,32743,0,0.20218514939469592,-0.20218514939469592,0,3.0540878966496656,TRUE,109
P. vivax,model5,51015,Alto Paraguai,MT,2012,2,110,32743,0,0.167778343883209,-0.167778343883209,0,3.0540878966496656,TRUE,109
P. vivax,model5,51015,Alto Paraguai,MT,2012,3,111,32743,3.0540878966496656,0.17957966059831182,2.8745082360513536,0,3.0540878966496656,TRUE,109
P. vivax,model5,51016,Rosário Oeste,MT,2012,1,109,30778,0,0.03473538262331993,-0.03473538262331993,0,0,TRUE,109
P. vivax,model5,51016,Rosário Oeste,MT,2012,2,110,30778,0,0.02984901286339718,-0.02984901286339718,0,0,TRUE,109
P. vivax,model5,51016,Rosário Oeste,MT,2012,3,111,30778,0,0.034567504706481386,-0.034567504706481386,0,3.2490740139060366,TRUE,109
P. vivax,model5,51017,Cuiabá,MT,2012,1,109,868141,1.2670752792461133,0.9297253020378468,0.33734997720826654,0.11518866174964665,5.128775164403015,TRUE,109
P. vivax,model5,51017,Cuiabá,MT,2012,2,110,868141,0.5759433087482333,0.7698052759182197,-0.19386196716998638,0,3.9768885469065482,TRUE,109
P. vivax,model5,51017,Cuiabá,MT,2012,3,111,868141,1.0366979557468199,0.7645845779374373,0.2721133778093826,0,4.613305903073343,TRUE,109
P. vivax,model5,51018,Alto Pantanal,MT,2012,1,109,133324,0,0.2526023406750353,-0.2526023406750353,0,2.250157511025772,TRUE,109
P. vivax,model5,51018,Alto Pantanal,MT,2012,2,110,133324,0,0.24449711702630458,-0.24449711702630458,0,2.250157511025772,TRUE,109
P. vivax,model5,51018,Alto Pantanal,MT,2012,3,111,133324,0,0.2704794309410539,-0.2704794309410539,0,3.0002100147010293,TRUE,109
P. vivax,model5,51019,Primavera do Leste,MT,2012,1,109,87669,0,0.23687652205287163,-0.23687652205287163,0,2.2813081020657244,TRUE,109
P. vivax,model5,51019,Primavera do Leste,MT,2012,2,110,87669,1.1406540510328622,0.20623373893626895,0.9344203120965933,0,2.2813081020657244,TRUE,109
P. vivax,model5,51019,Primavera do Leste,MT,2012,3,111,87669,1.1406540510328622,0.21013284655845457,0.9305212044744077,0,2.2813081020657244,TRUE,109
P. vivax,model5,51020,Tesouro,MT,2012,1,109,54567,0,0.17142584378938572,-0.17142584378938572,0,3.665218905199113,TRUE,109
P. vivax,model5,51020,Tesouro,MT,2012,2,110,54567,0,0.172043858352528,-0.172043858352528,0,3.665218905199113,TRUE,109
P. vivax,model5,51020,Tesouro,MT,2012,3,111,54567,0,0.19650848543041266,-0.19650848543041266,0,3.665218905199113,TRUE,109
P. vivax,model5,51021,Rondonópolis,MT,2012,1,109,283538,0.35268641240327575,0.47485310866982533,-0.12216669626654958,0,3.5268641240327576,TRUE,109
P. vivax,model5,51021,Rondonópolis,MT,2012,2,110,283538,0,0.4388910468371164,-0.4388910468371164,0,3.5268641240327576,TRUE,109
P. vivax,model5,51021,Rondonópolis,MT,2012,3,111,283538,0,0.4323438946824698,-0.4323438946824698,0,3.3593380781411932,TRUE,109
P. vivax,model5,51022,Alto Araguaia,MT,2012,1,109,35554,0,0.006345524368388705,-0.006345524368388705,0,0,TRUE,109
P. vivax,model5,51022,Alto Araguaia,MT,2012,2,110,35554,0,0.006057857497574593,-0.006057857497574593,0,0,TRUE,109
P. vivax,model5,51022,Alto Araguaia,MT,2012,3,111,35554,2.8126230522585365,0.0065150875024119,2.8061079647561247,0,0,FALSE,109
P. vivax,model5,11001,Porto Velho,RO,2013,1,121,613757,233.80588734629504,315.77641460221963,-81.9705272559246,152.23858953950833,1668.0909545634463,TRUE,121
P. vivax,model5,11001,Porto Velho,RO,2013,2,122,613757,167.16713617930225,261.0222941915079,-93.85515801220566,128.955759364048,1344.7341537448835,TRUE,121
P. vivax,model5,11001,Porto Velho,RO,2013,3,123,613757,164.56024126812403,292.65301149725656,-128.09277022913253,136.4505822336853,1503.09894632566,TRUE,121
P. vivax,model5,11002,Guajará-Mirim,RO,2013,1,121,79879,95.14390515654928,115.63182294713617,-20.48791779058689,43.15902802989522,513.7144931709206,TRUE,121
P. vivax,model5,11002,Guajará-Mirim,RO,2013,2,122,79879,71.35792886741197,93.20639622216174,-21.848467354749772,38.80869815596089,442.85732169906896,TRUE,121
P. vivax,model5,11002,Guajará-Mirim,RO,2013,3,123,79879,76.36550282301981,107.9020165811887,-31.536513758168894,37.55680466705893,462.7311308353884,TRUE,121
P. vivax,model5,11003,Ariquemes,RO,2013,1,121,192354,86.81909396217391,124.8010977040929,-37.98200374191899,53.52111211620242,533.9634216080763,TRUE,121
P. vivax,model5,11003,Ariquemes,RO,2013,2,122,192354,54.586855485199166,106.86131752262291,-52.274462037423746,38.44474250600456,481.71600278652824,TRUE,121
P. vivax,model5,11003,Ariquemes,RO,2013,3,123,192354,58.22597918421244,111.52880187279858,-53.30282268858614,42.083866205017834,514.4811129480022,TRUE,121
P. vivax,model5,11004,Ji-Paraná,RO,2013,1,121,315964,14.875112354572039,19.340661674838504,-4.465549320266465,6.962818548948615,90.79357141952869,TRUE,121
P. vivax,model5,11004,Ji-Paraná,RO,2013,2,122,315964,8.228785557848362,15.975451271687277,-7.746665713838915,4.8977098656809,85.3815624564823,TRUE,121
P. vivax,model5,11004,Ji-Paraná,RO,2013,3,123,315964,8.861769062298237,16.99922860250582,-8.137459540207583,6.314010456887494,84.53494701928065,TRUE,121
P. vivax,model5,11005,Alvorada D'Oeste,RO,2013,1,121,74999,6.666755556740757,13.975443684841943,-7.308688128101187,1.3333511113481513,73.53431379085036,TRUE,121
P. vivax,model5,11005,Alvorada D'Oeste,RO,2013,2,122,74999,4.000053334044454,11.322395806944138,-7.322342472899685,1.3333511113481513,64.76753023373637,TRUE,121
P. vivax,model5,11005,Alvorada D'Oeste,RO,2013,3,123,74999,6.666755556740757,12.066941785896333,-5.400186229155576,1.3333511113481513,64.70086267816902,TRUE,121
P. vivax,model5,11006,Cacoal,RO,2013,1,121,246464,12.577901843676967,9.695519181437025,2.8823826622399427,2.8198844455985475,50.35218125162292,TRUE,121
P. vivax,model5,11006,Cacoal,RO,2013,2,122,246464,7.709036613866528,8.708222570505535,-0.9991859566390078,2.0286938457543497,43.00830952999221,TRUE,121
P. vivax,model5,11006,Cacoal,RO,2013,3,123,246464,5.274603998961309,10.608521959302918,-5.3339179603416085,2.414145676447677,49.50012983640613,TRUE,121
P. vivax,model5,11007,Vilhena,RO,2013,1,121,149595,6.68471539824192,8.819102108932771,-2.134386710690851,1.336943079648384,44.85444032220322,TRUE,121
P. vivax,model5,11007,Vilhena,RO,2013,2,122,149595,1.336943079648384,7.942727064364952,-6.6057839847165685,0,39.47324442661851,TRUE,121
P. vivax,model5,11007,Vilhena,RO,2013,3,123,149595,3.34235769912096,9.129871988982115,-5.787514289861155,0.668471539824192,40.84361108325807,TRUE,121
P. vivax,model5,11008,Colorado do Oeste,RO,2013,1,121,55202,10.869171406833086,4.823550369846938,6.045621036986148,0,33.55856671859711,TRUE,121
P. vivax,model5,11008,Colorado do Oeste,RO,2013,2,122,55202,3.623057135611029,3.8577536240245003,-0.23469648841347146,0,26.31245244737505,TRUE,121
P. vivax,model5,11008,Colorado do Oeste,RO,2013,3,123,55202,5.434585703416543,4.0420829064846195,1.3925027969319235,0,25.3613999492772,TRUE,121
P. vivax,model5,12001,Cruzeiro do Sul,AC,2013,1,121,138755,1669.1290403949406,1303.548654184087,365.5803862108537,669.4893877698102,5193.920939785952,TRUE,121
P. vivax,model5,12001,Cruzeiro do Sul,AC,2013,2,122,138755,1491.11743720947,953.2051145876499,537.9123226218201,480.55925912579727,3702.5872941515618,TRUE,121
P. vivax,model5,12001,Cruzeiro do Sul,AC,2013,3,123,138755,1169.6875788259883,976.479963828611,193.2076149973774,510.21584807754675,3860.8158264567,TRUE,121
P. vivax,model5,12002,Tarauacá,AC,2013,1,121,77129,111.50151045650793,74.74167087582751,36.75983958068042,22.656847618924143,358.52273463937036,TRUE,121
P. vivax,model5,12002,Tarauacá,AC,2013,2,122,77129,75.1986930985751,59.167654145483624,16.031038953091482,22.040996253030638,275.5448663926668,TRUE,121
P. vivax,model5,12002,Tarauacá,AC,2013,3,123,77129,53.15769684554448,61.21048740555068,-8.052790560006201,21.3603184275694,280.50409054959835,TRUE,121
P. vivax,model5,12003,Sena Madureira,AC,2013,1,121,54071,1.8494202067651793,1.725229409568617,0.12419079719656234,0,13.916887055907932,TRUE,121
P. vivax,model5,12003,Sena Madureira,AC,2013,2,122,54071,3.6988404135303585,1.564131919803686,2.1347084937266727,0,12.067466849142752,TRUE,121
P. vivax,model5,12003,Sena Madureira,AC,2013,3,123,54071,1.8494202067651793,1.6097528129800995,0.23966739378507973,0,12.945941447356255,TRUE,121
P. vivax,model5,12004,Rio Branco,AC,2013,1,121,444009,19.14375609503411,15.326878509452818,3.8168775855812918,5.737496312011694,72.37465907222594,TRUE,121
P. vivax,model5,12004,Rio Branco,AC,2013,2,122,444009,20.495080054683577,12.761534928858133,7.733545125825444,3.4740286795988378,55.75900488503609,TRUE,121
P. vivax,model5,12004,Rio Branco,AC,2013,3,123,444009,14.188901576319399,15.823600385594645,-1.6346988092752461,4.954854518714711,68.81054212865054,TRUE,121
P. vivax,model5,12005,Brasiléia,AC,2013,1,121,62499,11.200179202867247,5.153658030022719,6.046521172844528,0,33.600537608601734,TRUE,121
P. vivax,model5,12005,Brasiléia,AC,2013,2,122,62499,4.800076801228819,3.643129352323471,1.1569474489053482,0,24.0003840061441,TRUE,121
P. vivax,model5,12005,Brasiléia,AC,2013,3,123,62499,3.200051200819213,3.415655503686599,-0.2156043028673862,0,20.800332805324885,TRUE,121
P. vivax,model5,13001,Rio Negro,AM,2013,1,121,106390,831.8450982235173,472.5905168303415,359.2545813931758,213.31892095121722,1953.9900366575791,TRUE,121
P. vivax,model5,13001,Rio Negro,AM,2013,2,122,106390,990.6946141554656,377.16304478589535,613.5315693695702,159.29598646489336,1611.9936084218443,TRUE,121
P. vivax,model5,13001,Rio Negro,AM,2013,3,123,106390,887.3014381050851,447.55338270220926,439.7480554028759,203.96653820847826,1841.1974809662556,TRUE,121
P. vivax,model5,13002,Japurá,AM,2013,1,121,24393,159.8819333415324,147.34185962203512,12.540073719497286,42.942647480834665,715.4716517033575,TRUE,121
P. vivax,model5,13002,Japurá,AM,2013,2,122,24393,135.2847128274505,112.52252709770839,22.762185729742114,24.59722051408191,539.3965481900542,TRUE,121
P. vivax,model5,13002,Japurá,AM,2013,3,123,24393,131.1851760751035,144.82327986646766,-13.63810379136416,45.09490427581683,604.7841593899889,TRUE,121
P. vivax,model5,13003,Alto Solimões,AM,2013,1,121,240175,286.4577911939211,292.1277866913959,-5.669995497474815,125.22119288019152,1706.3911731029452,TRUE,121
P. vivax,model5,13003,Alto Solimões,AM,2013,2,122,240175,341.41771624856875,392.2990467709132,-50.881330522344456,168.3980430935776,2213.469345269073,TRUE,121
P. vivax,model5,13003,Alto Solimões,AM,2013,3,123,240175,543.7701675861351,506.46795638539055,37.30221120074458,215.61361507234307,2652.9613823253826,TRUE,121
P. vivax,model5,13004,Juruá,AM,2013,1,121,139876,571.2202236266407,577.2813793840526,-6.061155757411825,217.29960822442737,2940.568789499266,TRUE,121
P. vivax,model5,13004,Juruá,AM,2013,2,122,139876,514.7416282993509,526.7663232503689,-12.024694951018091,197.65721067230976,2801.7136606708764,TRUE,121
P. vivax,model5,13004,Juruá,AM,2013,3,123,139876,993.7373101890246,697.5177347976067,296.21957539141783,282.3214847436301,3587.641911407239,TRUE,121
P. vivax,model5,13005,Tefé,AM,2013,1,121,90852,157.39884647558668,192.15880169514304,-34.75995521955636,88.0002641658962,800.2575617487782,TRUE,121
P. vivax,model5,13005,Tefé,AM,2013,2,122,90852,112.27050587769118,191.3602482111025,-79.08974233341131,93.50372033637125,786.6089904459984,TRUE,121
P. vivax,model5,13005,Tefé,AM,2013,3,123,90852,186.01681856205695,250.02402703062228,-64.00720846856532,119.97534451635627,1028.018095363888,TRUE,121
P. vivax,model5,13006,Coari,AM,2013,1,121,166344,85.9664310104362,75.47906260420378,10.48736840623242,29.90790169768673,338.1246092434951,TRUE,121
P. vivax,model5,13006,Coari,AM,2013,2,122,166344,62.52104073486269,86.22496537407396,-23.703924639211273,35.97965661520705,373.668422065118,TRUE,121
P. vivax,model5,13006,Coari,AM,2013,3,123,166344,55.30707449622469,116.53889755589141,-61.231823059666716,47.94281729428174,511.31991535612923,TRUE,121
P. vivax,model5,13007,Manaus,AM,2013,1,121,2242712,52.39192549021007,50.91253574651943,1.4793897436906391,22.049197578645856,225.01663164953823,TRUE,121
P. vivax,model5,13007,Manaus,AM,2013,2,122,2242712,38.79231929913426,42.09501008360394,-3.302690784469675,18.060722910476247,192.1100435544105,TRUE,121
P. vivax,model5,13007,Manaus,AM,2013,3,123,2242712,27.332979000424487,47.55769376026797,-20.224714759843486,20.776185261415645,222.23205654582458,TRUE,121
P. vivax,model5,13008,Rio Preto da Eva,AM,2013,1,121,59977,498.5244343665072,227.07894236409814,271.4454920024091,110.0421828367541,983.793787618587,TRUE,121
P. vivax,model5,13008,Rio Preto da Eva,AM,2013,2,122,59977,301.78234990079534,151.0713007015229,150.71104919927245,67.48420227753974,638.8282174833685,TRUE,121
P. vivax,model5,13008,Rio Preto da Eva,AM,2013,3,123,59977,248.42856428297515,137.10182428641465,111.32673999656049,55.72969638361373,583.7237607749635,TRUE,121
P. vivax,model5,13009,Itacoatiara,AM,2013,1,121,165918,12.05414722935426,9.804420456837402,2.2497267725168584,1.777986716329755,44.60034474861076,TRUE,121
P. vivax,model5,13009,Itacoatiara,AM,2013,2,122,165918,9.643317783483408,6.92224950452395,2.721068278959458,0,34.09816897503582,TRUE,121
P. vivax,model5,13009,Itacoatiara,AM,2013,3,123,165918,7.835195699080268,6.468948290672343,1.3662474084079248,0,31.370918164394432,TRUE,121
P. vivax,model5,13010,Parintins,AM,2013,1,121,262719,12.560949150994027,7.043120671517934,5.517828479476093,0.9420711863245526,32.73459475713595,TRUE,121
P. vivax,model5,13010,Parintins,AM,2013,2,122,262719,7.993331277905291,5.488339493793382,2.504991784111909,0.3806348227573948,26.663469334155486,TRUE,121
P. vivax,model5,13010,Parintins,AM,2013,3,123,262719,18.270471492354947,6.197283409889119,12.073188082465828,1.5225392910295792,30.07015099783419,TRUE,121
P. vivax,model5,13011,Boca do Acre,AM,2013,1,121,51941,80.86097687761114,111.00565948139987,-30.144682603788738,35.56920351937776,519.9168287094973,TRUE,121
P. vivax,model5,13011,Boca do Acre,AM,2013,2,122,51941,63.53362468955161,98.54971280172661,-35.016088112175005,40.43048843880557,454.3135480641489,TRUE,121
P. vivax,model5,13011,Boca do Acre,AM,2013,3,123,51941,125.14198802487438,117.38865167852983,7.753336346344554,41.34498758206427,498.8352168806914,TRUE,121
P. vivax,model5,13012,Purus,AM,2013,1,121,74737,385.35129855359463,225.1189113838874,160.23238716970724,95.56846006663368,1147.858490439806,TRUE,121
P. vivax,model5,13012,Purus,AM,2013,2,122,74737,351.90066499859506,236.01887475077672,115.88179024781834,93.59487268688869,1232.7896490359522,TRUE,121
P. vivax,model5,13012,Purus,AM,2013,3,123,74737,382.67524786919466,399.64145666865636,-16.966208799461697,174.94681349264755,2016.2703881611508,TRUE,121
P. vivax,model5,13013,Madeira,AM,2013,1,121,181887,98.96254267759653,58.56273391685457,40.39980876074196,19.50386778604298,259.11692424417345,TRUE,121
P. vivax,model5,13013,Madeira,AM,2013,2,122,181887,83.0185774684282,59.45163437812143,23.566943090306772,21.90920736501235,239.37939489903053,TRUE,121
P. vivax,model5,13013,Madeira,AM,2013,3,123,181887,63.226068932908895,80.21257442697632,-16.986505494067423,29.63378361290252,350.2999114835034,TRUE,121
P. vivax,model5,14001,Boa Vista,RR,2013,1,121,347279,149.44756233460703,96.29112489209972,53.15643744250731,41.73877487553236,404.57384408501497,TRUE,121
P. vivax,model5,14001,Boa Vista,RR,2013,2,122,347279,110.86187186671236,74.08688367174767,36.77498819496469,31.811598167467658,328.72704655334746,TRUE,121
P. vivax,model5,14001,Boa Vista,RR,2013,3,123,347279,119.78841219883725,77.19774032757962,42.590671871257626,36.99475061837889,318.0655899147372,TRUE,121
P. vivax,model5,14002,Nordeste de Roraima,RR,2013,1,121,45799,137.5575885936374,288.5332337464887,-150.97564515285129,113.53959693443088,1372.4644642896133,TRUE,121
P. vivax,model5,14002,Nordeste de Roraima,RR,2013,2,122,45799,100.43887421122733,242.0310521474218,-141.59217793619447,99.29256097294703,1156.848402803552,TRUE,121
P. vivax,model5,14002,Nordeste de Roraima,RR,2013,3,123,45799,128.82377344483504,217.78351236114577,-88.95973891631073,94.92565339854582,1014.4326295333947,TRUE,121
P. vivax,model5,14003,Caracaraí,RR,2013,1,121,45348,205.08070918232335,210.06074089459014,-4.980031712266793,78.1181088471377,891.5497927141214,TRUE,121
P. vivax,model5,14003,Caracaraí,RR,2013,2,122,45348,110.25844579694805,155.30153001207378,-45.04308421512573,39.693040486901296,686.1383081944074,TRUE,121
P. vivax,model5,14003,Caracaraí,RR,2013,3,123,45348,121.28429037664284,153.88824356362502,-32.60395318698218,47.24574402399225,639.8297609596892,TRUE,121
P. vivax,model5,14004,Sudeste de Roraima,RR,2013,1,121,49646,338.3958425653628,279.814603346589,58.58123921877376,118.84139709140717,1289.98308020787,TRUE,121
P. vivax,model5,14004,Sudeste de Roraima,RR,2013,2,122,49646,308.18192805059823,192.65179565413226,115.53013239646597,69.34093381138462,871.7217902751476,TRUE,121
P. vivax,model5,14004,Sudeste de Roraima,RR,2013,3,123,49646,350.48140837126857,206.7239563149688,143.75745205629977,59.370342021512315,958.3350118841392,TRUE,121
P. vivax,model5,15001,Óbidos,PA,2013,1,121,193769,4.12862738621761,1.925768745121247,2.2028586410963626,0,9.56035279121014,TRUE,121
P. vivax,model5,15001,Óbidos,PA,2013,2,122,193769,5.160784232772012,1.5161794746192105,3.644604758152801,0,8.77333319571242,TRUE,121
P. vivax,model5,15001,Óbidos,PA,2013,3,123,193769,5.676862656049213,1.8310007354866482,3.845861920562565,0,12.656823330873348,TRUE,121
P. vivax,model5,15002,Santarém,PA,2013,1,121,499965,16.801176082325764,18.52016297394787,-1.7189868916221052,6.190433330333124,86.2110347724338,TRUE,121
P. vivax,model5,15002,Santarém,PA,2013,2,122,499965,18.201274089186242,17.93506840413235,0.26620568505389386,5.790405328372987,86.32104247297309,TRUE,121
P. vivax,model5,15002,Santarém,PA,2013,3,123,499965,13.600952066644664,20.719792617968814,-7.1188405513241495,6.29544068084766,100.59704179292515,TRUE,121
P. vivax,model5,15003,Almeirim,PA,2013,1,121,70403,31.24866838060878,40.689911289372446,-9.441242908763666,8.522364103802396,216.61008763831023,TRUE,121
P. vivax,model5,15003,Almeirim,PA,2013,2,122,70403,51.13418462281437,34.79629599409799,16.337888628716378,4.93586921011889,167.6064940414471,TRUE,121
P. vivax,model5,15003,Almeirim,PA,2013,3,123,70403,72.44009488232035,28.2468161967529,44.19327868556745,6.356263227419289,172.00971549507818,TRUE,121
P. vivax,model5,15004,Portel,PA,2013,1,121,139347,42.34034460734713,122.41482055053521,-80.07447594318808,49.373147609923436,489.4256783425549,FALSE,121
P. vivax,model5,15004,Portel,PA,2013,2,122,139347,68.17513114742334,127.63245760214676,-59.457326454723415,59.115015034410504,528.2675622725997,TRUE,121
P. vivax,model5,15004,Portel,PA,2013,3,123,139347,71.04566298520959,126.7623561092325,-55.71669312402291,60.24528694553884,511.4031877256051,TRUE,121
P. vivax,model5,15005,Furos de Breves,PA,2013,1,121,214867,282.0349332377703,551.0405847944977,-269.0056515567274,192.65406041877068,2139.358300716257,TRUE,121
P. vivax,model5,15005,Furos de Breves,PA,2013,2,122,214867,221.53238980392524,660.0500685010437,-438.51767869711847,240.8350281802231,2598.700591528712,FALSE,121
P. vivax,model5,15005,Furos de Breves,PA,2013,3,123,214867,160.56444218981974,723.6819513835978,-563.1175091937781,257.1241744893353,2808.574606617112,FALSE,121
P. vivax,model5,15006,Arari,PA,2013,1,121,162836,23.3363629664202,40.68330847844846,-17.34694551202826,14.12464074283328,220.09874966223663,TRUE,121
P. vivax,model5,15006,Arari,PA,2013,2,122,162836,15.966985187550664,63.48423252753551,-47.51724733998485,28.24928148566656,333.14193421602045,FALSE,121
P. vivax,model5,15006,Arari,PA,2013,3,123,162836,12.896411113021689,81.19487497932553,-68.29846386630385,36.524478616522146,396.57999459578946,FALSE,121
P. vivax,model5,15007,Belém,PA,2013,1,121,2222335,1.5299223564404107,2.1584008899857623,-0.6284785335453515,0.7649611782202054,9.524891611750697,TRUE,121
P. vivax,model5,15007,Belém,PA,2013,2,122,2222335,1.3049337746109384,1.9519808023648006,-0.6470470277538622,0.5849703127566276,9.113162507002768,TRUE,121
P. vivax,model5,15007,Belém,PA,2013,3,123,2222335,0.9449520436837829,2.1099111458104804,-1.1649591021266974,0.629968029122522,9.72175662085149,TRUE,121
P. vivax,model5,15008,Castanhal,PA,2013,1,121,314158,0.9549335047969493,1.3554559842723983,-0.40052247947544906,0,7.806581401715054,TRUE,121
P. vivax,model5,15008,Castanhal,PA,2013,2,122,314158,0.6366223365312995,1.1674126467450325,-0.530790310213733,0,6.533336728652454,TRUE,121
P. vivax,model5,15008,Castanhal,PA,2013,3,123,314158,1.273244673062599,1.1300150396702373,0.14322963339236172,0,6.047912197047346,TRUE,121
P. vivax,model5,15009,Salgado,PA,2013,1,121,256020,10.155456604952738,14.038068175212752,-3.882611570260014,4.091477228341535,65.4538707913444,TRUE,121
P. vivax,model5,15009,Salgado,PA,2013,2,122,256020,14.842590422623232,13.970043208481698,0.8725472141415338,4.2965393328646195,71.01984219982802,TRUE,121
P. vivax,model5,15009,Salgado,PA,2013,3,123,256020,25.77923599718772,19.638356544355872,6.140879452831847,6.825638621982657,99.20123427857182,TRUE,121
P. vivax,model5,15010,Bragantina,PA,2013,1,121,397869,0.7540170257044404,0.7138654201782612,0.040151605526179246,0,4.285330096086891,TRUE,121
P. vivax,model5,15010,Bragantina,PA,2013,2,122,397869,1.0053560342725871,0.6161453986623496,0.3892106356102375,0,3.7700851285222017,TRUE,121
P. vivax,model5,15010,Bragantina,PA,2013,3,123,397869,0.7540170257044404,0.6636557794470975,0.09036124625734288,0,4.524102154226643,TRUE,121
P. vivax,model5,15011,Cametá,PA,2013,1,121,460628,15.413739503460492,93.61367254964046,-78.19993304617996,36.645622932170866,377.83743063817184,FALSE,121
P. vivax,model5,15011,Cametá,PA,2013,2,122,460628,14.54535981312469,94.33826812043756,-79.79290830731287,41.003803503043684,390.31496131368465,FALSE,121
P. vivax,model5,15011,Cametá,PA,2013,3,123,460628,8.900891825941976,85.1276268621226,-76.22673503618063,38.74601630817058,355.88370659187,FALSE,121
P. vivax,model5,15012,Tomé-Açu,PA,2013,1,121,308695,11.661996469006626,16.46859229633649,-4.806595827329863,3.8711349390174776,74.53149548907481,TRUE,121
P. vivax,model5,15012,Tomé-Açu,PA,2013,2,122,308695,6.154942580864608,12.042877498927096,-5.887934918062488,3.239443463612951,55.30539853253204,TRUE,121
P. vivax,model5,15012,Tomé-Açu,PA,2013,3,123,308695,4.211276502696837,11.275354519490502,-7.064078016793665,2.899301899933592,54.82758062164913,TRUE,121
P. vivax,model5,15013,Guamá,PA,2013,1,121,450804,3.1055625061002123,14.696937739328236,-11.591375233228025,4.985536951757306,75.27661688893613,FALSE,121
P. vivax,model5,15013,Guamá,PA,2013,2,122,450804,1.5527812530501062,14.235576275787515,-12.682795022737409,4.098233378585816,72.75889300006212,FALSE,121
P. vivax,model5,15013,Guamá,PA,2013,3,123,450804,0.6654776798786168,15.240535872866065,-14.575058192987449,4.763711058464432,79.03656578025033,FALSE,121
P. vivax,model5,15014,Itaituba,PA,2013,1,121,212956,652.2474126110558,370.3530984806771,281.8943141303787,139.9350100490242,1858.9051259415082,TRUE,121
P. vivax,model5,15014,Itaituba,PA,2013,2,122,212956,537.6697533762842,334.7529486727854,202.91680470349883,121.82093953680572,1626.4627434775234,TRUE,121
P. vivax,model5,15014,Itaituba,PA,2013,3,123,212956,486.4854711771446,365.0759042146358,121.40956696250879,160.25610924322396,1810.6322432803,TRUE,121
P. vivax,model5,15015,Altamira,PA,2013,1,121,287193,112.11972436654096,165.59618538811773,-53.47646102157677,71.49373417875785,819.8754844303307,TRUE,121
P. vivax,model5,15015,Altamira,PA,2013,2,122,287193,68.94318454836991,148.72349670866564,-79.78031216029572,56.20784629151825,723.9295526005159,TRUE,121
P. vivax,model5,15015,Altamira,PA,2013,3,123,287193,43.87293562168995,119.64011274541099,-75.76717712372104,42.74129244097176,566.631150480687,TRUE,121
P. vivax,model5,15016,Tucuruí,PA,2013,1,121,350813,62.99652521428795,86.50176250181427,-23.50523728752632,31.042179166678544,351.2412595884416,TRUE,121
P. vivax,model5,15016,Tucuruí,PA,2013,2,122,350813,37.626883838398236,69.08445882542945,-31.457574987031215,25.12022074438519,299.7964727646922,TRUE,121
P. vivax,model5,15016,Tucuruí,PA,2013,3,123,350813,24.22943277472614,53.45042110747167,-29.22098833274553,20.19594484810996,239.03760693018785,TRUE,121
P. vivax,model5,15017,Paragominas,PA,2013,1,121,316737,22.100354552830897,47.94949774012285,-25.849143187291954,17.68028364226472,215.35216914979907,TRUE,121
P. vivax,model5,15017,Paragominas,PA,2013,2,122,316737,24.941828709623444,41.77494568631743,-16.833116976693987,17.348778323972255,179.72324041712832,TRUE,121
P. vivax,model5,15017,Paragominas,PA,2013,3,123,316737,9.155861171887086,35.59629700699549,-26.440435835108406,12.463021371042853,162.76121829783068,FALSE,121
P. vivax,model5,15018,São Félix do Xingu,PA,2013,1,121,187552,3.732298242620713,9.706294275340216,-5.973996032719503,1.066370926463061,46.946980037536235,TRUE,121
P. vivax,model5,15018,São Félix do Xingu,PA,2013,2,122,187552,3.732298242620713,10.228093784175197,-6.495795541554484,1.5995563896945915,47.20024313257122,TRUE,121
P. vivax,model5,15018,São Félix do Xingu,PA,2013,3,123,187552,3.732298242620713,14.123448352355968,-10.391150109735255,3.199112779389183,69.31411022009897,TRUE,121
P. vivax,model5,15019,Parauapebas,PA,2013,1,121,283946,5.987053876441295,3.326676830827206,2.660377045614089,0.35217963979066447,18.498235580004643,TRUE,121
P. vivax,model5,15019,Parauapebas,PA,2013,2,122,283946,4.226155677487973,2.7867175497517542,1.4394381277362185,0,17.644199953512256,TRUE,121
P. vivax,model5,15019,Parauapebas,PA,2013,3,123,283946,1.0565389193719932,2.425056330877726,-1.368517411505733,0,13.38282631204525,TRUE,121
P. vivax,model5,15020,Marabá,PA,2013,1,121,304066,3.28875967717535,7.521000547148733,-4.232240869973383,1.644379838587675,29.45906480829818,TRUE,121
P. vivax,model5,15020,Marabá,PA,2013,2,122,304066,3.6176356448928852,6.3798504402896326,-2.7622147953967473,1.644379838587675,23.522853590996682,TRUE,121
P. vivax,model5,15020,Marabá,PA,2013,3,123,304066,1.644379838587675,6.2216616991425004,-4.577281860554826,1.31550387087014,23.85172955871422,TRUE,121
P. vivax,model5,15021,Redenção,PA,2013,1,121,187783,14.378298355016163,3.871675742772691,10.506622612243472,0,21.607387250177027,TRUE,121
P. vivax,model5,15021,Redenção,PA,2013,2,122,187783,9.05300266797314,3.7199821328007006,5.333020535172439,0,21.04823120303754,TRUE,121
P. vivax,model5,15021,Redenção,PA,2013,3,123,187783,6.390354824451627,3.68736916143746,2.702985663014167,0,18.69178786152096,TRUE,121
P. vivax,model5,15022,Conceição do Araguaia,PA,2013,1,121,146912,4.08407754301895,0.7817535239698478,3.3023240190491028,0,5.445436724025267,TRUE,121
P. vivax,model5,15022,Conceição do Araguaia,PA,2013,2,122,146912,0.6806795905031584,0.8821246463984291,-0.20144505589527073,0,6.483473099542568,TRUE,121
P. vivax,model5,15022,Conceição do Araguaia,PA,2013,3,123,146912,1.3613591810063168,1.0157795665233067,0.3455796144830101,0,8.1681550860379,TRUE,121
P. vivax,model5,16001,Oiapoque,AP,2013,1,121,32779,1418.591171176668,675.4117587182506,743.1794124584175,224.00012202934806,3018.014582507091,TRUE,121
P. vivax,model5,16001,Oiapoque,AP,2013,2,122,32779,1226.3949479849905,479.3028230262062,747.0921249587843,182.73894871716652,2064.0501540620517,TRUE,121
P. vivax,model5,16001,Oiapoque,AP,2013,3,123,32779,985.3869855700297,518.4515535404998,466.9354320295298,187.54385429695844,2239.619878580794,TRUE,121
P. vivax,model5,16002,Amapá,AP,2013,1,121,27052,236.5813987875203,122.70808364071037,113.87331514680993,40.66242791660506,579.1623539849174,TRUE,121
P. vivax,model5,16002,Amapá,AP,2013,2,122,27052,203.31213958302527,133.0211240385235,70.29101554450176,42.418305485731196,584.2451574744935,TRUE,121
P. vivax,model5,16002,Amapá,AP,2013,3,123,27052,147.86337424220022,116.8418184004614,31.021555841738817,29.572674848440037,558.5538961999109,TRUE,121
P. vivax,model5,16003,Macapá,AP,2013,1,121,598870,104.8641608362416,71.35077939869792,33.51338143754367,28.282431913436977,306.10984019904134,TRUE,121
P. vivax,model5,16003,Macapá,AP,2013,2,122,598870,84.32547965334713,58.03898053588041,26.286499117466718,21.42785579508074,244.99056556514745,TRUE,121
P. vivax,model5,16003,Macapá,AP,2013,3,123,598870,58.27642059211515,46.57792308842418,11.698497503690973,17.015378963714994,189.41923956785269,TRUE,121
P. vivax,model5,16004,Mazagão,AP,2013,1,121,76295,247.7226554820106,145.97408028329596,101.74857519871463,49.05301789108068,826.6269087096139,TRUE,121
P. vivax,model5,16004,Mazagão,AP,2013,2,122,76295,233.30493479258143,121.29880203870255,112.00613275387889,53.67324202110231,697.4244708041156,TRUE,121
P. vivax,model5,16004,Mazagão,AP,2013,3,123,76295,169.08054263057866,122.54275036281634,46.53779226776233,41.254341699980344,643.9478340651415,TRUE,121
P. vivax,model5,17001,Bico do Papagaio,TO,2013,1,121,207214,2.8955572499927613,0.85624297629459,2.0393142736981713,0,6.044475759359878,TRUE,121
P. vivax,model5,17001,Bico do Papagaio,TO,2013,2,122,207214,2.4129643749939675,0.7923720716326013,1.6205923033613663,0,5.079290009362291,TRUE,121
P. vivax,model5,17001,Bico do Papagaio,TO,2013,3,123,207214,1.930371499995174,0.7287073671213745,1.2016641328737996,0,4.596697134363497,TRUE,121
P. vivax,model5,17002,Araguaína,TO,2013,1,121,298783,0,0.5501159228691104,-0.5501159228691104,0,3.346910634139158,TRUE,121
P. vivax,model5,17002,Araguaína,TO,2013,2,122,298783,0,0.5058905045703955,-0.5058905045703955,0,3.012219570725242,TRUE,121
P. vivax,model5,17002,Araguaína,TO,2013,3,123,298783,0,0.473156324979751,-0.473156324979751,0,2.8532413156036243,TRUE,121
P. vivax,model5,17003,Miracema do Tocantins,TO,2013,1,121,147591,0,0.06226962248267711,-0.06226962248267711,0,1.35509617795123,TRUE,121
P. vivax,model5,17003,Miracema do Tocantins,TO,2013,2,122,147591,0,0.0657653187098154,-0.0657653187098154,0,0.677548088975615,TRUE,121
P. vivax,model5,17003,Miracema do Tocantins,TO,2013,3,123,147591,0,0.07021261704757446,-0.07021261704757446,0,1.35509617795123,TRUE,121
P. vivax,model5,17004,Rio Formoso,TO,2013,1,121,122527,0,0.14903684380544238,-0.14903684380544238,0,1.6322932904584295,TRUE,121
P. vivax,model5,17004,Rio Formoso,TO,2013,2,122,122527,0,0.16032390401715885,-0.16032390401715885,0,2.4484399356876443,TRUE,121
P. vivax,model5,17004,Rio Formoso,TO,2013,3,123,122527,0,0.1710089194869021,-0.1710089194869021,0,2.0607702792037488,TRUE,121
P. vivax,model5,17005,Gurupi,TO,2013,1,121,144769,0,0.0486577664311203,-0.0486577664311203,0,0.6907556175700599,TRUE,121
P. vivax,model5,17005,Gurupi,TO,2013,2,122,144769,0,0.058410921980640906,-0.058410921980640906,0,0.6907556175700599,TRUE,121
P. vivax,model5,17005,Gurupi,TO,2013,3,123,144769,0,0.0677062598950515,-0.0677062598950515,0,0.6907556175700599,TRUE,121
P. vivax,model5,17006,Porto Nacional,TO,2013,1,121,358276,0.8373432772499414,0.25069148504227623,0.5866517922076652,0,2.1003360537685967,TRUE,121
P. vivax,model5,17006,Porto Nacional,TO,2013,2,122,358276,0.5582288514999609,0.29391237397040465,0.2643164775295563,0,2.2329154059998437,TRUE,121
P. vivax,model5,17006,Porto Nacional,TO,2013,3,123,358276,0,0.33456863048364494,-0.33456863048364494,0,2.512029831749824,TRUE,121
P. vivax,model5,17007,Jalapão,TO,2013,1,121,76288,0,0.0036005271064196735,-0.0036005271064196735,0,0,TRUE,121
P. vivax,model5,17007,Jalapão,TO,2013,2,122,76288,0,0.004082263320860508,-0.004082263320860508,0,0,TRUE,121
P. vivax,model5,17007,Jalapão,TO,2013,3,123,76288,0,0.004723442841008208,-0.004723442841008208,0,0,TRUE,121
P. vivax,model5,17008,Dianópolis,TO,2013,1,121,122716,0,0.01539721031993489,-0.01539721031993489,0,0.8148896639395026,TRUE,121
P. vivax,model5,17008,Dianópolis,TO,2013,2,122,122716,0,0.019045694956047434,-0.019045694956047434,0,0.8148896639395026,TRUE,121
P. vivax,model5,17008,Dianópolis,TO,2013,3,123,122716,0,0.024073911255758224,-0.024073911255758224,0,0.8148896639395026,TRUE,121
P. vivax,model5,21001,Litoral Ocidental Maranhense,MA,2013,1,121,186262,1.6106344826105163,2.08816548496504,-0.47753100235452384,0,12.348197700013959,TRUE,121
P. vivax,model5,21001,Litoral Ocidental Maranhense,MA,2013,2,122,186262,0.5368781608701721,1.80969951783968,-1.2728213569695077,0,10.482546090990098,TRUE,121
P. vivax,model5,21001,Litoral Ocidental Maranhense,MA,2013,3,123,186262,0,2.579961308238795,-2.579961308238795,0,13.421954021754303,TRUE,121
P. vivax,model5,21002,Aglomeração Urbana de São Luís,MA,2013,1,121,1366266,0.36596094757536235,0.1304874693875036,0.23547347818785874,0,0.916732173676281,TRUE,121
P. vivax,model5,21002,Aglomeração Urbana de São Luís,MA,2013,2,122,1366266,0.4391531370904348,0.1306311642340105,0.3085219728564243,0,0.88196588365662,TRUE,121
P. vivax,model5,21002,Aglomeração Urbana de São Luís,MA,2013,3,123,1366266,0.14638437903014495,0.17234698970037007,-0.025962610670225122,0,1.097882842726087,TRUE,121
P. vivax,model5,21003,Rosário,MA,2013,1,121,168740,0.592627711271779,0.2746657042579929,0.31796200701378613,0,2.370510845087116,TRUE,121
P. vivax,model5,21003,Rosário,MA,2013,2,122,168740,0.592627711271779,0.26348699682169,0.329140714450089,0,2.370510845087116,TRUE,121
P. vivax,model5,21003,Rosário,MA,2013,3,123,168740,0,0.35157727140700523,-0.35157727140700523,0,2.681640393504787,TRUE,121
P. vivax,model5,21004,Lençóis Maranhenses,MA,2013,1,121,186318,0,0.07426102606976927,-0.07426102606976927,0,1.073433592030829,TRUE,121
P. vivax,model5,21004,Lençóis Maranhenses,MA,2013,2,122,186318,0,0.10127419130446647,-0.10127419130446647,0,1.073433592030829,TRUE,121
P. vivax,model5,21004,Lençóis Maranhenses,MA,2013,3,123,186318,0,0.16478066562300298,-0.16478066562300298,0,2.146867184061658,TRUE,121
P. vivax,model5,21005,Baixada Maranhense,MA,2013,1,121,581920,5.499037668408028,2.861894581888647,2.637143086519381,0.4253161946659337,15.139538080835838,TRUE,121
P. vivax,model5,21005,Baixada Maranhense,MA,2013,2,122,581920,3.436898542755018,2.360205760650522,1.0766927821044963,0.5155347814132527,14.061211163046417,TRUE,121
P. vivax,model5,21005,Baixada Maranhense,MA,2013,3,123,581920,3.0932086884795162,2.4133187342662104,0.6798899542133059,0.17184492713775087,12.544679681055817,TRUE,121
P. vivax,model5,21006,Itapecuru Mirim,MA,2013,1,121,223241,1.3438391693282148,0.12665346175903075,1.217185707569184,0,1.3438391693282148,TRUE,121
P. vivax,model5,21006,Itapecuru Mirim,MA,2013,2,122,223241,0,0.1507574855472258,-0.1507574855472258,0,1.7917855591042864,TRUE,121
P. vivax,model5,21006,Itapecuru Mirim,MA,2013,3,123,223241,0.8958927795521432,0.24821709326251198,0.6476756862896312,0,2.0269574137367137,TRUE,121
P. vivax,model5,21007,Gurupi,MA,2013,1,121,230990,10.390060175765186,9.039504530910818,1.3505556448543672,1.9373133036062171,36.15957400753278,TRUE,121
P. vivax,model5,21007,Gurupi,MA,2013,2,122,230990,11.255898523745618,9.070350595414103,2.1855479283315145,1.9373133036062171,40.055846573444725,TRUE,121
P. vivax,model5,21007,Gurupi,MA,2013,3,123,230990,7.359625957833672,11.517689774339521,-4.158063816505849,2.370232477596433,46.8418546257413,TRUE,121
P. vivax,model5,21008,Pindaré,MA,2013,1,121,642579,10.893602187435318,5.2921599538090565,5.601442233626262,1.2449831071354651,20.795108461372045,TRUE,121
P. vivax,model5,21008,Pindaré,MA,2013,2,122,642579,10.737979299043387,4.5308702488744075,6.207109050168979,1.0893602187435318,21.246414837708667,TRUE,121
P. vivax,model5,21008,Pindaré,MA,2013,3,123,642579,6.380538424069258,4.941325832304711,1.439212591764547,1.3189039791216335,21.277539415387025,TRUE,121
P. vivax,model5,21009,Imperatriz,MA,2013,1,121,580283,3.7912535779955645,1.76710870401793,2.0241448739776344,0,10.25792587409936,TRUE,121
P. vivax,model5,21009,Imperatriz,MA,2013,2,122,580283,1.2063079566349522,1.5755013191908507,-0.3691933625558985,0.08185661134308629,8.108112765667778,TRUE,121
P. vivax,model5,21009,Imperatriz,MA,2013,3,123,580283,2.240286205179197,1.4595376818377717,0.7807485233414253,0,8.099496280263251,TRUE,121
P. vivax,model5,21010,Médio Mearim,MA,2013,1,121,415203,3.853536703732873,1.6535091683565613,2.2000275353763117,0,9.531482190639261,TRUE,121
P. vivax,model5,21010,Médio Mearim,MA,2013,2,122,415203,2.8901525277996543,1.543874625215969,1.3462779025836853,0,8.212850099830662,TRUE,121
P. vivax,model5,21010,Médio Mearim,MA,2013,3,123,415203,3.371844615766264,1.8064595539664925,1.5653850617997715,0.24084604398330456,9.645884061531337,TRUE,121
P. vivax,model5,21011,Alto Mearim e Grajaú,MA,2013,1,121,320723,6.859501813091048,2.3247251130382964,4.534776700052751,0,13.882696283085398,TRUE,121
P. vivax,model5,21011,Alto Mearim e Grajaú,MA,2013,2,122,320723,4.988728591338944,2.061959762179403,2.926768829159541,0,12.503001032043198,TRUE,121
P. vivax,model5,21011,Alto Mearim e Grajaú,MA,2013,3,123,320723,2.806159832628156,2.0976779236670438,0.7084819089611121,0,12.947309672209345,TRUE,121
P. vivax,model5,21012,Presidente Dutra,MA,2013,1,121,194017,2.061675007860136,0.7495670624384587,1.312107945421677,0,5.15418751965034,TRUE,121
P. vivax,model5,21012,Presidente Dutra,MA,2013,2,122,194017,1.546256255895102,0.7350079214566716,0.8112483344384305,0,5.669606271615374,TRUE,121
P. vivax,model5,21012,Presidente Dutra,MA,2013,3,123,194017,2.061675007860136,0.8867644145404956,1.1749105933196402,0,6.700443775545441,TRUE,121
P. vivax,model5,21013,Baixo Parnaíba Maranhense,MA,2013,1,121,139621,2.148673910085159,0.5894761110379283,1.5591977990472305,0,4.297347820170318,TRUE,121
P. vivax,model5,21013,Baixo Parnaíba Maranhense,MA,2013,2,122,139621,0.7162246366950531,0.5519844114084391,0.16424022528661397,0,3.5811231834752655,TRUE,121
P. vivax,model5,21013,Baixo Parnaíba Maranhense,MA,2013,3,123,139621,0.7162246366950531,0.5752237571618506,0.1410008795332025,0,5.049383688700091,TRUE,121
P. vivax,model5,21014,Chapadinha,MA,2013,1,121,234229,0,0.27428445784894023,-0.27428445784894023,0,2.134663086125117,TRUE,121
P. vivax,model5,21014,Chapadinha,MA,2013,2,122,234229,0,0.25302441684762483,-0.25302441684762483,0,1.7077304689000934,TRUE,121
P. vivax,model5,21014,Chapadinha,MA,2013,3,123,234229,0,0.26290602376716193,-0.26290602376716193,0,2.134663086125117,TRUE,121
P. vivax,model5,21015,Codó,MA,2013,1,121,269763,0.37069575886982276,0.38252645571903043,-0.011830696849207678,0,2.594870312088759,TRUE,121
P. vivax,model5,21015,Codó,MA,2013,2,122,269763,0.7413915177396455,0.3806117350872429,0.3607797826524026,0,2.2241745532189365,TRUE,121
P. vivax,model5,21015,Codó,MA,2013,3,123,269763,0.7413915177396455,0.4785123559346865,0.262879161804959,0,3.336261829828405,TRUE,121
P. vivax,model5,21016,Coelho Neto,MA,2013,1,121,90137,1.1094223237959995,0.13474556823958914,0.9746767555564103,0,2.218844647591999,TRUE,121
P. vivax,model5,21016,Coelho Neto,MA,2013,2,122,90137,0,0.11266182506556927,-0.11266182506556927,0,2.218844647591999,TRUE,121
P. vivax,model5,21016,Coelho Neto,MA,2013,3,123,90137,1.1094223237959995,0.09947931516165187,1.0099430086343477,0,1.1094223237959995,TRUE,121
P. vivax,model5,21017,Caxias,MA,2013,1,121,428592,1.3999328032254452,0.34055531525394084,1.0593774879715043,0,2.4557154589912966,TRUE,121
P. vivax,model5,21017,Caxias,MA,2013,2,122,428592,0.4666442677418151,0.35012638691264214,0.11651788082917297,0,2.9223597267331116,TRUE,121
P. vivax,model5,21017,Caxias,MA,2013,3,123,428592,0,0.37602885812647785,-0.37602885812647785,0,2.7998656064508904,TRUE,121
P. vivax,model5,21018,Chapadas do Alto Itapecuru,MA,2013,1,121,214158,1.4008348975989688,0.20796521917061864,1.1928696784283501,0,2.334724829331615,TRUE,121
P. vivax,model5,21018,Chapadas do Alto Itapecuru,MA,2013,2,122,214158,0.933889931732646,0.16941849332345163,0.7644714384091944,0,1.867779863465292,TRUE,121
P. vivax,model5,21018,Chapadas do Alto Itapecuru,MA,2013,3,123,214158,0.933889931732646,0.16266209524636988,0.7712278364862761,0,1.645981004678778,TRUE,121
P. vivax,model5,21019,Porto Franco,MA,2013,1,121,114767,0,0.6610987367247632,-0.6610987367247632,0,4.814101614575598,TRUE,121
P. vivax,model5,21019,Porto Franco,MA,2013,2,122,114767,0,0.5563794838459835,-0.5563794838459835,0,5.227983653837776,TRUE,121
P. vivax,model5,21019,Porto Franco,MA,2013,3,123,114767,1.742661217945925,0.524219819614132,1.2184413983317932,0,4.356653044864813,TRUE,121
P. vivax,model5,21020,Gerais de Balsas,MA,2013,1,121,136434,0,0.011485692502442437,-0.011485692502442437,0,0.732955128487034,TRUE,121
P. vivax,model5,21020,Gerais de Balsas,MA,2013,2,122,136434,0,0.011374610439706164,-0.011374610439706164,0,0.3848014424556762,TRUE,121
P. vivax,model5,21020,Gerais de Balsas,MA,2013,3,123,136434,0,0.01211328172832273,-0.01211328172832273,0,0.3848014424556762,TRUE,121
P. vivax,model5,21021,Chapadas das Mangabeiras,MA,2013,1,121,70058,0,0.0720331567632734,-0.0720331567632734,0,1.4273887350481032,TRUE,121
P. vivax,model5,21021,Chapadas das Mangabeiras,MA,2013,2,122,70058,0,0.06582300248761476,-0.06582300248761476,0,1.4273887350481032,TRUE,121
P. vivax,model5,21021,Chapadas das Mangabeiras,MA,2013,3,123,70058,0,0.0722997532527973,-0.0722997532527973,0,1.4273887350481032,TRUE,121
P. vivax,model5,51001,Aripuanã,MT,2013,1,121,148922,41.6325324666604,35.251267541656155,6.3812649250042455,14.420300560024712,175.29310645841446,TRUE,121
P. vivax,model5,51001,Aripuanã,MT,2013,2,122,148922,27.53119082472704,30.92781190010333,-3.396621075376288,9.367319804998592,153.20100455271876,TRUE,121
P. vivax,model5,51001,Aripuanã,MT,2013,3,123,148922,24.845220988168304,32.13234126646801,-7.287120278299707,10.391345805186608,155.70231396301398,TRUE,121
P. vivax,model5,51002,Alta Floresta,MT,2013,1,121,101672,8.851994649461012,12.051025748573819,-3.1990310991128066,0,66.41454874498385,TRUE,121
P. vivax,model5,51002,Alta Floresta,MT,2013,2,122,101672,10.819104571563459,8.402843954864865,2.416260616698594,0,46.27626091746002,TRUE,121
P. vivax,model5,51002,Alta Floresta,MT,2013,3,123,101672,14.753324415768352,7.101479240925573,7.651845174842779,0,34.940789991344694,TRUE,121
P. vivax,model5,51003,Colíder,MT,2013,1,121,147540,22.36681577877186,18.412025411764937,3.9547903670069218,5.74420496136641,83.43500067778223,TRUE,121
P. vivax,model5,51003,Colíder,MT,2013,2,122,147540,17.62233970448692,15.307617052991723,2.3147226514951953,4.06669377795852,75.26772400704891,TRUE,121
P. vivax,model5,51003,Colíder,MT,2013,3,123,147540,18.97790429713976,14.802934127010117,4.174970170129642,3.7108580723871496,76.43689846821184,TRUE,121
P. vivax,model5,51004,Parecis,MT,2013,1,121,96914,1.0318426646304972,1.603812236484078,-0.5719695718535807,0,10.860144045235959,TRUE,121
P. vivax,model5,51004,Parecis,MT,2013,2,122,96914,1.0318426646304972,1.793447161484148,-0.7616044968536508,0,12.382111975565966,TRUE,121
P. vivax,model5,51004,Parecis,MT,2013,3,123,96914,0,2.3801731823818923,-2.3801731823818923,0,14.44579730482696,TRUE,121
P. vivax,model5,51005,Arinos,MT,2013,1,121,77897,2.5674929714879906,1.0269709784739125,1.540521993014078,0,8.986225400207967,TRUE,121
P. vivax,model5,51005,Arinos,MT,2013,2,122,77897,0,0.8804391718633954,-0.8804391718633954,0,7.702478914463971,TRUE,121
P. vivax,model5,51005,Arinos,MT,2013,3,123,77897,0,1.0320860582019942,-1.0320860582019942,0,8.986225400207967,TRUE,121
P. vivax,model5,51006,Alto Teles Pires,MT,2013,1,121,216083,0.4627851334903717,1.049182662526594,-0.5863975290362224,0,7.184739197438011,TRUE,121
P. vivax,model5,51006,Alto Teles Pires,MT,2013,2,122,216083,1.8511405339614868,1.061510106340886,0.7896304276206008,0,7.184739197438011,TRUE,121
P. vivax,model5,51006,Alto Teles Pires,MT,2013,3,123,216083,0,1.0387782212465888,-1.0387782212465888,0,6.0162067353748325,TRUE,121
P. vivax,model5,51007,Sinop,MT,2013,1,121,184603,10.292357112289617,10.266097944618172,0.026259167671444317,2.166812023639919,55.53810068092067,TRUE,121
P. vivax,model5,51007,Sinop,MT,2013,2,122,184603,8.125545088649696,9.909097354765034,-1.783552266115338,2.166812023639919,54.53595011998713,TRUE,121
P. vivax,model5,51007,Sinop,MT,2013,3,123,184603,3.250218035459879,11.057260565496398,-7.807042530036519,2.7085150295498988,59.95298017908692,TRUE,121
P. vivax,model5,51008,Paranatinga,MT,2013,1,121,34079,0,0.0626975738424235,-0.0626975738424235,0,2.9343584025352856,TRUE,121
P. vivax,model5,51008,Paranatinga,MT,2013,2,122,34079,0,0.055501772567764715,-0.055501772567764715,0,2.9343584025352856,TRUE,121
P. vivax,model5,51008,Paranatinga,MT,2013,3,123,34079,0,0.05464267603133398,-0.05464267603133398,0,2.9343584025352856,TRUE,121
P. vivax,model5,51009,Norte Araguaia,MT,2013,1,121,119054,0.8399549784131571,0.20888502869259412,0.631069949720563,0,2.1208863204932027,TRUE,121
P. vivax,model5,51009,Norte Araguaia,MT,2013,2,122,119054,0,0.2043469133610023,-0.2043469133610023,0,2.1208863204932027,TRUE,121
P. vivax,model5,51009,Norte Araguaia,MT,2013,3,123,119054,0,0.2434270872071909,-0.2434270872071909,0,2.5198649352394713,TRUE,121
P. vivax,model5,51010,Canarana,MT,2013,1,121,105035,0.9520635978483363,0.5591305429270845,0.39293305492125175,0,4.760317989241681,TRUE,121
P. vivax,model5,51010,Canarana,MT,2013,2,122,105035,0,0.6198022175085584,-0.6198022175085584,0,5.712381587090018,TRUE,121
P. vivax,model5,51010,Canarana,MT,2013,3,123,105035,0,0.54947406656786,-0.54947406656786,0,5.260151378112036,TRUE,121
P. vivax,model5,51011,Médio Araguaia,MT,2013,1,121,66449,0,0.04546235004797275,-0.04546235004797275,0,1.5049135427169709,TRUE,121
P. vivax,model5,51011,Médio Araguaia,MT,2013,2,122,66449,0,0.03887142468452089,-0.03887142468452089,0,1.5049135427169709,TRUE,121
P. vivax,model5,51011,Médio Araguaia,MT,2013,3,123,66449,0,0.03579701004691724,-0.03579701004691724,0,1.5049135427169709,TRUE,121
P. vivax,model5,51012,Alto Guaporé,MT,2013,1,121,70085,0,1.64247229768316,-1.64247229768316,0,12.163801098665873,TRUE,121
P. vivax,model5,51012,Alto Guaporé,MT,2013,2,122,70085,0,1.400285934284848,-1.400285934284848,0,9.310123421559503,TRUE,121
P. vivax,model5,51012,Alto Guaporé,MT,2013,3,123,70085,0,1.4088165027971058,-1.4088165027971058,0,9.987871869872299,TRUE,121
P. vivax,model5,51013,Tangará da Serra,MT,2013,1,121,153881,1.2997056166778225,0.43069401527746604,0.8690116014003564,0,3.2492640416945564,TRUE,121
P. vivax,model5,51013,Tangará da Serra,MT,2013,2,122,153881,0,0.4124950286382038,-0.4124950286382038,0,3.5904367660724703,TRUE,121
P. vivax,model5,51013,Tangará da Serra,MT,2013,3,123,153881,0.6498528083389112,0.43467920587526415,0.21517360246364708,0,3.899116850033468,TRUE,121
P. vivax,model5,51014,Jauru,MT,2013,1,121,107853,0,0.4999022680713768,-0.4999022680713768,0,4.195525391041489,TRUE,121
P. vivax,model5,51014,Jauru,MT,2013,2,122,107853,0,0.37872042263373973,-0.37872042263373973,0,3.7087517268875225,TRUE,121
P. vivax,model5,51014,Jauru,MT,2013,3,123,107853,0,0.3368348238228312,-0.3368348238228312,0,3.7087517268875225,TRUE,121
P. vivax,model5,51015,Alto Paraguai,MT,2013,1,121,32717,0,0.17782617736454262,-0.17782617736454262,0,3.056514961640737,TRUE,121
P. vivax,model5,51015,Alto Paraguai,MT,2013,2,122,32717,0,0.1517594295192161,-0.1517594295192161,0,3.056514961640737,TRUE,121
P. vivax,model5,51015,Alto Paraguai,MT,2013,3,123,32717,0,0.16511658007859922,-0.16511658007859922,0,3.056514961640737,TRUE,121
P. vivax,model5,51016,Rosário Oeste,MT,2013,1,121,30675,0,0.05122956379674764,-0.05122956379674764,0,3.2599837000814995,TRUE,121
P. vivax,model5,51016,Rosário Oeste,MT,2013,2,122,30675,0,0.04468981025074394,-0.04468981025074394,0,3.2599837000814995,TRUE,121
P. vivax,model5,51016,Rosário Oeste,MT,2013,3,123,30675,0,0.05118044018768883,-0.05118044018768883,0,1.711491442542713,TRUE,121
P. vivax,model5,51017,Cuiabá,MT,2013,1,121,881902,1.3606954060655265,1.095312303015946,0.26538310304958057,0.11339128383879388,5.102607772745724,TRUE,121
P. vivax,model5,51017,Cuiabá,MT,2013,2,122,881902,0.4535651353551755,0.8820707638694102,-0.4285056285142347,0,4.935355629083501,TRUE,121
P. vivax,model5,51017,Cuiabá,MT,2013,3,123,881902,1.0205215545491448,0.8627557496001715,0.1577658049489733,0,4.708573061405914,TRUE,121
P. vivax,model5,51018,Alto Pantanal,MT,2013,1,121,134262,0.7448123817610344,0.19878447434391824,0.5460279074171162,0,2.2344371452831036,TRUE,121
P. vivax,model5,51018,Alto Pantanal,MT,2013,2,122,134262,0.7448123817610344,0.1855679268153133,0.5592444549457211,0,2.2344371452831036,TRUE,121
P. vivax,model5,51018,Alto Pantanal,MT,2013,3,123,134262,0.7448123817610344,0.20307502041195832,0.541737361349076,0,1.880651263946595,TRUE,121
P. vivax,model5,51019,Primavera do Leste,MT,2013,1,121,91029,0,0.26785434706616706,-0.26785434706616706,0,3.2956530336486174,TRUE,121
P. vivax,model5,51019,Primavera do Leste,MT,2013,2,122,91029,1.0985510112162058,0.23842830187199163,0.8601227093442142,0,2.7738413033208946,TRUE,121
P. vivax,model5,51019,Primavera do Leste,MT,2013,3,123,91029,0,0.23806099265207334,-0.23806099265207334,0,3.2956530336486174,TRUE,121
P. vivax,model5,51020,Tesouro,MT,2013,1,121,54596,1.8316360172906438,0.1357683138172008,1.695867703473443,0,1.8316360172906438,TRUE,121
P. vivax,model5,51020,Tesouro,MT,2013,2,122,54596,0,0.13813759369036305,-0.13813759369036305,0,1.8316360172906438,TRUE,121
P. vivax,model5,51020,Tesouro,MT,2013,3,123,54596,0,0.14972965581656508,-0.14972965581656508,0,3.6632720345812877,TRUE,121
P. vivax,model5,51021,Rondonópolis,MT,2013,1,121,290068,1.0342402471144698,0.30886204411591145,0.7253782029985584,0,2.7579739923052524,TRUE,121
P. vivax,model5,51021,Rondonópolis,MT,2013,2,122,290068,0.6894934980763131,0.287057522084001,0.4024359759923121,0,2.4132272432670963,TRUE,121
P. vivax,model5,51021,Rondonópolis,MT,2013,3,123,290068,1.3789869961526262,0.2769071584551305,1.1020798376974956,0,2.0684804942289396,TRUE,121
P. vivax,model5,51022,Alto Araguaia,MT,2013,1,121,36797,0,0.023937125719567288,-0.023937125719567288,0,2.7176128488735496,TRUE,121
P. vivax,model5,51022,Alto Araguaia,MT,2013,2,122,36797,0,0.00748453609720411,-0.00748453609720411,0,0,TRUE,121
P. vivax,model5,51022,Alto Araguaia,MT,2013,3,123,36797,0,0.008539321514942378,-0.008539321514942378,0,2.7176128488735496,TRUE,121
P. vivax,model5,11001,Porto Velho,RO,2014,1,133,625834,109.45394465625071,134.63263384271943,-25.178689186468716,57.734958471415744,591.2190772632997,TRUE,133
P. vivax,model5,11001,Porto Velho,RO,2014,2,134,625834,85.16635401719945,110.247205461326,-25.08085144412655,44.48863436630161,465.1153500768571,TRUE,133
P. vivax,model5,11001,Porto Velho,RO,2014,3,135,625834,100.34609816660647,121.03174828942606,-20.685650122819595,49.98929428570516,512.9275494779765,TRUE,133
P. vivax,model5,11002,Guajará-Mirim,RO,2014,1,133,81101,43.15606466011516,61.83388278804303,-18.677818127927864,23.365926437405214,309.05907448736684,TRUE,133
P. vivax,model5,11002,Guajará-Mirim,RO,2014,2,134,81101,43.15606466011516,52.10329682508581,-8.94723216497065,14.149024056423475,257.7033575418306,TRUE,133
P. vivax,model5,11002,Guajará-Mirim,RO,2014,3,135,81101,33.2918213092317,58.27755051991541,-24.985729210683708,18.4954562829065,337.57290292351485,TRUE,133
P. vivax,model5,11003,Ariquemes,RO,2014,1,133,195532,66.99670642145531,63.91031946152394,3.0863869599313745,23.960272487367803,316.59779473436527,TRUE,133
P. vivax,model5,11003,Ariquemes,RO,2014,2,134,195532,52.165374465560625,51.76602979083152,0.3993446747291074,20.699936583270258,251.67236053433703,TRUE,133
P. vivax,model5,11003,Ariquemes,RO,2014,3,135,195532,32.21979011108156,54.74446911554395,-22.524679004462392,20.96843483419594,259.62502301413554,TRUE,133
P. vivax,model5,11004,Ji-Paraná,RO,2014,1,133,316402,9.165555211408272,11.36795224990402,-2.2023970384957483,3.792643535755147,61.37761455363741,TRUE,133
P. vivax,model5,11004,Ji-Paraná,RO,2014,2,134,316402,6.321072559591911,8.816231964041828,-2.4951594044499172,1.8963217678775734,44.76109506261019,TRUE,133
P. vivax,model5,11004,Ji-Paraná,RO,2014,3,135,316402,5.056858047673529,9.453737418551718,-4.396879370878189,1.4143399852086906,48.68806139025668,TRUE,133
P. vivax,model5,11005,Alvorada D'Oeste,RO,2014,1,133,75085,6.659119664380368,6.378184070554536,0.28093559382583244,0,36.658453752413905,TRUE,133
P. vivax,model5,11005,Alvorada D'Oeste,RO,2014,2,134,75085,1.331823932876074,4.993945255787831,-3.662121322911757,0,34.62742225477792,TRUE,133
P. vivax,model5,11005,Alvorada D'Oeste,RO,2014,3,135,75085,1.331823932876074,5.461067759788275,-4.129243826912201,0,35.32662981953783,TRUE,133
P. vivax,model5,11006,Cacoal,RO,2014,1,133,247558,5.655240388111069,5.976302730806994,-0.3210623426959254,0.5958199694617025,31.911713618626745,TRUE,133
P. vivax,model5,11006,Cacoal,RO,2014,2,134,247558,6.463131872126936,5.141425925896495,1.3217059462304404,0.4039457420079335,28.700344969663654,TRUE,133
P. vivax,model5,11006,Cacoal,RO,2014,3,135,247558,5.655240388111069,6.319249039658021,-0.6640086515469523,0.807891484015867,38.011294322946505,TRUE,133
P. vivax,model5,11007,Vilhena,RO,2014,1,133,152211,7.2268101516973156,4.899359084991336,2.3274510667059793,0,32.53707025116449,TRUE,133
P. vivax,model5,11007,Vilhena,RO,2014,2,134,152211,4.598879187443746,4.278930760130526,0.3199484273132196,0,31.880087510101095,TRUE,133
P. vivax,model5,11007,Vilhena,RO,2014,3,135,152211,4.598879187443746,4.9395392443141075,-0.3406600568703615,0,33.19405299222788,TRUE,133
P. vivax,model5,11008,Colorado do Oeste,RO,2014,1,133,54808,1.824551160414538,2.9787681532563934,-1.1542169928418555,0,21.894613924974458,TRUE,133
P. vivax,model5,11008,Colorado do Oeste,RO,2014,2,134,54808,0,2.3219188184669974,-2.3219188184669974,0,18.336739162166023,TRUE,133
P. vivax,model5,11008,Colorado do Oeste,RO,2014,3,135,54808,0,2.424656334738491,-2.424656334738491,0,16.42096044373084,TRUE,133
P. vivax,model5,12001,Cruzeiro do Sul,AC,2014,1,133,141056,1877.268602540835,1265.529349871045,611.73925266979,597.6881522232305,6273.341793330303,TRUE,133
P. vivax,model5,12001,Cruzeiro do Sul,AC,2014,2,134,141056,1232.8436932849365,962.5981275081633,270.2455657767732,460.3313577586207,4872.851916969146,TRUE,133
P. vivax,model5,12001,Cruzeiro do Sul,AC,2014,3,135,141056,1018.0353901996369,958.1400423639058,59.89534783573117,458.2399897912886,4914.058955308526,TRUE,133
P. vivax,model5,12002,Tarauacá,AC,2014,1,133,77929,114.20652132068933,120.372613800611,-6.166092479921673,46.195896264548495,555.954779350434,TRUE,133
P. vivax,model5,12002,Tarauacá,AC,2014,2,134,77929,102.65754725455223,91.36533295403757,11.292214300514658,36.53967072591718,414.73649090839075,TRUE,133
P. vivax,model5,12002,Tarauacá,AC,2014,3,135,77929,60.31130901204943,94.80105088846315,-34.489741876413724,33.36370285772947,435.3963222933693,TRUE,133
P. vivax,model5,12003,Sena Madureira,AC,2014,1,133,55143,3.6269336089802873,1.1845336732884808,2.4423999356918067,0,11.832870899298147,TRUE,133
P. vivax,model5,12003,Sena Madureira,AC,2014,2,134,55143,3.6269336089802873,1.0584622992927832,2.568471309687504,0,10.880800826940863,TRUE,133
P. vivax,model5,12003,Sena Madureira,AC,2014,3,135,55143,0,1.093110167318325,-1.093110167318325,0,12.694267631431007,TRUE,133
P. vivax,model5,12004,Rio Branco,AC,2014,1,133,452251,19.458221209018888,19.314229820640147,0.14399138837874048,6.8546006531771075,108.87759231046468,TRUE,133
P. vivax,model5,12004,Rio Branco,AC,2014,2,134,452251,16.583711257686552,16.290541085846186,0.29317017184036587,5.295731794954572,91.35966531859506,TRUE,133
P. vivax,model5,12004,Rio Branco,AC,2014,3,135,452251,13.045852856046752,19.62256141986253,-6.57670856381578,7.169691167073154,115.86486265370336,TRUE,133
P. vivax,model5,12005,Brasiléia,AC,2014,1,133,63722,6.277266878001318,3.8712253737106934,2.4060415042906245,0,27.502275509243237,TRUE,133
P. vivax,model5,12005,Brasiléia,AC,2014,2,134,63722,1.5693167195003295,2.8091263738111296,-1.2398096543108001,0,21.22500863124192,TRUE,133
P. vivax,model5,12005,Brasiléia,AC,2014,3,135,63722,1.5693167195003295,2.5403600819949292,-0.9710433624945998,0,18.086375192241263,TRUE,133
P. vivax,model5,13001,Rio Negro,AM,2014,1,133,108516,772.2363522429872,482.3885136181914,289.8478386247958,181.05624976961923,2282.6357403516513,TRUE,133
P. vivax,model5,13001,Rio Negro,AM,2014,2,134,108516,634.929411331048,419.89840990533514,215.03100142571282,162.14198827822625,2147.425264477126,TRUE,133
P. vivax,model5,13001,Rio Negro,AM,2014,3,135,108516,579.6380257289247,458.03196846256617,121.60605726635856,178.77548011353164,2396.3977662280213,TRUE,133
P. vivax,model5,13002,Japurá,AM,2014,1,133,23966,91.79671200867895,154.35716571895736,-62.56045371027841,50.0709338229158,927.1467912876568,TRUE,133
P. vivax,model5,13002,Japurá,AM,2014,2,134,23966,83.45155637152632,120.89269047365855,-37.441134102132224,25.0354669114579,720.2912459317362,TRUE,133
P. vivax,model5,13002,Japurá,AM,2014,3,135,23966,179.42084619878162,151.31994146602958,28.100904732752042,43.707752649586915,826.1704080781108,TRUE,133
P. vivax,model5,13003,Alto Solimões,AM,2014,1,133,242875,262.2748327328873,218.23787157783232,44.036961155054996,62.73803396809059,1152.702007205352,TRUE,133
P. vivax,model5,13003,Alto Solimões,AM,2014,2,134,242875,221.51312403499742,291.5462469800837,-70.03312294508629,75.5018013381369,1507.6788471435916,TRUE,133
P. vivax,model5,13003,Alto Solimões,AM,2014,3,135,242875,287.39063304168815,391.2307439104868,-103.84011086879866,126.55687081832218,2107.3906330416867,TRUE,133
P. vivax,model5,13004,Juruá,AM,2014,1,133,142338,480.5463052733634,545.1597329479175,-64.61342767455415,233.37056864646124,2656.7044640222557,TRUE,133
P. vivax,model5,13004,Juruá,AM,2014,2,134,142338,425.7471651983307,487.4405018655309,-61.693336667200185,210.99425311582291,2376.280402984445,TRUE,133
P. vivax,model5,13004,Juruá,AM,2014,3,135,142338,645.6462785763464,697.1134933109881,-51.46721473464174,320.838426843148,3331.120291137994,TRUE,133
P. vivax,model5,13005,Tefé,AM,2014,1,133,90982,228.6166494471434,197.02251116060256,31.59413828654084,75.78422105471412,1062.160647160976,TRUE,133
P. vivax,model5,13005,Tefé,AM,2014,2,134,90982,223.1210569123563,200.06254892327564,23.058507989080653,75.83917698006199,1027.895627706579,TRUE,133
P. vivax,model5,13005,Tefé,AM,2014,3,135,90982,298.9602338924183,258.24695815381256,40.71327573860572,101.58602800553956,1326.8009056736475,TRUE,133
P. vivax,model5,13006,Coari,AM,2014,1,133,169227,91.0020268633256,57.55598454899195,33.446042314333646,20.372044650085392,297.35207738717804,TRUE,133
P. vivax,model5,13006,Coari,AM,2014,2,134,169227,128.82105101431804,65.49698263939928,63.32406837491877,23.607343981752322,314.5183688182144,TRUE,133
P. vivax,model5,13006,Coari,AM,2014,3,135,169227,105.18416091994777,87.28273419018969,17.901426729758086,32.47117776714118,424.5924113764352,TRUE,133
P. vivax,model5,13007,Manaus,AM,2014,1,133,2285623,54.33967019057823,32.966478961543345,21.373191229034887,12.725195712503767,184.77784831531693,TRUE,133
P. vivax,model5,13007,Manaus,AM,2014,2,134,2285623,40.64537327459516,28.258852867717753,12.386520406877406,11.637964791218849,162.94353880758078,TRUE,133
P. vivax,model5,13007,Manaus,AM,2014,3,135,2285623,32.3325412808674,31.94719081425938,0.3853504666080241,13.262248411045917,183.5232669604742,TRUE,133
P. vivax,model5,13008,Rio Preto da Eva,AM,2014,1,133,61674,116.74287382041054,200.58887613859255,-83.84600231818202,63.92483056069008,872.0449460064203,TRUE,133
P. vivax,model5,13008,Rio Preto da Eva,AM,2014,2,134,61674,74.58572494081785,144.9472821151297,-70.36155717431184,42.927327561046795,673.3793819113398,TRUE,133
P. vivax,model5,13008,Rio Preto da Eva,AM,2014,3,135,61674,77.82858254694037,122.82756074336432,-44.99897819642395,33.19875474267925,525.9915037130713,TRUE,133
P. vivax,model5,13009,Itacoatiara,AM,2014,1,133,168711,4.14910705288926,7.024975873413883,-2.875868820524623,0.5927295789841801,41.92079947365601,TRUE,133
P. vivax,model5,13009,Itacoatiara,AM,2014,2,134,168711,9.483673263746882,4.924772668729286,4.558900595017596,0,28.480656270189826,TRUE,133
P. vivax,model5,13009,Itacoatiara,AM,2014,3,135,168711,5.927295789841801,4.897855360287394,1.0294404295544064,0,29.354932399191505,TRUE,133
P. vivax,model5,13010,Parintins,AM,2014,1,133,266488,9.006034042808682,7.340744980640535,1.6652890621681475,1.8762570922518087,39.59840593197441,TRUE,133
P. vivax,model5,13010,Parintins,AM,2014,2,134,266488,15.01005673801447,5.7214657730673855,9.288590964947083,0.7505028369007235,32.468628981417545,TRUE,133
P. vivax,model5,13010,Parintins,AM,2014,3,135,266488,7.880279787457596,6.915525802897088,0.9647539845605078,2.054501516015731,36.596394584371524,TRUE,133
P. vivax,model5,13011,Boca do Acre,AM,2014,1,133,52413,106.84372197737203,117.82329190344456,-10.979569926072529,35.24888863449908,599.5649934176631,TRUE,133
P. vivax,model5,13011,Boca do Acre,AM,2014,2,134,52413,164.0814301795356,102.01944604280106,62.06198413673454,37.15681224123786,493.43674279281834,TRUE,133
P. vivax,model5,13011,Boca do Acre,AM,2014,3,135,52413,131.64672886497624,123.55783629894788,8.088892566028363,36.059756167363076,601.0913323030545,TRUE,133
P. vivax,model5,13012,Purus,AM,2014,1,133,75649,482.4915068275853,225.88432639789917,256.6071804296861,93.16051765390156,1159.0701793810886,TRUE,133
P. vivax,model5,13012,Purus,AM,2014,2,134,75649,466.6287723565414,230.2937327651624,236.335039591379,95.80430673240889,1200.4454784597278,TRUE,133
P. vivax,model5,13012,Purus,AM,2014,3,135,75649,799.7461962484633,361.01398034211337,438.73221590634995,163.1548335073828,1894.8697272931522,TRUE,133
P. vivax,model5,13013,Madeira,AM,2014,1,133,185281,58.28984083635127,42.834510624325006,15.455330212026261,10.511061576740195,200.5197510807908,TRUE,133
P. vivax,model5,13013,Madeira,AM,2014,2,134,185281,38.32017314241612,42.99646321058906,-4.676290068172946,13.209665319163864,211.5840264247276,TRUE,133
P. vivax,model5,13013,Madeira,AM,2014,3,135,185281,41.55849763332452,56.760215773004404,-15.201718139679883,18.06715205552647,297.521062602209,TRUE,133
P. vivax,model5,14001,Boa Vista,RR,2014,1,133,353589,122.17574641745077,122.93603387689758,-0.7602874594468148,38.971800593344256,631.5878039192389,TRUE,133
P. vivax,model5,14001,Boa Vista,RR,2014,2,134,353589,93.89432363563346,94.75347146789397,-0.8591478322605184,29.532875739912726,459.5943312716166,TRUE,133
P. vivax,model5,14001,Boa Vista,RR,2014,3,135,353589,106.05533543181491,96.7606383970012,9.294697034813709,32.91250576233989,490.944288425261,TRUE,133
P. vivax,model5,14002,Nordeste de Roraima,RR,2014,1,133,46668,122.13936744664437,109.22957095105599,12.909796495588381,34.284734721865085,561.5196708665467,TRUE,133
P. vivax,model5,14002,Nordeste de Roraima,RR,2014,2,134,46668,122.13936744664437,90.53845848618184,31.600908960462533,23.57075512128225,499.3785891831661,TRUE,133
P. vivax,model5,14002,Nordeste de Roraima,RR,2014,3,135,46668,111.42538784606154,81.80230094376402,29.623086902297516,31.016970943687326,393.79232021942175,TRUE,133
P. vivax,model5,14003,Caracaraí,RR,2014,1,133,46161,262.1260371309114,151.76806553695562,110.3579715939558,53.02094841966162,868.9153181256904,TRUE,133
P. vivax,model5,14003,Caracaraí,RR,2014,2,134,46161,242.6290591624965,112.53556666080661,130.0934925016899,36.610991962912436,662.084876844089,TRUE,133
P. vivax,model5,14003,Caracaraí,RR,2014,3,135,46161,186.3044561426312,109.10165264090668,77.20280350172453,30.220315851043093,628.4525898485733,TRUE,133
P. vivax,model5,14004,Sudeste de Roraima,RR,2014,1,133,50518,401.8369690011481,313.0772407745689,88.75972822657917,115.65184686646344,1416.5742903519536,TRUE,133
P. vivax,model5,14004,Sudeste de Roraima,RR,2014,2,134,50518,296.92386872006017,229.65081989795468,67.2730488221055,73.1422463280415,1070.2620848014567,TRUE,133
P. vivax,model5,14004,Sudeste de Roraima,RR,2014,3,135,50518,261.29300447365296,232.29661138853587,28.99639308511709,85.0192010768439,1155.7761589928336,TRUE,133
P. vivax,model5,15001,Óbidos,PA,2014,1,133,196298,2.037718163200848,1.7408922039108838,0.296825959289964,0,10.69802035680445,TRUE,133
P. vivax,model5,15001,Óbidos,PA,2014,2,134,196298,1.5282886224006358,1.4200815182296276,0.1082071041710082,0,9.437182243323914,TRUE,133
P. vivax,model5,15001,Óbidos,PA,2014,3,135,196298,1.5282886224006358,1.6095153565713816,-0.08122673417074577,0,10.965470865724551,TRUE,133
P. vivax,model5,15002,Santarém,PA,2014,1,133,503673,12.111032356310542,6.723703897209879,5.3873284591006625,1.6826393314710142,31.086637560480693,TRUE,133
P. vivax,model5,15002,Santarém,PA,2014,2,134,503673,7.544577533439355,6.679537136489893,0.8650403969494622,1.9854151403787774,33.01745378449902,TRUE,133
P. vivax,model5,15002,Santarém,PA,2014,3,135,503673,7.94166056151511,7.443464798634375,0.4981957628807345,1.7868736263408997,32.17365234983808,TRUE,133
P. vivax,model5,15003,Almeirim,PA,2014,1,133,71135,19.68088845153581,19.354025988071594,0.32686246346421655,4.217333239614817,102.02431995501502,TRUE,133
P. vivax,model5,15003,Almeirim,PA,2014,2,134,71135,11.246221972306179,17.222077790524022,-5.975855818217843,1.4057777465382724,78.05580937653754,TRUE,133
P. vivax,model5,15003,Almeirim,PA,2014,3,135,71135,21.086666198074084,14.672246294170826,6.414419903903259,0,73.83847613692272,TRUE,133
P. vivax,model5,15004,Portel,PA,2014,1,133,142011,7.74587884037152,27.28584812661186,-19.53996928624034,6.2671201526642335,131.380667694756,TRUE,133
P. vivax,model5,15004,Portel,PA,2014,2,134,142011,22.53346571744442,28.85686219836641,-6.323396480921989,7.376189168444698,140.97499489476155,TRUE,133
P. vivax,model5,15004,Portel,PA,2014,3,135,142011,26.758490539465257,29.75929337334803,-3.000802833882773,7.376189168444698,143.017090225405,TRUE,133
P. vivax,model5,15005,Furos de Breves,PA,2014,1,133,217765,74.39211994581315,75.7829163077838,-1.3907963619706436,30.91635478612266,408.49080430739536,TRUE,133
P. vivax,model5,15005,Furos de Breves,PA,2014,2,134,217765,89.086859688196,85.77692627500677,3.3099334131892277,34.85408582646431,419.71850389181,TRUE,133
P. vivax,model5,15005,Furos de Breves,PA,2014,3,135,217765,78.52501549835831,95.5507133555066,-17.025697857148288,47.298693545794784,510.48148233187044,TRUE,133
P. vivax,model5,15006,Arari,PA,2014,1,133,165571,3.62382301248407,4.6013473685105835,-0.9775243560265134,0,27.49575710722287,TRUE,133
P. vivax,model5,15006,Arari,PA,2014,2,134,165571,3.0198525104033918,6.499896209071538,-3.4800436986681467,0.2868859884883231,42.595019659239824,TRUE,133
P. vivax,model5,15006,Arari,PA,2014,3,135,165571,3.0198525104033918,8.435153284821642,-5.41530077441825,0.6039705020806784,55.30859872803808,TRUE,133
P. vivax,model5,15007,Belém,PA,2014,1,133,2242436,0.5797266900816791,0.9980831865830674,-0.4183564965013883,0.1995597644704242,4.459436077551377,TRUE,133
P. vivax,model5,15007,Belém,PA,2014,2,134,2242436,0.5797266900816791,0.858112784313297,-0.27838609423161786,0.17837744310205508,4.12609323075441,TRUE,133
P. vivax,model5,15007,Belém,PA,2014,3,135,2242436,0.8472928547347617,0.9660093254574702,-0.11871647072270852,0.1549654036949104,4.372477074039123,TRUE,133
P. vivax,model5,15008,Castanhal,PA,2014,1,133,319481,0.31300765929742297,0.477938426095912,-0.164930766798489,0,4.069099570866499,TRUE,133
P. vivax,model5,15008,Castanhal,PA,2014,2,134,319481,0.6260153185948459,0.4050402058499227,0.22097511274492326,0,2.817068933676807,TRUE,133
P. vivax,model5,15008,Castanhal,PA,2014,3,135,319481,0,0.3981335423263861,-0.3981335423263861,0,2.981397954807947,TRUE,133
P. vivax,model5,15009,Salgado,PA,2014,1,133,258222,3.0981093787516163,4.237537602350404,-1.1394282235987876,0.7745273446879041,26.759919758967055,TRUE,133
P. vivax,model5,15009,Salgado,PA,2014,2,134,258222,0,4.151457363383053,-4.151457363383053,0.18395024436337776,26.53724314736931,FALSE,133
P. vivax,model5,15009,Salgado,PA,2014,3,135,258222,1.9363183617197606,6.192892545464982,-4.256574183745221,0.5712139167073298,37.380625972999965,TRUE,133
P. vivax,model5,15010,Bragantina,PA,2014,1,133,401712,0.24893456008284545,0.38225508041211254,-0.13332052032926708,0,2.7382801609113,TRUE,133
P. vivax,model5,15010,Bragantina,PA,2014,2,134,401712,0,0.33022265653793553,-0.33022265653793553,0,2.371101684789097,TRUE,133
P. vivax,model5,15010,Bragantina,PA,2014,3,135,401712,0.7468036802485363,0.3561089642711732,0.39069471597736305,0,2.2404110407456086,TRUE,133
P. vivax,model5,15011,Cametá,PA,2014,1,133,466929,2.3558185505719287,3.5700458198388687,-1.21422726926694,0.6424959683377987,18.530654553476005,TRUE,133
P. vivax,model5,15011,Cametá,PA,2014,2,134,466929,0.21416532277926623,3.5017962021617066,-3.2876308793824403,0.42833064555853245,19.91737501847176,FALSE,133
P. vivax,model5,15011,Cametá,PA,2014,3,135,466929,0.6424959683377987,3.2539358696811003,-2.6114399013433016,0.21416532277926623,18.11303217405643,TRUE,133
P. vivax,model5,15012,Tomé-Açu,PA,2014,1,133,314645,2.2247294570071032,1.9894322541744662,0.235297202832637,0,11.759284272751831,TRUE,133
P. vivax,model5,15012,Tomé-Açu,PA,2014,2,134,314645,1.2712739754326303,1.4429478844403791,-0.17167390900774882,0,9.415372880547881,TRUE,133
P. vivax,model5,15012,Tomé-Açu,PA,2014,3,135,314645,0.3178184938581576,1.3088396387945924,-0.9910211449364348,0,8.263280840312097,TRUE,133
P. vivax,model5,15013,Guamá,PA,2014,1,133,455970,0.43862534815887017,0.9650015248750214,-0.5263761767161512,0,6.360067548303617,TRUE,133
P. vivax,model5,15013,Guamá,PA,2014,2,134,455970,0.21931267407943508,0.932781712308134,-0.7134690382286989,0,5.055157137530968,TRUE,133
P. vivax,model5,15013,Guamá,PA,2014,3,135,455970,0.21931267407943508,1.0056480427705214,-0.7863353686910863,0,7.68690922648419,TRUE,133
P. vivax,model5,15014,Itaituba,PA,2014,1,133,213536,289.41255806983366,238.01376865351008,51.39878941632358,107.44089989509965,1236.4425670612914,TRUE,133
P. vivax,model5,15014,Itaituba,PA,2014,2,134,213536,256.16289524951293,203.66237302031027,52.50052222920266,99.97143338828113,1071.2947699685271,TRUE,133
P. vivax,model5,15014,Itaituba,PA,2014,3,135,213536,214.9520455567211,213.50396163239554,1.4480839243255446,100.59193765922375,1173.209669563914,TRUE,133
P. vivax,model5,15015,Altamira,PA,2014,1,133,290730,45.74691294328071,32.99713810724009,12.749774836040622,14.446393561036013,174.80136208853537,TRUE,133
P. vivax,model5,15015,Altamira,PA,2014,2,134,290730,30.95655763079146,27.21034134221345,3.746216288578008,10.989577958930969,145.0572696316169,TRUE,133
P. vivax,model5,15015,Altamira,PA,2014,3,135,290730,26.141093110446118,21.833026342073577,4.308066768372541,8.925807450211536,120.4640044027102,TRUE,133
P. vivax,model5,15016,Tucuruí,PA,2014,1,133,356928,11.486910525372064,17.720648070027305,-6.233737544655241,4.895945400753094,95.25730679576834,TRUE,133
P. vivax,model5,15016,Tucuruí,PA,2014,2,134,356928,10.646404877174108,13.944119959827107,-3.2977150826529993,4.762865339788417,71.49901380670607,TRUE,133
P. vivax,model5,15016,Tucuruí,PA,2014,3,135,356928,13.167921821767976,11.247399357176697,1.9205224645912793,3.6421911421911424,57.91784337457409,TRUE,133
P. vivax,model5,15017,Paragominas,PA,2014,1,133,322755,2.478660284116435,6.63759097877694,-4.158930694660505,2.00616566745674,38.729066939319296,TRUE,133
P. vivax,model5,15017,Paragominas,PA,2014,2,134,322755,1.5491626775727718,5.7830333774786,-4.233870699905828,1.5491626775727718,38.14038512184162,TRUE,133
P. vivax,model5,15017,Paragominas,PA,2014,3,135,322755,0.9294976065436632,4.918417484744017,-3.988919878200354,0.7668355253985226,27.164567551238505,TRUE,133
P. vivax,model5,15018,São Félix do Xingu,PA,2014,1,133,193850,4.642765024503482,1.2746944158654805,3.3680706086380012,0,8.769667268506577,TRUE,133
P. vivax,model5,15018,São Félix do Xingu,PA,2014,2,134,193850,18.571060098013927,1.3104113279185672,17.260648770095358,0,10.58808356977043,FALSE,133
P. vivax,model5,15018,São Félix do Xingu,PA,2014,3,135,193850,17.539334537013154,1.7965459861530804,15.742788550860073,0,13.683260252772751,FALSE,133
P. vivax,model5,15019,Parauapebas,PA,2014,1,133,292211,2.053310792543744,1.7164383285472684,0.33687246399647575,0,9.924335497294763,TRUE,133
P. vivax,model5,15019,Parauapebas,PA,2014,2,134,292211,0.6844369308479147,1.3810821785991676,-0.6966452477512529,0,7.528806239327062,TRUE,133
P. vivax,model5,15019,Parauapebas,PA,2014,3,135,292211,0.6844369308479147,1.1770937717392569,-0.4926568408913422,0,7.8881356280222015,TRUE,133
P. vivax,model5,15020,Marabá,PA,2014,1,133,309469,2.2619389987365457,1.4028350492054955,0.8591039495310502,0,9.540535562528065,TRUE,133
P. vivax,model5,15020,Marabá,PA,2014,2,134,309469,2.2619389987365457,1.137584412298701,1.1243545864378446,0,7.278596563791519,TRUE,133
P. vivax,model5,15020,Marabá,PA,2014,3,135,309469,0.969402428029948,1.1159053462001505,-0.14650291817020245,0,6.971619128248688,TRUE,133
P. vivax,model5,15021,Redenção,PA,2014,1,133,188791,2.6484313341208003,2.675829323742875,-0.027397989622074626,0,17.22804582845579,TRUE,133
P. vivax,model5,15021,Redenção,PA,2014,2,134,188791,4.237490134593281,2.459366822081384,1.7781233125118967,0,16.698359561631634,TRUE,133
P. vivax,model5,15021,Redenção,PA,2014,3,135,188791,5.296862668241601,2.377767940828993,2.919094727412608,0,15.109300761159151,TRUE,133
P. vivax,model5,15022,Conceição do Araguaia,PA,2014,1,133,149806,0,0.6792494877667841,-0.6792494877667841,0,5.340240043789969,TRUE,133
P. vivax,model5,15022,Conceição do Araguaia,PA,2014,2,134,149806,0.6675300054737461,0.7296414766888696,-0.062111471215123504,0,6.007770049263715,TRUE,133
P. vivax,model5,15022,Conceição do Araguaia,PA,2014,3,135,149806,0.6675300054737461,0.8296244973125738,-0.16209449183882774,0,6.358223302137416,TRUE,133
P. vivax,model5,16001,Oiapoque,AP,2014,1,133,33607,785.5506293331746,689.3833215315022,96.16730780167234,304.921593715595,3459.472728895763,TRUE,133
P. vivax,model5,16001,Oiapoque,AP,2014,2,134,33607,586.187401434225,515.6890580025574,70.49834343166754,224.28363138631835,2794.2095396792333,TRUE,133
P. vivax,model5,16001,Oiapoque,AP,2014,3,135,33607,428.4821614544589,529.2815793701228,-100.79941791566392,221.60561787722796,2722.944624631773,TRUE,133
P. vivax,model5,16002,Amapá,AP,2014,1,133,27711,317.56342246761216,244.6157385155593,72.94768395205287,93.82555663815813,1215.4920428710611,TRUE,133
P. vivax,model5,16002,Amapá,AP,2014,2,134,27711,176.82508751037494,240.16530621247637,-63.340218702101424,95.53967738443218,1271.9678106167194,TRUE,133
P. vivax,model5,16002,Amapá,AP,2014,3,135,27711,191.25978853163002,215.9490799441696,-24.689291412539575,86.60820612753058,1046.69625780376,TRUE,133
P. vivax,model5,16003,Macapá,AP,2014,1,133,611615,99.73594499807885,72.46657825824262,27.26936673983623,31.110257269687633,314.6669064689387,TRUE,133
P. vivax,model5,16003,Macapá,AP,2014,2,134,611615,78.80774670340001,58.01078838600576,20.796958317394257,24.353555749940732,247.1939046622466,TRUE,133
P. vivax,model5,16003,Macapá,AP,2014,3,135,611615,52.48399728587428,45.781774491415675,6.702222794458606,17.572328997817255,197.61205987426715,TRUE,133
P. vivax,model5,16004,Mazagão,AP,2014,1,133,77979,292.386411726234,188.80187791643533,103.58453380979864,88.35712178919965,939.3875274112249,TRUE,133
P. vivax,model5,16004,Mazagão,AP,2014,2,134,77979,192.35948139883814,154.8482878279179,37.511193570920256,69.12117364931584,725.932622885648,TRUE,133
P. vivax,model5,16004,Mazagão,AP,2014,3,135,77979,157.73477474704728,153.1807282923119,4.554046454735385,73.5775016350556,808.2945408379176,TRUE,133
P. vivax,model5,17001,Bico do Papagaio,TO,2014,1,133,209048,0,0.9155459987279033,-0.9155459987279033,0,5.991446940415587,TRUE,133
P. vivax,model5,17001,Bico do Papagaio,TO,2014,2,134,209048,0,0.8360774925086102,-0.8360774925086102,0,7.175385557383951,TRUE,133
P. vivax,model5,17001,Bico do Papagaio,TO,2014,3,135,209048,1.91343614863572,0.782008318209414,1.1314278304263061,0,5.2619494087482295,TRUE,133
P. vivax,model5,17002,Araguaína,TO,2014,1,133,302864,0.6603624068889006,0.15486809482836494,0.5054943120605356,0,1.8242511490305806,TRUE,133
P. vivax,model5,17002,Araguaína,TO,2014,2,134,302864,0,0.13574860653936177,-0.13574860653936177,0,1.3207248137778012,TRUE,133
P. vivax,model5,17002,Araguaína,TO,2014,3,135,302864,0.6603624068889006,0.1272757432534791,0.5330866636354215,0,1.3207248137778012,TRUE,133
P. vivax,model5,17003,Miracema do Tocantins,TO,2014,1,133,148107,0,0.04896763322420993,-0.04896763322420993,0,0.6751875333373845,TRUE,133
P. vivax,model5,17003,Miracema do Tocantins,TO,2014,2,134,148107,0,0.04898136266500693,-0.04898136266500693,0,0.6751875333373845,TRUE,133
P. vivax,model5,17003,Miracema do Tocantins,TO,2014,3,135,148107,0,0.05124663430888104,-0.05124663430888104,0,0.6751875333373845,TRUE,133
P. vivax,model5,17004,Rio Formoso,TO,2014,1,133,123649,0,0.2213404216620714,-0.2213404216620714,0,2.4262226140122443,TRUE,133
P. vivax,model5,17004,Rio Formoso,TO,2014,2,134,123649,0,0.2242353595781041,-0.2242353595781041,0,2.4262226140122443,TRUE,133
P. vivax,model5,17004,Rio Formoso,TO,2014,3,135,123649,0,0.24432825070378866,-0.24432825070378866,0,2.4262226140122443,TRUE,133
P. vivax,model5,17005,Gurupi,TO,2014,1,133,146042,0,0.02809536245421887,-0.02809536245421887,0,0.6847345284233303,TRUE,133
P. vivax,model5,17005,Gurupi,TO,2014,2,134,146042,0,0.030792789458455705,-0.030792789458455705,0,0.6847345284233303,TRUE,133
P. vivax,model5,17005,Gurupi,TO,2014,3,135,146042,0,0.03630233017146648,-0.03630233017146648,0,0.6847345284233303,TRUE,133
P. vivax,model5,17006,Porto Nacional,TO,2014,1,133,366873,0.2725738879666806,0.21155026374922287,0.06102362421745772,0,1.6354433278000835,TRUE,133
P. vivax,model5,17006,Porto Nacional,TO,2014,2,134,366873,0,0.22314478399321072,-0.22314478399321072,0,1.6354433278000835,TRUE,133
P. vivax,model5,17006,Porto Nacional,TO,2014,3,135,366873,0,0.257258230768573,-0.257258230768573,0,1.9080172157667639,TRUE,133
P. vivax,model5,17007,Jalapão,TO,2014,1,133,77087,0,0.0025060359269141884,-0.0025060359269141884,0,0,TRUE,133
P. vivax,model5,17007,Jalapão,TO,2014,2,134,77087,0,0.0026061853901985397,-0.0026061853901985397,0,0,TRUE,133
P. vivax,model5,17007,Jalapão,TO,2014,3,135,77087,0,0.0030674410202195896,-0.0030674410202195896,0,0,TRUE,133
P. vivax,model5,17008,Dianópolis,TO,2014,1,133,123210,0,0.00750738361072345,-0.00750738361072345,0,0,TRUE,133
P. vivax,model5,17008,Dianópolis,TO,2014,2,134,123210,0,0.008891813133270265,-0.008891813133270265,0,0.8116224332440548,TRUE,133
P. vivax,model5,17008,Dianópolis,TO,2014,3,135,123210,0,0.011077357845199516,-0.011077357845199516,0,0.42610177745311034,TRUE,133
P. vivax,model5,21001,Litoral Ocidental Maranhense,MA,2014,1,133,186768,0,0.3007355315307636,-0.3007355315307636,0,2.6771181358690996,TRUE,133
P. vivax,model5,21001,Litoral Ocidental Maranhense,MA,2014,2,134,186768,0,0.2574015552746179,-0.2574015552746179,0,2.6771181358690996,TRUE,133
P. vivax,model5,21001,Litoral Ocidental Maranhense,MA,2014,3,135,186768,0,0.36705146460534627,-0.36705146460534627,0,3.493639167309163,TRUE,133
P. vivax,model5,21002,Aglomeração Urbana de São Luís,MA,2014,1,133,1381459,0,0.13147655243953552,-0.13147655243953552,0,0.7238723697192606,TRUE,133
P. vivax,model5,21002,Aglomeração Urbana de São Luís,MA,2014,2,134,1381459,0.07238723697192606,0.13110359001551872,-0.058716353043592656,0,0.9410340806350388,TRUE,133
P. vivax,model5,21002,Aglomeração Urbana de São Luís,MA,2014,3,135,1381459,0.07238723697192606,0.17441493164848235,-0.10202769467655629,0,1.158195791550817,TRUE,133
P. vivax,model5,21003,Rosário,MA,2014,1,133,170773,0,0.2337313459427247,-0.2337313459427247,0,2.3422906431344535,TRUE,133
P. vivax,model5,21003,Rosário,MA,2014,2,134,170773,0,0.22621221559113477,-0.22621221559113477,0,2.3422906431344535,TRUE,133
P. vivax,model5,21003,Rosário,MA,2014,3,135,170773,0,0.2967970362006006,-0.2967970362006006,0,2.9278633039180666,TRUE,133
P. vivax,model5,21004,Lençóis Maranhenses,MA,2014,1,133,189098,0,0.03721696086290126,-0.03721696086290126,0,0.5288263228590466,TRUE,133
P. vivax,model5,21004,Lençóis Maranhenses,MA,2014,2,134,189098,0,0.05048137511191237,-0.05048137511191237,0,1.0576526457180933,TRUE,133
P. vivax,model5,21004,Lençóis Maranhenses,MA,2014,3,135,189098,0,0.0821655131604736,-0.0821655131604736,0,1.0576526457180933,TRUE,133
P. vivax,model5,21005,Baixada Maranhense,MA,2014,1,133,585881,3.072296251286524,3.101670795053484,-0.029374543766959693,0.5120493752144207,16.214896881789986,TRUE,133
P. vivax,model5,21005,Baixada Maranhense,MA,2014,2,134,585881,1.536148125643262,2.516640540215339,-0.9804924145720768,0.42244073455189735,13.825333130789357,TRUE,133
P. vivax,model5,21005,Baixada Maranhense,MA,2014,3,135,585881,2.5602468760721036,2.6537308606785084,-0.09348398460640484,0.42244073455189735,14.435525302919864,TRUE,133
P. vivax,model5,21006,Itapecuru Mirim,MA,2014,1,133,226672,0,0.24103553200751812,-0.24103553200751812,0,2.2058304510482105,TRUE,133
P. vivax,model5,21006,Itapecuru Mirim,MA,2014,2,134,226672,0,0.2884206964256642,-0.2884206964256642,0,2.2058304510482105,TRUE,133
P. vivax,model5,21006,Itapecuru Mirim,MA,2014,3,135,226672,1.3234982706289264,0.4681929816572501,0.8553052889716763,0,3.529328721677137,TRUE,133
P. vivax,model5,21007,Gurupi,MA,2014,1,133,233474,5.996385036449455,5.357861612621927,0.6385234238275279,0.8566264337784935,27.41204588091179,TRUE,133
P. vivax,model5,21007,Gurupi,MA,2014,2,134,233474,3.426505735113974,5.3041559718637,-1.8776502367497265,0.8566264337784935,30.453069720825404,TRUE,133
P. vivax,model5,21007,Gurupi,MA,2014,3,135,233474,4.7114453857817145,6.786506851347375,-2.0750614655656605,1.713252867556987,45.65818892039347,TRUE,133
P. vivax,model5,21008,Pindaré,MA,2014,1,133,648120,14.50348700857866,5.840786350070721,8.662700658507937,1.6972165648336728,30.376319200148068,TRUE,133
P. vivax,model5,21008,Pindaré,MA,2014,2,134,648120,8.640375239153244,5.051114046312771,3.589261192840473,1.2343393198790347,31.417793001296037,TRUE,133
P. vivax,model5,21008,Pindaré,MA,2014,3,135,648120,8.023205579213725,5.492291356955846,2.530914222257879,1.5429241498487936,29.492995124359666,TRUE,133
P. vivax,model5,21009,Imperatriz,MA,2014,1,133,583526,1.8850916668666007,1.72963931900738,0.15545234785922069,0.1713719697151455,10.453690152623876,TRUE,133
P. vivax,model5,21009,Imperatriz,MA,2014,2,134,583526,1.8850916668666007,1.4869027048513515,0.3981889620152492,0,9.686800588148596,TRUE,133
P. vivax,model5,21009,Imperatriz,MA,2014,3,135,583526,1.713719697151455,1.4432596758602525,0.2704600212912025,0,8.487196800142577,TRUE,133
P. vivax,model5,21010,Médio Mearim,MA,2014,1,133,415623,2.4060266154664203,1.6261807278610345,0.7798458876053858,0,8.661695815679114,TRUE,133
P. vivax,model5,21010,Médio Mearim,MA,2014,2,134,415623,1.9248212923731363,1.5414188936359008,0.3834023987372355,0,10.105311784958964,TRUE,133
P. vivax,model5,21010,Médio Mearim,MA,2014,3,135,415623,1.6842186308264944,1.7881830353059607,-0.10396440447946631,0,11.320355225769497,TRUE,133
P. vivax,model5,21011,Alto Mearim e Grajaú,MA,2014,1,133,323562,6.490255345188865,3.559370236606018,2.9308851085828476,0.30905977834232695,21.7964408675926,TRUE,133
P. vivax,model5,21011,Alto Mearim e Grajaú,MA,2014,2,134,323562,6.181195566846539,3.065196518866318,3.115999047980221,0.30905977834232695,17.469603970800026,TRUE,133
P. vivax,model5,21011,Alto Mearim e Grajaú,MA,2014,3,135,323562,7.417434680215846,3.1254813814111997,4.291953298804646,0,17.500509948634228,TRUE,133
P. vivax,model5,21012,Presidente Dutra,MA,2014,1,133,194658,3.5960505090980077,0.7505153006253205,2.845535208472687,0,5.137215012997154,TRUE,133
P. vivax,model5,21012,Presidente Dutra,MA,2014,2,134,194658,1.5411645038991462,0.7215753703849239,0.8195891335142222,0,5.4069188011794935,TRUE,133
P. vivax,model5,21012,Presidente Dutra,MA,2014,3,135,194658,1.5411645038991462,0.8732250857635875,0.6679394181355587,0,5.4069188011794935,TRUE,133
P. vivax,model5,21013,Baixo Parnaíba Maranhense,MA,2014,1,133,141167,1.4167617077645627,0.6830002973322709,0.7337614104322918,0,6.038946779346432,TRUE,133
P. vivax,model5,21013,Baixo Parnaíba Maranhense,MA,2014,2,134,141167,1.4167617077645627,0.6424325121663175,0.7743291955982452,0,5.667046831058251,TRUE,133
P. vivax,model5,21013,Baixo Parnaíba Maranhense,MA,2014,3,135,141167,0.7083808538822813,0.6767414655751024,0.03163938830717894,0,4.958665977175969,TRUE,133
P. vivax,model5,21014,Chapadinha,MA,2014,1,133,236667,0.8450692322968558,0.17026371449492111,0.6748055178019348,0,1.6901384645937116,TRUE,133
P. vivax,model5,21014,Chapadinha,MA,2014,2,134,236667,0.8450692322968558,0.1567864615813603,0.6882827707154955,0,1.6901384645937116,TRUE,133
P. vivax,model5,21014,Chapadinha,MA,2014,3,135,236667,0.4225346161484279,0.16336531726512665,0.25916929888330126,0,1.6901384645937116,TRUE,133
P. vivax,model5,21015,Codó,MA,2014,1,133,271051,16.233107422588372,0.9695649889148442,15.263542433673528,0,6.271882413272779,FALSE,133
P. vivax,model5,21015,Codó,MA,2014,2,134,271051,7.7476194516899035,0.9529932793073896,6.794626172382514,0,7.5723756783778615,FALSE,133
P. vivax,model5,21015,Codó,MA,2014,3,135,271051,3.689342596042811,1.2305174821940297,2.458825113848781,0,8.679178457190705,TRUE,133
P. vivax,model5,21016,Coelho Neto,MA,2014,1,133,90879,0,0.16171093586342566,-0.16171093586342566,0,2.2007284411140087,TRUE,133
P. vivax,model5,21016,Coelho Neto,MA,2014,2,134,90879,0,0.13933298879959974,-0.13933298879959974,0,2.2007284411140087,TRUE,133
P. vivax,model5,21016,Coelho Neto,MA,2014,3,135,90879,0,0.12952786588526846,-0.12952786588526846,0,2.2007284411140087,TRUE,133
P. vivax,model5,21017,Caxias,MA,2014,1,133,431688,1.8531902670447173,0.2519777971383661,1.6012124699063512,0,1.8531902670447173,TRUE,133
P. vivax,model5,21017,Caxias,MA,2014,2,134,431688,2.7797854005670763,0.2406733712746272,2.539112029292449,0,1.6215414836641278,FALSE,133
P. vivax,model5,21017,Caxias,MA,2014,3,135,431688,1.3898927002835382,0.26523730402336443,1.1246553962601737,0,1.6215414836641278,TRUE,133
P. vivax,model5,21018,Chapadas do Alto Itapecuru,MA,2014,1,133,215316,0,0.39636569057013415,-0.39636569057013415,0,3.2510356870831707,TRUE,133
P. vivax,model5,21018,Chapadas do Alto Itapecuru,MA,2014,2,134,215316,0.4644336695833101,0.3100000116229466,0.1544336579603635,0,3.2510356870831707,TRUE,133
P. vivax,model5,21018,Chapadas do Alto Itapecuru,MA,2014,3,135,215316,0.4644336695833101,0.3082582904206342,0.15617537916267593,0,2.3221683479165507,TRUE,133
P. vivax,model5,21019,Porto Franco,MA,2014,1,133,116059,0.8616307223050345,0.5438409191718251,0.31778980313320937,0,5.169784333830207,TRUE,133
P. vivax,model5,21019,Porto Franco,MA,2014,2,134,116059,0.8616307223050345,0.45086473756365675,0.4107659847413777,0,4.308153611525173,TRUE,133
P. vivax,model5,21019,Porto Franco,MA,2014,3,135,116059,0.8616307223050345,0.4426496206731062,0.41898110163192825,0,4.308153611525173,TRUE,133
P. vivax,model5,21020,Gerais de Balsas,MA,2014,1,133,138048,0,0.008289897540797387,-0.008289897540797387,0,0,TRUE,133
P. vivax,model5,21020,Gerais de Balsas,MA,2014,2,134,138048,0,0.0076088547304682145,-0.0076088547304682145,0,0,TRUE,133
P. vivax,model5,21020,Gerais de Balsas,MA,2014,3,135,138048,0,0.008455813516004159,-0.008455813516004159,0,0,TRUE,133
P. vivax,model5,21021,Chapadas das Mangabeiras,MA,2014,1,133,70395,0,0.0465838101937878,-0.0465838101937878,0,1.420555437175936,TRUE,133
P. vivax,model5,21021,Chapadas das Mangabeiras,MA,2014,2,134,70395,0,0.041533791739494355,-0.041533791739494355,0,1.420555437175936,TRUE,133
P. vivax,model5,21021,Chapadas das Mangabeiras,MA,2014,3,135,70395,0,0.04834230982504083,-0.04834230982504083,0,1.420555437175936,TRUE,133
P. vivax,model5,51001,Aripuanã,MT,2014,1,133,152295,38.08398174595358,23.66439425925486,14.41958748669872,4.908237302603501,111.3792310975409,TRUE,133
P. vivax,model5,51001,Aripuanã,MT,2014,2,134,152295,17.72875012311632,20.91835210552409,-3.189601982407769,4.2516169276732665,97.90209790209784,TRUE,133
P. vivax,model5,51001,Aripuanã,MT,2014,3,135,152295,12.475787123674447,21.341899081524247,-8.8661119578498,5.2529629994418725,111.65829475688628,TRUE,133
P. vivax,model5,51002,Alta Floresta,MT,2014,1,133,102328,25.408490344773668,21.964233603801777,3.444256740971891,3.9089985145805644,119.32217965757164,TRUE,133
P. vivax,model5,51002,Alta Floresta,MT,2014,2,134,102328,15.635994058322257,15.151607886514949,0.4843861718073086,2.9317488859354235,81.20944414041114,TRUE,133
P. vivax,model5,51002,Alta Floresta,MT,2014,3,135,102328,13.681494801031976,12.41586685517711,1.265627945854865,0.9772496286451411,65.011531545618,TRUE,133
P. vivax,model5,51003,Colíder,MT,2014,1,133,148564,10.769769257693653,12.527487818679397,-1.7577185609857437,2.6924423144234133,79.10732075065289,TRUE,133
P. vivax,model5,51003,Colíder,MT,2014,2,134,148564,6.057995207452681,10.166078212172463,-4.1080830047197825,2.6924423144234133,66.35187528607194,TRUE,133
P. vivax,model5,51003,Colíder,MT,2014,3,135,148564,8.750437521876094,10.192358751140977,-1.4419212292648833,0.9928381034436347,66.45284187286273,TRUE,133
P. vivax,model5,51004,Parecis,MT,2014,1,133,99190,4.032664583123299,0.9518740452054844,3.080790537917814,0,8.594616392781507,TRUE,133
P. vivax,model5,51004,Parecis,MT,2014,2,134,99190,1.0081661457808246,1.0558381922684614,-0.04767204648763679,0,8.594616392781507,TRUE,133
P. vivax,model5,51004,Parecis,MT,2014,3,135,99190,1.0081661457808246,1.3399608328565638,-0.3317946870757391,0,9.602782538562332,TRUE,133
P. vivax,model5,51005,Arinos,MT,2014,1,133,78503,0,0.3291587222184744,-0.3291587222184744,0,3.821510005987032,TRUE,133
P. vivax,model5,51005,Arinos,MT,2014,2,134,78503,0,0.2762140991331726,-0.2762140991331726,0,2.5476733373246883,TRUE,133
P. vivax,model5,51005,Arinos,MT,2014,3,135,78503,0,0.3130354170645405,-0.3130354170645405,0,3.821510005987032,TRUE,133
P. vivax,model5,51006,Alto Teles Pires,MT,2014,1,133,223705,0.44701727721776446,0.5049231654310743,-0.05790588821330983,0,4.02315549495988,TRUE,133
P. vivax,model5,51006,Alto Teles Pires,MT,2014,2,134,223705,1.3410518316532933,0.4941194092405961,0.8469324224126973,0,4.045506358820748,TRUE,133
P. vivax,model5,51006,Alto Teles Pires,MT,2014,3,135,223705,1.3410518316532933,0.4944234520427123,0.846628379610581,0,3.810822288281432,TRUE,133
P. vivax,model5,51007,Sinop,MT,2014,1,133,187978,0.5319771462617966,2.4518039489658303,-1.9198268027040337,0,15.4273372415921,TRUE,133
P. vivax,model5,51007,Sinop,MT,2014,2,134,187978,1.59593143878539,2.3513163509538413,-0.7553849121684513,0,14.363382949068507,TRUE,133
P. vivax,model5,51007,Sinop,MT,2014,3,135,187978,0.5319771462617966,2.493297807361508,-1.9613206610997114,0,14.64267095085594,TRUE,133
P. vivax,model5,51008,Paranatinga,MT,2014,1,133,34407,0,0.03796850384392728,-0.03796850384392728,0,2.9063853285668615,TRUE,133
P. vivax,model5,51008,Paranatinga,MT,2014,2,134,34407,0,0.03241018497508586,-0.03241018497508586,0,0,TRUE,133
P. vivax,model5,51008,Paranatinga,MT,2014,3,135,34407,0,0.032127531096199015,-0.032127531096199015,0,0,TRUE,133
P. vivax,model5,51009,Norte Araguaia,MT,2014,1,133,121056,0,0.08469680844717947,-0.08469680844717947,0,1.6521279407877345,TRUE,133
P. vivax,model5,51009,Norte Araguaia,MT,2014,2,134,121056,0,0.07583551491065404,-0.07583551491065404,0,1.6521279407877345,TRUE,133
P. vivax,model5,51009,Norte Araguaia,MT,2014,3,135,121056,0,0.09030183355308474,-0.09030183355308474,0,1.6521279407877345,TRUE,133
P. vivax,model5,51010,Canarana,MT,2014,1,133,106676,0,0.25871059841963406,-0.25871059841963406,0,2.812253927781319,TRUE,133
P. vivax,model5,51010,Canarana,MT,2014,2,134,106676,0,0.26136780507660173,-0.26136780507660173,0,3.3043983651430286,TRUE,133
P. vivax,model5,51010,Canarana,MT,2014,3,135,106676,0,0.23710446624841838,-0.23710446624841838,0,2.812253927781319,TRUE,133
P. vivax,model5,51011,Médio Araguaia,MT,2014,1,133,66734,0,0.046317347793298394,-0.046317347793298394,0,1.4984865286061078,TRUE,133
P. vivax,model5,51011,Médio Araguaia,MT,2014,2,134,66734,0,0.03449009954128286,-0.03449009954128286,0,1.4984865286061078,TRUE,133
P. vivax,model5,51011,Médio Araguaia,MT,2014,3,135,66734,0,0.032545880679917615,-0.032545880679917615,0,1.4984865286061078,TRUE,133
P. vivax,model5,51012,Alto Guaporé,MT,2014,1,133,70719,0,0.48183363723134637,-0.48183363723134637,0,4.984516183769535,TRUE,133
P. vivax,model5,51012,Alto Guaporé,MT,2014,2,134,70719,0,0.4098782582048559,-0.4098782582048559,0,4.242141432995376,TRUE,133
P. vivax,model5,51012,Alto Guaporé,MT,2014,3,135,70719,0,0.4186647737554529,-0.4186647737554529,0,4.242141432995376,TRUE,133
P. vivax,model5,51013,Tangará da Serra,MT,2014,1,133,156519,0,0.4388329037707504,-0.4388329037707504,0,4.472300487480753,TRUE,133
P. vivax,model5,51013,Tangará da Serra,MT,2014,2,134,156519,0,0.4156511539265852,-0.4156511539265852,0,3.833400417840646,TRUE,133
P. vivax,model5,51013,Tangará da Serra,MT,2014,3,135,156519,0,0.4501552352679765,-0.4501552352679765,0,4.472300487480753,TRUE,133
P. vivax,model5,51014,Jauru,MT,2014,1,133,107828,0,0.12146692133432481,-0.12146692133432481,0,1.8548058018325482,TRUE,133
P. vivax,model5,51014,Jauru,MT,2014,2,134,107828,0,0.0926699445625522,-0.0926699445625522,0,1.8548058018325482,TRUE,133
P. vivax,model5,51014,Jauru,MT,2014,3,135,107828,0,0.08276743374844753,-0.08276743374844753,0,1.8548058018325482,TRUE,133
P. vivax,model5,51015,Alto Paraguai,MT,2014,1,133,32657,0,0.09627243129391679,-0.09627243129391679,0,3.062130630492697,TRUE,133
P. vivax,model5,51015,Alto Paraguai,MT,2014,2,134,32657,0,0.07876979480891114,-0.07876979480891114,0,3.062130630492697,TRUE,133
P. vivax,model5,51015,Alto Paraguai,MT,2014,3,135,32657,0,0.08652150622400992,-0.08652150622400992,0,3.062130630492697,TRUE,133
P. vivax,model5,51016,Rosário Oeste,MT,2014,1,133,30560,0,0.026074937125099024,-0.026074937125099024,0,0,TRUE,133
P. vivax,model5,51016,Rosário Oeste,MT,2014,2,134,30560,0,0.021869270105384364,-0.021869270105384364,0,0,TRUE,133
P. vivax,model5,51016,Rosário Oeste,MT,2014,3,135,30560,0,0.025251240158877926,-0.025251240158877926,0,0,TRUE,133
P. vivax,model5,51017,Cuiabá,MT,2014,1,133,890277,0.22464918222081443,0.5220544355581583,-0.2974052533373439,0,3.31638355253477,TRUE,133
P. vivax,model5,51017,Cuiabá,MT,2014,2,134,890277,0.6739475466624433,0.41072697146128456,0.2632205752011587,0,2.246491822208144,TRUE,133
P. vivax,model5,51017,Cuiabá,MT,2014,3,135,890277,0.22464918222081443,0.41753510245003866,-0.19288592022922424,0,2.246491822208144,TRUE,133
P. vivax,model5,51018,Alto Pantanal,MT,2014,1,133,134727,0,0.12993327712574945,-0.12993327712574945,0,2.22672515531408,TRUE,133
P. vivax,model5,51018,Alto Pantanal,MT,2014,2,134,134727,0,0.11908450064709133,-0.11908450064709133,0,1.484483436876053,TRUE,133
P. vivax,model5,51018,Alto Pantanal,MT,2014,3,135,134727,0,0.13093273864665492,-0.13093273864665492,0,1.484483436876053,TRUE,133
P. vivax,model5,51019,Primavera do Leste,MT,2014,1,133,93250,0,0.25070027646014115,-0.25070027646014115,0,3.217158176943699,TRUE,133
P. vivax,model5,51019,Primavera do Leste,MT,2014,2,134,93250,0,0.21453891485249615,-0.21453891485249615,0,3.217158176943699,TRUE,133
P. vivax,model5,51019,Primavera do Leste,MT,2014,3,135,93250,0,0.22199480523142195,-0.22199480523142195,0,2.7077747989275895,TRUE,133
P. vivax,model5,51020,Tesouro,MT,2014,1,133,54544,0,0.08773063605506616,-0.08773063605506616,0,1.8333822235259607,TRUE,133
P. vivax,model5,51020,Tesouro,MT,2014,2,134,54544,0,0.0809058032118316,-0.0809058032118316,0,1.8333822235259607,TRUE,133
P. vivax,model5,51020,Tesouro,MT,2014,3,135,54544,0,0.08587185674586535,-0.08587185674586535,0,1.8333822235259607,TRUE,133
P. vivax,model5,51021,Rondonópolis,MT,2014,1,133,294225,0.33987594527997284,0.46146246336157226,-0.12158651808159943,0,3.398759452799728,TRUE,133
P. vivax,model5,51021,Rondonópolis,MT,2014,2,134,294225,0,0.4119258552436395,-0.4119258552436395,0,3.2373183787917332,TRUE,133
P. vivax,model5,51021,Rondonópolis,MT,2014,3,135,294225,0,0.40633597129752874,-0.40633597129752874,0,3.0588835075197554,TRUE,133
P. vivax,model5,51022,Alto Araguaia,MT,2014,1,133,37615,0,0.007893331464664127,-0.007893331464664127,0,0,TRUE,133
P. vivax,model5,51022,Alto Araguaia,MT,2014,2,134,37615,0,0.007564095004643699,-0.007564095004643699,0,0,TRUE,133
P. vivax,model5,51022,Alto Araguaia,MT,2014,3,135,37615,0,0.008220428677202638,-0.008220428677202638,0,0,TRUE,133
P. vivax,model5,11001,Porto Velho,RO,2015,1,145,637530,66.34981883205496,104.01876793644925,-37.66894910439429,47.48796135083839,519.5951563063694,TRUE,145
P. vivax,model5,11001,Porto Velho,RO,2015,2,146,637530,57.87962919392029,84.82353369212765,-26.943904498207367,37.621758976048184,419.48614182861917,TRUE,145
P. vivax,model5,11001,Porto Velho,RO,2015,3,147,637530,67.44780637773908,91.62055291985504,-24.17274654211596,41.95488839740875,439.76361896695056,TRUE,145
P. vivax,model5,11002,Guajará-Mirim,RO,2015,1,145,82285,59.54912803062527,44.402047556415596,15.147080474209673,12.730145226955097,243.69569180288022,TRUE,145
P. vivax,model5,11002,Guajará-Mirim,RO,2015,2,146,82285,36.45864981466853,37.01677595756972,-0.5581261429011874,9.722306617244941,187.21516679832285,TRUE,145
P. vivax,model5,11002,Guajará-Mirim,RO,2015,3,147,82285,47.39624475906909,41.501084887214695,5.895159871854396,13.945433554110714,204.07729233760662,TRUE,145
P. vivax,model5,11003,Ariquemes,RO,2015,1,145,198611,19.132877836575013,42.97557186245549,-23.842694025880476,17.622387481055934,231.10502439441925,TRUE,145
P. vivax,model5,11003,Ariquemes,RO,2015,2,146,198611,34.237781391765814,36.27383653175201,-2.036055139986196,14.337070957801936,185.4378659792256,TRUE,145
P. vivax,model5,11003,Ariquemes,RO,2015,3,147,198611,25.67833604382436,36.72536285992361,-11.047026816099248,14.097909984844748,191.3791280442674,TRUE,145
P. vivax,model5,11004,Ji-Paraná,RO,2015,1,145,316823,5.997039356359861,6.6360441211738825,-0.6390047648140218,1.7280942355826443,36.04536286822605,TRUE,145
P. vivax,model5,11004,Ji-Paraná,RO,2015,2,146,316823,2.8407028530125653,5.258095749801705,-2.41739289678914,1.2625346013389178,27.49169094415491,TRUE,145
P. vivax,model5,11004,Ji-Paraná,RO,2015,3,147,316823,6.62830665702932,5.517856966413657,1.1104496906156633,0.6312673006694589,26.678934294543005,TRUE,145
P. vivax,model5,11005,Alvorada D'Oeste,RO,2015,1,145,75169,0,9.374208306939455,-9.374208306939455,0,65.88487275339565,TRUE,145
P. vivax,model5,11005,Alvorada D'Oeste,RO,2015,2,146,75169,6.6516782184145065,7.396934555887224,-0.7452563374727177,0,50.55275445995024,TRUE,145
P. vivax,model5,11005,Alvorada D'Oeste,RO,2015,3,147,75169,10.64268514946321,7.906659781437104,2.736025368026106,0,63.22420146602984,TRUE,145
P. vivax,model5,11006,Cacoal,RO,2015,1,145,248619,4.826662483559181,6.180500691225602,-1.3538382076664215,1.2066656208897952,37.21557885760942,TRUE,145
P. vivax,model5,11006,Cacoal,RO,2015,2,146,248619,7.642215598968703,5.454920333295291,2.187295265673412,0.4022218736299317,32.4291385614132,TRUE,145
P. vivax,model5,11006,Cacoal,RO,2015,3,147,248619,6.8377718517088395,6.612216713879431,0.22555513782940828,1.2066656208897952,40.32274283140056,TRUE,145
P. vivax,model5,11007,Vilhena,RO,2015,1,145,154743,5.1698622877933085,4.744017461055824,0.42584482673748436,0,31.019173726759856,TRUE,145
P. vivax,model5,11007,Vilhena,RO,2015,2,146,154743,3.877396715844982,4.248534290575135,-0.37113757473015285,0,25.20307865299238,TRUE,145
P. vivax,model5,11007,Vilhena,RO,2015,3,147,154743,3.2311639298708177,4.843555860116477,-1.6123919302456593,0,31.390757578694952,TRUE,145
P. vivax,model5,11008,Colorado do Oeste,RO,2015,1,145,54424,3.6748493311774215,2.2253081959736343,1.4495411352037872,0,20.21167132147582,TRUE,145
P. vivax,model5,11008,Colorado do Oeste,RO,2015,2,146,54424,0,1.7657907399531294,-1.7657907399531294,0,13.826620608555007,TRUE,145
P. vivax,model5,11008,Colorado do Oeste,RO,2015,3,147,54424,0,1.796296534167547,-1.796296534167547,0,12.861972659120976,TRUE,145
P. vivax,model5,12001,Cruzeiro do Sul,AC,2015,1,145,143320,1263.6059168294726,1131.9416883644224,131.6642284650502,586.2929109684621,6272.973067262066,TRUE,145
P. vivax,model5,12001,Cruzeiro do Sul,AC,2015,2,146,143320,962.8802679319006,840.3324510059821,122.54781692591848,427.1909014792074,4602.480463298911,TRUE,145
P. vivax,model5,12001,Cruzeiro do Sul,AC,2015,3,147,143320,894.5018141222439,840.0555838175054,54.44623030473849,407.02623499860454,4637.768629639966,TRUE,145
P. vivax,model5,12002,Tarauacá,AC,2015,1,145,78713,40.6540215720402,77.9611011875626,-37.307079615522404,29.823536137613864,386.6578582953256,TRUE,145
P. vivax,model5,12002,Tarauacá,AC,2015,2,146,78713,24.13832530839887,59.8394498920877,-35.70112458368883,22.804365225566304,301.47497872016027,TRUE,145
P. vivax,model5,12002,Tarauacá,AC,2015,3,147,78713,19.05657261189384,59.36066114321983,-40.30408853132599,19.660030744603816,340.85856211807413,FALSE,145
P. vivax,model5,12003,Sena Madureira,AC,2015,1,145,56200,0,1.208582930050301,-1.208582930050301,0,12.455516014234876,TRUE,145
P. vivax,model5,12003,Sena Madureira,AC,2015,2,146,56200,0,1.126412116670062,-1.126412116670062,0,9.830960854092487,TRUE,145
P. vivax,model5,12003,Sena Madureira,AC,2015,3,147,56200,0,1.1199804450272866,-1.1199804450272866,0,8.896797153024911,TRUE,145
P. vivax,model5,12004,Rio Branco,AC,2015,1,145,460354,16.074586079408455,11.49320469899494,4.581381380413514,4.333621517354037,70.831360214096,TRUE,145
P. vivax,model5,12004,Rio Branco,AC,2015,2,146,460354,13.250672308701565,9.647293562521888,3.6033787461796773,3.475586179331558,59.3130503916551,TRUE,145
P. vivax,model5,12004,Rio Branco,AC,2015,3,147,460354,13.467896444909787,11.628893486059894,1.8390029588498926,4.127258587956225,72.17271925518183,TRUE,145
P. vivax,model5,12005,Brasiléia,AC,2015,1,145,64926,3.0804300280319135,2.279027271658683,0.8014027563732307,0,19.291193050549822,TRUE,145
P. vivax,model5,12005,Brasiléia,AC,2015,2,146,64926,1.5402150140159567,1.6091732338795302,-0.06895821986357342,0,12.321720112127654,TRUE,145
P. vivax,model5,12005,Brasiléia,AC,2015,3,147,64926,1.5402150140159567,1.4416938251533482,0.09852118886260852,0,13.86193512614361,TRUE,145
P. vivax,model5,13001,Rio Negro,AM,2015,1,145,110602,700.7106562268314,509.3993921602394,191.31126406659195,234.6024484186543,2388.044519990596,TRUE,145
P. vivax,model5,13001,Rio Negro,AM,2015,2,146,110602,903.2386394459413,452.1621050275996,451.07653441834174,219.0963997034412,2180.4759407605634,TRUE,145
P. vivax,model5,13001,Rio Negro,AM,2015,3,147,110602,832.7155024321441,482.23466453807316,350.480837894071,237.74434458689717,2262.2782589826566,TRUE,145
P. vivax,model5,13002,Japurá,AM,2015,1,145,23548,233.5654832682181,79.048206835473,154.5172764327451,16.774248343808406,482.10039069135377,TRUE,145
P. vivax,model5,13002,Japurá,AM,2015,2,146,23548,191.09903176490573,65.95471735067035,125.14431441423538,10.510446747069821,361.6018345507044,TRUE,145
P. vivax,model5,13002,Japurá,AM,2015,3,147,23548,191.09903176490573,82.9379252842603,108.16110648064543,12.739935450993716,441.65109563444884,TRUE,145
P. vivax,model5,13003,Alto Solimões,AM,2015,1,145,245521,197.13181357195515,141.84044054901997,55.291373022935176,64.5056838315256,665.350418090509,TRUE,145
P. vivax,model5,13003,Alto Solimões,AM,2015,2,146,245521,220.75504742975144,192.12961419633268,28.62543323341876,82.42675779261245,916.5407439689463,TRUE,145
P. vivax,model5,13003,Alto Solimões,AM,2015,3,147,245521,298.9560974417667,256.69657648812,42.2595209536467,115.41782576643138,1223.1132978441747,TRUE,145
P. vivax,model5,13004,Juruá,AM,2015,1,145,144754,304.65479364991637,320.1744098833218,-15.51961623340543,128.6492946654324,1699.1585724746801,TRUE,145
P. vivax,model5,13004,Juruá,AM,2015,2,146,144754,442.12940575044564,302.3785702372167,139.75083551322894,147.9233734473659,1584.170385619741,TRUE,145
P. vivax,model5,13004,Juruá,AM,2015,3,147,144754,847.6449700871825,440.36517766911163,407.2797924180709,184.96898185887784,2372.0588032109636,TRUE,145
P. vivax,model5,13005,Tefé,AM,2015,1,145,91110,200.8561080013171,160.5801159913061,40.27599201001101,64.18066073976513,775.985072988695,TRUE,145
P. vivax,model5,13005,Tefé,AM,2015,2,146,91110,155.85555921413675,171.22140554175354,-15.365846327616794,68.46120074635056,870.9252551860383,TRUE,145
P. vivax,model5,13005,Tefé,AM,2015,3,147,91110,245.8566567884974,215.74509686315722,30.111559925340174,74.99176819229504,1052.0524640544395,TRUE,145
P. vivax,model5,13006,Coari,AM,2015,1,145,172058,66.25672738262678,49.29224697835774,16.96448040426904,20.61804740262005,236.0977112369081,TRUE,145
P. vivax,model5,13006,Coari,AM,2015,2,146,172058,86.59870508781923,57.745114864016095,28.85359022380313,20.923177068197933,249.10204698415617,TRUE,145
P. vivax,model5,13006,Coari,AM,2015,3,147,172058,74.39351846470376,72.88537180276147,1.5081466619422912,28.47876878726941,308.151902265515,TRUE,145
P. vivax,model5,13007,Manaus,AM,2015,1,145,2327732,38.191681860282884,33.88262175045502,4.309060109827861,13.596926106613648,176.43783734553622,TRUE,145
P. vivax,model5,13007,Manaus,AM,2015,2,146,2327732,29.556667176461897,30.27552063165737,-0.7188534551954717,13.354200569481367,155.06080596907202,TRUE,145
P. vivax,model5,13007,Manaus,AM,2015,3,147,2327732,34.96966145587207,32.823469105658454,2.1461923502136173,13.712918841172439,162.53589330730506,TRUE,145
P. vivax,model5,13008,Rio Preto da Eva,AM,2015,1,145,63342,86.83022323261028,94.8864150447601,-8.05619181214982,27.58833001799754,521.0602759622367,TRUE,145
P. vivax,model5,13008,Rio Preto da Eva,AM,2015,2,146,63342,94.7238798901203,71.68752613973611,23.036353750384194,24.43086735499353,377.71147106185435,TRUE,145
P. vivax,model5,13008,Rio Preto da Eva,AM,2015,3,147,63342,107.35373054213633,60.17240762427044,47.18132291786589,17.366044646522056,304.02418616399854,TRUE,145
P. vivax,model5,13009,Itacoatiara,AM,2015,1,145,171452,5.832536220049926,7.47845613048495,-1.6459199104350244,0.5832536220049926,49.66404591372505,TRUE,145
P. vivax,model5,13009,Itacoatiara,AM,2015,2,146,171452,2.916268110024963,5.677380288810148,-2.7611121787851847,0.5832536220049926,37.051186337867144,TRUE,145
P. vivax,model5,13009,Itacoatiara,AM,2015,3,147,171452,5.832536220049926,5.372294752565782,0.46024146748414374,0.2770454704523723,33.245456454284586,TRUE,145
P. vivax,model5,13010,Parintins,AM,2015,1,145,270186,50.33569466959798,23.74811609925971,26.587578570338266,7.7724234416291,134.54620150562945,TRUE,145
P. vivax,model5,13010,Parintins,AM,2015,2,146,270186,36.27130939426913,19.710178942837892,16.56113045143124,5.921846431717409,107.20392618418401,TRUE,145
P. vivax,model5,13010,Parintins,AM,2015,3,147,270186,18.135654697134566,22.365728129958082,-4.2300734328235166,7.7724234416291,134.67574189632316,TRUE,145
P. vivax,model5,13011,Boca do Acre,AM,2015,1,145,52876,132.38520311672593,154.63128405158292,-22.24608093485699,50.968303199939484,733.6504274150836,TRUE,145
P. vivax,model5,13011,Boca do Acre,AM,2015,2,146,52876,83.21355624479915,139.40953011314676,-56.19597386834761,42.50510628640593,674.5026098797175,TRUE,145
P. vivax,model5,13011,Boca do Acre,AM,2015,3,147,52876,88.88720780694455,171.31221171893935,-82.4250039119948,74.65579847189652,838.2820183069819,TRUE,145
P. vivax,model5,13012,Purus,AM,2015,1,145,76545,516.0363185054543,347.3059511050909,168.73036740036343,173.06812985825331,1904.206675811613,TRUE,145
P. vivax,model5,13012,Purus,AM,2015,2,146,76545,411.522633744856,365.5930151029929,45.9296186418631,166.53602456071593,2084.884708341498,TRUE,145
P. vivax,model5,13012,Purus,AM,2015,3,147,76545,617.9371611470377,581.3333370179164,36.603824129121335,265.82402508328437,3204.0303089685804,TRUE,145
P. vivax,model5,13013,Madeira,AM,2015,1,145,188610,65.74412809501086,57.08765002326013,8.656478071750733,22.268172419277874,311.15794496580224,TRUE,145
P. vivax,model5,13013,Madeira,AM,2015,2,146,188610,52.48926355972642,58.040496875288525,-5.551233315562108,23.85875616351201,298.88394040612894,TRUE,145
P. vivax,model5,13013,Madeira,AM,2015,3,147,188610,46.12692858278988,75.42804277159424,-29.301114188804355,31.785165155612106,390.76666136472056,TRUE,145
P. vivax,model5,14001,Boa Vista,RR,2015,1,145,359804,82.26701203988839,106.7858631751604,-24.518851135272016,51.25707329546086,599.2707140554294,TRUE,145
P. vivax,model5,14001,Boa Vista,RR,2015,2,146,359804,73.3732810085491,82.64439993354522,-9.271118924996117,39.58405131682805,455.97742104034364,TRUE,145
P. vivax,model5,14001,Boa Vista,RR,2015,3,147,359804,95.32967949216795,84.21970860854427,11.109970883623689,43.051216773576726,446.110938177452,TRUE,145
P. vivax,model5,14002,Nordeste de Roraima,RR,2015,1,145,47524,96.7931992256544,98.02963372045541,-1.2364344948010029,26.249894790000845,568.2918104536644,TRUE,145
P. vivax,model5,14002,Nordeste de Roraima,RR,2015,2,146,47524,65.2301994781584,81.71588410512078,-16.48568462696238,22.041494823668046,540.884605672923,TRUE,145
P. vivax,model5,14002,Nordeste de Roraima,RR,2015,3,147,47524,46.29239962966081,73.58942012635798,-27.297020496697172,18.9377998484976,426.1531015907751,TRUE,145
P. vivax,model5,14003,Caracaraí,RR,2015,1,145,46961,202.29552181597498,200.93646980749872,1.3590520084762545,73.4119801537446,1015.7364621707374,TRUE,145
P. vivax,model5,14003,Caracaraí,RR,2015,2,146,46961,159.70699090734865,151.37573518876303,8.331255718585624,49.98828815400013,818.0724430910741,TRUE,145
P. vivax,model5,14003,Caracaraí,RR,2015,3,147,46961,161.83641745277998,145.01119788149379,16.825219571286198,44.71795745405762,839.3134728817524,TRUE,145
P. vivax,model5,14004,Sudeste de Roraima,RR,2015,1,145,51376,471.037060105886,360.6940707233944,110.34298938249157,144.9606820305201,1850.912877608219,TRUE,145
P. vivax,model5,14004,Sudeste de Roraima,RR,2015,2,146,51376,525.5372158206167,271.3710966351,254.16611918551666,114.74229212083463,1548.5343350980966,TRUE,145
P. vivax,model5,14004,Sudeste de Roraima,RR,2015,3,147,51376,548.8944254126441,274.9529347352656,273.94149067737845,117.51596075988789,1562.3540174400493,TRUE,145
P. vivax,model5,15001,Óbidos,PA,2015,1,145,198751,1.5094263676660746,1.1759918437595853,0.3334345239064893,0,7.308139330116566,TRUE,145
P. vivax,model5,15001,Óbidos,PA,2015,2,146,198751,0,1.0142569557842522,-1.0142569557842522,0,7.043989715775014,TRUE,145
P. vivax,model5,15001,Óbidos,PA,2015,3,147,198751,2.0125684902214327,1.1231987666679384,0.8893697235534943,0,7.308139330116566,TRUE,145
P. vivax,model5,15002,Santarém,PA,2015,1,145,507271,4.534065617786154,4.9542591016790025,-0.4201934838928487,0.7786764865328399,29.5798498238614,TRUE,145
P. vivax,model5,15002,Santarém,PA,2015,2,146,507271,2.759866028217659,4.986318090399433,-2.2264520621817736,0.8821714625910019,25.47947743908084,TRUE,145
P. vivax,model5,15002,Santarém,PA,2015,3,147,507271,3.7455324668668224,5.387362939965711,-1.6418304730988886,0.8821714625910019,28.69767836127039,TRUE,145
P. vivax,model5,15003,Almeirim,PA,2015,1,145,71843,20.878860849352062,10.930994230391633,9.947866618960429,0.6611639268961506,60.65309076736764,TRUE,145
P. vivax,model5,15003,Almeirim,PA,2015,2,146,71843,13.919240566234706,9.483654685200868,4.4355858810338376,0,54.35463441114646,TRUE,145
P. vivax,model5,15003,Almeirim,PA,2015,3,147,71843,5.567696226493883,7.989684193427212,-2.4219879669333286,0,43.880405885054884,TRUE,145
P. vivax,model5,15004,Portel,PA,2015,1,145,144594,8.299099547699075,13.265773731308867,-4.966674183609792,1.3831832579498458,75.12414069740092,TRUE,145
P. vivax,model5,15004,Portel,PA,2015,2,146,144594,10.373874434623843,14.926693898238916,-4.552819463615073,3.4579581448746146,87.14054525084028,TRUE,145
P. vivax,model5,15004,Portel,PA,2015,3,147,144594,22.822523756172455,14.209206211351178,8.613317544821276,2.7663665158996915,78.94518444748735,TRUE,145
P. vivax,model5,15005,Furos de Breves,PA,2015,1,145,220578,121.49897088558242,74.05116173430676,47.44780915127566,33.95624223630644,347.7114671454083,TRUE,145
P. vivax,model5,15005,Furos de Breves,PA,2015,2,146,220578,127.84593205124719,85.56570450431614,42.280227546931044,40.563882164132416,406.012838995729,TRUE,145
P. vivax,model5,15005,Furos de Breves,PA,2015,3,147,220578,141.89991748950484,88.70623519443177,53.193682295073074,38.965808013491824,429.22458268730327,TRUE,145
P. vivax,model5,15006,Arari,PA,2015,1,145,168225,3.566651805617477,1.397832984059443,2.168818821558034,0,9.228711547035207,TRUE,145
P. vivax,model5,15006,Arari,PA,2015,2,146,168225,8.916629514043692,2.011120145327623,6.905509368716069,0,13.389805320255597,TRUE,145
P. vivax,model5,15006,Arari,PA,2015,3,147,168225,3.566651805617477,2.369523346636547,1.19712845898093,0,15.797295289047366,TRUE,145
P. vivax,model5,15007,Belém,PA,2015,1,145,2261942,0.7515665742092414,0.4606697184958993,0.2908968557133421,0,2.6127990903391822,TRUE,145
P. vivax,model5,15007,Belém,PA,2015,2,146,2261942,0.39788818634606904,0.4034404419308812,-0.005552255584812149,0,2.2337000683483472,TRUE,145
P. vivax,model5,15007,Belém,PA,2015,3,147,2261942,0.3536783878631724,0.4247167295016506,-0.07103834163847822,0,2.608378110490897,TRUE,145
P. vivax,model5,15008,Castanhal,PA,2015,1,145,324645,0.616057539774215,1.0790801676754764,-0.4630226279012615,0,8.008748017064793,TRUE,145
P. vivax,model5,15008,Castanhal,PA,2015,2,146,324645,0.616057539774215,0.9020090724307346,-0.2859515326565196,0,7.392690477290579,TRUE,145
P. vivax,model5,15008,Castanhal,PA,2015,3,147,324645,0,0.8757129700332018,-0.8757129700332018,0,5.852546627855042,TRUE,145
P. vivax,model5,15009,Salgado,PA,2015,1,145,260362,0.7681612524101059,0.8193225044968248,-0.051161252086718845,0,5.962851721833438,TRUE,145
P. vivax,model5,15009,Salgado,PA,2015,2,146,260362,0,0.7750811223580711,-0.7750811223580711,0,4.993048140665689,TRUE,145
P. vivax,model5,15009,Salgado,PA,2015,3,147,260362,0.7681612524101059,1.1014733878562486,-0.3333121354461427,0,7.4991742266536505,TRUE,145
P. vivax,model5,15010,Bragantina,PA,2015,1,145,405443,0.24664379456545063,0.1469293102922912,0.09971448427315943,0,1.3627069649741093,TRUE,145
P. vivax,model5,15010,Bragantina,PA,2015,2,146,405443,0.24664379456545063,0.12203028852469308,0.12461350604075755,0,1.2332189728272531,TRUE,145
P. vivax,model5,15010,Bragantina,PA,2015,3,147,405443,0.7399313836963519,0.13157733963305016,0.6083540440633017,0,1.4798627673927038,TRUE,145
P. vivax,model5,15011,Cametá,PA,2015,1,145,473045,0.8455855151201259,0.5518317084924801,0.29375380662764583,0,4.772273250959197,TRUE,145
P. vivax,model5,15011,Cametá,PA,2015,2,146,473045,0.42279275756006296,0.5607172272135017,-0.13792446965343874,0,3.4933251593400154,TRUE,145
P. vivax,model5,15011,Cametá,PA,2015,3,147,473045,0.42279275756006296,0.49399341930695057,-0.0712006617468876,0,3.9161179169000793,TRUE,145
P. vivax,model5,15012,Tomé-Açu,PA,2015,1,145,320418,0.31209232939472814,0.8803847898217124,-0.5682924604269843,0,6.553938917289291,TRUE,145
P. vivax,model5,15012,Tomé-Açu,PA,2015,2,146,320418,0.9362769881841844,0.6432941973354203,0.2929827908487641,0,4.221048755063691,TRUE,145
P. vivax,model5,15012,Tomé-Açu,PA,2015,3,147,320418,0.9362769881841844,0.5675362283163169,0.3687407598678675,0,3.4330156233420093,TRUE,145
P. vivax,model5,15013,Guamá,PA,2015,1,145,460985,0.4338535961039947,0.38322752389411086,0.050626072209883854,0,2.8200483746759653,TRUE,145
P. vivax,model5,15013,Guamá,PA,2015,2,146,460985,0.21692679805199735,0.3614155241846404,-0.14448872613264305,0,3.036975172727963,TRUE,145
P. vivax,model5,15013,Guamá,PA,2015,3,147,460985,0.21692679805199735,0.3801387312764298,-0.16321193322443242,0,2.386194778571971,TRUE,145
P. vivax,model5,15014,Itaituba,PA,2015,1,145,214099,187.29653104404971,163.794754345716,23.501776698333714,67.45711096268549,906.2396368035347,TRUE,145
P. vivax,model5,15014,Itaituba,PA,2015,2,146,214099,130.78062018038386,145.47870570391188,-14.698085523528022,54.99792152228643,792.8808635257519,TRUE,145
P. vivax,model5,15014,Itaituba,PA,2015,3,147,214099,136.3855039024003,148.35160693695664,-11.96610303455634,55.266488867299714,811.0850587812181,TRUE,145
P. vivax,model5,15015,Altamira,PA,2015,1,145,294165,12.917920214845411,29.348935075514646,-16.431014860669237,7.801743919229006,152.57593527442071,TRUE,145
P. vivax,model5,15015,Altamira,PA,2015,2,146,294165,23.11627827919705,24.484227819786227,-1.3679495405891764,7.801743919229006,132.75712610269744,TRUE,145
P. vivax,model5,15015,Altamira,PA,2015,3,147,294165,14.277701290092294,19.065386354205014,-4.78768506411272,5.779069569799263,96.84190845273899,TRUE,145
P. vivax,model5,15016,Tucuruí,PA,2015,1,145,362863,8.8187552878083455,12.39293410093595,-3.574178813127604,3.5826193356721405,63.67416903900369,TRUE,145
P. vivax,model5,15016,Tucuruí,PA,2015,2,146,362863,8.543169185064336,9.578377375456407,-1.035208190392071,3.031447130184119,48.38602998927968,TRUE,145
P. vivax,model5,15016,Tucuruí,PA,2015,3,147,362863,7.165238671344281,7.526052702662203,-0.360814031317922,1.3641512085828544,39.1745645050611,TRUE,145
P. vivax,model5,15017,Paragominas,PA,2015,1,145,328594,2.1302884410549185,1.565866700190582,0.5644217408643366,0,10.202559998052301,TRUE,145
P. vivax,model5,15017,Paragominas,PA,2015,2,146,328594,0.9129807604521082,1.3411871368692911,-0.42820637641718295,0,9.434134524671784,TRUE,145
P. vivax,model5,15017,Paragominas,PA,2015,3,147,328594,0.6086538403014053,1.104191143943821,-0.49553730364241566,0,7.6081730037675674,TRUE,145
P. vivax,model5,15018,São Félix do Xingu,PA,2015,1,145,199960,5.501100220044009,7.5655483938423185,-2.0644481737983096,1.5003000600120024,48.3471694338867,TRUE,145
P. vivax,model5,15018,São Félix do Xingu,PA,2015,2,146,199960,1.0002000400080016,8.076366005657775,-7.076165965649773,1.0002000400080016,40.77065413082615,TRUE,145
P. vivax,model5,15018,São Félix do Xingu,PA,2015,3,147,199960,5.001000200040008,10.971284991504719,-5.970284791464711,3.000600120024005,62.6125225045008,TRUE,145
P. vivax,model5,15019,Parauapebas,PA,2015,1,145,300231,1.9984611848876364,1.3853641499649085,0.6130970349227278,0,8.501786957376146,TRUE,145
P. vivax,model5,15019,Parauapebas,PA,2015,2,146,300231,1.665384320739697,1.1018096462785423,0.5635746744611547,0,6.836402636636449,TRUE,145
P. vivax,model5,15019,Parauapebas,PA,2015,3,147,300231,0.6661537282958789,0.9317124411694494,-0.26555871287357047,0,6.503325772488509,TRUE,145
P. vivax,model5,15020,Marabá,PA,2015,1,145,314713,2.859748405690264,2.6599188243245266,0.19982958136573714,0,17.64305891399465,TRUE,145
P. vivax,model5,15020,Marabá,PA,2015,2,146,314713,2.859748405690264,2.156846370391963,0.7029020352983006,0,13.226336376317434,TRUE,145
P. vivax,model5,15020,Marabá,PA,2015,3,147,314713,3.812997874253685,2.1137723358234615,1.6992255384302237,0,14.330517010736738,TRUE,145
P. vivax,model5,15021,Redenção,PA,2015,1,145,189772,0,3.7988274626221066,-3.7988274626221066,0,20.024028834601523,TRUE,145
P. vivax,model5,15021,Redenção,PA,2015,2,146,189772,0.5269481272263559,3.5464262205343426,-3.0194780933079866,0,19.77372847416899,TRUE,145
P. vivax,model5,15021,Redenção,PA,2015,3,147,189772,1.5808443816790676,3.469047823889361,-1.8882034422102933,0,21.407267668570647,TRUE,145
P. vivax,model5,15022,Conceição do Araguaia,PA,2015,1,145,152614,0,0.26028638176282753,-0.26028638176282753,0,2.6209915210924293,TRUE,145
P. vivax,model5,15022,Conceição do Araguaia,PA,2015,2,146,152614,0,0.2808250977768911,-0.2808250977768911,0,2.6209915210924293,TRUE,145
P. vivax,model5,15022,Conceição do Araguaia,PA,2015,3,147,152614,0,0.3218862247034655,-0.3218862247034655,0,3.2762394013655363,TRUE,145
P. vivax,model5,16001,Oiapoque,AP,2015,1,145,34426,1010.8638819496892,488.9456318052501,521.9182501444391,185.90600127810376,2791.204322314522,TRUE,145
P. vivax,model5,16001,Oiapoque,AP,2015,2,146,34426,726.1953174925927,358.6488081485126,367.5465093440801,155.3331784116656,2079.0971939812907,TRUE,145
P. vivax,model5,16001,Oiapoque,AP,2015,3,147,34426,461.86022192528907,343.36612826854076,118.4940936567483,155.3331784116656,1998.9252309301105,TRUE,145
P. vivax,model5,16002,Amapá,AP,2015,1,145,28365,179.7990481226864,190.6806236686093,-10.881575545922885,43.98025735942183,1086.2859157412286,TRUE,145
P. vivax,model5,16002,Amapá,AP,2015,2,146,28365,222.10470650449497,183.78225445298858,38.32245205150639,59.93301604089547,934.9550502379689,TRUE,145
P. vivax,model5,16002,Amapá,AP,2015,3,147,28365,165.69716199541688,156.68189486634023,9.015267129076648,42.30565838180857,777.8071567072093,TRUE,145
P. vivax,model5,16003,Macapá,AP,2015,1,145,624241,162.5974583534244,89.47767972413256,73.11977862929184,40.74948617601215,436.93461339450596,TRUE,145
P. vivax,model5,16003,Macapá,AP,2015,2,146,624241,123.99057415325171,71.83405327367761,52.1565208795741,28.590720571061496,365.6039894848296,TRUE,145
P. vivax,model5,16003,Macapá,AP,2015,3,147,624241,88.26719167757325,54.93200058095886,33.335191096614395,22.166919507049364,289.92408380737515,TRUE,145
P. vivax,model5,16004,Mazagão,AP,2015,1,145,79647,277.4743555940588,138.5289833116972,138.9453722823616,48.30690421484802,607.3988976358178,TRUE,145
P. vivax,model5,16004,Mazagão,AP,2015,2,146,79647,200.8864112898163,110.41745825416818,90.46895303564811,39.51812372091855,544.0882895777614,TRUE,145
P. vivax,model5,16004,Mazagão,AP,2015,3,147,79647,143.13156804399412,107.2392527474114,35.89231529658272,35.09234497218979,506.23375645033695,TRUE,145
P. vivax,model5,17001,Bico do Papagaio,TO,2015,1,145,210839,0,0.5069681275736354,-0.5069681275736354,0,3.7943644202448317,TRUE,145
P. vivax,model5,17001,Bico do Papagaio,TO,2015,2,146,210839,0,0.46131974282291516,-0.46131974282291516,0,3.3200688677142276,TRUE,145
P. vivax,model5,17001,Bico do Papagaio,TO,2015,3,147,210839,0,0.44913622012643645,-0.44913622012643645,0,3.3200688677142276,TRUE,145
P. vivax,model5,17002,Araguaína,TO,2015,1,145,306848,0.3258942538325164,0.22344420606715606,0.10245004776536035,0,2.126460006257162,TRUE,145
P. vivax,model5,17002,Araguaína,TO,2015,2,146,306848,0.6517885076650328,0.19511747511400027,0.4566710325510326,0,1.9553655229950986,TRUE,145
P. vivax,model5,17002,Araguaína,TO,2015,3,147,306848,0,0.1835522072580368,-0.1835522072580368,0,1.6294712691625821,TRUE,145
P. vivax,model5,17003,Miracema do Tocantins,TO,2015,1,145,148608,0,0.024378419619538932,-0.024378419619538932,0,0.6729112833763996,TRUE,145
P. vivax,model5,17003,Miracema do Tocantins,TO,2015,2,146,148608,0,0.02393949401076278,-0.02393949401076278,0,0.6729112833763996,TRUE,145
P. vivax,model5,17003,Miracema do Tocantins,TO,2015,3,147,148608,0,0.026417767357323395,-0.026417767357323395,0,0.6729112833763996,TRUE,145
P. vivax,model5,17004,Rio Formoso,TO,2015,1,145,124739,0,0.07695402454145649,-0.07695402454145649,0,1.6033477901859081,TRUE,145
P. vivax,model5,17004,Rio Formoso,TO,2015,2,146,124739,0,0.07621173417630621,-0.07621173417630621,0,1.6033477901859081,TRUE,145
P. vivax,model5,17004,Rio Formoso,TO,2015,3,147,124739,0,0.08252249980924625,-0.08252249980924625,0,1.6033477901859081,TRUE,145
P. vivax,model5,17005,Gurupi,TO,2015,1,145,147284,0,0.016752924018721825,-0.016752924018721825,0,0.678960375872464,TRUE,145
P. vivax,model5,17005,Gurupi,TO,2015,2,146,147284,0,0.017765247624296137,-0.017765247624296137,0,0.678960375872464,TRUE,145
P. vivax,model5,17005,Gurupi,TO,2015,3,147,147284,0,0.0209324736310478,-0.0209324736310478,0,0.678960375872464,TRUE,145
P. vivax,model5,17006,Porto Nacional,TO,2015,1,145,375255,0,0.08479097014860978,-0.08479097014860978,0,0.9393612343606287,TRUE,145
P. vivax,model5,17006,Porto Nacional,TO,2015,2,146,375255,0,0.08621800155467123,-0.08621800155467123,0,0.7994563696686252,TRUE,145
P. vivax,model5,17006,Porto Nacional,TO,2015,3,147,375255,0,0.09973583269351043,-0.09973583269351043,0,0.9393612343606287,TRUE,145
P. vivax,model5,17007,Jalapão,TO,2015,1,145,77860,0,0.0015653001654624438,-0.0015653001654624438,0,0,TRUE,145
P. vivax,model5,17007,Jalapão,TO,2015,2,146,77860,0,0.0016315128170300245,-0.0016315128170300245,0,0,TRUE,145
P. vivax,model5,17007,Jalapão,TO,2015,3,147,77860,0,0.0019527837125451987,-0.0019527837125451987,0,0,TRUE,145
P. vivax,model5,17008,Dianópolis,TO,2015,1,145,123693,0,0.0026073901295534372,-0.0026073901295534372,0,0.4244379229220548,TRUE,145
P. vivax,model5,17008,Dianópolis,TO,2015,2,146,123693,0,0.00293351230260538,-0.00293351230260538,0,0,TRUE,145
P. vivax,model5,17008,Dianópolis,TO,2015,3,147,123693,0,0.003828858562732972,-0.003828858562732972,0,0,TRUE,145
P. vivax,model5,21001,Litoral Ocidental Maranhense,MA,2015,1,145,187243,0,0.13091405375077325,-0.13091405375077325,0,1.6021960767558734,TRUE,145
P. vivax,model5,21001,Litoral Ocidental Maranhense,MA,2015,2,146,187243,0,0.11062012525720114,-0.11062012525720114,0,1.0681307178372488,TRUE,145
P. vivax,model5,21001,Litoral Ocidental Maranhense,MA,2015,3,147,187243,0,0.15269067165129033,-0.15269067165129033,0,1.6021960767558734,TRUE,145
P. vivax,model5,21002,Aglomeração Urbana de São Luís,MA,2015,1,145,1395792,0.0716439125600376,0.07991332330910156,-0.008269410749063955,0,0.6107643545743189,TRUE,145
P. vivax,model5,21002,Aglomeração Urbana de São Luís,MA,2015,2,146,1395792,0.0716439125600376,0.07833925846699447,-0.006695345906956862,0,0.6447952130403384,TRUE,145
P. vivax,model5,21002,Aglomeração Urbana de São Luís,MA,2015,3,147,1395792,0,0.09931460019045527,-0.09931460019045527,0,0.8256960922544316,TRUE,145
P. vivax,model5,21003,Rosário,MA,2015,1,145,172687,0,0.08095471466668845,-0.08095471466668845,0,1.158164772102127,TRUE,145
P. vivax,model5,21003,Rosário,MA,2015,2,146,172687,0,0.07777399999615893,-0.07777399999615893,0,1.158164772102127,TRUE,145
P. vivax,model5,21003,Rosário,MA,2015,3,147,172687,0,0.09746421032184285,-0.09746421032184285,0,1.158164772102127,TRUE,145
P. vivax,model5,21004,Lençóis Maranhenses,MA,2015,1,145,191719,0,0.023276280435128093,-0.023276280435128093,0,0.5215967118543284,TRUE,145
P. vivax,model5,21004,Lençóis Maranhenses,MA,2015,2,146,191719,0,0.030945283958770047,-0.030945283958770047,0,0.5215967118543284,TRUE,145
P. vivax,model5,21004,Lençóis Maranhenses,MA,2015,3,147,191719,0,0.04861530795743736,-0.04861530795743736,0,1.0431934237086569,TRUE,145
P. vivax,model5,21005,Baixada Maranhense,MA,2015,1,145,590620,0.8465680132741865,1.3901538800632183,-0.5435858667890318,0.08042396126104796,7.957739324777353,TRUE,145
P. vivax,model5,21005,Baixada Maranhense,MA,2015,2,146,590620,1.5238224238935356,1.1162696759141988,0.4075527479793368,0,6.603230503538653,TRUE,145
P. vivax,model5,21005,Baixada Maranhense,MA,2015,3,147,590620,0.6772544106193492,1.1033615546770166,-0.42610714405766736,0,6.531272222410338,TRUE,145
P. vivax,model5,21006,Itapecuru Mirim,MA,2015,1,145,229914,0,0.10306018497867601,-0.10306018497867601,0,1.304835721182703,TRUE,145
P. vivax,model5,21006,Itapecuru Mirim,MA,2015,2,146,229914,0,0.12386049160495641,-0.12386049160495641,0,1.304835721182703,TRUE,145
P. vivax,model5,21006,Itapecuru Mirim,MA,2015,3,147,229914,0,0.19237741674190795,-0.19237741674190795,0,1.9681272127839007,TRUE,145
P. vivax,model5,21007,Gurupi,MA,2015,1,145,235816,8.0571292872409,6.8796787355814,1.1774505516594989,0.8481188723411474,36.69174271465887,TRUE,145
P. vivax,model5,21007,Gurupi,MA,2015,2,146,235816,5.088713234046884,6.820995369656051,-1.7322821356091662,0.8481188723411474,33.9459578654544,TRUE,145
P. vivax,model5,21007,Gurupi,MA,2015,3,147,235816,2.968416053194016,8.120995806808265,-5.1525797536142495,1.6962377446822947,44.250602164399226,TRUE,145
P. vivax,model5,21008,Pindaré,MA,2015,1,145,650498,5.995406596177083,4.800426287844209,1.194980308332874,1.149119597600608,30.21146875163336,TRUE,145
P. vivax,model5,21008,Pindaré,MA,2015,2,146,650498,3.996937730784722,4.084489837490411,-0.0875521067056888,1.4565763461225094,21.529658815246158,TRUE,145
P. vivax,model5,21008,Pindaré,MA,2015,3,147,650498,3.0745674852190166,4.262498200057332,-1.1879307148383158,1.2298269940876068,22.38669450175095,TRUE,145
P. vivax,model5,21009,Imperatriz,MA,2015,1,145,586584,2.0457428092140257,1.1447719080724617,0.9009709011415641,0,6.738165377848692,TRUE,145
P. vivax,model5,21009,Imperatriz,MA,2015,2,146,586584,0.8523928371725106,0.9844566635005362,-0.1320638263280256,0,6.0562511081106845,TRUE,145
P. vivax,model5,21009,Imperatriz,MA,2015,3,147,586584,1.193349972041515,0.9342653064259058,0.2590846656156093,0,5.966749860207575,TRUE,145
P. vivax,model5,21010,Médio Mearim,MA,2015,1,145,416015,0.9615037919305794,1.0293738011729074,-0.067870009242328,0,6.261793444947887,TRUE,145
P. vivax,model5,21010,Médio Mearim,MA,2015,2,146,416015,2.6441354278090934,0.9286483578908591,1.7154870699182343,0,5.654844176291714,TRUE,145
P. vivax,model5,21010,Médio Mearim,MA,2015,3,147,416015,1.442255687895869,1.0931717926972373,0.3490838951986317,0,6.85672391620494,TRUE,145
P. vivax,model5,21011,Alto Mearim e Grajaú,MA,2015,1,145,328081,1.5240138868145365,3.6764797002984513,-2.1524658134839147,0.30480277736290734,20.726588860677698,TRUE,145
P. vivax,model5,21011,Alto Mearim e Grajaú,MA,2015,2,146,328081,1.5240138868145365,3.209152913899485,-1.6851390270849484,0.30480277736290734,17.37375830968572,TRUE,145
P. vivax,model5,21011,Alto Mearim e Grajaú,MA,2015,3,147,328081,2.4384222189032587,3.228571884405568,-0.7901496655023093,0.30480277736290734,16.0097658809867,TRUE,145
P. vivax,model5,21012,Presidente Dutra,MA,2015,1,145,195258,0,0.6708667372963751,-0.6708667372963751,0,5.1214290835714795,TRUE,145
P. vivax,model5,21012,Presidente Dutra,MA,2015,2,146,195258,1.024285816714296,0.6376943541081994,0.38659146260609667,0,4.878161202101822,TRUE,145
P. vivax,model5,21012,Presidente Dutra,MA,2015,3,147,195258,0.512142908357148,0.7562329388333858,-0.24409003047623778,0,5.39030411045897,TRUE,145
P. vivax,model5,21013,Baixo Parnaíba Maranhense,MA,2015,1,145,142624,0.7011442674444693,0.7078356896768226,-0.006691422232353306,0,6.310298407000225,TRUE,145
P. vivax,model5,21013,Baixo Parnaíba Maranhense,MA,2015,2,146,142624,0,0.6480361376937628,-0.6480361376937628,0,5.609154139555755,TRUE,145
P. vivax,model5,21013,Baixo Parnaíba Maranhense,MA,2015,3,147,142624,0.7011442674444693,0.6607571044220638,0.040387163022405526,0,5.609154139555755,TRUE,145
P. vivax,model5,21014,Chapadinha,MA,2015,1,145,238969,0,0.25346795039644027,-0.25346795039644027,0,2.9292502374785014,TRUE,145
P. vivax,model5,21014,Chapadinha,MA,2015,2,146,238969,0.4184643196397859,0.23394266451367296,0.18452165512611296,0,2.5107859178387155,TRUE,145
P. vivax,model5,21014,Chapadinha,MA,2015,3,147,238969,0.8369286392795718,0.24075776701619028,0.5961708722633816,0,2.5107859178387155,TRUE,145
P. vivax,model5,21015,Codó,MA,2015,1,145,272267,0.36728652389015193,1.9195553327196153,-1.5522688088294634,0,13.607965710130113,TRUE,145
P. vivax,model5,21015,Codó,MA,2015,2,146,272267,0,1.7705749070377432,-1.7705749070377432,0,11.597071991831523,TRUE,145
P. vivax,model5,21015,Codó,MA,2015,3,147,272267,0,2.0479648673679223,-2.0479648673679223,0,14.149713332868096,TRUE,145
P. vivax,model5,21016,Coelho Neto,MA,2015,1,145,91578,0,0.09495992109558286,-0.09495992109558286,0,1.091965319181463,TRUE,145
P. vivax,model5,21016,Coelho Neto,MA,2015,2,146,91578,0,0.08188919745117453,-0.08188919745117453,0,1.665247111751706,TRUE,145
P. vivax,model5,21016,Coelho Neto,MA,2015,3,147,91578,0,0.07425140249294239,-0.07425140249294239,0,1.091965319181463,TRUE,145
P. vivax,model5,21017,Caxias,MA,2015,1,145,434610,0,0.5222849495023619,-0.5222849495023619,0,3.451370193967005,TRUE,145
P. vivax,model5,21017,Caxias,MA,2015,2,146,434610,0,0.5006111932223453,-0.5006111932223453,0,2.9911875014380707,TRUE,145
P. vivax,model5,21017,Caxias,MA,2015,3,147,434610,0,0.5358270764835315,-0.5358270764835315,0,4.492533535813713,TRUE,145
P. vivax,model5,21018,Chapadas do Alto Itapecuru,MA,2015,1,145,216408,0.9241802521163729,0.23351352018067797,0.6906667319356949,0,2.3104506302909322,TRUE,145
P. vivax,model5,21018,Chapadas do Alto Itapecuru,MA,2015,2,146,216408,0,0.18411200911187192,-0.18411200911187192,0,1.8483605042327458,TRUE,145
P. vivax,model5,21018,Chapadas do Alto Itapecuru,MA,2015,3,147,216408,0,0.1813993587903712,-0.1813993587903712,0,1.8483605042327458,TRUE,145
P. vivax,model5,21019,Porto Franco,MA,2015,1,145,117278,0,0.42519157591807416,-0.42519157591807416,0,4.263374204880711,TRUE,145
P. vivax,model5,21019,Porto Franco,MA,2015,2,146,117278,0,0.35784488977667306,-0.35784488977667306,0,3.4106993639045684,TRUE,145
P. vivax,model5,21019,Porto Franco,MA,2015,3,147,117278,0,0.35531308126126854,-0.35531308126126854,0,3.4106993639045684,TRUE,145
P. vivax,model5,21020,Gerais de Balsas,MA,2015,1,145,139570,0,0.0020280269372496807,-0.0020280269372496807,0,0,TRUE,145
P. vivax,model5,21020,Gerais de Balsas,MA,2015,2,146,139570,0,0.0018367200080552334,-0.0018367200080552334,0,0,TRUE,145
P. vivax,model5,21020,Gerais de Balsas,MA,2015,3,147,139570,0,0.002061060244733068,-0.002061060244733068,0,0,TRUE,145
P. vivax,model5,21021,Chapadas das Mangabeiras,MA,2015,1,145,70710,0,0.02253212710210958,-0.02253212710210958,0,1.414227124876255,TRUE,145
P. vivax,model5,21021,Chapadas das Mangabeiras,MA,2015,2,146,70710,0,0.020146271870722186,-0.020146271870722186,0,1.414227124876255,TRUE,145
P. vivax,model5,21021,Chapadas das Mangabeiras,MA,2015,3,147,70710,1.414227124876255,0.02329261157496405,1.390934513301291,0,1.414227124876255,TRUE,145
P. vivax,model5,51001,Aripuanã,MT,2015,1,145,155581,35.3513603846228,30.31009023814245,5.04127014648035,10.926784118883411,170.0239746498608,TRUE,145
P. vivax,model5,51001,Aripuanã,MT,2015,2,146,155581,26.995584293711957,26.03514793794782,0.9604363557641378,7.3755792802463045,141.80716154286182,TRUE,145
P. vivax,model5,51001,Aripuanã,MT,2015,3,147,155581,28.28108830769824,25.963011106814214,2.3180772008840265,5.7847680629382765,137.6132046972316,TRUE,145
P. vivax,model5,51002,Alta Floresta,MT,2015,1,145,102968,9.711755108383187,14.648890036657916,-4.9371349282747286,1.9423510216766375,76.77142413176907,TRUE,145
P. vivax,model5,51002,Alta Floresta,MT,2015,2,146,102968,10.682930619221507,10.10962096661933,0.5733096526021768,0.9711755108383188,61.28117473389783,TRUE,145
P. vivax,model5,51002,Alta Floresta,MT,2015,3,147,102968,6.798228575868231,8.29353663336325,-1.4953080574950182,0,51.4723020744309,TRUE,145
P. vivax,model5,51003,Colíder,MT,2015,1,145,149561,3.343117523953437,4.856972788737086,-1.5138552647836492,0,26.744940191627496,TRUE,145
P. vivax,model5,51003,Colíder,MT,2015,2,146,149561,2.005870514372062,3.951959185056564,-1.9460886706845018,0,23.084226502898467,TRUE,145
P. vivax,model5,51003,Colíder,MT,2015,3,147,149561,2.6744940191627498,3.964607238406131,-1.290113219243381,0,21.395952153301998,TRUE,145
P. vivax,model5,51004,Parecis,MT,2015,1,145,101405,1.9722893348454218,1.4027979597883051,0.5694913750571167,0,10.847591341649819,TRUE,145
P. vivax,model5,51004,Parecis,MT,2015,2,146,101405,0,1.539190527208384,-1.539190527208384,0,13.337606626892143,TRUE,145
P. vivax,model5,51004,Parecis,MT,2015,3,147,101405,0,1.8807054796452507,-1.8807054796452507,0,13.337606626892143,TRUE,145
P. vivax,model5,51005,Arinos,MT,2015,1,145,79094,0,0.18126851145496328,-0.18126851145496328,0,2.5286368118947076,TRUE,145
P. vivax,model5,51005,Arinos,MT,2015,2,146,79094,0,0.14857414952642306,-0.14857414952642306,0,2.5286368118947076,TRUE,145
P. vivax,model5,51005,Arinos,MT,2015,3,147,79094,0,0.16463692402265542,-0.16463692402265542,0,2.5286368118947076,TRUE,145
P. vivax,model5,51006,Alto Teles Pires,MT,2015,1,145,231128,0.865321380360666,0.6707607557373517,0.19456062462331425,0,5.624588972344329,TRUE,145
P. vivax,model5,51006,Alto Teles Pires,MT,2015,2,146,231128,0,0.6535411380629566,-0.6535411380629566,0,5.4190751445086605,TRUE,145
P. vivax,model5,51006,Alto Teles Pires,MT,2015,3,147,231128,0,0.6401076079606248,-0.6401076079606248,0,6.284396524869326,TRUE,145
P. vivax,model5,51007,Sinop,MT,2015,1,145,191263,0.5228402775236193,0.8721753475717561,-0.3493350700481368,0,6.274083330283432,TRUE,145
P. vivax,model5,51007,Sinop,MT,2015,2,146,191263,2.091361110094477,0.8145507755326399,1.2768103345618371,0,6.300225344159589,TRUE,145
P. vivax,model5,51007,Sinop,MT,2015,3,147,191263,1.568520832570858,0.8568382594675645,0.7116825731032934,0,7.594255031030559,TRUE,145
P. vivax,model5,51008,Paranatinga,MT,2015,1,145,34726,0,0.011616749118128412,-0.011616749118128412,0,2.8796866900881186,TRUE,145
P. vivax,model5,51008,Paranatinga,MT,2015,2,146,34726,0,0.009772875338119632,-0.009772875338119632,0,0,TRUE,145
P. vivax,model5,51008,Paranatinga,MT,2015,3,147,34726,0,0.009366991337475691,-0.009366991337475691,0,0,TRUE,145
P. vivax,model5,51009,Norte Araguaia,MT,2015,1,145,123004,0,0.07383490172241323,-0.07383490172241323,0,1.6259633833046079,TRUE,145
P. vivax,model5,51009,Norte Araguaia,MT,2015,2,146,123004,0,0.06625788524870055,-0.06625788524870055,0,0.8129816916523039,TRUE,145
P. vivax,model5,51009,Norte Araguaia,MT,2015,3,147,123004,0,0.07836088920860741,-0.07836088920860741,0,0.8129816916523039,TRUE,145
P. vivax,model5,51010,Canarana,MT,2015,1,145,108272,0,0.29931025614675705,-0.29931025614675705,0,4.179289197576454,TRUE,145
P. vivax,model5,51010,Canarana,MT,2015,2,146,108272,0,0.29775254188473116,-0.29775254188473116,0,3.694399290675336,TRUE,145
P. vivax,model5,51010,Canarana,MT,2015,3,147,108272,0,0.26459967799251466,-0.26459967799251466,0,3.694399290675336,TRUE,145
P. vivax,model5,51011,Médio Araguaia,MT,2015,1,145,67011,2.984584620435451,0.031488881957949924,2.953095738477501,0,1.4922923102177255,FALSE,145
P. vivax,model5,51011,Médio Araguaia,MT,2015,2,146,67011,0,0.023308188509726543,-0.023308188509726543,0,1.4922923102177255,TRUE,145
P. vivax,model5,51011,Médio Araguaia,MT,2015,3,147,67011,0,0.02184271893937721,-0.02184271893937721,0,1.4922923102177255,TRUE,145
P. vivax,model5,51012,Alto Guaporé,MT,2015,1,145,71338,0,0.19634736047347426,-0.19634736047347426,0,2.803554907622866,TRUE,145
P. vivax,model5,51012,Alto Guaporé,MT,2015,2,146,71338,0,0.16983755880146564,-0.16983755880146564,0,2.803554907622866,TRUE,145
P. vivax,model5,51012,Alto Guaporé,MT,2015,3,147,71338,0,0.16712999184153615,-0.16712999184153615,0,2.803554907622866,TRUE,145
P. vivax,model5,51013,Tangará da Serra,MT,2015,1,145,159087,0,0.1540851553841249,-0.1540851553841249,0,1.8857606215467009,TRUE,145
P. vivax,model5,51013,Tangará da Serra,MT,2015,2,146,159087,0,0.14558185475502733,-0.14558185475502733,0,1.8857606215467009,TRUE,145
P. vivax,model5,51013,Tangará da Serra,MT,2015,3,147,159087,0,0.15426967644413478,-0.15426967644413478,0,1.2571737476978007,TRUE,145
P. vivax,model5,51014,Jauru,MT,2015,1,145,107801,0,0.06553454687054117,-0.06553454687054117,0,0.9276351796365526,TRUE,145
P. vivax,model5,51014,Jauru,MT,2015,2,146,107801,0,0.05018091232305666,-0.05018091232305666,0,0.9276351796365526,TRUE,145
P. vivax,model5,51014,Jauru,MT,2015,3,147,107801,0,0.0443424295634094,-0.0443424295634094,0,0.9276351796365526,TRUE,145
P. vivax,model5,51015,Alto Paraguai,MT,2015,1,145,32596,0,0.12163042767986226,-0.12163042767986226,0,3.067861087249969,TRUE,145
P. vivax,model5,51015,Alto Paraguai,MT,2015,2,146,32596,0,0.1029545684677054,-0.1029545684677054,0,3.067861087249969,TRUE,145
P. vivax,model5,51015,Alto Paraguai,MT,2015,3,147,32596,0,0.11102533138207024,-0.11102533138207024,0,3.067861087249969,TRUE,145
P. vivax,model5,51016,Rosário Oeste,MT,2015,1,145,30448,0,0.008130052632785921,-0.008130052632785921,0,0,TRUE,145
P. vivax,model5,51016,Rosário Oeste,MT,2015,2,146,30448,0,0.0068279235708643355,-0.0068279235708643355,0,0,TRUE,145
P. vivax,model5,51016,Rosário Oeste,MT,2015,3,147,30448,0,0.007639617991140189,-0.007639617991140189,0,0,TRUE,145
P. vivax,model5,51017,Cuiabá,MT,2015,1,145,898432,0.4452201168257586,0.37437599857617565,0.07084411824958298,0,3.33915087619319,TRUE,145
P. vivax,model5,51017,Cuiabá,MT,2015,2,146,898432,0.11130502920643966,0.30020782800700335,-0.1889027988005637,0,2.560015671748112,TRUE,145
P. vivax,model5,51017,Cuiabá,MT,2015,3,147,898432,0.11130502920643966,0.2886345914982802,-0.17732956229184055,0,2.2845357244621716,TRUE,145
P. vivax,model5,51018,Alto Pantanal,MT,2015,1,145,135181,0,0.15410874328349541,-0.15410874328349541,0,2.219246787640275,TRUE,145
P. vivax,model5,51018,Alto Pantanal,MT,2015,2,146,135181,0,0.14070911936697156,-0.14070911936697156,0,2.219246787640275,TRUE,145
P. vivax,model5,51018,Alto Pantanal,MT,2015,3,147,135181,0,0.15029437077473587,-0.15029437077473587,0,2.219246787640275,TRUE,145
P. vivax,model5,51019,Primavera do Leste,MT,2015,1,145,95412,0,0.10369956154834012,-0.10369956154834012,0,2.096172389217289,TRUE,145
P. vivax,model5,51019,Primavera do Leste,MT,2015,2,146,95412,0,0.08789942078175533,-0.08789942078175533,0,2.096172389217289,TRUE,145
P. vivax,model5,51019,Primavera do Leste,MT,2015,3,147,95412,0,0.08917594348770162,-0.08917594348770162,0,2.096172389217289,TRUE,145
P. vivax,model5,51020,Tesouro,MT,2015,1,145,54493,0,0.09701133864508757,-0.09701133864508757,0,2.79852458113882,TRUE,145
P. vivax,model5,51020,Tesouro,MT,2015,2,146,54493,0,0.08536785681595674,-0.08536785681595674,0,1.8350980859926964,TRUE,145
P. vivax,model5,51020,Tesouro,MT,2015,3,147,54493,0,0.08576467285515349,-0.08576467285515349,0,1.8350980859926964,TRUE,145
P. vivax,model5,51021,Rondonópolis,MT,2015,1,145,298273,0,0.2503335465218435,-0.2503335465218435,0,2.34684332809205,TRUE,145
P. vivax,model5,51021,Rondonópolis,MT,2015,2,146,298273,0,0.2144664257294192,-0.2144664257294192,0,2.0115799955074714,TRUE,145
P. vivax,model5,51021,Rondonópolis,MT,2015,3,147,298273,0,0.20673702098655594,-0.20673702098655594,0,1.6763166629228927,TRUE,145
P. vivax,model5,51022,Alto Araguaia,MT,2015,1,145,38412,0,0.0055526359716716,-0.0055526359716716,0,0,TRUE,145
P. vivax,model5,51022,Alto Araguaia,MT,2015,2,146,38412,0,0.005205155115276432,-0.005205155115276432,0,0,TRUE,145
P. vivax,model5,51022,Alto Araguaia,MT,2015,3,147,38412,0,0.005435876035312399,-0.005435876035312399,0,0,TRUE,145
P. vivax,model5,11001,Porto Velho,RO,2016,1,157,648872,48.854011268786444,48.95798684149277,-0.10397557270632518,17.796267985057142,246.6511114672847,TRUE,157
P. vivax,model5,11001,Porto Velho,RO,2016,2,158,648872,44.38471686249368,39.7561460671948,4.628570795298884,13.870224019529276,199.06468456028307,TRUE,157
P. vivax,model5,11001,Porto Velho,RO,2016,3,159,648872,38.220172853814,43.29480289029892,-5.074630036484919,14.552176700489465,207.444611572082,TRUE,157
P. vivax,model5,11002,Guajará-Mirim,RO,2016,1,157,83432,93.48930865854828,49.084573755433375,44.40473490311491,14.952296480966538,253.1402819062228,TRUE,157
P. vivax,model5,11002,Guajará-Mirim,RO,2016,2,158,83432,104.27653658068847,40.13586999837649,64.14066658231198,9.588647041902387,198.4550292453734,TRUE,157
P. vivax,model5,11002,Guajará-Mirim,RO,2016,3,159,83432,83.90066161664589,44.526302357402585,39.374359259243306,14.323041518841695,191.83286988205958,TRUE,157
P. vivax,model5,11003,Ariquemes,RO,2016,1,157,201599,80.85357566257768,33.88059018238801,46.97298548018967,10.1563003784741,152.56772107004497,TRUE,157
P. vivax,model5,11003,Ariquemes,RO,2016,2,158,201599,68.94875470612453,29.140068976149486,39.808685729975046,10.1563003784741,140.63809840326587,TRUE,157
P. vivax,model5,11003,Ariquemes,RO,2016,3,159,201599,65.47651526049236,28.836701728586867,36.639813531905496,10.652334584992982,145.51163448231375,TRUE,157
P. vivax,model5,11004,Ji-Paraná,RO,2016,1,157,317230,13.870062730510986,6.911862561489298,6.958200169021688,1.5761434921035211,36.41679538505185,TRUE,157
P. vivax,model5,11004,Ji-Paraná,RO,2016,2,158,317230,12.609147936828169,5.37031993722351,7.238827999604659,1.0954197270119477,27.125429499101585,TRUE,157
P. vivax,model5,11004,Ji-Paraná,RO,2016,3,159,317230,11.033004444724648,5.6402105891198815,5.392793855604767,0.9456860952621127,27.905620527692832,TRUE,157
P. vivax,model5,11005,Alvorada D'Oeste,RO,2016,1,157,75248,3.986816925366787,3.608721167375035,0.3780957579917521,0,25.947533489262142,TRUE,157
P. vivax,model5,11005,Alvorada D'Oeste,RO,2016,2,158,75248,2.6578779502445244,2.8241778936994053,-0.16629994345488086,0,20.698224537529143,TRUE,157
P. vivax,model5,11005,Alvorada D'Oeste,RO,2016,3,159,75248,7.973633850733574,3.0428767468816584,4.930757103851915,0,24.61859451413988,TRUE,157
P. vivax,model5,11006,Cacoal,RO,2016,1,157,249644,4.406274534937752,3.4860501376283333,0.9202243973094184,0,18.846837897165546,TRUE,157
P. vivax,model5,11006,Cacoal,RO,2016,2,158,249644,1.6022816490682732,3.1531886170050876,-1.5509069679368144,0,18.42623896428514,TRUE,157
P. vivax,model5,11006,Cacoal,RO,2016,3,159,249644,2.40342247360241,3.682210854218671,-1.2787883806162608,0.4005704122670683,19.437679255259482,TRUE,157
P. vivax,model5,11007,Vilhena,RO,2016,1,157,157201,3.1806413445207093,1.8418877132944584,1.338753631226251,0,10.51201964364093,TRUE,157
P. vivax,model5,11007,Vilhena,RO,2016,2,158,157201,2.544513075616567,1.6652055198931643,0.8793075557234027,0,10.51201964364093,TRUE,157
P. vivax,model5,11007,Vilhena,RO,2016,3,159,157201,0.6361282689041418,1.7923800634991913,-1.1562517945950495,0,12.722565378082837,TRUE,157
P. vivax,model5,11008,Colorado do Oeste,RO,2016,1,157,54053,0,0.9880003984825667,-0.9880003984825667,0,9.250180378517381,TRUE,157
P. vivax,model5,11008,Colorado do Oeste,RO,2016,2,158,54053,0,0.7873960914610261,-0.7873960914610261,0,7.400144302813905,TRUE,157
P. vivax,model5,11008,Colorado do Oeste,RO,2016,3,159,54053,3.7000721514069523,0.7766292475001347,2.9234429039068175,0,8.371413242558187,TRUE,157
P. vivax,model5,12001,Cruzeiro do Sul,AC,2016,1,157,145544,1775.4081240037376,1384.0003660714733,391.4077579322643,562.7164293959215,8228.731517616658,TRUE,157
P. vivax,model5,12001,Cruzeiro do Sul,AC,2016,2,158,145544,1712.8840762930797,989.9279594534296,722.9561168396501,392.8880613422745,5651.950612873075,TRUE,157
P. vivax,model5,12001,Cruzeiro do Sul,AC,2016,3,159,145544,1578.2168966085856,986.3318191985156,591.8850774100699,444.04097729896114,5722.27298961138,TRUE,157
P. vivax,model5,12002,Tarauacá,AC,2016,1,157,79484,81.77746464697299,63.459383813664786,18.3180808333082,23.904181973730562,382.0580242564539,TRUE,157
P. vivax,model5,12002,Tarauacá,AC,2016,2,158,79484,67.9382013990237,47.8665420515706,20.0716593474531,18.211212319460522,252.2834784359116,TRUE,157
P. vivax,model5,12002,Tarauacá,AC,2016,3,159,79484,79.26123496552766,48.41713175000001,30.844103215527653,15.6949826380152,282.47823461325544,TRUE,157
P. vivax,model5,12003,Sena Madureira,AC,2016,1,157,57237,5.241364851407306,0.9065394050318263,4.33482544637548,0,8.735608085678845,TRUE,157
P. vivax,model5,12003,Sena Madureira,AC,2016,2,158,57237,5.241364851407306,0.7847071342888599,4.456657717118446,0,8.735608085678845,TRUE,157
P. vivax,model5,12003,Sena Madureira,AC,2016,3,159,57237,1.7471216171357689,0.7727565271458858,0.974365089989883,0,8.735608085678845,TRUE,157
P. vivax,model5,12004,Rio Branco,AC,2016,1,157,468316,19.431324148651765,11.086953595824111,8.344370552827653,3.6193510364796424,67.77475038222047,TRUE,157
P. vivax,model5,12004,Rio Branco,AC,2016,2,158,468316,20.28544828705404,9.214020677719288,11.071427609334753,3.090861725843234,56.28144244484491,TRUE,157
P. vivax,model5,12004,Rio Branco,AC,2016,3,159,468316,21.353103460056886,10.766566651311505,10.58653680874538,2.6637996566420963,59.86342555026941,TRUE,157
P. vivax,model5,12005,Brasiléia,AC,2016,1,157,66106,3.0254439839046383,1.4470251420806837,1.5784188418239546,0,10.589053943666233,TRUE,157
P. vivax,model5,12005,Brasiléia,AC,2016,2,158,66106,3.0254439839046383,0.9936006087001763,2.031843375204462,0,9.870510997488847,TRUE,157
P. vivax,model5,12005,Brasiléia,AC,2016,3,159,66106,1.5127219919523192,0.9013332944652954,0.6113886974870237,0,9.076331951713914,TRUE,157
P. vivax,model5,13001,Rio Negro,AM,2016,1,157,112645,1328.0660482045364,687.6253182609157,640.4407299436207,275.06769053220296,3662.013404944735,TRUE,157
P. vivax,model5,13001,Rio Negro,AM,2016,2,158,112645,1206.4450264104044,580.5410666990604,625.903959711344,233.38807758888544,2831.395090771892,TRUE,157
P. vivax,model5,13001,Rio Negro,AM,2016,3,159,112645,1360.0248568511697,614.083286957652,745.9415698935177,252.49678192551823,3097.9404323316567,TRUE,157
P. vivax,model5,13002,Japurá,AM,2016,1,157,23137,172.8832605782945,239.82676782600439,-66.94350724770987,73.47538574577516,1267.4504041146206,TRUE,157
P. vivax,model5,13002,Japurá,AM,2016,2,158,23137,168.56117906383716,175.28204461167581,-6.720865547838656,43.22081514457363,914.1202403077302,TRUE,157
P. vivax,model5,13002,Japurá,AM,2016,3,159,23137,99.40787483251935,221.73552942001302,-122.32765458749367,64.83122271686044,1186.7355318321302,TRUE,157
P. vivax,model5,13003,Alto Solimões,AM,2016,1,157,248118,196.6806116444595,205.9690116525475,-9.28840000808799,86.20898121055305,1137.7852473419905,TRUE,157
P. vivax,model5,13003,Alto Solimões,AM,2016,2,158,248118,218.04141577797662,261.73264117595534,-43.69122539797871,93.6953385082904,1462.1571187902525,TRUE,157
P. vivax,model5,13003,Alto Solimões,AM,2016,3,159,248118,182.17138619527807,341.24349607489813,-159.07210987962006,122.25030026035999,1913.8978228101146,TRUE,157
P. vivax,model5,13004,Juruá,AM,2016,1,157,147121,419.3826850007817,530.8938817671606,-111.51119676637887,215.43491411831076,2682.11200304511,TRUE,157
P. vivax,model5,13004,Juruá,AM,2016,2,158,147121,432.29722473338273,492.11488202177395,-59.81765728839122,207.36332678543516,2417.312960080477,TRUE,157
P. vivax,model5,13004,Juruá,AM,2016,3,159,147121,396.2724560056009,707.1622897662728,-310.88983376067193,272.0719679719415,3568.491241902921,TRUE,157
P. vivax,model5,13005,Tefé,AM,2016,1,157,91235,252.09623499753386,211.951044590052,40.14519040748186,79.32810873020223,985.5866717816625,TRUE,157
P. vivax,model5,13005,Tefé,AM,2016,2,158,91235,200.5809174110813,205.36178565637545,-4.780868245294158,84.86326519427851,964.0762865128513,TRUE,157
P. vivax,model5,13005,Tefé,AM,2016,3,159,91235,145.7773880637913,266.2133906273087,-120.43600256351738,108.9768181070861,1173.3161615608035,TRUE,157
P. vivax,model5,13006,Coari,AM,2016,1,157,174835,85.2232104555724,49.9474411902488,35.275769265323596,16.80155575256671,256.54188234621216,TRUE,157
P. vivax,model5,13006,Coari,AM,2016,2,158,174835,76.64369262447451,55.51034027817786,21.133352346296654,15.686218434523983,267.50936597363193,TRUE,157
P. vivax,model5,13006,Coari,AM,2016,3,159,174835,75.49975691366146,68.68623704263862,6.813519871022834,29.442045357050937,353.53333142677377,TRUE,157
P. vivax,model5,13007,Manaus,AM,2016,1,157,2369017,81.34175482911267,42.8842235273684,38.457531301744275,16.914188458757366,213.03561772667717,TRUE,157
P. vivax,model5,13007,Manaus,AM,2016,2,158,2369017,59.60278039372449,34.55177944259864,25.05100095112585,15.079039112002995,172.25393485990168,TRUE,157
P. vivax,model5,13007,Manaus,AM,2016,3,159,2369017,50.40065140942424,37.68674630754851,12.713905101875731,14.938685539191994,190.68140920896707,TRUE,157
P. vivax,model5,13008,Rio Preto da Eva,AM,2016,1,157,64977,229.31191036828415,82.21229316159861,147.09961720668554,25.355125659848873,433.46107084045025,TRUE,157
P. vivax,model5,13008,Rio Preto da Eva,AM,2016,2,158,64977,184.68073318251072,55.91942919745574,128.76130398505498,14.582082890869078,304.87711036212806,TRUE,157
P. vivax,model5,13008,Rio Preto da Eva,AM,2016,3,159,64977,293.95016698216295,49.66497343184717,244.2851935503158,16.121089000723334,270.59574926512414,FALSE,157
P. vivax,model5,13009,Itacoatiara,AM,2016,1,157,174140,9.18800964741013,3.4179277548583977,5.770081892551732,0,16.95474905248649,TRUE,157
P. vivax,model5,13009,Itacoatiara,AM,2016,2,158,174140,41.920294016308716,2.4320243311027476,39.48826968520597,0,12.360744228781426,FALSE,157
P. vivax,model5,13009,Itacoatiara,AM,2016,3,159,174140,24.11852532445159,2.3609429861882942,21.757582338263294,0,13.207763868152062,FALSE,157
P. vivax,model5,13010,Parintins,AM,2016,1,157,273814,12.782399731204393,22.585903938275763,-9.80350420707137,6.363809009035332,126.78314476250297,TRUE,157
P. vivax,model5,13010,Parintins,AM,2016,2,158,273814,8.7650741013973,17.583198313419537,-8.818124212022237,6.190333584111843,101.27312701322785,TRUE,157
P. vivax,model5,13010,Parintins,AM,2016,3,159,273814,6.573805576047974,18.93142426847745,-12.357618692429476,5.843382734264866,113.79987874980806,TRUE,157
P. vivax,model5,13011,Boca do Acre,AM,2016,1,157,53328,106.88568856885689,96.6713534310285,10.214335137828385,31.87818781878188,515.9578457845782,TRUE,157
P. vivax,model5,13011,Boca do Acre,AM,2016,2,158,53328,84.38343834383438,84.39222135771921,-0.008783013884823276,31.87818781878188,483.0951845184516,TRUE,157
P. vivax,model5,13011,Boca do Acre,AM,2016,3,159,53328,58.130813081308126,96.6795096466776,-38.548696565369475,22.5022502250225,536.1161116111596,TRUE,157
P. vivax,model5,13012,Purus,AM,2016,1,157,77422,343.57159463718324,298.21454221067034,45.357052426512894,117.21474516287361,1609.942910283895,TRUE,157
P. vivax,model5,13012,Purus,AM,2016,2,158,77422,262.19937485469245,305.97192661054567,-43.772551755853215,118.50636769910363,1682.3060628761841,TRUE,157
P. vivax,model5,13012,Purus,AM,2016,3,159,77422,348.7380847821033,474.28442268003863,-125.54633789793536,194.29232001239959,2653.1218516700665,TRUE,157
P. vivax,model5,13013,Madeira,AM,2016,1,157,191878,28.142882456560937,27.411339336335185,0.7315431202257514,7.817467349044706,138.53855053732042,TRUE,157
P. vivax,model5,13013,Madeira,AM,2016,2,158,191878,39.087336745223524,28.552644198752017,10.534692546471508,8.33863183898102,146.57751279458813,TRUE,157
P. vivax,model5,13013,Madeira,AM,2016,3,159,191878,26.579388986752,35.3623926092629,-8.783003622510897,10.423289798726275,188.04917708127024,TRUE,157
P. vivax,model5,14001,Boa Vista,RR,2016,1,157,365901,115.05844477058002,104.18011498292084,10.878329787659183,38.637500307460215,548.4065361942162,TRUE,157
P. vivax,model5,14001,Boa Vista,RR,2016,2,158,365901,115.33174273915623,82.40768842000693,32.92405431914929,29.90563021145064,446.8558435205151,TRUE,157
P. vivax,model5,14001,Boa Vista,RR,2016,3,159,365901,171.35782629727711,85.32666606024499,86.03116023703213,34.10758647830971,480.06154670252323,TRUE,157
P. vivax,model5,14002,Nordeste de Roraima,RR,2016,1,157,48362,62.03217402092552,67.33125446240103,-5.2990804414755175,20.677391340308507,342.3659071171579,TRUE,157
P. vivax,model5,14002,Nordeste de Roraima,RR,2016,2,158,48362,59.96443488689467,55.88289766464613,4.081537222248542,15.45635002688061,320.49956577478184,TRUE,157
P. vivax,model5,14002,Nordeste de Roraima,RR,2016,3,159,48362,35.151565278524465,51.06112362296965,-15.909558344445188,8.270956536123402,272.06277656010906,TRUE,157
P. vivax,model5,14003,Caracaraí,RR,2016,1,157,47747,286.929021718642,233.9861580993083,52.94286361933368,82.67535133097368,1280.5516576957698,TRUE,157
P. vivax,model5,14003,Caracaraí,RR,2016,2,158,47747,129.85109012084527,175.78784598310642,-45.93675586226115,59.63725469663016,894.8729763126464,TRUE,157
P. vivax,model5,14003,Caracaraí,RR,2016,3,159,47747,236.66408360734707,171.5672121396641,65.09687146768297,60.73680021781474,819.2137725930422,TRUE,157
P. vivax,model5,14004,Sudeste de Roraima,RR,2016,1,157,52219,473.00790899864035,541.1983263360289,-68.19041733738857,203.61362722380744,2915.6533062678336,TRUE,157
P. vivax,model5,14004,Sudeste de Roraima,RR,2016,2,158,52219,325.5520021448132,397.46280963875387,-71.9108074939407,161.5791187115801,2174.735249621785,TRUE,157
P. vivax,model5,14004,Sudeste de Roraima,RR,2016,3,159,52219,448.11275589344876,420.0094211195915,28.103334773857284,158.56297516229728,2271.2997184932683,TRUE,157
P. vivax,model5,15001,Óbidos,PA,2016,1,157,201119,2.4860903246336745,1.2367418634267076,1.249348461206967,0,8.477568007000807,TRUE,157
P. vivax,model5,15001,Óbidos,PA,2016,2,158,201119,5.469398714194084,1.0046722154972145,4.464726498696869,0,6.724874328134079,TRUE,157
P. vivax,model5,15001,Óbidos,PA,2016,3,159,201119,3.4805264544871446,1.1554409284824272,2.3250855260047176,0,7.458270973901024,TRUE,157
P. vivax,model5,15002,Santarém,PA,2016,1,157,510742,6.852774982280682,2.121011395042759,4.731763587237923,0,10.284057312694076,TRUE,157
P. vivax,model5,15002,Santarém,PA,2016,2,158,510742,2.5453164219899675,2.1293314727865083,0.4159849492034593,0.19579357092230518,11.263025167305601,TRUE,157
P. vivax,model5,15002,Santarém,PA,2016,3,159,510742,4.307458560290715,2.2696154988610595,2.037843061429655,0.09300194618809524,11.654612309150211,TRUE,157
P. vivax,model5,15003,Almeirim,PA,2016,1,157,72528,22.060445621001545,4.703696668585816,17.356748952415728,0,31.71189058018972,TRUE,157
P. vivax,model5,15003,Almeirim,PA,2016,2,158,72528,38.6057798367527,4.179795764751336,34.42598407200137,0,27.575557026251932,FALSE,157
P. vivax,model5,15003,Almeirim,PA,2016,3,159,72528,39.984557688065294,3.326860175506904,36.65769751255839,0,22.060445621001545,FALSE,157
P. vivax,model5,15004,Portel,PA,2016,1,157,147088,3.399325573806157,6.281000305279616,-2.8816747314734594,0,33.313390623300336,TRUE,157
P. vivax,model5,15004,Portel,PA,2016,2,158,147088,29.91406504949418,7.003143149522976,22.910921899971203,0.32293592951158584,40.82590014141191,TRUE,157
P. vivax,model5,15004,Portel,PA,2016,3,159,147088,27.874469705210487,6.695769265490678,21.178700439719808,0,37.06964538235613,TRUE,157
P. vivax,model5,15005,Furos de Breves,PA,2016,1,157,223291,149.13274605783485,74.00736023399442,75.12538582384043,32.222525762346,329.5139526447549,TRUE,157
P. vivax,model5,15005,Furos de Breves,PA,2016,2,158,223291,177.79489545033164,86.40675209850244,91.3881433518292,34.82003305104102,389.1670510678888,TRUE,157
P. vivax,model5,15005,Furos de Breves,PA,2016,3,159,223291,167.04658942814532,88.91705545942301,78.12953396872231,36.275532824878745,427.7825796830145,TRUE,157
P. vivax,model5,15006,Arari,PA,2016,1,157,170786,2.342112351129484,1.3729882211079782,0.9691241300215057,0,9.368449404517936,TRUE,157
P. vivax,model5,15006,Arari,PA,2016,2,158,170786,6.44080896560608,2.037489034691172,4.403319930914908,0,13.189020177297891,TRUE,157
P. vivax,model5,15006,Arari,PA,2016,3,159,170786,5.855280877823709,2.5007387362131346,3.3545421416105747,0,18.73689880903587,TRUE,157
P. vivax,model5,15007,Belém,PA,2016,1,157,2280761,0.43845014887574807,0.300376957890818,0.1380731909849301,0,1.8206642432065427,TRUE,157
P. vivax,model5,15007,Belém,PA,2016,2,158,2280761,0.30691510421302365,0.26948619654043104,0.037428907672592604,0,1.7998378611349437,TRUE,157
P. vivax,model5,15007,Belém,PA,2016,3,159,2280761,0.17538005955029923,0.28547541595414067,-0.11009535640384144,0,1.8414906252781416,TRUE,157
P. vivax,model5,15008,Castanhal,PA,2016,1,157,329626,0.30337412704094946,0.3066071923676866,-0.0032330653267371168,0,2.123618889286646,TRUE,157
P. vivax,model5,15008,Castanhal,PA,2016,2,158,329626,0.30337412704094946,0.2662808014434436,0.03709332559750583,0,2.123618889286646,TRUE,157
P. vivax,model5,15008,Castanhal,PA,2016,3,159,329626,0.6067482540818989,0.25705424532873566,0.34969400875316325,0,1.9795161789421882,TRUE,157
P. vivax,model5,15009,Salgado,PA,2016,1,157,262427,0,0.23234422865267934,-0.23234422865267934,0,1.9052917573267993,TRUE,157
P. vivax,model5,15009,Salgado,PA,2016,2,158,262427,0.38105835146535993,0.22882471101106064,0.1522336404542993,0,2.2863501087921594,TRUE,157
P. vivax,model5,15009,Salgado,PA,2016,3,159,262427,1.1431750543960797,0.3321201331971617,0.811054921198918,0,2.2863501087921594,TRUE,157
P. vivax,model5,15010,Bragantina,PA,2016,1,157,409039,0.24447546566464323,0.10314351433568618,0.14133195132895704,0,0.9779018626585729,TRUE,157
P. vivax,model5,15010,Bragantina,PA,2016,2,158,409039,0,0.09155602203313562,-0.09155602203313562,0,1.1062514821325051,TRUE,157
P. vivax,model5,15010,Bragantina,PA,2016,3,159,409039,0,0.10105457749065816,-0.10105457749065816,0,0.9779018626585729,TRUE,157
P. vivax,model5,15011,Cametá,PA,2016,1,157,478943,1.4615517921756869,0.4043804516360237,1.0571713405396632,0,2.9231035843513737,TRUE,157
P. vivax,model5,15011,Cametá,PA,2016,2,158,478943,2.7143104711834187,0.4116052075961509,2.302705263587268,0,2.82392685559659,TRUE,157
P. vivax,model5,15011,Cametá,PA,2016,3,159,478943,1.2527586790077316,0.33774482351729473,0.9150138554904369,0,2.296724244847508,TRUE,157
P. vivax,model5,15012,Tomé-Açu,PA,2016,1,157,325988,1.8405585481674174,0.4030353619966136,1.4375231861708038,0,3.2286464532436705,TRUE,157
P. vivax,model5,15012,Tomé-Açu,PA,2016,2,158,325988,0.30675975802790284,0.2988284505063823,0.007931307521520548,0,2.308367179159962,TRUE,157
P. vivax,model5,15012,Tomé-Açu,PA,2016,3,159,325988,0.9202792740837087,0.2542769540622736,0.6660023200214351,0,1.8405585481674174,TRUE,157
P. vivax,model5,15013,Guamá,PA,2016,1,157,465819,0.4293513145663874,0.15918755450433889,0.27016376006204856,0,1.5027296009823559,TRUE,157
P. vivax,model5,15013,Guamá,PA,2016,2,158,465819,0,0.1576922177651372,-0.1576922177651372,0,1.288053943699162,TRUE,157
P. vivax,model5,15013,Guamá,PA,2016,3,159,465819,0.4293513145663874,0.16320697105476756,0.26614434351161986,0,1.5027296009823559,TRUE,157
P. vivax,model5,15014,Itaituba,PA,2016,1,157,214640,102.96310100633619,72.54433855375899,30.418762452577198,24.91380916884085,344.46049198658204,TRUE,157
P. vivax,model5,15014,Itaituba,PA,2016,2,158,214640,110.88333954528512,66.30364026712188,44.57969927816325,22.33973164368245,319.17396571002587,TRUE,157
P. vivax,model5,15014,Itaituba,PA,2016,3,159,214640,109.01975400670891,65.68624939131104,43.33350461539787,23.516120014908687,280.72586656727515,TRUE,157
P. vivax,model5,15015,Altamira,PA,2016,1,157,297477,19.16114523139604,11.536964726793595,7.624180504602446,2.8489597515102014,55.81944150304056,TRUE,157
P. vivax,model5,15015,Altamira,PA,2016,2,158,297477,31.599081609670662,10.167719096106007,21.431362513564657,3.361604426560709,44.44041051913251,TRUE,157
P. vivax,model5,15015,Altamira,PA,2016,3,159,297477,17.144182575459613,7.494554733714102,9.649627841745511,1.6808022132803544,37.71720166601109,TRUE,157
P. vivax,model5,15016,Tucuruí,PA,2016,1,157,368588,18.72008855415803,6.869880290702612,11.850208263455416,1.7567039621474387,42.19480829544098,TRUE,157
P. vivax,model5,15016,Tucuruí,PA,2016,2,158,368588,19.805311079036755,5.446539286663679,14.358771792373076,1.0852225248787264,28.758396909286247,TRUE,157
P. vivax,model5,15016,Tucuruí,PA,2016,3,159,368588,18.72008855415803,4.286727173354709,14.43336138080332,1.2140926997080754,22.51836739123357,TRUE,157
P. vivax,model5,15017,Paragominas,PA,2016,1,157,334228,1.4959847768589107,0.8989680036633994,0.5970167731955114,0,6.141017509005822,TRUE,157
P. vivax,model5,15017,Paragominas,PA,2016,2,158,334228,1.1967878214871286,0.7898007643539418,0.40698705713318684,0,5.5426235982622565,TRUE,157
P. vivax,model5,15017,Paragominas,PA,2016,3,159,334228,0.29919695537178215,0.6538456441688072,-0.35464868879702505,0,4.645032732146911,TRUE,157
P. vivax,model5,15018,São Félix do Xingu,PA,2016,1,157,205857,76.26653453611003,8.80878704502607,67.45774749108396,1.202290910680716,50.77553835915222,FALSE,157
P. vivax,model5,15018,São Félix do Xingu,PA,2016,2,158,205857,92.29708001185288,9.391718483616845,82.90536152823604,2.9146446319532493,49.59753615373775,FALSE,157
P. vivax,model5,15018,São Félix do Xingu,PA,2016,3,159,205857,125.32971917398972,11.821657827834724,113.50806134615499,2.4288705266277075,64.68082212409578,FALSE,157
P. vivax,model5,15019,Parauapebas,PA,2016,1,157,307967,6.169492185851081,1.5192449607571124,4.650247225093969,0,11.567797848470741,TRUE,157
P. vivax,model5,15019,Parauapebas,PA,2016,2,158,307967,3.247101150447938,1.2761700168003673,1.9709311336475706,0,9.108118727006449,TRUE,157
P. vivax,model5,15019,Parauapebas,PA,2016,3,159,307967,2.9223910354031437,1.0482375409551432,1.8741534944480005,0,8.783408611961658,TRUE,157
P. vivax,model5,15020,Marabá,PA,2016,1,157,319770,0.9381743127873159,2.2305266787201874,-1.2923523659328715,0,15.010789004597054,TRUE,157
P. vivax,model5,15020,Marabá,PA,2016,2,158,319770,3.7526972511492636,1.892046771154961,1.8606504799943027,0,12.36044657097288,TRUE,157
P. vivax,model5,15020,Marabá,PA,2016,3,159,319770,1.5636238546455263,1.8202981669140321,-0.2566743122685058,0,12.524627075710653,TRUE,157
P. vivax,model5,15021,Redenção,PA,2016,1,157,190717,9.438067922628816,3.7169797556423814,5.721088166986435,0,23.123266410440554,TRUE,157
P. vivax,model5,15021,Redenção,PA,2016,2,158,190717,8.389393709003393,3.673459665408221,4.715934043595172,0.24906012573603897,20.20008703995972,TRUE,157
P. vivax,model5,15021,Redenção,PA,2016,3,159,190717,6.816382388565256,3.4618326181250088,3.3545497704402476,0,20.22630389530033,TRUE,157
P. vivax,model5,15022,Conceição do Araguaia,PA,2016,1,157,155323,0,0.676393104328522,-0.676393104328522,0,6.438196532387348,TRUE,157
P. vivax,model5,15022,Conceição do Araguaia,PA,2016,2,158,155323,0.6438196532387348,0.8246320544747635,-0.1808124012360287,0,6.132382197098934,TRUE,157
P. vivax,model5,15022,Conceição do Araguaia,PA,2016,3,159,155323,1.2876393064774696,0.8879696003252288,0.39966970615224084,0,6.438196532387348,TRUE,157
P. vivax,model5,16001,Oiapoque,AP,2016,1,157,35237,788.94344013395,596.2945658310429,192.6488743029072,238.38578766637343,2811.3204869881088,TRUE,157
P. vivax,model5,16001,Oiapoque,AP,2016,2,158,35237,561.9093566421659,438.39718007888,123.51217656328589,127.4228793597639,2084.0309901523956,TRUE,157
P. vivax,model5,16001,Oiapoque,AP,2016,3,159,35237,519.3404659874564,411.1433872951425,108.19707869231388,153.24800635695433,1887.3627153276386,TRUE,157
P. vivax,model5,16002,Amapá,AP,2016,1,157,29010,203.37814546708034,192.77604260087435,10.602102866205996,55.153395380903135,1053.343674594967,TRUE,157
P. vivax,model5,16002,Amapá,AP,2016,2,158,29010,130.98931402964496,194.26935678874023,-63.28004275909527,56.79076180627371,1061.7028610823854,TRUE,157
P. vivax,model5,16002,Amapá,AP,2016,3,159,29010,134.4364012409514,156.5946373073577,-22.15823606640629,43.002412961047916,849.9655291278867,TRUE,157
P. vivax,model5,16003,Macapá,AP,2016,1,157,636748,124.06792011910521,89.64637296585636,34.42154715324885,27.872093826757208,465.2232908466143,TRUE,157
P. vivax,model5,16003,Macapá,AP,2016,2,158,636748,94.85699209106271,72.64692887182484,22.210063219237867,24.13827762317275,367.33134615263805,TRUE,157
P. vivax,model5,16003,Macapá,AP,2016,3,159,636748,68.31588006558324,52.986144904090565,15.329735161492678,16.639235615973668,272.3526418614579,TRUE,157
P. vivax,model5,16004,Mazagão,AP,2016,1,157,81300,110.7011070110701,110.37538728516222,0.3257197259078879,44.86469864698647,561.6543665436642,TRUE,157
P. vivax,model5,16004,Mazagão,AP,2016,2,158,81300,161.13161131611315,92.42664331657689,68.70496799953627,25.768757687576876,480.0123001229998,TRUE,157
P. vivax,model5,16004,Mazagão,AP,2016,3,159,81300,91.02091020910208,81.87011840980503,9.150791799297053,19.034440344403446,430.0430504305042,TRUE,157
P. vivax,model5,17001,Bico do Papagaio,TO,2016,1,157,212579,0.9408267044251784,0.17527755351965435,0.765549150905524,0,1.8816534088503567,TRUE,157
P. vivax,model5,17001,Bico do Papagaio,TO,2016,2,158,212579,0,0.16735597943171318,-0.16735597943171318,0,2.128620418761955,TRUE,157
P. vivax,model5,17001,Bico do Papagaio,TO,2016,3,159,212579,0,0.15559672902905233,-0.15559672902905233,0,1.4112400566377676,TRUE,157
P. vivax,model5,17002,Araguaína,TO,2016,1,157,310729,0.32182384006642445,0.3574884802448268,-0.035664640178402374,0,3.7090197567655343,TRUE,157
P. vivax,model5,17002,Araguaína,TO,2016,2,158,310729,0.6436476801328489,0.3398470537472624,0.3038006263855865,0,2.743548236566261,TRUE,157
P. vivax,model5,17002,Araguaína,TO,2016,3,159,310729,0.6436476801328489,0.2994381403250751,0.3442095398077738,0,2.5745907205313956,TRUE,157
P. vivax,model5,17003,Miracema do Tocantins,TO,2016,1,157,149097,0,0.012037358173359608,-0.012037358173359608,0,0.6707043065923526,TRUE,157
P. vivax,model5,17003,Miracema do Tocantins,TO,2016,2,158,149097,0,0.01313917484623785,-0.01313917484623785,0,0.6707043065923526,TRUE,157
P. vivax,model5,17003,Miracema do Tocantins,TO,2016,3,159,149097,0,0.013559303158500569,-0.013559303158500569,0,0.6707043065923526,TRUE,157
P. vivax,model5,17004,Rio Formoso,TO,2016,1,157,125805,0,0.04597219753515358,-0.04597219753515358,0,0.7948809665752554,TRUE,157
P. vivax,model5,17004,Rio Formoso,TO,2016,2,158,125805,0,0.0524741590598063,-0.0524741590598063,0,0.7948809665752554,TRUE,157
P. vivax,model5,17004,Rio Formoso,TO,2016,3,159,125805,0.7948809665752554,0.05514451761724428,0.7397364489580112,0,0.7948809665752554,TRUE,157
P. vivax,model5,17005,Gurupi,TO,2016,1,157,148490,0,0.0019527313138031945,-0.0019527313138031945,0,0.6734460233012324,TRUE,157
P. vivax,model5,17005,Gurupi,TO,2016,2,158,148490,0,3.781946372353974e-4,-3.781946372353974e-4,0,0.6734460233012324,TRUE,157
P. vivax,model5,17005,Gurupi,TO,2016,3,159,148490,0,0.00723684010459775,-0.00723684010459775,0,0.6734460233012324,TRUE,157
P. vivax,model5,17006,Porto Nacional,TO,2016,1,157,383420,0.2608105993427573,0.03829326583573473,0.22251733350702257,0,0.5216211986855146,TRUE,157
P. vivax,model5,17006,Porto Nacional,TO,2016,2,158,383420,0.2608105993427573,0.04538568396121981,0.2154249153815375,0,0.7824317980282719,TRUE,157
P. vivax,model5,17006,Porto Nacional,TO,2016,3,159,383420,0,0.05073834154960395,-0.05073834154960395,0,0.7824317980282719,TRUE,157
P. vivax,model5,17007,Jalapão,TO,2016,1,157,78618,0,8.05076689335385e-4,-8.05076689335385e-4,0,0,TRUE,157
P. vivax,model5,17007,Jalapão,TO,2016,2,158,78618,0,9.294803265204231e-4,-9.294803265204231e-4,0,0,TRUE,157
P. vivax,model5,17007,Jalapão,TO,2016,3,159,78618,0,0.0010955711711018322,-0.0010955711711018322,0,0,TRUE,157
P. vivax,model5,17008,Dianópolis,TO,2016,1,157,124164,0,0.0012685518773180022,-0.0012685518773180022,0,0,TRUE,157
P. vivax,model5,17008,Dianópolis,TO,2016,2,158,124164,0,0.0016475393547508636,-0.0016475393547508636,0,0,TRUE,157
P. vivax,model5,17008,Dianópolis,TO,2016,3,159,124164,0,0.0021113818901256896,-0.0021113818901256896,0,0.42282787281335754,TRUE,157
P. vivax,model5,21001,Litoral Ocidental Maranhense,MA,2016,1,157,187688,0,0.0536872058981799,-0.0536872058981799,0,1.0655982268445505,TRUE,157
P. vivax,model5,21001,Litoral Ocidental Maranhense,MA,2016,2,158,187688,0,0.04761855727910611,-0.04761855727910611,0,0.5327991134222753,TRUE,157
P. vivax,model5,21001,Litoral Ocidental Maranhense,MA,2016,3,159,187688,0,0.06627668928050791,-0.06627668928050791,0,1.0655982268445505,TRUE,157
P. vivax,model5,21002,Aglomeração Urbana de São Luís,MA,2016,1,157,1409162,0.07096416167906884,0.024441574689581483,0.04652258698948736,0,0.28385664671627536,TRUE,157
P. vivax,model5,21002,Aglomeração Urbana de São Luís,MA,2016,2,158,1409162,0,0.02555394489120686,-0.02555394489120686,0,0.21289248503720648,TRUE,157
P. vivax,model5,21002,Aglomeração Urbana de São Luís,MA,2016,3,159,1409162,0.28385664671627536,0.032877198708220985,0.2509794480080544,0,0.42578497007441296,TRUE,157
P. vivax,model5,21003,Rosário,MA,2016,1,157,174476,0,0.02674101969399823,-0.02674101969399823,0,0.5731447305073477,TRUE,157
P. vivax,model5,21003,Rosário,MA,2016,2,158,174476,0.5731447305073477,0.02703621489590629,0.5461085156114415,0,0.5731447305073477,TRUE,157
P. vivax,model5,21003,Rosário,MA,2016,3,159,174476,0,0.03329686343442109,-0.03329686343442109,0,0.5731447305073477,TRUE,157
P. vivax,model5,21004,Lençóis Maranhenses,MA,2016,1,157,194298,0.514673336833112,0.015741706708537785,0.4989316301245742,0,0.514673336833112,TRUE,157
P. vivax,model5,21004,Lençóis Maranhenses,MA,2016,2,158,194298,0,0.021590546910081856,-0.021590546910081856,0,0.514673336833112,TRUE,157
P. vivax,model5,21004,Lençóis Maranhenses,MA,2016,3,159,194298,0,0.03397003463936027,-0.03397003463936027,0,0.514673336833112,TRUE,157
P. vivax,model5,21005,Baixada Maranhense,MA,2016,1,157,595044,1.1763835951627106,0.5145283590157868,0.6618552361469239,0,3.6173795551253316,TRUE,157
P. vivax,model5,21005,Baixada Maranhense,MA,2016,2,158,595044,1.5124931937806279,0.4310033458876787,1.081489847892949,0,2.6090507592715797,TRUE,157
P. vivax,model5,21005,Baixada Maranhense,MA,2016,3,159,595044,1.1763835951627106,0.4275022631959973,0.7488813319667134,0,2.6888767889433387,TRUE,157
P. vivax,model5,21006,Itapecuru Mirim,MA,2016,1,157,232934,0.429306155391656,0.053408107768314526,0.3758980476233415,0,0.858612310783312,TRUE,157
P. vivax,model5,21006,Itapecuru Mirim,MA,2016,2,158,232934,0,0.06590122481419292,-0.06590122481419292,0,0.858612310783312,TRUE,157
P. vivax,model5,21006,Itapecuru Mirim,MA,2016,3,159,232934,0.429306155391656,0.10370406002886784,0.32560209536278817,0,1.5133041977555777,TRUE,157
P. vivax,model5,21007,Gurupi,MA,2016,1,157,238005,7.983025566689776,2.824108858300728,5.1589167083890475,0.199575639167245,17.867271695972764,TRUE,157
P. vivax,model5,21007,Gurupi,MA,2016,2,158,238005,5.882229364929308,2.8289151508524113,3.0533142140768965,0,16.606793974916485,TRUE,157
P. vivax,model5,21007,Gurupi,MA,2016,3,159,238005,4.201592403520934,3.4827216521123106,0.7188707514086232,0.42015924035209345,22.268439738660952,TRUE,157
P. vivax,model5,21008,Pindaré,MA,2016,1,157,654404,4.431513254808956,2.465933744937532,1.9655795098714242,0.458432405669892,12.618351966063766,TRUE,157
P. vivax,model5,21008,Pindaré,MA,2016,2,158,654404,6.418053679378487,2.1704846782071474,4.24756900117134,0,10.24596426672208,TRUE,157
P. vivax,model5,21008,Pindaré,MA,2016,3,159,654404,6.87648608504838,2.2580881488391245,4.618397936209256,0.3782067346776611,11.24305474905409,TRUE,157
P. vivax,model5,21009,Imperatriz,MA,2016,1,157,589439,1.1875698757632256,0.7321102976897008,0.4554595780735248,0,3.7323624666844233,TRUE,157
P. vivax,model5,21009,Imperatriz,MA,2016,2,158,589439,1.0179170363684793,0.6495666920346547,0.36835034433382463,0,3.821430207366662,TRUE,157
P. vivax,model5,21009,Imperatriz,MA,2016,3,159,589439,0.6786113575789862,0.6103048836476945,0.06830647393129163,0,4.3303887255509,TRUE,157
P. vivax,model5,21010,Médio Mearim,MA,2016,1,157,416384,1.6811404857055026,0.7742201441386439,0.9069203415668586,0,6.256244236089753,TRUE,157
P. vivax,model5,21010,Médio Mearim,MA,2016,2,158,416384,1.2008146326467874,0.7647745797228732,0.43604005292391423,0,6.370321626191203,TRUE,157
P. vivax,model5,21010,Médio Mearim,MA,2016,3,159,416384,1.92130341223486,0.8600988096074664,1.0612046026273936,0,6.8506474792499175,TRUE,157
P. vivax,model5,21011,Alto Mearim e Grajaú,MA,2016,1,157,330611,0.6049405494675011,1.3393848906830486,-0.7344443412155475,0,7.864227143077514,TRUE,157
P. vivax,model5,21011,Alto Mearim e Grajaú,MA,2016,2,158,330611,1.8148216484025033,1.2540262066339292,0.5607954417685741,0,7.274410107346688,TRUE,157
P. vivax,model5,21011,Alto Mearim e Grajaú,MA,2016,3,159,330611,2.117291923136254,1.226220069669839,0.8910718534664148,0,6.956816318876263,TRUE,157
P. vivax,model5,21012,Presidente Dutra,MA,2016,1,157,195820,1.0213461342048822,0.39146595749509583,0.6298801767097864,0,3.8428148299458575,TRUE,157
P. vivax,model5,21012,Presidente Dutra,MA,2016,2,158,195820,1.5320192013073228,0.41047883761387843,1.1215403636934445,0,3.574711469717087,TRUE,157
P. vivax,model5,21012,Presidente Dutra,MA,2016,3,159,195820,2.553365335512205,0.47016648824269286,2.083198847269512,0,4.621591257277068,TRUE,157
P. vivax,model5,21013,Baixo Parnaíba Maranhense,MA,2016,1,157,143983,1.3890528742976602,0.4559496682309831,0.9331032060666771,0,4.1671586228929804,TRUE,157
P. vivax,model5,21013,Baixo Parnaíba Maranhense,MA,2016,2,158,143983,0.6945264371488301,0.43003759959066984,0.2644888375581603,0,4.1671586228929804,TRUE,157
P. vivax,model5,21013,Baixo Parnaíba Maranhense,MA,2016,3,159,143983,0,0.441635135619279,-0.441635135619279,0,4.861685060041811,TRUE,157
P. vivax,model5,21014,Chapadinha,MA,2016,1,157,240987,0,0.2292912384861648,-0.2292912384861648,0,2.074800715391287,TRUE,157
P. vivax,model5,21014,Chapadinha,MA,2016,2,158,240987,0.8299202861565147,0.21913899103006065,0.6107812951264541,0,2.074800715391287,TRUE,157
P. vivax,model5,21014,Chapadinha,MA,2016,3,159,240987,0.41496014307825735,0.2198194155793474,0.19514072749890995,0,2.074800715391287,TRUE,157
P. vivax,model5,21015,Codó,MA,2016,1,157,273399,0.7315315710737786,0.3602343362331309,0.37129723484064775,0,2.560360498758225,TRUE,157
P. vivax,model5,21015,Codó,MA,2016,2,158,273399,0.3657657855368893,0.3511254539087149,0.014640331628174408,0,2.560360498758225,TRUE,157
P. vivax,model5,21015,Codó,MA,2016,3,159,273399,0.7315315710737786,0.3971051268919112,0.33442644418186745,0,3.291892069832004,TRUE,157
P. vivax,model5,21016,Coelho Neto,MA,2016,1,157,92230,0,0.04260393731913615,-0.04260393731913615,0,1.0842459069717012,TRUE,157
P. vivax,model5,21016,Coelho Neto,MA,2016,2,158,92230,0,0.038257407870059046,-0.038257407870059046,0,1.0842459069717012,TRUE,157
P. vivax,model5,21016,Coelho Neto,MA,2016,3,159,92230,0,0.03347847676611607,-0.03347847676611607,0,1.0842459069717012,TRUE,157
P. vivax,model5,21017,Caxias,MA,2016,1,157,437336,0.22865714233449796,0.11090203602463598,0.11775510630986198,0,1.14328571167249,TRUE,157
P. vivax,model5,21017,Caxias,MA,2016,2,158,437336,0.22865714233449796,0.11691609807467346,0.1117410442598245,0,1.3719428540069878,TRUE,157
P. vivax,model5,21017,Caxias,MA,2016,3,159,437336,0.22865714233449796,0.11787767820296793,0.11077946413153003,0,1.3719428540069878,TRUE,157
P. vivax,model5,21018,Chapadas do Alto Itapecuru,MA,2016,1,157,217425,0.9198574220995746,0.16659393673337594,0.7532634853661986,0,1.839714844199149,TRUE,157
P. vivax,model5,21018,Chapadas do Alto Itapecuru,MA,2016,2,158,217425,0.4599287110497873,0.14186568734487093,0.31806302370491635,0,1.379786133149362,TRUE,157
P. vivax,model5,21018,Chapadas do Alto Itapecuru,MA,2016,3,159,217425,0.4599287110497873,0.13622403971044364,0.32370467133934366,0,1.839714844199149,TRUE,157
P. vivax,model5,21019,Porto Franco,MA,2016,1,157,118414,0,0.1982940161261299,-0.1982940161261299,0,2.5334842163933318,TRUE,157
P. vivax,model5,21019,Porto Franco,MA,2016,2,158,118414,0,0.17854452644608526,-0.17854452644608526,0,2.5334842163933318,TRUE,157
P. vivax,model5,21019,Porto Franco,MA,2016,3,159,118414,0,0.17521264926535954,-0.17521264926535954,0,2.5334842163933318,TRUE,157
P. vivax,model5,21020,Gerais de Balsas,MA,2016,1,157,140990,0.7092701610043265,0.0010225680693477656,0.7082475929349787,0,0,FALSE,157
P. vivax,model5,21020,Gerais de Balsas,MA,2016,2,158,140990,0,0.0010279842944040556,-0.0010279842944040556,0,0,TRUE,157
P. vivax,model5,21020,Gerais de Balsas,MA,2016,3,159,140990,0,0.0011327344002173172,-0.0011327344002173172,0,0,TRUE,157
P. vivax,model5,21021,Chapadas das Mangabeiras,MA,2016,1,157,71007,0,0.02288947059904074,-0.02288947059904074,0,0.7393637247031662,TRUE,157
P. vivax,model5,21021,Chapadas das Mangabeiras,MA,2016,2,158,71007,0,0.023284480660030964,-0.023284480660030964,0,1.4083118565775206,TRUE,157
P. vivax,model5,21021,Chapadas das Mangabeiras,MA,2016,3,159,71007,0,0.027068534984498557,-0.027068534984498557,0,1.4083118565775206,TRUE,157
P. vivax,model5,51001,Aripuanã,MT,2016,1,157,158779,44.716240812701926,33.50006235313209,11.21617845956984,11.336511755332884,171.3860145233308,TRUE,157
P. vivax,model5,51001,Aripuanã,MT,2016,2,158,158779,21.41341109340656,30.445237453222248,-9.031826359815689,8.817286920814466,139.70676222926187,TRUE,157
P. vivax,model5,51001,Aripuanã,MT,2016,3,159,158779,30.230698014221026,29.42717362838581,0.8035243858352175,8.486638661283925,151.84627690059705,TRUE,157
P. vivax,model5,51002,Alta Floresta,MT,2016,1,157,103591,14.480022395767971,11.519317549553424,2.960704846214547,0.9653348263845314,59.39222519330828,TRUE,157
P. vivax,model5,51002,Alta Floresta,MT,2016,2,158,103591,5.792008958307189,8.696284502442076,-2.9042755441348866,0,46.384338407776696,TRUE,157
P. vivax,model5,51002,Alta Floresta,MT,2016,3,159,103591,5.792008958307189,6.867259302967312,-1.0752503446601231,0,42.016198318386714,TRUE,157
P. vivax,model5,51003,Colíder,MT,2016,1,157,150531,1.992944974789246,2.3247770395828113,-0.3318320647935653,0,14.614929815121139,TRUE,157
P. vivax,model5,51003,Colíder,MT,2016,2,158,150531,0.6643149915964154,2.1369352315508494,-1.4726202399544341,0,13.950614823524722,TRUE,157
P. vivax,model5,51003,Colíder,MT,2016,3,159,150531,4.650204941174907,2.0034525084648735,2.646752432710034,0,13.950614823524722,TRUE,157
P. vivax,model5,51004,Parecis,MT,2016,1,157,103492,0,0.3943995673391121,-0.3943995673391121,0,3.8650330460325435,TRUE,157
P. vivax,model5,51004,Parecis,MT,2016,2,158,103492,0,0.44916502074879255,-0.44916502074879255,0,4.3723186333242925,TRUE,157
P. vivax,model5,51004,Parecis,MT,2016,3,159,103492,0,0.5220663311809202,-0.5220663311809202,0,4.831291307540679,TRUE,157
P. vivax,model5,51005,Arinos,MT,2016,1,157,79669,0,0.06804322490853103,-0.06804322490853103,0,1.255193362537499,TRUE,157
P. vivax,model5,51005,Arinos,MT,2016,2,158,79669,0,0.05975365062074529,-0.05975365062074529,0,1.9141698778696572,TRUE,157
P. vivax,model5,51005,Arinos,MT,2016,3,159,79669,0,0.061844533611133075,-0.061844533611133075,0,1.255193362537499,TRUE,157
P. vivax,model5,51006,Alto Teles Pires,MT,2016,1,157,238340,0,0.3766657256081359,-0.3766657256081359,0,2.9369807837543007,TRUE,157
P. vivax,model5,51006,Alto Teles Pires,MT,2016,2,158,238340,0,0.3953320003146508,-0.3953320003146508,0,2.9369807837543007,TRUE,157
P. vivax,model5,51006,Alto Teles Pires,MT,2016,3,159,238340,0.4195686833934715,0.366910497653904,0.05265818573956749,0,2.9369807837543007,TRUE,157
P. vivax,model5,51007,Sinop,MT,2016,1,157,194473,0.5142101988450839,0.7367107652362573,-0.22250056639117344,0,5.142101988450839,TRUE,157
P. vivax,model5,51007,Sinop,MT,2016,2,158,194473,0.5142101988450839,0.7962084715755194,-0.28199827273043554,0,5.926272541689579,TRUE,157
P. vivax,model5,51007,Sinop,MT,2016,3,159,194473,0,0.7826678145836804,-0.7826678145836804,0,5.926272541689579,TRUE,157
P. vivax,model5,51008,Paranatinga,MT,2016,1,157,35035,0,0.005892774135076304,-0.005892774135076304,0,0,TRUE,157
P. vivax,model5,51008,Paranatinga,MT,2016,2,158,35035,0,0.005378328723332067,-0.005378328723332067,0,0,TRUE,157
P. vivax,model5,51008,Paranatinga,MT,2016,3,159,35035,0,0.005100510168673356,-0.005100510168673356,0,0,TRUE,157
P. vivax,model5,51009,Norte Araguaia,MT,2016,1,157,124904,0,0.030396089125731038,-0.030396089125731038,0,0.8006148722218663,TRUE,157
P. vivax,model5,51009,Norte Araguaia,MT,2016,2,158,124904,0,0.03143635155744551,-0.03143635155744551,0,0.8006148722218663,TRUE,157
P. vivax,model5,51009,Norte Araguaia,MT,2016,3,159,124904,0.8006148722218663,0.03548865675340184,0.7651262154684645,0,0.8006148722218663,TRUE,157
P. vivax,model5,51010,Canarana,MT,2016,1,157,109827,0,0.09691345248900358,-0.09691345248900358,0,1.8210458266182268,TRUE,157
P. vivax,model5,51010,Canarana,MT,2016,2,158,109827,0,0.10787506289566112,-0.10787506289566112,0,1.8210458266182268,TRUE,157
P. vivax,model5,51010,Canarana,MT,2016,3,159,109827,0,0.09330428082313838,-0.09330428082313838,0,1.8210458266182268,TRUE,157
P. vivax,model5,51011,Médio Araguaia,MT,2016,1,157,67282,2.9725632412829586,0.06954073643553021,2.9030225048474283,0,1.4862816206414793,FALSE,157
P. vivax,model5,51011,Médio Araguaia,MT,2016,2,158,67282,0,0.05751109569234637,-0.05751109569234637,0,1.4862816206414793,TRUE,157
P. vivax,model5,51011,Médio Araguaia,MT,2016,3,159,67282,0,0.05085225746400309,-0.05085225746400309,0,1.4862816206414793,TRUE,157
P. vivax,model5,51012,Alto Guaporé,MT,2016,1,157,72021,0,0.1585573239723879,-0.1585573239723879,0,2.776967828827703,TRUE,157
P. vivax,model5,51012,Alto Guaporé,MT,2016,2,158,72021,0,0.14639260043821334,-0.14639260043821334,0,2.776967828827703,TRUE,157
P. vivax,model5,51012,Alto Guaporé,MT,2016,3,159,72021,1.3884839144138514,0.1402532791336067,1.2482306352802448,0,2.1174379694810916,TRUE,157
P. vivax,model5,51013,Tangará da Serra,MT,2016,1,157,161588,0,0.0654707577210554,-0.0654707577210554,0,1.2377156719558384,TRUE,157
P. vivax,model5,51013,Tangará da Serra,MT,2016,2,158,161588,0,0.06570542638110048,-0.06570542638110048,0,1.2377156719558384,TRUE,157
P. vivax,model5,51013,Tangará da Serra,MT,2016,3,159,161588,0,0.06702613859846027,-0.06702613859846027,0,1.2377156719558384,TRUE,157
P. vivax,model5,51014,Jauru,MT,2016,1,157,107801,0,0.03154686090969354,-0.03154686090969354,0,0.9276351796365526,TRUE,157
P. vivax,model5,51014,Jauru,MT,2016,2,158,107801,0,0.02483904329949117,-0.02483904329949117,0,0.9276351796365526,TRUE,157
P. vivax,model5,51014,Jauru,MT,2016,3,159,107801,0,0.021683629806313845,-0.021683629806313845,0,0.9276351796365526,TRUE,157
P. vivax,model5,51015,Alto Paraguai,MT,2016,1,157,32538,0,0.057395397745816715,-0.057395397745816715,0,0,TRUE,157
P. vivax,model5,51015,Alto Paraguai,MT,2016,2,158,32538,0,0.05292052202856641,-0.05292052202856641,0,3.073329645337759,TRUE,157
P. vivax,model5,51015,Alto Paraguai,MT,2016,3,159,32538,0,0.05455613278386758,-0.05455613278386758,0,3.073329645337759,TRUE,157
P. vivax,model5,51016,Rosário Oeste,MT,2016,1,157,30278,0,0.004234855113059107,-0.004234855113059107,0,0,TRUE,157
P. vivax,model5,51016,Rosário Oeste,MT,2016,2,158,30278,0,0.00391650749647877,-0.00391650749647877,0,0,TRUE,157
P. vivax,model5,51016,Rosário Oeste,MT,2016,3,159,30278,0,0.004210389830802653,-0.004210389830802653,0,0,TRUE,157
P. vivax,model5,51017,Cuiabá,MT,2016,1,157,906316,0,0.15547681730567758,-0.15547681730567758,0,1.1612947360523234,TRUE,157
P. vivax,model5,51017,Cuiabá,MT,2016,2,158,906316,0,0.13469775711876533,-0.13469775711876533,0,1.1612947360523234,TRUE,157
P. vivax,model5,51017,Cuiabá,MT,2016,3,159,906316,0.5516839601198699,0.12373437493667834,0.42794958518319154,0,1.2137047122637137,TRUE,157
P. vivax,model5,51018,Alto Pantanal,MT,2016,1,157,136000,0,0.04893409219150279,-0.04893409219150279,0,0.7352941176470589,TRUE,157
P. vivax,model5,51018,Alto Pantanal,MT,2016,2,158,136000,0,0.04720487753683341,-0.04720487753683341,0,0.7352941176470589,TRUE,157
P. vivax,model5,51018,Alto Pantanal,MT,2016,3,159,136000,0,0.04836464870912498,-0.04836464870912498,0,0.7352941176470589,TRUE,157
P. vivax,model5,51019,Primavera do Leste,MT,2016,1,157,97184,0,0.04213355914021687,-0.04213355914021687,0,1.0289759631215014,TRUE,157
P. vivax,model5,51019,Primavera do Leste,MT,2016,2,158,97184,0,0.03903988770891786,-0.03903988770891786,0,1.0289759631215014,TRUE,157
P. vivax,model5,51019,Primavera do Leste,MT,2016,3,159,97184,0,0.03780573968740169,-0.03780573968740169,0,1.0289759631215014,TRUE,157
P. vivax,model5,51020,Tesouro,MT,2016,1,157,54436,0,0.04477079224493013,-0.04477079224493013,0,1.837019619369535,TRUE,157
P. vivax,model5,51020,Tesouro,MT,2016,2,158,54436,0,0.04457814791662429,-0.04457814791662429,0,1.837019619369535,TRUE,157
P. vivax,model5,51020,Tesouro,MT,2016,3,159,54436,0,0.04335882550456841,-0.04335882550456841,0,1.837019619369535,TRUE,157
P. vivax,model5,51021,Rondonópolis,MT,2016,1,157,302259,0,0.11708463750113028,-0.11708463750113028,0,1.3233683695109162,TRUE,157
P. vivax,model5,51021,Rondonópolis,MT,2016,2,158,302259,0.33084209237772905,0.1112890927345091,0.21955299964321995,0,1.3233683695109162,TRUE,157
P. vivax,model5,51021,Rondonópolis,MT,2016,3,159,302259,0,0.1065582751166281,-0.1065582751166281,0,1.3233683695109162,TRUE,157
P. vivax,model5,51022,Alto Araguaia,MT,2016,1,157,39187,0,0.012885675842136998,-0.012885675842136998,0,2.551866690484089,TRUE,157
P. vivax,model5,51022,Alto Araguaia,MT,2016,2,158,39187,0,0.012648057306791938,-0.012648057306791938,0,2.551866690484089,TRUE,157
P. vivax,model5,51022,Alto Araguaia,MT,2016,3,159,39187,0,0.013017018568488666,-0.013017018568488666,0,2.551866690484089,TRUE,157
P. vivax,model5,11001,Porto Velho,RO,2017,1,169,659874,50.161091359865665,49.07344802056213,1.0876433393035327,18.329256797509828,257.4241446094254,TRUE,169
P. vivax,model5,11001,Porto Velho,RO,2017,2,170,659874,39.85609373910777,41.06973532896929,-1.213641589861517,13.710950878501048,223.24716536793386,TRUE,169
P. vivax,model5,11001,Porto Velho,RO,2017,3,171,659874,49.55491502923286,45.42714977033746,4.127765258895401,16.518305009744285,251.06687034191373,TRUE,169
P. vivax,model5,11002,Guajará-Mirim,RO,2017,1,169,84545,22.47323910343604,45.570916751109294,-23.097677647673255,9.462416464604647,244.48518540422185,TRUE,169
P. vivax,model5,11002,Guajará-Mirim,RO,2017,2,170,84545,29.570051451889523,38.690905172339285,-9.120853720449762,7.658643326039389,193.9499674729429,TRUE,169
P. vivax,model5,11002,Guajará-Mirim,RO,2017,3,171,84545,21.29043704536046,43.49739534401379,-22.20695829865333,9.462416464604647,222.9877579986989,TRUE,169
P. vivax,model5,11003,Ariquemes,RO,2017,1,169,204494,78.24190440795329,74.94499882430033,3.2969055836529577,28.105959099044473,408.89952761450184,TRUE,169
P. vivax,model5,11003,Ariquemes,RO,2017,2,170,204494,49.879214060070225,63.738072810501436,-13.85885875043121,18.325721048050312,325.4496464443945,TRUE,169
P. vivax,model5,11003,Ariquemes,RO,2017,3,171,204494,56.23636879321642,66.04194095022669,-9.805572157010268,22.98355941983628,330.975480943206,TRUE,169
P. vivax,model5,11004,Ji-Paraná,RO,2017,1,169,317627,11.019214361499493,9.133330475972555,1.8858838855269386,2.8335122643855843,45.351937964971476,TRUE,169
P. vivax,model5,11004,Ji-Paraná,RO,2017,2,170,317627,8.18570209711391,7.1018274329155515,1.0838746641983592,1.5741734802142133,40.298841093483865,TRUE,169
P. vivax,model5,11004,Ji-Paraná,RO,2017,3,171,317627,7.241198008985382,7.641222093764348,-0.4000240847789662,2.038554656877407,42.21933273934518,TRUE,169
P. vivax,model5,11005,Alvorada D'Oeste,RO,2017,1,169,75328,2.655055225148683,4.677310538348957,-2.0222553132002736,0,29.902559473237012,TRUE,169
P. vivax,model5,11005,Alvorada D'Oeste,RO,2017,2,170,75328,7.965165675446049,3.732729259326581,4.232436416119468,0,25.3557774001698,TRUE,169
P. vivax,model5,11005,Alvorada D'Oeste,RO,2017,3,171,75328,7.965165675446049,4.089598482475384,3.8755671929706654,0,24.592449022939647,TRUE,169
P. vivax,model5,11006,Cacoal,RO,2017,1,169,250643,1.1969215178560741,2.597531872375725,-1.4006103545196509,0,16.776849941949287,TRUE,169
P. vivax,model5,11006,Cacoal,RO,2017,2,170,250643,3.191790714282865,2.312184013859342,0.8796067004235231,0,18.602155256679772,TRUE,169
P. vivax,model5,11006,Cacoal,RO,2017,3,171,250643,2.3938430357121483,2.7775777509929345,-0.3837347152807862,0,20.78653702676712,TRUE,169
P. vivax,model5,11007,Vilhena,RO,2017,1,169,159583,0.6266331626802354,1.754415505951333,-1.1277823432710976,0,12.235012501331582,TRUE,169
P. vivax,model5,11007,Vilhena,RO,2017,2,170,159583,3.7597989760814117,1.5481171646635727,2.211681811417839,0,11.906030090924473,TRUE,169
P. vivax,model5,11007,Vilhena,RO,2017,3,171,159583,4.386432138761648,1.7105869732581795,2.675845165503468,0,12.235012501331582,TRUE,169
P. vivax,model5,11008,Colorado do Oeste,RO,2017,1,169,53694,0,1.0158827133725854,-1.0158827133725854,0,10.28979029314258,TRUE,169
P. vivax,model5,11008,Colorado do Oeste,RO,2017,2,170,53694,3.724810965843483,0.8001552611791228,2.92465570466436,0,7.449621931686966,TRUE,169
P. vivax,model5,11008,Colorado do Oeste,RO,2017,3,171,53694,1.8624054829217416,0.8307170793073215,1.03168840361442,0,7.449621931686966,TRUE,169
P. vivax,model5,12001,Cruzeiro do Sul,AC,2017,1,169,147727,2200.0040615459598,1243.9615944255502,956.0424671204096,563.2010397557657,5964.431011257251,TRUE,169
P. vivax,model5,12001,Cruzeiro do Sul,AC,2017,2,170,147727,1350.4640316259045,978.3995100657211,372.0645215601834,431.81002795697475,4718.754865393588,TRUE,169
P. vivax,model5,12001,Cruzeiro do Sul,AC,2017,3,171,147727,1402.587204776378,975.7343260954009,426.85287868097714,422.51924157398446,4636.948560520415,TRUE,169
P. vivax,model5,12002,Tarauacá,AC,2017,1,169,80242,34.89444430597443,49.10198062640722,-14.207536320432787,17.447222152987216,269.37264774058457,TRUE,169
P. vivax,model5,12002,Tarauacá,AC,2017,2,170,80242,27.417063383265624,38.52672801277906,-11.109664629513436,9.969841230278409,217.68525211235988,TRUE,169
P. vivax,model5,12002,Tarauacá,AC,2017,3,171,80242,26.17083322948082,38.98157619492689,-12.810742965446067,12.46230153784801,190.5797462675402,TRUE,169
P. vivax,model5,12003,Sena Madureira,AC,2017,1,169,58255,5.149772551712299,0.9833617322134226,4.166410819498877,0,8.582954252853833,TRUE,169
P. vivax,model5,12003,Sena Madureira,AC,2017,2,170,58255,0,0.9034844327721876,-0.9034844327721876,0,9.484164449403446,TRUE,169
P. vivax,model5,12003,Sena Madureira,AC,2017,3,171,58255,0,0.8751897002973547,-0.8751897002973547,0,8.582954252853833,TRUE,169
P. vivax,model5,12004,Rio Branco,AC,2017,1,169,476130,18.272320584714258,10.188975889947276,8.083344694766982,3.460189444059396,47.91758553336271,TRUE,169
P. vivax,model5,12004,Rio Branco,AC,2017,2,170,476130,13.651733770188814,8.791427498403989,4.860306271784825,2.520320080650243,44.945708104929324,TRUE,169
P. vivax,model5,12004,Rio Branco,AC,2017,3,171,476130,12.391573729863694,10.482867986756949,1.9087057431067453,3.670216117446916,58.07237519164924,TRUE,169
P. vivax,model5,12005,Brasiléia,AC,2017,1,169,67265,4.459971753512228,0.9979992270512945,3.461972526460934,0,9.700438563889062,TRUE,169
P. vivax,model5,12005,Brasiléia,AC,2017,2,170,67265,0,0.7336875227508232,-0.7336875227508232,0,7.433286255853713,TRUE,169
P. vivax,model5,12005,Brasiléia,AC,2017,3,171,67265,5.94662900468297,0.6516432728352535,5.294985731847717,0,7.433286255853713,TRUE,169
P. vivax,model5,13001,Rio Negro,AM,2017,1,169,114647,1865.7269706141462,1059.8450362134008,805.8819344007454,371.488133139114,6164.487513846844,TRUE,169
P. vivax,model5,13001,Rio Negro,AM,2017,2,170,114647,2082.043141120134,974.21127472571,1107.8318663944237,347.9157762523224,5717.506781686393,TRUE,169
P. vivax,model5,13001,Rio Negro,AM,2017,3,171,114647,2222.4742034244246,1040.4662352243724,1182.0079682000521,371.6407755981404,6204.000104669105,TRUE,169
P. vivax,model5,13002,Japurá,AM,2017,1,169,22736,593.7719915552428,216.52942020355758,377.24257135168523,68.06386347642507,1187.7638986629133,TRUE,169
P. vivax,model5,13002,Japurá,AM,2017,2,170,22736,316.6783954961295,169.75937081937354,146.91902467675595,46.07230823363829,1074.727304714988,TRUE,169
P. vivax,model5,13002,Japurá,AM,2017,3,171,22736,277.0935960591133,212.37565932338407,64.71793673572921,61.576354679802954,1219.6516537649532,TRUE,169
P. vivax,model5,13003,Alto Solimões,AM,2017,1,169,250657,107.31796837909972,75.71936484312083,31.598603535978896,28.51506241597083,373.6380791280509,TRUE,169
P. vivax,model5,13003,Alto Solimões,AM,2017,2,170,250657,102.9295012706607,98.84041121073408,4.089090059926619,41.47101417474876,489.5634273130212,TRUE,169
P. vivax,model5,13003,Alto Solimões,AM,2017,3,171,250657,117.29175726191568,129.0182055600745,-11.726448298158829,55.27473798856606,636.4374424013686,TRUE,169
P. vivax,model5,13004,Juruá,AM,2017,1,169,149439,177.9990497795087,128.86349709455777,49.13555268495094,58.535589772415506,788.0138384223649,TRUE,169
P. vivax,model5,13004,Juruá,AM,2017,2,170,149439,211.45751778317577,126.26554555459822,85.19197222857755,49.83638809146207,718.319849570727,TRUE,169
P. vivax,model5,13004,Juruá,AM,2017,3,171,149439,343.2838817176239,185.15683315908672,158.12704855853718,68.85752715154678,1136.1826564685252,TRUE,169
P. vivax,model5,13005,Tefé,AM,2017,1,169,91357,94.13619098700701,64.86412889495477,29.272062092052238,24.081351182722727,318.8042514530904,TRUE,169
P. vivax,model5,13005,Tefé,AM,2017,2,170,91357,70.05483980428428,65.62243689896016,4.432402905324125,24.081351182722727,324.0857296102099,TRUE,169
P. vivax,model5,13005,Tefé,AM,2017,3,171,91357,55.824950469039045,85.65260356955706,-29.827653100518013,27.31044145495146,430.28996136037733,TRUE,169
P. vivax,model5,13006,Coari,AM,2017,1,169,177551,75.47127304267507,31.353158358632097,44.118114684042965,6.758621466508215,153.12501760057654,TRUE,169
P. vivax,model5,13006,Coari,AM,2017,2,170,177551,65.8965592984551,35.39088047473917,30.505678823715932,10.40546096614494,169.5850769638019,TRUE,169
P. vivax,model5,13006,Coari,AM,2017,3,171,177551,86.17242369797974,45.57901599479681,40.593407703182926,15.178737376866366,230.21554370293566,TRUE,169
P. vivax,model5,13007,Manaus,AM,2017,1,169,2409396,47.937325371171866,37.13242193354779,10.804903437624077,18.131100076533706,154.4370456330134,TRUE,169
P. vivax,model5,13007,Manaus,AM,2017,2,170,2409396,33.61838402653611,33.03610195418781,0.5822820723483062,16.059003999342575,139.0535221275373,TRUE,169
P. vivax,model5,13007,Manaus,AM,2017,3,171,2409396,38.10083523007426,35.7113696679834,2.3894655620908622,18.235898125505315,151.1519899593091,TRUE,169
P. vivax,model5,13008,Rio Preto da Eva,AM,2017,1,169,66575,306.4213293278258,272.95927974448546,33.46204958334033,88.39654524971837,1510.476905745399,TRUE,169
P. vivax,model5,13008,Rio Preto da Eva,AM,2017,2,170,66575,346.9770935035674,205.84185582045774,141.13523768310966,77.16860683439731,1138.3777694329697,TRUE,169
P. vivax,model5,13008,Rio Preto da Eva,AM,2017,3,171,66575,276.3800225309801,183.91890008725437,92.46112244372574,64.43860307923396,1068.1937664288369,TRUE,169
P. vivax,model5,13009,Itacoatiara,AM,2017,1,169,176769,12.445621121350465,7.012349114511667,5.433272006838798,0.5657100509704756,37.93085891757036,TRUE,169
P. vivax,model5,13009,Itacoatiara,AM,2017,2,170,176769,23.1941120897895,5.4411168914452706,17.75299519834423,0.5657100509704756,30.039203706532202,TRUE,169
P. vivax,model5,13009,Itacoatiara,AM,2017,3,171,176769,39.033993516962816,5.394302429739666,33.63969108722315,0.5657100509704756,28.313788051072276,FALSE,169
P. vivax,model5,13010,Parintins,AM,2017,1,169,277360,6.489760599942312,3.640914486117139,2.8488461138251733,0.1712575713873671,20.39767810787422,TRUE,169
P. vivax,model5,13010,Parintins,AM,2017,2,170,277360,3.244880299971156,2.94405509534791,0.300825204623246,0,18.405682145947488,TRUE,169
P. vivax,model5,13010,Parintins,AM,2017,3,171,277360,7.210845111047014,3.326944238648671,3.883900872398343,0,18.802278627055042,TRUE,169
P. vivax,model5,13011,Boca do Acre,AM,2017,1,169,53773,40.91272571736745,39.704699442127684,1.2080262752397672,8.3220203447827,205.72592193108045,TRUE,169
P. vivax,model5,13011,Boca do Acre,AM,2017,2,170,53773,26.035370911052013,34.649814003993335,-8.614443092941322,5.579008052368289,174.8089189742064,TRUE,169
P. vivax,model5,13011,Boca do Acre,AM,2017,3,171,53773,33.47404831420973,41.32105161320733,-7.847003298997599,4.602681643203841,209.25929369758052,TRUE,169
P. vivax,model5,13012,Purus,AM,2017,1,169,78281,135.40961408259986,105.70452093221714,29.705093150382723,37.04602649429619,548.5047457237379,TRUE,169
P. vivax,model5,13012,Purus,AM,2017,2,170,78281,169.90074219797907,105.78013151984916,64.1206106781299,35.034044020899074,513.0555307162656,TRUE,169
P. vivax,model5,13012,Purus,AM,2017,3,171,78281,226.10850653415258,165.0308442391942,61.07766229495837,58.0920018906248,753.4714681723531,TRUE,169
P. vivax,model5,13013,Madeira,AM,2017,1,169,195073,88.68474878635178,37.88693472533641,50.797814061015366,12.546585124543121,200.271180532416,TRUE,169
P. vivax,model5,13013,Madeira,AM,2017,2,170,195073,62.54068989557755,38.45840592684689,24.082283968730657,11.008699307438754,241.96070189108693,TRUE,169
P. vivax,model5,13013,Madeira,AM,2017,3,171,195073,74.84377643241248,50.86239980161419,23.981376630798295,16.378483952161503,307.41055912401976,TRUE,169
P. vivax,model5,14001,Boa Vista,RR,2017,1,169,371888,109.97934862109022,105.50875568114229,4.4705929399479345,32.89296777524416,624.381534225357,TRUE,169
P. vivax,model5,14001,Boa Vista,RR,2017,2,170,371888,101.37460740868218,84.34807313797702,17.026534270705156,25.605827560986107,488.08377791162917,TRUE,169
P. vivax,model5,14001,Boa Vista,RR,2017,3,171,371888,140.3648410274061,88.49012388693028,51.87471714047582,31.588811685238568,547.8463946134311,TRUE,169
P. vivax,model5,14002,Nordeste de Roraima,RR,2017,1,169,49185,89.4581681406933,49.23117036272176,40.22699777797154,6.099420555047271,256.27732032123606,TRUE,169
P. vivax,model5,14002,Nordeste de Roraima,RR,2017,2,170,49185,138.25353258107145,40.45552320190641,97.79800937916505,8.132560740063028,216.02114465792368,TRUE,169
P. vivax,model5,14002,Nordeste de Roraima,RR,2017,3,171,49185,107.75642980583511,35.927873879970264,71.82855592586485,4.066280370031514,227.5592152078878,TRUE,169
P. vivax,model5,14003,Caracaraí,RR,2017,1,169,48518,356.5686961540047,182.61086275094112,173.9578334030636,70.07708479327259,961.8595160558965,TRUE,169
P. vivax,model5,14003,Caracaraí,RR,2017,2,170,48518,319.4690630281545,137.6520585236626,181.8170045044919,50.44519559751021,754.462261428748,TRUE,169
P. vivax,model5,14003,Caracaraí,RR,2017,3,171,48518,465.80650480234135,134.44596597911695,331.3605388232244,44.15886887340781,784.5026588070405,TRUE,169
P. vivax,model5,14004,Sudeste de Roraima,RR,2017,1,169,53045,884.1549627674616,320.55873467385277,563.5962280936088,128.09878405127722,1640.870958620039,TRUE,169
P. vivax,model5,14004,Sudeste de Roraima,RR,2017,2,170,53045,904.8920727684042,244.36866028022968,660.5234124881745,89.49948157224998,1241.0689037609545,TRUE,169
P. vivax,model5,14004,Sudeste de Roraima,RR,2017,3,171,53045,1080.2149118672826,254.34887450297927,825.8660373643033,108.35139975492507,1317.419172400791,TRUE,169
P. vivax,model5,15001,Óbidos,PA,2017,1,169,203396,4.424865779071369,1.727739453794277,2.697126325277092,0,9.83303506460304,TRUE,169
P. vivax,model5,15001,Óbidos,PA,2017,2,170,203396,0,1.4477234795982432,-1.4477234795982432,0,10.09115223504886,TRUE,169
P. vivax,model5,15001,Óbidos,PA,2017,3,171,203396,0.983303506460304,1.628181557128301,-0.644878050667997,0,10.324686817833193,TRUE,169
P. vivax,model5,15002,Santarém,PA,2017,1,169,514081,5.641134373766002,2.6558805585840335,2.9852538151819688,0.19452187495744833,18.090534371042697,TRUE,169
P. vivax,model5,15002,Santarém,PA,2017,2,170,514081,2.5287843744468286,2.68468596428476,-0.15590158983793145,0.38904374991489665,17.76957327736284,TRUE,169
P. vivax,model5,15002,Santarém,PA,2017,3,171,514081,2.917828124361725,2.919516244781246,-0.0016881204195211552,0.38904374991489665,19.909313901894777,TRUE,169
P. vivax,model5,15003,Almeirim,PA,2017,1,169,73186,4.099144645150712,8.330946887277289,-4.231802242126577,0,43.72420954827426,TRUE,169
P. vivax,model5,15003,Almeirim,PA,2017,2,170,73186,1.3663815483835706,7.736048654296267,-6.369667105912697,0,47.17432295794274,TRUE,169
P. vivax,model5,15003,Almeirim,PA,2017,3,171,73186,10.931052387068565,6.266264867880022,4.664787519188543,0,38.25868335473997,TRUE,169
P. vivax,model5,15004,Portel,PA,2017,1,169,149485,103.02036993678297,40.495326667389065,62.525043269393905,13.981335919991977,214.4864033180586,TRUE,169
P. vivax,model5,15004,Portel,PA,2017,2,170,149485,82.28250326119677,45.460428011050475,36.82207525014629,17.710807104391744,241.66304311469366,TRUE,169
P. vivax,model5,15004,Portel,PA,2017,3,171,149485,75.59286884971736,44.644512716998904,30.94835613271846,19.399939793290297,222.58086095594862,TRUE,169
P. vivax,model5,15005,Furos de Breves,PA,2017,1,169,225900,704.2939353696325,210.2098818281755,494.084053541457,91.40106241699867,1106.9167773351037,TRUE,169
P. vivax,model5,15005,Furos de Breves,PA,2017,2,170,225900,595.3961930057548,242.57842797745766,352.8177650282971,123.62771137671538,1240.371845949534,TRUE,169
P. vivax,model5,15005,Furos de Breves,PA,2017,3,171,225900,679.061531651173,260.49711777433,418.56441387684305,124.39132359451084,1402.7888446215136,TRUE,169
P. vivax,model5,15006,Arari,PA,2017,1,169,173249,39.2498658000912,9.141115056423773,30.10875074366743,1.154407817649741,52.55441589850443,TRUE,169
P. vivax,model5,15006,Arari,PA,2017,2,170,173249,30.59180716771814,13.564079906918021,17.02772726080012,3.160191400816167,71.87631674641699,TRUE,169
P. vivax,model5,15006,Arari,PA,2017,3,171,173249,35.2094384383171,16.135050003652992,19.074388434664108,3.737395309641038,88.9471223499125,TRUE,169
P. vivax,model5,15007,Belém,PA,2017,1,169,2298862,1.1309943789579366,0.43600867018823997,0.6949857087696967,0.020662397307885442,2.545824847250508,TRUE,169
P. vivax,model5,15007,Belém,PA,2017,2,170,2298862,0.6959965408971918,0.3888367267753754,0.30715981412181637,0,2.1793391686843275,TRUE,169
P. vivax,model5,15007,Belém,PA,2017,3,171,2298862,1.0439948113457875,0.42227203221853005,0.6217227791272575,0.043499783806074485,2.786161152779069,TRUE,169
P. vivax,model5,15008,Castanhal,PA,2017,1,169,334419,0.8970782162496749,0.255625293146815,0.6414529231028598,0,2.3922085766657997,TRUE,169
P. vivax,model5,15008,Castanhal,PA,2017,2,170,334419,0.29902607208322496,0.21966977025895773,0.07935630182426723,0,1.7941564324993498,TRUE,169
P. vivax,model5,15008,Castanhal,PA,2017,3,171,334419,0.5980521441664499,0.21304735067261907,0.3850047934938309,0,1.7941564324993498,TRUE,169
P. vivax,model5,15009,Salgado,PA,2017,1,169,264414,1.134584401733645,0.21731857686497508,0.91726582486867,0,1.7113314726149058,TRUE,169
P. vivax,model5,15009,Salgado,PA,2017,2,170,264414,0,0.19826016669126303,-0.19826016669126303,0,1.8909740028894082,TRUE,169
P. vivax,model5,15009,Salgado,PA,2017,3,171,264414,0.37819480057788163,0.30062889144598537,0.07756590913189626,0,2.26916880346729,TRUE,169
P. vivax,model5,15010,Bragantina,PA,2017,1,169,412502,0,0.06837070292636474,-0.06837070292636474,0,0.7272692011190248,TRUE,169
P. vivax,model5,15010,Bragantina,PA,2017,2,170,412502,0.24242306703967495,0.056330032209370086,0.18609303483030487,0,0.7272692011190248,TRUE,169
P. vivax,model5,15010,Bragantina,PA,2017,3,171,412502,0,0.059790836089349625,-0.059790836089349625,0,0.4848461340793499,TRUE,169
P. vivax,model5,15011,Cametá,PA,2017,1,169,484618,23.93637875605116,1.8736918648639609,22.062686891187198,0,10.977718532947563,FALSE,169
P. vivax,model5,15011,Cametá,PA,2017,2,170,484618,23.11098638515284,1.9190299922304102,21.19195639292243,0,12.793581748923895,FALSE,169
P. vivax,model5,15011,Cametá,PA,2017,3,171,484618,19.396720716110423,1.6880442891386445,17.708676426971778,0,8.981300735837294,FALSE,169
P. vivax,model5,15012,Tomé-Açu,PA,2017,1,169,331346,1.2071973103643925,0.3277122292594019,0.8794850811049906,0,2.5728392677141043,TRUE,169
P. vivax,model5,15012,Tomé-Açu,PA,2017,2,170,331346,0.6035986551821962,0.2376793425384842,0.365919312643712,0,2.414394620728785,TRUE,169
P. vivax,model5,15012,Tomé-Açu,PA,2017,3,171,331346,0,0.21714255204267482,-0.21714255204267482,0,1.8107959655465886,TRUE,169
P. vivax,model5,15013,Guamá,PA,2017,1,169,470473,1.0627602434146062,0.15622659953813667,0.9065336438764695,0,1.0627602434146062,TRUE,169
P. vivax,model5,15013,Guamá,PA,2017,2,170,470473,0.4251040973658425,0.14209843347262932,0.28300566389321313,0,1.2753122920975275,TRUE,169
P. vivax,model5,15013,Guamá,PA,2017,3,171,470473,0,0.15729474621746267,-0.15729474621746267,0,1.386902117656056,TRUE,169
P. vivax,model5,15014,Itaituba,PA,2017,1,169,215162,115.72675472434723,76.3731601035984,39.35359462074884,24.609364107044925,388.6606371013468,TRUE,169
P. vivax,model5,15014,Itaituba,PA,2017,2,170,215162,114.33245647465631,65.29261026153894,49.03984621311737,20.205705468437735,315.4018832321692,TRUE,169
P. vivax,model5,15014,Itaituba,PA,2017,3,171,215162,92.95321664606205,71.53329241951407,21.419924226547977,18.125877245982096,371.02276424275647,TRUE,169
P. vivax,model5,15015,Altamira,PA,2017,1,169,300663,30.931641073228164,16.630755115909096,14.300885957319068,4.814360263816965,96.85262237122619,TRUE,169
P. vivax,model5,15015,Altamira,PA,2017,2,170,300663,16.297316264389035,13.764726812232425,2.5325894521566106,2.9933846199898224,83.59858047049343,TRUE,169
P. vivax,model5,15015,Altamira,PA,2017,3,171,300663,11.308341897739329,11.423580775663215,-0.11523887792388621,2.818770517157083,61.206400521513956,TRUE,169
P. vivax,model5,15016,Tucuruí,PA,2017,1,169,374094,44.3738739461205,14.458336460114493,29.915537486006002,4.811624885723909,72.5820248386769,TRUE,169
P. vivax,model5,15016,Tucuruí,PA,2017,2,170,374094,23.25618694766556,10.877165751179213,12.379021196486349,3.2077499238159395,59.59063764722225,TRUE,169
P. vivax,model5,15016,Tucuruí,PA,2017,3,171,374094,26.463936871481497,9.318175275326414,17.145761596155083,2.6731249365132825,49.49290819954339,TRUE,169
P. vivax,model5,15017,Paragominas,PA,2017,1,169,339647,1.1776933109964167,0.8615896347509021,0.3161036762455146,0,6.182889882731189,TRUE,169
P. vivax,model5,15017,Paragominas,PA,2017,2,170,339647,0.2944233277491042,0.7152074942499674,-0.42078416650086325,0,4.86534549105394,TRUE,169
P. vivax,model5,15017,Paragominas,PA,2017,3,171,339647,1.7665399664946253,0.6398253080996584,1.1267146583949668,0,4.121926588487459,TRUE,169
P. vivax,model5,15018,São Félix do Xingu,PA,2017,1,169,211528,17.01902348625241,32.34818053966133,-15.329157053408917,9.904126167694113,175.85142392496482,TRUE,169
P. vivax,model5,15018,São Félix do Xingu,PA,2017,2,170,211528,11.346015657501606,34.73593258628186,-23.389916928780256,13.709768919481109,166.00639158882032,FALSE,169
P. vivax,model5,15018,São Félix do Xingu,PA,2017,3,171,211528,11.818766309897507,48.736663077464364,-36.91789676756686,14.65527022427291,261.70294240006046,FALSE,169
P. vivax,model5,15019,Parauapebas,PA,2017,1,169,315410,2.219333565834945,2.7121385170872916,-0.4928049512523467,0.15059763482451458,13.16540376018515,TRUE,169
P. vivax,model5,15019,Parauapebas,PA,2017,2,170,315410,0.951142956786405,2.148633008835398,-1.1974900520489928,0,11.580165498874473,TRUE,169
P. vivax,model5,15019,Parauapebas,PA,2017,3,171,315410,1.5852382613106748,1.8948320595379937,-0.3095937982273189,0,10.629022542088068,TRUE,169
P. vivax,model5,15020,Marabá,PA,2017,1,169,324637,0.9241090818360199,1.309110433859836,-0.38500135202381613,0,8.008945375912173,TRUE,169
P. vivax,model5,15020,Marabá,PA,2017,2,170,324637,1.2321454424480267,1.050882696496646,0.1812627459513807,0,6.176129030270719,TRUE,169
P. vivax,model5,15020,Marabá,PA,2017,3,171,324637,0.9241090818360199,1.06852827165079,-0.1444191898147701,0,5.7063735803374165,TRUE,169
P. vivax,model5,15021,Redenção,PA,2017,1,169,191626,12.002546627284397,4.860274009382987,7.14227261790141,0.5218498533601912,25.074885453957165,TRUE,169
P. vivax,model5,15021,Redenção,PA,2017,2,170,191626,2.609249266800956,4.659248640205944,-2.049999373404988,0,25.32276413430327,TRUE,169
P. vivax,model5,15021,Redenção,PA,2017,3,171,191626,3.6529489735213385,4.658780728915632,-1.0058317553942935,0,27.16228486739793,TRUE,169
P. vivax,model5,15022,Conceição do Araguaia,PA,2017,1,169,157930,1.8995757614132844,0.5609226788796741,1.3386530825336105,0,5.730386880263379,TRUE,169
P. vivax,model5,15022,Conceição do Araguaia,PA,2017,2,170,157930,0,0.5983023374377695,-0.5983023374377695,0,5.730386880263379,TRUE,169
P. vivax,model5,15022,Conceição do Araguaia,PA,2017,3,171,157930,0,0.7227658119685159,-0.7227658119685159,0,5.065535363768758,TRUE,169
P. vivax,model5,16001,Oiapoque,AP,2017,1,169,36039,499.4589195038708,440.4014737613639,59.0574457425069,155.38721940120425,2379.852382141566,TRUE,169
P. vivax,model5,16001,Oiapoque,AP,2017,2,170,36039,457.8373428785482,336.2545936427427,121.58274923580552,99.75304531202309,1835.6502677654726,TRUE,169
P. vivax,model5,16001,Oiapoque,AP,2017,3,171,36039,502.2336912788923,324.2628150650368,177.9708762138555,103.84583368017982,1799.2313882183144,TRUE,169
P. vivax,model5,16002,Amapá,AP,2017,1,169,29648,192.25580140313005,207.72541193929948,-15.469610536169426,84.32271991365354,1378.4235024284937,TRUE,169
P. vivax,model5,16002,Amapá,AP,2017,2,170,29648,118.05180787911496,208.54348342692336,-90.4916755478084,79.01038855909337,1329.263356718834,TRUE,169
P. vivax,model5,16002,Amapá,AP,2017,3,171,29648,97.8143550998381,165.89749536948247,-68.08314026964437,58.94158121964382,1074.693065299514,TRUE,169
P. vivax,model5,16003,Macapá,AP,2017,1,169,649103,107.84112844956809,67.0950294581117,40.74609899145639,30.245585061230656,384.9851256272116,TRUE,169
P. vivax,model5,16003,Macapá,AP,2017,2,170,649103,76.56720119919335,54.02204433588933,22.545156863304015,24.179521585942446,292.13006256325946,TRUE,169
P. vivax,model5,16003,Macapá,AP,2017,3,171,649103,66.86149963873221,40.26587410171993,26.595625537012282,18.01717138882427,239.77319470099468,TRUE,169
P. vivax,model5,16004,Mazagão,AP,2017,1,169,82932,166.40138908985676,86.18704490883094,80.21434418102582,26.46746732262577,435.4772584768242,TRUE,169
P. vivax,model5,16004,Mazagão,AP,2017,2,170,82932,97.67038055274202,73.47152393964946,24.19885661309256,25.321950513673855,403.37264264698786,TRUE,169
P. vivax,model5,16004,Mazagão,AP,2017,3,171,82932,110.93425939323782,66.1960500091502,44.738209384087625,18.08710750976704,366.86683065644115,TRUE,169
P. vivax,model5,17001,Bico do Papagaio,TO,2017,1,169,214274,4.666921791724614,0.22204762130082867,4.444874170423786,0,2.111782110755377,FALSE,169
P. vivax,model5,17001,Bico do Papagaio,TO,2017,2,170,214274,5.133613970897075,0.19691377466891466,4.936700196228161,0,1.8667687166898457,FALSE,169
P. vivax,model5,17001,Bico do Papagaio,TO,2017,3,171,214274,2.8001530750347685,0.1971131338214601,2.6030399412133085,0,1.8667687166898457,FALSE,169
P. vivax,model5,17002,Araguaína,TO,2017,1,169,314505,0,0.35220324713348866,-0.35220324713348866,0,2.8616397195593075,TRUE,169
P. vivax,model5,17002,Araguaína,TO,2017,2,170,314505,0.31795996883992306,0.3083724689075371,0.009587499932385946,0,2.8616397195593075,TRUE,169
P. vivax,model5,17002,Araguaína,TO,2017,3,171,314505,0.31795996883992306,0.2889892469617224,0.028970721878200656,0,2.5436797507193845,TRUE,169
P. vivax,model5,17003,Miracema do Tocantins,TO,2017,1,169,149576,0.6685564529068835,0.011311187029763456,0.6572452658771201,0,0.6685564529068835,TRUE,169
P. vivax,model5,17003,Miracema do Tocantins,TO,2017,2,170,149576,0.6685564529068835,0.010667537213544553,0.657888915693339,0,0.3509921377760986,FALSE,169
P. vivax,model5,17003,Miracema do Tocantins,TO,2017,3,171,149576,0,0.01251758580288138,-0.01251758580288138,0,0.6685564529068835,TRUE,169
P. vivax,model5,17004,Rio Formoso,TO,2017,1,169,126840,0,0.07839443673278773,-0.07839443673278773,0,1.576789656259855,TRUE,169
P. vivax,model5,17004,Rio Formoso,TO,2017,2,170,126840,0,0.07650543739746894,-0.07650543739746894,0,1.576789656259855,TRUE,169
P. vivax,model5,17004,Rio Formoso,TO,2017,3,171,126840,0,0.08906815155553423,-0.08906815155553423,0,1.576789656259855,TRUE,169
P. vivax,model5,17005,Gurupi,TO,2017,1,169,149665,0,0.002974354077378118,-0.002974354077378118,0,0,TRUE,169
P. vivax,model5,17005,Gurupi,TO,2017,2,170,149665,0,0.003088811237864651,-0.003088811237864651,0,0.66815888818361,TRUE,169
P. vivax,model5,17005,Gurupi,TO,2017,3,171,149665,0,0.0038684414219593115,-0.0038684414219593115,0,0,TRUE,169
P. vivax,model5,17006,Porto Nacional,TO,2017,1,169,391361,0,0.08371671534481065,-0.08371671534481065,0,0.7665556864378413,TRUE,169
P. vivax,model5,17006,Porto Nacional,TO,2017,2,170,391361,0,0.0819830072799767,-0.0819830072799767,0,0.7665556864378413,TRUE,169
P. vivax,model5,17006,Porto Nacional,TO,2017,3,171,391361,0.5110371242918942,0.10236025813023027,0.40867686616166393,0,0.9007029315644577,TRUE,169
P. vivax,model5,17007,Jalapão,TO,2017,1,169,79352,0,7.785055715878378e-4,-7.785055715878378e-4,0,0,TRUE,169
P. vivax,model5,17007,Jalapão,TO,2017,2,170,79352,0,7.770350246109795e-4,-7.770350246109795e-4,0,0,TRUE,169
P. vivax,model5,17007,Jalapão,TO,2017,3,171,79352,0,9.758935314818592e-4,-9.758935314818592e-4,0,0,TRUE,169
P. vivax,model5,17008,Dianópolis,TO,2017,1,169,124621,0,0.0011657838659639565,-0.0011657838659639565,0,0,TRUE,169
P. vivax,model5,17008,Dianópolis,TO,2017,2,170,124621,0,0.0013347740909818607,-0.0013347740909818607,0,0,TRUE,169
P. vivax,model5,17008,Dianópolis,TO,2017,3,171,124621,0,0.0017996849664222174,-0.0017996849664222174,0,0,TRUE,169
P. vivax,model5,21001,Litoral Ocidental Maranhense,MA,2017,1,169,188098,0.5316377632936022,0.0239379432655549,0.5076998200280474,0,0.5316377632936022,TRUE,169
P. vivax,model5,21001,Litoral Ocidental Maranhense,MA,2017,2,170,188098,0,0.019829832880929987,-0.019829832880929987,0,0.5316377632936022,TRUE,169
P. vivax,model5,21001,Litoral Ocidental Maranhense,MA,2017,3,171,188098,0.5316377632936022,0.027665341231344176,0.5039724220622581,0,0.5316377632936022,TRUE,169
P. vivax,model5,21002,Aglomeração Urbana de São Luís,MA,2017,1,169,1421569,0.14068961830203106,0.02792144700215177,0.11276817129987929,0,0.2110344274530466,TRUE,169
P. vivax,model5,21002,Aglomeração Urbana de São Luís,MA,2017,2,170,1421569,0.14068961830203106,0.02719217593297341,0.11349744236905765,0,0.2813792366040621,TRUE,169
P. vivax,model5,21002,Aglomeração Urbana de São Luís,MA,2017,3,171,1421569,0.14068961830203106,0.03567948320712388,0.10501013509490717,0,0.3183102614083437,TRUE,169
P. vivax,model5,21003,Rosário,MA,2017,1,169,176135,0,0.037020271386244155,-0.037020271386244155,0,0.865813154682475,TRUE,169
P. vivax,model5,21003,Rosário,MA,2017,2,170,176135,0,0.03348401432531236,-0.03348401432531236,0,0.5677463309393364,TRUE,169
P. vivax,model5,21003,Rosário,MA,2017,3,171,176135,0,0.04476773400626847,-0.04476773400626847,0,1.1354926618786727,TRUE,169
P. vivax,model5,21004,Lençóis Maranhenses,MA,2017,1,169,196569,0,0.01673351867364123,-0.01673351867364123,0,0.5087272153798412,TRUE,169
P. vivax,model5,21004,Lençóis Maranhenses,MA,2017,2,170,196569,0,0.021459294362767407,-0.021459294362767407,0,0.5087272153798412,TRUE,169
P. vivax,model5,21004,Lençóis Maranhenses,MA,2017,3,171,196569,0,0.033858735606878,-0.033858735606878,0,0.5087272153798412,TRUE,169
P. vivax,model5,21005,Baixada Maranhense,MA,2017,1,169,599144,1.1683334891111319,0.5450608774791377,0.6232726116319942,0,3.4257206948579935,TRUE,169
P. vivax,model5,21005,Baixada Maranhense,MA,2017,2,170,599144,1.1683334891111319,0.4348939046995954,0.7334395844115364,0,2.5911967740643282,TRUE,169
P. vivax,model5,21005,Baixada Maranhense,MA,2017,3,171,599144,1.0014287049523989,0.45295019249929996,0.5484785124530989,0,2.837381330698463,TRUE,169
P. vivax,model5,21006,Itapecuru Mirim,MA,2017,1,169,235736,0,0.06225216202466933,-0.06225216202466933,0,0.8484066922319883,TRUE,169
P. vivax,model5,21006,Itapecuru Mirim,MA,2017,2,170,235736,0,0.07420957270266892,-0.07420957270266892,0,0.8484066922319883,TRUE,169
P. vivax,model5,21006,Itapecuru Mirim,MA,2017,3,171,235736,0,0.11774631008851784,-0.11774631008851784,0,1.4953167950588697,TRUE,169
P. vivax,model5,21007,Gurupi,MA,2017,1,169,240034,11.66501412299924,2.162487050401497,9.502527072597744,0,11.883733137805468,TRUE,169
P. vivax,model5,21007,Gurupi,MA,2017,2,170,240034,9.998583533999351,2.0267015692058945,7.971881964793457,0,11.685844505361722,TRUE,169
P. vivax,model5,21007,Gurupi,MA,2017,3,171,240034,6.665722355999566,2.5241245997505954,4.141597756248971,0,16.247698242748946,TRUE,169
P. vivax,model5,21008,Pindaré,MA,2017,1,169,658029,5.926790460602801,3.3932094104952983,2.5335810501075025,0.6078759446772103,17.962734165211536,TRUE,169
P. vivax,model5,21008,Pindaré,MA,2017,2,170,658029,3.6472556680632615,2.910737878894412,0.7365177891688495,0.4559069585079077,15.95674354777677,TRUE,169
P. vivax,model5,21008,Pindaré,MA,2017,3,171,658029,6.382697419110708,3.066593086859864,3.3161043322508443,0.9118139170158154,16.260681520115373,TRUE,169
P. vivax,model5,21009,Imperatriz,MA,2017,1,169,592084,1.5200545868491633,0.5887495114500384,0.9313050753991249,0,4.053478898264435,TRUE,169
P. vivax,model5,21009,Imperatriz,MA,2017,2,170,592084,0.6755798163774059,0.50634391373399,0.16923590264341593,0,3.0401091736983266,TRUE,169
P. vivax,model5,21009,Imperatriz,MA,2017,3,171,592084,1.5200545868491633,0.4953070870259827,1.0247474998231807,0,4.311043703258318,TRUE,169
P. vivax,model5,21010,Médio Mearim,MA,2017,1,169,416725,2.159697642330074,1.046385478448743,1.113312163881331,0,5.6452096706461035,TRUE,169
P. vivax,model5,21010,Médio Mearim,MA,2017,2,170,416725,2.639630451736757,0.9903765390468953,1.6492539126898615,0,6.011158437818694,TRUE,169
P. vivax,model5,21010,Médio Mearim,MA,2017,3,171,416725,1.1998320235167077,1.1127910208643377,0.08704100265237003,0,7.324974503569495,TRUE,169
P. vivax,model5,21011,Alto Mearim e Grajaú,MA,2017,1,169,332957,1.2013563312980355,0.8912382462226228,0.3101180850754127,0,6.307120739314686,TRUE,169
P. vivax,model5,21011,Alto Mearim e Grajaú,MA,2017,2,170,332957,1.5016954141225443,0.8056804653419054,0.6960149487806389,0,5.263442426499512,TRUE,169
P. vivax,model5,21011,Alto Mearim e Grajaú,MA,2017,3,171,332957,3.904408076718615,0.8168294939661603,3.087578582752455,0,6.006781656490177,TRUE,169
P. vivax,model5,21012,Presidente Dutra,MA,2017,1,169,196340,1.5279616990934093,0.6859909524278273,0.841970746665582,0,5.869919527350502,TRUE,169
P. vivax,model5,21012,Presidente Dutra,MA,2017,2,170,196340,1.5279616990934093,0.6900816959687865,0.8378800031246227,0,5.602526230009168,TRUE,169
P. vivax,model5,21012,Presidente Dutra,MA,2017,3,171,196340,0,0.8028459249692549,-0.8028459249692549,0,6.621167362738107,TRUE,169
P. vivax,model5,21013,Baixo Parnaíba Maranhense,MA,2017,1,169,145247,0,0.3305971077754121,-0.3305971077754121,0,3.8038651400717245,TRUE,169
P. vivax,model5,21013,Baixo Parnaíba Maranhense,MA,2017,2,170,145247,0,0.3055439813876415,-0.3055439813876415,0,3.8038651400717245,TRUE,169
P. vivax,model5,21013,Baixo Parnaíba Maranhense,MA,2017,3,171,145247,0.6884823782935275,0.3080404120776864,0.38044196621584114,0,3.442411891467638,TRUE,169
P. vivax,model5,21014,Chapadinha,MA,2017,1,169,242977,1.2346847644015688,0.29773241000712203,0.9369523543944468,0,2.8809311169369938,TRUE,169
P. vivax,model5,21014,Chapadinha,MA,2017,2,170,242977,0,0.27348964862538966,-0.27348964862538966,0,2.8809311169369938,TRUE,169
P. vivax,model5,21014,Chapadinha,MA,2017,3,171,242977,0.4115615881338563,0.28052770681307637,0.13103388132077992,0,2.685439362573403,TRUE,169
P. vivax,model5,21015,Codó,MA,2017,1,169,274452,0.7287248772098581,0.32838010897208214,0.400344768237776,0,2.5505370702345034,TRUE,169
P. vivax,model5,21015,Codó,MA,2017,2,170,274452,0,0.30709843567988004,-0.30709843567988004,0,2.5505370702345034,TRUE,169
P. vivax,model5,21015,Codó,MA,2017,3,171,274452,0.36436243860492906,0.34306464618478566,0.021297792420143402,0,2.9148995088394325,TRUE,169
P. vivax,model5,21016,Coelho Neto,MA,2017,1,169,92837,0,0.027881981302994362,-0.027881981302994362,0,1.077156737076812,TRUE,169
P. vivax,model5,21016,Coelho Neto,MA,2017,2,170,92837,0,0.024167596015113597,-0.024167596015113597,0,1.077156737076812,TRUE,169
P. vivax,model5,21016,Coelho Neto,MA,2017,3,171,92837,0,0.02123557564202274,-0.02123557564202274,0,1.077156737076812,TRUE,169
P. vivax,model5,21017,Caxias,MA,2017,1,169,439865,0.2273424800791152,0.26698456902612694,-0.03964208894701174,0,2.5007672808702672,TRUE,169
P. vivax,model5,21017,Caxias,MA,2017,2,170,439865,0,0.26491332865472167,-0.26491332865472167,0,2.165437122753567,TRUE,169
P. vivax,model5,21017,Caxias,MA,2017,3,171,439865,0,0.27588964694874313,-0.27588964694874313,0,2.3927796028326824,TRUE,169
P. vivax,model5,21018,Chapadas do Alto Itapecuru,MA,2017,1,169,218371,0.45793626443071656,0.13166435250025416,0.3262719119304624,0,1.3738087932921497,TRUE,169
P. vivax,model5,21018,Chapadas do Alto Itapecuru,MA,2017,2,170,218371,0,0.10285789568614784,-0.10285789568614784,0,1.8317450577228662,TRUE,169
P. vivax,model5,21018,Chapadas do Alto Itapecuru,MA,2017,3,171,218371,0,0.1001791055672274,-0.1001791055672274,0,1.3738087932921497,TRUE,169
P. vivax,model5,21019,Porto Franco,MA,2017,1,169,119470,0,0.16219110328377634,-0.16219110328377634,0,2.113501297396817,TRUE,169
P. vivax,model5,21019,Porto Franco,MA,2017,2,170,119470,0,0.1332113245147136,-0.1332113245147136,0,1.6740604335816522,TRUE,169
P. vivax,model5,21019,Porto Franco,MA,2017,3,171,119470,0,0.13987263276961817,-0.13987263276961817,0,2.5110906503724784,TRUE,169
P. vivax,model5,21020,Gerais de Balsas,MA,2017,1,169,142308,0,0.0036617424398091105,-0.0036617424398091105,0,0,TRUE,169
P. vivax,model5,21020,Gerais de Balsas,MA,2017,2,170,142308,0,0.0032521753987155293,-0.0032521753987155293,0,0.7027011833487927,TRUE,169
P. vivax,model5,21020,Gerais de Balsas,MA,2017,3,171,142308,0,0.003689056603562429,-0.003689056603562429,0,0.7027011833487927,TRUE,169
P. vivax,model5,21021,Chapadas das Mangabeiras,MA,2017,1,169,71282,0,0.013726478317671997,-0.013726478317671997,0,1.4028787071069835,TRUE,169
P. vivax,model5,21021,Chapadas das Mangabeiras,MA,2017,2,170,71282,0,0.012870117939488506,-0.012870117939488506,0,0,TRUE,169
P. vivax,model5,21021,Chapadas das Mangabeiras,MA,2017,3,171,71282,0,0.015391146324391829,-0.015391146324391829,0,0,TRUE,169
P. vivax,model5,51001,Aripuanã,MT,2017,1,169,161895,15.442107538836902,21.082823742292103,-5.6407162034552005,6.470243058772661,121.45217579295215,TRUE,169
P. vivax,model5,51001,Aripuanã,MT,2017,2,170,161895,9.882948824855617,17.754867866428686,-7.871919041573069,5.23487445566571,96.71391951573545,TRUE,169
P. vivax,model5,51001,Aripuanã,MT,2017,3,171,161895,12.971370332622996,18.40020726968277,-5.428836937059774,4.323790110874332,107.53883690046013,TRUE,169
P. vivax,model5,51002,Alta Floresta,MT,2017,1,169,104198,7.677690550682355,9.7815707516231285,-2.1038802009407735,0.4558628764467662,49.95297414537703,TRUE,169
P. vivax,model5,51002,Alta Floresta,MT,2017,2,170,104198,3.8388452753411775,6.836642334642623,-2.997797059301446,0,38.892301195800286,TRUE,169
P. vivax,model5,51002,Alta Floresta,MT,2017,3,171,104198,1.9194226376705887,5.639823690049817,-3.7204010523792284,0,35.50931879690589,TRUE,169
P. vivax,model5,51003,Colíder,MT,2017,1,169,151479,0.6601575135827409,1.6951369694471665,-1.0349794558644256,0,12.922583328382107,TRUE,169
P. vivax,model5,51003,Colíder,MT,2017,2,170,151479,0.6601575135827409,1.3861127282447172,-0.7259552146619763,0,10.248945398372037,TRUE,169
P. vivax,model5,51003,Colíder,MT,2017,3,171,151479,3.9609450814964453,1.4708701273383356,2.4900749541581098,0,10.909102911954779,TRUE,169
P. vivax,model5,51004,Parecis,MT,2017,1,169,105594,0.9470235051233973,0.1988045330277061,0.7482189720956912,0,2.841070515370191,TRUE,169
P. vivax,model5,51004,Parecis,MT,2017,2,170,105594,0.9470235051233973,0.21129693690782417,0.7357265682155731,0,2.841070515370191,TRUE,169
P. vivax,model5,51004,Parecis,MT,2017,3,171,105594,0.9470235051233973,0.25997272087018575,0.6870507842532115,0,3.3382578555599536,TRUE,169
P. vivax,model5,51005,Arinos,MT,2017,1,169,80229,0,0.05210255650988846,-0.05210255650988846,0,1.2464320881476774,TRUE,169
P. vivax,model5,51005,Arinos,MT,2017,2,170,80229,0,0.04267905962111179,-0.04267905962111179,0,1.2464320881476774,TRUE,169
P. vivax,model5,51005,Arinos,MT,2017,3,171,80229,0,0.04924312057544456,-0.04924312057544456,0,1.2464320881476774,TRUE,169
P. vivax,model5,51006,Alto Teles Pires,MT,2017,1,169,245379,0.4075328369583379,0.3008946897097111,0.1066381472486268,0,2.8527298587083654,TRUE,169
P. vivax,model5,51006,Alto Teles Pires,MT,2017,2,170,245379,0,0.29207876356326395,-0.29207876356326395,0,2.8527298587083654,TRUE,169
P. vivax,model5,51006,Alto Teles Pires,MT,2017,3,171,245379,0.4075328369583379,0.29170881525467857,0.11582402170365935,0,2.4451970217500274,TRUE,169
P. vivax,model5,51007,Sinop,MT,2017,1,169,197588,0.5061036095309431,0.4087051311486545,0.09739847838228866,0,3.5427252667166025,TRUE,169
P. vivax,model5,51007,Sinop,MT,2017,2,170,197588,0,0.38852263476423515,-0.38852263476423515,0,3.302326052189393,TRUE,169
P. vivax,model5,51007,Sinop,MT,2017,3,171,197588,1.0122072190618863,0.4107054984688623,0.601501720593024,0,3.8084296617203357,TRUE,169
P. vivax,model5,51008,Paranatinga,MT,2017,1,169,35339,0,0.00601810829179376,-0.00601810829179376,0,0,TRUE,169
P. vivax,model5,51008,Paranatinga,MT,2017,2,170,35339,0,0.004975423464104744,-0.004975423464104744,0,0,TRUE,169
P. vivax,model5,51008,Paranatinga,MT,2017,3,171,35339,0,0.005110924367141744,-0.005110924367141744,0,2.8297348538441947,TRUE,169
P. vivax,model5,51009,Norte Araguaia,MT,2017,1,169,126751,0,0.04693911460642511,-0.04693911460642511,0,0.7889484106634268,TRUE,169
P. vivax,model5,51009,Norte Araguaia,MT,2017,2,170,126751,0,0.04155870816144831,-0.04155870816144831,0,0.7889484106634268,TRUE,169
P. vivax,model5,51009,Norte Araguaia,MT,2017,3,171,126751,0,0.05146050711640467,-0.05146050711640467,0,0.7889484106634268,TRUE,169
P. vivax,model5,51010,Canarana,MT,2017,1,169,111341,0,0.08096522534749769,-0.08096522534749769,0,1.7962834894603066,TRUE,169
P. vivax,model5,51010,Canarana,MT,2017,2,170,111341,0,0.07893399155939061,-0.07893399155939061,0,1.7962834894603066,TRUE,169
P. vivax,model5,51010,Canarana,MT,2017,3,171,111341,0,0.07438683783336802,-0.07438683783336802,0,1.7962834894603066,TRUE,169
P. vivax,model5,51011,Médio Araguaia,MT,2017,1,169,67545,0,0.15502568217304016,-0.15502568217304016,0,2.9609889703160857,TRUE,169
P. vivax,model5,51011,Médio Araguaia,MT,2017,2,170,67545,0,0.10970182529690252,-0.10970182529690252,0,1.4804944851580428,TRUE,169
P. vivax,model5,51011,Médio Araguaia,MT,2017,3,171,67545,0,0.10049775846056212,-0.10049775846056212,0,1.4804944851580428,TRUE,169
P. vivax,model5,51012,Alto Guaporé,MT,2017,1,169,72605,0,0.1535212857917153,-0.1535212857917153,0,2.754631223744921,TRUE,169
P. vivax,model5,51012,Alto Guaporé,MT,2017,2,170,72605,0,0.13364198071843764,-0.13364198071843764,0,2.754631223744921,TRUE,169
P. vivax,model5,51012,Alto Guaporé,MT,2017,3,171,72605,0,0.13645530015499327,-0.13645530015499327,0,2.754631223744921,TRUE,169
P. vivax,model5,51013,Tangará da Serra,MT,2017,1,169,164025,0,0.0582962568451586,-0.0582962568451586,0,1.2193263222069808,TRUE,169
P. vivax,model5,51013,Tangará da Serra,MT,2017,2,170,164025,0.6096631611034904,0.05491656475975794,0.5547465963437325,0,0.929736320682809,TRUE,169
P. vivax,model5,51013,Tangará da Serra,MT,2017,3,171,164025,0,0.0597129701539054,-0.0597129701539054,0,1.2193263222069808,TRUE,169
P. vivax,model5,51014,Jauru,MT,2017,1,169,107777,0,0.05132852055289689,-0.05132852055289689,0,0.9278417473115786,TRUE,169
P. vivax,model5,51014,Jauru,MT,2017,2,170,107777,0,0.04044130318530767,-0.04044130318530767,0,0.9278417473115786,TRUE,169
P. vivax,model5,51014,Jauru,MT,2017,3,171,107777,0,0.03658644073357606,-0.03658644073357606,0,0.9278417473115786,TRUE,169
P. vivax,model5,51015,Alto Paraguai,MT,2017,1,169,32480,0,0.04877698068245136,-0.04877698068245136,0,3.0788177339901477,TRUE,169
P. vivax,model5,51015,Alto Paraguai,MT,2017,2,170,32480,0,0.042044308376524224,-0.042044308376524224,0,1.6163793103447575,TRUE,169
P. vivax,model5,51015,Alto Paraguai,MT,2017,3,171,32480,0,0.04598916028783489,-0.04598916028783489,0,3.0788177339901477,TRUE,169
P. vivax,model5,51016,Rosário Oeste,MT,2017,1,169,30173,0,0.003768295846227115,-0.003768295846227115,0,0,TRUE,169
P. vivax,model5,51016,Rosário Oeste,MT,2017,2,170,30173,0,0.0031989756724844997,-0.0031989756724844997,0,0,TRUE,169
P. vivax,model5,51016,Rosário Oeste,MT,2017,3,171,30173,0,0.003633952392684227,-0.003633952392684227,0,0,TRUE,169
P. vivax,model5,51017,Cuiabá,MT,2017,1,169,914056,0.32820746212485885,0.15440485437861606,0.1738026077462428,0,1.1514611796213772,TRUE,169
P. vivax,model5,51017,Cuiabá,MT,2017,2,170,914056,0.21880497474990593,0.12695313270562428,0.09185184204428165,0,1.0940248737495295,TRUE,169
P. vivax,model5,51017,Cuiabá,MT,2017,3,171,914056,0.21880497474990593,0.125194739965099,0.09361023478480693,0,0.9846223863745767,TRUE,169
P. vivax,model5,51018,Alto Pantanal,MT,2017,1,169,136433,0.7329605007586141,0.033066893998346183,0.6998936067602679,0,0.7329605007586141,TRUE,169
P. vivax,model5,51018,Alto Pantanal,MT,2017,2,170,136433,0.7329605007586141,0.030697522577615925,0.7022629781809981,0,0.7329605007586141,TRUE,169
P. vivax,model5,51018,Alto Pantanal,MT,2017,3,171,136433,0,0.033140863059339006,-0.033140863059339006,0,0.7329605007586141,TRUE,169
P. vivax,model5,51019,Primavera do Leste,MT,2017,1,169,99226,0,0.08113574689769379,-0.08113574689769379,0,2.015600749803479,TRUE,169
P. vivax,model5,51019,Primavera do Leste,MT,2017,2,170,99226,0,0.07149627823700211,-0.07149627823700211,0,2.015600749803479,TRUE,169
P. vivax,model5,51019,Primavera do Leste,MT,2017,3,171,99226,0,0.06940359829301818,-0.06940359829301818,0,2.015600749803479,TRUE,169
P. vivax,model5,51020,Tesouro,MT,2017,1,169,54389,0,0.036328301090788086,-0.036328301090788086,0,1.838607071282796,TRUE,169
P. vivax,model5,51020,Tesouro,MT,2017,2,170,54389,0,0.03237684451063704,-0.03237684451063704,0,1.838607071282796,TRUE,169
P. vivax,model5,51020,Tesouro,MT,2017,3,171,54389,0,0.03419060096654266,-0.03419060096654266,0,1.838607071282796,TRUE,169
P. vivax,model5,51021,Rondonópolis,MT,2017,1,169,306100,0,0.09068800129227379,-0.09068800129227379,0,0.9800718719372754,TRUE,169
P. vivax,model5,51021,Rondonópolis,MT,2017,2,170,306100,0,0.08057992411177475,-0.08057992411177475,0,0.9800718719372754,TRUE,169
P. vivax,model5,51021,Rondonópolis,MT,2017,3,171,306100,0,0.0785943014308755,-0.0785943014308755,0,0.9800718719372754,TRUE,169
P. vivax,model5,51022,Alto Araguaia,MT,2017,1,169,39942,0,0.010761174656534742,-0.010761174656534742,0,2.5036302638826298,TRUE,169
P. vivax,model5,51022,Alto Araguaia,MT,2017,2,170,39942,0,0.01002938685416047,-0.01002938685416047,0,2.5036302638826298,TRUE,169
P. vivax,model5,51022,Alto Araguaia,MT,2017,3,171,39942,0,0.010300264864811249,-0.010300264864811249,0,1.3144058885383236,TRUE,169
P. vivax,model5,11001,Porto Velho,RO,2018,1,181,662715,77.55973533117555,54.467174447175374,23.09256088400017,21.40437442943045,275.98213409987693,TRUE,181
P. vivax,model5,11001,Porto Velho,RO,2018,2,182,662715,61.86671495288322,45.56619861368757,16.300516339195653,17.194419924100107,235.05202085360932,TRUE,181
P. vivax,model5,11001,Porto Velho,RO,2018,3,183,662715,60.810453965882765,49.99070040930891,10.819753556573858,19.59364130885826,246.74256656330397,TRUE,181
P. vivax,model5,11002,Guajará-Mirim,RO,2018,1,181,83480,52.707235265931956,33.01747435269854,19.689760913233414,10.15213224724485,204.27048394825104,TRUE,181
P. vivax,model5,11002,Guajará-Mirim,RO,2018,2,182,83480,73.07139434595113,28.221589509135022,44.84980483681611,6.558457115476763,170.16051748921893,TRUE,181
P. vivax,model5,11002,Guajará-Mirim,RO,2018,3,183,83480,39.53042644944897,31.391818414481165,8.138608034967802,8.38524197412554,218.0761859127934,TRUE,181
P. vivax,model5,11003,Ariquemes,RO,2018,1,181,202900,62.5924100542139,58.56900301300565,4.023407041208252,25.086249383932973,348.23804829965496,TRUE,181
P. vivax,model5,11003,Ariquemes,RO,2018,2,182,202900,63.08526367668802,49.732082548681625,13.353181128006398,15.51256776737309,300.97338590438636,TRUE,181
P. vivax,model5,11003,Ariquemes,RO,2018,3,183,202900,51.74963035978315,50.97452887747703,0.7751014823061197,19.45539674716609,308.6495810744208,TRUE,181
P. vivax,model5,11004,Ji-Paraná,RO,2018,1,181,295352,8.803055337360167,6.403490066250345,2.3995652711098217,0.3385790514369295,39.00430672553422,TRUE,181
P. vivax,model5,11004,Ji-Paraná,RO,2018,2,182,295352,8.125897234486308,5.0419281365791,3.0839690979072074,0.3385790514369295,35.06832525257995,TRUE,181
P. vivax,model5,11004,Ji-Paraná,RO,2018,3,183,295352,6.43300197730166,5.389605587736509,1.0433963895651512,0.160825049432542,35.7454833554538,TRUE,181
P. vivax,model5,11005,Alvorada D'Oeste,RO,2018,1,181,69972,4.287429257417252,3.9928633976488745,0.2945658597683778,0,28.582861716115016,TRUE,181
P. vivax,model5,11005,Alvorada D'Oeste,RO,2018,2,182,69972,7.145715429028754,3.238422173675362,3.907293255353392,0,23.61658949294,TRUE,181
P. vivax,model5,11005,Alvorada D'Oeste,RO,2018,3,183,69972,1.4291430858057508,3.5050426945925417,-2.075899608786791,0,27.904018750357253,TRUE,181
P. vivax,model5,11006,Cacoal,RO,2018,1,181,236369,4.653740549733679,2.256954545157908,2.396786004575771,0,13.136240369930047,TRUE,181
P. vivax,model5,11006,Cacoal,RO,2018,2,182,236369,1.692269290812247,2.0586338860246016,-0.36636459521235465,0,12.268952358388791,TRUE,181
P. vivax,model5,11006,Cacoal,RO,2018,3,183,236369,2.1153366135153084,2.4413055873913145,-0.3259689738760061,0,13.115087003794915,TRUE,181
P. vivax,model5,11007,Vilhena,RO,2018,1,181,158934,3.1459599582216518,2.8052580891232815,0.3407018690983703,0,18.87575974932991,TRUE,181
P. vivax,model5,11007,Vilhena,RO,2018,2,182,158934,3.1459599582216518,2.568303893034913,0.5776560651867388,0,17.61737576604125,TRUE,181
P. vivax,model5,11007,Vilhena,RO,2018,3,183,158934,2.5167679665773215,2.795456543501551,-0.27868857692422955,0,16.98818377439692,TRUE,181
P. vivax,model5,11008,Colorado do Oeste,RO,2018,1,181,47867,2.089121942047757,1.0174407876292322,1.071681154418525,0,10.445609710238786,TRUE,181
P. vivax,model5,11008,Colorado do Oeste,RO,2018,2,182,47867,2.089121942047757,0.811609952499167,1.2775119895485902,0,8.356487768191029,TRUE,181
P. vivax,model5,11008,Colorado do Oeste,RO,2018,3,183,47867,2.089121942047757,0.8399947844154327,1.2491271576323244,0,9.453276787766054,TRUE,181
P. vivax,model5,12001,Cruzeiro do Sul,AC,2018,1,181,154965,2579.292098215726,1653.4246246901453,925.8674735255809,638.5151485819379,8283.676959313389,TRUE,181
P. vivax,model5,12001,Cruzeiro do Sul,AC,2018,2,182,154965,2013.357854999516,1225.0888029996486,788.2690519998673,518.9397605911013,6023.715032426677,TRUE,181
P. vivax,model5,12001,Cruzeiro do Sul,AC,2018,3,183,154965,1657.793695350563,1232.6433056910985,425.1503896594645,527.7804665569645,6326.654405833573,TRUE,181
P. vivax,model5,12002,Tarauacá,AC,2018,1,181,84810,10.611956137247967,19.109824187205156,-8.497868049957189,4.716424949887984,119.76771607121793,TRUE,181
P. vivax,model5,12002,Tarauacá,AC,2018,2,182,84810,18.865699799551937,14.432097377340872,4.433602422211065,0.5600754627991998,95.56656054710524,TRUE,181
P. vivax,model5,12002,Tarauacá,AC,2018,3,183,84810,9.432849899775968,14.671210380235507,-5.238360480459539,1.179106237471996,94.62327555712741,TRUE,181
P. vivax,model5,12003,Sena Madureira,AC,2018,1,181,60875,13.141683778234087,1.3955750926284838,11.746108685605604,0,13.141683778234087,TRUE,181
P. vivax,model5,12003,Sena Madureira,AC,2018,2,182,60875,1.642710472279261,1.188129039906564,0.4545814323726969,0,11.498973305954825,TRUE,181
P. vivax,model5,12003,Sena Madureira,AC,2018,3,183,60875,4.928131416837782,1.190377573285047,3.737753843552735,0,11.498973305954825,TRUE,181
P. vivax,model5,12004,Rio Branco,AC,2018,1,181,498297,21.87450456254001,13.892182418106636,7.982322144433375,5.017088202417433,78.6779771903102,TRUE,181
P. vivax,model5,12004,Rio Branco,AC,2018,2,182,498297,24.483390427797076,11.824092613537635,12.65929781425944,3.908311709683181,72.74777893505271,TRUE,181
P. vivax,model5,12004,Rio Branco,AC,2018,3,183,498297,20.068352809669733,14.406831672478297,5.661521137191436,5.112412878263365,89.06836685751664,TRUE,181
P. vivax,model5,12005,Brasiléia,AC,2018,1,181,70318,1.4221109815409996,2.0586319788651064,-0.6365209973241068,0,18.558548309109977,TRUE,181
P. vivax,model5,12005,Brasiléia,AC,2018,2,182,70318,4.266332944622998,1.4335046604357344,2.832828284187263,0,14.221109815409994,TRUE,181
P. vivax,model5,12005,Brasiléia,AC,2018,3,183,70318,0,1.3669731606649476,-1.3669731606649476,0,12.123496117636988,TRUE,181
P. vivax,model5,13001,Rio Negro,AM,2018,1,181,115590,2028.7222078034433,1537.029158774936,491.6930490285074,678.1512241543386,9394.887100960266,TRUE,181
P. vivax,model5,13001,Rio Negro,AM,2018,2,182,115590,1625.5731464659573,1430.3333509284391,195.23979553751815,621.485422614413,8785.83787524871,TRUE,181
P. vivax,model5,13001,Rio Negro,AM,2018,3,183,115590,1612.5962453499437,1527.9179098594593,84.67833549048441,598.732589324336,9228.717882169727,TRUE,181
P. vivax,model5,13002,Japurá,AM,2018,1,181,21451,498.81124423103824,323.1726750989629,175.63856913207536,111.64980653582585,1743.6250058272321,TRUE,181
P. vivax,model5,13002,Japurá,AM,2018,2,182,21451,321.66332571908066,246.8493551499304,74.81397056915026,81.46473357885415,1425.6911099715617,TRUE,181
P. vivax,model5,13002,Japurá,AM,2018,3,183,21451,186.47149317048158,309.3320792495229,-122.86058607904133,102.55932124376486,1634.539182322502,TRUE,181
P. vivax,model5,13003,Alto Solimões,AM,2018,1,181,249343,189.69852773087675,69.32571013026356,120.37281760061319,22.62947024781125,406.8090942998198,TRUE,181
P. vivax,model5,13003,Alto Solimões,AM,2018,2,182,249343,202.5322547655238,86.46452012341776,116.06773464210603,24.464292159795946,512.8678166220825,TRUE,181
P. vivax,model5,13003,Alto Solimões,AM,2018,3,183,249343,158.81737205375728,115.01880340607016,43.79856864768712,43.46422398062108,673.9411172561488,TRUE,181
P. vivax,model5,13004,Juruá,AM,2018,1,181,150133,509.54820059547205,246.91437129326553,262.63382930220655,102.22602625671905,1597.8499064163102,TRUE,181
P. vivax,model5,13004,Juruá,AM,2018,2,182,150133,420.29400598136317,237.09626112108683,183.19774486027634,98.86234205670972,1554.3384865419328,TRUE,181
P. vivax,model5,13004,Juruá,AM,2018,3,183,150133,394.983114971392,350.29617782874544,44.68693714264657,166.45241219452086,2199.8994225120387,TRUE,181
P. vivax,model5,13005,Tefé,AM,2018,1,181,89401,310.9584903971991,139.46991642644068,171.48857397075844,46.33617073634524,713.1072359369571,TRUE,181
P. vivax,model5,13005,Tefé,AM,2018,2,182,89401,253.9121486336842,139.7173757625311,114.1947728711531,44.043131508596105,697.139853021778,TRUE,181
P. vivax,model5,13005,Tefé,AM,2018,3,183,89401,392.6130580194852,180.48308612215695,212.12997189732826,76.59310298542522,907.428328542186,TRUE,181
P. vivax,model5,13006,Coari,AM,2018,1,181,178314,161.51283690568323,108.10201270124317,53.41082420444006,36.957277611404606,706.1700146931815,TRUE,181
P. vivax,model5,13006,Coari,AM,2018,2,182,178314,134.59403075473602,120.21034600267011,14.383684752065918,47.10791076415761,850.7744764853007,TRUE,181
P. vivax,model5,13006,Coari,AM,2018,3,183,178314,155.34394382942452,156.68340867818162,-1.3394648487571033,55.19757282097872,1068.4943414426234,TRUE,181
P. vivax,model5,13007,Manaus,AM,2018,1,181,2426207,84.49402709661625,61.839583614044244,22.654443482572006,29.865547333760063,314.34354117352717,TRUE,181
P. vivax,model5,13007,Manaus,AM,2018,2,182,2426207,65.4519585509398,53.25485435773873,12.197104193201078,22.787626941971563,268.6240291945411,TRUE,181
P. vivax,model5,13007,Manaus,AM,2018,3,183,2426207,57.868104411536194,60.07000024244751,-2.201895830911319,25.67691050269,314.8556574109299,TRUE,181
P. vivax,model5,13008,Rio Preto da Eva,AM,2018,1,181,67929,834.6950492425915,476.6999906027071,357.9950586398844,172.23866095482046,2980.9433378969215,TRUE,181
P. vivax,model5,13008,Rio Preto da Eva,AM,2018,2,182,67929,479.91285018180747,368.4064626299884,111.50638755181905,143.42180806430244,2346.494133580648,TRUE,181
P. vivax,model5,13008,Rio Preto da Eva,AM,2018,3,183,67929,396.0017076653565,336.3298848807837,59.67182278457278,129.326208246846,2069.624166409043,TRUE,181
P. vivax,model5,13009,Itacoatiara,AM,2018,1,181,177387,97.52687626488976,76.46349704271086,21.06337922217891,31.273430409218264,471.7228432748734,TRUE,181
P. vivax,model5,13009,Itacoatiara,AM,2018,2,182,177387,64.26626528437822,57.09759270194687,7.168672582431348,19.67449700372632,351.11084803283154,TRUE,181
P. vivax,model5,13009,Itacoatiara,AM,2018,3,183,177387,43.97165519457457,59.34332001552365,-15.371664820949078,23.085118977151655,336.93280792842756,TRUE,181
P. vivax,model5,13010,Parintins,AM,2018,1,181,277264,31.017369727047146,14.501666085799334,16.51570364124781,4.499321945871084,78.81477580933694,TRUE,181
P. vivax,model5,13010,Parintins,AM,2018,2,182,277264,23.08269375036067,11.308823907626834,11.773869842733834,3.056653586473542,69.11283109238843,TRUE,181
P. vivax,model5,13010,Parintins,AM,2018,3,183,277264,23.08269375036067,13.132645205044453,9.950048545316216,2.8673033643026153,73.99085348260138,TRUE,181
P. vivax,model5,13011,Boca do Acre,AM,2018,1,181,53305,58.15589531938842,45.85035583701599,12.305539482372431,13.131976362442549,336.97589344339156,TRUE,181
P. vivax,model5,13011,Boca do Acre,AM,2018,2,182,53305,33.76793921770941,40.389502479096855,-6.621563261387443,8.395084888847203,316.5275302504452,TRUE,181
P. vivax,model5,13011,Boca do Acre,AM,2018,3,183,53305,127.56777037801332,48.17815881686711,79.38961156114621,12.14707813525936,356.90835756495596,TRUE,181
P. vivax,model5,13012,Purus,AM,2018,1,181,77994,338.4875759673821,196.31216836765282,142.17540759972928,65.99866656409468,1529.6048413980564,TRUE,181
P. vivax,model5,13012,Purus,AM,2018,2,182,77994,369.2591737825987,193.83201093752302,175.42716284507566,97.37928558607072,1467.420570813139,TRUE,181
P. vivax,model5,13012,Purus,AM,2018,3,183,77994,430.8023694130318,309.6105992999868,121.19177011304498,122.34915506320999,2377.5867374413383,TRUE,181
P. vivax,model5,13013,Madeira,AM,2018,1,181,196293,62.66142959759135,52.032781368626146,10.628648228965204,20.594213751891306,267.9667639701874,TRUE,181
P. vivax,model5,13013,Madeira,AM,2018,2,182,196293,48.90648163714447,51.16622812486587,-2.2597464877213937,21.396585716250705,270.0300061642545,TRUE,181
P. vivax,model5,13013,Madeira,AM,2018,3,183,196293,50.43480918830523,68.11155907607113,-17.6767498877659,31.827421252922928,375.7775366416511,TRUE,181
P. vivax,model5,14001,Boa Vista,RR,2018,1,181,418986,286.88309394585974,127.6727118182681,159.21038212759163,48.05053152133962,779.3160153322538,TRUE,181
P. vivax,model5,14001,Boa Vista,RR,2018,2,182,418986,242.01285961822114,100.08298065187935,141.9298789663418,38.76621175886545,586.033900894063,TRUE,181
P. vivax,model5,14001,Boa Vista,RR,2018,3,183,418986,279.9616216293623,107.71410802275143,172.24751360661088,43.30096948346723,607.5262657940835,TRUE,181
P. vivax,model5,14002,Nordeste de Roraima,RR,2018,1,181,51495,737.9357219147489,315.21595301148113,422.7197689032678,129.9155257792019,1704.388775609282,TRUE,181
P. vivax,model5,14002,Nordeste de Roraima,RR,2018,2,182,51495,541.80017477425,259.44306954859684,282.35710522565313,110.59326148169725,1484.804349936886,TRUE,181
P. vivax,model5,14002,Nordeste de Roraima,RR,2018,3,183,51495,462.1807942518691,238.30365849542815,223.87713575644094,93.2129332944946,1323.3323623652775,TRUE,181
P. vivax,model5,14003,Caracaraí,RR,2018,1,181,50692,923.2225992267024,518.1573407091897,405.0652585175127,190.31602619742762,2829.8843999053106,TRUE,181
P. vivax,model5,14003,Caracaraí,RR,2018,2,182,50692,623.3725242641837,383.52379682216065,239.848727442023,143.90830900339304,2314.2704963307797,TRUE,181
P. vivax,model5,14003,Caracaraí,RR,2018,3,183,50692,426.1027381046319,387.1667639749279,38.93597412970399,140.99857965753966,2075.130198058863,TRUE,181
P. vivax,model5,14004,Sudeste de Roraima,RR,2018,1,181,55395,909.8294069861901,637.473403360938,272.356003625252,241.85395793844216,3528.3870385413784,TRUE,181
P. vivax,model5,14004,Sudeste de Roraima,RR,2018,2,182,55395,1054.2467731744744,501.0836115033862,553.1631616710881,226.32909107320154,2706.2460510876426,TRUE,181
P. vivax,model5,14004,Sudeste de Roraima,RR,2018,3,183,55395,862.8937629749978,537.6657139104306,325.22804906456724,260.35743298131604,2978.7886993410957,TRUE,181
P. vivax,model5,15001,Óbidos,PA,2018,1,181,206970,3.865294487123738,1.4850333191967813,2.3802611679269567,0,11.644199642460215,TRUE,181
P. vivax,model5,15001,Óbidos,PA,2018,2,182,206970,4.348456298014205,1.2422328224574029,3.106223475556802,0,8.950572546745894,TRUE,181
P. vivax,model5,15001,Óbidos,PA,2018,3,183,206970,27.057061409866165,1.4359092161704319,25.621152193695732,0,9.91689616852683,FALSE,181
P. vivax,model5,15002,Santarém,PA,2018,1,181,525029,7.42816111110053,2.7752081252391205,4.652952985861409,0.4714025320506108,20.48934439811895,TRUE,181
P. vivax,model5,15002,Santarém,PA,2018,2,182,525029,4.952107407400353,2.6197106106639847,2.3323967967363686,0,18.47040830125566,TRUE,181
P. vivax,model5,15002,Santarém,PA,2018,3,183,525029,3.809313390307964,3.1217661868014743,0.6875472035064898,0.661868201566009,18.865624565500184,TRUE,181
P. vivax,model5,15003,Almeirim,PA,2018,1,181,74600,0,2.8327662550423325,-2.8327662550423325,0,21.447721179624665,TRUE,181
P. vivax,model5,15003,Almeirim,PA,2018,2,182,74600,2.680965147453083,2.536541833913747,0.14442331353933602,0,18.766756032171582,TRUE,181
P. vivax,model5,15003,Almeirim,PA,2018,3,183,74600,17.426273458445042,2.2694834276118057,15.156790030833236,0,19.470509383377983,TRUE,181
P. vivax,model5,15004,Portel,PA,2018,1,181,151541,1032.06392989356,283.8009546123423,748.2629752812177,102.01859562758594,1309.0351785985308,TRUE,181
P. vivax,model5,15004,Portel,PA,2018,2,182,151541,932.4209289895144,294.17342675138065,638.2475022381338,108.33701770477958,1459.456516718247,TRUE,181
P. vivax,model5,15004,Portel,PA,2018,3,183,151541,855.2141004744591,302.04893791999746,553.1651625544616,105.41701585709478,1435.2221511010216,TRUE,181
P. vivax,model5,15005,Furos de Breves,PA,2018,1,181,229807,756.2867971819832,418.0907662037241,338.19603097825905,178.80221229118348,2362.2866144199243,TRUE,181
P. vivax,model5,15005,Furos de Breves,PA,2018,2,182,229807,682.3116789305809,474.86813904964305,207.44353988093786,203.49684735451925,2670.8716444668753,TRUE,181
P. vivax,model5,15005,Furos de Breves,PA,2018,3,183,229807,643.1483810327798,519.3846123585841,123.7637686741956,212.558799340316,2776.0142206286127,TRUE,181
P. vivax,model5,15006,Arari,PA,2018,1,181,175883,43.77910315380111,18.880820721065508,24.898282432735602,2.8143709170300726,118.07565256448879,TRUE,181
P. vivax,model5,15006,Arari,PA,2018,2,182,175883,57.99309768425601,26.404058273955343,31.589039410300664,7.362849166775643,172.38732566535697,TRUE,181
P. vivax,model5,15006,Arari,PA,2018,3,183,175883,94.38092368222057,34.15036364970879,60.23056003251178,11.342767635303016,225.4908092311363,TRUE,181
P. vivax,model5,15007,Belém,PA,2018,1,181,2345306,3.197876950811536,1.2021277714364884,1.9957491793750477,0.3389749567860229,7.06197826637547,TRUE,181
P. vivax,model5,15007,Belém,PA,2018,2,182,2345306,2.515663201305075,0.9891727981832528,1.526490403121822,0.08527671868830762,5.632527269362715,TRUE,181
P. vivax,model5,15007,Belém,PA,2018,3,183,2345306,2.473024841960921,1.2037743601193756,1.2692504818415455,0.4039984547858574,7.335929725161661,TRUE,181
P. vivax,model5,15008,Castanhal,PA,2018,1,181,339469,0.29457770812651524,0.4830039124005853,-0.18842620427407009,0,3.8295102056446977,TRUE,181
P. vivax,model5,15008,Castanhal,PA,2018,2,182,339469,0,0.37001843970297005,-0.37001843970297005,0,3.3950080861580814,TRUE,181
P. vivax,model5,15008,Castanhal,PA,2018,3,183,339469,0.5891554162530305,0.42422483095727437,0.1649305852957561,0,3.240354789391667,TRUE,181
P. vivax,model5,15009,Salgado,PA,2018,1,181,269829,1.1118152607762695,0.3249684243626313,0.7868468364136382,0,2.788803279113801,TRUE,181
P. vivax,model5,15009,Salgado,PA,2018,2,182,269829,0.7412101738508463,0.3034442490666815,0.4377659247841648,0,2.223630521552539,TRUE,181
P. vivax,model5,15009,Salgado,PA,2018,3,183,269829,0,0.48167715156409857,-0.48167715156409857,0,4.076655956179654,TRUE,181
P. vivax,model5,15010,Bragantina,PA,2018,1,181,420667,0.2377177197165454,0.045366666472518996,0.1923510532440264,0,0.4754354394330908,TRUE,181
P. vivax,model5,15010,Bragantina,PA,2018,2,182,420667,0.4754354394330908,0.03544329939543436,0.4399921400376564,0,0.4754354394330908,TRUE,181
P. vivax,model5,15010,Bragantina,PA,2018,3,183,420667,0.2377177197165454,0.044537399537376725,0.19318032017916867,0,0.4754354394330908,TRUE,181
P. vivax,model5,15011,Cametá,PA,2018,1,181,492940,299.63078670832147,71.44538003244175,228.18540667587973,28.573457215888347,471.15774739319187,TRUE,181
P. vivax,model5,15011,Cametá,PA,2018,2,182,492940,210.37043047835436,69.22558184492749,141.14484863342688,30.22680245060251,464.5088651762885,TRUE,181
P. vivax,model5,15011,Cametá,PA,2018,3,183,492940,205.0959548829472,64.58815440326775,140.50780047967947,25.241408690712866,401.6056720899095,TRUE,181
P. vivax,model5,15012,Tomé-Açu,PA,2018,1,181,335866,0.2977377882846135,0.4311214729290699,-0.13338368464445638,0,2.977377882846135,TRUE,181
P. vivax,model5,15012,Tomé-Açu,PA,2018,2,182,335866,0.2977377882846135,0.305708607212189,-0.007970818927575507,0,2.0841645179922943,TRUE,181
P. vivax,model5,15012,Tomé-Açu,PA,2018,3,183,335866,1.4886889414230675,0.2961622261858689,1.1925267152371986,0,2.0841645179922943,TRUE,181
P. vivax,model5,15013,Guamá,PA,2018,1,181,479227,8.138105741120597,0.7669281483882843,7.371177592732313,0,4.80982916238024,FALSE,181
P. vivax,model5,15013,Guamá,PA,2018,2,182,479227,6.886089473255889,0.6914097734331939,6.194679699822695,0,4.282938982987181,FALSE,181
P. vivax,model5,15013,Guamá,PA,2018,3,183,479227,4.173387559549024,0.7967766960297976,3.3766108635192262,0,4.908947116919534,TRUE,181
P. vivax,model5,15014,Itaituba,PA,2018,1,181,220435,178.73749631410618,107.1853076600242,71.55218865408199,36.9610089141924,602.6493070519648,TRUE,181
P. vivax,model5,15014,Itaituba,PA,2018,2,182,220435,151.0649397781659,95.77512142353336,55.28981835463253,28.126205003742598,496.4955655862267,TRUE,181
P. vivax,model5,15014,Itaituba,PA,2018,3,183,220435,125.6606255812371,100.92211507788677,24.738510503350327,38.32195431759929,537.5053870755548,TRUE,181
P. vivax,model5,15015,Altamira,PA,2018,1,181,306088,16.00846815294948,18.244386896820487,-2.2359187438710073,5.3824390371396476,109.17611928595679,TRUE,181
P. vivax,model5,15015,Altamira,PA,2018,2,182,306088,12.088026972635319,15.190086374417948,-3.102059401782629,5.880661770471237,97.02275162698294,TRUE,181
P. vivax,model5,15015,Altamira,PA,2018,3,183,306088,13.721544131099552,12.349220135216637,1.3723239958829154,4.729032173753954,80.43438488277874,TRUE,181
P. vivax,model5,15016,Tucuruí,PA,2018,1,181,379626,64.01036809912914,40.61775566630809,23.392612432821046,14.487943396922233,191.44500113269368,TRUE,181
P. vivax,model5,15016,Tucuruí,PA,2018,2,182,379626,37.66865283199781,29.994609586140665,7.6740432458571455,10.38522124406653,149.10727926959692,TRUE,181
P. vivax,model5,15016,Tucuruí,PA,2018,3,183,379626,35.82473276329861,24.534303527942996,11.290429235355617,10.260098096547654,118.14917840190081,TRUE,181
P. vivax,model5,15017,Paragominas,PA,2018,1,181,344335,1.161659430496464,1.1464688267009528,0.015190603795511182,0,8.13161601347525,TRUE,181
P. vivax,model5,15017,Paragominas,PA,2018,2,182,344335,1.7424891457446963,0.9321190966849981,0.8103700490596981,0,6.541594667983207,TRUE,181
P. vivax,model5,15017,Paragominas,PA,2018,3,183,344335,2.9041485762411603,0.8662855723928817,2.037863003848279,0,5.808297152482321,TRUE,181
P. vivax,model5,15018,São Félix do Xingu,PA,2018,1,181,212630,3.2921036542350564,4.815940154800925,-1.523836500565869,0.47030052203357947,31.980435498283402,TRUE,181
P. vivax,model5,15018,São Félix do Xingu,PA,2018,2,182,212630,2.821803132201477,5.011757408834676,-2.1899542766331987,0,29.628932888115504,TRUE,181
P. vivax,model5,15018,São Félix do Xingu,PA,2018,3,183,212630,1.8812020881343179,6.886937109340797,-5.00573502120648,0.9406010440671589,36.977378544890136,TRUE,181
P. vivax,model5,15019,Parauapebas,PA,2018,1,181,317861,0.9438087717587248,1.432934859115457,-0.48912608735673213,0,8.494278945828523,TRUE,181
P. vivax,model5,15019,Parauapebas,PA,2018,2,182,317861,0.6292058478391498,1.0890959988995321,-0.45989015106038234,0,8.030239633047142,TRUE,181
P. vivax,model5,15019,Parauapebas,PA,2018,3,183,317861,0.3146029239195749,0.9614088742123659,-0.646805950292791,0,7.235867250150223,TRUE,181
P. vivax,model5,15020,Marabá,PA,2018,1,181,329372,3.0360807840375017,0.9894021395279938,2.046678644509508,0,6.838771966044465,TRUE,181
P. vivax,model5,15020,Marabá,PA,2018,2,182,329372,0.30360807840375015,0.7857647419303253,-0.48215666352657516,0,5.464945411267503,TRUE,181
P. vivax,model5,15020,Marabá,PA,2018,3,183,329372,1.2144323136150006,0.8070899441616005,0.4073423694534001,0,6.072161568075003,TRUE,181
P. vivax,model5,15021,Redenção,PA,2018,1,181,195973,0.5102743745311854,3.2410394286221695,-2.730765054090984,0,18.369877483122675,TRUE,181
P. vivax,model5,15021,Redenção,PA,2018,2,182,195973,0.5102743745311854,2.7600298579712335,-2.249755483440048,0,17.6427364994157,TRUE,181
P. vivax,model5,15021,Redenção,PA,2018,3,183,195973,1.0205487490623708,2.916327872481953,-1.895779123419582,0,17.10694840615798,TRUE,181
P. vivax,model5,15022,Conceição do Araguaia,PA,2018,1,181,160043,0,0.5211267407502198,-0.5211267407502198,0,4.70186137475552,TRUE,181
P. vivax,model5,15022,Conceição do Araguaia,PA,2018,2,182,160043,0,0.5565694694866545,-0.5565694694866545,0,7.201189680273412,TRUE,181
P. vivax,model5,15022,Conceição do Araguaia,PA,2018,3,183,160043,0,0.6531328662797584,-0.6531328662797584,0,7.497984916553675,TRUE,181
P. vivax,model5,16001,Oiapoque,AP,2018,1,181,37553,649.7483556573376,551.1254319967583,98.62292366057932,223.55071498948155,2922.269858599844,TRUE,181
P. vivax,model5,16001,Oiapoque,AP,2018,2,182,37553,513.9402977125662,404.93248320043233,109.0078145121339,135.67491278992358,2109.2189705216565,TRUE,181
P. vivax,model5,16001,Oiapoque,AP,2018,3,183,37553,356.82901499214444,400.8427708969411,-44.01375590479665,140.46813836444494,2036.521715974755,TRUE,181
P. vivax,model5,16002,Amapá,AP,2018,1,181,30877,58.295818894322636,102.3456389040555,-44.04982000973287,37.16358454513069,618.583411600868,TRUE,181
P. vivax,model5,16002,Amapá,AP,2018,2,182,30877,80.96641513100366,97.78333454958897,-16.816919418585314,24.2089581241701,573.5660847880296,TRUE,181
P. vivax,model5,16002,Amapá,AP,2018,3,183,30877,64.77313210480294,87.66913159569219,-22.895999490889253,24.2089581241701,503.85400136023554,TRUE,181
P. vivax,model5,16003,Macapá,AP,2018,1,181,674807,139.29908848011357,83.83429505520061,55.464793424912955,34.06900046976395,445.87563555209056,TRUE,181
P. vivax,model5,16003,Macapá,AP,2018,2,182,674807,99.73221973097495,65.21614081365477,34.51607891732017,26.36309344745979,345.06162502760026,TRUE,181
P. vivax,model5,16003,Macapá,AP,2018,3,183,674807,73.20611671188948,52.66597089540722,20.54014581648226,20.302101193378256,275.1860902450626,TRUE,181
P. vivax,model5,16004,Mazagão,AP,2018,1,181,86257,165.78364654462825,119.71034481884068,46.07330172578757,49.79306027336912,735.5055241893391,TRUE,181
P. vivax,model5,16004,Mazagão,AP,2018,2,182,86257,156.50903694772597,96.18889846268434,60.32013848504164,38.69251191207671,570.272557589528,TRUE,181
P. vivax,model5,16004,Mazagão,AP,2018,3,183,86257,146.0751011512109,91.67988894943812,54.39521220177278,39.359124476854056,530.5946184077811,TRUE,181
P. vivax,model5,17001,Bico do Papagaio,TO,2018,1,181,214202,1.8673961961139485,2.7474165489780362,-0.8800203528640878,0,15.651114368680021,TRUE,181
P. vivax,model5,17001,Bico do Papagaio,TO,2018,2,182,214202,0.9336980980569742,2.5272733770593327,-1.5935752790023585,0,16.14130587015991,TRUE,181
P. vivax,model5,17001,Bico do Papagaio,TO,2018,3,183,214202,0.9336980980569742,2.650760437729616,-1.7170623396726419,0,17.05166151576548,TRUE,181
P. vivax,model5,17002,Araguaína,TO,2018,1,181,315817,0.6332781325894425,0.14044899704254935,0.4928291355468932,0,1.5831953314736065,TRUE,181
P. vivax,model5,17002,Araguaína,TO,2018,2,182,315817,0,0.11925614326415403,-0.11925614326415403,0,0.9499171988841639,TRUE,181
P. vivax,model5,17002,Araguaína,TO,2018,3,183,315817,0,0.1177692550879611,-0.1177692550879611,0,1.266556265178885,TRUE,181
P. vivax,model5,17003,Miracema do Tocantins,TO,2018,1,181,148745,0,0.03979494637949148,-0.03979494637949148,0,0.6722915055968267,TRUE,181
P. vivax,model5,17003,Miracema do Tocantins,TO,2018,2,182,148745,0,0.037936433559573074,-0.037936433559573074,0,0.6722915055968267,TRUE,181
P. vivax,model5,17003,Miracema do Tocantins,TO,2018,3,183,148745,0,0.0437313803932223,-0.0437313803932223,0,0.6722915055968267,TRUE,181
P. vivax,model5,17004,Rio Formoso,TO,2018,1,181,126836,0,0.05242442452907745,-0.05242442452907745,0,0.7884196915702166,TRUE,181
P. vivax,model5,17004,Rio Formoso,TO,2018,2,182,126836,0,0.05170293435912072,-0.05170293435912072,0,0.7884196915702166,TRUE,181
P. vivax,model5,17004,Rio Formoso,TO,2018,3,183,126836,0,0.059854240693726024,-0.059854240693726024,0,1.5768393831404333,TRUE,181
P. vivax,model5,17005,Gurupi,TO,2018,1,181,149602,0,0.0358976150253038,-0.0358976150253038,0,0.6684402614938303,TRUE,181
P. vivax,model5,17005,Gurupi,TO,2018,2,182,149602,0,0.036607689957581666,-0.036607689957581666,0,0.6684402614938303,TRUE,181
P. vivax,model5,17005,Gurupi,TO,2018,3,183,149602,0,0.04347922163159886,-0.04347922163159886,0,1.019371398778076,TRUE,181
P. vivax,model5,17006,Porto Nacional,TO,2018,1,181,396590,0.7564487253838977,0.12062607986992802,0.6358226455139697,0,1.0085983005118637,TRUE,181
P. vivax,model5,17006,Porto Nacional,TO,2018,2,182,396590,0,0.12415104130481534,-0.12415104130481534,0,1.2607478756398294,TRUE,181
P. vivax,model5,17006,Porto Nacional,TO,2018,3,183,396590,0.7564487253838977,0.14986785764913052,0.6065808677347673,0,1.2607478756398294,TRUE,181
P. vivax,model5,17007,Jalapão,TO,2018,1,181,79443,0,8.653661137284468e-4,-8.653661137284468e-4,0,0,TRUE,181
P. vivax,model5,17007,Jalapão,TO,2018,2,182,79443,0,8.802346459264717e-4,-8.802346459264717e-4,0,0,TRUE,181
P. vivax,model5,17007,Jalapão,TO,2018,3,183,79443,0,0.0010564309827916043,-0.0010564309827916043,0,0,TRUE,181
P. vivax,model5,17008,Dianópolis,TO,2018,1,181,123994,0,0.0011948460683379766,-0.0011948460683379766,0,0.4234075842379287,TRUE,181
P. vivax,model5,17008,Dianópolis,TO,2018,2,182,123994,0,0.001368211297955682,-0.001368211297955682,0,0,TRUE,181
P. vivax,model5,17008,Dianópolis,TO,2018,3,183,123994,0,0.0017833405713584033,-0.0017833405713584033,0,0.8064906366437086,TRUE,181
P. vivax,model5,21001,Litoral Ocidental Maranhense,MA,2018,1,181,190870,0.5239168020118405,0.05414443999560209,0.46977236201623845,0,1.047833604023681,TRUE,181
P. vivax,model5,21001,Litoral Ocidental Maranhense,MA,2018,2,182,190870,0,0.04557109935623644,-0.04557109935623644,0,1.047833604023681,TRUE,181
P. vivax,model5,21001,Litoral Ocidental Maranhense,MA,2018,3,183,190870,0,0.06806910226228609,-0.06806910226228609,0,1.047833604023681,TRUE,181
P. vivax,model5,21002,Aglomeração Urbana de São Luís,MA,2018,1,181,1421946,0.07032615865862699,0.06403352727717598,0.006292631381451003,0,0.5626092692690159,TRUE,181
P. vivax,model5,21002,Aglomeração Urbana de São Luís,MA,2018,2,182,1421946,0.07032615865862699,0.0647398487649007,0.005586309893726285,0,0.4922831106103888,TRUE,181
P. vivax,model5,21002,Aglomeração Urbana de São Luís,MA,2018,3,183,1421946,0.07032615865862699,0.08732371765286899,-0.016997558994242004,0,0.7401828198820474,TRUE,181
P. vivax,model5,21003,Rosário,MA,2018,1,181,177073,0,0.03575589989864196,-0.03575589989864196,0,0.564738836525049,TRUE,181
P. vivax,model5,21003,Rosário,MA,2018,2,182,177073,0,0.034364147725318206,-0.034364147725318206,0,0.564738836525049,TRUE,181
P. vivax,model5,21003,Rosário,MA,2018,3,183,177073,0.564738836525049,0.047561154886926686,0.5171776816381223,0,1.129477673050098,TRUE,181
P. vivax,model5,21004,Lençóis Maranhenses,MA,2018,1,181,195389,0,0.01318998554099523,-0.01318998554099523,0,0.5117995383568165,TRUE,181
P. vivax,model5,21004,Lençóis Maranhenses,MA,2018,2,182,195389,0,0.01694854356940207,-0.01694854356940207,0,0.5117995383568165,TRUE,181
P. vivax,model5,21004,Lençóis Maranhenses,MA,2018,3,183,195389,0,0.029104524175853654,-0.029104524175853654,0,0.5117995383568165,TRUE,181
P. vivax,model5,21005,Baixada Maranhense,MA,2018,1,181,601025,1.4974418701385133,0.7099856961405656,0.7874561739979477,0,4.8250904704463204,TRUE,181
P. vivax,model5,21005,Baixada Maranhense,MA,2018,2,182,601025,1.1646770101077326,0.583395040734801,0.5812819693729316,0,3.914146666112055,TRUE,181
P. vivax,model5,21005,Baixada Maranhense,MA,2018,3,183,601025,0.33276486003078076,0.6395367859335243,-0.3067719259027435,0,4.579676386173617,TRUE,181
P. vivax,model5,21006,Itapecuru Mirim,MA,2018,1,181,233753,0,0.05478713084881725,-0.05478713084881725,0,0.8556039922482279,TRUE,181
P. vivax,model5,21006,Itapecuru Mirim,MA,2018,2,182,233753,0,0.0645172953234202,-0.0645172953234202,0,0.8556039922482279,TRUE,181
P. vivax,model5,21006,Itapecuru Mirim,MA,2018,3,183,233753,0,0.10668624490327179,-0.10668624490327179,0,1.2834059883723417,TRUE,181
P. vivax,model5,21007,Gurupi,MA,2018,1,181,240239,6.24378223352578,3.800896584737453,2.4428856487883275,0,17.898842402773905,TRUE,181
P. vivax,model5,21007,Gurupi,MA,2018,2,182,240239,17.482590253872186,3.3983517465755835,14.084238507296602,0,17.898842402773905,TRUE,181
P. vivax,model5,21007,Gurupi,MA,2018,3,183,240239,6.24378223352578,4.643963379601472,1.5998188539243081,0.4162521489017187,24.839846985709997,TRUE,181
P. vivax,model5,21008,Pindaré,MA,2018,1,181,662890,8.900420884309614,4.356031872412428,4.544389011897186,1.5085459125948497,23.770912217713338,TRUE,181
P. vivax,model5,21008,Pindaré,MA,2018,2,182,662890,8.900420884309614,3.6476472620736655,5.252773622235949,1.1276380696646502,22.492419556789198,TRUE,181
P. vivax,model5,21008,Pindaré,MA,2018,3,183,662890,7.54272956297425,3.988934192393829,3.553795370580421,1.2784926609241354,24.016050928509983,TRUE,181
P. vivax,model5,21009,Imperatriz,MA,2018,1,181,597823,1.8400095011399695,0.8050905631141455,1.034918938025824,0,6.021849276458082,TRUE,181
P. vivax,model5,21009,Imperatriz,MA,2018,2,182,597823,1.3381887281017961,0.6520922969570312,0.6860964311447649,0,4.014566184305388,TRUE,181
P. vivax,model5,21009,Imperatriz,MA,2018,3,183,597823,1.1709151370890716,0.6533820332344973,0.5175331038545743,0,4.5163869573435615,TRUE,181
P. vivax,model5,21010,Médio Mearim,MA,2018,1,181,424133,2.121975889638392,1.1202593340385063,1.0017165555998855,0,7.544803163158726,TRUE,181
P. vivax,model5,21010,Médio Mearim,MA,2018,2,182,424133,1.8862007907896814,1.0243973998641218,0.8618033909255596,0,6.253934496962033,TRUE,181
P. vivax,model5,21010,Médio Mearim,MA,2018,3,183,424133,1.178875494243551,1.2318698718576722,-0.05299437761412107,0,7.197034892356873,TRUE,181
P. vivax,model5,21011,Alto Mearim e Grajaú,MA,2018,1,181,334288,3.5897190446561047,1.9089672692846975,1.6807517753714072,0,13.618496625664092,TRUE,181
P. vivax,model5,21011,Alto Mearim e Grajaú,MA,2018,2,182,334288,3.290575790934763,1.628972902632652,1.661602888302111,0,11.225350595893355,TRUE,181
P. vivax,model5,21011,Alto Mearim e Grajaú,MA,2018,3,183,334288,8.67515435791892,1.780951702474231,6.89420265544469,0,10.926207342172013,TRUE,181
P. vivax,model5,21012,Presidente Dutra,MA,2018,1,181,199032,0.5024317697656658,0.6643158451137342,-0.16188407534806837,0,4.785662607017955,TRUE,181
P. vivax,model5,21012,Presidente Dutra,MA,2018,2,182,199032,1.5072953092969974,0.618033773651556,0.8892615356454414,0,5.024317697656658,TRUE,181
P. vivax,model5,21012,Presidente Dutra,MA,2018,3,183,199032,0.5024317697656658,0.7612527133306912,-0.2588209435650254,0,5.790526146549286,TRUE,181
P. vivax,model5,21013,Baixo Parnaíba Maranhense,MA,2018,1,181,145296,1.3765003854201079,0.1976956623520216,1.1788047230680863,0,3.1143321220129785,TRUE,181
P. vivax,model5,21013,Baixo Parnaíba Maranhense,MA,2018,2,182,145296,0.6882501927100539,0.1779073404550501,0.5103428522550039,0,2.0647505781301616,TRUE,181
P. vivax,model5,21013,Baixo Parnaíba Maranhense,MA,2018,3,183,145296,0,0.19608941633390878,-0.19608941633390878,0,2.7530007708402158,TRUE,181
P. vivax,model5,21014,Chapadinha,MA,2018,1,181,243323,2.0548817826510444,0.3087256209464017,1.7461561617046426,0,3.9145497959502302,TRUE,181
P. vivax,model5,21014,Chapadinha,MA,2018,2,182,243323,0.4109763565302088,0.28452266090989753,0.12645369562031128,0,2.8768344957114618,TRUE,181
P. vivax,model5,21014,Chapadinha,MA,2018,3,183,243323,0.4109763565302088,0.30582430599789207,0.10515205053231674,0,2.8768344957114618,TRUE,181
P. vivax,model5,21015,Codó,MA,2018,1,181,277501,0.3603590617691468,0.2982448866701241,0.06211417509902267,0,2.5225134323840277,TRUE,181
P. vivax,model5,21015,Codó,MA,2018,2,182,277501,0,0.2649995787433184,-0.2649995787433184,0,2.8828724941531743,TRUE,181
P. vivax,model5,21015,Codó,MA,2018,3,183,277501,0.3603590617691468,0.32373573050128945,0.03662333126785733,0,2.5225134323840277,TRUE,181
P. vivax,model5,21016,Coelho Neto,MA,2018,1,181,93313,3.2149861219765734,0.024323617575368706,3.190662504401205,0,1.0716620406588577,FALSE,181
P. vivax,model5,21016,Coelho Neto,MA,2018,2,182,93313,0,0.02044426572790355,-0.02044426572790355,0,1.0716620406588577,TRUE,181
P. vivax,model5,21016,Coelho Neto,MA,2018,3,183,93313,1.0716620406588577,0.019922851122256578,1.051739189536601,0,1.0716620406588577,TRUE,181
P. vivax,model5,21017,Caxias,MA,2018,1,181,442882,0,0.1138678995184489,-0.1138678995184489,0,1.1289688901332635,TRUE,181
P. vivax,model5,21017,Caxias,MA,2018,2,182,442882,0,0.10795163810530668,-0.10795163810530668,0,1.247510623597251,TRUE,181
P. vivax,model5,21017,Caxias,MA,2018,3,183,442882,0,0.1202839829984571,-0.1202839829984571,0,1.1289688901332635,TRUE,181
P. vivax,model5,21018,Chapadas do Alto Itapecuru,MA,2018,1,181,220558,0,0.11506124543991743,-0.11506124543991743,0,1.5982190625594979,TRUE,181
P. vivax,model5,21018,Chapadas do Alto Itapecuru,MA,2018,2,182,220558,0,0.08821977761501952,-0.08821977761501952,0,1.360186436220858,TRUE,181
P. vivax,model5,21018,Chapadas do Alto Itapecuru,MA,2018,3,183,220558,0,0.08695607268246777,-0.08695607268246777,0,1.360186436220858,TRUE,181
P. vivax,model5,21019,Porto Franco,MA,2018,1,181,119474,0.8370021929457456,0.30672338820243306,0.5302788047433126,0,3.3480087717829825,TRUE,181
P. vivax,model5,21019,Porto Franco,MA,2018,2,182,119474,0.8370021929457456,0.2444254973448228,0.5925766956009229,0,2.5110065788372364,TRUE,181
P. vivax,model5,21019,Porto Franco,MA,2018,3,183,119474,0.8370021929457456,0.2551441818583428,0.5818580110874028,0,3.3480087717829825,TRUE,181
P. vivax,model5,21020,Gerais de Balsas,MA,2018,1,181,142177,0,0.019461120230012018,-0.019461120230012018,0,0.7033486428887935,TRUE,181
P. vivax,model5,21020,Gerais de Balsas,MA,2018,2,182,142177,0,0.01724621887087157,-0.01724621887087157,0,0.7033486428887935,TRUE,181
P. vivax,model5,21020,Gerais de Balsas,MA,2018,3,183,142177,0,0.01898574033112009,-0.01898574033112009,0,0.7033486428887935,TRUE,181
P. vivax,model5,21021,Chapadas das Mangabeiras,MA,2018,1,181,72070,0,0.004716496987536492,-0.004716496987536492,0,0,TRUE,181
P. vivax,model5,21021,Chapadas das Mangabeiras,MA,2018,2,182,72070,0,0.004220134925285106,-0.004220134925285106,0,0,TRUE,181
P. vivax,model5,21021,Chapadas das Mangabeiras,MA,2018,3,183,72070,0,-1.1269108410542473e-4,1.1269108410542473e-4,0,0.7284584431802099,TRUE,181
P. vivax,model5,51001,Aripuanã,MT,2018,1,181,166705,48.58882457034882,17.172699548291302,31.416125022057518,3.8841066554692425,87.29492216790138,TRUE,181
P. vivax,model5,51001,Aripuanã,MT,2018,2,182,166705,25.794067364506162,14.653997359445741,11.140070005060421,2.9993101586635076,81.04136048708791,TRUE,181
P. vivax,model5,51001,Aripuanã,MT,2018,3,183,166705,41.990342221289104,15.027679032727944,26.96266318856116,4.798896253861612,80.69643981884165,TRUE,181
P. vivax,model5,51002,Alta Floresta,MT,2018,1,181,107187,0,3.0902228454117178,-3.0902228454117178,0,22.390775000699712,TRUE,181
P. vivax,model5,51002,Alta Floresta,MT,2018,2,182,107187,0.932948958362488,2.0988534608081513,-1.1659045024456631,0,18.705626615167837,TRUE,181
P. vivax,model5,51002,Alta Floresta,MT,2018,3,183,107187,0,1.7778050008043516,-1.7778050008043516,0,15.416981536940092,TRUE,181
P. vivax,model5,51003,Colíder,MT,2018,1,181,155831,1.9251625158023757,2.689163116247558,-0.7640006004451823,0,18.94680775968836,TRUE,181
P. vivax,model5,51003,Colíder,MT,2018,2,182,155831,1.2834416772015838,2.204842862706077,-0.9214011855044932,0,18.337172963017583,TRUE,181
P. vivax,model5,51003,Colíder,MT,2018,3,183,155831,10.26753341761267,2.3982505662102644,7.869282851402406,0,19.893345996624547,TRUE,181
P. vivax,model5,51004,Parecis,MT,2018,1,181,108739,0,0.1903845268055828,-0.1903845268055828,0,2.7588997507793893,TRUE,181
P. vivax,model5,51004,Parecis,MT,2018,2,182,108739,0,0.2020973690289463,-0.2020973690289463,0,2.322073956905965,TRUE,181
P. vivax,model5,51004,Parecis,MT,2018,3,183,108739,0,0.252875013878845,-0.252875013878845,0,2.7588997507793893,TRUE,181
P. vivax,model5,51005,Arinos,MT,2018,1,181,82534,0,0.040415174176323815,-0.040415174176323815,0,1.2116218770446119,TRUE,181
P. vivax,model5,51005,Arinos,MT,2018,2,182,82534,1.2116218770446119,0.033023016771235085,1.1785988602733768,0,1.2116218770446119,TRUE,181
P. vivax,model5,51005,Arinos,MT,2018,3,183,82534,0,0.037497478575329986,-0.037497478575329986,0,1.2116218770446119,TRUE,181
P. vivax,model5,51006,Alto Teles Pires,MT,2018,1,181,252848,1.1864835790672656,0.1875800250275719,0.9989035540396938,0,1.5819781054230209,TRUE,181
P. vivax,model5,51006,Alto Teles Pires,MT,2018,2,182,252848,0,0.18025949744868863,-0.18025949744868863,0,1.977472631778776,TRUE,181
P. vivax,model5,51006,Alto Teles Pires,MT,2018,3,183,252848,0.3954945263557552,0.18395684031113466,0.21153768604462056,0,1.977472631778776,TRUE,181
P. vivax,model5,51007,Sinop,MT,2018,1,181,203408,0.49162274836781245,0.51799375176893,-0.026371003401117588,0,4.916227483678125,TRUE,181
P. vivax,model5,51007,Sinop,MT,2018,2,182,203408,0.9832454967356249,0.5049230508604612,0.4783224458751637,0,4.424604735310313,TRUE,181
P. vivax,model5,51007,Sinop,MT,2018,3,183,203408,0.49162274836781245,0.5456150152470928,-0.053992266879280326,0,4.424604735310313,TRUE,181
P. vivax,model5,51008,Paranatinga,MT,2018,1,181,36363,0,0.10247289656183693,-0.10247289656183693,0,2.7500481258422025,TRUE,181
P. vivax,model5,51008,Paranatinga,MT,2018,2,182,36363,0,0.08707198193377583,-0.08707198193377583,0,2.7500481258422025,TRUE,181
P. vivax,model5,51008,Paranatinga,MT,2018,3,183,36363,0,0.08628912070005236,-0.08628912070005236,0,2.7500481258422025,TRUE,181
P. vivax,model5,51009,Norte Araguaia,MT,2018,1,181,130472,0,0.03391077381328213,-0.03391077381328213,0,0.766447973511558,TRUE,181
P. vivax,model5,51009,Norte Araguaia,MT,2018,2,182,130472,0,0.030073036005776703,-0.030073036005776703,0,0.766447973511558,TRUE,181
P. vivax,model5,51009,Norte Araguaia,MT,2018,3,183,130472,0.766447973511558,0.03769174450237298,0.728756229009185,0,0.766447973511558,TRUE,181
P. vivax,model5,51010,Canarana,MT,2018,1,181,114602,0,0.09883982591358872,-0.09883982591358872,0,1.7451702413570442,TRUE,181
P. vivax,model5,51010,Canarana,MT,2018,2,182,114602,0,0.10073463112687708,-0.10073463112687708,0,2.2032774297132485,TRUE,181
P. vivax,model5,51010,Canarana,MT,2018,3,183,114602,0.8725851206785221,0.09113342082382622,0.7814516998546959,0,1.7451702413570442,TRUE,181
P. vivax,model5,51011,Médio Araguaia,MT,2018,1,181,69471,0,0.09097643805812626,-0.09097643805812626,0,2.878899108980726,TRUE,181
P. vivax,model5,51011,Médio Araguaia,MT,2018,2,182,69471,0,0.06707999904516315,-0.06707999904516315,0,1.439449554490363,TRUE,181
P. vivax,model5,51011,Médio Araguaia,MT,2018,3,183,69471,0,0.06062691339216805,-0.06062691339216805,0,1.439449554490363,TRUE,181
P. vivax,model5,51012,Alto Guaporé,MT,2018,1,181,74703,1.3386343252613684,0.09502346754176812,1.2436108577196003,0,2.6772686505227368,TRUE,181
P. vivax,model5,51012,Alto Guaporé,MT,2018,2,182,74703,0,0.08298922006866713,-0.08298922006866713,0,1.3386343252613684,TRUE,181
P. vivax,model5,51012,Alto Guaporé,MT,2018,3,183,74703,0,0.08357696447951331,-0.08357696447951331,0,1.3386343252613684,TRUE,181
P. vivax,model5,51013,Tangará da Serra,MT,2018,1,181,168844,0,0.06843884009238535,-0.06843884009238535,0,1.1845253606879722,TRUE,181
P. vivax,model5,51013,Tangará da Serra,MT,2018,2,182,168844,0,0.06606550967378236,-0.06606550967378236,0,0.9032005875245653,TRUE,181
P. vivax,model5,51013,Tangará da Serra,MT,2018,3,183,168844,0,0.07090581575645111,-0.07090581575645111,0,1.1845253606879722,TRUE,181
P. vivax,model5,51014,Jauru,MT,2018,1,181,110817,0,0.03830738462864663,-0.03830738462864663,0,1.3761426495934534,TRUE,181
P. vivax,model5,51014,Jauru,MT,2018,2,182,110817,0.9023886226842452,0.029814018027836415,0.8725746046564088,0,0.9023886226842452,TRUE,181
P. vivax,model5,51014,Jauru,MT,2018,3,183,110817,0,0.027344774988812437,-0.027344774988812437,0,0.9023886226842452,TRUE,181
P. vivax,model5,51015,Alto Paraguai,MT,2018,1,181,33393,0,0.025372419415646153,-0.025372419415646153,0,0,TRUE,181
P. vivax,model5,51015,Alto Paraguai,MT,2018,2,182,33393,0,0.02226164552034157,-0.02226164552034157,0,0,TRUE,181
P. vivax,model5,51015,Alto Paraguai,MT,2018,3,183,33393,0,0.024489714542696744,-0.024489714542696744,0,2.9946395951247267,TRUE,181
P. vivax,model5,51016,Rosário Oeste,MT,2018,1,181,31027,0,0.005018484152677551,-0.005018484152677551,0,0,TRUE,181
P. vivax,model5,51016,Rosário Oeste,MT,2018,2,182,31027,0,0.004232104503679537,-0.004232104503679537,0,0,TRUE,181
P. vivax,model5,51016,Rosário Oeste,MT,2018,3,183,31027,0,0.0048916380264164335,-0.0048916380264164335,0,0,TRUE,181
P. vivax,model5,51017,Cuiabá,MT,2018,1,181,938414,0.21312555013032627,0.14107474802825468,0.0720508021020716,0,1.177518664470048,TRUE,181
P. vivax,model5,51017,Cuiabá,MT,2018,2,182,938414,0.10656277506516314,0.11511862511353195,-0.008555850048368813,0,1.0656277506516314,TRUE,181
P. vivax,model5,51017,Cuiabá,MT,2018,3,183,938414,0,0.11534791839513248,-0.11534791839513248,0,0.8525022005213051,TRUE,181
P. vivax,model5,51018,Alto Pantanal,MT,2018,1,181,140405,0,0.15972078015463234,-0.15972078015463234,0,2.1366760443004167,TRUE,181
P. vivax,model5,51018,Alto Pantanal,MT,2018,2,182,140405,0,0.1471001461707498,-0.1471001461707498,0,1.4244506962002779,TRUE,181
P. vivax,model5,51018,Alto Pantanal,MT,2018,3,183,140405,0,0.15777156125273922,-0.15777156125273922,0,2.1366760443004167,TRUE,181
P. vivax,model5,51019,Primavera do Leste,MT,2018,1,181,103909,0,0.04900928410993539,-0.04900928410993539,0,0.9623805445149121,TRUE,181
P. vivax,model5,51019,Primavera do Leste,MT,2018,2,182,103909,0,0.04218456236445198,-0.04218456236445198,0,0.9623805445149121,TRUE,181
P. vivax,model5,51019,Primavera do Leste,MT,2018,3,183,103909,0,0.04247200052891134,-0.04247200052891134,0,0.9623805445149121,TRUE,181
P. vivax,model5,51020,Tesouro,MT,2018,1,181,55925,0,0.005600956243971187,-0.005600956243971187,0,1.7881090746535537,TRUE,181
P. vivax,model5,51020,Tesouro,MT,2018,2,182,55925,0,0.005262163107779812,-0.005262163107779812,0,1.7881090746535537,TRUE,181
P. vivax,model5,51020,Tesouro,MT,2018,3,183,55925,0,0.005551525159553899,-0.005551525159553899,0,1.7881090746535537,TRUE,181
P. vivax,model5,51021,Rondonópolis,MT,2018,1,181,315273,0.317185423426681,0.04599747001638946,0.27118795341029156,0,0.634370846853362,TRUE,181
P. vivax,model5,51021,Rondonópolis,MT,2018,2,182,315273,0,0.0420613613337669,-0.0420613613337669,0,0.634370846853362,TRUE,181
P. vivax,model5,51021,Rondonópolis,MT,2018,3,183,315273,0,0.041486703927460664,-0.041486703927460664,0,0.634370846853362,TRUE,181
P. vivax,model5,51022,Alto Araguaia,MT,2018,1,181,41128,0,0.008797299087906277,-0.008797299087906277,0,2.431433573234779,TRUE,181
P. vivax,model5,51022,Alto Araguaia,MT,2018,2,182,41128,0,0.00834239862402679,-0.00834239862402679,0,2.431433573234779,TRUE,181
P. vivax,model5,51022,Alto Araguaia,MT,2018,3,183,41128,0,0.008732855914392082,-0.008732855914392082,0,2.431433573234779,TRUE,181
P. vivax,model5,11001,Porto Velho,RO,2019,1,193,676286,82.21373797476215,65.35374829304433,16.85998968171782,20.017418666067314,392.1122128803494,TRUE,193
P. vivax,model5,11001,Porto Velho,RO,2019,2,194,676286,104.54156969092958,53.74210561256786,50.799464078361716,20.701300928896945,329.6608239709227,TRUE,193
P. vivax,model5,11001,Porto Velho,RO,2019,3,195,676286,88.42412825343123,59.872083986218584,28.55204426721265,22.87493752643113,365.72914417864547,TRUE,193
P. vivax,model5,11002,Guajará-Mirim,RO,2019,1,193,84771,34.20981231789173,38.18617257732872,-3.976360259436987,12.356820138962618,243.71542154746254,TRUE,193
P. vivax,model5,11002,Guajará-Mirim,RO,2019,2,194,84771,25.952271413573037,33.242853571090826,-7.29058215751779,8.257540904318693,220.71227188543241,TRUE,193
P. vivax,model5,11002,Guajará-Mirim,RO,2019,3,195,84771,30.670866216040864,36.2804045165196,-5.609538300478739,12.976135706786518,245.9862452961508,TRUE,193
P. vivax,model5,11003,Ariquemes,RO,2019,1,193,206332,50.88885873252816,66.55759180060588,-15.668733068077714,22.75458969040188,332.46176065758027,TRUE,193
P. vivax,model5,11003,Ariquemes,RO,2019,2,194,206332,50.40420293507551,57.087062962860294,-6.682860027784784,14.515441133706844,276.73846034546267,TRUE,193
P. vivax,model5,11003,Ariquemes,RO,2019,3,195,206332,54.2814493146967,58.938481297451865,-4.657031982755164,17.67782021208538,281.3426904212626,TRUE,193
P. vivax,model5,11004,Ji-Paraná,RO,2019,1,193,294493,6.791332900951804,6.140562955841171,0.6507699451106337,1.697833225237951,38.04844257758248,TRUE,193
P. vivax,model5,11004,Ji-Paraná,RO,2019,2,194,294493,7.130899545999395,4.863408108351429,2.2674914376479665,0.33956664504759027,29.55927645139272,TRUE,193
P. vivax,model5,11004,Ji-Paraná,RO,2019,3,195,294493,6.112199610856625,5.162567137062547,0.949632473794078,0.6791332900951805,34.09249116277794,TRUE,193
P. vivax,model5,11005,Alvorada D'Oeste,RO,2019,1,193,69746,0,3.1933177166229694,-3.1933177166229694,0,24.374157657786828,TRUE,193
P. vivax,model5,11005,Alvorada D'Oeste,RO,2019,2,194,69746,5.735095919479253,2.5837775118425728,3.1513184076366803,0,17.958019097869382,TRUE,193
P. vivax,model5,11005,Alvorada D'Oeste,RO,2019,3,195,69746,4.30132193960944,2.7844899101867906,1.5168320294226492,0,21.5066096980472,TRUE,193
P. vivax,model5,11006,Cacoal,RO,2019,1,193,236722,2.112182222184672,1.9791233569801836,0.13305886520448862,0,11.849342266455992,TRUE,193
P. vivax,model5,11006,Cacoal,RO,2019,2,194,236722,1.6897457777477378,1.7576336208853993,-0.0678878431376615,0,12.47243602200048,TRUE,193
P. vivax,model5,11006,Cacoal,RO,2019,3,195,236722,1.6897457777477378,2.111486116206048,-0.42174033845831027,0,12.894872466437414,TRUE,193
P. vivax,model5,11007,Vilhena,RO,2019,1,193,161798,3.090273056527275,4.266560410072092,-1.1762873535448168,0,25.989196405394352,TRUE,193
P. vivax,model5,11007,Vilhena,RO,2019,2,194,161798,7.41665533566546,3.876560571151587,3.5400947645138734,0,25.34023906352365,TRUE,193
P. vivax,model5,11007,Vilhena,RO,2019,3,195,161798,3.70832766783273,4.320987493434544,-0.6126598256018134,0,26.90082695706991,TRUE,193
P. vivax,model5,11008,Colorado do Oeste,RO,2019,1,193,47077,4.248359071308707,1.8215879888638509,2.4267710824448563,0,16.99343628523483,TRUE,193
P. vivax,model5,11008,Colorado do Oeste,RO,2019,2,194,47077,2.1241795356543536,1.4798574166468763,0.6443221190074773,0,12.74507721392612,TRUE,193
P. vivax,model5,11008,Colorado do Oeste,RO,2019,3,195,47077,8.496718142617414,1.5469690637049636,6.9497490789124505,0,13.860271470144607,TRUE,193
P. vivax,model5,12001,Cruzeiro do Sul,AC,2019,1,193,157132,825.4206654277932,1012.5068474992249,-187.08618207143172,462.938803044574,5555.742942239645,TRUE,193
P. vivax,model5,12001,Cruzeiro do Sul,AC,2019,2,194,157132,560.0386935824657,757.0867522733952,-197.04805869092945,365.90255326731665,4302.560904207926,TRUE,193
P. vivax,model5,12001,Cruzeiro do Sul,AC,2019,3,195,157132,476.0328895450958,756.8630143530626,-280.83012480796674,388.78140671537307,4183.775424483872,TRUE,193
P. vivax,model5,12002,Tarauacá,AC,2019,1,193,85664,1.1673515128875607,6.856210058525499,-5.688858545637938,0,39.68995143817706,TRUE,193
P. vivax,model5,12002,Tarauacá,AC,2019,2,194,85664,5.836757564437804,5.448286566072406,0.38847099836539734,0,29.79664736645496,TRUE,193
P. vivax,model5,12002,Tarauacá,AC,2019,3,195,85664,4.669406051550243,5.358971288470429,-0.6895652369201866,0,32.13135039223008,TRUE,193
P. vivax,model5,12003,Sena Madureira,AC,2019,1,193,61847,1.6168933012110531,1.7302062299858223,-0.11331292877476917,0,13.784015392824191,TRUE,193
P. vivax,model5,12003,Sena Madureira,AC,2019,2,194,61847,0,1.5095044962943713,-1.5095044962943713,0,12.935146409688425,TRUE,193
P. vivax,model5,12003,Sena Madureira,AC,2019,3,195,61847,3.2337866024221062,1.4193362739709623,1.814450328451144,0,12.935146409688425,TRUE,193
P. vivax,model5,12004,Rio Branco,AC,2019,1,193,505863,15.419194524999853,10.724871623940931,4.694322901058921,4.339119484919831,62.95182687802816,TRUE,193
P. vivax,model5,12004,Rio Branco,AC,2019,2,194,505863,12.651646789743468,9.507868075094336,3.143778714649132,3.5582756596153504,55.25705576411004,TRUE,193
P. vivax,model5,12004,Rio Branco,AC,2019,3,195,505863,15.616876506089595,10.630375322949735,4.986501183139859,3.3605936785256083,63.47568412791604,TRUE,193
P. vivax,model5,12005,Brasiléia,AC,2019,1,193,71429,2.799983200100799,1.5776080325512656,1.2223751675495336,0,16.134903190580822,TRUE,193
P. vivax,model5,12005,Brasiléia,AC,2019,2,194,71429,0,1.1877081234049398,-1.1877081234049398,0,9.799941200352798,TRUE,193
P. vivax,model5,12005,Brasiléia,AC,2019,3,195,71429,0,1.0844058909644803,-1.0844058909644803,0,9.799941200352798,TRUE,193
P. vivax,model5,13001,Rio Negro,AM,2019,1,193,117676,1448.0437812298176,986.443324132658,461.6004570971596,453.1722696216731,4663.992657806179,TRUE,193
P. vivax,model5,13001,Rio Negro,AM,2019,2,194,117676,1045.2428702539175,897.9168057420179,147.32606451189963,408.2820626125973,4583.708657670213,TRUE,193
P. vivax,model5,13001,Rio Negro,AM,2019,3,195,117676,766.5114381862062,986.7870085634604,-220.2755703772542,456.29525136816346,5048.926714028344,TRUE,193
P. vivax,model5,13002,Japurá,AM,2019,1,193,20979,309.8336431669765,169.3658177119737,140.4678254550028,45.1642118308785,849.1825158491818,TRUE,193
P. vivax,model5,13002,Japurá,AM,2019,2,194,20979,467.13380046713377,129.35495144129786,337.77884902583594,30.864197530864207,691.644024977358,TRUE,193
P. vivax,model5,13002,Japurá,AM,2019,3,195,20979,295.5336288669622,155.21070147019933,140.32292739676288,40.3975403975404,825.3491586824914,TRUE,193
P. vivax,model5,13003,Alto Solimões,AM,2019,1,193,251867,95.68542127392632,71.45074768320053,24.23467359072579,37.073137806858384,434.1477843465,TRUE,193
P. vivax,model5,13003,Alto Solimões,AM,2019,2,194,251867,77.4218138938408,91.26708925840687,-13.845275364566064,43.23710529763724,530.5677202650598,TRUE,193
P. vivax,model5,13003,Alto Solimões,AM,2019,3,195,251867,111.16978405269447,115.1010097265451,-3.9312256738506335,52.577352332778815,687.3468934000877,TRUE,193
P. vivax,model5,13004,Juruá,AM,2019,1,193,152530,190.782141218121,147.27860035328962,43.50354086483139,53.7271356454468,798.7608994951811,TRUE,193
P. vivax,model5,13004,Juruá,AM,2019,2,194,152530,141.61148626499707,141.55562101103317,0.055865253963901296,58.97200550711335,750.0491706549519,TRUE,193
P. vivax,model5,13004,Juruá,AM,2019,3,195,152530,231.42988264603682,197.6028228755462,33.82705977049062,83.19674818068577,1046.859634170327,TRUE,193
P. vivax,model5,13005,Tefé,AM,2019,1,193,89430,276.19367102761936,189.52739704362264,86.66627398399672,80.98512803309852,1058.5653583808564,TRUE,193
P. vivax,model5,13005,Tefé,AM,2019,2,194,89430,197.92016101979203,182.8160714845402,15.10408953525183,74.16415073241642,1064.7992843564798,TRUE,193
P. vivax,model5,13005,Tefé,AM,2019,3,195,89430,210.22028402102205,242.28977010932414,-32.069486088302085,97.28279100972829,1347.478474784748,TRUE,193
P. vivax,model5,13006,Coari,AM,2019,1,193,181118,91.65295553175278,67.51980060035464,24.13315493139814,23.18930200200974,397.986395609492,TRUE,193
P. vivax,model5,13006,Coari,AM,2019,2,194,181118,102.14335405647147,76.37126891384338,25.772085142628086,22.89943572698462,468.50671937631796,TRUE,193
P. vivax,model5,13006,Coari,AM,2019,3,195,181118,107.11249019975926,99.76904014571363,7.343450054045633,36.93724533177266,618.5884340595619,TRUE,193
P. vivax,model5,13007,Manaus,AM,2019,1,193,2468200,45.49874402398509,41.41650277590225,4.082241248082838,18.111376711773765,263.55745077384324,TRUE,193
P. vivax,model5,13007,Manaus,AM,2019,2,194,2468200,29.13054047483996,35.52947983687942,-6.398939362039457,15.236812251843448,221.5491046106472,TRUE,193
P. vivax,model5,13007,Manaus,AM,2019,3,195,2468200,24.835912810955353,41.11697824083611,-16.28106542988076,16.97897253058909,254.64508548739965,TRUE,193
P. vivax,model5,13008,Rio Preto da Eva,AM,2019,1,193,69626,363.37000545773134,338.0749169317855,25.295088525945857,103.12239680579096,1651.107344957343,TRUE,193
P. vivax,model5,13008,Rio Preto da Eva,AM,2019,2,194,69626,249.90664406974406,248.07596038162322,1.8306836881208426,76.80320569902048,1251.6516818429873,TRUE,193
P. vivax,model5,13008,Rio Preto da Eva,AM,2019,3,195,69626,152.2419785712234,232.51355733687936,-80.27157876565596,66.67767787895328,1103.7184385143469,TRUE,193
P. vivax,model5,13009,Itacoatiara,AM,2019,1,193,180099,24.986257558342913,30.30920468162002,-5.322947123277107,9.411490346975832,179.49849804829526,TRUE,193
P. vivax,model5,13009,Itacoatiara,AM,2019,2,194,180099,18.323255542784803,23.73155615312311,-5.408300610338305,7.481996013303794,130.01182682857754,TRUE,193
P. vivax,model5,13009,Itacoatiara,AM,2019,3,195,180099,20.544256214637503,23.298368620485288,-2.754112405847785,7.773502351484462,145.64211905674085,TRUE,193
P. vivax,model5,13010,Parintins,AM,2019,1,193,280875,27.41433021806853,15.683304095263495,11.731026122805037,4.797507788161995,78.53137516688915,TRUE,193
P. vivax,model5,13010,Parintins,AM,2019,2,194,280875,22.429906542056074,12.673195677086861,9.756710864969213,2.848242100578549,77.40097908322196,TRUE,193
P. vivax,model5,13010,Parintins,AM,2019,3,195,280875,20.29372496662216,14.883042434538305,5.410682532083856,3.880729862038275,91.5709835336003,TRUE,193
P. vivax,model5,13011,Boca do Acre,AM,2019,1,193,53734,115.38318383146611,52.01027734068383,63.372906490782285,14.888152752447242,258.96080693787894,TRUE,193
P. vivax,model5,13011,Boca do Acre,AM,2019,2,194,53734,81.88484013845982,46.36214472958767,35.52269540887215,11.16611456433543,228.20746640860514,TRUE,193
P. vivax,model5,13011,Boca do Acre,AM,2019,3,195,53734,119.10522201957794,55.27885707692946,63.826364942648475,17.633155916179703,295.0180518852123,TRUE,193
P. vivax,model5,13012,Purus,AM,2019,1,193,78854,265.0467953432927,200.3898737324387,64.65692161085397,76.08998909376824,1102.1634920232316,TRUE,193
P. vivax,model5,13012,Purus,AM,2019,2,194,78854,291.67829152611154,211.92059102805683,79.7577004980547,83.03320059857458,1228.2509447840312,TRUE,193
P. vivax,model5,13012,Purus,AM,2019,3,195,78854,398.2042762573871,332.2602055550954,65.9440707022917,143.84178354934437,1935.4756892484822,TRUE,193
P. vivax,model5,13013,Madeira,AM,2019,1,193,199609,114.22330656433327,60.40249392014031,53.82081264419296,21.780080056510478,323.83309369817977,TRUE,193
P. vivax,model5,13013,Madeira,AM,2019,2,194,199609,97.69098587739029,61.58304247496322,36.10794340242707,21.729982115034897,321.9168474367388,TRUE,193
P. vivax,model5,13013,Madeira,AM,2019,3,195,199609,105.70665651348386,80.93594712731978,24.770709386164086,31.273639966133793,431.5436678706866,TRUE,193
P. vivax,model5,14001,Boa Vista,RR,2019,1,193,444920,275.77991549042525,184.53665654429005,91.2432589461352,75.74957295693608,937.0673379483951,TRUE,193
P. vivax,model5,14001,Boa Vista,RR,2019,2,194,444920,262.5191045581228,147.04684664622198,115.47225791190084,60.44906949563967,764.165467949294,TRUE,193
P. vivax,model5,14001,Boa Vista,RR,2019,3,195,444920,251.73064820641915,159.1935263751889,92.53712183123025,62.3932392340196,835.7569900206772,TRUE,193
P. vivax,model5,14002,Nordeste de Roraima,RR,2019,1,193,52593,844.2188123894814,488.7046649951485,355.5141473943329,187.2397467343563,2809.451828190063,TRUE,193
P. vivax,model5,14002,Nordeste de Roraima,RR,2019,2,194,52593,614.1501720761319,399.13214766731846,215.0180244088134,142.41438974768508,2204.85615956496,TRUE,193
P. vivax,model5,14002,Nordeste de Roraima,RR,2019,3,195,52593,538.0944232122146,360.76359446541414,177.33082874680042,148.30871028463864,2012.3875800962087,TRUE,193
P. vivax,model5,14003,Caracaraí,RR,2019,1,193,51729,771.3274952154497,530.1344048716757,241.1930903437741,200.0328635774904,2764.600127588006,TRUE,193
P. vivax,model5,14003,Caracaraí,RR,2019,2,194,51729,601.2101529122929,387.2492736088393,213.96087930345357,123.52838833149686,2050.0106323338932,TRUE,193
P. vivax,model5,14003,Caracaraí,RR,2019,3,195,51729,473.62214618492527,380.87584029286984,92.74630589205543,127.39469156565951,2080.4577703029245,TRUE,193
P. vivax,model5,14004,Sudeste de Roraima,RR,2019,1,193,56519,1072.2058068967958,666.5501349907943,405.65567190600154,243.98874714697712,3547.0372794989253,TRUE,193
P. vivax,model5,14004,Sudeste de Roraima,RR,2019,2,194,56519,980.201348219183,535.9956873130097,444.2056609061733,201.34821918292965,2834.489286788513,TRUE,193
P. vivax,model5,14004,Sudeste de Roraima,RR,2019,3,195,56519,819.1935455333605,558.9980835684917,260.19546196486885,189.80342893540228,3124.5244961871167,TRUE,193
P. vivax,model5,15001,Óbidos,PA,2019,1,193,209139,23.429393848110585,6.693340117505244,16.73605373060534,0.7052725699176153,38.73022248361138,TRUE,193
P. vivax,model5,15001,Óbidos,PA,2019,2,194,209139,20.560488478954188,5.792670430415069,14.76781804853912,0.9563017897187995,32.13174013455158,TRUE,193
P. vivax,model5,15001,Óbidos,PA,2019,3,195,209139,17.69158310979779,7.065736419132207,10.625846690665583,0.7052725699176153,39.68652427333018,TRUE,193
P. vivax,model5,15002,Santarém,PA,2019,1,193,528467,31.60083789527066,4.441011553644099,27.159826341626562,1.3245860195622432,23.6533217778972,FALSE,193
P. vivax,model5,15002,Santarém,PA,2019,2,194,528467,23.842548352120378,4.336908527447298,19.505639824673082,1.1258981166279072,25.285400980572085,TRUE,193
P. vivax,model5,15002,Santarém,PA,2019,3,195,528467,15.70580566052374,4.959064959126196,10.746740701397545,1.2252420680950753,27.34797063960474,TRUE,193
P. vivax,model5,15003,Almeirim,PA,2019,1,193,75244,17.277125086385624,13.634349177157892,3.6427759092277316,0,75.32162032853097,TRUE,193
P. vivax,model5,15003,Almeirim,PA,2019,2,194,75244,19.935144330444952,12.422927666712802,7.512216663732151,0,71.76651958960183,TRUE,193
P. vivax,model5,15003,Almeirim,PA,2019,3,195,75244,6.645048110148317,11.142028886160656,-4.496980776012339,1.3290096220296634,57.14741374727553,TRUE,193
P. vivax,model5,15004,Portel,PA,2019,1,193,153746,310.25197403509685,278.2379159397403,32.014058095356575,105.5474613973697,1345.937455283389,TRUE,193
P. vivax,model5,15004,Portel,PA,2019,2,194,153746,318.05705514289804,283.1101383018858,34.94691684101224,113.66149363235468,1411.890390644308,TRUE,193
P. vivax,model5,15004,Portel,PA,2019,3,195,153746,326.5125596763493,276.00957822913927,50.50298144721006,106.94587176251741,1366.7022231472663,TRUE,193
P. vivax,model5,15005,Furos de Breves,PA,2019,1,193,232284,276.3858035852663,261.7570623280728,14.628741257193496,104.57026743124794,1303.27530092473,TRUE,193
P. vivax,model5,15005,Furos de Breves,PA,2019,2,194,232284,333.6432987205318,274.06750130225595,59.57579741827584,123.49107127481875,1366.2908336346877,TRUE,193
P. vivax,model5,15005,Furos de Breves,PA,2019,3,195,232284,341.82294088271254,317.4460285779039,24.376912304808627,143.0038229064421,1531.6379948683502,TRUE,193
P. vivax,model5,15006,Arari,PA,2019,1,193,178169,16.837945995094547,17.974194303030764,-1.1362483079362171,5.051383798528364,112.05653059735388,TRUE,193
P. vivax,model5,15006,Arari,PA,2019,2,194,178169,15.15415139558509,23.88102089763593,-8.72686950205084,8.12430894263312,171.38222698673712,TRUE,193
P. vivax,model5,15006,Arari,PA,2019,3,195,178169,24.695654126138667,32.2439417615031,-7.548287635364435,12.319763819744178,208.01879114772996,TRUE,193
P. vivax,model5,15007,Belém,PA,2019,1,193,2363360,1.3116918285830343,1.5155931806624852,-0.20390135207945081,0.4231263963171078,7.030245074808741,TRUE,193
P. vivax,model5,15007,Belém,PA,2019,2,194,2363360,1.6078803060050098,1.2010265770283473,0.4068537289766625,0.1893490623519058,6.1839922821745255,TRUE,193
P. vivax,model5,15007,Belém,PA,2019,3,195,2363360,1.4386297474781666,1.4055568569712578,0.03307289050690887,0.4009122605104597,6.139564010561231,TRUE,193
P. vivax,model5,15008,Castanhal,PA,2019,1,193,343919,0.581532279402999,0.49282090217035796,0.08871137723264105,0,4.223378179164273,TRUE,193
P. vivax,model5,15008,Castanhal,PA,2019,2,194,343919,0.581532279402999,0.38853989068381944,0.19299238871917956,0,3.0603136203582757,TRUE,193
P. vivax,model5,15008,Castanhal,PA,2019,3,195,343919,0.8722984191044986,0.4063018380991264,0.46599658100537217,0,3.0603136203582757,TRUE,193
P. vivax,model5,15009,Salgado,PA,2019,1,193,271823,1.471545822097468,0.2787360142723431,1.1928098078251248,0,2.400459122296486,TRUE,193
P. vivax,model5,15009,Salgado,PA,2019,2,194,271823,0,0.2527252524585072,-0.2527252524585072,0,2.207318733146202,TRUE,193
P. vivax,model5,15009,Salgado,PA,2019,3,195,271823,0.735772911048734,0.37870922074618285,0.35706369030255114,0,3.1362320333452205,TRUE,193
P. vivax,model5,15010,Bragantina,PA,2019,1,193,424088,0,0.10326780817400692,-0.10326780817400692,0,1.17900058478429,TRUE,193
P. vivax,model5,15010,Bragantina,PA,2019,2,194,424088,0,0.08243318556964686,-0.08243318556964686,0,0.943200467827432,TRUE,193
P. vivax,model5,15010,Bragantina,PA,2019,3,195,424088,0.235800116956858,0.09210817065676136,0.14369194630009666,0,1.066995529229777,TRUE,193
P. vivax,model5,15011,Cametá,PA,2019,1,193,498315,256.86563719735506,166.22114171248808,90.64449548486698,59.22458685771049,1138.5569368772756,TRUE,193
P. vivax,model5,15011,Cametá,PA,2019,2,194,498315,211.51279812969707,156.02162812707306,55.49117000262402,57.2880607647773,1161.0126125041388,TRUE,193
P. vivax,model5,15011,Cametá,PA,2019,3,195,498315,221.1452595245979,134.4099120075966,86.73534751700129,47.14889176524889,974.0074049546967,TRUE,193
P. vivax,model5,15012,Tomé-Açu,PA,2019,1,193,340789,1.1737468052079145,0.6420372151244734,0.5317095900834411,0,4.401550519529679,TRUE,193
P. vivax,model5,15012,Tomé-Açu,PA,2019,2,194,340789,1.4671835065098933,0.4679568014778084,0.9992267050320849,0,3.227803714321765,TRUE,193
P. vivax,model5,15012,Tomé-Açu,PA,2019,3,195,340789,0.5868734026039573,0.41737786520054265,0.1694955374034146,0,3.381857982505297,TRUE,193
P. vivax,model5,15013,Guamá,PA,2019,1,193,483723,0.8269195386615893,2.2074343340638194,-1.38051479540223,0.20672988466539732,12.40379307992384,TRUE,193
P. vivax,model5,15013,Guamá,PA,2019,2,194,483723,0,2.0201947324566536,-2.0201947324566536,0,10.651757307384592,TRUE,193
P. vivax,model5,15013,Guamá,PA,2019,3,195,483723,0.20672988466539732,2.2052786995305116,-1.9985488148651143,0.09819669521606403,13.241049112818693,TRUE,193
P. vivax,model5,15014,Itaituba,PA,2019,1,193,221135,179.5283424152667,95.76873035584468,83.75961205942203,46.55527166662898,519.2303344111059,TRUE,193
P. vivax,model5,15014,Itaituba,PA,2019,2,194,221135,160.98763198950866,83.66099140685427,77.32664058265439,38.86766002668054,446.0510547855379,TRUE,193
P. vivax,model5,15014,Itaituba,PA,2019,3,195,221135,150.58674565310784,86.12509256729625,64.46165308581159,33.2263097203066,470.8322970131357,TRUE,193
P. vivax,model5,15015,Altamira,PA,2019,1,193,309141,18.438188399468203,17.27878304501614,1.159405354452062,5.005806411960885,93.34737223467607,TRUE,193
P. vivax,model5,15015,Altamira,PA,2019,2,194,309141,21.672958294111748,14.520709960257543,7.152248333854205,3.8655500240990364,89.78912535056816,TRUE,193
P. vivax,model5,15015,Altamira,PA,2019,3,195,309141,16.820803452146432,11.581329774917245,5.239473677229187,2.9112929051791903,62.44723281609361,TRUE,193
P. vivax,model5,15016,Tucuruí,PA,2019,1,193,384726,29.89140323243035,49.66259058045917,-19.771187348028818,22.327578588397976,263.04434844538713,TRUE,193
P. vivax,model5,15016,Tucuruí,PA,2019,2,194,384726,22.353571112947915,37.802225837764546,-15.448654724816631,14.776750206640573,207.02395990912964,TRUE,193
P. vivax,model5,15016,Tucuruí,PA,2019,3,195,384726,12.216486538471536,29.69328579285577,-17.476799254384236,12.736337029470324,168.17163383810816,FALSE,193
P. vivax,model5,15017,Paragominas,PA,2019,1,193,349321,5.4391233278274145,3.0967005974976303,2.342422730329784,0.13597808319568574,20.20348046639049,TRUE,193
P. vivax,model5,15017,Paragominas,PA,2019,2,194,349321,4.86658403016137,2.6436785720630147,2.222905458098355,0,16.31736998348224,TRUE,193
P. vivax,model5,15017,Paragominas,PA,2019,3,195,349321,2.290157190664174,2.2423956002677055,0.047761590396468545,0,13.604965060789354,TRUE,193
P. vivax,model5,15018,São Félix do Xingu,PA,2019,1,193,217674,15.619688157519962,4.04436774264519,11.57532041487477,0,22.797853671086067,TRUE,193
P. vivax,model5,15018,São Félix do Xingu,PA,2019,2,194,217674,12.403870007442322,4.213207156585064,8.190662850857258,0.677618824480646,23.911904958791567,TRUE,193
P. vivax,model5,15018,São Félix do Xingu,PA,2019,3,195,217674,8.728649264496449,5.586088689541231,3.1425605749552172,0.21821623161241188,36.074588604978075,TRUE,193
P. vivax,model5,15019,Parauapebas,PA,2019,1,193,324525,1.2325706802249443,1.1227332268195969,0.10983745340534745,0,7.087281411293429,TRUE,193
P. vivax,model5,15019,Parauapebas,PA,2019,2,194,324525,1.5407133502811803,0.8916415268834377,0.6490718233977426,0,5.561975194515046,TRUE,193
P. vivax,model5,15019,Parauapebas,PA,2019,3,195,324525,0.924428010168708,0.759086172087859,0.165341838080849,0,5.0920576226792935,TRUE,193
P. vivax,model5,15020,Marabá,PA,2019,1,193,333871,0.8985506378211945,0.8147847048873906,0.08376593293380385,0,5.3913038269271665,TRUE,193
P. vivax,model5,15020,Marabá,PA,2019,2,194,333871,0,0.6646118591118424,-0.6646118591118424,0,5.548550188545869,TRUE,193
P. vivax,model5,15020,Marabá,PA,2019,3,195,333871,0.29951687927373144,0.633498980031415,-0.3339821007576836,0,4.792270068379703,TRUE,193
P. vivax,model5,15021,Redenção,PA,2019,1,193,196972,0.507686371667039,0.6601168062534166,-0.15243043458637762,0,5.584550088337428,TRUE,193
P. vivax,model5,15021,Redenção,PA,2019,2,194,196972,0,0.6265225253043486,-0.6265225253043486,0,5.07686371667039,TRUE,193
P. vivax,model5,15021,Redenção,PA,2019,3,195,196972,1.015372743334078,0.5950112663422733,0.4203614769918047,0,4.835712690128535,TRUE,193
P. vivax,model5,15022,Conceição do Araguaia,PA,2019,1,193,162434,0,0.16165720330508165,-0.16165720330508165,0,1.846903973306081,TRUE,193
P. vivax,model5,15022,Conceição do Araguaia,PA,2019,2,194,162434,0,0.18204921584223338,-0.18204921584223338,0,1.846903973306081,TRUE,193
P. vivax,model5,15022,Conceição do Araguaia,PA,2019,3,195,162434,0,0.2028980490746789,-0.2028980490746789,0,2.170112168634631,TRUE,193
P. vivax,model5,16001,Oiapoque,AP,2019,1,193,38387,375.1269961184776,396.1720281144929,-21.04503199601527,124.91207961028475,2246.9195300492356,TRUE,193
P. vivax,model5,16001,Oiapoque,AP,2019,2,194,38387,364.70680178185324,314.61867604573854,50.088125736114705,100.22924427540575,1753.9792117122977,TRUE,193
P. vivax,model5,16001,Oiapoque,AP,2019,3,195,38387,369.91689895016543,291.1868749249986,78.73002402516681,98.8615937687238,1572.8632088988452,TRUE,193
P. vivax,model5,16002,Amapá,AP,2019,1,193,31544,98.27542480344916,78.0314902759248,20.24393452752436,12.6806999746386,491.13936089272,TRUE,193
P. vivax,model5,16002,Amapá,AP,2019,2,194,31544,19.0210499619579,79.32653133339714,-60.30548137143924,22.19122495561755,538.3749682982491,FALSE,193
P. vivax,model5,16002,Amapá,AP,2019,3,195,31544,38.0420999239158,68.44595520466702,-30.403855280751216,17.35670809028659,503.18602586862727,TRUE,193
P. vivax,model5,16003,Macapá,AP,2019,1,193,687827,143.34999934576572,85.93522329908306,57.41477604668266,34.59808934514057,515.2167623544872,TRUE,193
P. vivax,model5,16003,Macapá,AP,2019,2,194,687827,101.47900562205321,68.95017727023883,32.52882835181438,28.550056918382094,405.8215219815446,TRUE,193
P. vivax,model5,16003,Macapá,AP,2019,3,195,687827,82.28813349868499,53.296847869068245,28.99128562961674,20.332147473129147,321.7996676489871,TRUE,193
P. vivax,model5,16004,Mazagão,AP,2019,1,193,87973,405.80632694122056,174.99098581470366,230.8153411265169,53.198140338512964,899.1963443329203,TRUE,193
P. vivax,model5,16004,Mazagão,AP,2019,2,194,87973,245.52987848544439,144.43547333684177,101.09440514860262,40.09752992395396,773.7885487592781,TRUE,193
P. vivax,model5,16004,Mazagão,AP,2019,3,195,87973,226.2057676787196,133.58454195408197,92.62122572463764,47.685085196594414,716.2709012992616,TRUE,193
P. vivax,model5,17001,Bico do Papagaio,TO,2019,1,193,215893,0.9263848295220317,0.7521013758611345,0.17428345366089726,0,5.801484994881713,TRUE,193
P. vivax,model5,17001,Bico do Papagaio,TO,2019,2,194,215893,0,0.7118379211550788,-0.7118379211550788,0,5.0951165623711745,TRUE,193
P. vivax,model5,17001,Bico do Papagaio,TO,2019,3,195,215893,0,0.7182567224947949,-0.7182567224947949,0,4.6319241476101585,TRUE,193
P. vivax,model5,17002,Araguaína,TO,2019,1,193,319685,0.6256158405930838,0.10714746232973242,0.5184683782633515,0,1.2512316811861677,TRUE,193
P. vivax,model5,17002,Araguaína,TO,2019,2,194,319685,0.3128079202965419,0.09702447721884988,0.21578344307769204,0,1.2512316811861677,TRUE,193
P. vivax,model5,17002,Araguaína,TO,2019,3,195,319685,0,0.0883455373513569,-0.0883455373513569,0,0.9384237608896256,TRUE,193
P. vivax,model5,17003,Miracema do Tocantins,TO,2019,1,193,149165,0,0.028687147033821525,-0.028687147033821525,0,0.6703985519391278,TRUE,193
P. vivax,model5,17003,Miracema do Tocantins,TO,2019,2,194,149165,0,0.02850625326685032,-0.02850625326685032,0,0.6703985519391278,TRUE,193
P. vivax,model5,17003,Miracema do Tocantins,TO,2019,3,195,149165,0,0.030919170428838662,-0.030919170428838662,0,0.6703985519391278,TRUE,193
P. vivax,model5,17004,Rio Formoso,TO,2019,1,193,127871,0,0.03762754196876923,-0.03762754196876923,0,0.7820381478208507,TRUE,193
P. vivax,model5,17004,Rio Formoso,TO,2019,2,194,127871,0,0.03909592817416786,-0.03909592817416786,0,0.7820381478208507,TRUE,193
P. vivax,model5,17004,Rio Formoso,TO,2019,3,195,127871,0,0.042517199653204024,-0.042517199653204024,0,0.7820381478208507,TRUE,193
P. vivax,model5,17005,Gurupi,TO,2019,1,193,150776,0,0.06112127063631242,-0.06112127063631242,0,1.3264710564015494,TRUE,193
P. vivax,model5,17005,Gurupi,TO,2019,2,194,150776,0,0.06486408707184435,-0.06486408707184435,0,1.3264710564015494,TRUE,193
P. vivax,model5,17005,Gurupi,TO,2019,3,195,150776,0,0.07471126361257974,-0.07471126361257974,0,1.989706584602324,TRUE,193
P. vivax,model5,17006,Porto Nacional,TO,2019,1,193,404882,0,0.14106190223046894,-0.14106190223046894,0,1.2349277073320128,TRUE,193
P. vivax,model5,17006,Porto Nacional,TO,2019,2,194,404882,0,0.1473758333893317,-0.1473758333893317,0,1.2349277073320128,TRUE,193
P. vivax,model5,17006,Porto Nacional,TO,2019,3,195,404882,0,0.1725129618596865,-0.1725129618596865,0,1.7288987902648179,TRUE,193
P. vivax,model5,17007,Jalapão,TO,2019,1,193,80184,0,9.491473569602243e-4,-9.491473569602243e-4,0,0,TRUE,193
P. vivax,model5,17007,Jalapão,TO,2019,2,194,80184,0,9.771887391830426e-4,-9.771887391830426e-4,0,0,TRUE,193
P. vivax,model5,17007,Jalapão,TO,2019,3,195,80184,0,0.0011122605126068434,-0.0011122605126068434,0,0,TRUE,193
P. vivax,model5,17008,Dianópolis,TO,2019,1,193,124410,0,0.0012430640446255841,-0.0012430640446255841,0,0,TRUE,193
P. vivax,model5,17008,Dianópolis,TO,2019,2,194,124410,0,0.0014474197689057424,-0.0014474197689057424,0,0,TRUE,193
P. vivax,model5,17008,Dianópolis,TO,2019,3,195,124410,0,0.0017952361427281038,-0.0017952361427281038,0,0,TRUE,193
P. vivax,model5,21001,Litoral Ocidental Maranhense,MA,2019,1,193,191282,0,0.07891139626660174,-0.07891139626660174,0,1.0455766878221682,TRUE,193
P. vivax,model5,21001,Litoral Ocidental Maranhense,MA,2019,2,194,191282,0,0.0625204625590554,-0.0625204625590554,0,1.0455766878221682,TRUE,193
P. vivax,model5,21001,Litoral Ocidental Maranhense,MA,2019,3,195,191282,0,0.09097552763519887,-0.09097552763519887,0,1.0455766878221682,TRUE,193
P. vivax,model5,21002,Aglomeração Urbana de São Luís,MA,2019,1,193,1432529,0.20941984420559723,0.06116630976194128,0.14825353444365594,0,0.4554881611471724,TRUE,193
P. vivax,model5,21002,Aglomeração Urbana de São Luís,MA,2019,2,194,1432529,0,0.057864548624398666,-0.057864548624398666,0,0.41883968841119446,TRUE,193
P. vivax,model5,21002,Aglomeração Urbana de São Luís,MA,2019,3,195,1432529,0.06980661473519907,0.07215234808844972,-0.0023457333532506536,0,0.4886463031463935,TRUE,193
P. vivax,model5,21003,Rosário,MA,2019,1,193,178491,0,0.03527497784282796,-0.03527497784282796,0,0.5602523376528789,TRUE,193
P. vivax,model5,21003,Rosário,MA,2019,2,194,178491,0,0.034145674195153325,-0.034145674195153325,0,1.1205046753057577,TRUE,193
P. vivax,model5,21003,Rosário,MA,2019,3,195,178491,0,0.041272650415873496,-0.041272650415873496,0,0.8543848149206275,TRUE,193
P. vivax,model5,21004,Lençóis Maranhenses,MA,2019,1,193,197301,0,0.01851367715236102,-0.01851367715236102,0,0.5068398031434205,TRUE,193
P. vivax,model5,21004,Lençóis Maranhenses,MA,2019,2,194,197301,0,0.023662681783291048,-0.023662681783291048,0,0.5068398031434205,TRUE,193
P. vivax,model5,21004,Lençóis Maranhenses,MA,2019,3,195,197301,0,0.036461563130882224,-0.036461563130882224,0,1.013679606286841,TRUE,193
P. vivax,model5,21005,Baixada Maranhense,MA,2019,1,193,604575,0.6616218004383244,0.4424776339896162,0.2191441664487082,0,3.142703552082041,TRUE,193
P. vivax,model5,21005,Baixada Maranhense,MA,2019,2,194,604575,0.9924327006574866,0.363807535814175,0.6286251648433115,0,2.8201629243683506,TRUE,193
P. vivax,model5,21005,Baixada Maranhense,MA,2019,3,195,604575,0.4962163503287433,0.34513557547697793,0.15108077485176535,0,2.567919612951243,TRUE,193
P. vivax,model5,21006,Itapecuru Mirim,MA,2019,1,193,236106,0,0.034770482594848946,-0.034770482594848946,0,0.6458963346971178,TRUE,193
P. vivax,model5,21006,Itapecuru Mirim,MA,2019,2,194,236106,0,0.0404628115511832,-0.0404628115511832,0,0.42353858012926393,TRUE,193
P. vivax,model5,21006,Itapecuru Mirim,MA,2019,3,195,236106,0,0.060710772121294304,-0.060710772121294304,0,1.069434914826382,TRUE,193
P. vivax,model5,21007,Gurupi,MA,2019,1,193,241976,1.6530565014712202,3.7972832159614884,-2.1442267144902685,0,24.186282937150782,TRUE,193
P. vivax,model5,21007,Gurupi,MA,2019,2,194,241976,1.6530565014712202,3.5818103736029485,-1.9287538721317283,0,22.357589182398215,TRUE,193
P. vivax,model5,21007,Gurupi,MA,2019,3,195,241976,3.3061130029424404,4.48078851194426,-1.1746755090018195,0.41326412536780505,28.51522465037855,TRUE,193
P. vivax,model5,21008,Pindaré,MA,2019,1,193,666083,6.155389043107241,4.089152284068625,2.066236759038616,0.9721010744907168,22.651081021434216,TRUE,193
P. vivax,model5,21008,Pindaré,MA,2019,2,194,666083,2.8524973614399407,3.480141814357384,-0.6276444529174432,0.9007886404547182,18.323542261249717,TRUE,193
P. vivax,model5,21008,Pindaré,MA,2019,3,195,666083,3.0026288015157268,3.679247455824342,-0.6766186543086152,0.9007886404547182,17.794328934982573,TRUE,193
P. vivax,model5,21009,Imperatriz,MA,2019,1,193,600199,1.332891257732852,0.9121397231137364,0.42075153461911563,0,5.585647426936729,TRUE,193
P. vivax,model5,21009,Imperatriz,MA,2019,2,194,600199,0.999668443299639,0.7939998470055252,0.20566859629411383,0,4.58597898363709,TRUE,193
P. vivax,model5,21009,Imperatriz,MA,2019,3,195,600199,0.8330570360830324,0.7445093348598307,0.08854770122320166,0,4.3318965876317685,TRUE,193
P. vivax,model5,21010,Médio Mearim,MA,2019,1,193,424583,1.6486764660855475,1.2088428760583227,0.4398335900272248,0,7.548582962577388,TRUE,193
P. vivax,model5,21010,Médio Mearim,MA,2019,2,194,424583,1.1776260472039626,1.1264033967367328,0.051222650467229736,0,6.830231073782982,TRUE,193
P. vivax,model5,21010,Médio Mearim,MA,2019,3,195,424583,1.6486764660855475,1.2633246069004975,0.38535185918505,0,7.53680670210536,TRUE,193
P. vivax,model5,21011,Alto Mearim e Grajaú,MA,2019,1,193,336315,2.3787223287691597,3.5899005762353604,-1.2111782474662007,0.1412366382706693,23.943326940517068,TRUE,193
P. vivax,model5,21011,Alto Mearim e Grajaú,MA,2019,2,194,336315,4.757444657538319,3.2775597215038874,1.479884936034432,0.29734029109614496,19.78056286517104,TRUE,193
P. vivax,model5,21011,Alto Mearim e Grajaú,MA,2019,3,195,336315,4.460104366442175,3.49253304852837,0.9675713179138046,0.29734029109614496,24.09943059334254,TRUE,193
P. vivax,model5,21012,Presidente Dutra,MA,2019,1,193,199535,2.0046608364447343,0.6122774042946313,1.392383432150103,0,4.0093216728894685,TRUE,193
P. vivax,model5,21012,Presidente Dutra,MA,2019,2,194,199535,1.0023304182223671,0.603302867376257,0.3990275508461101,0,5.011652091111835,TRUE,193
P. vivax,model5,21012,Presidente Dutra,MA,2019,3,195,199535,0.5011652091111836,0.6742407835935328,-0.17307557448234923,0,5.011652091111835,TRUE,193
P. vivax,model5,21013,Baixo Parnaíba Maranhense,MA,2019,1,193,146372,0.6831907741917853,0.27831711149061217,0.40487366270117314,0,2.7327630967671412,TRUE,193
P. vivax,model5,21013,Baixo Parnaíba Maranhense,MA,2019,2,194,146372,0.6831907741917853,0.2518719584257157,0.4313188157660696,0,2.049572322575356,TRUE,193
P. vivax,model5,21013,Baixo Parnaíba Maranhense,MA,2019,3,195,146372,0,0.2540503146757365,-0.2540503146757365,0,2.7327630967671412,TRUE,193
P. vivax,model5,21014,Chapadinha,MA,2019,1,193,245029,0.4081149578213191,0.3472141614373514,0.060900796383967726,0,3.264919662570553,TRUE,193
P. vivax,model5,21014,Chapadinha,MA,2019,2,194,245029,0,0.3214150584401781,-0.3214150584401781,0,2.856804704749234,TRUE,193
P. vivax,model5,21014,Chapadinha,MA,2019,3,195,245029,0,0.3191780019580157,-0.3191780019580157,0,2.4486897469279145,TRUE,193
P. vivax,model5,21015,Codó,MA,2019,1,193,278462,0.7182308537610158,0.20131615606335576,0.5169146976976601,0,1.9841127335147979,TRUE,193
P. vivax,model5,21015,Codó,MA,2019,2,194,278462,0.3591154268805079,0.18470377586492698,0.17441165101558093,0,1.4364617075220316,TRUE,193
P. vivax,model5,21015,Codó,MA,2019,3,195,278462,0,0.21164656169228596,-0.21164656169228596,0,2.5138079881635558,TRUE,193
P. vivax,model5,21016,Coelho Neto,MA,2019,1,193,93840,0,0.23228339510180165,-0.23228339510180165,0,3.19693094629156,TRUE,193
P. vivax,model5,21016,Coelho Neto,MA,2019,2,194,93840,0,0.20576188818506716,-0.20576188818506716,0,2.6907502131287053,TRUE,193
P. vivax,model5,21016,Coelho Neto,MA,2019,3,195,93840,0,0.17714533151520306,-0.17714533151520306,0,2.131287297527707,TRUE,193
P. vivax,model5,21017,Caxias,MA,2019,1,193,445103,0,0.08478615779080848,-0.08478615779080848,0,0.8986683981011137,TRUE,193
P. vivax,model5,21017,Caxias,MA,2019,2,194,445103,0.2246670995252784,0.08232456048999956,0.14234253903527885,0,1.0166186253518796,TRUE,193
P. vivax,model5,21017,Caxias,MA,2019,3,195,445103,0,0.08476887410676114,-0.08476887410676114,0,0.8986683981011137,TRUE,193
P. vivax,model5,21018,Chapadas do Alto Itapecuru,MA,2019,1,193,221411,0,0.14397525773818037,-0.14397525773818037,0,1.8065949749560772,TRUE,193
P. vivax,model5,21018,Chapadas do Alto Itapecuru,MA,2019,2,194,221411,0,0.11525069916417681,-0.11525069916417681,0,1.3549462312170577,TRUE,193
P. vivax,model5,21018,Chapadas do Alto Itapecuru,MA,2019,3,195,221411,0,0.11260663015625674,-0.11260663015625674,0,1.3549462312170577,TRUE,193
P. vivax,model5,21019,Porto Franco,MA,2019,1,193,120372,0,0.3498501534569755,-0.3498501534569755,0,4.153789917921111,TRUE,193
P. vivax,model5,21019,Porto Franco,MA,2019,2,194,120372,0,0.2997531533176595,-0.2997531533176595,0,2.4922739507526668,TRUE,193
P. vivax,model5,21019,Porto Franco,MA,2019,3,195,120372,0,0.30127599313808595,-0.30127599313808595,0,3.3230319343368895,TRUE,193
P. vivax,model5,21020,Gerais de Balsas,MA,2019,1,193,143297,0,0.026261874649399605,-0.026261874649399605,0,0.6978513157986559,TRUE,193
P. vivax,model5,21020,Gerais de Balsas,MA,2019,2,194,143297,0,0.024047166446663177,-0.024047166446663177,0,0.6978513157986559,TRUE,193
P. vivax,model5,21020,Gerais de Balsas,MA,2019,3,195,143297,0,0.025883049236286704,-0.025883049236286704,0,0.6978513157986559,TRUE,193
P. vivax,model5,21021,Chapadas das Mangabeiras,MA,2019,1,193,72320,0,0.0039761768978711,-0.0039761768978711,0,0,TRUE,193
P. vivax,model5,21021,Chapadas das Mangabeiras,MA,2019,2,194,72320,0,0.003741478431847466,-0.003741478431847466,0,0,TRUE,193
P. vivax,model5,21021,Chapadas das Mangabeiras,MA,2019,3,195,72320,0,0.004268589863712758,-0.004268589863712758,0,0,TRUE,193
P. vivax,model5,51001,Aripuanã,MT,2019,1,193,169973,23.533149382548995,27.5970606981193,-4.063911315570305,8.516058432809917,174.2041383043189,TRUE,193
P. vivax,model5,51001,Aripuanã,MT,2019,2,194,169973,18.23819077147547,23.212203121911937,-4.9740123504364675,7.927729698246193,137.6689238879116,TRUE,193
P. vivax,model5,51001,Aripuanã,MT,2019,3,195,169973,18.826519506039194,24.5851750305524,-5.758655524513205,7.059944814764698,151.20048478287728,TRUE,193
P. vivax,model5,51002,Alta Floresta,MT,2019,1,193,107911,0.9266895867891133,0.9189087477923435,0.0077808389967697345,0,8.340206281102018,TRUE,193
P. vivax,model5,51002,Alta Floresta,MT,2019,2,194,107911,0,0.6652353902887372,-0.6652353902887372,0,5.5601375207346795,TRUE,193
P. vivax,model5,51002,Alta Floresta,MT,2019,3,195,107911,0.9266895867891133,0.5344499283284045,0.39223965846070874,0,4.6334479339455665,TRUE,193
P. vivax,model5,51003,Colíder,MT,2019,1,193,156947,3.1857888331729822,2.8484642925918124,0.3373245405811698,0,20.389048532307086,TRUE,193
P. vivax,model5,51003,Colíder,MT,2019,2,194,156947,2.548631066538386,2.4296587890385197,0.11897227749986605,0,17.904133242432103,TRUE,193
P. vivax,model5,51003,Colíder,MT,2019,3,195,156947,1.9114732999037891,2.570087577991214,-0.6586142780874249,0,15.291786399230313,TRUE,193
P. vivax,model5,51004,Parecis,MT,2019,1,193,110936,1.8028412778538978,1.2162781115506411,0.5865631663032567,0,9.01420638926949,TRUE,193
P. vivax,model5,51004,Parecis,MT,2019,2,194,110936,6.309944472488642,1.286935129379433,5.023009343109209,0,9.915627028196438,TRUE,193
P. vivax,model5,51004,Parecis,MT,2019,3,195,110936,1.8028412778538978,1.5353960253729368,0.26744525248096096,0,10.817047667123386,TRUE,193
P. vivax,model5,51005,Arinos,MT,2019,1,193,83182,0,0.16708827674403506,-0.16708827674403506,0,3.035512490683053,TRUE,193
P. vivax,model5,51005,Arinos,MT,2019,2,194,83182,0,0.1419010568232771,-0.1419010568232771,0,2.404366329253925,TRUE,193
P. vivax,model5,51005,Arinos,MT,2019,3,195,83182,0,0.15799960200585997,-0.15799960200585997,0,2.404366329253925,TRUE,193
P. vivax,model5,51006,Alto Teles Pires,MT,2019,1,193,260081,0,0.4648436257471611,-0.4648436257471611,0,3.844955994478643,TRUE,193
P. vivax,model5,51006,Alto Teles Pires,MT,2019,2,194,260081,1.153486798343593,0.45542172817277865,0.6980650701708144,0,4.229451593926508,TRUE,193
P. vivax,model5,51006,Alto Teles Pires,MT,2019,3,195,260081,1.153486798343593,0.4496142903631448,0.7038725079804482,0,3.844955994478643,TRUE,193
P. vivax,model5,51007,Sinop,MT,2019,1,193,206715,0.9675156616597732,0.45845219877717436,0.5090634628825988,0,3.6402776769948852,TRUE,193
P. vivax,model5,51007,Sinop,MT,2019,2,194,206715,0,0.4471668036946166,-0.4471668036946166,0,3.386304815809206,TRUE,193
P. vivax,model5,51007,Sinop,MT,2019,3,195,206715,2.4187891541494326,0.4632978699927292,1.9554912841567034,0,4.353820477468979,TRUE,193
P. vivax,model5,51008,Paranatinga,MT,2019,1,193,36702,0,0.19355224001553817,-0.19355224001553817,0,2.724647158193014,TRUE,193
P. vivax,model5,51008,Paranatinga,MT,2019,2,194,36702,0,0.1675171742767663,-0.1675171742767663,0,2.724647158193014,TRUE,193
P. vivax,model5,51008,Paranatinga,MT,2019,3,195,36702,2.724647158193014,0.1656581410782727,2.558989017114741,0,2.724647158193014,TRUE,193
P. vivax,model5,51009,Norte Araguaia,MT,2019,1,193,132443,0,0.06748017702079734,-0.06748017702079734,0,0.7550417915631631,TRUE,193
P. vivax,model5,51009,Norte Araguaia,MT,2019,2,194,132443,0,0.062252618397080815,-0.062252618397080815,0,1.5100835831263262,TRUE,193
P. vivax,model5,51009,Norte Araguaia,MT,2019,3,195,132443,0,0.07367498098926306,-0.07367498098926306,0,1.5100835831263262,TRUE,193
P. vivax,model5,51010,Canarana,MT,2019,1,193,116230,0.8603630732168975,0.15072331404276076,0.7096397591741368,0,1.720726146433795,TRUE,193
P. vivax,model5,51010,Canarana,MT,2019,2,194,116230,0.8603630732168975,0.15496345031046935,0.7053996229064282,0,2.5810892196506927,TRUE,193
P. vivax,model5,51010,Canarana,MT,2019,3,195,116230,0,0.13811273903880844,-0.13811273903880844,0,1.720726146433795,TRUE,193
P. vivax,model5,51011,Médio Araguaia,MT,2019,1,193,69812,0,0.06145441803896781,-0.06145441803896781,0,1.4324184953876125,TRUE,193
P. vivax,model5,51011,Médio Araguaia,MT,2019,2,194,69812,0,0.046485906008800336,-0.046485906008800336,0,1.4324184953876125,TRUE,193
P. vivax,model5,51011,Médio Araguaia,MT,2019,3,195,69812,0,0.04050513654976065,-0.04050513654976065,0,1.4324184953876125,TRUE,193
P. vivax,model5,51012,Alto Guaporé,MT,2019,1,193,75369,0,0.26755018304001527,-0.26755018304001527,0,3.9804163515503723,TRUE,193
P. vivax,model5,51012,Alto Guaporé,MT,2019,2,194,75369,0,0.23448921552405724,-0.23448921552405724,0,3.3501837625548667,TRUE,193
P. vivax,model5,51012,Alto Guaporé,MT,2019,3,195,75369,0,0.2337846759671959,-0.2337846759671959,0,2.6536109010335815,TRUE,193
P. vivax,model5,51013,Tangará da Serra,MT,2019,1,193,171442,0.5832876424680067,0.11304631144356816,0.47024133102443855,0,1.74986292740402,TRUE,193
P. vivax,model5,51013,Tangará da Serra,MT,2019,2,194,171442,0.5832876424680067,0.10959665525279626,0.4736909872152104,0,1.74986292740402,TRUE,193
P. vivax,model5,51013,Tangará da Serra,MT,2019,3,195,171442,0,0.11724910809636309,-0.11724910809636309,0,1.74986292740402,TRUE,193
P. vivax,model5,51014,Jauru,MT,2019,1,193,110923,0,0.11509437584513453,-0.11509437584513453,0,1.8030525679976201,TRUE,193
P. vivax,model5,51014,Jauru,MT,2019,2,194,110923,0,0.0914835538406395,-0.0914835538406395,0,1.8030525679976201,TRUE,193
P. vivax,model5,51014,Jauru,MT,2019,3,195,110923,0.9015262839988101,0.0832777903998671,0.8182484935989429,0,0.9015262839988101,TRUE,193
P. vivax,model5,51015,Alto Paraguai,MT,2019,1,193,33376,0,0.0010438185641150255,-0.0010438185641150255,0,2.9961649089165867,TRUE,193
P. vivax,model5,51015,Alto Paraguai,MT,2019,2,194,33376,0,0.0011132659409576703,-0.0011132659409576703,0,0,TRUE,193
P. vivax,model5,51015,Alto Paraguai,MT,2019,3,195,33376,0,9.207462714300014e-4,-9.207462714300014e-4,0,2.9961649089165867,TRUE,193
P. vivax,model5,51016,Rosário Oeste,MT,2019,1,193,30959,0,0.005363259703453208,-0.005363259703453208,0,0,TRUE,193
P. vivax,model5,51016,Rosário Oeste,MT,2019,2,194,30959,0,0.004663419061654685,-0.004663419061654685,0,0,TRUE,193
P. vivax,model5,51016,Rosário Oeste,MT,2019,3,195,30959,0,0.005378502182422685,-0.005378502182422685,0,0,TRUE,193
P. vivax,model5,51017,Cuiabá,MT,2019,1,193,947114,0.2111678214027034,0.12671714887977678,0.08445067252292662,0,1.055839107013517,TRUE,193
P. vivax,model5,51017,Cuiabá,MT,2019,2,194,947114,0.2111678214027034,0.10477231622634761,0.10639550517635579,0,0.9001028387290209,TRUE,193
P. vivax,model5,51017,Cuiabá,MT,2019,3,195,947114,0.2111678214027034,0.10500513302659228,0.10616268837611112,0,1.0056867494303725,TRUE,193
P. vivax,model5,51018,Alto Pantanal,MT,2019,1,193,141002,0,0.10247144175669087,-0.10247144175669087,0,1.4184195968851507,TRUE,193
P. vivax,model5,51018,Alto Pantanal,MT,2019,2,194,141002,0,0.0958598675129358,-0.0958598675129358,0,1.4184195968851507,TRUE,193
P. vivax,model5,51018,Alto Pantanal,MT,2019,3,195,141002,0,0.10143377668934184,-0.10143377668934184,0,1.4184195968851507,TRUE,193
P. vivax,model5,51019,Primavera do Leste,MT,2019,1,193,106060,0,0.07811648474004122,-0.07811648474004122,0,0.9428625306430323,TRUE,193
P. vivax,model5,51019,Primavera do Leste,MT,2019,2,194,106060,0,0.0669971039647871,-0.0669971039647871,0,1.4378653592306028,TRUE,193
P. vivax,model5,51019,Primavera do Leste,MT,2019,3,195,106060,0,0.06688190716539709,-0.06688190716539709,0,0.9428625306430323,TRUE,193
P. vivax,model5,51020,Tesouro,MT,2019,1,193,55941,0,0.010353035615387987,-0.010353035615387987,0,1.7875976475214956,TRUE,193
P. vivax,model5,51020,Tesouro,MT,2019,2,194,55941,0,0.009364667800313716,-0.009364667800313716,0,1.7875976475214956,TRUE,193
P. vivax,model5,51020,Tesouro,MT,2019,3,195,55941,0,0.009873589107873993,-0.009873589107873993,0,0.9384887649487446,TRUE,193
P. vivax,model5,51021,Rondonópolis,MT,2019,1,193,319427,0.31306057409048077,0.05604448157784435,0.2570160925126364,0,0.9391817222714424,TRUE,193
P. vivax,model5,51021,Rondonópolis,MT,2019,2,194,319427,0,0.0494043683634964,-0.0494043683634964,0,0.9391817222714424,TRUE,193
P. vivax,model5,51021,Rondonópolis,MT,2019,3,195,319427,0,0.04886193310087942,-0.04886193310087942,0,0.6261211481809615,TRUE,193
P. vivax,model5,51022,Alto Araguaia,MT,2019,1,193,41921,0,0.007376189653837069,-0.007376189653837069,0,0,TRUE,193
P. vivax,model5,51022,Alto Araguaia,MT,2019,2,194,41921,0,0.006800895770844311,-0.006800895770844311,0,2.385439278643162,TRUE,193
P. vivax,model5,51022,Alto Araguaia,MT,2019,3,195,41921,0,0.007201997982330999,-0.007201997982330999,0,1.252355621287606,TRUE,193
P. vivax,model5,11001,Porto Velho,RO,2020,1,205,689580,105.86153890774094,74.69451911292836,31.167019794812575,30.95724934017808,415.13674990573963,TRUE,205
P. vivax,model5,11001,Porto Velho,RO,2020,2,206,689580,94.84033759679805,62.44997417727319,32.39036341952486,28.629745642275008,356.1443197308504,TRUE,205
P. vivax,model5,11001,Porto Velho,RO,2020,3,207,689580,123.40845152121582,69.19802176556718,54.21042975564865,28.966907392905824,393.97169291452747,TRUE,205
P. vivax,model5,11002,Guajará-Mirim,RO,2020,1,205,86035,70.90137734642879,53.5994441626241,17.301933183804685,16.824548149009125,269.10559655953966,TRUE,205
P. vivax,model5,11002,Guajará-Mirim,RO,2020,2,206,86035,62.765153716510724,43.90418373987025,18.860969976640476,13.33759516475853,208.7813099320043,TRUE,205
P. vivax,model5,11002,Guajará-Mirim,RO,2020,3,207,86035,95.31004823618295,49.65060923285829,45.659439003324664,15.662230487592261,222.90346951821903,TRUE,205
P. vivax,model5,11003,Ariquemes,RO,2020,1,205,209694,49.59607809474759,48.369268254252965,1.2268098404946244,17.144028918328615,286.5246502045837,TRUE,205
P. vivax,model5,11003,Ariquemes,RO,2020,2,206,209694,42.442797600312836,40.108387264780404,2.334410335532432,14.056196171564281,245.7509513863054,TRUE,205
P. vivax,model5,11003,Ariquemes,RO,2020,3,207,209694,42.919682966608484,40.9725256883226,1.9471572782858857,11.647925071771251,232.73198088643431,TRUE,205
P. vivax,model5,11004,Ji-Paraná,RO,2020,1,205,293651,11.237829940984366,7.19886379581582,4.038966145168546,1.523917848057729,39.50267494406626,TRUE,205
P. vivax,model5,11004,Ji-Paraná,RO,2020,2,206,293651,19.410797170791177,5.545274686706574,13.865522484084604,1.0216209037258515,34.394570425437,TRUE,205
P. vivax,model5,11004,Ji-Paraná,RO,2020,3,207,293651,21.794579279484832,5.962184839774993,15.832394439709839,1.0216209037258515,32.36835563304737,TRUE,205
P. vivax,model5,11005,Alvorada D'Oeste,RO,2020,1,205,69523,11.506983300490484,4.032489813417656,7.474493487072828,0,33.08257698891015,TRUE,205
P. vivax,model5,11005,Alvorada D'Oeste,RO,2020,2,206,69523,11.506983300490484,3.212116735675248,8.294866564815237,0,21.57559368841966,TRUE,205
P. vivax,model5,11005,Alvorada D'Oeste,RO,2020,3,207,69523,10.068610387929175,3.476367936377467,6.592242451551708,0,25.962631071731593,TRUE,205
P. vivax,model5,11006,Cacoal,RO,2020,1,205,237069,30.792722793785778,9.24420030870446,21.548522485081318,1.8876360890711148,57.91562793954492,TRUE,205
P. vivax,model5,11006,Cacoal,RO,2020,2,206,237069,22.77817850499222,7.967746459542812,14.810432045449407,0.8225453349024979,48.30872024600432,TRUE,205
P. vivax,model5,11006,Cacoal,RO,2020,3,207,237069,26.152723468694766,9.62019911775545,16.53252435093932,2.952726843239732,62.935263573052495,TRUE,205
P. vivax,model5,11007,Vilhena,RO,2020,1,205,164604,1.2150373016451606,3.466247082233674,-2.2512097805885136,0,20.04811547714515,TRUE,205
P. vivax,model5,11007,Vilhena,RO,2020,2,206,164604,3.645111904935481,3.0917613894448666,0.5533505154906146,0,19.75954411800441,TRUE,205
P. vivax,model5,11007,Vilhena,RO,2020,3,207,164604,7.290223809870962,3.414649880868733,3.8755739290022295,0,22.18961872129473,TRUE,205
P. vivax,model5,11008,Colorado do Oeste,RO,2020,1,205,46304,10.798203178991017,7.454788030927066,3.3434151480639507,0,49.671734623358674,TRUE,205
P. vivax,model5,11008,Colorado do Oeste,RO,2020,2,206,46304,2.159640635798203,5.783247913180314,-3.623607277382111,0,43.300794747753876,TRUE,205
P. vivax,model5,11008,Colorado do Oeste,RO,2020,3,207,46304,0,6.065084673826642,-6.065084673826642,0,40.007342778161664,TRUE,205
P. vivax,model5,12001,Cruzeiro do Sul,AC,2020,1,205,159274,467.11955498072507,565.7056137880182,-98.58605880729317,230.3420520612279,2822.7457086530076,TRUE,205
P. vivax,model5,12001,Cruzeiro do Sul,AC,2020,2,206,159274,370.43082989062873,427.23161965706385,-56.800789766435116,180.93034644700327,2126.743850220374,TRUE,205
P. vivax,model5,12001,Cruzeiro do Sul,AC,2020,3,207,159274,405.5903662870274,402.6143294828993,2.976036804128114,164.0412119994475,1984.5831711390415,TRUE,205
P. vivax,model5,12002,Tarauacá,AC,2020,1,205,86508,8.09173718037638,15.186937513053255,-7.095200332676875,2.311924908678966,85.54122162112175,TRUE,205
P. vivax,model5,12002,Tarauacá,AC,2020,2,206,86508,9.247699634715865,11.518210083658323,-2.270510448942458,1.155962454339483,60.110047625653124,TRUE,205
P. vivax,model5,12002,Tarauacá,AC,2020,3,207,86508,1.155962454339483,11.541730155652225,-10.38576770131274,0,60.716927914181326,TRUE,205
P. vivax,model5,12003,Sena Madureira,AC,2020,1,205,62809,0,1.0098301932907199,-1.0098301932907199,0,9.552771099683167,TRUE,205
P. vivax,model5,12003,Sena Madureira,AC,2020,2,206,62809,0,0.867708621796708,-0.867708621796708,0,7.960642583069305,TRUE,205
P. vivax,model5,12003,Sena Madureira,AC,2020,3,207,62809,0,0.8253553307564953,-0.8253553307564953,0,7.960642583069305,TRUE,205
P. vivax,model5,12004,Rio Branco,AC,2020,1,205,513351,23.18102039345399,14.542576729700784,8.638443663753208,4.6654238522959925,75.1922174106995,TRUE,205
P. vivax,model5,12004,Rio Branco,AC,2020,2,206,513351,23.18102039345399,12.186557383085585,10.994463010368406,2.921977360519411,65.00912630928931,TRUE,205
P. vivax,model5,12004,Rio Branco,AC,2020,3,207,513351,18.895453598025522,14.125757454441171,4.769696143584351,5.454357739636233,83.43219356736418,TRUE,205
P. vivax,model5,12005,Brasiléia,AC,2020,1,205,72528,5.515111405250386,1.4209600390538089,4.094151366196577,0,15.166556364438561,TRUE,205
P. vivax,model5,12005,Brasiléia,AC,2020,2,206,72528,9.651444959188176,1.0153540988045664,8.636090860383609,0,8.272667107875579,FALSE,205
P. vivax,model5,12005,Brasiléia,AC,2020,3,207,72528,8.272667107875579,0.9334598843120946,7.339207223563484,0,8.996525479814661,TRUE,205
P. vivax,model5,13001,Rio Negro,AM,2020,1,205,119734,1024.7715769956737,882.0308144518681,142.74076254380566,427.40574941119473,4683.485893731103,TRUE,205
P. vivax,model5,13001,Rio Negro,AM,2020,2,206,119734,1011.408622446423,785.4521477243378,225.9564747220852,375.22758781966695,4334.524863447306,TRUE,205
P. vivax,model5,13001,Rio Negro,AM,2020,3,207,119734,1104.9493042911788,830.8850675991857,274.0642366919931,376.8770775218401,4467.6741777606985,TRUE,205
P. vivax,model5,13002,Japurá,AM,2020,1,205,20512,463.1435257410297,230.10286860098435,233.04065714004534,78.003120124805,1338.3629095163806,TRUE,205
P. vivax,model5,13002,Japurá,AM,2020,2,206,20512,614.2745709828392,178.00719777451243,436.26737320832683,58.50234009360375,1094.237519500778,TRUE,205
P. vivax,model5,13002,Japurá,AM,2020,3,207,20512,745.9048361934477,205.2859755109503,540.6188606824975,75.44364274570984,1239.640210608421,TRUE,205
P. vivax,model5,13003,Alto Solimões,AM,2020,1,205,254355,91.99740520139176,53.44916981737942,38.54823538401234,18.66485817066698,258.6640718680583,TRUE,205
P. vivax,model5,13003,Alto Solimões,AM,2020,2,206,254355,77.45080694305203,66.41219792758663,11.038609015465397,26.134732951976567,335.9576182893987,TRUE,205
P. vivax,model5,13003,Alto Solimões,AM,2020,3,207,254355,153.32900866898626,83.89728307724918,69.43172559173708,30.99998034243479,381.7302588901332,TRUE,205
P. vivax,model5,13004,Juruá,AM,2020,1,205,154894,223.37856856947332,146.1168922778392,77.2616762916341,68.33705630947617,776.4180665487359,TRUE,205
P. vivax,model5,13004,Juruá,AM,2020,2,206,154894,270.5075729208362,140.02956346991672,130.47800945091947,57.11970767105246,727.3361137293888,TRUE,205
P. vivax,model5,13004,Juruá,AM,2020,3,207,154894,451.92195953361653,199.54147702965867,252.38048250395786,84.57396671271967,1067.5042286983355,TRUE,205
P. vivax,model5,13005,Tefé,AM,2020,1,205,89457,184.44615848955365,140.84153057373683,43.60462791581682,45.07752327934092,859.1278491342204,TRUE,205
P. vivax,model5,13005,Tefé,AM,2020,2,206,89457,196.7425690555239,135.6866688715035,61.05590018402037,48.011893982583814,796.6397263489694,TRUE,205
P. vivax,model5,13005,Tefé,AM,2020,3,207,89457,270.5210324513453,172.92774975101827,97.59328270032705,63.66187106654594,976.4188381009851,TRUE,205
P. vivax,model5,13006,Coari,AM,2020,1,205,183887,98.97382631724918,67.31706057406561,31.65676574318357,22.812923153893426,375.24403573933967,TRUE,205
P. vivax,model5,13006,Coari,AM,2020,2,206,183887,64.71365566897062,75.41662572148438,-10.702970052513763,30.997297253204415,405.76549728909595,TRUE,205
P. vivax,model5,13006,Coari,AM,2020,3,207,183887,75.04608808670542,91.83426947957314,-16.788181392867713,33.661977192514975,510.9659736686114,TRUE,205
P. vivax,model5,13007,Manaus,AM,2020,1,205,2509626,37.256547389929814,31.753355488463903,5.503191901465911,12.38531159622988,189.8410360746978,TRUE,205
P. vivax,model5,13007,Manaus,AM,2020,2,206,2509626,27.41444342702857,26.98726813576024,0.4271752912683304,10.039344507906756,159.37832967940227,TRUE,205
P. vivax,model5,13007,Manaus,AM,2020,3,207,2509626,26.816744805799747,28.12180176559589,-1.3050569597961434,10.24355820349327,168.49522598187926,TRUE,205
P. vivax,model5,13008,Rio Preto da Eva,AM,2020,1,205,71299,228.61470707864063,206.8060523982256,21.80865468041503,75.00105190816141,1065.267395054629,TRUE,205
P. vivax,model5,13008,Rio Preto da Eva,AM,2020,2,206,71299,138.85187730543205,152.0488705624495,-13.196993257017454,49.75525603444648,853.5884093746048,TRUE,205
P. vivax,model5,13008,Rio Preto da Eva,AM,2020,3,207,71299,147.26714259667037,128.623248412162,18.643894184508355,38.53490231279541,744.4003422207875,TRUE,205
P. vivax,model5,13009,Itacoatiara,AM,2020,1,205,182772,57.44862451579016,19.543180357395883,37.905444158394275,6.565557087518877,114.6920753725953,TRUE,205
P. vivax,model5,13009,Itacoatiara,AM,2020,2,206,182772,55.80723524391044,14.98168363456788,40.82555160934256,2.708292298601538,89.2095069266627,TRUE,205
P. vivax,model5,13009,Itacoatiara,AM,2020,3,207,182772,45.411769855338896,13.889395720047848,31.52237413529105,3.2827785437594383,81.60440330028662,TRUE,205
P. vivax,model5,13010,Parintins,AM,2020,1,205,284437,16.523869960659127,11.196193913885368,5.3276760467737585,3.331141869728622,62.781916557972394,TRUE,205
P. vivax,model5,13010,Parintins,AM,2020,2,206,284437,13.00815294775293,9.040000331793784,3.968152615959145,2.461001909034338,49.05304162257371,TRUE,205
P. vivax,model5,13010,Parintins,AM,2020,3,207,284437,15.820726558077888,9.560819006749288,6.259907551328601,1.7578585064530985,56.0844756483861,TRUE,205
P. vivax,model5,13011,Boca do Acre,AM,2020,1,205,54157,210.4991044555644,86.67098994515722,123.82811451040719,32.267296932991115,486.9638273907339,TRUE,205
P. vivax,model5,13011,Boca do Acre,AM,2020,2,206,54157,99.7101021105305,75.31898943881049,24.39111267172001,27.69725058625847,423.814096054065,TRUE,205
P. vivax,model5,13011,Boca do Acre,AM,2020,3,207,54157,110.78900234503388,91.82797708660766,18.96102525842622,30.420813560573883,493.9804642059197,TRUE,205
P. vivax,model5,13012,Purus,AM,2020,1,205,79704,392.7030011040851,234.60149763994994,158.10150346413516,82.14769647696477,1304.9533273110505,TRUE,205
P. vivax,model5,13012,Purus,AM,2020,2,206,79704,436.6154772658838,228.3991253554812,208.21635191040258,82.74365151058919,1241.8134598012643,TRUE,205
P. vivax,model5,13012,Purus,AM,2020,3,207,79704,595.9550336244102,355.8141086029191,240.14092502149117,131.8942587574024,1900.5633343370469,TRUE,205
P. vivax,model5,13013,Madeira,AM,2020,1,205,202880,138.99842271293377,109.39864674598242,29.599775966951356,41.09572160883281,577.4595820189272,TRUE,205
P. vivax,model5,13013,Madeira,AM,2020,2,206,202880,131.11198738170347,108.66392483818122,22.448062543522255,45.83990536277602,554.1822752365922,TRUE,205
P. vivax,model5,13013,Madeira,AM,2020,3,207,202880,141.46293375394322,136.5939909352036,4.868942818739612,48.10725552050474,713.4882689274448,TRUE,205
P. vivax,model5,14001,Boa Vista,RR,2020,1,205,467130,352.1503649947552,224.80483484658464,127.34553014817055,88.59953332048894,1120.7319161689466,TRUE,205
P. vivax,model5,14001,Boa Vista,RR,2020,2,206,467130,287.5002675914627,176.36183983316263,111.13842775830008,71.69310470318754,890.38918502344,TRUE,205
P. vivax,model5,14001,Boa Vista,RR,2020,3,207,467130,337.8074625907135,191.20099632039168,146.60646627032182,72.53869372551539,970.1314409265083,TRUE,205
P. vivax,model5,14002,Nordeste de Roraima,RR,2020,1,205,53677,637.144400767554,375.24063367347816,261.9037670940758,148.06155336550106,1668.5917618346766,TRUE,205
P. vivax,model5,14002,Nordeste de Roraima,RR,2020,2,206,53677,543.9946345734672,304.47848392616606,239.51615064730117,109.82357434282841,1310.756935000093,TRUE,205
P. vivax,model5,14002,Nordeste de Roraima,RR,2020,3,207,53677,499.2827468003056,274.4956360191407,224.78711078116487,106.09758369506494,1306.7980699368436,TRUE,205
P. vivax,model5,14003,Caracaraí,RR,2020,1,205,52751,851.1686982237303,413.63548646897624,437.53321175475406,157.15341889253284,2199.7213322970165,TRUE,205
P. vivax,model5,14003,Caracaraí,RR,2020,2,206,52751,521.317131428788,303.92679339018855,217.39033803859945,116.53807510758091,1668.3096055051087,TRUE,205
P. vivax,model5,14003,Caracaraí,RR,2020,3,207,52751,508.0472408106007,293.08888584037226,214.95835497022847,120.329472427063,1504.4738488369887,TRUE,205
P. vivax,model5,14004,Sudeste de Roraima,RR,2020,1,205,57623,529.3025354459157,602.518764520388,-73.21622907447227,204.60579976745396,3488.6243340332817,TRUE,205
P. vivax,model5,14004,Sudeste de Roraima,RR,2020,2,206,57623,520.6254447009006,490.6348941687953,29.990550532105317,137.92235739201362,2836.9314336289326,TRUE,205
P. vivax,model5,14004,Sudeste de Roraima,RR,2020,3,207,57623,498.06500876386167,496.6107435442656,1.4542652195960954,165.68904777606167,2938.149697169533,TRUE,205
P. vivax,model5,15001,Óbidos,PA,2020,1,205,211269,27.453152142529195,13.512203631385391,13.940948511143803,4.259971884185565,84.1699444783663,TRUE,205
P. vivax,model5,15001,Óbidos,PA,2020,2,206,211269,16.093227118034353,11.658020724884874,4.435206393149478,3.7866416748316127,76.46649532113065,TRUE,205
P. vivax,model5,15001,Óbidos,PA,2020,3,207,211269,14.19990628061855,13.663662432437764,0.536243848180785,2.366651046769758,78.37164941378052,TRUE,205
P. vivax,model5,15002,Santarém,PA,2020,1,205,531849,37.22861188043974,18.4631607639655,18.765451116474242,5.452675477438145,91.87288121252459,TRUE,205
P. vivax,model5,15002,Santarém,PA,2020,2,206,531849,30.459773356723428,17.4932760611564,12.966497295567027,4.888605600461785,86.53772029278983,TRUE,205
P. vivax,model5,15002,Santarém,PA,2020,3,207,531849,48.88605600461785,19.05772221527859,29.828333789339258,5.452675477438145,96.9730130168524,TRUE,205
P. vivax,model5,15003,Almeirim,PA,2020,1,205,75877,15.8150691250313,9.174029469378608,6.641039655652692,0,44.18334936805616,TRUE,205
P. vivax,model5,15003,Almeirim,PA,2020,2,206,75877,7.90753456251565,8.268920219242183,-0.361385656726533,0,47.51110349644814,TRUE,205
P. vivax,model5,15003,Almeirim,PA,2020,3,207,75877,13.179224270859418,7.124841586367208,6.05438268449221,0,38.21975038549231,TRUE,205
P. vivax,model5,15004,Portel,PA,2020,1,205,155915,187.28153160375848,157.44696503250046,29.834566571258023,53.16999647243691,861.799698553699,TRUE,205
P. vivax,model5,15004,Portel,PA,2020,2,206,155915,122.50264567232145,155.93658137296455,-33.433935700643104,58.974441201936955,906.9525061732345,TRUE,205
P. vivax,model5,15004,Portel,PA,2020,3,207,155915,103.90276753359203,154.85771144189002,-50.95494390829799,61.235288458454924,902.5911554372565,TRUE,205
P. vivax,model5,15005,Furos de Breves,PA,2020,1,205,234720,259.88411724608045,222.34815257960696,37.53596466647349,91.63045330606681,994.3869291070209,TRUE,205
P. vivax,model5,15005,Furos de Breves,PA,2020,2,206,234720,205.35105657805047,242.34908772591572,-36.99803114786525,107.29805725971372,1113.0389400136328,TRUE,205
P. vivax,model5,15005,Furos de Breves,PA,2020,3,207,234720,183.62304021813225,262.8835127138362,-79.26047249570394,120.26031015678257,1173.9519427402845,TRUE,205
P. vivax,model5,15006,Arari,PA,2020,1,205,180421,16.62777614579234,7.360167435759422,9.267608710032917,0.2632731223083795,39.67110258783619,TRUE,205
P. vivax,model5,15006,Arari,PA,2020,2,206,180421,15.519257736072852,10.24326318999401,5.2759945460788416,1.9260507368876136,51.28283292964787,TRUE,205
P. vivax,model5,15006,Arari,PA,2020,3,207,180421,7.759628868036426,12.732408794748535,-4.972779926712109,2.4803099417473584,58.806901635618864,TRUE,205
P. vivax,model5,15007,Belém,PA,2020,1,205,2381117,0.9659332153774888,0.7421836837983669,0.22374953157912192,0.04199709632076038,3.9918240052882723,TRUE,205
P. vivax,model5,15007,Belém,PA,2020,2,206,2381117,0.4199709632076038,0.6325555321155535,-0.2125845689079497,0.12599128896228115,4.144063479451024,TRUE,205
P. vivax,model5,15007,Belém,PA,2020,3,207,2381117,0.7139506374529265,0.6876312599270917,0.026319377525834797,0.18793700603540275,3.759790048116072,TRUE,205
P. vivax,model5,15008,Castanhal,PA,2020,1,205,348294,0.5742275204281441,0.3980015190671987,0.17622600136094535,0,2.584023841926648,TRUE,205
P. vivax,model5,15008,Castanhal,PA,2020,2,206,348294,0,0.3434620585629134,-0.3434620585629134,0,2.7347585660390292,TRUE,205
P. vivax,model5,15008,Castanhal,PA,2020,3,207,348294,0,0.33322619754869,-0.33322619754869,0,2.2969100817125763,TRUE,205
P. vivax,model5,15009,Salgado,PA,2020,1,205,273785,1.0957503150282155,0.24442290882179246,0.8513274062064231,0,2.0180068301769554,TRUE,205
P. vivax,model5,15009,Salgado,PA,2020,2,206,273785,0,0.2381316938521895,-0.2381316938521895,0,2.191500630056431,TRUE,205
P. vivax,model5,15009,Salgado,PA,2020,3,207,273785,0,0.34484645464863467,-0.34484645464863467,0,2.5567507350658363,TRUE,205
P. vivax,model5,15010,Bragantina,PA,2020,1,205,427450,0.7018364721020003,0.050602882851871964,0.6512335892501283,0,0.7018364721020003,TRUE,205
P. vivax,model5,15010,Bragantina,PA,2020,2,206,427450,0,0.043085541878644495,-0.043085541878644495,0,0.7018364721020003,TRUE,205
P. vivax,model5,15010,Bragantina,PA,2020,3,207,427450,0,0.04495638598471071,-0.04495638598471071,0,0.4678909814013335,TRUE,205
P. vivax,model5,15011,Cametá,PA,2020,1,205,503601,73.86800264495106,78.77782307173852,-4.909820426787462,31.761255438333123,358.3789547677625,TRUE,205
P. vivax,model5,15011,Cametá,PA,2020,2,206,503601,35.74258192497632,73.23214487208068,-37.48956294710436,33.255493932696716,339.3708511301603,TRUE,205
P. vivax,model5,15011,Cametá,PA,2020,3,207,503601,33.756882929144304,63.47165868793535,-29.71477575879105,22.721360759807865,289.52484208728714,TRUE,205
P. vivax,model5,15012,Tomé-Açu,PA,2020,1,205,345631,0.2893258995865533,0.6185289282676022,-0.3292030286810489,0,4.491784591081233,TRUE,205
P. vivax,model5,15012,Tomé-Açu,PA,2020,2,206,345631,0.5786517991731066,0.4515472370667104,0.1271045621063962,0,3.9131327919081267,TRUE,205
P. vivax,model5,15012,Tomé-Açu,PA,2020,3,207,345631,1.4466294979327665,0.3988494272007207,1.047780070732046,0,3.045155093148467,TRUE,205
P. vivax,model5,15013,Guamá,PA,2020,1,205,488143,0.8194320107017821,0.39208247977495475,0.4273495309268273,0,2.6631540347807916,TRUE,205
P. vivax,model5,15013,Guamá,PA,2020,2,206,488143,0.20485800267544552,0.3742356733947228,-0.16937767071927728,0,2.9755624888608416,TRUE,205
P. vivax,model5,15013,Guamá,PA,2020,3,207,488143,0.20485800267544552,0.3840122426554515,-0.17915423998000596,0,3.4825860454825737,TRUE,205
P. vivax,model5,15014,Itaituba,PA,2020,1,205,221823,287.6167034076719,164.313234696984,123.30346871068787,75.69097884349233,752.9088507503728,TRUE,205
P. vivax,model5,15014,Itaituba,PA,2020,2,206,221823,256.9616315711175,143.5824617156098,113.37916985550768,63.94738147081232,664.05422341236,TRUE,205
P. vivax,model5,15014,Itaituba,PA,2020,3,207,221823,252.45353277162423,148.84021628915426,103.61331648246997,69.33455953620681,682.8868061472433,TRUE,205
P. vivax,model5,15015,Altamira,PA,2020,1,205,312142,36.84220643168815,25.544326323313115,11.297880108375033,7.5206156172511225,131.5987595389277,TRUE,205
P. vivax,model5,15015,Altamira,PA,2020,2,206,312142,30.114499170249438,22.261568990780763,7.852930179468675,7.048074273888166,117.03006964778841,TRUE,205
P. vivax,model5,15015,Altamira,PA,2020,3,207,312142,39.40514253128384,16.76631583654489,22.638826694738952,4.805505186741931,83.78398293084557,TRUE,205
P. vivax,model5,15016,Tucuruí,PA,2020,1,205,389741,3.8487097841900137,13.343987138623667,-9.495277354433654,4.105290436469348,51.31613045586685,FALSE,205
P. vivax,model5,15016,Tucuruí,PA,2020,2,206,389741,1.7960645659553398,9.864306600493677,-8.068242034538336,2.565806522793342,44.048483480054664,FALSE,205
P. vivax,model5,15016,Tucuruí,PA,2020,3,207,389741,3.8487097841900137,8.11367641138455,-4.264966627194536,1.6613597235086894,36.83856715100539,TRUE,205
P. vivax,model5,15017,Paragominas,PA,2020,1,205,354221,0.28230963155769984,1.6796743711717566,-1.3973647396140567,0,9.74674002952958,TRUE,205
P. vivax,model5,15017,Paragominas,PA,2020,2,206,354221,0,1.4472497211524822,-1.4472497211524822,0,8.899811134856481,TRUE,205
P. vivax,model5,15017,Paragominas,PA,2020,3,207,354221,0.5646192631153997,1.1415529857354119,-0.5769337226200122,0,7.354165902078069,TRUE,205
P. vivax,model5,15018,São Félix do Xingu,PA,2020,1,205,222632,8.534262819361098,3.8638191422905224,4.670443677070576,0.2133565704840281,23.37938840777604,TRUE,205
P. vivax,model5,15018,São Félix do Xingu,PA,2020,2,206,222632,3.1442020913435624,4.037233047541887,-0.893030956198325,0.2133565704840281,22.245229796255696,TRUE,205
P. vivax,model5,15018,São Félix do Xingu,PA,2020,3,207,222632,2.2458586366739732,4.948924542846214,-2.703065906172241,0,29.645334004096448,TRUE,205
P. vivax,model5,15019,Parauapebas,PA,2020,1,205,331080,2.7183762232693005,1.0351437278898665,1.683232495379434,0,7.264105352180728,TRUE,205
P. vivax,model5,15019,Parauapebas,PA,2020,2,206,331080,1.2081672103419112,0.8231751365951193,0.3849920737467919,0,5.59532439289597,TRUE,205
P. vivax,model5,15019,Parauapebas,PA,2020,3,207,331080,0.6040836051709556,0.6950603175325285,-0.0909767123615729,0,4.991240787725014,TRUE,205
P. vivax,model5,15020,Marabá,PA,2020,1,205,338296,1.182396481188072,0.48238589552183675,0.7000105856662353,0,3.702378981720144,TRUE,205
P. vivax,model5,15020,Marabá,PA,2020,2,206,338296,0,0.38844247053365316,-0.38844247053365316,0,2.660392082673162,TRUE,205
P. vivax,model5,15020,Marabá,PA,2020,3,207,338296,0.8867973608910541,0.38620167291018087,0.5005956879808733,0,2.8155816208290902,TRUE,205
P. vivax,model5,15021,Redenção,PA,2020,1,205,197953,0,1.8522027954097793,-1.8522027954097793,0,14.649942157986997,TRUE,205
P. vivax,model5,15021,Redenção,PA,2020,2,206,197953,0.505170419240931,1.7088218589755584,-1.2036514397346274,0,13.639601319505136,TRUE,205
P. vivax,model5,15021,Redenção,PA,2020,3,207,197953,0.505170419240931,1.6747458546236316,-1.1695754353827006,0,12.38930453188382,TRUE,205
P. vivax,model5,15022,Conceição do Araguaia,PA,2020,1,205,164785,0,0.23088882800210897,-0.23088882800210897,0,2.427405407045544,TRUE,205
P. vivax,model5,15022,Conceição do Araguaia,PA,2020,2,206,164785,0.606851351761386,0.2573924721267102,0.34945887963467587,0,3.0342567588069302,TRUE,205
P. vivax,model5,15022,Conceição do Araguaia,PA,2020,3,207,164785,0,0.28950320214928127,-0.28950320214928127,0,3.0342567588069302,TRUE,205
P. vivax,model5,16001,Oiapoque,AP,2020,1,205,39212,234.62205447312047,286.33538844929257,-51.713333976172095,136.37406916250129,1556.9851066000178,TRUE,205
P. vivax,model5,16001,Oiapoque,AP,2020,2,206,39212,119.86126695909414,224.97167243907654,-105.1104054799824,63.50096909109458,1243.2418647352838,TRUE,205
P. vivax,model5,16001,Oiapoque,AP,2020,3,207,39212,142.81342446189942,207.90859931715767,-65.09517485525825,64.96735693155158,1258.862083035805,TRUE,205
P. vivax,model5,16002,Amapá,AP,2020,1,205,32202,65.21334078628657,47.08600719535761,18.127333590928956,6.210794360598721,229.79939134215266,TRUE,205
P. vivax,model5,16002,Amapá,AP,2020,2,206,32202,15.526985901496802,47.104569062841826,-31.577583161345025,3.1053971802993603,234.69039190112397,TRUE,205
P. vivax,model5,16002,Amapá,AP,2020,3,207,32202,6.210794360598721,39.44358626101697,-33.23279190041825,3.1053971802993603,187.9541643376187,TRUE,205
P. vivax,model5,16003,Macapá,AP,2020,1,205,700690,64.79327520015984,64.61459872662263,0.17867647353720884,28.800182677075455,362.3785126089997,TRUE,205
P. vivax,model5,16003,Macapá,AP,2020,2,206,700690,39.53246086000942,50.58545794981191,-11.052997089802489,20.754541951504947,294.79513051420724,TRUE,205
P. vivax,model5,16003,Macapá,AP,2020,3,207,700690,32.53935406527851,38.439980439086895,-5.900626373808386,16.480183818807173,215.3127631334827,TRUE,205
P. vivax,model5,16004,Mazagão,AP,2020,1,205,89669,122.67338768136146,133.13519512906308,-10.461807447701617,43.4375313653548,567.922024333939,TRUE,205
P. vivax,model5,16004,Mazagão,AP,2020,2,206,89669,61.33669384068073,106.6205568346954,-45.283862994014676,39.56216752723907,484.44836007984884,TRUE,205
P. vivax,model5,16004,Mazagão,AP,2020,3,207,89669,63.567119071250936,96.33907016966084,-32.77195109840991,34.57159107383823,446.00140516789486,TRUE,205
P. vivax,model5,17001,Bico do Papagaio,TO,2020,1,205,217560,0.9192866335723479,0.6939257558849066,0.22536087768744129,0,5.297389225960644,TRUE,205
P. vivax,model5,17001,Bico do Papagaio,TO,2020,2,206,217560,0.45964331678617393,0.6445148202463009,-0.18487150346012698,0,5.056076484647913,TRUE,205
P. vivax,model5,17001,Bico do Papagaio,TO,2020,3,207,217560,0.45964331678617393,0.6485428355437963,-0.1888995187576224,0,5.297389225960644,TRUE,205
P. vivax,model5,17002,Araguaína,TO,2020,1,205,323491,0,0.200061964357755,-0.200061964357755,0,1.8547656658145049,TRUE,205
P. vivax,model5,17002,Araguaína,TO,2020,2,206,323491,0.30912761096908414,0.1752634091060455,0.13386420186303866,0,1.5456380548454207,TRUE,205
P. vivax,model5,17002,Araguaína,TO,2020,3,207,323491,0.6182552219381683,0.1619408715646513,0.456314350373517,0,1.5456380548454207,TRUE,205
P. vivax,model5,17003,Miracema do Tocantins,TO,2020,1,205,149583,0,0.016952578402043363,-0.016952578402043363,0,0.6685251666298978,TRUE,205
P. vivax,model5,17003,Miracema do Tocantins,TO,2020,2,206,149583,0,0.017221042563663483,-0.017221042563663483,0,0.6685251666298978,TRUE,205
P. vivax,model5,17003,Miracema do Tocantins,TO,2020,3,207,149583,0.6685251666298978,0.01860550128840915,0.6499196653414887,0,0.6685251666298978,TRUE,205
P. vivax,model5,17004,Rio Formoso,TO,2020,1,205,128892,0,0.044526241272786,-0.044526241272786,0,0.7758433417124414,TRUE,205
P. vivax,model5,17004,Rio Formoso,TO,2020,2,206,128892,0,0.0466245158508628,-0.0466245158508628,0,0.7758433417124414,TRUE,205
P. vivax,model5,17004,Rio Formoso,TO,2020,3,207,128892,0,0.049433368532275236,-0.049433368532275236,0,0.7758433417124414,TRUE,205
P. vivax,model5,17005,Gurupi,TO,2020,1,205,151930,0,0.05312312110335918,-0.05312312110335918,0,1.31639570854999,TRUE,205
P. vivax,model5,17005,Gurupi,TO,2020,2,206,151930,0,0.057286957255245415,-0.057286957255245415,0,1.31639570854999,TRUE,205
P. vivax,model5,17005,Gurupi,TO,2020,3,207,151930,0,0.0657640976338359,-0.0657640976338359,0,1.31639570854999,TRUE,205
P. vivax,model5,17006,Porto Nacional,TO,2020,1,205,413057,0.24209733765557778,0.1763101338478955,0.06578720380768227,0,1.6946813635890448,TRUE,205
P. vivax,model5,17006,Porto Nacional,TO,2020,2,206,413057,0,0.1875237817354493,-0.1875237817354493,0,1.9367787012446223,TRUE,205
P. vivax,model5,17006,Porto Nacional,TO,2020,3,207,413057,0,0.21613878121505356,-0.21613878121505356,0,1.6946813635890448,TRUE,205
P. vivax,model5,17007,Jalapão,TO,2020,1,205,80915,0,8.504841735872466e-4,-8.504841735872466e-4,0,0,TRUE,205
P. vivax,model5,17007,Jalapão,TO,2020,2,206,80915,0,8.67166731825845e-4,-8.67166731825845e-4,0,0,TRUE,205
P. vivax,model5,17007,Jalapão,TO,2020,3,207,80915,0,0.0010008600018908778,-0.0010008600018908778,0,0,TRUE,205
P. vivax,model5,17008,Dianópolis,TO,2020,1,205,124820,1.6023073225444642,0.0010776309052323155,1.601229691639232,0,0,FALSE,205
P. vivax,model5,17008,Dianópolis,TO,2020,2,206,124820,0.8011536612722321,0.0012464233704002493,0.7999072379018318,0,0,FALSE,205
P. vivax,model5,17008,Dianópolis,TO,2020,3,207,124820,0,0.001554448761604129,-0.001554448761604129,0,0,TRUE,205
P. vivax,model5,21001,Litoral Ocidental Maranhense,MA,2020,1,205,191685,0,0.03764816471373073,-0.03764816471373073,0,0.5216892297258523,TRUE,205
P. vivax,model5,21001,Litoral Ocidental Maranhense,MA,2020,2,206,191685,0,0.032303136992735355,-0.032303136992735355,0,0.5216892297258523,TRUE,205
P. vivax,model5,21001,Litoral Ocidental Maranhense,MA,2020,3,207,191685,0,0.04185750048155157,-0.04185750048155157,0,0.5216892297258523,TRUE,205
P. vivax,model5,21002,Aglomeração Urbana de São Luís,MA,2020,1,205,1442927,0.13860715060429252,0.03969417179014259,0.09891297881414993,0,0.4158214518128776,TRUE,205
P. vivax,model5,21002,Aglomeração Urbana de São Luís,MA,2020,2,206,1442927,0,0.03903645802326216,-0.03903645802326216,0,0.4158214518128776,TRUE,205
P. vivax,model5,21002,Aglomeração Urbana de São Luís,MA,2020,3,207,1442927,0,0.05014429555545688,-0.05014429555545688,0,0.45220582884650284,TRUE,205
P. vivax,model5,21003,Rosário,MA,2020,1,205,179884,0,0.01951707643580488,-0.01951707643580488,0,0.5559138111227235,TRUE,205
P. vivax,model5,21003,Rosário,MA,2020,2,206,179884,0,0.019399860122908244,-0.019399860122908244,0,0.5559138111227235,TRUE,205
P. vivax,model5,21003,Rosário,MA,2020,3,207,179884,0,0.02410022987176176,-0.02410022987176176,0,0.5559138111227235,TRUE,205
P. vivax,model5,21004,Lençóis Maranhenses,MA,2020,1,205,199178,0,0.009747948498450967,-0.009747948498450967,0,0.2635833274759147,TRUE,205
P. vivax,model5,21004,Lençóis Maranhenses,MA,2020,2,206,199178,0,0.012692425999075876,-0.012692425999075876,0,0.5020634809065259,TRUE,205
P. vivax,model5,21004,Lençóis Maranhenses,MA,2020,3,207,199178,0,0.01940600788393732,-0.01940600788393732,0,0.5020634809065259,TRUE,205
P. vivax,model5,21005,Baixada Maranhense,MA,2020,1,205,608061,1.9734862127319464,0.44583694710859767,1.5276492656233487,0,2.388740603327623,TRUE,205
P. vivax,model5,21005,Baixada Maranhense,MA,2020,2,206,608061,1.8090290283376176,0.37066010048205844,1.4383689278555591,0,2.466857765914933,TRUE,205
P. vivax,model5,21005,Baixada Maranhense,MA,2020,3,207,608061,0.8222859219716443,0.3560526534220373,0.466233268549607,0,2.2242834189332936,TRUE,205
P. vivax,model5,21006,Itapecuru Mirim,MA,2020,1,205,238418,0,0.023727121586009238,-0.023727121586009238,0,0.41943141876871715,TRUE,205
P. vivax,model5,21006,Itapecuru Mirim,MA,2020,2,206,238418,0,0.028061874089378814,-0.028061874089378814,0,0.41943141876871715,TRUE,205
P. vivax,model5,21006,Itapecuru Mirim,MA,2020,3,207,238418,0,0.04350596041448435,-0.04350596041448435,0,0.8388628375374343,TRUE,205
P. vivax,model5,21007,Gurupi,MA,2020,1,205,243679,0.8207518908071685,1.008622551821897,-0.1878706610147285,0,7.602214388601389,TRUE,205
P. vivax,model5,21007,Gurupi,MA,2020,2,206,243679,3.283007563228674,1.0015789355869498,2.2814286276417244,0,6.3710865523906355,TRUE,205
P. vivax,model5,21007,Gurupi,MA,2020,3,207,243679,2.4622556724215054,1.210575945549879,1.2516797268716264,0,8.207518908071684,TRUE,205
P. vivax,model5,21008,Pindaré,MA,2020,1,205,669222,7.172507777688121,2.6748856858899916,4.49762209179813,0.2988544907370051,16.451939715072115,TRUE,205
P. vivax,model5,21008,Pindaré,MA,2020,2,206,669222,5.080526342529086,2.339785393913668,2.740740948615418,0.2988544907370051,15.5553762428611,TRUE,205
P. vivax,model5,21008,Pindaré,MA,2020,3,207,669222,3.5862538888440607,2.398156023075073,1.1880978657689876,0.5192596776555465,15.618882822142723,TRUE,205
P. vivax,model5,21009,Imperatriz,MA,2020,1,205,602537,0.8298245584918437,0.6883997294923788,0.14142482899946485,0,4.3150877041575875,TRUE,205
P. vivax,model5,21009,Imperatriz,MA,2020,2,206,602537,0.3319298233967375,0.5966638019021173,-0.26473397850537983,0,4.3150877041575875,TRUE,205
P. vivax,model5,21009,Imperatriz,MA,2020,3,207,602537,0.4978947350951062,0.5588808272317166,-0.06098609213661044,0,3.572394724307383,TRUE,205
P. vivax,model5,21010,Médio Mearim,MA,2020,1,205,424432,1.8848720171900328,0.893886662398666,0.9909853547913668,0,5.77831077769819,TRUE,205
P. vivax,model5,21010,Médio Mearim,MA,2020,2,206,424432,1.1780450107437705,0.8293249576910947,0.34872005305267584,0,5.18339804727259,TRUE,205
P. vivax,model5,21010,Médio Mearim,MA,2020,3,207,424432,0.4712180042975082,0.9067896086268314,-0.43557160432932324,0,6.1376145059750336,TRUE,205
P. vivax,model5,21011,Alto Mearim e Grajaú,MA,2020,1,205,338308,3.2514749872896886,1.8724024490473326,1.379072538242356,0,13.76704068481973,TRUE,205
P. vivax,model5,21011,Alto Mearim e Grajaú,MA,2020,2,206,338308,2.0691204464570743,1.7522417791443967,0.31687866731267755,0,12.569906712226722,TRUE,205
P. vivax,model5,21011,Alto Mearim e Grajaú,MA,2020,3,207,338308,1.1823545408326142,1.8266945311097311,-0.644339990277117,0,12.569906712226722,TRUE,205
P. vivax,model5,21012,Presidente Dutra,MA,2020,1,205,200027,0.9998650182225399,0.6026487144484601,0.3972163037740798,0,5.49925760022397,TRUE,205
P. vivax,model5,21012,Presidente Dutra,MA,2020,2,206,200027,0.49993250911126996,0.5749960801715516,-0.07506357106028161,0,5.49925760022397,TRUE,205
P. vivax,model5,21012,Presidente Dutra,MA,2020,3,207,200027,0.9998650182225399,0.6319581850108585,0.3679068332116814,0,4.4993925820014296,TRUE,205
P. vivax,model5,21013,Baixo Parnaíba Maranhense,MA,2020,1,205,147430,2.0348640032557825,0.32251945096377427,1.7123445522920082,0,3.0692532049107895,TRUE,205
P. vivax,model5,21013,Baixo Parnaíba Maranhense,MA,2020,2,206,147430,0,0.29197322874305814,-0.29197322874305814,0,3.391440005426304,TRUE,205
P. vivax,model5,21013,Baixo Parnaíba Maranhense,MA,2020,3,207,147430,0,0.2856409741660836,-0.2856409741660836,0,3.0692532049107895,TRUE,205
P. vivax,model5,21014,Chapadinha,MA,2020,1,205,246702,0.4053473421374776,0.23311991627027057,0.17222742586720702,0,2.0267367106873877,TRUE,205
P. vivax,model5,21014,Chapadinha,MA,2020,2,206,246702,0.4053473421374776,0.21610459415770905,0.18924274797976853,0,2.2395440653095546,TRUE,205
P. vivax,model5,21014,Chapadinha,MA,2020,3,207,246702,0,0.22017165552181406,-0.22017165552181406,0,2.2395440653095546,TRUE,205
P. vivax,model5,21015,Codó,MA,2020,1,205,280000,0.7142857142857143,0.17913909278550613,0.5351466215002082,0,1.7857142857142858,TRUE,205
P. vivax,model5,21015,Codó,MA,2020,2,206,280000,0.35714285714285715,0.1640391011695823,0.19310375597327484,0,1.7857142857142858,TRUE,205
P. vivax,model5,21015,Codó,MA,2020,3,207,280000,0,0.18226438228811934,-0.18226438228811934,0,1.7857142857142858,TRUE,205
P. vivax,model5,21016,Coelho Neto,MA,2020,1,205,94357,0,0.08876408572865228,-0.08876408572865228,0,2.1196095679175895,TRUE,205
P. vivax,model5,21016,Coelho Neto,MA,2020,2,206,94357,0,0.07731027048094845,-0.07731027048094845,0,1.0598047839587947,TRUE,205
P. vivax,model5,21016,Coelho Neto,MA,2020,3,207,94357,0,0.06948531615854613,-0.06948531615854613,0,2.1196095679175895,TRUE,205
P. vivax,model5,21017,Caxias,MA,2020,1,205,447282,0.22357260073063528,0.15015862741278302,0.07341397331785227,0,1.1178630036531763,TRUE,205
P. vivax,model5,21017,Caxias,MA,2020,2,206,447282,0,0.14648114667025977,-0.14648114667025977,0,1.45881121976739,TRUE,205
P. vivax,model5,21017,Caxias,MA,2020,3,207,447282,0.22357260073063528,0.14755202935420864,0.07602057137642665,0,1.5650082051144467,TRUE,205
P. vivax,model5,21018,Chapadas do Alto Itapecuru,MA,2020,1,205,222247,0.8998996611877775,0.05063750429533084,0.8492621568924467,0,0.8998996611877775,TRUE,205
P. vivax,model5,21018,Chapadas do Alto Itapecuru,MA,2020,2,206,222247,0.44994983059388877,0.04030155370512151,0.40964827688876726,0,0.8998996611877775,TRUE,205
P. vivax,model5,21018,Chapadas do Alto Itapecuru,MA,2020,3,207,222247,0,0.03888578402665524,-0.03888578402665524,0,0.44994983059388877,TRUE,205
P. vivax,model5,21019,Porto Franco,MA,2020,1,205,121114,0,0.13597172501168328,-0.13597172501168328,0,2.477005135657315,TRUE,205
P. vivax,model5,21019,Porto Franco,MA,2020,2,206,121114,0,0.11550826822121195,-0.11550826822121195,0,1.6513367571048763,TRUE,205
P. vivax,model5,21019,Porto Franco,MA,2020,3,207,121114,0,0.11455013730519113,-0.11455013730519113,0,1.6513367571048763,TRUE,205
P. vivax,model5,21020,Gerais de Balsas,MA,2020,1,205,144541,1.38369044077459,0.040571604139085546,1.3431188366355045,0,1.0550639610906092,FALSE,205
P. vivax,model5,21020,Gerais de Balsas,MA,2020,2,206,144541,0,0.03511735753951998,-0.03511735753951998,0,0.691845220387295,TRUE,205
P. vivax,model5,21020,Gerais de Balsas,MA,2020,3,207,144541,0,0.03640564961778701,-0.03640564961778701,0,0.691845220387295,TRUE,205
P. vivax,model5,21021,Chapadas das Mangabeiras,MA,2020,1,205,72567,0,0.003062848560746548,-0.003062848560746548,0,0,TRUE,205
P. vivax,model5,21021,Chapadas das Mangabeiras,MA,2020,2,206,72567,0,0.0027724902448574788,-0.0027724902448574788,0,0,TRUE,205
P. vivax,model5,21021,Chapadas das Mangabeiras,MA,2020,3,207,72567,0,0.0031660411980416743,-0.0031660411980416743,0,0,TRUE,205
P. vivax,model5,51001,Aripuanã,MT,2020,1,205,173174,83.73081409449455,47.397964649313515,36.33284944518103,19.907722868328968,228.9171584648961,TRUE,205
P. vivax,model5,51001,Aripuanã,MT,2020,2,206,173174,64.67483571436821,38.723751813033644,25.95108390133457,16.168708928592054,196.44981348239332,TRUE,205
P. vivax,model5,51001,Aripuanã,MT,2020,3,207,173174,86.040629655722,39.45982341193709,46.58080624378491,14.104311270745033,200.50642706179872,TRUE,205
P. vivax,model5,51002,Alta Floresta,MT,2020,1,205,108647,1.8408239528012738,1.4888319093390145,0.3519920434622592,0,14.289395933619865,TRUE,205
P. vivax,model5,51002,Alta Floresta,MT,2020,2,206,108647,3.6816479056025475,1.0627958166116478,2.6188520889908995,0,9.20411976400637,TRUE,205
P. vivax,model5,51002,Alta Floresta,MT,2020,3,207,108647,1.8408239528012738,0.8608250378871705,0.9799989149141033,0,9.20411976400637,TRUE,205
P. vivax,model5,51003,Colíder,MT,2020,1,205,158041,3.7964831910706716,3.3055885372558493,0.4908946538148222,0,19.646800513790694,TRUE,205
P. vivax,model5,51003,Colíder,MT,2020,2,206,158041,5.694724786606007,2.7705185810871895,2.9242062055188174,0,17.08417435981802,TRUE,205
P. vivax,model5,51003,Colíder,MT,2020,3,207,158041,7.592966382141343,2.9668934566780023,4.62607292546334,0,17.41636663903669,TRUE,205
P. vivax,model5,51004,Parecis,MT,2020,1,205,113087,0,2.6671019740007442,-2.6671019740007442,0,17.26546817936631,TRUE,205
P. vivax,model5,51004,Parecis,MT,2020,2,206,113087,6.189924571347723,2.7200978986049935,3.46982667274273,0,16.801223836515252,TRUE,205
P. vivax,model5,51004,Parecis,MT,2020,3,207,113087,8.842749387639605,3.2905047631939657,5.55224462444564,0,19.91829299565819,TRUE,205
P. vivax,model5,51005,Arinos,MT,2020,1,205,83825,1.1929615269907545,0.11450070020003723,1.0784608267907172,0,2.385923053981509,TRUE,205
P. vivax,model5,51005,Arinos,MT,2020,2,206,83825,0,0.09590991358993713,-0.09590991358993713,0,1.1929615269907545,TRUE,205
P. vivax,model5,51005,Arinos,MT,2020,3,207,83825,0,0.10508395205899392,-0.10508395205899392,0,2.385923053981509,TRUE,205
P. vivax,model5,51006,Alto Teles Pires,MT,2020,1,205,267191,0,0.6974935923688904,-0.6974935923688904,0,5.613961548106036,TRUE,205
P. vivax,model5,51006,Alto Teles Pires,MT,2020,2,206,267191,0.3742641032070691,0.6720018239770625,-0.29773772076999344,0,5.43618609908267,TRUE,205
P. vivax,model5,51006,Alto Teles Pires,MT,2020,3,207,267191,1.1227923096212074,0.6649351145472328,0.4578571950739746,0,6.381202959680511,TRUE,205
P. vivax,model5,51007,Sinop,MT,2020,1,205,209969,0.4762607813534379,0.5699714675598244,-0.0937106862063865,0,4.286347032180941,TRUE,205
P. vivax,model5,51007,Sinop,MT,2020,2,206,209969,0,0.5540337014906147,-0.5540337014906147,0,4.286347032180941,TRUE,205
P. vivax,model5,51007,Sinop,MT,2020,3,207,209969,0.4762607813534379,0.5774045935444151,-0.10114381219097718,0,5.012644723744923,TRUE,205
P. vivax,model5,51008,Paranatinga,MT,2020,1,205,37097,0,0.2497657145066651,-0.2497657145066651,0,5.391271531390678,TRUE,205
P. vivax,model5,51008,Paranatinga,MT,2020,2,206,37097,0,0.20728794466002032,-0.20728794466002032,0,2.695635765695339,TRUE,205
P. vivax,model5,51008,Paranatinga,MT,2020,3,207,37097,0,0.2118320698992177,-0.2118320698992177,0,5.391271531390678,TRUE,205
P. vivax,model5,51009,Norte Araguaia,MT,2020,1,205,134387,0,0.03834307528662294,-0.03834307528662294,0,0.7441195949012925,TRUE,205
P. vivax,model5,51009,Norte Araguaia,MT,2020,2,206,134387,0,0.03577291228810991,-0.03577291228810991,0,0.7441195949012925,TRUE,205
P. vivax,model5,51009,Norte Araguaia,MT,2020,3,207,134387,2.2323587847038775,0.04219591033607271,2.1901628743678048,0,0.7441195949012925,FALSE,205
P. vivax,model5,51010,Canarana,MT,2020,1,205,118050,0,0.24597894684566093,-0.24597894684566093,0,3.3883947479881407,TRUE,205
P. vivax,model5,51010,Canarana,MT,2020,2,206,118050,0,0.245187639720049,-0.245187639720049,0,2.5412960609911055,TRUE,205
P. vivax,model5,51010,Canarana,MT,2020,3,207,118050,0,0.2183736233316797,-0.2183736233316797,0,2.5412960609911055,TRUE,205
P. vivax,model5,51011,Médio Araguaia,MT,2020,1,205,69925,0,0.04116548797746604,-0.04116548797746604,0,1.4301036825169826,TRUE,205
P. vivax,model5,51011,Médio Araguaia,MT,2020,2,206,69925,0,0.030659570555797173,-0.030659570555797173,0,1.4301036825169826,TRUE,205
P. vivax,model5,51011,Médio Araguaia,MT,2020,3,207,69925,0,0.02717362478385781,-0.02717362478385781,0,1.4301036825169826,TRUE,205
P. vivax,model5,51012,Alto Guaporé,MT,2020,1,205,76023,2.630782789418992,4.234917318084779,-1.6041345286657873,0,24.99243649948042,TRUE,205
P. vivax,model5,51012,Alto Guaporé,MT,2020,2,206,76023,6.576956973547479,3.3752737930074472,3.201683180540032,0,24.36762558699338,TRUE,205
P. vivax,model5,51012,Alto Guaporé,MT,2020,3,207,76023,5.261565578837984,3.3685426276389494,1.8930229511990344,0,23.677045104770926,TRUE,205
P. vivax,model5,51013,Tangará da Serra,MT,2020,1,205,174002,0,0.10604252934032747,-0.10604252934032747,0,1.1494120757232675,TRUE,205
P. vivax,model5,51013,Tangará da Serra,MT,2020,2,206,174002,0,0.09586345067967143,-0.09586345067967143,0,1.4511327456006122,TRUE,205
P. vivax,model5,51013,Tangará da Serra,MT,2020,3,207,174002,0.5747060378616338,0.10226340060875871,0.47244263725287505,0,1.1494120757232675,TRUE,205
P. vivax,model5,51014,Jauru,MT,2020,1,205,111030,0,0.11939946304572828,-0.11939946304572828,0,1.801314959920742,TRUE,205
P. vivax,model5,51014,Jauru,MT,2020,2,206,111030,0,0.09044303913850377,-0.09044303913850377,0,1.801314959920742,TRUE,205
P. vivax,model5,51014,Jauru,MT,2020,3,207,111030,0,0.0839506348502184,-0.0839506348502184,0,1.801314959920742,TRUE,205
P. vivax,model5,51015,Alto Paraguai,MT,2020,1,205,33357,0,0.011969510468940217,-0.011969510468940217,0,0,TRUE,205
P. vivax,model5,51015,Alto Paraguai,MT,2020,2,206,33357,0,0.00989919323889944,-0.00989919323889944,0,0,TRUE,205
P. vivax,model5,51015,Alto Paraguai,MT,2020,3,207,33357,0,0.01103687463406436,-0.01103687463406436,0,0,TRUE,205
P. vivax,model5,51016,Rosário Oeste,MT,2020,1,205,30839,0,0.0048303048560771195,-0.0048303048560771195,0,0,TRUE,205
P. vivax,model5,51016,Rosário Oeste,MT,2020,2,206,30839,0,0.004006485403215296,-0.004006485403215296,0,0,TRUE,205
P. vivax,model5,51016,Rosário Oeste,MT,2020,3,207,30839,0,0.004565849951328153,-0.004565849951328153,0,0,TRUE,205
P. vivax,model5,51017,Cuiabá,MT,2020,1,205,955206,0.41875783862329174,0.18415719274384001,0.23460064587945173,0,1.2065460225333569,TRUE,205
P. vivax,model5,51017,Cuiabá,MT,2020,2,206,955206,0.20937891931164587,0.1464061218354963,0.06297279747614956,0,0.9422051369024065,TRUE,205
P. vivax,model5,51017,Cuiabá,MT,2020,3,207,955206,0.10468945965582294,0.14407740956864873,-0.03938794991282579,0,1.101856562877534,TRUE,205
P. vivax,model5,51018,Alto Pantanal,MT,2020,1,205,141581,0,0.1484007204987733,-0.1484007204987733,0,2.1189283872836047,TRUE,205
P. vivax,model5,51018,Alto Pantanal,MT,2020,2,206,141581,1.4126189248557364,0.13183835699753674,1.2807805678581996,0,1.783431392630351,TRUE,205
P. vivax,model5,51018,Alto Pantanal,MT,2020,3,207,141581,0,0.14363610169019184,-0.14363610169019184,0,1.4126189248557364,TRUE,205
P. vivax,model5,51019,Primavera do Leste,MT,2020,1,205,108832,0,0.08922763593685881,-0.08922763593685881,0,1.8376947956483385,TRUE,205
P. vivax,model5,51019,Primavera do Leste,MT,2020,2,206,108832,0,0.07138699719947329,-0.07138699719947329,0,1.8376947956483385,TRUE,205
P. vivax,model5,51019,Primavera do Leste,MT,2020,3,207,108832,0,0.06975102538553501,-0.06975102538553501,0,1.8376947956483385,TRUE,205
P. vivax,model5,51020,Tesouro,MT,2020,1,205,55885,0,0.04502668916019181,-0.04502668916019181,0,1.7893889236825622,TRUE,205
P. vivax,model5,51020,Tesouro,MT,2020,2,206,55885,0,0.038443086922733384,-0.038443086922733384,0,1.7893889236825622,TRUE,205
P. vivax,model5,51020,Tesouro,MT,2020,3,207,55885,0,0.03924817390266269,-0.03924817390266269,0,1.7893889236825622,TRUE,205
P. vivax,model5,51021,Rondonópolis,MT,2020,1,205,323403,0.3092117265455175,0.14070128269038215,0.16851044385513533,0,1.5460586327275876,TRUE,205
P. vivax,model5,51021,Rondonópolis,MT,2020,2,206,323403,0,0.11578677159847799,-0.11578677159847799,0,1.3991830626184596,TRUE,205
P. vivax,model5,51021,Rondonópolis,MT,2020,3,207,323403,0,0.11369099885878133,-0.11369099885878133,0,1.23684690618207,TRUE,205
P. vivax,model5,51022,Alto Araguaia,MT,2020,1,205,42669,0,0.0055651681816901045,-0.0055651681816901045,0,1.2304014624199706,TRUE,205
P. vivax,model5,51022,Alto Araguaia,MT,2020,2,206,42669,0,0.004879551912504975,-0.004879551912504975,0,0,TRUE,205
P. vivax,model5,51022,Alto Araguaia,MT,2020,3,207,42669,0,0.00523099063768192,-0.00523099063768192,0,0,TRUE,205
P. falciparum,model5,11001,Porto Velho,RO,2012,1,109,559543,11.080471027249024,17.605404269350515,-6.524933242101492,5.361518238991462,153.6834523888242,TRUE,109
P. falciparum,model5,11001,Porto Velho,RO,2012,2,110,559543,7.5061255345880475,14.137869689335263,-6.631744154747215,3.3956282180279262,123.11833049470715,TRUE,109
P. falciparum,model5,11001,Porto Velho,RO,2012,3,111,559543,9.472015555551584,15.460883112970452,-5.9888675574188674,4.628777412995964,136.36128054501586,TRUE,109
P. falciparum,model5,11002,Guajará-Mirim,RO,2012,1,109,73193,1.3662508709849301,2.7884476047773945,-1.4221967337924644,0,27.325017419698604,TRUE,109
P. falciparum,model5,11002,Guajará-Mirim,RO,2012,2,110,73193,4.098752612954791,2.3120468704604042,1.7867057424943869,0,20.562075608323138,TRUE,109
P. falciparum,model5,11002,Guajará-Mirim,RO,2012,3,111,73193,0,2.58342275170138,-2.58342275170138,0,25.309797384995804,TRUE,109
P. falciparum,model5,11003,Ariquemes,RO,2012,1,109,176003,7.3862377345840695,21.57388095563269,-14.187643221048619,5.1135492008658945,171.55957568905026,TRUE,109
P. falciparum,model5,11003,Ariquemes,RO,2012,2,110,176003,5.1135492008658945,17.105366223624166,-11.991817022758273,3.678914563956297,120.48090089373474,TRUE,109
P. falciparum,model5,11003,Ariquemes,RO,2012,3,111,176003,7.3862377345840695,17.56953589173622,-10.18329815715215,3.110742430526753,125.40979415123593,TRUE,109
P. falciparum,model5,11004,Ji-Paraná,RO,2012,1,109,294157,0.6799090281720306,1.586036178969627,-0.9061271507975963,0,16.496292796023884,TRUE,109
P. falciparum,model5,11004,Ji-Paraná,RO,2012,2,110,294157,1.0198635422580458,1.1225722550067012,-0.10270871274865545,0,10.198635422580459,TRUE,109
P. falciparum,model5,11004,Ji-Paraná,RO,2012,3,111,294157,0.3399545140860153,1.32754561066333,-0.9875910965773148,0,12.807786318190573,TRUE,109
P. falciparum,model5,11005,Alvorada D'Oeste,RO,2012,1,109,69841,0,1.335308234571442,-1.335308234571442,0,12.886413424779143,TRUE,109
P. falciparum,model5,11005,Alvorada D'Oeste,RO,2012,2,110,69841,0,0.9908481136808084,-0.9908481136808084,0,10.022765997050444,TRUE,109
P. falciparum,model5,11005,Alvorada D'Oeste,RO,2012,3,111,69841,0,0.9589280747438285,-0.9589280747438285,0,12.206297160693545,TRUE,109
P. falciparum,model5,11006,Cacoal,RO,2012,1,109,228654,0.43734201019881563,1.0774957432669827,-0.640153733068167,0,9.413786769529498,TRUE,109
P. falciparum,model5,11006,Cacoal,RO,2012,2,110,228654,0,0.8119784926726914,-0.8119784926726914,0,7.434814173379866,TRUE,109
P. falciparum,model5,11006,Cacoal,RO,2012,3,111,228654,0,0.9101809665404735,-0.9101809665404735,0,9.184182214175129,TRUE,109
P. falciparum,model5,11007,Vilhena,RO,2012,1,109,136730,0,0.31983429750686515,-0.31983429750686515,0,3.656841951290865,TRUE,109
P. falciparum,model5,11007,Vilhena,RO,2012,2,110,136730,0,0.24742378200148396,-0.24742378200148396,0,3.656841951290865,TRUE,109
P. falciparum,model5,11007,Vilhena,RO,2012,3,111,136730,0.731368390258173,0.27590374434308673,0.4554646459150863,0,4.388210341549038,TRUE,109
P. falciparum,model5,11008,Colorado do Oeste,RO,2012,1,109,51890,0,3.5946373948702663,-3.5946373948702663,0,37.62767392561183,TRUE,109
P. falciparum,model5,11008,Colorado do Oeste,RO,2012,2,110,51890,0,2.7407901539071067,-2.7407901539071067,0,27.991905954904567,TRUE,109
P. falciparum,model5,11008,Colorado do Oeste,RO,2012,3,111,51890,0,3.0737531964150433,-3.0737531964150433,0,32.7616111004047,TRUE,109
P. falciparum,model5,12001,Cruzeiro do Sul,AC,2012,1,109,135803,402.7893345507831,175.47068610538264,227.31864844540047,58.135681833243744,1391.6297872653768,TRUE,109
P. falciparum,model5,12001,Cruzeiro do Sul,AC,2012,2,110,135803,292.3352208714093,128.38046670870193,163.9547541627074,41.93574516026892,1070.1899074394519,TRUE,109
P. falciparum,model5,12001,Cruzeiro do Sul,AC,2012,3,111,135803,234.16272100027246,135.66888680926368,98.49383419100877,37.867351973078655,1073.926938285603,TRUE,109
P. falciparum,model5,12002,Tarauacá,AC,2012,1,109,76221,1.3119743902599021,7.144852416564887,-5.832878026304985,0,55.85730966531524,TRUE,109
P. falciparum,model5,12002,Tarauacá,AC,2012,2,110,76221,0,5.2000927123780185,-5.2000927123780185,0,43.98394143346319,TRUE,109
P. falciparum,model5,12002,Tarauacá,AC,2012,3,111,76221,1.3119743902599021,5.00501377700268,-3.693039386742778,0,44.67272798834961,TRUE,109
P. falciparum,model5,12003,Sena Madureira,AC,2012,1,109,52651,0,0.07658731130955505,-0.07658731130955505,0,1.8992991586104726,TRUE,109
P. falciparum,model5,12003,Sena Madureira,AC,2012,2,110,52651,0,0.07281049013399912,-0.07281049013399912,0,1.8992991586104726,TRUE,109
P. falciparum,model5,12003,Sena Madureira,AC,2012,3,111,52651,0,0.07877546308625304,-0.07877546308625304,0,1.8992991586104726,TRUE,109
P. falciparum,model5,12004,Rio Branco,AC,2012,1,109,433224,0.23082747031558734,0.7109666844429697,-0.48013921412738236,0,6.243883072036626,TRUE,109
P. falciparum,model5,12004,Rio Branco,AC,2012,2,110,433224,0.6924824109467619,0.5188862984764718,0.17359611247029005,0,4.882000997174639,TRUE,109
P. falciparum,model5,12004,Rio Branco,AC,2012,3,111,433224,0.23082747031558734,0.584341557267715,-0.3535140869521276,0,5.672585083005543,TRUE,109
P. falciparum,model5,12005,Brasiléia,AC,2012,1,109,60887,0,0.08458589285305039,-0.08458589285305039,0,1.6423867163762378,TRUE,109
P. falciparum,model5,12005,Brasiléia,AC,2012,2,110,60887,0,0.04989350702030247,-0.04989350702030247,0,1.6423867163762378,TRUE,109
P. falciparum,model5,12005,Brasiléia,AC,2012,3,111,60887,0,0.03806263317171107,-0.03806263317171107,0,1.6423867163762378,TRUE,109
P. falciparum,model5,13001,Rio Negro,AM,2012,1,109,99826,43.074950413719876,56.479025308925365,-13.40407489520549,16.979544407268648,552.786849117464,TRUE,109
P. falciparum,model5,13001,Rio Negro,AM,2012,2,110,99826,64.1115541041412,47.67951890305242,16.432035201088787,15.50197343377477,470.7941818764647,TRUE,109
P. falciparum,model5,13001,Rio Negro,AM,2012,3,111,99826,41.07146434796546,57.6705773135267,-16.59911296556124,18.031374591789714,532.5265962775223,TRUE,109
P. falciparum,model5,13002,Japurá,AM,2012,1,109,25044,7.985944737262418,3.7327478230747437,4.253196914187674,0,38.03306181121218,TRUE,109
P. falciparum,model5,13002,Japurá,AM,2012,2,110,25044,15.971889474524836,3.4109530112282918,12.560936463296544,0,31.943778949049673,TRUE,109
P. falciparum,model5,13002,Japurá,AM,2012,3,111,25044,35.93675131768088,4.236482823893084,31.700268493787796,0,47.91566842357451,TRUE,109
P. falciparum,model5,13003,Alto Solimões,AM,2012,1,109,231482,40.60790903828376,15.724729372370344,24.883179665913413,4.093190831252539,122.32052600202168,TRUE,109
P. falciparum,model5,13003,Alto Solimões,AM,2012,2,110,231482,59.615866460459124,22.830476724857476,36.78538973560165,5.821186960541208,186.97998116484206,TRUE,109
P. falciparum,model5,13003,Alto Solimões,AM,2012,3,111,231482,94.6077880785547,30.125463455595124,64.48232462295958,9.233979315886335,263.1630105148562,TRUE,109
P. falciparum,model5,13004,Juruá,AM,2012,1,109,131695,140.47610007972966,51.31958714219762,89.15651293753204,12.149284331219864,397.56634648240254,TRUE,109
P. falciparum,model5,13004,Juruá,AM,2012,2,110,131695,88.84164167204526,45.673172200592816,43.16846947145244,14.313375602718407,354.702152701317,TRUE,109
P. falciparum,model5,13004,Juruá,AM,2012,3,111,131695,154.90337522305327,55.06945140868258,99.83392381437069,14.02862675120544,444.58787349557656,TRUE,109
P. falciparum,model5,13005,Tefé,AM,2012,1,109,87520,34.27787934186472,21.388192163108222,12.889687178756496,4.570383912248629,135.42618829981717,TRUE,109
P. falciparum,model5,13005,Tefé,AM,2012,2,110,87520,34.27787934186472,19.63732304521037,14.64055629665435,2.2851919561243146,131.9984003656307,TRUE,109
P. falciparum,model5,13005,Tefé,AM,2012,3,111,87520,33.135283363802564,25.175117889744566,7.960165474057998,5.712979890310786,168.67573126142582,TRUE,109
P. falciparum,model5,13006,Coari,AM,2012,1,109,156671,18.5101263156551,9.030362378501476,9.479763937153624,1.9148406533436308,84.74765591590004,TRUE,109
P. falciparum,model5,13006,Coari,AM,2012,2,110,156671,7.659362613374523,10.44727398967716,-2.7879113763026373,2.553120871124841,99.60362798475782,TRUE,109
P. falciparum,model5,13006,Coari,AM,2012,3,111,156671,5.106241742249682,13.440392205551465,-8.334150463301782,2.553120871124841,134.4537278756116,TRUE,109
P. falciparum,model5,13007,Manaus,AM,2012,1,109,2106861,1.5188472329213933,1.1671031227175253,0.3517441102038681,0.23494668134252816,8.53046309177491,TRUE,109
P. falciparum,model5,13007,Manaus,AM,2012,2,110,2106861,1.8510950651229483,0.9398358078185527,0.9112592573043956,0.18985590411517417,8.046330536281225,TRUE,109
P. falciparum,model5,13007,Manaus,AM,2012,3,111,2106861,2.2782708493820905,1.053306892975243,1.2249639564068475,0.21240129272885117,8.607592052821694,TRUE,109
P. falciparum,model5,13008,Rio Preto da Eva,AM,2012,1,109,55600,0,1.7103232115802607,-1.7103232115802607,0,24.325539568345285,TRUE,109
P. falciparum,model5,13008,Rio Preto da Eva,AM,2012,2,110,55600,1.7985611510791366,1.1883471039033442,0.6102140471757924,0,12.589928057553957,TRUE,109
P. falciparum,model5,13008,Rio Preto da Eva,AM,2012,3,111,55600,0,1.0742245030548299,-1.0742245030548299,0,13.534172661870462,TRUE,109
P. falciparum,model5,13009,Itacoatiara,AM,2012,1,109,156384,0,0.4050134989845029,-0.4050134989845029,0,4.8118733374258085,TRUE,109
P. falciparum,model5,13009,Itacoatiara,AM,2012,2,110,156384,0,0.3070065026044589,-0.3070065026044589,0,3.1972580315121752,TRUE,109
P. falciparum,model5,13009,Itacoatiara,AM,2012,3,111,156384,0,0.31177536327909905,-0.31177536327909905,0,3.83670963781461,TRUE,109
P. falciparum,model5,13010,Parintins,AM,2012,1,109,248506,2.4144286254657836,1.9762643030664164,0.4381643223993672,0,15.693786065527592,TRUE,109
P. falciparum,model5,13010,Parintins,AM,2012,2,110,248506,2.4144286254657836,1.643936355024556,0.7704922704412276,0,14.50669199134023,TRUE,109
P. falciparum,model5,13010,Parintins,AM,2012,3,111,248506,4.828857250931567,1.4523622686998092,3.3764949822317583,0,14.084166981883737,TRUE,109
P. falciparum,model5,13011,Boca do Acre,AM,2012,1,109,49500,0,1.3956936684352408,-1.3956936684352408,0,16.161616161616163,TRUE,109
P. falciparum,model5,13011,Boca do Acre,AM,2012,2,110,49500,2.0202020202020203,1.0582103054912222,0.9619917147107981,0,12.121212121212121,TRUE,109
P. falciparum,model5,13011,Boca do Acre,AM,2012,3,111,49500,4.040404040404041,1.2120893753907578,2.828314665013283,0,14.14141414141414,TRUE,109
P. falciparum,model5,13012,Purus,AM,2012,1,109,70911,19.743058199715136,8.6539282444867,11.089129955228437,0,83.34390997165448,TRUE,109
P. falciparum,model5,13012,Purus,AM,2012,2,110,70911,25.383931971062317,9.001773293582005,16.382158677480312,1.4102184428367954,84.61310657020772,TRUE,109
P. falciparum,model5,13012,Purus,AM,2012,3,111,70911,29.6145872995727,12.291670064009004,17.322917235563697,1.4102184428367954,122.6890045268012,TRUE,109
P. falciparum,model5,13013,Madeira,AM,2012,1,109,170985,16.375705471240167,8.23387862576544,8.141826845474727,1.1696932479457263,80.18247214667949,TRUE,109
P. falciparum,model5,13013,Madeira,AM,2012,2,110,170985,4.093926367810042,8.22058534214485,-4.126658974334807,1.1696932479457263,88.0340380735152,TRUE,109
P. falciparum,model5,13013,Madeira,AM,2012,3,111,170985,11.112085855484398,9.939796942636463,1.172288912847936,1.1696932479457263,96.8652220955054,TRUE,109
P. falciparum,model5,14001,Boa Vista,RR,2012,1,109,334076,36.518636477927174,33.04262802762147,3.476008450305706,10.020175049988625,248.2144781426976,TRUE,109
P. falciparum,model5,14001,Boa Vista,RR,2012,2,110,334076,22.449981441348676,26.193276124664475,-3.743294683315799,7.011877536847904,191.8051581077359,TRUE,109
P. falciparum,model5,14001,Boa Vista,RR,2012,3,111,334076,23.04864761311797,24.75936382622021,-1.7107162131022378,6.884660975346927,200.36608436403668,TRUE,109
P. falciparum,model5,14002,Nordeste de Roraima,RR,2012,1,109,44023,74.96081593712378,65.70634806326537,9.254467873858417,20.44385889194285,558.4012902346494,TRUE,109
P. falciparum,model5,14002,Nordeste de Roraima,RR,2012,2,110,44023,79.50389569088885,54.91059263351834,24.593303057370512,14.70822070281444,459.0782091179609,TRUE,109
P. falciparum,model5,14002,Nordeste de Roraima,RR,2012,3,111,44023,56.788496922063466,52.41446950962424,4.374027412439226,15.90077913817777,473.9567953115403,TRUE,109
P. falciparum,model5,14003,Caracaraí,RR,2012,1,109,43635,29.792597685344333,39.66009013052874,-9.867492445184403,4.583476566976051,297.92597685344333,TRUE,109
P. falciparum,model5,14003,Caracaraí,RR,2012,2,110,43635,27.50085940185631,35.51400345465222,-8.013144052795909,3.380313968144841,240.86169359459132,TRUE,109
P. falciparum,model5,14003,Caracaraí,RR,2012,3,111,43635,38.95955081929643,38.30179451782155,0.6577563014748833,5.672052251632867,293.34250028646727,TRUE,109
P. falciparum,model5,14004,Sudeste de Roraima,RR,2012,1,109,47790,69.05210295040803,40.68339312452814,28.36870982587989,10.462439840970914,275.2144800167398,TRUE,109
P. falciparum,model5,14004,Sudeste de Roraima,RR,2012,2,110,47790,41.849759363883656,33.72780617763399,8.12195318624967,4.184975936388366,258.7884494664153,TRUE,109
P. falciparum,model5,14004,Sudeste de Roraima,RR,2012,3,111,47790,23.01736765013601,29.850831720878265,-6.833464070742256,2.092487968194183,228.18581293157553,TRUE,109
P. falciparum,model5,15001,Óbidos,PA,2012,1,109,189429,18.476579615581564,4.183847203867077,14.292732411714486,0,34.89434035971256,TRUE,109
P. falciparum,model5,15001,Óbidos,PA,2012,2,110,189429,0,3.2941008543059267,-3.2941008543059267,0,31.44977801709344,TRUE,109
P. falciparum,model5,15001,Óbidos,PA,2012,3,111,189429,1.0558045494618036,3.322342441297464,-2.26653789183566,0,25.86721146181419,TRUE,109
P. falciparum,model5,15002,Santarém,PA,2012,1,109,492734,4.6678329484062395,7.371561713015097,-2.703728764608858,2.638340362142657,58.66248320594884,TRUE,109
P. falciparum,model5,15002,Santarém,PA,2012,2,110,492734,3.0442388793953734,7.030837524956329,-3.9865986455609557,1.7199949668583863,52.59430037302071,TRUE,109
P. falciparum,model5,15002,Santarém,PA,2012,3,111,492734,2.4353911035162987,7.015316167003873,-4.5799250634875746,1.7199949668583863,57.15558496064812,TRUE,109
P. falciparum,model5,15003,Almeirim,PA,2012,1,109,69092,5.789382272911481,8.11594886602726,-2.3265665931157793,0,60.1733919990736,TRUE,109
P. falciparum,model5,15003,Almeirim,PA,2012,2,110,69092,4.34203670468361,6.584874399556872,-2.242837694873262,0,49.969605743067184,TRUE,109
P. falciparum,model5,15003,Almeirim,PA,2012,3,111,69092,2.8946911364557404,5.881889252041965,-2.987198115586225,0,48.52226017483932,TRUE,109
P. falciparum,model5,15004,Portel,PA,2012,1,109,135041,19.25341192674817,9.985905024086014,9.267506902662157,1.4810316866729363,77.05067349915947,TRUE,109
P. falciparum,model5,15004,Portel,PA,2012,2,110,135041,22.955991143430516,12.034404385446672,10.921586757983844,1.444005894506115,100.35840966817483,TRUE,109
P. falciparum,model5,15004,Portel,PA,2012,3,111,135041,18.512896083411707,15.403637519914872,3.1092585634968355,5.1836109033552775,118.31591886908402,TRUE,109
P. falciparum,model5,15005,Furos de Breves,PA,2012,1,109,209923,252.473526007155,123.16566598231067,129.30786002484433,36.85875297132759,1132.5343101994536,TRUE,109
P. falciparum,model5,15005,Furos de Breves,PA,2012,2,110,209923,262.953559162169,120.08391541033356,142.8696437518354,33.34556003868085,1087.1843485468441,TRUE,109
P. falciparum,model5,15005,Furos de Breves,PA,2012,3,111,209923,333.93196553021824,114.60186587177706,219.33009965844116,30.43973266388152,1048.932227531042,TRUE,109
P. falciparum,model5,15006,Arari,PA,2012,1,109,158333,3.789481662066657,9.012714090183646,-5.223232428116989,0.30000063158027784,70.43699039366398,TRUE,109
P. falciparum,model5,15006,Arari,PA,2012,2,110,158333,46.73694049882211,12.431668604995986,34.305271893826124,1.8947408310333285,91.57914016661088,TRUE,109
P. falciparum,model5,15006,Arari,PA,2012,3,111,158333,60.63170659306651,15.070144959890301,45.56156163317621,4.721062570658043,112.75286895340831,TRUE,109
P. falciparum,model5,15007,Belém,PA,2012,1,109,2185084,0.4576483100878501,0.276077246362875,0.1815710637249751,0,1.8305932403514005,TRUE,109
P. falciparum,model5,15007,Belém,PA,2012,2,110,2185084,0.3661186480702801,0.2465627188474558,0.11955592922282432,0,1.8546197766310115,TRUE,109
P. falciparum,model5,15007,Belém,PA,2012,3,111,2185084,0.3203538170614951,0.21891012538439608,0.10144369167709905,0,1.9003846076397966,TRUE,109
P. falciparum,model5,15008,Castanhal,PA,2012,1,109,305405,0,0.28249911034764674,-0.28249911034764674,0,3.2743406296557027,TRUE,109
P. falciparum,model5,15008,Castanhal,PA,2012,2,110,305405,0,0.19570597172707885,-0.19570597172707885,0,2.292038440758992,TRUE,109
P. falciparum,model5,15008,Castanhal,PA,2012,3,111,305405,0,0.1477649668116189,-0.1477649668116189,0,1.6371703148278514,TRUE,109
P. falciparum,model5,15009,Salgado,PA,2012,1,109,251888,12.307057104744967,0.24049204857837622,12.06656505616659,0,3.176014736708378,FALSE,109
P. falciparum,model5,15009,Salgado,PA,2012,2,110,251888,2.779012894619831,0.18110744319363511,2.597905451426196,0,2.382011052531284,FALSE,109
P. falciparum,model5,15009,Salgado,PA,2012,3,111,251888,1.588007368354189,0.1625110710412464,1.4254962973129426,0,2.590437019627762,TRUE,109
P. falciparum,model5,15010,Bragantina,PA,2012,1,109,390863,0,0.19021430002734574,-0.19021430002734574,0,2.3025970736549635,TRUE,109
P. falciparum,model5,15010,Bragantina,PA,2012,2,110,390863,0.25584411929499595,0.16352967709577126,0.09231444219922469,0,2.3025970736549635,TRUE,109
P. falciparum,model5,15010,Bragantina,PA,2012,3,111,390863,0,0.17197271863683025,-0.17197271863683025,0,1.7909088350649718,TRUE,109
P. falciparum,model5,15011,Cametá,PA,2012,1,109,449907,22.226815764146814,5.035572239917448,17.191243524229364,0.8890726305658724,43.65346616078426,TRUE,109
P. falciparum,model5,15011,Cametá,PA,2012,2,110,449907,15.336502877261301,4.843788986953608,10.492713890307694,0.8890726305658724,39.90824770452549,TRUE,109
P. falciparum,model5,15011,Cametá,PA,2012,3,111,449907,18.003720768958917,4.1615919102343994,13.842128858724518,0.8890726305658724,34.50713147383787,TRUE,109
P. falciparum,model5,15012,Tomé-Açu,PA,2012,1,109,299079,17.386710534674783,5.74705343539003,11.639657099284754,0.6687196359490302,39.47117651189149,TRUE,109
P. falciparum,model5,15012,Tomé-Açu,PA,2012,2,110,299079,4.346677633668696,3.9350746421149534,0.41160299155374247,0,26.255604706448793,TRUE,109
P. falciparum,model5,15012,Tomé-Açu,PA,2012,3,111,299079,6.6871963594903026,3.4496142628669038,3.237582096623399,0.3343598179745151,25.921244888474277,TRUE,109
P. falciparum,model5,15013,Guamá,PA,2012,1,109,441719,3.62221231144687,3.2760645305500997,0.3461477808967701,0.6791648083962881,26.75909345081371,TRUE,109
P. falciparum,model5,15013,Guamá,PA,2012,2,110,441719,1.131941347327147,3.225003411930074,-2.093062064602927,0.45277653893085873,29.656863299971246,TRUE,109
P. falciparum,model5,15013,Guamá,PA,2012,3,111,441719,2.263882694654294,3.279833443069215,-1.0159507484149213,0.6791648083962881,27.308085004267394,TRUE,109
P. falciparum,model5,15014,Itaituba,PA,2012,1,109,213017,300.91495044996407,179.0064838139271,121.90846663603696,66.12148326189929,1620.3049521869148,TRUE,109
P. falciparum,model5,15014,Itaituba,PA,2012,2,110,213017,269.93150781393035,155.7433252856223,114.18818252830806,57.37804963923068,1422.0930723838942,TRUE,109
P. falciparum,model5,15014,Itaituba,PA,2012,3,111,213017,193.4117934249379,154.5240163323122,38.887777092625726,59.57271015928306,1329.1427444757928,TRUE,109
P. falciparum,model5,15015,Altamira,PA,2012,1,109,281058,27.752278889054928,21.208662155799427,6.543616733255501,4.77659415494311,190.51227860441605,TRUE,109
P. falciparum,model5,15015,Altamira,PA,2012,2,110,281058,24.905891310690322,16.848648924502967,8.057242386187355,4.438585630012311,155.5195013128959,TRUE,109
P. falciparum,model5,15015,Altamira,PA,2012,3,111,281058,11.029751866162856,13.364898576531564,-2.335146710368708,2.490589131069032,120.22429534117452,TRUE,109
P. falciparum,model5,15016,Tucuruí,PA,2012,1,109,340793,13.791363085509387,19.1947578858333,-5.403394800323914,5.8686651427699505,143.74561684072086,TRUE,109
P. falciparum,model5,15016,Tucuruí,PA,2012,2,110,340793,15.258529371201874,14.629463633754975,0.6290657374468989,4.247446397079752,112.76640071832455,TRUE,109
P. falciparum,model5,15016,Tucuruí,PA,2012,3,111,340793,9.389864228431922,11.540437743059426,-2.1505735146275047,3.36714662566426,90.53149565865442,TRUE,109
P. falciparum,model5,15017,Paragominas,PA,2012,1,109,306994,21.498791507325876,15.7157765644863,5.783014942839577,3.583131917887646,136.02057369199395,TRUE,109
P. falciparum,model5,15017,Paragominas,PA,2012,2,110,306994,14.984006202075612,14.004779970549851,0.9792262315257609,3.412118803624827,115.39313471924525,TRUE,109
P. falciparum,model5,15017,Paragominas,PA,2012,3,111,306994,8.469220896825345,12.50117862877812,-4.031957731952776,3.412118803624827,105.79196987563267,TRUE,109
P. falciparum,model5,15018,São Félix do Xingu,PA,2012,1,109,177935,0,0.7541689398196376,-0.7541689398196376,0,8.992047657852586,TRUE,109
P. falciparum,model5,15018,São Félix do Xingu,PA,2012,2,110,177935,0.5620029786157866,0.6801078277356947,-0.11810484911990804,0,8.16309326439429,TRUE,109
P. falciparum,model5,15018,São Félix do Xingu,PA,2012,3,111,177935,0,0.6499674724988762,-0.6499674724988762,0,6.477084328546929,TRUE,109
P. falciparum,model5,15019,Parauapebas,PA,2012,1,109,271172,0.3687696369831694,0.21397189275035855,0.15479774423281084,0,2.2126178218990162,TRUE,109
P. falciparum,model5,15019,Parauapebas,PA,2012,2,110,271172,0,0.18066765131380538,-0.18066765131380538,0,2.2126178218990162,TRUE,109
P. falciparum,model5,15019,Parauapebas,PA,2012,3,111,271172,0,0.16745869170441596,-0.16745869170441596,0,2.774991518298341,TRUE,109
P. falciparum,model5,15020,Marabá,PA,2012,1,109,295238,5.080646800208646,4.2250902598861995,0.8555565403224463,0.3387097866805764,33.74396249805238,TRUE,109
P. falciparum,model5,15020,Marabá,PA,2012,2,110,295238,1.693548933402882,3.5287338827752763,-1.8351849493723944,0,25.403234001043227,TRUE,109
P. falciparum,model5,15020,Marabá,PA,2012,3,111,295238,0.6774195733611528,3.1808396729407415,-2.5034200995795888,0,27.469363699794712,TRUE,109
P. falciparum,model5,15021,Redenção,PA,2012,1,109,185608,0,0.27108390724167186,-0.27108390724167186,0,3.2326192836515664,TRUE,109
P. falciparum,model5,15021,Redenção,PA,2012,2,110,185608,0.5387698806085944,0.30068772960456835,0.23808215100402608,0,3.2326192836515664,TRUE,109
P. falciparum,model5,15021,Redenção,PA,2012,3,111,185608,0,0.35428077067796887,-0.35428077067796887,0,3.771389164260161,TRUE,109
P. falciparum,model5,15022,Conceição do Araguaia,PA,2012,1,109,142249,0,0.1291527544332052,-0.1291527544332052,0,2.108977919001188,TRUE,109
P. falciparum,model5,15022,Conceição do Araguaia,PA,2012,2,110,142249,0.7029926396670627,0.15178284528526942,0.5512097943817933,0,3.5149631983353133,TRUE,109
P. falciparum,model5,15022,Conceição do Araguaia,PA,2012,3,111,142249,0,0.1598975083449051,-0.1598975083449051,0,3.5149631983353133,TRUE,109
P. falciparum,model5,16001,Oiapoque,AP,2012,1,109,31004,361.24371048896916,375.13542375247255,-13.89171326350339,93.3750483808541,3388.3531157270027,TRUE,109
P. falciparum,model5,16001,Oiapoque,AP,2012,2,110,31004,122.56483034447169,259.5895644214006,-137.02473407692892,59.42781576570767,2416.462391949425,TRUE,109
P. falciparum,model5,16001,Oiapoque,AP,2012,3,111,31004,167.72029415559282,284.72070439021337,-117.00041023462055,67.73319571668172,2360.5018707263553,TRUE,109
P. falciparum,model5,16002,Amapá,AP,2012,1,109,25619,312.26823841680005,32.88380956224629,279.38442885455373,1.8540926655997556,285.13993520434036,FALSE,109
P. falciparum,model5,16002,Amapá,AP,2012,2,110,25619,89.77711854483,28.094592625859512,61.68252591897049,0,255.76720402826018,TRUE,109
P. falciparum,model5,16002,Amapá,AP,2012,3,111,25619,58.55029470315001,21.754958366950333,36.795336336199675,0,205.02361528553018,TRUE,109
P. falciparum,model5,16003,Macapá,AP,2012,1,109,569504,50.3947294487835,29.710330418927516,20.684399029855985,8.94638141259763,236.47331713210087,TRUE,109
P. falciparum,model5,16003,Macapá,AP,2012,2,110,569504,43.7222565600944,28.003311223316725,15.718945336777676,9.65752654941844,222.06165364949138,TRUE,109
P. falciparum,model5,16003,Macapá,AP,2012,3,111,569504,29.49935382367815,20.744942040788263,8.754411782889886,6.672472888689105,170.53435972354887,TRUE,109
P. falciparum,model5,16004,Mazagão,AP,2012,1,109,72475,97.9648154536047,31.62251640115495,66.34229905244975,3.414970679544673,284.30493273542595,TRUE,109
P. falciparum,model5,16004,Mazagão,AP,2012,2,110,72475,44.15315626077958,29.77645503185589,14.376701228923693,4.139358399448086,274.12901000344925,TRUE,109
P. falciparum,model5,16004,Mazagão,AP,2012,3,111,72475,44.15315626077958,29.226840518574736,14.926315742204846,2.035184546395311,241.66954122111053,TRUE,109
P. falciparum,model5,17001,Bico do Papagaio,TO,2012,1,109,199722,0,0.22081256975825173,-0.22081256975825173,0,3.0041758043680717,TRUE,109
P. falciparum,model5,17001,Bico do Papagaio,TO,2012,2,110,199722,0,0.1921394574621953,-0.1921394574621953,0,2.5034798369733933,TRUE,109
P. falciparum,model5,17001,Bico do Papagaio,TO,2012,3,111,199722,0,0.20521252161216913,-0.20521252161216913,0,2.5034798369733933,TRUE,109
P. falciparum,model5,17002,Araguaína,TO,2012,1,109,286178,0,0.07483990385709995,-0.07483990385709995,0,1.231750868340675,TRUE,109
P. falciparum,model5,17002,Araguaína,TO,2012,2,110,286178,0,0.062325948157792424,-0.062325948157792424,0,0.6988657409025152,TRUE,109
P. falciparum,model5,17002,Araguaína,TO,2012,3,111,286178,0,0.06043021908731166,-0.06043021908731166,0,0.6988657409025152,TRUE,109
P. falciparum,model5,17003,Miracema do Tocantins,TO,2012,1,109,143238,0,0.019441436936448814,-0.019441436936448814,0,0.6981387620603471,TRUE,109
P. falciparum,model5,17003,Miracema do Tocantins,TO,2012,2,110,143238,0,0.02072608299400396,-0.02072608299400396,0,0.6981387620603471,TRUE,109
P. falciparum,model5,17003,Miracema do Tocantins,TO,2012,3,111,143238,0,0.022610688778627246,-0.022610688778627246,0,0.6981387620603471,TRUE,109
P. falciparum,model5,17004,Rio Formoso,TO,2012,1,109,118053,0,0.023942082308153808,-0.023942082308153808,0,0.8470771602585279,TRUE,109
P. falciparum,model5,17004,Rio Formoso,TO,2012,2,110,118053,0,0.020415218783915945,-0.020415218783915945,0,0.8470771602585279,TRUE,109
P. falciparum,model5,17004,Rio Formoso,TO,2012,3,111,118053,0,0.021462274360428465,-0.021462274360428465,0,0.8470771602585279,TRUE,109
P. falciparum,model5,17005,Gurupi,TO,2012,1,109,139542,0,0.00977364641175863,-0.00977364641175863,0,0.7166301185306215,TRUE,109
P. falciparum,model5,17005,Gurupi,TO,2012,2,110,139542,0,0.0054256320640056295,-0.0054256320640056295,0,0.7166301185306215,TRUE,109
P. falciparum,model5,17005,Gurupi,TO,2012,3,111,139542,0,0.005035853748139847,-0.005035853748139847,0,0.7166301185306215,TRUE,109
P. falciparum,model5,17006,Porto Nacional,TO,2012,1,109,338559,0,0.04330733923607746,-0.04330733923607746,0,0.8861084773998033,TRUE,109
P. falciparum,model5,17006,Porto Nacional,TO,2012,2,110,338559,0,0.03580853631604693,-0.03580853631604693,0,0.8861084773998033,TRUE,109
P. falciparum,model5,17006,Porto Nacional,TO,2012,3,111,338559,0,0.03290436338506871,-0.03290436338506871,0,0.7458079684781611,TRUE,109
P. falciparum,model5,17007,Jalapão,TO,2012,1,109,73385,0,6.091780440060808e-4,-6.091780440060808e-4,0,0,TRUE,109
P. falciparum,model5,17007,Jalapão,TO,2012,2,110,73385,0,0.00054213906752120615,-0.00054213906752120615,0,0,TRUE,109
P. falciparum,model5,17007,Jalapão,TO,2012,3,111,73385,0,5.284289088009395e-4,-5.284289088009395e-4,0,0,TRUE,109
P. falciparum,model5,17008,Dianópolis,TO,2012,1,109,119017,0,1.6998771481856472e-4,-1.6998771481856472e-4,0,0,TRUE,109
P. falciparum,model5,17008,Dianópolis,TO,2012,2,110,119017,0,1.5000597327753264e-4,-1.5000597327753264e-4,0,0,TRUE,109
P. falciparum,model5,17008,Dianópolis,TO,2012,3,111,119017,0,0.00014960452406519672,-0.00014960452406519672,0,0,TRUE,109
P. falciparum,model5,21001,Litoral Ocidental Maranhense,MA,2012,1,109,185387,0,0.0681913570633682,-0.0681913570633682,0,1.0788242972808233,TRUE,109
P. falciparum,model5,21001,Litoral Ocidental Maranhense,MA,2012,2,110,185387,0,0.05808116843131834,-0.05808116843131834,0,1.0788242972808233,TRUE,109
P. falciparum,model5,21001,Litoral Ocidental Maranhense,MA,2012,3,111,185387,0,0.05993755360484915,-0.05993755360484915,0,1.3620156753170272,TRUE,109
P. falciparum,model5,21002,Aglomeração Urbana de São Luís,MA,2012,1,109,1345368,0,0.028007837076988028,-0.028007837076988028,0,0.37164552746906426,TRUE,109
P. falciparum,model5,21002,Aglomeração Urbana de São Luís,MA,2012,2,110,1345368,0.1486582109876257,0.023551486758333212,0.12510672422929248,0,0.33633920235950143,TRUE,109
P. falciparum,model5,21002,Aglomeração Urbana de São Luís,MA,2012,3,111,1345368,0,0.021660877263891376,-0.021660877263891376,0,0.2973164219752514,TRUE,109
P. falciparum,model5,21003,Rosário,MA,2012,1,109,165969,0,0.004011601502655848,-0.004011601502655848,0,0.6025221577523513,TRUE,109
P. falciparum,model5,21003,Rosário,MA,2012,2,110,165969,0,0.0029462531002848232,-0.0029462531002848232,0,0.6025221577523513,TRUE,109
P. falciparum,model5,21003,Rosário,MA,2012,3,111,165969,0,0.0027085819688924644,-0.0027085819688924644,0,0,TRUE,109
P. falciparum,model5,21004,Lençóis Maranhenses,MA,2012,1,109,183427,0,0.06444809225940847,-0.06444809225940847,0,1.0903520201497054,TRUE,109
P. falciparum,model5,21004,Lençóis Maranhenses,MA,2012,2,110,183427,0,0.04373910092006302,-0.04373910092006302,0,0.5451760100748527,TRUE,109
P. falciparum,model5,21004,Lençóis Maranhenses,MA,2012,3,111,183427,0,0.03782003897441878,-0.03782003897441878,0,0.5451760100748527,TRUE,109
P. falciparum,model5,21005,Baixada Maranhense,MA,2012,1,109,576587,0.3468687292637538,0.46926216634330575,-0.12239343707955197,0,4.955886969355871,TRUE,109
P. falciparum,model5,21005,Baixada Maranhense,MA,2012,2,110,576587,0.3468687292637538,0.4071826839775758,-0.060313954713822004,0,4.43558387546024,TRUE,109
P. falciparum,model5,21005,Baixada Maranhense,MA,2012,3,111,576587,0.5203030938956307,0.40656933757162145,0.11373375632400923,0,4.253477792596777,TRUE,109
P. falciparum,model5,21006,Itapecuru Mirim,MA,2012,1,109,218636,0.45738121809766,0.04314094288541224,0.41424027521224777,0,0.91476243619532,TRUE,109
P. falciparum,model5,21006,Itapecuru Mirim,MA,2012,2,110,218636,0,0.04434469623066942,-0.04434469623066942,0,0.91476243619532,TRUE,109
P. falciparum,model5,21006,Itapecuru Mirim,MA,2012,3,111,218636,0.45738121809766,0.053009224335477875,0.40437199376218214,0,0.91476243619532,TRUE,109
P. falciparum,model5,21007,Gurupi,MA,2012,1,109,227567,1.757724098836826,0.7100817941032077,1.047642304733618,0,5.943304609192008,TRUE,109
P. falciparum,model5,21007,Gurupi,MA,2012,2,110,227567,0.4394310247092065,0.7575921479303414,-0.3181611232211349,0,7.909758444765718,TRUE,109
P. falciparum,model5,21007,Gurupi,MA,2012,3,111,227567,0.4394310247092065,0.9184325090522881,-0.47900148434308165,0,8.78862049418413,TRUE,109
P. falciparum,model5,21008,Pindaré,MA,2012,1,109,634376,1.8916226338953555,1.1025937381353728,0.7890288957599827,0,10.329047757166093,TRUE,109
P. falciparum,model5,21008,Pindaré,MA,2012,2,110,634376,0.7881760974563982,1.0617516173871455,-0.27357551993074736,0,7.755652798970928,TRUE,109
P. falciparum,model5,21008,Pindaré,MA,2012,3,111,634376,1.261081755930237,1.0982896544163596,0.16279210151387735,0,9.465994930451334,TRUE,109
P. falciparum,model5,21009,Imperatriz,MA,2012,1,109,575448,0.6951105920952023,0.37362894099947175,0.32148165109573057,0,3.7405638737123037,TRUE,109
P. falciparum,model5,21009,Imperatriz,MA,2012,2,110,575448,0.868888240119003,0.30294597854602084,0.5659422615729821,0,2.95422001640461,TRUE,109
P. falciparum,model5,21009,Imperatriz,MA,2012,3,111,575448,0.17377764802380058,0.29654353327472177,-0.12276588525092119,0,3.566786225688503,TRUE,109
P. falciparum,model5,21010,Médio Mearim,MA,2012,1,109,414136,0,0.4004818879150867,-0.4004818879150867,0,3.863465141885757,TRUE,109
P. falciparum,model5,21010,Médio Mearim,MA,2012,2,110,414136,0.48293314273571963,0.4492082047657664,0.03372493796995324,0,4.104931713253618,TRUE,109
P. falciparum,model5,21010,Médio Mearim,MA,2012,3,111,414136,0.7243997141035795,0.6504867273662758,0.07391298673730373,0,6.519597426932216,TRUE,109
P. falciparum,model5,21011,Alto Mearim e Grajaú,MA,2012,1,109,316734,0.6314446822886081,0.8733918352019348,-0.2419471529133267,0,8.690257439996962,TRUE,109
P. falciparum,model5,21011,Alto Mearim e Grajaú,MA,2012,2,110,316734,0.9471670234329121,0.7651050826602387,0.18206194077267346,0,7.7430904165640495,TRUE,109
P. falciparum,model5,21011,Alto Mearim e Grajaú,MA,2012,3,111,316734,0.6314446822886081,0.7651890427462322,-0.13374436045762417,0,7.577336187463297,TRUE,109
P. falciparum,model5,21012,Presidente Dutra,MA,2012,1,109,192964,0,0.2281746971485681,-0.2281746971485681,0,2.5911568997325927,TRUE,109
P. falciparum,model5,21012,Presidente Dutra,MA,2012,2,110,192964,0.5182313799465186,0.2462412230281225,0.27199015691839606,0,2.5911568997325927,TRUE,109
P. falciparum,model5,21012,Presidente Dutra,MA,2012,3,111,192964,0.5182313799465186,0.33277478702147356,0.18545659292504502,0,3.3814597541510216,TRUE,109
P. falciparum,model5,21013,Baixo Parnaíba Maranhense,MA,2012,1,109,141956,0,0.2948449078359858,-0.2948449078359858,0,3.522218152103469,TRUE,109
P. falciparum,model5,21013,Baixo Parnaíba Maranhense,MA,2012,2,110,141956,0,0.2197858169044864,-0.2197858169044864,0,2.8177745216827748,TRUE,109
P. falciparum,model5,21013,Baixo Parnaíba Maranhense,MA,2012,3,111,141956,0,0.19888037522572913,-0.19888037522572913,0,2.8177745216827748,TRUE,109
P. falciparum,model5,21014,Chapadinha,MA,2012,1,109,225548,0,0.12355605505043069,-0.12355605505043069,0,1.7734584212673135,TRUE,109
P. falciparum,model5,21014,Chapadinha,MA,2012,2,110,225548,0,0.10353836057629338,-0.10353836057629338,0,1.7734584212673135,TRUE,109
P. falciparum,model5,21014,Chapadinha,MA,2012,3,111,225548,0,0.09992294682375803,-0.09992294682375803,0,1.7734584212673135,TRUE,109
P. falciparum,model5,21015,Codó,MA,2012,1,109,267789,0,0.2511468015111577,-0.2511468015111577,0,2.8100482095978467,TRUE,109
P. falciparum,model5,21015,Codó,MA,2012,2,110,267789,0,0.22872239764319657,-0.22872239764319657,0,2.6139983345096325,TRUE,109
P. falciparum,model5,21015,Codó,MA,2012,3,111,267789,0.37342833350137605,0.24495148383801219,0.12847684966336387,0,2.4366198760964703,TRUE,109
P. falciparum,model5,21016,Coelho Neto,MA,2012,1,109,89087,0,0.03380177784164794,-0.03380177784164794,0,1.1224982320652843,TRUE,109
P. falciparum,model5,21016,Coelho Neto,MA,2012,2,110,89087,0,0.019137936404141565,-0.019137936404141565,0,1.1224982320652843,TRUE,109
P. falciparum,model5,21016,Coelho Neto,MA,2012,3,111,89087,0,0.016276806407389578,-0.016276806407389578,0,1.1224982320652843,TRUE,109
P. falciparum,model5,21017,Caxias,MA,2012,1,109,424136,0,0.09122100409176793,-0.09122100409176793,0,1.1788671558179453,TRUE,109
P. falciparum,model5,21017,Caxias,MA,2012,2,110,424136,0.23577343116358904,0.10499647597272105,0.130776955190868,0,1.4146405869815342,TRUE,109
P. falciparum,model5,21017,Caxias,MA,2012,3,111,424136,0,0.15000305347398976,-0.15000305347398976,0,1.8861874493087123,TRUE,109
P. falciparum,model5,21018,Chapadas do Alto Itapecuru,MA,2012,1,109,212427,0.9414999034962599,0.021449695739015198,0.9200502077572447,0,0.47074995174812995,FALSE,109
P. falciparum,model5,21018,Chapadas do Alto Itapecuru,MA,2012,2,110,212427,0,0.026636600376529204,-0.026636600376529204,0,0.47074995174812995,TRUE,109
P. falciparum,model5,21018,Chapadas do Alto Itapecuru,MA,2012,3,111,212427,0,0.03974389079925965,-0.03974389079925965,0,0.9414999034962599,TRUE,109
P. falciparum,model5,21019,Porto Franco,MA,2012,1,109,112995,0.8849949112792602,0.3057098593352851,0.5792850519439752,0,4.4249745563963,TRUE,109
P. falciparum,model5,21019,Porto Franco,MA,2012,2,110,112995,0,0.19693022002431332,-0.19693022002431332,0,2.6549847338377806,TRUE,109
P. falciparum,model5,21019,Porto Franco,MA,2012,3,111,112995,0,0.1551760960524098,-0.1551760960524098,0,2.6549847338377806,TRUE,109
P. falciparum,model5,21020,Gerais de Balsas,MA,2012,1,109,134229,0,0.005640318458700434,-0.005640318458700434,0,0.7449954927772686,TRUE,109
P. falciparum,model5,21020,Gerais de Balsas,MA,2012,2,110,134229,0,0.005177244420854603,-0.005177244420854603,0,0.7449954927772686,TRUE,109
P. falciparum,model5,21020,Gerais de Balsas,MA,2012,3,111,134229,0,0.005371389678693549,-0.005371389678693549,0,0.7449954927772686,TRUE,109
P. falciparum,model5,21021,Chapadas das Mangabeiras,MA,2012,1,109,69548,0,0.0018445201927116215,-0.0018445201927116215,0,0,TRUE,109
P. falciparum,model5,21021,Chapadas das Mangabeiras,MA,2012,2,110,69548,0,0.0014917296395557586,-0.0014917296395557586,0,0,TRUE,109
P. falciparum,model5,21021,Chapadas das Mangabeiras,MA,2012,3,111,69548,0,0.001540412043039075,-0.001540412043039075,0,0,TRUE,109
P. falciparum,model5,51001,Aripuanã,MT,2012,1,109,143796,0.695429636429386,7.343701952793147,-6.6482723163637605,0.695429636429386,77.62733316643013,TRUE,109
P. falciparum,model5,51001,Aripuanã,MT,2012,2,110,143796,1.390859272858772,6.017934874349849,-4.627075601491077,0.3303290773039594,55.33881331886835,TRUE,109
P. falciparum,model5,51001,Aripuanã,MT,2012,3,111,143796,0.695429636429386,5.941288335366941,-5.245858698937554,0,72.39422515229904,TRUE,109
P. falciparum,model5,51002,Alta Floresta,MT,2012,1,109,100528,2.9842431959255133,1.7873330151941564,1.196910180731357,0,14.921215979627565,TRUE,109
P. falciparum,model5,51002,Alta Floresta,MT,2012,2,110,100528,0,1.3748768274391998,-1.3748768274391998,0,10.942225051726881,TRUE,109
P. falciparum,model5,51002,Alta Floresta,MT,2012,3,111,100528,0.9947477319751712,1.1249856527812592,-0.13023792080608798,0,10.942225051726881,TRUE,109
P. falciparum,model5,51003,Colíder,MT,2012,1,109,145783,4.115706220889953,3.238600266972042,0.8771059539179107,0,32.27399628214535,TRUE,109
P. falciparum,model5,51003,Colíder,MT,2012,2,110,145783,4.115706220889953,2.702846303671708,1.412859917218245,0,29.85601887737252,TRUE,109
P. falciparum,model5,51003,Colíder,MT,2012,3,111,145783,1.3719020736299843,2.392482887037206,-1.0205808134072218,0,22.996508509222597,TRUE,109
P. falciparum,model5,51004,Parecis,MT,2012,1,109,93467,1.0698963270459092,0.17300680137372404,0.8968895256721852,0,2.1397926540918184,TRUE,109
P. falciparum,model5,51004,Parecis,MT,2012,2,110,93467,1.0698963270459092,0.2358602545810267,0.8340360724648825,0,4.279585308183637,TRUE,109
P. falciparum,model5,51004,Parecis,MT,2012,3,111,93467,0,0.3748948358775936,-0.3748948358775936,0,5.911177206928624,TRUE,109
P. falciparum,model5,51005,Arinos,MT,2012,1,109,76872,1.3008637735456343,0.1786526950516068,1.1222110784940276,0,3.284681028202697,TRUE,109
P. falciparum,model5,51005,Arinos,MT,2012,2,110,76872,0,0.1315521459502225,-0.1315521459502225,0,3.284681028202697,TRUE,109
P. falciparum,model5,51005,Arinos,MT,2012,3,111,76872,0,0.12717597372996556,-0.12717597372996556,0,2.6017275470912686,TRUE,109
P. falciparum,model5,51006,Alto Teles Pires,MT,2012,1,109,204751,0.9767962061235353,0.18543901315080036,0.791357192972735,0,2.4419905153088384,TRUE,109
P. falciparum,model5,51006,Alto Teles Pires,MT,2012,2,110,204751,0,0.11769434752164815,-0.11769434752164815,0,2.2100014163544874,TRUE,109
P. falciparum,model5,51006,Alto Teles Pires,MT,2012,3,111,204751,0,0.07185068318689851,-0.07185068318689851,0,0.9767962061235353,TRUE,109
P. falciparum,model5,51007,Sinop,MT,2012,1,109,179412,0,0.32472685672143103,-0.32472685672143103,0,3.6368804762223137,TRUE,109
P. falciparum,model5,51007,Sinop,MT,2012,2,110,179412,0,0.29542075276277613,-0.29542075276277613,0,3.901634227364948,TRUE,109
P. falciparum,model5,51007,Sinop,MT,2012,3,111,179412,0,0.2750950816754693,-0.2750950816754693,0,4.4590105455599405,TRUE,109
P. falciparum,model5,51008,Paranatinga,MT,2012,1,109,33544,0,0.0038544151629164064,-0.0038544151629164064,0,0,TRUE,109
P. falciparum,model5,51008,Paranatinga,MT,2012,2,110,33544,0,0.0035837594359537676,-0.0035837594359537676,0,0,TRUE,109
P. falciparum,model5,51008,Paranatinga,MT,2012,3,111,33544,0,0.00350363352770535,-0.00350363352770535,0,0,TRUE,109
P. falciparum,model5,51009,Norte Araguaia,MT,2012,1,109,115959,0,0.005687451213276984,-0.005687451213276984,0,0.8623737700394105,TRUE,109
P. falciparum,model5,51009,Norte Araguaia,MT,2012,2,110,115959,0,0.004920315502906007,-0.004920315502906007,0,0.45274622927067093,TRUE,109
P. falciparum,model5,51009,Norte Araguaia,MT,2012,3,111,115959,0,0.00432460040755986,-0.00432460040755986,0,0.8623737700394105,TRUE,109
P. falciparum,model5,51010,Canarana,MT,2012,1,109,102483,0,0.005590651455613331,-0.005590651455613331,0,0.9757715913858884,TRUE,109
P. falciparum,model5,51010,Canarana,MT,2012,2,110,102483,0,0.00494018042129432,-0.00494018042129432,0,0,TRUE,109
P. falciparum,model5,51010,Canarana,MT,2012,3,111,102483,0,0.005173030062195502,-0.005173030062195502,0,0.5122800854775692,TRUE,109
P. falciparum,model5,51011,Médio Araguaia,MT,2012,1,109,65908,0,4.1602084569026957e-4,-4.1602084569026957e-4,0,0,TRUE,109
P. falciparum,model5,51011,Médio Araguaia,MT,2012,2,110,65908,0,3.5746050326341427e-4,-3.5746050326341427e-4,0,0,TRUE,109
P. falciparum,model5,51011,Médio Araguaia,MT,2012,3,111,65908,0,3.468774277885533e-4,-3.468774277885533e-4,0,0,TRUE,109
P. falciparum,model5,51012,Alto Guaporé,MT,2012,1,109,69039,0,0.16992392265839437,-0.16992392265839437,0,2.896913338837469,TRUE,109
P. falciparum,model5,51012,Alto Guaporé,MT,2012,2,110,69039,0,0.15540808307848636,-0.15540808307848636,0,2.896913338837469,TRUE,109
P. falciparum,model5,51012,Alto Guaporé,MT,2012,3,111,69039,0,0.16314271780238376,-0.16314271780238376,0,3.657353090282271,TRUE,109
P. falciparum,model5,51013,Tangará da Serra,MT,2012,1,109,149801,2.0026568580984105,0.1344592420211698,1.8681976160772407,0,2.0026568580984105,TRUE,109
P. falciparum,model5,51013,Tangará da Serra,MT,2012,2,110,149801,0,0.13260708917100272,-0.13260708917100272,0,2.0026568580984105,TRUE,109
P. falciparum,model5,51013,Tangará da Serra,MT,2012,3,111,149801,0,0.14428268900902416,-0.14428268900902416,0,2.670209144131214,TRUE,109
P. falciparum,model5,51014,Jauru,MT,2012,1,109,107679,0,0.08360491037361882,-0.08360491037361882,0,1.8573723753006623,TRUE,109
P. falciparum,model5,51014,Jauru,MT,2012,2,110,107679,0,0.06688390475659504,-0.06688390475659504,0,1.8573723753006623,TRUE,109
P. falciparum,model5,51014,Jauru,MT,2012,3,111,107679,0,0.06323738954249176,-0.06323738954249176,0,1.8573723753006623,TRUE,109
P. falciparum,model5,51015,Alto Paraguai,MT,2012,1,109,32743,3.0540878966496656,0.006497977685544725,3.0475899189641207,0,0,FALSE,109
P. falciparum,model5,51015,Alto Paraguai,MT,2012,2,110,32743,0,0.006342336016260106,-0.006342336016260106,0,0,TRUE,109
P. falciparum,model5,51015,Alto Paraguai,MT,2012,3,111,32743,0,0.006588098250118705,-0.006588098250118705,0,0,TRUE,109
P. falciparum,model5,51016,Rosário Oeste,MT,2012,1,109,30778,0,0.004073328665349845,-0.004073328665349845,0,0,TRUE,109
P. falciparum,model5,51016,Rosário Oeste,MT,2012,2,110,30778,0,0.0031331578716066286,-0.0031331578716066286,0,0,TRUE,109
P. falciparum,model5,51016,Rosário Oeste,MT,2012,3,111,30778,0,0.002931458677021176,-0.002931458677021176,0,0,TRUE,109
P. falciparum,model5,51017,Cuiabá,MT,2012,1,109,868141,0,0.16320452933817614,-0.16320452933817614,0,1.6126412644950532,TRUE,109
P. falciparum,model5,51017,Cuiabá,MT,2012,2,110,868141,0,0.12089117361385568,-0.12089117361385568,0,1.2728347123335904,TRUE,109
P. falciparum,model5,51017,Cuiabá,MT,2012,3,111,868141,0,0.10726858301869766,-0.10726858301869766,0,1.0971720031653818,TRUE,109
P. falciparum,model5,51018,Alto Pantanal,MT,2012,1,109,133324,0,0.08038012862459325,-0.08038012862459325,0,1.5001050073505147,TRUE,109
P. falciparum,model5,51018,Alto Pantanal,MT,2012,2,110,133324,0,0.06355623899848759,-0.06355623899848759,0,1.5001050073505147,TRUE,109
P. falciparum,model5,51018,Alto Pantanal,MT,2012,3,111,133324,0,0.05222503939427561,-0.05222503939427561,0,1.1438300681047504,TRUE,109
P. falciparum,model5,51019,Primavera do Leste,MT,2012,1,109,87669,0,0.009581796738823317,-0.009581796738823317,0,1.1406540510328622,TRUE,109
P. falciparum,model5,51019,Primavera do Leste,MT,2012,2,110,87669,0,0.0083514300519775,-0.0083514300519775,0,1.1406540510328622,TRUE,109
P. falciparum,model5,51019,Primavera do Leste,MT,2012,3,111,87669,0,0.008083427180536264,-0.008083427180536264,0,1.1406540510328622,TRUE,109
P. falciparum,model5,51020,Tesouro,MT,2012,1,109,54567,0,0.0024571665382079884,-0.0024571665382079884,0,0,TRUE,109
P. falciparum,model5,51020,Tesouro,MT,2012,2,110,54567,0,0.002183227272173519,-0.002183227272173519,0,0,TRUE,109
P. falciparum,model5,51020,Tesouro,MT,2012,3,111,54567,0,0.002065075678243913,-0.002065075678243913,0,0,TRUE,109
P. falciparum,model5,51021,Rondonópolis,MT,2012,1,109,283538,0,0.025780551800893958,-0.025780551800893958,0,0.7053728248065515,TRUE,109
P. falciparum,model5,51021,Rondonópolis,MT,2012,2,110,283538,0,0.02001766760695292,-0.02001766760695292,0,0.7053728248065515,TRUE,109
P. falciparum,model5,51021,Rondonópolis,MT,2012,3,111,283538,0,0.015421479282795792,-0.015421479282795792,0,0.35268641240327575,TRUE,109
P. falciparum,model5,51022,Alto Araguaia,MT,2012,1,109,35554,0,0.0011622566922541502,-0.0011622566922541502,0,0,TRUE,109
P. falciparum,model5,51022,Alto Araguaia,MT,2012,2,110,35554,0,0.0011555643828578689,-0.0011555643828578689,0,0,TRUE,109
P. falciparum,model5,51022,Alto Araguaia,MT,2012,3,111,35554,0,0.001188148282774591,-0.001188148282774591,0,0,TRUE,109
P. falciparum,model5,11001,Porto Velho,RO,2013,1,121,613757,6.191375414048231,11.787365405255105,-5.595989991206874,4.562066094561854,106.54460967451281,TRUE,121
P. falciparum,model5,11001,Porto Velho,RO,2013,2,122,613757,3.2586186389727527,9.480323916625956,-6.221705277653204,3.498941763596994,85.98272606259478,FALSE,121
P. falciparum,model5,11001,Porto Velho,RO,2013,3,123,613757,1.792240251435014,10.440520013550941,-8.648279762115926,3.498941763596994,95.55084504127848,FALSE,121
P. falciparum,model5,11002,Guajará-Mirim,RO,2013,1,121,79879,0,1.3781188603758436,-1.3781188603758436,0,16.93185943739904,TRUE,121
P. falciparum,model5,11002,Guajará-Mirim,RO,2013,2,122,79879,5.007573955607858,1.1028229830470178,3.90475097256084,0,11.267041400117678,TRUE,121
P. falciparum,model5,11002,Guajará-Mirim,RO,2013,3,123,79879,0,1.225825722137341,-1.225825722137341,0,14.428072459595109,TRUE,121
P. falciparum,model5,11003,Ariquemes,RO,2013,1,121,192354,5.718622955592293,8.78370741055984,-3.065084454967547,1.0397496282895078,71.37881198207458,TRUE,121
P. falciparum,model5,11003,Ariquemes,RO,2013,2,122,192354,3.6391236990132776,7.205406789754538,-3.5662830907412606,0.5198748141447539,52.28640943260859,TRUE,121
P. falciparum,model5,11003,Ariquemes,RO,2013,3,123,192354,4.678873327302785,7.1110175367398,-2.4321442094370145,1.0397496282895078,58.160994832444175,TRUE,121
P. falciparum,model5,11004,Ji-Paraná,RO,2013,1,121,315964,0.6329835044498741,1.3271540887934106,-0.6941705843435365,0,13.45881176336544,TRUE,121
P. falciparum,model5,11004,Ji-Paraná,RO,2013,2,122,315964,0.31649175222493703,1.0257440680681287,-0.7092523158431916,0,8.87759364990947,TRUE,121
P. falciparum,model5,11004,Ji-Paraná,RO,2013,3,123,315964,0.6329835044498741,1.1293945054566312,-0.49641100100675717,0,11.726019419933902,TRUE,121
P. falciparum,model5,11005,Alvorada D'Oeste,RO,2013,1,121,74999,1.3333511113481513,0.5391270658154433,0.794224045532708,0,7.366764890198505,TRUE,121
P. falciparum,model5,11005,Alvorada D'Oeste,RO,2013,2,122,74999,1.3333511113481513,0.4152940058006057,0.9180571055475456,0,6.666755556740757,TRUE,121
P. falciparum,model5,11005,Alvorada D'Oeste,RO,2013,3,123,74999,1.3333511113481513,0.39301566413630906,0.9403354472118423,0,5.333404445392605,TRUE,121
P. falciparum,model5,11006,Cacoal,RO,2013,1,121,246464,0.4057387691508699,0.8542033687893479,-0.44846459963847796,0,7.1105719293689855,TRUE,121
P. falciparum,model5,11006,Cacoal,RO,2013,2,122,246464,0,0.6625171574830444,-0.6625171574830444,0,6.897559075564788,TRUE,121
P. falciparum,model5,11006,Cacoal,RO,2013,3,123,246464,0.8114775383017399,0.7113378574996394,0.10013968080210045,0,8.520514152168268,TRUE,121
P. falciparum,model5,11007,Vilhena,RO,2013,1,121,149595,0,0.4220187348420792,-0.4220187348420792,0,4.010829238945152,TRUE,121
P. falciparum,model5,11007,Vilhena,RO,2013,2,122,149595,0,0.30724798211890625,-0.30724798211890625,0,3.34235769912096,TRUE,121
P. falciparum,model5,11007,Vilhena,RO,2013,3,123,149595,0.668471539824192,0.34366313456896214,0.3248084052552299,0,3.693305257528646,TRUE,121
P. falciparum,model5,11008,Colorado do Oeste,RO,2013,1,121,55202,0,1.2717892569905693,-1.2717892569905693,0,13.631752472736455,TRUE,121
P. falciparum,model5,11008,Colorado do Oeste,RO,2013,2,122,55202,0,0.9916323794979859,-0.9916323794979859,0,10.869171406833086,TRUE,121
P. falciparum,model5,11008,Colorado do Oeste,RO,2013,3,123,55202,0,1.0968218119897586,-1.0968218119897586,0,12.6806999746386,TRUE,121
P. falciparum,model5,12001,Cruzeiro do Sul,AC,2013,1,121,138755,641.4183272674859,279.25036896778755,362.16795829969834,115.20305574573891,1666.0300529710626,TRUE,121
P. falciparum,model5,12001,Cruzeiro do Sul,AC,2013,2,122,138755,698.3532124968469,201.4828919346478,496.87032056219914,69.16867860617639,1240.6039422002807,TRUE,121
P. falciparum,model5,12001,Cruzeiro do Sul,AC,2013,3,123,138755,518.1795250621599,210.80567238004718,307.37385268211267,68.35789701272029,1329.663795899246,TRUE,121
P. falciparum,model5,12002,Tarauacá,AC,2013,1,121,77129,6.482645956773717,4.104318483571601,2.3783274732021162,0,34.45526326025222,TRUE,121
P. falciparum,model5,12002,Tarauacá,AC,2013,2,122,77129,9.075704339483204,3.0946150050824284,5.981089334400776,0,26.611261652556077,TRUE,121
P. falciparum,model5,12002,Tarauacá,AC,2013,3,123,77129,5.186116765418974,2.9762434692242232,2.2098732961947505,0,25.31473246120133,TRUE,121
P. falciparum,model5,12003,Sena Madureira,AC,2013,1,121,54071,0,0.030227530935792956,-0.030227530935792956,0,1.8494202067651793,TRUE,121
P. falciparum,model5,12003,Sena Madureira,AC,2013,2,122,54071,0,0.028202922566649163,-0.028202922566649163,0,1.8494202067651793,TRUE,121
P. falciparum,model5,12003,Sena Madureira,AC,2013,3,123,54071,0,0.029965257764957957,-0.029965257764957957,0,1.8494202067651793,TRUE,121
P. falciparum,model5,12004,Rio Branco,AC,2013,1,121,444009,0.6756619798247333,0.363895841472421,0.3117661383523123,0,3.378309899123667,TRUE,121
P. falciparum,model5,12004,Rio Branco,AC,2013,2,122,444009,1.1261032997078888,0.2672086926799024,0.8588946070279864,0,2.4774272593573556,TRUE,121
P. falciparum,model5,12004,Rio Branco,AC,2013,3,123,444009,0.45044131988315556,0.29299418742592886,0.1574471324572267,0,2.927868579240511,TRUE,121
P. falciparum,model5,12005,Brasiléia,AC,2013,1,121,62499,0,0.0350775613657661,-0.0350775613657661,0,1.6000256004096065,TRUE,121
P. falciparum,model5,12005,Brasiléia,AC,2013,2,122,62499,0,0.02065973143858021,-0.02065973143858021,0,1.6000256004096065,TRUE,121
P. falciparum,model5,12005,Brasiléia,AC,2013,3,123,62499,0,0.015138829618086162,-0.015138829618086162,0,1.6000256004096065,TRUE,121
P. falciparum,model5,13001,Rio Negro,AM,2013,1,121,106390,42.297208384246645,18.592385578418863,23.70482280582778,4.206222389322306,125.15273991916521,TRUE,121
P. falciparum,model5,13001,Rio Negro,AM,2013,2,122,106390,46.05696024062412,14.844986393910764,31.211973846713356,1.8798759281887396,108.63333020020673,TRUE,121
P. falciparum,model5,13001,Rio Negro,AM,2013,3,123,106390,48.87677413290723,18.62792027351745,30.24885385938978,4.206222389322306,140.63821787761998,TRUE,121
P. falciparum,model5,13002,Japurá,AM,2013,1,121,24393,98.38888205632765,10.605996642340973,87.78288541398668,0,96.44160209896273,FALSE,121
P. falciparum,model5,13002,Japurá,AM,2013,2,122,24393,49.19444102816382,9.381069420915718,39.8133716072481,0,81.99073504693969,TRUE,121
P. falciparum,model5,13002,Japurá,AM,2013,3,123,24393,32.796294018775875,12.639147403362198,20.157146615413676,0,106.5879555610216,TRUE,121
P. falciparum,model5,13003,Alto Solimões,AM,2013,1,121,240175,48.298115957114604,27.19224953627217,21.105866420842435,7.671489538877903,269.65754137607973,TRUE,121
P. falciparum,model5,13003,Alto Solimões,AM,2013,2,122,240175,52.04538357447694,38.188359947734774,13.85702362674217,12.470073904444678,337.1708129488904,TRUE,121
P. falciparum,model5,13003,Alto Solimões,AM,2013,3,123,240175,72.03081086707608,50.95841383496121,21.07239703211487,17.882793796190278,444.748620797335,TRUE,121
P. falciparum,model5,13004,Juruá,AM,2013,1,121,139876,140.83902885412795,70.84748914426825,69.9915397098597,21.447567845806287,616.5818296205207,TRUE,121
P. falciparum,model5,13004,Juruá,AM,2013,2,122,139876,140.1241099259344,63.05161222332921,77.07249770260518,17.461894821127288,594.5265806857492,TRUE,121
P. falciparum,model5,13004,Juruá,AM,2013,3,123,139876,162.28659669993422,73.54375672181477,88.74283997811945,18.212559695730505,653.0426949583914,TRUE,121
P. falciparum,model5,13005,Tefé,AM,2013,1,121,90852,44.02764936380047,23.976936580917744,20.050712782882727,5.503456170475059,189.95178972394655,TRUE,121
P. falciparum,model5,13005,Tefé,AM,2013,2,122,90852,16.510368511425174,20.477733044846577,-3.967364533421403,6.60414740457007,147.3000044027646,TRUE,121
P. falciparum,model5,13005,Tefé,AM,2013,3,123,90852,27.51728085237529,26.78137979647578,0.7359010558995109,5.503456170475059,206.46215823537176,TRUE,121
P. falciparum,model5,13006,Coari,AM,2013,1,121,166344,1.2023277064396671,3.3790576126306044,-2.1767299061909373,0,26.51132592699461,TRUE,121
P. falciparum,model5,13006,Coari,AM,2013,2,122,166344,0,3.5699540597356383,-3.5699540597356383,0,26.766820564613077,TRUE,121
P. falciparum,model5,13006,Coari,AM,2013,3,123,166344,0,4.619842649786395,-4.619842649786395,0,35.84439474823252,TRUE,121
P. falciparum,model5,13007,Manaus,AM,2013,1,121,2242712,2.0956770196084027,2.892745299041016,-0.7970682794326134,1.0255440734253887,19.993650544519298,TRUE,121
P. falciparum,model5,13007,Manaus,AM,2013,2,122,2242712,2.2294436378812796,2.1634795421897723,0.0659640956915073,0.5540167440134982,15.453388575974085,TRUE,121
P. falciparum,model5,13007,Manaus,AM,2013,3,123,2242712,1.203899564455891,2.3666265608300825,-1.1627269963741915,0.758010836879635,17.658308333838654,TRUE,121
P. falciparum,model5,13008,Rio Preto da Eva,AM,2013,1,121,59977,0,2.0087001168794316,-2.0087001168794316,0,20.007669606682562,TRUE,121
P. falciparum,model5,13008,Rio Preto da Eva,AM,2013,2,122,59977,0,1.232865580187119,-1.232865580187119,0,13.338446404455041,TRUE,121
P. falciparum,model5,13008,Rio Preto da Eva,AM,2013,3,123,59977,0,1.201621734733084,-1.201621734733084,0,14.213781949747364,TRUE,121
P. falciparum,model5,13009,Itacoatiara,AM,2013,1,121,165918,0.602707361467713,0.3135596776915817,0.28914768377613126,0,3.013536807338565,TRUE,121
P. falciparum,model5,13009,Itacoatiara,AM,2013,2,122,165918,0,0.22846631049268415,-0.22846631049268415,0,2.410829445870852,TRUE,121
P. falciparum,model5,13009,Itacoatiara,AM,2013,3,123,165918,0,0.21106310012409116,-0.21106310012409116,0,2.410829445870852,TRUE,121
P. falciparum,model5,13010,Parintins,AM,2013,1,121,262719,6.090157164118317,1.9272383739155758,4.162918790202741,0,14.28332172397123,TRUE,121
P. falciparum,model5,13010,Parintins,AM,2013,2,122,262719,1.5225392910295792,1.5135343846106144,0.009004906418964786,0,11.999512787426863,TRUE,121
P. falciparum,model5,13010,Parintins,AM,2013,3,123,262719,1.1419044682721842,1.2684813478072734,-0.12657687953508923,0,10.476973496397283,TRUE,121
P. falciparum,model5,13011,Boca do Acre,AM,2013,1,121,51941,5.77578406268651,1.6010533001485545,4.174730762537956,0,16.412853044800787,TRUE,121
P. falciparum,model5,13011,Boca do Acre,AM,2013,2,122,51941,19.252613542288366,1.1784154371846416,18.074198105103726,0,11.55156812537302,FALSE,121
P. falciparum,model5,13011,Boca do Acre,AM,2013,3,123,51941,5.77578406268651,1.3892855289884942,4.386498533698016,0,13.476829479601856,TRUE,121
P. falciparum,model5,13012,Purus,AM,2013,1,121,74737,25.422481501799645,18.256422049216027,7.166059452583617,1.9735873797449743,162.1686714746375,TRUE,121
P. falciparum,model5,13012,Purus,AM,2013,2,122,74737,21.4084054751997,19.186954687856602,2.221450787343098,3.3116127219449556,166.3165500354573,TRUE,121
P. falciparum,model5,13012,Purus,AM,2013,3,123,74737,13.380253421999813,26.233623787544754,-12.853370365544942,5.28520010168993,220.2055206925618,TRUE,121
P. falciparum,model5,13013,Madeira,AM,2013,1,121,181887,4.948127133879826,4.648155521951827,0.29997161192799915,0,32.46521191728928,TRUE,121
P. falciparum,model5,13013,Madeira,AM,2013,2,122,181887,2.1991676150577004,4.371809968873314,-2.1726423538156134,0,33.82594687910625,TRUE,121
P. falciparum,model5,13013,Madeira,AM,2013,3,123,181887,0.5497919037644251,5.539762165950788,-4.989970262186363,0,40.684600878567466,TRUE,121
P. falciparum,model5,14001,Boa Vista,RR,2013,1,121,347279,64.2134998085113,21.85143924807193,42.362060560439375,5.8958359129115205,171.47596025097963,TRUE,121
P. falciparum,model5,14001,Boa Vista,RR,2013,2,122,347279,42.32907834910835,16.06389891500377,26.26517943410458,4.3192937090926895,126.89365035029468,TRUE,121
P. falciparum,model5,14001,Boa Vista,RR,2013,3,123,347279,49.23994828365665,16.56743040149101,32.67251788216564,4.895199536971714,121.6025155566561,TRUE,121
P. falciparum,model5,14002,Nordeste de Roraima,RR,2013,1,121,45799,13.100722723203564,24.60157134007734,-11.500848616873775,2.1834537872005937,226.80626214546095,TRUE,121
P. falciparum,model5,14002,Nordeste de Roraima,RR,2013,2,122,45799,10.91726893600297,21.17775082345451,-10.26048188745154,1.0371405489202852,172.82036725692672,TRUE,121
P. falciparum,model5,14002,Nordeste de Roraima,RR,2013,3,123,45799,4.366907574401187,20.035236613875078,-15.66832903947389,0,156.28070481888238,TRUE,121
P. falciparum,model5,14003,Caracaraí,RR,2013,1,121,45348,44.10337831877922,22.233522083553243,21.869856235225978,0,168.75055129222892,TRUE,121
P. falciparum,model5,14003,Caracaraí,RR,2013,2,122,45348,17.64135132751169,18.730634014208476,-1.0892826866967873,0,131.37293816706344,TRUE,121
P. falciparum,model5,14003,Caracaraí,RR,2013,3,123,45348,28.667195907206494,21.5301133078185,7.137082599387995,0,173.16088912410686,TRUE,121
P. falciparum,model5,14004,Sudeste de Roraima,RR,2013,1,121,49646,36.25669741771744,19.7765662550735,16.48013116264394,0,167.1836603150304,TRUE,121
P. falciparum,model5,14004,Sudeste de Roraima,RR,2013,2,122,49646,24.171131611811624,14.543977193577872,9.627154418233753,0,123.07134512347402,TRUE,121
P. falciparum,model5,14004,Sudeste de Roraima,RR,2013,3,123,49646,34.24243645006647,13.617806403068336,20.624630046998135,0,103.78479635821611,TRUE,121
P. falciparum,model5,15001,Óbidos,PA,2013,1,121,193769,2.580392116386006,1.7738164603706241,0.8065756560153818,0,13.172901754150548,TRUE,121
P. falciparum,model5,15001,Óbidos,PA,2013,2,122,193769,1.0321568465544024,1.1966379982322402,-0.16448115167783772,0,10.592509637764543,TRUE,121
P. falciparum,model5,15001,Óbidos,PA,2013,3,123,193769,2.580392116386006,1.2810281257086205,1.2993639906773855,0,11.353725312098426,TRUE,121
P. falciparum,model5,15002,Santarém,PA,2013,1,121,499965,7.6005320372426075,2.664278088730235,4.936253948512372,0.29502065144560147,20.801456101927133,TRUE,121
P. falciparum,model5,15002,Santarém,PA,2013,2,122,499965,5.200364025481783,2.3871576374172894,2.813206388064494,0.29502065144560147,21.481503705259296,TRUE,121
P. falciparum,model5,15002,Santarém,PA,2013,3,123,499965,2.8001960137209605,2.4761534027761436,0.3240426109448169,0.2000140009800686,17.73624153690755,TRUE,121
P. falciparum,model5,15003,Almeirim,PA,2013,1,121,70403,4.261182051901198,3.542608535765823,0.718573516135375,0,39.98409158700605,TRUE,121
P. falciparum,model5,15003,Almeirim,PA,2013,2,122,70403,0,2.938300329818677,-2.938300329818677,0,33.41476925699186,TRUE,121
P. falciparum,model5,15003,Almeirim,PA,2013,3,123,70403,1.4203940173003993,2.556090597133677,-1.1356965798332777,0,24.146698294106788,TRUE,121
P. falciparum,model5,15004,Portel,PA,2013,1,121,139347,4.305797756679369,4.54872497522926,-0.24292721854989097,0,34.48226370140725,TRUE,121
P. falciparum,model5,15004,Portel,PA,2013,2,122,139347,2.870531837786246,5.366622170913802,-2.496090333127556,0,40.22332737697974,TRUE,121
P. falciparum,model5,15004,Portel,PA,2013,3,123,139347,11.482127351144984,6.881023552627027,4.601103798517957,0.7176329594465615,51.364579072387585,TRUE,121
P. falciparum,model5,15005,Furos de Breves,PA,2013,1,121,214867,57.71011835228304,114.93002321698773,-57.219904864704695,30.693405688169893,645.2828959309709,TRUE,121
P. falciparum,model5,15005,Furos de Breves,PA,2013,2,122,214867,37.23233442082777,115.79286777257565,-78.56053335174788,31.845281034314254,663.9805088729302,TRUE,121
P. falciparum,model5,15005,Furos de Breves,PA,2013,3,123,214867,18.150763030153538,119.4277215417885,-101.27695851163496,31.86855124332727,639.8143968129118,FALSE,121
P. falciparum,model5,15006,Arari,PA,2013,1,121,162836,1.2282296298115896,10.19962229058186,-8.97139266077027,1.2282296298115896,98.90319094057821,TRUE,121
P. falciparum,model5,15006,Arari,PA,2013,2,122,162836,2.456459259623179,16.429165933285983,-13.972706673662804,3.362278611609227,155.24822520818446,FALSE,121
P. falciparum,model5,15006,Arari,PA,2013,3,123,162836,1.8423444447173845,21.560534575222484,-19.7181901305051,4.298803704340564,188.91706993539503,FALSE,121
P. falciparum,model5,15007,Belém,PA,2013,1,121,2222335,0.2699862981953666,0.2404049000908711,0.029581398104495532,0,2.0721448386494363,TRUE,121
P. falciparum,model5,15007,Belém,PA,2013,2,122,2222335,0.3599817309271554,0.22175754675575143,0.13822418417140397,0,1.9157777742779523,TRUE,121
P. falciparum,model5,15007,Belém,PA,2013,3,123,2222335,0.1349931490976833,0.2052280086023164,-0.0702348595046331,0,1.643541590264293,TRUE,121
P. falciparum,model5,15008,Castanhal,PA,2013,1,121,314158,0,0.10096400808032714,-0.10096400808032714,0,1.273244673062599,TRUE,121
P. falciparum,model5,15008,Castanhal,PA,2013,2,122,314158,0,0.0721261297887438,-0.0721261297887438,0,0.9549335047969493,TRUE,121
P. falciparum,model5,15008,Castanhal,PA,2013,3,123,314158,0,0.05551664812343125,-0.05551664812343125,0,0.6366223365312995,TRUE,121
P. falciparum,model5,15009,Salgado,PA,2013,1,121,256020,0.7811889696117491,1.2112507402270865,-0.43006177061533735,0,10.75111319428169,TRUE,121
P. falciparum,model5,15009,Salgado,PA,2013,2,122,256020,0,0.9174755843303702,-0.9174755843303702,0,8.202484180923365,TRUE,121
P. falciparum,model5,15009,Salgado,PA,2013,3,123,256020,0,0.6697691475049222,-0.6697691475049222,0,5.858917272088118,TRUE,121
P. falciparum,model5,15010,Bragantina,PA,2013,1,121,397869,1.0053560342725871,0.1350625290691715,0.8702935052034156,0,1.639987030907152,TRUE,121
P. falciparum,model5,15010,Bragantina,PA,2013,2,122,397869,0,0.12202427518644374,-0.12202427518644374,0,1.7593730599770276,TRUE,121
P. falciparum,model5,15010,Bragantina,PA,2013,3,123,397869,0,0.12765683347363677,-0.12765683347363677,0,1.7593730599770276,TRUE,121
P. falciparum,model5,15011,Cametá,PA,2013,1,121,460628,3.47351876134321,5.1837091313284835,-1.7101903699852734,1.085474612919753,36.61848606684784,TRUE,121
P. falciparum,model5,15011,Cametá,PA,2013,2,122,460628,0.43418984516790127,5.221524659857171,-4.78733481468927,1.085474612919753,32.471973045494394,FALSE,121
P. falciparum,model5,15011,Cametá,PA,2013,3,123,460628,0.21709492258395063,4.884520658885993,-4.667425736302042,1.3025695355037037,32.67821322194916,FALSE,121
P. falciparum,model5,15012,Tomé-Açu,PA,2013,1,121,308695,1.6197217318064756,4.776973148510779,-3.157251416704303,0,36.160287662579535,TRUE,121
P. falciparum,model5,15012,Tomé-Açu,PA,2013,2,122,308695,0,3.273191089317425,-3.273191089317425,0.3239443463612951,24.806038322616153,FALSE,121
P. falciparum,model5,15012,Tomé-Açu,PA,2013,3,123,308695,0,3.0830703356306133,-3.0830703356306133,0,21.55039764168515,TRUE,121
P. falciparum,model5,15013,Guamá,PA,2013,1,121,450804,0,1.482019051133111,-1.482019051133111,0,13.531379490865211,TRUE,121
P. falciparum,model5,15013,Guamá,PA,2013,2,122,450804,0.2218258932928723,1.5186798404634485,-1.2968539471705762,0,12.24478930976651,TRUE,121
P. falciparum,model5,15013,Guamá,PA,2013,3,123,450804,0.8873035731714892,1.5636980068257704,-0.6763944336542812,0,14.429774358701332,TRUE,121
P. falciparum,model5,15014,Itaituba,PA,2013,1,121,212956,252.63434700125848,181.30336624413698,71.3309807571215,58.45104152970566,1452.518360600311,TRUE,121
P. falciparum,model5,15014,Itaituba,PA,2013,2,122,212956,199.57174251958148,159.1627680101412,40.40897450944027,50.914273371025,1283.9624147711256,TRUE,121
P. falciparum,model5,15014,Itaituba,PA,2013,3,123,212956,132.42172091887525,152.26868688302588,-19.846965964150627,47.01675463476024,1150.5545746539183,TRUE,121
P. falciparum,model5,15015,Altamira,PA,2013,1,121,287193,24.025655221401635,12.79760246547391,11.228052755927726,1.7409895087972198,101.36040920217411,TRUE,121
P. falciparum,model5,15015,Altamira,PA,2013,2,122,287193,9.401343347504987,10.494431172841432,-1.093087825336445,2.2545814138924003,80.99953689679063,TRUE,121
P. falciparum,model5,15015,Altamira,PA,2013,3,123,287193,4.178374821113327,8.31916999794261,-4.140795176829283,1.0445937052783318,69.16951318451335,TRUE,121
P. falciparum,model5,15016,Tucuruí,PA,2013,1,121,350813,12.257242462508517,9.25747726669277,2.999765195815746,2.130764823424446,71.51245820422835,TRUE,121
P. falciparum,model5,15016,Tucuruí,PA,2013,2,122,350813,5.98609515610881,7.543073716067243,-1.5569785599584334,1.7103129017453742,58.69936404865259,TRUE,121
P. falciparum,model5,15016,Tucuruí,PA,2013,3,123,350813,1.7103129017453742,5.44310484320811,-3.732791941462736,0.8551564508726871,46.477753104930535,TRUE,121
P. falciparum,model5,15017,Paragominas,PA,2013,1,121,316737,1.5785967537736356,5.339630206514167,-3.7610334527405316,0.3157193507547271,40.127929480925786,TRUE,121
P. falciparum,model5,15017,Paragominas,PA,2013,2,122,316737,0.6314387015094542,4.905397196377307,-4.273958494867853,0.3157193507547271,40.79094011751069,TRUE,121
P. falciparum,model5,15017,Paragominas,PA,2013,3,123,316737,0,4.144725493209814,-4.144725493209814,0,32.384912403666114,TRUE,121
P. falciparum,model5,15018,São Félix do Xingu,PA,2013,1,121,187552,0,0.31948279229037707,-0.31948279229037707,0,3.732298242620713,TRUE,121
P. falciparum,model5,15018,São Félix do Xingu,PA,2013,2,122,187552,0.5331854632315305,0.27527883121580127,0.2579066320157292,0,4.012220610817255,TRUE,121
P. falciparum,model5,15018,São Félix do Xingu,PA,2013,3,123,187552,0,0.259282444683896,-0.259282444683896,0,3.199112779389183,TRUE,121
P. falciparum,model5,15019,Parauapebas,PA,2013,1,121,283946,0.35217963979066447,0.10256547200887553,0.24961416778178894,0,1.4087185591626579,TRUE,121
P. falciparum,model5,15019,Parauapebas,PA,2013,2,122,283946,0,0.0905353086564423,-0.0905353086564423,0,1.0565389193719932,TRUE,121
P. falciparum,model5,15019,Parauapebas,PA,2013,3,123,283946,0,0.08260828435768977,-0.08260828435768977,0,1.0565389193719932,TRUE,121
P. falciparum,model5,15020,Marabá,PA,2013,1,121,304066,0.65775193543507,1.2772883220475633,-0.6195363866124932,0,9.224970894476842,TRUE,121
P. falciparum,model5,15020,Marabá,PA,2013,2,122,304066,0.65775193543507,1.1201567719142298,-0.46240483647915975,0,7.251715088171632,TRUE,121
P. falciparum,model5,15020,Marabá,PA,2013,3,123,304066,0.65775193543507,0.9592138406139696,-0.3014619051788996,0,7.580591055889167,TRUE,121
P. falciparum,model5,15021,Redenção,PA,2013,1,121,187783,0,0.20580768455980156,-0.20580768455980156,0,2.942225867091258,TRUE,121
P. falciparum,model5,15021,Redenção,PA,2013,2,122,187783,0,0.2294255598702976,-0.2294255598702976,0,3.1951774122258136,TRUE,121
P. falciparum,model5,15021,Redenção,PA,2013,3,123,187783,0,0.2623620721915969,-0.2623620721915969,0,3.1951774122258136,TRUE,121
P. falciparum,model5,15022,Conceição do Araguaia,PA,2013,1,121,146912,2.7227183620126336,0.09910842551130811,2.6236099365013255,0,2.042038771509475,FALSE,121
P. falciparum,model5,15022,Conceição do Araguaia,PA,2013,2,122,146912,0,0.1144942724974299,-0.1144942724974299,0,2.7227183620126336,TRUE,121
P. falciparum,model5,15022,Conceição do Araguaia,PA,2013,3,123,146912,0,0.11819232287589611,-0.11819232287589611,0,2.399395556523618,TRUE,121
P. falciparum,model5,16001,Oiapoque,AP,2013,1,121,32779,936.5752463467463,248.79931850581042,687.7759278409359,62.46377253729522,1943.3936361694973,TRUE,121
P. falciparum,model5,16001,Oiapoque,AP,2013,2,122,32779,567.4364684706671,158.24415606447693,409.19231240619024,28.905701821288023,1110.6196040147654,TRUE,121
P. falciparum,model5,16001,Oiapoque,AP,2013,3,123,32779,366.088044174624,181.11854611785895,184.96949805676502,44.15937032856402,1388.846517587479,TRUE,121
P. falciparum,model5,16002,Amapá,AP,2013,1,121,27052,29.572674848440037,52.5161902512542,-22.943515402814164,3.6965843560550047,407.5484252550635,TRUE,121
P. falciparum,model5,16002,Amapá,AP,2013,2,122,27052,29.572674848440037,43.889716969058966,-14.317042120618929,7.393168712110009,331.30637291142943,TRUE,121
P. falciparum,model5,16002,Amapá,AP,2013,3,123,27052,14.786337424220019,32.57518114970161,-17.788843725481595,0,203.31213958302527,TRUE,121
P. falciparum,model5,16003,Macapá,AP,2013,1,121,598870,28.553776278658137,19.89856734253811,8.655208936120026,6.0113213218227655,135.0167816053563,TRUE,121
P. falciparum,model5,16003,Macapá,AP,2013,2,122,598870,29.22170086997178,19.252100432701173,9.969600437270607,5.3433967305091254,131.90675772705248,TRUE,121
P. falciparum,model5,16003,Macapá,AP,2013,3,123,598870,15.863209043698966,14.41199134226427,1.451217701434695,4.6754721391954845,88.42069230383873,TRUE,121
P. falciparum,model5,16004,Mazagão,AP,2013,1,121,76295,74.71000720886035,38.47285564119695,36.237151567663396,9.797496559407566,309.653319352513,TRUE,121
P. falciparum,model5,16004,Mazagão,AP,2013,2,122,76295,82.57421849400353,34.986719841724444,47.58749865227909,4.554689035978768,293.23677829477657,TRUE,121
P. falciparum,model5,16004,Mazagão,AP,2013,3,123,76295,51.11737335343076,34.839777933383665,16.277595420047092,6.487974310243139,304.2466740939766,TRUE,121
P. falciparum,model5,17001,Bico do Papagaio,TO,2013,1,121,207214,0,0.10243003710872071,-0.10243003710872071,0,1.930371499995174,TRUE,121
P. falciparum,model5,17001,Bico do Papagaio,TO,2013,2,122,207214,0.4825928749987935,0.09263669151917621,0.3899561834796173,0,1.4477786249963807,TRUE,121
P. falciparum,model5,17001,Bico do Papagaio,TO,2013,3,123,207214,0,0.09047175536349551,-0.09047175536349551,0,1.4477786249963807,TRUE,121
P. falciparum,model5,17002,Araguaína,TO,2013,1,121,298783,0,0.026221778956913577,-0.026221778956913577,0,0.6693821268278315,TRUE,121
P. falciparum,model5,17002,Araguaína,TO,2013,2,122,298783,0,0.023395356012845054,-0.023395356012845054,0,0.33469106341391575,TRUE,121
P. falciparum,model5,17002,Araguaína,TO,2013,3,123,298783,0,0.021080918133804822,-0.021080918133804822,0,0.33469106341391575,TRUE,121
P. falciparum,model5,17003,Miracema do Tocantins,TO,2013,1,121,147591,0,0.024040796994534108,-0.024040796994534108,0,0.677548088975615,TRUE,121
P. falciparum,model5,17003,Miracema do Tocantins,TO,2013,2,122,147591,0,0.025962608841149013,-0.025962608841149013,0,0.677548088975615,TRUE,121
P. falciparum,model5,17003,Miracema do Tocantins,TO,2013,3,123,147591,0,0.026439601719291293,-0.026439601719291293,0,0.677548088975615,TRUE,121
P. falciparum,model5,17004,Rio Formoso,TO,2013,1,121,122527,0,0.029917726523775928,-0.029917726523775928,0,0.8161466452292148,TRUE,121
P. falciparum,model5,17004,Rio Formoso,TO,2013,2,122,122527,0,0.02529302618749012,-0.02529302618749012,0,0.8161466452292148,TRUE,121
P. falciparum,model5,17004,Rio Formoso,TO,2013,3,123,122527,0,0.02488585921915323,-0.02488585921915323,0,0.8161466452292148,TRUE,121
P. falciparum,model5,17005,Gurupi,TO,2013,1,121,144769,0,0.004331596755343993,-0.004331596755343993,0,0.6907556175700599,TRUE,121
P. falciparum,model5,17005,Gurupi,TO,2013,2,122,144769,0,0.0036121001181122895,-0.0036121001181122895,0,0.6907556175700599,TRUE,121
P. falciparum,model5,17005,Gurupi,TO,2013,3,123,144769,0,0.002956511973685132,-0.002956511973685132,0,0,TRUE,121
P. falciparum,model5,17006,Porto Nacional,TO,2013,1,121,358276,0.27911442574998047,0.06311790403549716,0.2159965217144833,0,0.8373432772499414,TRUE,121
P. falciparum,model5,17006,Porto Nacional,TO,2013,2,122,358276,0,0.05609963229078158,-0.05609963229078158,0,0.8373432772499414,TRUE,121
P. falciparum,model5,17006,Porto Nacional,TO,2013,3,123,358276,0,0.04539413827450119,-0.04539413827450119,0,0.5582288514999609,TRUE,121
P. falciparum,model5,17007,Jalapão,TO,2013,1,121,76288,0,4.328493206111734e-4,-4.328493206111734e-4,0,0,TRUE,121
P. falciparum,model5,17007,Jalapão,TO,2013,2,122,76288,0,4.091722883839815e-4,-4.091722883839815e-4,0,0,TRUE,121
P. falciparum,model5,17007,Jalapão,TO,2013,3,123,76288,0,3.591428101122877e-4,-3.591428101122877e-4,0,0,TRUE,121
P. falciparum,model5,17008,Dianópolis,TO,2013,1,121,122716,0,1.2632976878901875e-4,-1.2632976878901875e-4,0,0,TRUE,121
P. falciparum,model5,17008,Dianópolis,TO,2013,2,122,122716,0,1.1652497814462512e-4,-1.1652497814462512e-4,0,0,TRUE,121
P. falciparum,model5,17008,Dianópolis,TO,2013,3,123,122716,0,1.025498551505794e-4,-1.025498551505794e-4,0,0,TRUE,121
P. falciparum,model5,21001,Litoral Ocidental Maranhense,MA,2013,1,121,186262,0,0.020582065378732896,-0.020582065378732896,0,0.5368781608701721,TRUE,121
P. falciparum,model5,21001,Litoral Ocidental Maranhense,MA,2013,2,122,186262,0,0.01802295675207325,-0.01802295675207325,0,0.5368781608701721,TRUE,121
P. falciparum,model5,21001,Litoral Ocidental Maranhense,MA,2013,3,123,186262,0,0.018664849975413535,-0.018664849975413535,0,0.5368781608701721,TRUE,121
P. falciparum,model5,21002,Aglomeração Urbana de São Luís,MA,2013,1,121,1366266,0.07319218951507248,0.03137158574871543,0.041820603766357045,0,0.4391531370904348,TRUE,121
P. falciparum,model5,21002,Aglomeração Urbana de São Luís,MA,2013,2,122,1366266,0.14638437903014495,0.027392339599888738,0.11899203943025621,0,0.36596094757536235,TRUE,121
P. falciparum,model5,21002,Aglomeração Urbana de São Luís,MA,2013,3,123,1366266,0.07319218951507248,0.02624884727367531,0.046943342241397165,0,0.40438684707077377,TRUE,121
P. falciparum,model5,21003,Rosário,MA,2013,1,121,168740,0,0.018546684822401908,-0.018546684822401908,0,0.592627711271779,TRUE,121
P. falciparum,model5,21003,Rosário,MA,2013,2,122,168740,0,0.012706102080444317,-0.012706102080444317,0,0.592627711271779,TRUE,121
P. falciparum,model5,21003,Rosário,MA,2013,3,123,168740,0,0.011412176402050547,-0.011412176402050547,0,0.592627711271779,TRUE,121
P. falciparum,model5,21004,Lençóis Maranhenses,MA,2013,1,121,186318,0,0.01976060314111887,-0.01976060314111887,0,0.5367167960154146,TRUE,121
P. falciparum,model5,21004,Lençóis Maranhenses,MA,2013,2,122,186318,0,0.01402500100382897,-0.01402500100382897,0,0.5367167960154146,TRUE,121
P. falciparum,model5,21004,Lençóis Maranhenses,MA,2013,3,123,186318,0,0.011932607033782591,-0.011932607033782591,0,0.5367167960154146,TRUE,121
P. falciparum,model5,21005,Baixada Maranhense,MA,2013,1,121,581920,3.436898542755018,0.4019721957842091,3.034926346970809,0,4.386341765191087,TRUE,121
P. falciparum,model5,21005,Baixada Maranhense,MA,2013,2,122,581920,2.2339840527907615,0.34094644443391664,1.893037608356845,0,3.4454907891118975,TRUE,121
P. falciparum,model5,21005,Baixada Maranhense,MA,2013,3,123,581920,1.0310695628265054,0.3452505484927757,0.6858190143337297,0,3.3552722023645822,TRUE,121
P. falciparum,model5,21006,Itapecuru Mirim,MA,2013,1,121,223241,0,0.05352461283125608,-0.05352461283125608,0,1.1310646341845705,TRUE,121
P. falciparum,model5,21006,Itapecuru Mirim,MA,2013,2,122,223241,0,0.052352792915652896,-0.052352792915652896,0,0.8958927795521432,TRUE,121
P. falciparum,model5,21006,Itapecuru Mirim,MA,2013,3,123,223241,0,0.06302293349435353,-0.06302293349435353,0,0.8958927795521432,TRUE,121
P. falciparum,model5,21007,Gurupi,MA,2013,1,121,230990,4.32919173990216,0.5840756534301498,3.74511608647201,0,4.762110913892377,TRUE,121
P. falciparum,model5,21007,Gurupi,MA,2013,2,122,230990,1.2987575219706482,0.6276258790749406,0.6711316428957076,0,5.627949261872809,TRUE,121
P. falciparum,model5,21007,Gurupi,MA,2013,3,123,230990,1.731676695960864,0.7658253108102169,0.9658513851506472,0,7.15398935018831,TRUE,121
P. falciparum,model5,21008,Pindaré,MA,2013,1,121,642579,4.6686866517579935,1.035530360029292,3.6331562917287012,0,8.02625046881394,TRUE,121
P. falciparum,model5,21008,Pindaré,MA,2013,2,122,642579,3.423703544622529,0.9661860653683881,2.457517479254141,0,7.395977770826619,TRUE,121
P. falciparum,model5,21008,Pindaré,MA,2013,3,123,642579,2.8012119910547963,0.9751080703237885,1.8261039207310077,0,8.485337989570152,TRUE,121
P. falciparum,model5,21009,Imperatriz,MA,2013,1,121,580283,1.0339782485442448,0.2981351288853465,0.7358431196588984,0,3.364737550471059,TRUE,121
P. falciparum,model5,21009,Imperatriz,MA,2013,2,122,580283,0.5169891242721224,0.25633942637268736,0.26064969789943504,0,2.1584295938361073,TRUE,121
P. falciparum,model5,21009,Imperatriz,MA,2013,3,123,580283,0.34465941618141493,0.22834641561249605,0.11631300056891888,0,2.1584295938361073,TRUE,121
P. falciparum,model5,21010,Médio Mearim,MA,2013,1,121,415203,1.2042302199165227,0.19408132789516158,1.010148892021361,0,1.9267683518664365,TRUE,121
P. falciparum,model5,21010,Médio Mearim,MA,2013,2,122,415203,0.7225381319499136,0.2183955568820633,0.5041425750678503,0,2.2940585689409705,TRUE,121
P. falciparum,model5,21010,Médio Mearim,MA,2013,3,123,415203,0.24084604398330456,0.3021214721754397,-0.06127542819213516,0,3.016596700890884,TRUE,121
P. falciparum,model5,21011,Alto Mearim e Grajaú,MA,2013,1,121,320723,1.8707732217521038,0.6802442858431682,1.1905289359089357,0,6.23591073917368,TRUE,121
P. falciparum,model5,21011,Alto Mearim e Grajaú,MA,2013,2,122,320723,1.8707732217521038,0.5897256580963147,1.2810475636557892,0,5.627909442104231,TRUE,121
P. falciparum,model5,21011,Alto Mearim e Grajaú,MA,2013,3,123,320723,0.9353866108760519,0.5476862793839798,0.38770033149207206,0,6.399603396076982,TRUE,121
P. falciparum,model5,21012,Presidente Dutra,MA,2013,1,121,194017,0,0.14368330815790134,-0.14368330815790134,0,2.061675007860136,TRUE,121
P. falciparum,model5,21012,Presidente Dutra,MA,2013,2,122,194017,0,0.15406731008035363,-0.15406731008035363,0,1.816851100676733,TRUE,121
P. falciparum,model5,21012,Presidente Dutra,MA,2013,3,123,194017,1.030837503930068,0.20148886497782773,0.8293486389522402,0,3.092512511790204,TRUE,121
P. falciparum,model5,21013,Baixo Parnaíba Maranhense,MA,2013,1,121,139621,2.148673910085159,0.11229307946382645,2.0363808306213325,0,1.4324492733901062,FALSE,121
P. falciparum,model5,21013,Baixo Parnaíba Maranhense,MA,2013,2,122,139621,0,0.08523457642436377,-0.08523457642436377,0,1.4324492733901062,TRUE,121
P. falciparum,model5,21013,Baixo Parnaíba Maranhense,MA,2013,3,123,139621,0,0.07663513853114874,-0.07663513853114874,0,1.4324492733901062,TRUE,121
P. falciparum,model5,21014,Chapadinha,MA,2013,1,121,234229,0,0.043832428223921374,-0.043832428223921374,0,0.8538652344500467,TRUE,121
P. falciparum,model5,21014,Chapadinha,MA,2013,2,122,234229,0,0.037005133960212946,-0.037005133960212946,0,0.42693261722502335,TRUE,121
P. falciparum,model5,21014,Chapadinha,MA,2013,3,123,234229,0,0.03481709521874184,-0.03481709521874184,0,0.42693261722502335,TRUE,121
P. falciparum,model5,21015,Codó,MA,2013,1,121,269763,0,0.12671482612959026,-0.12671482612959026,0,1.482783035479291,TRUE,121
P. falciparum,model5,21015,Codó,MA,2013,2,122,269763,0,0.11392241745354802,-0.11392241745354802,0,1.482783035479291,TRUE,121
P. falciparum,model5,21015,Codó,MA,2013,3,123,269763,0.37069575886982276,0.11473459994218065,0.2559611589276421,0,1.1120872766094683,TRUE,121
P. falciparum,model5,21016,Coelho Neto,MA,2013,1,121,90137,0,0.006935344295691547,-0.006935344295691547,0,1.1094223237959995,TRUE,121
P. falciparum,model5,21016,Coelho Neto,MA,2013,2,122,90137,0,0.005242869998742412,-0.005242869998742412,0,1.1094223237959995,TRUE,121
P. falciparum,model5,21016,Coelho Neto,MA,2013,3,123,90137,0,0.004327089424947628,-0.004327089424947628,0,1.1094223237959995,TRUE,121
P. falciparum,model5,21017,Caxias,MA,2013,1,121,428592,0.4666442677418151,0.03009504435491463,0.4365492233869005,0,0.4666442677418151,TRUE,121
P. falciparum,model5,21017,Caxias,MA,2013,2,122,428592,0,0.036128147267779194,-0.036128147267779194,0,0.6999664016127226,TRUE,121
P. falciparum,model5,21017,Caxias,MA,2013,3,123,428592,0,0.04680929096278705,-0.04680929096278705,0,0.6999664016127226,TRUE,121
P. falciparum,model5,21018,Chapadas do Alto Itapecuru,MA,2013,1,121,214158,0.466944965866323,0.02538609225387054,0.44155887361245244,0,0.466944965866323,TRUE,121
P. falciparum,model5,21018,Chapadas do Alto Itapecuru,MA,2013,2,122,214158,0.933889931732646,0.03131773036117499,0.902572201371471,0,0.466944965866323,FALSE,121
P. falciparum,model5,21018,Chapadas do Alto Itapecuru,MA,2013,3,123,214158,0,0.04065486906505613,-0.04065486906505613,0,0.933889931732646,TRUE,121
P. falciparum,model5,21019,Porto Franco,MA,2013,1,121,114767,0,0.09916705722669564,-0.09916705722669564,0,1.742661217945925,TRUE,121
P. falciparum,model5,21019,Porto Franco,MA,2013,2,122,114767,0.8713306089729626,0.06547865901774357,0.805851949955219,0,1.3287791786837482,TRUE,121
P. falciparum,model5,21019,Porto Franco,MA,2013,3,123,114767,0,0.0468829610750533,-0.0468829610750533,0,0.8713306089729626,TRUE,121
P. falciparum,model5,21020,Gerais de Balsas,MA,2013,1,121,136434,0,0.0022896639547593375,-0.0022896639547593375,0,0,TRUE,121
P. falciparum,model5,21020,Gerais de Balsas,MA,2013,2,122,136434,0,0.0023917784307645852,-0.0023917784307645852,0,0.732955128487034,TRUE,121
P. falciparum,model5,21020,Gerais de Balsas,MA,2013,3,123,136434,0,0.0021932460736416317,-0.0021932460736416317,0,0,TRUE,121
P. falciparum,model5,21021,Chapadas das Mangabeiras,MA,2013,1,121,70058,0,8.390483258380709e-4,-8.390483258380709e-4,0,0,TRUE,121
P. falciparum,model5,21021,Chapadas das Mangabeiras,MA,2013,2,122,70058,0,7.222924495761769e-4,-7.222924495761769e-4,0,0,TRUE,121
P. falciparum,model5,21021,Chapadas das Mangabeiras,MA,2013,3,123,70058,0,6.636041130912714e-4,-6.636041130912714e-4,0,0,TRUE,121
P. falciparum,model5,51001,Aripuanã,MT,2013,1,121,148922,2.6859698365587357,1.8609570995207134,0.8250127370380222,0,18.130296396771463,TRUE,121
P. falciparum,model5,51001,Aripuanã,MT,2013,2,122,148922,0,1.4739167573226177,-1.4739167573226177,0,12.439397805562628,TRUE,121
P. falciparum,model5,51001,Aripuanã,MT,2013,3,123,148922,4.028954754838103,1.4761931200619673,2.5527616347761355,0,12.758356723653993,TRUE,121
P. falciparum,model5,51002,Alta Floresta,MT,2013,1,121,101672,3.934219844204894,1.2810530767580137,2.6531667674468804,0,13.769769454717128,TRUE,121
P. falciparum,model5,51002,Alta Floresta,MT,2013,2,122,101672,2.950664883153671,0.8674117614727721,2.0832531216808987,0,9.835549610512237,TRUE,121
P. falciparum,model5,51002,Alta Floresta,MT,2013,3,123,101672,0,0.7378994848957183,-0.7378994848957183,0,9.884727358564753,TRUE,121
P. falciparum,model5,51003,Colíder,MT,2013,1,121,147540,0.67778229632642,2.981295211356648,-2.303512915030228,0,25.75572726040396,TRUE,121
P. falciparum,model5,51003,Colíder,MT,2013,2,122,147540,1.35556459265284,2.3533004441729424,-0.9977358515201025,0,22.40070489358815,TRUE,121
P. falciparum,model5,51003,Colíder,MT,2013,3,123,147540,2.71112918530568,1.9829554127877442,0.7281737725179356,0,22.50237223803702,TRUE,121
P. falciparum,model5,51004,Parecis,MT,2013,1,121,96914,0,0.193654758936952,-0.193654758936952,0,3.0955279938914915,TRUE,121
P. falciparum,model5,51004,Parecis,MT,2013,2,122,96914,0,0.24690922282687122,-0.24690922282687122,0,4.127370658521989,TRUE,121
P. falciparum,model5,51004,Parecis,MT,2013,3,123,96914,0,0.39884360340485475,-0.39884360340485475,0,5.7009307220834735,TRUE,121
P. falciparum,model5,51005,Arinos,MT,2013,1,121,77897,0,0.15024132194297873,-0.15024132194297873,0,2.5674929714879906,TRUE,121
P. falciparum,model5,51005,Arinos,MT,2013,2,122,77897,0,0.10609470204343059,-0.10609470204343059,0,1.2837464857439953,TRUE,121
P. falciparum,model5,51005,Arinos,MT,2013,3,123,77897,0,0.10447800892148781,-0.10447800892148781,0,2.5674929714879906,TRUE,121
P. falciparum,model5,51006,Alto Teles Pires,MT,2013,1,121,216083,0,0.2745555741791056,-0.2745555741791056,0,2.7767108009422303,TRUE,121
P. falciparum,model5,51006,Alto Teles Pires,MT,2013,2,122,216083,0,0.16858453139904683,-0.16858453139904683,0,2.313925667451859,TRUE,121
P. falciparum,model5,51006,Alto Teles Pires,MT,2013,3,123,216083,0,0.09967415052451276,-0.09967415052451276,0,1.3883554004711152,TRUE,121
P. falciparum,model5,51007,Sinop,MT,2013,1,121,184603,0,0.2779123203419575,-0.2779123203419575,0,4.333624047279838,TRUE,121
P. falciparum,model5,51007,Sinop,MT,2013,2,122,184603,0,0.2330180212299786,-0.2330180212299786,0,2.7085150295498988,TRUE,121
P. falciparum,model5,51007,Sinop,MT,2013,3,123,184603,0,0.22436919075792852,-0.22436919075792852,0,3.250218035459879,TRUE,121
P. falciparum,model5,51008,Paranatinga,MT,2013,1,121,34079,0,0.003212454219133333,-0.003212454219133333,0,0,TRUE,121
P. falciparum,model5,51008,Paranatinga,MT,2013,2,122,34079,0,0.0030033121167435863,-0.0030033121167435863,0,0,TRUE,121
P. falciparum,model5,51008,Paranatinga,MT,2013,3,123,34079,0,0.0028688721106696594,-0.0028688721106696594,0,0,TRUE,121
P. falciparum,model5,51009,Norte Araguaia,MT,2013,1,121,119054,0,0.003973802691901402,-0.003973802691901402,0,0.8399549784131571,TRUE,121
P. falciparum,model5,51009,Norte Araguaia,MT,2013,2,122,119054,0,0.003596641392228814,-0.003596641392228814,0,0,TRUE,121
P. falciparum,model5,51009,Norte Araguaia,MT,2013,3,123,119054,0,0.0030651437147165145,-0.0030651437147165145,0,0.8399549784131571,TRUE,121
P. falciparum,model5,51010,Canarana,MT,2013,1,121,105035,0,0.0033229270453511172,-0.0033229270453511172,0,0,TRUE,121
P. falciparum,model5,51010,Canarana,MT,2013,2,122,105035,0,0.0031099601442756823,-0.0031099601442756823,0,0,TRUE,121
P. falciparum,model5,51010,Canarana,MT,2013,3,123,105035,0,0.00316729561793667,-0.00316729561793667,0,0,TRUE,121
P. falciparum,model5,51011,Médio Araguaia,MT,2013,1,121,66449,0,2.913778058817258e-4,-2.913778058817258e-4,0,0,TRUE,121
P. falciparum,model5,51011,Médio Araguaia,MT,2013,2,122,66449,0,2.78542045229368e-4,-2.78542045229368e-4,0,0,TRUE,121
P. falciparum,model5,51011,Médio Araguaia,MT,2013,3,123,66449,0,2.508465340342176e-4,-2.508465340342176e-4,0,0,TRUE,121
P. falciparum,model5,51012,Alto Guaporé,MT,2013,1,121,70085,0,0.09450897287617632,-0.09450897287617632,0,2.8536776771063708,TRUE,121
P. falciparum,model5,51012,Alto Guaporé,MT,2013,2,122,70085,0,0.08295236962693112,-0.08295236962693112,0,1.4268388385531854,TRUE,121
P. falciparum,model5,51012,Alto Guaporé,MT,2013,3,123,70085,0,0.0878463124909404,-0.0878463124909404,0,1.4268388385531854,TRUE,121
P. falciparum,model5,51013,Tangará da Serra,MT,2013,1,121,153881,0,0.15706165309677453,-0.15706165309677453,0,1.949558425016734,TRUE,121
P. falciparum,model5,51013,Tangará da Serra,MT,2013,2,122,153881,0,0.1477466217580059,-0.1477466217580059,0,2.599411233355645,TRUE,121
P. falciparum,model5,51013,Tangará da Serra,MT,2013,3,123,153881,0,0.1606368730208443,-0.1606368730208443,0,2.599411233355645,TRUE,121
P. falciparum,model5,51014,Jauru,MT,2013,1,121,107853,0,0.043134173525080595,-0.043134173525080595,0,0.9271879317218806,TRUE,121
P. falciparum,model5,51014,Jauru,MT,2013,2,122,107853,0,0.03306036807425365,-0.03306036807425365,0,0.9271879317218806,TRUE,121
P. falciparum,model5,51014,Jauru,MT,2013,3,123,107853,0,0.03164684119834233,-0.03164684119834233,0,0.9271879317218806,TRUE,121
P. falciparum,model5,51015,Alto Paraguai,MT,2013,1,121,32717,0,0.019373436552319507,-0.019373436552319507,0,3.056514961640737,TRUE,121
P. falciparum,model5,51015,Alto Paraguai,MT,2013,2,122,32717,0,0.02139370362066507,-0.02139370362066507,0,3.056514961640737,TRUE,121
P. falciparum,model5,51015,Alto Paraguai,MT,2013,3,123,32717,0,0.018936936327501954,-0.018936936327501954,0,3.056514961640737,TRUE,121
P. falciparum,model5,51016,Rosário Oeste,MT,2013,1,121,30675,0,0.003014372380743674,-0.003014372380743674,0,0,TRUE,121
P. falciparum,model5,51016,Rosário Oeste,MT,2013,2,122,30675,0,0.0023201714283396105,-0.0023201714283396105,0,0,TRUE,121
P. falciparum,model5,51016,Rosário Oeste,MT,2013,3,123,30675,0,0.0021914931091077455,-0.0021914931091077455,0,0,TRUE,121
P. falciparum,model5,51017,Cuiabá,MT,2013,1,121,881902,0,0.12315641527914938,-0.12315641527914938,0,1.306834546242097,TRUE,121
P. falciparum,model5,51017,Cuiabá,MT,2013,2,122,881902,0.11339128383879388,0.08876489018145639,0.024626393657337486,0,1.0205215545491448,TRUE,121
P. falciparum,model5,51017,Cuiabá,MT,2013,3,123,881902,0,0.08071863441554875,-0.08071863441554875,0,0.8532694108869214,TRUE,121
P. falciparum,model5,51018,Alto Pantanal,MT,2013,1,121,134262,0,0.0655098757939369,-0.0655098757939369,0,1.4896247635220687,TRUE,121
P. falciparum,model5,51018,Alto Pantanal,MT,2013,2,122,134262,0,0.04821635185440607,-0.04821635185440607,0,0.7448123817610344,TRUE,121
P. falciparum,model5,51018,Alto Pantanal,MT,2013,3,123,134262,0,0.04011146517937154,-0.04011146517937154,0,0.7448123817610344,TRUE,121
P. falciparum,model5,51019,Primavera do Leste,MT,2013,1,121,91029,0,0.0060921301796158876,-0.0060921301796158876,0,1.0985510112162058,TRUE,121
P. falciparum,model5,51019,Primavera do Leste,MT,2013,2,122,91029,0,0.005210697957968844,-0.005210697957968844,0,0,TRUE,121
P. falciparum,model5,51019,Primavera do Leste,MT,2013,3,123,91029,0,0.0049559886006672925,-0.0049559886006672925,0,0,TRUE,121
P. falciparum,model5,51020,Tesouro,MT,2013,1,121,54596,0,0.0016958341921219232,-0.0016958341921219232,0,0,TRUE,121
P. falciparum,model5,51020,Tesouro,MT,2013,2,122,54596,0,0.0015680873453607583,-0.0015680873453607583,0,0,TRUE,121
P. falciparum,model5,51020,Tesouro,MT,2013,3,123,54596,0,0.0014679770993620818,-0.0014679770993620818,0,0,TRUE,121
P. falciparum,model5,51021,Rondonópolis,MT,2013,1,121,290068,0,0.04769298881025264,-0.04769298881025264,0,0.34474674903815655,TRUE,121
P. falciparum,model5,51021,Rondonópolis,MT,2013,2,122,290068,0,0.04898535935749459,-0.04898535935749459,0,0.34474674903815655,TRUE,121
P. falciparum,model5,51021,Rondonópolis,MT,2013,3,123,290068,0,0.005581769450149722,-0.005581769450149722,0,0.34474674903815655,TRUE,121
P. falciparum,model5,51022,Alto Araguaia,MT,2013,1,121,36797,0,9.023140221833688e-4,-9.023140221833688e-4,0,0,TRUE,121
P. falciparum,model5,51022,Alto Araguaia,MT,2013,2,122,36797,0,8.359140924338374e-4,-8.359140924338374e-4,0,0,TRUE,121
P. falciparum,model5,51022,Alto Araguaia,MT,2013,3,123,36797,0,8.780554806283355e-4,-8.780554806283355e-4,0,0,TRUE,121
P. falciparum,model5,11001,Porto Velho,RO,2014,1,133,625834,4.4740298545620725,5.057297437208625,-0.5832675826465525,0.9587206831204441,35.80022817552258,TRUE,133
P. falciparum,model5,11001,Porto Velho,RO,2014,2,134,625834,2.5565884883211845,4.026424022386399,-1.4698355340652145,0.6391471220802961,27.591182326303752,TRUE,133
P. falciparum,model5,11001,Porto Velho,RO,2014,3,135,625834,10.865501075365033,4.301039794673123,6.56446128069191,0.6391471220802961,30.719008554984192,TRUE,133
P. falciparum,model5,11002,Guajará-Mirim,RO,2014,1,133,81101,0,1.2418476008392634,-1.2418476008392634,0,16.02939544518563,TRUE,133
P. falciparum,model5,11002,Guajará-Mirim,RO,2014,2,134,81101,1.2330304188604333,1.071160963986291,0.1618694548741424,0,12.330304188604334,TRUE,133
P. falciparum,model5,11002,Guajará-Mirim,RO,2014,3,135,81101,0,1.1272737139821813,-1.1272737139821813,0,13.563334607464766,TRUE,133
P. falciparum,model5,11003,Ariquemes,RO,2014,1,133,195532,2.04570095943375,3.9870462260398645,-1.9413452666061146,0,37.24454309269056,TRUE,133
P. falciparum,model5,11003,Ariquemes,RO,2014,2,134,195532,1.5342757195753127,3.018671808508669,-1.484396088933356,0,28.39688644313973,TRUE,133
P. falciparum,model5,11003,Ariquemes,RO,2014,3,135,195532,0.5114252398584375,3.032371484542142,-2.5209462446837043,0,25.89090276783334,TRUE,133
P. falciparum,model5,11004,Ji-Paraná,RO,2014,1,133,316402,0.3160536279795956,0.4982572776755457,-0.1822036496959501,0,5.538839830342406,TRUE,133
P. falciparum,model5,11004,Ji-Paraná,RO,2014,2,134,316402,0,0.3527479947063582,-0.3527479947063582,0,4.1086971637347425,TRUE,133
P. falciparum,model5,11004,Ji-Paraná,RO,2014,3,135,316402,0,0.392949797775875,-0.392949797775875,0,4.424750791714338,TRUE,133
P. falciparum,model5,11005,Alvorada D'Oeste,RO,2014,1,133,75085,1.331823932876074,0.42986046411542456,0.9019634687606494,0,6.659119664380368,TRUE,133
P. falciparum,model5,11005,Alvorada D'Oeste,RO,2014,2,134,75085,0,0.31431071544145944,-0.31431071544145944,0,5.327295731504296,TRUE,133
P. falciparum,model5,11005,Alvorada D'Oeste,RO,2014,3,135,75085,0,0.30765382996628143,-0.30765382996628143,0,3.9954717986282215,TRUE,133
P. falciparum,model5,11006,Cacoal,RO,2014,1,133,247558,0,0.4157198312647608,-0.4157198312647608,0,4.251528934633491,TRUE,133
P. falciparum,model5,11006,Cacoal,RO,2014,2,134,247558,0,0.3049164392745414,-0.3049164392745414,0,3.231565936063468,TRUE,133
P. falciparum,model5,11006,Cacoal,RO,2014,3,135,247558,0,0.3378336295856118,-0.3378336295856118,0,3.231565936063468,TRUE,133
P. falciparum,model5,11007,Vilhena,RO,2014,1,133,152211,0,0.24537751859441614,-0.24537751859441614,0,4.598879187443746,TRUE,133
P. falciparum,model5,11007,Vilhena,RO,2014,2,134,152211,0,0.1752981530129682,-0.1752981530129682,0,3.2849137053169613,TRUE,133
P. falciparum,model5,11007,Vilhena,RO,2014,3,135,152211,0,0.20020104049363585,-0.20020104049363585,0,3.9418964463803534,TRUE,133
P. falciparum,model5,11008,Colorado do Oeste,RO,2014,1,133,54808,0,0.3296746724253318,-0.3296746724253318,0,5.473653481243614,TRUE,133
P. falciparum,model5,11008,Colorado do Oeste,RO,2014,2,134,54808,0,0.2487857913051549,-0.2487857913051549,0,5.473653481243614,TRUE,133
P. falciparum,model5,11008,Colorado do Oeste,RO,2014,3,135,54808,0,0.2778901182740897,-0.2778901182740897,0,5.473653481243614,TRUE,133
P. falciparum,model5,12001,Cruzeiro do Sul,AC,2014,1,133,141056,814.5700998185118,380.70757748716676,433.8625223313451,139.82035503629766,3568.0687102994507,TRUE,133
P. falciparum,model5,12001,Cruzeiro do Sul,AC,2014,2,134,141056,462.93670598911075,297.33121808025703,165.60548790885372,117.31156420145192,2779.5343693284904,TRUE,133
P. falciparum,model5,12001,Cruzeiro do Sul,AC,2014,3,135,141056,384.244555353902,296.39274671629113,87.85180863761087,113.76687273139747,2737.4766050362964,TRUE,133
P. falciparum,model5,12002,Tarauacá,AC,2014,1,133,77929,41.06301890182089,24.00762947717199,17.0553894246489,5.742406549551517,168.8395847502213,TRUE,133
P. falciparum,model5,12002,Tarauacá,AC,2014,2,134,77929,23.097948132274247,17.125345880871876,5.972602251402371,3.849658022045708,129.18810712315036,TRUE,133
P. falciparum,model5,12002,Tarauacá,AC,2014,3,135,77929,19.24829011022854,16.685510394956363,2.5627797152721783,1.2832193406819028,120.75093995816694,TRUE,133
P. falciparum,model5,12003,Sena Madureira,AC,2014,1,133,55143,0,0.011840370909858865,-0.011840370909858865,0,1.8134668044901436,TRUE,133
P. falciparum,model5,12003,Sena Madureira,AC,2014,2,134,55143,0,0.010775748692337748,-0.010775748692337748,0,1.8134668044901436,TRUE,133
P. falciparum,model5,12003,Sena Madureira,AC,2014,3,135,55143,0,0.01170226842547609,-0.01170226842547609,0,1.8134668044901436,TRUE,133
P. falciparum,model5,12004,Rio Branco,AC,2014,1,133,452251,1.7689292008198987,0.4187585547768024,1.3501706460430962,0,4.864555302254722,TRUE,133
P. falciparum,model5,12004,Rio Branco,AC,2014,2,134,452251,1.1055807505124366,0.31428093886646646,0.7912998116459702,0,3.758974551742285,TRUE,133
P. falciparum,model5,12004,Rio Branco,AC,2014,3,135,452251,0.6633484503074619,0.334288998079406,0.32905945222805594,0,3.991146509349887,TRUE,133
P. falciparum,model5,12005,Brasiléia,AC,2014,1,133,63722,0,0.016110639987605764,-0.016110639987605764,0,1.5693167195003295,TRUE,133
P. falciparum,model5,12005,Brasiléia,AC,2014,2,134,63722,1.5693167195003295,0.009973757573972286,1.5593429619263572,0,1.5693167195003295,TRUE,133
P. falciparum,model5,12005,Brasiléia,AC,2014,3,135,63722,0,0.0070925295132088974,-0.0070925295132088974,0,0,TRUE,133
P. falciparum,model5,13001,Rio Negro,AM,2014,1,133,108516,49.76224704191087,19.85386095574418,29.908386086166686,2.2807696560875828,170.044048803863,TRUE,133
P. falciparum,model5,13001,Rio Negro,AM,2014,2,134,108516,38.703969921486234,17.38407315052335,21.319896770962885,3.2022927494563023,162.37236905156828,TRUE,133
P. falciparum,model5,13001,Rio Negro,AM,2014,3,135,108516,76.48641674960375,19.56507364340564,56.92134310619811,3.686092373474879,174.26001695602483,TRUE,133
P. falciparum,model5,13002,Japurá,AM,2014,1,133,23966,75.1064007343737,28.7919940371528,46.31440669722089,0,311.1699908203285,TRUE,133
P. falciparum,model5,13002,Japurá,AM,2014,2,134,23966,37.55320036718685,24.089123894724246,13.464076472462601,0,238.2541934407073,TRUE,133
P. falciparum,model5,13002,Japurá,AM,2014,3,135,23966,41.72577818576316,28.570862063113992,13.154916122649169,0,280.1886005173991,TRUE,133
P. falciparum,model5,13003,Alto Solimões,AM,2014,1,133,242875,79.87647967061245,30.116093092657515,49.76038657795494,5.3525476067936175,285.47606793618104,TRUE,133
P. falciparum,model5,13003,Alto Solimões,AM,2014,2,134,242875,67.93618116314977,41.78676242821364,26.149418734936127,9.881626351003602,387.95676788471394,TRUE,133
P. falciparum,model5,13003,Alto Solimões,AM,2014,3,135,242875,65.87750900669069,56.84349625087095,9.034012755819738,11.096242923314463,524.4261451363864,TRUE,133
P. falciparum,model5,13004,Juruá,AM,2014,1,133,142338,93.43955935870954,91.25134168655106,2.188217672158487,34.42510081636667,740.1747952057774,TRUE,133
P. falciparum,model5,13004,Juruá,AM,2014,2,134,142338,118.73147016257079,79.33629089121351,39.39517927135728,22.481698492321094,614.7163793224574,TRUE,133
P. falciparum,model5,13004,Juruá,AM,2014,3,135,142338,153.15657097893745,95.51042653891776,57.6461444400197,29.36671865559444,711.5984487628037,TRUE,133
P. falciparum,model5,13005,Tefé,AM,2014,1,133,90982,30.775318194807767,30.28759058916702,0.487727605640746,6.017673825591876,288.1888725242354,TRUE,133
P. falciparum,model5,13005,Tefé,AM,2014,2,134,90982,56.05504385482843,26.673759414298033,29.3812844405304,4.918555318634457,245.79037611835295,TRUE,133
P. falciparum,model5,13005,Tefé,AM,2014,3,135,90982,49.4603328130839,33.604743121192755,15.855589691891147,5.4955925347871,282.0063309226,TRUE,133
P. falciparum,model5,13006,Coari,AM,2014,1,133,169227,0.5909222523592571,0.29692583828046337,0.29399641407879373,0,3.855767696644139,TRUE,133
P. falciparum,model5,13006,Coari,AM,2014,2,134,169227,0.5909222523592571,0.32165122405159713,0.26927102830766,0,3.5455335141555424,TRUE,133
P. falciparum,model5,13006,Coari,AM,2014,3,135,169227,0,0.4112605201253568,-0.4112605201253568,0,4.446689949003396,TRUE,133
P. falciparum,model5,13007,Manaus,AM,2014,1,133,2285623,1.6625663987455501,1.2186565236153664,0.44390987513018376,0.3270443113321839,12.378463114870632,TRUE,133
P. falciparum,model5,13007,Manaus,AM,2014,2,134,2285623,0.9625384413790026,0.9661102244876508,-0.003571783108648252,0.15203732199054706,9.058799285796475,TRUE,133
P. falciparum,model5,13007,Manaus,AM,2014,3,135,2285623,1.050041936049821,1.062234300769068,-0.012192364719247006,0.30626223134786446,11.382017069306698,TRUE,133
P. falciparum,model5,13008,Rio Preto da Eva,AM,2014,1,133,61674,0,1.45546007069216,-1.45546007069216,0,14.592859227551317,TRUE,133
P. falciparum,model5,13008,Rio Preto da Eva,AM,2014,2,134,61674,0,1.0184775809168218,-1.0184775809168218,0,10.579822939974669,TRUE,133
P. falciparum,model5,13008,Rio Preto da Eva,AM,2014,3,135,61674,0,0.8986453831350003,-0.8986453831350003,0,8.107144015306288,TRUE,133
P. falciparum,model5,13009,Itacoatiara,AM,2014,1,133,168711,0,0.14009310267279548,-0.14009310267279548,0,1.7781887369525402,TRUE,133
P. falciparum,model5,13009,Itacoatiara,AM,2014,2,134,168711,0,0.09909081058691699,-0.09909081058691699,0,1.7781887369525402,TRUE,133
P. falciparum,model5,13009,Itacoatiara,AM,2014,3,135,168711,0,0.10044732439357441,-0.10044732439357441,0,1.7781887369525402,TRUE,133
P. falciparum,model5,13010,Parintins,AM,2014,1,133,266488,5.628771276755426,1.115126820109209,4.513644456646217,0,11.651556542883714,TRUE,133
P. falciparum,model5,13010,Parintins,AM,2014,2,134,266488,0.37525141845036175,0.8416184293074837,-0.4663670108571219,0,7.880279787457596,TRUE,133
P. falciparum,model5,13010,Parintins,AM,2014,3,135,266488,1.501005673801447,0.7499238081052225,0.7510818656962245,0,8.255531205907959,TRUE,133
P. falciparum,model5,13011,Boca do Acre,AM,2014,1,133,52413,49.60601377520844,19.77306330770182,29.83295046750662,1.9079236067387861,147.0055138992234,TRUE,133
P. falciparum,model5,13011,Boca do Acre,AM,2014,2,134,52413,53.421860988686014,13.856840858128404,39.56502013055761,0,115.477076297865,TRUE,133
P. falciparum,model5,13011,Boca do Acre,AM,2014,3,135,52413,78.22486787629023,16.253921272377774,61.97094660391246,0,146.09925018602243,TRUE,133
P. falciparum,model5,13012,Purus,AM,2014,1,133,75649,134.83324300387315,35.61887644676704,99.2143665571061,7.237372602413782,331.92771880659353,TRUE,133
P. falciparum,model5,13012,Purus,AM,2014,2,134,75649,118.97050853282924,35.35901832991684,83.61149020291239,7.93136723552195,316.5937421512506,TRUE,133
P. falciparum,model5,13012,Purus,AM,2014,3,135,75649,136.1551375431268,44.56129426458684,91.59384327853996,11.897050853282925,396.3370302317278,TRUE,133
P. falciparum,model5,13013,Madeira,AM,2014,1,133,185281,3.778045239393138,0.976186868159527,2.8018583712336107,0,9.998326865679685,TRUE,133
P. falciparum,model5,13013,Madeira,AM,2014,2,134,185281,3.778045239393138,0.9009111409321748,2.877134098460963,0,10.53804761416442,TRUE,133
P. falciparum,model5,13013,Madeira,AM,2014,3,135,185281,1.6191622454542018,1.1164539056082385,0.5027083398459633,0,9.714973472725212,TRUE,133
P. falciparum,model5,14001,Boa Vista,RR,2014,1,133,353589,30.543936604362692,34.6805535990961,-4.136616994733409,9.615683745817885,323.02334065822066,TRUE,133
P. falciparum,model5,14001,Boa Vista,RR,2014,2,134,353589,15.83759675781769,27.217183864608437,-11.379587106790746,6.073435542395267,235.21659327637386,TRUE,133
P. falciparum,model5,14001,Boa Vista,RR,2014,3,135,353589,12.161011796181443,26.589047307143296,-14.428035510961854,6.5047272398179805,239.67091736451067,TRUE,133
P. falciparum,model5,14002,Nordeste de Roraima,RR,2014,1,133,46668,17.142367360932543,12.719584495915779,4.422782865016764,0,105.2112796777233,TRUE,133
P. falciparum,model5,14002,Nordeste de Roraima,RR,2014,2,134,46668,10.71397960058284,11.288069132357005,-0.574089531774165,0,98.7828919173736,TRUE,133
P. falciparum,model5,14002,Nordeste de Roraima,RR,2014,3,135,46668,2.142795920116568,10.39753901491738,-8.254743094800812,0,92.24736436101816,TRUE,133
P. falciparum,model5,14003,Caracaraí,RR,2014,1,133,46161,8.665323541517731,17.891166131755597,-9.225842590237866,0,187.65841294599312,TRUE,133
P. falciparum,model5,14003,Caracaraí,RR,2014,2,134,46161,4.3326617707588655,15.810757548293642,-11.478095777534776,0,173.84805355169897,TRUE,133
P. falciparum,model5,14003,Caracaraí,RR,2014,3,135,46161,2.1663308853794327,17.292241027323993,-15.12591014194456,0,172.81904638114372,TRUE,133
P. falciparum,model5,14004,Sudeste de Roraima,RR,2014,1,133,50518,41.56934162080842,20.32635678282785,21.242984837980572,1.9794924581337345,179.39150401836946,TRUE,133
P. falciparum,model5,14004,Sudeste de Roraima,RR,2014,2,134,50518,3.958984916267469,16.452192956379466,-12.493208040111998,0.9402589176135268,134.60548715309395,TRUE,133
P. falciparum,model5,14004,Sudeste de Roraima,RR,2014,3,135,50518,3.958984916267469,14.008318474611402,-10.049333558343932,0,109.91131873787558,TRUE,133
P. falciparum,model5,15001,Óbidos,PA,2014,1,133,196298,0,0.5658747571629122,-0.5658747571629122,0,7.399464080123067,TRUE,133
P. falciparum,model5,15001,Óbidos,PA,2014,2,134,196298,1.018859081600424,0.40064935860897827,0.6182097229914456,0,4.8523163761220065,TRUE,133
P. falciparum,model5,15001,Óbidos,PA,2014,3,135,196298,0,0.39675796677067254,-0.39675796677067254,0,4.100907803441683,TRUE,133
P. falciparum,model5,15002,Santarém,PA,2014,1,133,503673,1.9854151403787774,1.892725498278539,0.09268964210023833,0,13.257609599879236,TRUE,133
P. falciparum,model5,15002,Santarém,PA,2014,2,134,503673,0.7941660561515109,1.7153449772311797,-0.9211789210796688,0.19854151403787773,14.09644749668932,TRUE,133
P. falciparum,model5,15002,Santarém,PA,2014,3,135,503673,1.3897905982651444,1.6753828916570797,-0.28559229339193526,0,11.336720451562801,TRUE,133
P. falciparum,model5,15003,Almeirim,PA,2014,1,133,71135,7.028888732691362,1.0972907558047345,5.931597976886628,0,14.057777465382724,TRUE,133
P. falciparum,model5,15003,Almeirim,PA,2014,2,134,71135,4.217333239614817,0.8955182373314233,3.3218150022833934,0,13.390033035777012,TRUE,133
P. falciparum,model5,15003,Almeirim,PA,2014,3,135,71135,0,0.7813913464928274,-0.7813913464928274,0,8.434666479229634,TRUE,133
P. falciparum,model5,15004,Portel,PA,2014,1,133,142011,0,1.7189379589870768,-1.7189379589870768,0,15.49175768074304,TRUE,133
P. falciparum,model5,15004,Portel,PA,2014,2,134,142011,0,2.012232453432204,-2.012232453432204,0,19.751991042947346,TRUE,133
P. falciparum,model5,15004,Portel,PA,2014,3,135,142011,0,2.7386861064355283,-2.7386861064355283,0,21.829294913774284,TRUE,133
P. falciparum,model5,15005,Furos de Breves,PA,2014,1,133,217765,14.694739742382843,13.49143799438204,1.2033017480008041,3.673684935595711,103.17314536312072,TRUE,133
P. falciparum,model5,15005,Furos de Breves,PA,2014,2,134,217765,18.82763529492802,12.522778003037736,6.304857291890283,2.0549675108488517,110.07278488278621,TRUE,133
P. falciparum,model5,15005,Furos de Breves,PA,2014,3,135,217765,6.428948637292494,13.205615109417277,-6.7766664721247825,2.2960530847473195,115.53739122448485,TRUE,133
P. falciparum,model5,15006,Arari,PA,2014,1,133,165571,2.4158820083227135,1.046812208681057,1.3690697996416565,0,12.683380543694245,TRUE,133
P. falciparum,model5,15006,Arari,PA,2014,2,134,165571,0,1.4978015189683274,-1.4978015189683274,0,13.604435559367268,TRUE,133
P. falciparum,model5,15006,Arari,PA,2014,3,135,165571,0.6039705020806784,2.0410161649922816,-1.4370456629116033,0,22.060022588496764,TRUE,133
P. falciparum,model5,15007,Belém,PA,2014,1,133,2242436,0.08918872155102754,0.11071334389716249,-0.021524622346134947,0,1.138271058794988,TRUE,133
P. falciparum,model5,15007,Belém,PA,2014,2,134,2242436,0.04459436077551377,0.0949680454474913,-0.050373684671977524,0,0.8918872155102755,TRUE,133
P. falciparum,model5,15007,Belém,PA,2014,3,135,2242436,0.04459436077551377,0.09113368952520029,-0.04653932874968652,0,0.8495225727735354,TRUE,133
P. falciparum,model5,15008,Castanhal,PA,2014,1,133,319481,0,0.02692479594198991,-0.02692479594198991,0,0.31300765929742297,TRUE,133
P. falciparum,model5,15008,Castanhal,PA,2014,2,134,319481,0,0.0184223166749348,-0.0184223166749348,0,0.31300765929742297,TRUE,133
P. falciparum,model5,15008,Castanhal,PA,2014,3,135,319481,0,0.014449798935285493,-0.014449798935285493,0,0.31300765929742297,TRUE,133
P. falciparum,model5,15009,Salgado,PA,2014,1,133,258222,0.7745273446879041,0.17321686266053662,0.6013104820273675,0,2.3235820340637123,TRUE,133
P. falciparum,model5,15009,Salgado,PA,2014,2,134,258222,0,0.12052815724638931,-0.12052815724638931,0,1.7523681173563743,TRUE,133
P. falciparum,model5,15009,Salgado,PA,2014,3,135,258222,0,0.09319431757748466,-0.09319431757748466,0,1.3651044450124221,TRUE,133
P. falciparum,model5,15010,Bragantina,PA,2014,1,133,401712,0,0.12136721823267535,-0.12136721823267535,0,1.742541920579918,TRUE,133
P. falciparum,model5,15010,Bragantina,PA,2014,2,134,401712,0,0.1056958173099693,-0.1056958173099693,0,1.4936073604970725,TRUE,133
P. falciparum,model5,15010,Bragantina,PA,2014,3,135,401712,0,0.10936353088170628,-0.10936353088170628,0,1.6242980045405608,TRUE,133
P. falciparum,model5,15011,Cametá,PA,2014,1,133,466929,0,0.3227988931309887,-0.3227988931309887,0,3.324916636148103,TRUE,133
P. falciparum,model5,15011,Cametá,PA,2014,2,134,466929,0,0.297099875130268,-0.297099875130268,0,2.998314518909727,TRUE,133
P. falciparum,model5,15011,Cametá,PA,2014,3,135,466929,0.21416532277926623,0.28392457999000015,-0.06975925721073392,0,3.121459579507791,TRUE,133
P. falciparum,model5,15012,Tomé-Açu,PA,2014,1,133,314645,0,0.2814423144898426,-0.2814423144898426,0,2.7094026601407863,TRUE,133
P. falciparum,model5,15012,Tomé-Açu,PA,2014,2,134,314645,0.3178184938581576,0.18587171039935846,0.13194678345879912,0,2.2247294570071032,TRUE,133
P. falciparum,model5,15012,Tomé-Açu,PA,2014,3,135,314645,0,0.1685367503245268,-0.1685367503245268,0,2.5425479508652606,TRUE,133
P. falciparum,model5,15013,Guamá,PA,2014,1,133,455970,0,0.19589813162736733,-0.19589813162736733,0,2.862030396736617,TRUE,133
P. falciparum,model5,15013,Guamá,PA,2014,2,134,455970,0,0.19736423465976366,-0.19736423465976366,0,2.4124394148737855,TRUE,133
P. falciparum,model5,15013,Guamá,PA,2014,3,135,455970,0,0.2077239377456549,-0.2077239377456549,0,3.07037743711209,TRUE,133
P. falciparum,model5,15014,Itaituba,PA,2014,1,133,213536,121.7593286377941,100.43002981102151,21.329298826772586,39.98154877866027,865.7673647534841,TRUE,133
P. falciparum,model5,15014,Itaituba,PA,2014,2,134,213536,68.37254608122284,81.08127279470662,-12.708726713483784,32.910141615465314,705.5133560617413,TRUE,133
P. falciparum,model5,15014,Itaituba,PA,2014,3,135,213536,51.98186722613517,73.92807352180002,-21.946206295664844,28.098306608721714,670.4841338228682,TRUE,133
P. falciparum,model5,15015,Altamira,PA,2014,1,133,290730,3.4396175145323844,4.444864521748448,-1.0052470072160635,0.34396175145323843,41.88594228321802,TRUE,133
P. falciparum,model5,15015,Altamira,PA,2014,2,134,290730,3.0956557630791455,3.1706592207431896,-0.07500345766404415,0,27.551336291404365,TRUE,133
P. falciparum,model5,15015,Altamira,PA,2014,3,135,290730,2.407732260172669,2.4794019841513135,-0.07166972397864457,0,20.474323255254006,TRUE,133
P. falciparum,model5,15016,Tucuruí,PA,2014,1,133,356928,0,2.3802582166411543,-2.3802582166411543,0,23.2679980276134,TRUE,133
P. falciparum,model5,15016,Tucuruí,PA,2014,2,134,356928,0,1.8803771735978458,-1.8803771735978458,0,18.372052626860302,TRUE,133
P. falciparum,model5,15016,Tucuruí,PA,2014,3,135,356928,0.2801685493993186,1.4303397474787098,-1.1501711980793912,0,13.59517885960193,TRUE,133
P. falciparum,model5,15017,Paragominas,PA,2014,1,133,322755,1.2393301420582175,1.025923341419126,0.21340680063909145,0,11.641957521959359,TRUE,133
P. falciparum,model5,15017,Paragominas,PA,2014,2,134,322755,0.6196650710291087,0.9185641566926604,-0.2988990856635517,0,9.29497606543663,TRUE,133
P. falciparum,model5,15017,Paragominas,PA,2014,3,135,322755,0,0.7818970973518968,-0.7818970973518968,0,9.00063515669779,TRUE,133
P. falciparum,model5,15018,São Félix do Xingu,PA,2014,1,133,193850,0,0.09999315568709524,-0.09999315568709524,0,2.0634511220015477,TRUE,133
P. falciparum,model5,15018,São Félix do Xingu,PA,2014,2,134,193850,0,0.08231920937201984,-0.08231920937201984,0,1.5475883415011609,TRUE,133
P. falciparum,model5,15018,São Félix do Xingu,PA,2014,3,135,193850,0.5158627805003869,0.0770150432153716,0.4388477372850153,0,1.5475883415011609,TRUE,133
P. falciparum,model5,15019,Parauapebas,PA,2014,1,133,292211,0,0.16772914894719393,-0.16772914894719393,0,2.053310792543744,TRUE,133
P. falciparum,model5,15019,Parauapebas,PA,2014,2,134,292211,0.34221846542395734,0.1385120720241076,0.20370639339984975,0,1.7110923271197869,TRUE,133
P. falciparum,model5,15019,Parauapebas,PA,2014,3,135,292211,0,0.12542775907692888,-0.12542775907692888,0,1.8907570214673566,TRUE,133
P. falciparum,model5,15020,Marabá,PA,2014,1,133,309469,0,0.4718017397021394,-0.4718017397021394,0,5.493280425503039,TRUE,133
P. falciparum,model5,15020,Marabá,PA,2014,2,134,309469,0.32313414267664936,0.38315569342517,-0.06002155074852061,0,4.047255137025026,TRUE,133
P. falciparum,model5,15020,Marabá,PA,2014,3,135,309469,0.32313414267664936,0.33431983420092454,-0.011185691524275176,0,3.5544755694431425,TRUE,133
P. falciparum,model5,15021,Redenção,PA,2014,1,133,188791,0.5296862668241601,0.05153790737418577,0.4781483594499743,0,1.0593725336483202,TRUE,133
P. falciparum,model5,15021,Redenção,PA,2014,2,134,188791,0.5296862668241601,0.05370352273403974,0.47598274409012037,0,1.5890588004724802,TRUE,133
P. falciparum,model5,15021,Redenção,PA,2014,3,135,188791,0,0.06069237954983456,-0.06069237954983456,0,1.0593725336483202,TRUE,133
P. falciparum,model5,15022,Conceição do Araguaia,PA,2014,1,133,149806,0,0.14202199282383546,-0.14202199282383546,0,2.6701200218949843,TRUE,133
P. falciparum,model5,15022,Conceição do Araguaia,PA,2014,2,134,149806,0,0.14956488774366133,-0.14956488774366133,0,2.6701200218949843,TRUE,133
P. falciparum,model5,15022,Conceição do Araguaia,PA,2014,3,135,149806,0,0.15091208666932154,-0.15091208666932154,0,2.3530432692949397,TRUE,133
P. falciparum,model5,16001,Oiapoque,AP,2014,1,133,33607,124.97396375755051,287.1387279816833,-162.1647642241328,87.70494242270956,2680.617133335316,TRUE,133
P. falciparum,model5,16001,Oiapoque,AP,2014,2,134,33607,53.56027018180736,192.38994005605224,-138.82966987424487,50.5846996161514,1815.3212128425585,TRUE,133
P. falciparum,model5,16001,Oiapoque,AP,2014,3,135,33607,23.804564525247716,202.18530231511212,-178.3807377898644,56.53584074746332,1836.3733745945701,FALSE,133
P. falciparum,model5,16002,Amapá,AP,2014,1,133,27711,0,17.224936991956636,-17.224936991956636,0,140.7383349572372,TRUE,133
P. falciparum,model5,16002,Amapá,AP,2014,2,134,27711,3.6086752553137744,13.135592476032386,-9.526917220718612,0,121.16127169715972,TRUE,133
P. falciparum,model5,16002,Amapá,AP,2014,3,135,27711,0,10.13438504776972,-10.13438504776972,0,88.50276063657023,TRUE,133
P. falciparum,model5,16003,Macapá,AP,2014,1,133,611615,8.011575909681744,12.034170171621595,-4.022594261939851,3.674697317757086,81.19078178265738,TRUE,133
P. falciparum,model5,16003,Macapá,AP,2014,2,134,611615,4.905046475315354,11.40017727132457,-6.4951307960092155,3.511195768579908,73.37540773198822,TRUE,133
P. falciparum,model5,16003,Macapá,AP,2014,3,135,611615,5.395551122846888,8.257898641484585,-2.862347518637697,2.693688022694015,53.67347105613814,TRUE,133
P. falciparum,model5,16004,Mazagão,AP,2014,1,133,77979,43.60148245040331,27.64995727486269,15.95152517554062,7.6943792559535265,223.93849626181392,TRUE,133
P. falciparum,model5,16004,Mazagão,AP,2014,2,134,77979,33.342310109131944,24.877369796414346,8.464940312717598,7.021121071057594,207.26734120724797,TRUE,133
P. falciparum,model5,16004,Mazagão,AP,2014,3,135,77979,30.777517023814106,24.283878676293156,6.49363834752095,5.129586170635684,206.52996319521915,TRUE,133
P. falciparum,model5,17001,Bico do Papagaio,TO,2014,1,133,209048,0,0.07455876332346473,-0.07455876332346473,0,1.43507711147679,TRUE,133
P. falciparum,model5,17001,Bico do Papagaio,TO,2014,2,134,209048,0,0.06514102469476452,-0.06514102469476452,0,1.43507711147679,TRUE,133
P. falciparum,model5,17001,Bico do Papagaio,TO,2014,3,135,209048,0,0.06520034165826591,-0.06520034165826591,0,1.2078565688262874,TRUE,133
P. falciparum,model5,17002,Araguaína,TO,2014,1,133,302864,0,0.021585944935663463,-0.021585944935663463,0,0.5035263352527792,TRUE,133
P. falciparum,model5,17002,Araguaína,TO,2014,2,134,302864,0,0.017873552409218892,-0.017873552409218892,0,0.3301812034444503,TRUE,133
P. falciparum,model5,17002,Araguaína,TO,2014,3,135,302864,0,0.016064115717546918,-0.016064115717546918,0,0.3301812034444503,TRUE,133
P. falciparum,model5,17003,Miracema do Tocantins,TO,2014,1,133,148107,0,0.006400868421962353,-0.006400868421962353,0,0.6751875333373845,TRUE,133
P. falciparum,model5,17003,Miracema do Tocantins,TO,2014,2,134,148107,0,0.006283920879083825,-0.006283920879083825,0,0.6751875333373845,TRUE,133
P. falciparum,model5,17003,Miracema do Tocantins,TO,2014,3,135,148107,0,0.006207723070649433,-0.006207723070649433,0,0.6751875333373845,TRUE,133
P. falciparum,model5,17004,Rio Formoso,TO,2014,1,133,123649,0,0.007552708888584429,-0.007552708888584429,0,0.8087408713374148,TRUE,133
P. falciparum,model5,17004,Rio Formoso,TO,2014,2,134,123649,0,0.005799746683282307,-0.005799746683282307,0,0.8087408713374148,TRUE,133
P. falciparum,model5,17004,Rio Formoso,TO,2014,3,135,123649,0,0.005875308564586224,-0.005875308564586224,0,0.8087408713374148,TRUE,133
P. falciparum,model5,17005,Gurupi,TO,2014,1,133,146042,0,0.0026895976274726396,-0.0026895976274726396,0,0.6847345284233303,TRUE,133
P. falciparum,model5,17005,Gurupi,TO,2014,2,134,146042,0,0.0019259678919318264,-0.0019259678919318264,0,0,TRUE,133
P. falciparum,model5,17005,Gurupi,TO,2014,3,135,146042,0,0.0016413943865418472,-0.0016413943865418472,0,0,TRUE,133
P. falciparum,model5,17006,Porto Nacional,TO,2014,1,133,366873,0,0.05342017066689628,-0.05342017066689628,0,0.8177216639000418,TRUE,133
P. falciparum,model5,17006,Porto Nacional,TO,2014,2,134,366873,0,0.04068505424922244,-0.04068505424922244,0,0.5451477759333612,TRUE,133
P. falciparum,model5,17006,Porto Nacional,TO,2014,3,135,366873,0,0.035223565046886604,-0.035223565046886604,0,0.5451477759333612,TRUE,133
P. falciparum,model5,17007,Jalapão,TO,2014,1,133,77087,0,3.145295978685362e-4,-3.145295978685362e-4,0,0,TRUE,133
P. falciparum,model5,17007,Jalapão,TO,2014,2,134,77087,0,2.591011144776877e-4,-2.591011144776877e-4,0,0,TRUE,133
P. falciparum,model5,17007,Jalapão,TO,2014,3,135,77087,0,2.3661779319786408e-4,-2.3661779319786408e-4,0,0,TRUE,133
P. falciparum,model5,17008,Dianópolis,TO,2014,1,133,123210,0,6.917140905816854e-5,-6.917140905816854e-5,0,0,TRUE,133
P. falciparum,model5,17008,Dianópolis,TO,2014,2,134,123210,0,5.593851555455029e-5,-5.593851555455029e-5,0,0,TRUE,133
P. falciparum,model5,17008,Dianópolis,TO,2014,3,135,123210,0,4.843736681039314e-5,-4.843736681039314e-5,0,0,TRUE,133
P. falciparum,model5,21001,Litoral Ocidental Maranhense,MA,2014,1,133,186768,0,0.004531120724346265,-0.004531120724346265,0,0.53542362717382,TRUE,133
P. falciparum,model5,21001,Litoral Ocidental Maranhense,MA,2014,2,134,186768,0,0.0038840243802762404,-0.0038840243802762404,0,0.2810974042662433,TRUE,133
P. falciparum,model5,21001,Litoral Ocidental Maranhense,MA,2014,3,135,186768,0,0.004100473177630507,-0.004100473177630507,0,0.53542362717382,TRUE,133
P. falciparum,model5,21002,Aglomeração Urbana de São Luís,MA,2014,1,133,1381459,0,0.03237853979330085,-0.03237853979330085,0,0.3619361848596303,TRUE,133
P. falciparum,model5,21002,Aglomeração Urbana de São Luís,MA,2014,2,134,1381459,0,0.027835919263080745,-0.027835919263080745,0,0.3619361848596303,TRUE,133
P. falciparum,model5,21002,Aglomeração Urbana de São Luís,MA,2014,3,135,1381459,0,0.027246034008631112,-0.027246034008631112,0,0.3619361848596303,TRUE,133
P. falciparum,model5,21003,Rosário,MA,2014,1,133,170773,0,0.0041615729463019245,-0.0041615729463019245,0,0.5855726607836134,TRUE,133
P. falciparum,model5,21003,Rosário,MA,2014,2,134,170773,0.5855726607836134,0.0028489979734422515,0.5827236628101711,0,0.5855726607836134,TRUE,133
P. falciparum,model5,21003,Rosário,MA,2014,3,135,170773,0,0.0025468612383712577,-0.0025468612383712577,0,0.5855726607836134,TRUE,133
P. falciparum,model5,21004,Lençóis Maranhenses,MA,2014,1,133,189098,0,0.004661728723744125,-0.004661728723744125,0,0.5288263228590466,TRUE,133
P. falciparum,model5,21004,Lençóis Maranhenses,MA,2014,2,134,189098,0,0.003260709660560552,-0.003260709660560552,0,0.5288263228590466,TRUE,133
P. falciparum,model5,21004,Lençóis Maranhenses,MA,2014,3,135,189098,0,0.002775181050120235,-0.002775181050120235,0,0.5288263228590466,TRUE,133
P. falciparum,model5,21005,Baixada Maranhense,MA,2014,1,133,585881,0.5120493752144207,0.6166415772044758,-0.10459220199005503,0,6.998008127930416,TRUE,133
P. falciparum,model5,21005,Baixada Maranhense,MA,2014,2,134,585881,0.17068312507147357,0.5100576254849362,-0.3393745004134626,0,4.1860036423778855,TRUE,133
P. falciparum,model5,21005,Baixada Maranhense,MA,2014,3,135,585881,0,0.5373766551151694,-0.5373766551151694,0,5.632543127358628,TRUE,133
P. falciparum,model5,21006,Itapecuru Mirim,MA,2014,1,133,226672,0,0.018533728108559865,-0.018533728108559865,0,0.44116609020964215,TRUE,133
P. falciparum,model5,21006,Itapecuru Mirim,MA,2014,2,134,226672,0,0.018381640043981327,-0.018381640043981327,0,0.44116609020964215,TRUE,133
P. falciparum,model5,21006,Itapecuru Mirim,MA,2014,3,135,226672,0,0.022231732729500686,-0.022231732729500686,0,0.44116609020964215,TRUE,133
P. falciparum,model5,21007,Gurupi,MA,2014,1,133,233474,0.8566264337784935,1.5050744332217365,-0.648447999443243,0,15.890420346591018,TRUE,133
P. falciparum,model5,21007,Gurupi,MA,2014,2,134,233474,1.2849396506677402,1.5364307962508763,-0.2514911455831361,0,13.502574162433493,TRUE,133
P. falciparum,model5,21007,Gurupi,MA,2014,3,135,233474,0.8566264337784935,1.9326186556468499,-1.0759922218683564,0,20.323462141394586,TRUE,133
P. falciparum,model5,21008,Pindaré,MA,2014,1,133,648120,1.3886317348639141,1.4533190840093844,-0.06468734914547025,0,14.048324384373256,TRUE,133
P. falciparum,model5,21008,Pindaré,MA,2014,2,134,648120,1.2343393198790347,1.3443979669062618,-0.11005864702722712,0,12.813985064494222,TRUE,133
P. falciparum,model5,21008,Pindaré,MA,2014,3,135,648120,1.2343393198790347,1.3818908551369797,-0.14755153525794507,0,15.733969018083005,TRUE,133
P. falciparum,model5,21009,Imperatriz,MA,2014,1,133,583526,0.5141159091454366,0.30681575108334075,0.20730015806209584,0,2.831921799542776,TRUE,133
P. falciparum,model5,21009,Imperatriz,MA,2014,2,134,583526,0.342743939430291,0.2492684547731221,0.09347548465716893,0,3.084695454872619,TRUE,133
P. falciparum,model5,21009,Imperatriz,MA,2014,3,135,583526,0,0.23294671829341915,-0.23294671829341915,0,2.1464339206821936,TRUE,133
P. falciparum,model5,21010,Médio Mearim,MA,2014,1,133,415623,1.2030133077332101,0.20629074037797468,0.9967225673552355,0,2.29174035123176,TRUE,133
P. falciparum,model5,21010,Médio Mearim,MA,2014,2,134,415623,0.24060266154664203,0.23254173886886367,0.00806092267777836,0,3.2541509974183276,TRUE,133
P. falciparum,model5,21010,Médio Mearim,MA,2014,3,135,415623,0.24060266154664203,0.316603481314365,-0.07600081976772297,0,3.8496425847462725,TRUE,133
P. falciparum,model5,21011,Alto Mearim e Grajaú,MA,2014,1,133,323562,1.5452988917116348,0.8049427580056138,0.740356133706021,0,8.344614015242827,TRUE,133
P. falciparum,model5,21011,Alto Mearim e Grajaú,MA,2014,2,134,323562,1.2362391133693078,0.6885174452018727,0.5477216681674351,0,6.652511728818581,TRUE,133
P. falciparum,model5,21011,Alto Mearim e Grajaú,MA,2014,3,135,323562,0,0.6643895485134891,-0.6643895485134891,0,6.181195566846539,TRUE,133
P. falciparum,model5,21012,Presidente Dutra,MA,2014,1,133,194658,1.0274430025994308,0.18290166592659823,0.8445413366728325,0,2.568607506498577,TRUE,133
P. falciparum,model5,21012,Presidente Dutra,MA,2014,2,134,194658,0.5137215012997154,0.19243227749647465,0.32128922380324076,0,2.568607506498577,TRUE,133
P. falciparum,model5,21012,Presidente Dutra,MA,2014,3,135,194658,1.0274430025994308,0.26744178519600026,0.7600012174034305,0,3.352032795980631,TRUE,133
P. falciparum,model5,21013,Baixo Parnaíba Maranhense,MA,2014,1,133,141167,2.1251425616468436,0.20437571202173152,1.920766849625112,0,2.4970425099350253,TRUE,133
P. falciparum,model5,21013,Baixo Parnaíba Maranhense,MA,2014,2,134,141167,0,0.1508181383250286,-0.1508181383250286,0,2.1251425616468436,TRUE,133
P. falciparum,model5,21013,Baixo Parnaíba Maranhense,MA,2014,3,135,141167,0,0.13465805816834273,-0.13465805816834273,0,1.788661656052744,TRUE,133
P. falciparum,model5,21014,Chapadinha,MA,2014,1,133,236667,0,0.07569185701681495,-0.07569185701681495,0,1.6901384645937116,TRUE,133
P. falciparum,model5,21014,Chapadinha,MA,2014,2,134,236667,0.4225346161484279,0.06270072189989219,0.35983389424853574,0,1.267603848445284,TRUE,133
P. falciparum,model5,21014,Chapadinha,MA,2014,3,135,236667,0.8450692322968558,0.05993654591651553,0.7851326863803403,0,1.267603848445284,TRUE,133
P. falciparum,model5,21015,Codó,MA,2014,1,133,271051,0,0.08418041905981388,-0.08418041905981388,0,1.8446712980214055,TRUE,133
P. falciparum,model5,21015,Codó,MA,2014,2,134,271051,0.3689342596042811,0.07704782217079445,0.29188643743348663,0,1.1068027788128434,TRUE,133
P. falciparum,model5,21015,Codó,MA,2014,3,135,271051,0,0.08401921348708537,-0.08401921348708537,0,1.1068027788128434,TRUE,133
P. falciparum,model5,21016,Coelho Neto,MA,2014,1,133,90879,0,0.003975641454714994,-0.003975641454714994,0,1.1003642205570043,TRUE,133
P. falciparum,model5,21016,Coelho Neto,MA,2014,2,134,90879,0,0.002938447552039339,-0.002938447552039339,0,0,TRUE,133
P. falciparum,model5,21016,Coelho Neto,MA,2014,3,135,90879,0,0.0025518385912580775,-0.0025518385912580775,0,0.5776912157924022,TRUE,133
P. falciparum,model5,21017,Caxias,MA,2014,1,133,431688,0,0.03834927360482158,-0.03834927360482158,0,0.46329756676117934,TRUE,133
P. falciparum,model5,21017,Caxias,MA,2014,2,134,431688,0,0.04167211383990694,-0.04167211383990694,0,0.6949463501417691,TRUE,133
P. falciparum,model5,21017,Caxias,MA,2014,3,135,431688,0,0.058112549209306356,-0.058112549209306356,0,0.9265951335223587,TRUE,133
P. falciparum,model5,21018,Chapadas do Alto Itapecuru,MA,2014,1,133,215316,0,0.09380906160596088,-0.09380906160596088,0,1.3933010087499305,TRUE,133
P. falciparum,model5,21018,Chapadas do Alto Itapecuru,MA,2014,2,134,215316,0,0.1031520801171511,-0.1031520801171511,0,1.3933010087499305,TRUE,133
P. falciparum,model5,21018,Chapadas do Alto Itapecuru,MA,2014,3,135,215316,0,0.1373646664151264,-0.1373646664151264,0,1.6371286852811577,TRUE,133
P. falciparum,model5,21019,Porto Franco,MA,2014,1,133,116059,0.8616307223050345,0.1078918690627105,0.7537388532423239,0,2.5848921669151035,TRUE,133
P. falciparum,model5,21019,Porto Franco,MA,2014,2,134,116059,0,0.06982464127206028,-0.06982464127206028,0,1.723261444610069,TRUE,133
P. falciparum,model5,21019,Porto Franco,MA,2014,3,135,116059,0,0.051802666219122766,-0.051802666219122766,0,1.723261444610069,TRUE,133
P. falciparum,model5,21020,Gerais de Balsas,MA,2014,1,133,138048,0,0.0015821002629178005,-0.0015821002629178005,0,0.7243857209086694,TRUE,133
P. falciparum,model5,21020,Gerais de Balsas,MA,2014,2,134,138048,0,0.0014366872630505018,-0.0014366872630505018,0,0,TRUE,133
P. falciparum,model5,21020,Gerais de Balsas,MA,2014,3,135,138048,0,0.0014105743129602852,-0.0014105743129602852,0,0,TRUE,133
P. falciparum,model5,21021,Chapadas das Mangabeiras,MA,2014,1,133,70395,0,6.004312130765939e-4,-6.004312130765939e-4,0,0,TRUE,133
P. falciparum,model5,21021,Chapadas das Mangabeiras,MA,2014,2,134,70395,0,4.6961079482658234e-4,-4.6961079482658234e-4,0,0,TRUE,133
P. falciparum,model5,21021,Chapadas das Mangabeiras,MA,2014,3,135,70395,0,4.5540908776017217e-4,-4.5540908776017217e-4,0,0,TRUE,133
P. falciparum,model5,51001,Aripuanã,MT,2014,1,133,152295,0,2.366772278382117,-2.366772278382117,0,18.41820151679304,TRUE,133
P. falciparum,model5,51001,Aripuanã,MT,2014,2,134,152295,0.6566203749302341,1.9097866543700688,-1.2531662794398346,0,16.41550937325585,TRUE,133
P. falciparum,model5,51001,Aripuanã,MT,2014,3,135,152295,0,1.873892313340438,-1.873892313340438,0,17.72875012311632,TRUE,133
P. falciparum,model5,51002,Alta Floresta,MT,2014,1,133,102328,2.9317488859354235,0.8835003774760665,2.048248508459357,0,11.262801970135229,TRUE,133
P. falciparum,model5,51002,Alta Floresta,MT,2014,2,134,102328,0,0.6045174430732877,-0.6045174430732877,0,7.817997029161129,TRUE,133
P. falciparum,model5,51002,Alta Floresta,MT,2014,3,135,102328,0,0.46721089973224833,-0.46721089973224833,0,4.886248143225706,TRUE,133
P. falciparum,model5,51003,Colíder,MT,2014,1,133,148564,2.6924423144234133,1.4007370682735942,1.291705246149819,0,13.495867101047331,TRUE,133
P. falciparum,model5,51003,Colíder,MT,2014,2,134,148564,0.6731105786058533,1.047105330547447,-0.3739947519415936,0,10.803424786623916,TRUE,133
P. falciparum,model5,51003,Colíder,MT,2014,3,135,148564,0,0.9248157642264958,-0.9248157642264958,0,9.423548100481947,TRUE,133
P. falciparum,model5,51004,Parecis,MT,2014,1,133,99190,0,0.08119885615147038,-0.08119885615147038,0,2.0163322915616493,TRUE,133
P. falciparum,model5,51004,Parecis,MT,2014,2,134,99190,0,0.10260902612880106,-0.10260902612880106,0,2.0163322915616493,TRUE,133
P. falciparum,model5,51004,Parecis,MT,2014,3,135,99190,0,0.15685359899987764,-0.15685359899987764,0,3.024498437342474,TRUE,133
P. falciparum,model5,51005,Arinos,MT,2014,1,133,78503,0,0.09700982960422092,-0.09700982960422092,0,2.5476733373246883,TRUE,133
P. falciparum,model5,51005,Arinos,MT,2014,2,134,78503,0,0.06781777094705752,-0.06781777094705752,0,1.2738366686623441,TRUE,133
P. falciparum,model5,51005,Arinos,MT,2014,3,135,78503,0,0.06592564275618462,-0.06592564275618462,0,1.2738366686623441,TRUE,133
P. falciparum,model5,51006,Alto Teles Pires,MT,2014,1,133,223705,0.44701727721776446,0.06787804874064039,0.37913922847712406,0,1.3410518316532933,TRUE,133
P. falciparum,model5,51006,Alto Teles Pires,MT,2014,2,134,223705,0.8940345544355289,0.03923369922627927,0.8548008552092496,0,0.44701727721776446,FALSE,133
P. falciparum,model5,51006,Alto Teles Pires,MT,2014,3,135,223705,0,0.024533245352957096,-0.024533245352957096,0,0.44701727721776446,TRUE,133
P. falciparum,model5,51007,Sinop,MT,2014,1,133,187978,0,0.08330539662756783,-0.08330539662756783,0,1.3432422943110245,TRUE,133
P. falciparum,model5,51007,Sinop,MT,2014,2,134,187978,0,0.06848838694168534,-0.06848838694168534,0,1.0639542925235932,TRUE,133
P. falciparum,model5,51007,Sinop,MT,2014,3,135,187978,0,0.06358409795779663,-0.06358409795779663,0,1.0639542925235932,TRUE,133
P. falciparum,model5,51008,Paranatinga,MT,2014,1,133,34407,0,0.001494898158976714,-0.001494898158976714,0,0,TRUE,133
P. falciparum,model5,51008,Paranatinga,MT,2014,2,134,34407,0,0.001305518440962474,-0.001305518440962474,0,0,TRUE,133
P. falciparum,model5,51008,Paranatinga,MT,2014,3,135,34407,0,0.0012704289367632474,-0.0012704289367632474,0,0,TRUE,133
P. falciparum,model5,51009,Norte Araguaia,MT,2014,1,133,121056,0,0.0015396039549845713,-0.0015396039549845713,0,0.8260639703938673,TRUE,133
P. falciparum,model5,51009,Norte Araguaia,MT,2014,2,134,121056,0,0.0012172473322169172,-0.0012172473322169172,0,0,TRUE,133
P. falciparum,model5,51009,Norte Araguaia,MT,2014,3,135,121056,0,0.0010524726691488546,-0.0010524726691488546,0,0,TRUE,133
P. falciparum,model5,51010,Canarana,MT,2014,1,133,106676,0,0.0015256172697342217,-0.0015256172697342217,0,0,TRUE,133
P. falciparum,model5,51010,Canarana,MT,2014,2,134,106676,0,0.0012396557132834806,-0.0012396557132834806,0,0,TRUE,133
P. falciparum,model5,51010,Canarana,MT,2014,3,135,106676,0,0.0013112670825506246,-0.0013112670825506246,0,0,TRUE,133
P. falciparum,model5,51011,Médio Araguaia,MT,2014,1,133,66734,0,1.479026212506426e-4,-1.479026212506426e-4,0,0,TRUE,133
P. falciparum,model5,51011,Médio Araguaia,MT,2014,2,134,66734,0,1.157271280619618e-4,-1.157271280619618e-4,0,0,TRUE,133
P. falciparum,model5,51011,Médio Araguaia,MT,2014,3,135,66734,0,1.1121912473250717e-4,-1.1121912473250717e-4,0,0,TRUE,133
P. falciparum,model5,51012,Alto Guaporé,MT,2014,1,133,70719,0,0.01572154730247545,-0.01572154730247545,0,1.4140471443317921,TRUE,133
P. falciparum,model5,51012,Alto Guaporé,MT,2014,2,134,70719,0,0.013749974214545747,-0.013749974214545747,0,1.4140471443317921,TRUE,133
P. falciparum,model5,51012,Alto Guaporé,MT,2014,3,135,70719,0,0.014826473334336376,-0.014826473334336376,0,1.4140471443317921,TRUE,133
P. falciparum,model5,51013,Tangará da Serra,MT,2014,1,133,156519,0,0.10592858863198933,-0.10592858863198933,0,1.916700208920323,TRUE,133
P. falciparum,model5,51013,Tangará da Serra,MT,2014,2,134,156519,0,0.09432186805609863,-0.09432186805609863,0,1.916700208920323,TRUE,133
P. falciparum,model5,51013,Tangará da Serra,MT,2014,3,135,156519,0,0.10283273415789045,-0.10283273415789045,0,1.6132226758412571,TRUE,133
P. falciparum,model5,51014,Jauru,MT,2014,1,133,107828,0,0.020341431701091463,-0.020341431701091463,0,0.9274029009162741,TRUE,133
P. falciparum,model5,51014,Jauru,MT,2014,2,134,107828,0,0.07370719554164397,-0.07370719554164397,0,0.9274029009162741,TRUE,133
P. falciparum,model5,51014,Jauru,MT,2014,3,135,107828,0,0.07565449188157966,-0.07565449188157966,0,0.9274029009162741,TRUE,133
P. falciparum,model5,51015,Alto Paraguai,MT,2014,1,133,32657,0,0.012608595865564749,-0.012608595865564749,0,3.062130630492697,TRUE,133
P. falciparum,model5,51015,Alto Paraguai,MT,2014,2,134,32657,0,0.011176408781630875,-0.011176408781630875,0,0,TRUE,133
P. falciparum,model5,51015,Alto Paraguai,MT,2014,3,135,32657,0,0.012014866052623365,-0.012014866052623365,0,0,TRUE,133
P. falciparum,model5,51016,Rosário Oeste,MT,2014,1,133,30560,0,0.007098955868561935,-0.007098955868561935,0,1.7179319371727007,TRUE,133
P. falciparum,model5,51016,Rosário Oeste,MT,2014,2,134,30560,0,0.0051809971463986455,-0.0051809971463986455,0,0,TRUE,133
P. falciparum,model5,51016,Rosário Oeste,MT,2014,3,135,30560,0,0.005104706868100827,-0.005104706868100827,0,0,TRUE,133
P. falciparum,model5,51017,Cuiabá,MT,2014,1,133,890277,0,0.046460188034474506,-0.046460188034474506,0,0.44929836444162885,TRUE,133
P. falciparum,model5,51017,Cuiabá,MT,2014,2,134,890277,0,0.0319646038556733,-0.0319646038556733,0,0.44929836444162885,TRUE,133
P. falciparum,model5,51017,Cuiabá,MT,2014,3,135,890277,0,0.030582650147930247,-0.030582650147930247,0,0.44929836444162885,TRUE,133
P. falciparum,model5,51018,Alto Pantanal,MT,2014,1,133,134727,0,0.013701528199252222,-0.013701528199252222,0,0.7422417184380266,TRUE,133
P. falciparum,model5,51018,Alto Pantanal,MT,2014,2,134,134727,0,6.158776413394142e-4,-6.158776413394142e-4,0,0.7422417184380266,TRUE,133
P. falciparum,model5,51018,Alto Pantanal,MT,2014,3,135,134727,0,0.00263411790415318,-0.00263411790415318,0,0.7422417184380266,TRUE,133
P. falciparum,model5,51019,Primavera do Leste,MT,2014,1,133,93250,0,0.002544522667927865,-0.002544522667927865,0,0,TRUE,133
P. falciparum,model5,51019,Primavera do Leste,MT,2014,2,134,93250,0,0.0020036462897072027,-0.0020036462897072027,0,0,TRUE,133
P. falciparum,model5,51019,Primavera do Leste,MT,2014,3,135,93250,0,0.0019889993496243364,-0.0019889993496243364,0,0,TRUE,133
P. falciparum,model5,51020,Tesouro,MT,2014,1,133,54544,0,8.087347190937576e-4,-8.087347190937576e-4,0,0,TRUE,133
P. falciparum,model5,51020,Tesouro,MT,2014,2,134,54544,0,6.560886799428941e-4,-6.560886799428941e-4,0,0,TRUE,133
P. falciparum,model5,51020,Tesouro,MT,2014,3,135,54544,0,6.184893230350511e-4,-6.184893230350511e-4,0,0,TRUE,133
P. falciparum,model5,51021,Rondonópolis,MT,2014,1,133,294225,0,0.0026707794378612493,-0.0026707794378612493,0,0.33987594527997284,TRUE,133
P. falciparum,model5,51021,Rondonópolis,MT,2014,2,134,294225,0,0.0018918855416626941,-0.0018918855416626941,0,0.33987594527997284,TRUE,133
P. falciparum,model5,51021,Rondonópolis,MT,2014,3,135,294225,0,0.0014778537464108551,-0.0014778537464108551,0,0.33987594527997284,TRUE,133
P. falciparum,model5,51022,Alto Araguaia,MT,2014,1,133,37615,0,4.043566291470735e-4,-4.043566291470735e-4,0,0,TRUE,133
P. falciparum,model5,51022,Alto Araguaia,MT,2014,2,134,37615,0,3.6281388418779603e-4,-3.6281388418779603e-4,0,0,TRUE,133
P. falciparum,model5,51022,Alto Araguaia,MT,2014,3,135,37615,0,3.7298915242590534e-4,-3.7298915242590534e-4,0,0,TRUE,133
P. falciparum,model5,11001,Porto Velho,RO,2015,1,145,637530,12.548429093532855,11.600500562464175,0.9479285310686798,3.442975232538077,106.69301836776307,TRUE,145
P. falciparum,model5,11001,Porto Velho,RO,2015,2,146,637530,10.666164729502926,9.19873968276573,1.4674250467371959,2.501843050523113,71.07116527849668,TRUE,145
P. falciparum,model5,11001,Porto Velho,RO,2015,3,147,637530,8.156478910796356,9.596187491143466,-1.4397085803471104,3.054758207456904,78.22769124590212,TRUE,145
P. falciparum,model5,11002,Guajará-Mirim,RO,2015,1,145,82285,0,0.6646033084875561,-0.6646033084875561,0,8.507018290089324,TRUE,145
P. falciparum,model5,11002,Guajará-Mirim,RO,2015,2,146,82285,0,0.5609876205440045,-0.5609876205440045,0,6.71446800753476,TRUE,145
P. falciparum,model5,11002,Guajará-Mirim,RO,2015,3,147,82285,0,0.5941963515128487,-0.5941963515128487,0,8.507018290089324,TRUE,145
P. falciparum,model5,11003,Ariquemes,RO,2015,1,145,198611,0,1.3609697982110112,-1.3609697982110112,0,16.37623293775268,TRUE,145
P. falciparum,model5,11003,Ariquemes,RO,2015,2,146,198611,0.5034967851730267,1.099454628423991,-0.5959578432509643,0,15.104903555190802,TRUE,145
P. falciparum,model5,11003,Ariquemes,RO,2015,3,147,198611,0,1.0401700363220638,-1.0401700363220638,0,11.844761871195441,TRUE,145
P. falciparum,model5,11004,Ji-Paraná,RO,2015,1,145,316823,0.31563365033472945,0.21670230869676113,0.09893134163796832,0,2.690776869103561,TRUE,145
P. falciparum,model5,11004,Ji-Paraná,RO,2015,2,146,316823,0,0.15833718651877052,-0.15833718651877052,0,2.375143218768832,TRUE,145
P. falciparum,model5,11004,Ji-Paraná,RO,2015,3,147,316823,0,0.1712827539958319,-0.1712827539958319,0,2.2094355523431064,TRUE,145
P. falciparum,model5,11005,Alvorada D'Oeste,RO,2015,1,145,75169,7.982013862097406,0.29635927102580656,7.685654591071599,0,7.350104431347998,FALSE,145
P. falciparum,model5,11005,Alvorada D'Oeste,RO,2015,2,146,75169,0,0.2223232957599378,-0.2223232957599378,0,5.321342574731605,TRUE,145
P. falciparum,model5,11005,Alvorada D'Oeste,RO,2015,3,147,75169,3.991006931048703,0.20950819924865405,3.781498731800049,0,4.689433143982196,TRUE,145
P. falciparum,model5,11006,Cacoal,RO,2015,1,145,248619,0.4022218736299317,0.14625973189378996,0.25596214173614174,0,2.0111093681496586,TRUE,145
P. falciparum,model5,11006,Cacoal,RO,2015,2,146,248619,0,0.11082871085800525,-0.11082871085800525,0,1.608887494519727,TRUE,145
P. falciparum,model5,11006,Cacoal,RO,2015,3,147,248619,0,0.1209186683931998,-0.1209186683931998,0,2.0111093681496586,TRUE,145
P. falciparum,model5,11007,Vilhena,RO,2015,1,145,154743,0.6462327859741636,0.22321264019855738,0.4230201457756062,0,3.877396715844982,TRUE,145
P. falciparum,model5,11007,Vilhena,RO,2015,2,146,154743,0,0.16655028556370224,-0.16655028556370224,0,3.2311639298708177,TRUE,145
P. falciparum,model5,11007,Vilhena,RO,2015,3,147,154743,0,0.18971474614589462,-0.18971474614589462,0,2.5849311438966542,TRUE,145
P. falciparum,model5,11008,Colorado do Oeste,RO,2015,1,145,54424,0,0.26045788369205364,-0.26045788369205364,0,3.6748493311774215,TRUE,145
P. falciparum,model5,11008,Colorado do Oeste,RO,2015,2,146,54424,0,0.20451135797784037,-0.20451135797784037,0,3.6748493311774215,TRUE,145
P. falciparum,model5,11008,Colorado do Oeste,RO,2015,3,147,54424,0,0.2204684221870872,-0.2204684221870872,0,3.6748493311774215,TRUE,145
P. falciparum,model5,12001,Cruzeiro do Sul,AC,2015,1,145,143320,385.1521071727603,315.7213569971041,69.43075017565616,127.28509628802681,3125.9768350544205,TRUE,145
P. falciparum,model5,12001,Cruzeiro do Sul,AC,2015,2,146,143320,260.95450739603683,235.86560098060303,25.088906415433797,100.77100195367012,2366.1212670946115,TRUE,145
P. falciparum,model5,12001,Cruzeiro do Sul,AC,2015,3,147,143320,223.97432319285517,237.26457025970024,-13.290247066845069,90.35724253418924,2340.9154339938586,TRUE,145
P. falciparum,model5,12002,Tarauacá,AC,2015,1,145,78713,0,17.024885315099134,-17.024885315099134,0,147.68843774217697,TRUE,145
P. falciparum,model5,12002,Tarauacá,AC,2015,2,146,78713,1.2704381741262563,12.176801424499162,-10.906363250372905,0,110.71868687510305,TRUE,145
P. falciparum,model5,12002,Tarauacá,AC,2015,3,147,78713,0,11.225490740873836,-11.225490740873836,0,101.69857583880673,TRUE,145
P. falciparum,model5,12003,Sena Madureira,AC,2015,1,145,56200,0,0.011411533863901412,-0.011411533863901412,0,1.779359430604982,TRUE,145
P. falciparum,model5,12003,Sena Madureira,AC,2015,2,146,56200,0,0.010906459652995967,-0.010906459652995967,0,0.9341637010675751,TRUE,145
P. falciparum,model5,12003,Sena Madureira,AC,2015,3,147,56200,0,0.011222300734339778,-0.011222300734339778,0,1.779359430604982,TRUE,145
P. falciparum,model5,12004,Rio Branco,AC,2015,1,145,460354,0.8688965448328895,0.7769945595041707,0.09190198532871874,0,9.340637856953562,TRUE,145
P. falciparum,model5,12004,Rio Branco,AC,2015,2,146,460354,0.6516724086246671,0.5767362128878483,0.07493619573681887,0,7.613705974098183,TRUE,145
P. falciparum,model5,12004,Rio Branco,AC,2015,3,147,460354,0.43444827241644474,0.6222944712170272,-0.18784619880058245,0,8.482602518931074,TRUE,145
P. falciparum,model5,12005,Brasiléia,AC,2015,1,145,64926,0,0.060404277992994734,-0.060404277992994734,0,3.0804300280319135,TRUE,145
P. falciparum,model5,12005,Brasiléia,AC,2015,2,146,64926,0,0.17404698691097767,-0.17404698691097767,0,1.5402150140159567,TRUE,145
P. falciparum,model5,12005,Brasiléia,AC,2015,3,147,64926,0,0.13312967476780932,-0.13312967476780932,0,1.5402150140159567,TRUE,145
P. falciparum,model5,13001,Rio Negro,AM,2015,1,145,110602,67.81070866711272,24.863502431906827,42.9472062352059,6.328999475597186,197.19354080396369,TRUE,145
P. falciparum,model5,13001,Rio Negro,AM,2015,2,146,110602,136.5255601164536,22.5962880861918,113.92927203026179,6.758467297155567,194.05164463572078,TRUE,145
P. falciparum,model5,13001,Rio Negro,AM,2015,3,147,110602,92.22256378727329,25.409930286362982,66.81263350091031,6.328999475597186,213.42290374495937,TRUE,145
P. falciparum,model5,13002,Japurá,AM,2015,1,145,23548,8.493290300662476,23.009975639513538,-14.516685338851062,0,210.31510107015447,TRUE,145
P. falciparum,model5,13002,Japurá,AM,2015,2,146,23548,8.493290300662476,21.19965531739448,-12.706365016732004,0,212.3322575165619,TRUE,145
P. falciparum,model5,13002,Japurá,AM,2015,3,147,23548,72.19296755563104,24.68782684441611,47.505140711214935,0,293.0185153728554,TRUE,145
P. falciparum,model5,13003,Alto Solimões,AM,2015,1,145,245521,51.72673620586427,23.674690873564575,28.052045332299695,6.109457032188692,215.40927252658616,TRUE,145
P. falciparum,model5,13003,Alto Solimões,AM,2015,2,146,245521,57.42889610257371,34.13443840054234,23.294457702031373,11.597785932771535,313.03839590096044,TRUE,145
P. falciparum,model5,13003,Alto Solimões,AM,2015,3,147,245521,67.20402735407562,45.212051980595774,21.991975373479846,12.00508306825078,413.90553150239634,TRUE,145
P. falciparum,model5,13004,Juruá,AM,2015,1,145,144754,73.91851002390263,56.51472868437456,17.403781339528066,16.217168437487047,572.8511820053327,TRUE,145
P. falciparum,model5,13004,Juruá,AM,2015,2,146,144754,48.357903753954986,55.22774210484815,-6.869838350893161,14.766431324868403,519.0530140790581,TRUE,145
P. falciparum,model5,13004,Juruá,AM,2015,3,147,144754,99.47911629385027,68.35723711024575,31.12187918360452,20.690274534727884,727.1128949804495,TRUE,145
P. falciparum,model5,13005,Tefé,AM,2015,1,145,91110,31.829656459225113,20.691299514883994,11.138356944341119,4.39029744265174,171.6606300076826,TRUE,145
P. falciparum,model5,13005,Tefé,AM,2015,2,146,91110,24.14663593458457,20.210279044490633,3.9363568900939363,2.19514872132587,173.1697947535943,TRUE,145
P. falciparum,model5,13005,Tefé,AM,2015,3,147,91110,31.829656459225113,23.93051598580253,7.899140473422584,5.4878718033146745,204.7250576226539,TRUE,145
P. falciparum,model5,13006,Coari,AM,2015,1,145,172058,0,0.23032656932042264,-0.23032656932042264,0,2.9059968150274904,TRUE,145
P. falciparum,model5,13006,Coari,AM,2015,2,146,172058,0.5811993630054981,0.25743023074600685,0.3237691322594913,0,3.4871961780329888,TRUE,145
P. falciparum,model5,13006,Coari,AM,2015,3,147,172058,0,0.3125379104019936,-0.3125379104019936,0,3.792325843610862,TRUE,145
P. falciparum,model5,13007,Manaus,AM,2015,1,145,2327732,0.6014438088233525,0.7179292163869515,-0.11648540756359904,0,7.013264413600869,TRUE,145
P. falciparum,model5,13007,Manaus,AM,2015,2,146,2327732,0.30072190441167623,0.6163424176076463,-0.31562051319597006,0.08592054411762179,6.190575203674646,TRUE,145
P. falciparum,model5,13007,Manaus,AM,2015,3,147,2327732,0.042960272058810894,0.6379612376664642,-0.5950009656076533,0.10632667334555702,5.4806567079027975,FALSE,145
P. falciparum,model5,13008,Rio Preto da Eva,AM,2015,1,145,63342,0,0.24479709894420015,-0.24479709894420015,0,5.565027943544532,TRUE,145
P. falciparum,model5,13008,Rio Preto da Eva,AM,2015,2,146,63342,1.578731331502005,0.18598895653554642,1.3927423749664587,0,3.15746266300401,TRUE,145
P. falciparum,model5,13008,Rio Preto da Eva,AM,2015,3,147,63342,1.578731331502005,0.15977274532046862,1.4189585861815364,0,3.15746266300401,TRUE,145
P. falciparum,model5,13009,Itacoatiara,AM,2015,1,145,171452,0,0.052191702261219684,-0.052191702261219684,0,1.4727153955625931,TRUE,145
P. falciparum,model5,13009,Itacoatiara,AM,2015,2,146,171452,0,0.04159273336934711,-0.04159273336934711,0,1.1665072440099853,TRUE,145
P. falciparum,model5,13009,Itacoatiara,AM,2015,3,147,171452,0,0.03911764179526878,-0.03911764179526878,0,1.1665072440099853,TRUE,145
P. falciparum,model5,13010,Parintins,AM,2015,1,145,270186,0.7402308039646761,0.7807101331709758,-0.04047932920629971,0,8.179550383809639,TRUE,145
P. falciparum,model5,13010,Parintins,AM,2015,2,146,270186,0.37011540198233805,0.6420709128490002,-0.27195551086666214,0,7.596618625687481,TRUE,145
P. falciparum,model5,13010,Parintins,AM,2015,3,147,270186,0.37011540198233805,0.5278240361212555,-0.15770863413891745,0,6.662077235682085,TRUE,145
P. falciparum,model5,13011,Boca do Acre,AM,2015,1,145,52876,52.954081246690365,28.468195664549693,24.48588558214067,3.782434374763598,227.13518420455387,TRUE,145
P. falciparum,model5,13011,Boca do Acre,AM,2015,2,146,52876,28.368257810726984,21.23567300255094,7.132584808176045,1.891217187381799,184.5355170587789,TRUE,145
P. falciparum,model5,13011,Boca do Acre,AM,2015,3,147,52876,18.91217187381799,25.843945202996007,-6.931773329178018,1.891217187381799,220.37408275966408,TRUE,145
P. falciparum,model5,13012,Purus,AM,2015,1,145,76545,61.40178979685152,61.55329970006629,-0.1515099032147731,20.902736952119668,646.3191586648375,TRUE,145
P. falciparum,model5,13012,Purus,AM,2015,2,146,76545,91.44947416552354,64.57407576100411,26.87539840451943,20.216865895878243,709.6805800509495,TRUE,145
P. falciparum,model5,13012,Purus,AM,2015,3,147,76545,82.30452674897118,81.01207874904885,1.2924479999223308,25.44255013390816,805.1799595009461,TRUE,145
P. falciparum,model5,13013,Madeira,AM,2015,1,145,188610,3.1811674884682675,3.753985828688703,-0.5728183402204357,0,34.2373150946397,TRUE,145
P. falciparum,model5,13013,Madeira,AM,2015,2,146,188610,2.65097290705689,3.5678087809358328,-0.9168358738789428,0,37.21965961507864,TRUE,145
P. falciparum,model5,13013,Madeira,AM,2015,3,147,188610,6.362334976936535,4.294134704321913,2.0682002726146216,0.530194581411378,48.52605906367636,TRUE,145
P. falciparum,model5,14001,Boa Vista,RR,2015,1,145,359804,12.784738357550223,16.812676980871604,-4.027938623321381,6.392369178775112,170.65541239119062,TRUE,145
P. falciparum,model5,14001,Boa Vista,RR,2015,2,146,359804,10.283376504986048,13.172985307674745,-2.889608802688697,4.300952740936733,140.37503752042738,TRUE,145
P. falciparum,model5,14001,Boa Vista,RR,2015,3,147,359804,10.005447410256695,12.44853352440545,-2.4430861141487554,4.009127191470913,124.58171671243227,TRUE,145
P. falciparum,model5,14002,Nordeste de Roraima,RR,2015,1,145,47524,8.416799932665601,6.533135123988291,1.8836648086773096,0,72.75271441797814,TRUE,145
P. falciparum,model5,14002,Nordeste de Roraima,RR,2015,2,146,47524,0,5.7948173516686365,-5.7948173516686365,0,78.06581937547325,TRUE,145
P. falciparum,model5,14002,Nordeste de Roraima,RR,2015,3,147,47524,8.416799932665601,5.223464293014687,3.193335639650914,0,64.23070448615431,TRUE,145
P. falciparum,model5,14003,Caracaraí,RR,2015,1,145,46961,14.905985818019207,6.73876450909646,8.167221308922748,0,73.51845148101611,TRUE,145
P. falciparum,model5,14003,Caracaraí,RR,2015,2,146,46961,4.2588530908626305,6.093272363832642,-1.8344192729700115,0,65.00074529929086,TRUE,145
P. falciparum,model5,14003,Caracaraí,RR,2015,3,147,46961,2.1294265454313153,6.500950997077719,-4.371524451646403,0,78.78878218095866,TRUE,145
P. falciparum,model5,14004,Sudeste de Roraima,RR,2015,1,145,51376,15.571473061351606,8.295797544406872,7.275675516944734,0,89.53597010277171,TRUE,145
P. falciparum,model5,14004,Sudeste de Roraima,RR,2015,2,146,51376,7.785736530675803,6.929452437028215,0.856284093647588,0,64.42696979134209,TRUE,145
P. falciparum,model5,14004,Sudeste de Roraima,RR,2015,3,147,51376,3.8928682653379014,5.854554619209596,-1.9616863538716944,0,63.307770165057576,TRUE,145
P. falciparum,model5,15001,Óbidos,PA,2015,1,145,198751,0,0.10826654213772637,-0.10826654213772637,0,2.0125684902214327,TRUE,145
P. falciparum,model5,15001,Óbidos,PA,2015,2,146,198751,0,0.084150525440402,-0.084150525440402,0,1.5094263676660746,TRUE,145
P. falciparum,model5,15001,Óbidos,PA,2015,3,147,198751,0,0.07905284646831272,-0.07905284646831272,0,1.5094263676660746,TRUE,145
P. falciparum,model5,15002,Santarém,PA,2015,1,145,507271,0.5913998631894983,0.9342281105229443,-0.34282824733344597,0,9.068131235572308,TRUE,145
P. falciparum,model5,15002,Santarém,PA,2015,2,146,507271,0.19713328772983277,0.8724987158216435,-0.6753654280918108,0,8.51615802992874,TRUE,145
P. falciparum,model5,15002,Santarém,PA,2015,3,147,507271,0,0.8109774408442703,-0.8109774408442703,0,8.797072964943766,TRUE,145
P. falciparum,model5,15003,Almeirim,PA,2015,1,145,71843,1.3919240566234707,1.5552550677180552,-0.16333101109458448,0,18.09501273610512,TRUE,145
P. falciparum,model5,15003,Almeirim,PA,2015,2,146,71843,0,1.2321395597591949,-1.2321395597591949,0,14.650000695961996,TRUE,145
P. falciparum,model5,15003,Almeirim,PA,2015,3,147,71843,0,1.0316152133533256,-1.0316152133533256,0,13.919240566234706,TRUE,145
P. falciparum,model5,15004,Portel,PA,2015,1,145,144594,0,0.18039623639957786,-0.18039623639957786,0,2.7663665158996915,TRUE,145
P. falciparum,model5,15004,Portel,PA,2015,2,146,144594,0,0.2282811314326106,-0.2282811314326106,0,4.149549773849538,TRUE,145
P. falciparum,model5,15004,Portel,PA,2015,3,147,144594,0,0.270668435085105,-0.270668435085105,0,4.149549773849538,TRUE,145
P. falciparum,model5,15005,Furos de Breves,PA,2015,1,145,220578,41.2552475768209,11.481884044566883,29.773363532254017,3.388823908096003,95.01174187815644,TRUE,145
P. falciparum,model5,15005,Furos de Breves,PA,2015,2,146,220578,50.322334956341976,10.993250428726324,39.32908452761565,2.2441041264314676,86.37534114916264,TRUE,145
P. falciparum,model5,15005,Furos de Breves,PA,2015,3,147,220578,43.975373790677224,10.311623632442677,33.66375015823455,3.626834951808431,94.41104733926312,TRUE,145
P. falciparum,model5,15006,Arari,PA,2015,1,145,168225,0.5944419676029128,0.2765685185580233,0.3178734490448895,0,4.755535740823302,TRUE,145
P. falciparum,model5,15006,Arari,PA,2015,2,146,168225,0.5944419676029128,0.40159697349163487,0.19284499411127792,0,6.538861643632041,TRUE,145
P. falciparum,model5,15006,Arari,PA,2015,3,147,168225,0.5944419676029128,0.4699504463658814,0.12449152123703139,0,6.256501709020643,TRUE,145
P. falciparum,model5,15007,Belém,PA,2015,1,145,2261942,0,0.05108339454129591,-0.05108339454129591,0,0.6631469772434483,TRUE,145
P. falciparum,model5,15007,Belém,PA,2015,2,146,2261942,0,0.0446432392177338,-0.0446432392177338,0,0.7305669199298646,TRUE,145
P. falciparum,model5,15007,Belém,PA,2015,3,147,2261942,0,0.038354347144842524,-0.038354347144842524,0,0.4653081290324853,TRUE,145
P. falciparum,model5,15008,Castanhal,PA,2015,1,145,324645,0,0.016023300861960986,-0.016023300861960986,0,0.616057539774215,TRUE,145
P. falciparum,model5,15008,Castanhal,PA,2015,2,146,324645,0,0.00945894293177282,-0.00945894293177282,0,0.3080287698871075,TRUE,145
P. falciparum,model5,15008,Castanhal,PA,2015,3,147,324645,0,0.006265921533716264,-0.006265921533716264,0,0.3080287698871075,TRUE,145
P. falciparum,model5,15009,Salgado,PA,2015,1,145,260362,0,0.07514357926287281,-0.07514357926287281,0,1.152241878615159,TRUE,145
P. falciparum,model5,15009,Salgado,PA,2015,2,146,260362,0,0.04955307066282863,-0.04955307066282863,0,0.7681612524101059,TRUE,145
P. falciparum,model5,15009,Salgado,PA,2015,3,147,260362,0,0.034818626858176126,-0.034818626858176126,0,0.7681612524101059,TRUE,145
P. falciparum,model5,15010,Bragantina,PA,2015,1,145,405443,0,0.028982872419890077,-0.028982872419890077,0,0.49328758913090126,TRUE,145
P. falciparum,model5,15010,Bragantina,PA,2015,2,146,405443,0,0.023758472311004867,-0.023758472311004867,0,0.49328758913090126,TRUE,145
P. falciparum,model5,15010,Bragantina,PA,2015,3,147,405443,0,0.024212411243334665,-0.024212411243334665,0,0.49328758913090126,TRUE,145
P. falciparum,model5,15011,Cametá,PA,2015,1,145,473045,0,0.07170681049697872,-0.07170681049697872,0,1.268378272680189,TRUE,145
P. falciparum,model5,15011,Cametá,PA,2015,2,146,473045,0,0.0702885948424031,-0.0702885948424031,0,1.1679649927596691,TRUE,145
P. falciparum,model5,15011,Cametá,PA,2015,3,147,473045,0,0.062013903296412064,-0.062013903296412064,0,1.0569818939001574,TRUE,145
P. falciparum,model5,15012,Tomé-Açu,PA,2015,1,145,320418,0,0.05741744311937922,-0.05741744311937922,0,1.1001254611164095,TRUE,145
P. falciparum,model5,15012,Tomé-Açu,PA,2015,2,146,320418,0,0.03880950893025632,-0.03880950893025632,0,0.6241846587894563,TRUE,145
P. falciparum,model5,15012,Tomé-Açu,PA,2015,3,147,320418,0,0.033580160835089405,-0.033580160835089405,0,0.6241846587894563,TRUE,145
P. falciparum,model5,15013,Guamá,PA,2015,1,145,460985,0,0.03739501178415333,-0.03739501178415333,0,0.5477401650812883,TRUE,145
P. falciparum,model5,15013,Guamá,PA,2015,2,146,460985,0,0.03645630725545622,-0.03645630725545622,0,0.7646669631332859,TRUE,145
P. falciparum,model5,15013,Guamá,PA,2015,3,147,460985,0,0.036708583379165084,-0.036708583379165084,0,0.6507803941559921,TRUE,145
P. falciparum,model5,15014,Itaituba,PA,2015,1,145,214099,43.43784884562749,39.320319700809655,4.117529144817837,8.162111920186458,381.66922778714434,TRUE,145
P. falciparum,model5,15014,Itaituba,PA,2015,2,146,214099,26.623197679578137,33.19254544384037,-6.569347764262236,7.695038276685086,333.2103372738769,TRUE,145
P. falciparum,model5,15014,Itaituba,PA,2015,3,147,214099,23.820755818569914,29.255144746796628,-5.4343889282267135,9.56333285069057,291.3138314518047,TRUE,145
P. falciparum,model5,15015,Altamira,PA,2015,1,145,294165,0.6798905376234426,1.2145038938412545,-0.5346133562178118,0,11.898084408410247,TRUE,145
P. falciparum,model5,15015,Altamira,PA,2015,2,146,294165,0,0.8875798374100694,-0.8875798374100694,0,10.376829330477786,TRUE,145
P. falciparum,model5,15015,Altamira,PA,2015,3,147,294165,0,0.662328063616705,-0.662328063616705,0,7.997212448795736,TRUE,145
P. falciparum,model5,15016,Tucuruí,PA,2015,1,145,362863,0.2755861027440108,0.31780776380668047,-0.04222166106266967,0,3.7273020396127396,TRUE,145
P. falciparum,model5,15016,Tucuruí,PA,2015,2,146,362863,0,0.24423210326982558,-0.24423210326982558,0,3.1761298341247186,TRUE,145
P. falciparum,model5,15016,Tucuruí,PA,2015,3,147,362863,0.2755861027440108,0.17752473751429176,0.09806136522971903,0,2.3493715258926855,TRUE,145
P. falciparum,model5,15017,Paragominas,PA,2015,1,145,328594,0.3043269201507027,0.21027156208402514,0.09405535806667753,0,2.8987139144354366,TRUE,145
P. falciparum,model5,15017,Paragominas,PA,2015,2,146,328594,0,0.18334629726266427,-0.18334629726266427,0,2.8987139144354366,TRUE,145
P. falciparum,model5,15017,Paragominas,PA,2015,3,147,328594,0,0.14685605387752654,-0.14685605387752654,0,2.449831707213143,TRUE,145
P. falciparum,model5,15018,São Félix do Xingu,PA,2015,1,145,199960,0,0.096193153278256,-0.096193153278256,0,2.000400080016003,TRUE,145
P. falciparum,model5,15018,São Félix do Xingu,PA,2015,2,146,199960,0,0.07860158432912245,-0.07860158432912245,0,1.5003000600120024,TRUE,145
P. falciparum,model5,15018,São Félix do Xingu,PA,2015,3,147,199960,0,0.07307511483460778,-0.07307511483460778,0,1.0002000400080016,TRUE,145
P. falciparum,model5,15019,Parauapebas,PA,2015,1,145,300231,0,0.08414441554490311,-0.08414441554490311,0,1.3323074565917579,TRUE,145
P. falciparum,model5,15019,Parauapebas,PA,2015,2,146,300231,0,0.06889397711772648,-0.06889397711772648,0,0.9992305924438182,TRUE,145
P. falciparum,model5,15019,Parauapebas,PA,2015,3,147,300231,0,0.06161804358458139,-0.06161804358458139,0,0.9992305924438182,TRUE,145
P. falciparum,model5,15020,Marabá,PA,2015,1,145,314713,0,0.1413406384253683,-0.1413406384253683,0,2.073317594125434,TRUE,145
P. falciparum,model5,15020,Marabá,PA,2015,2,146,314713,0,0.1151173595533712,-0.1151173595533712,0,1.9064989371268426,TRUE,145
P. falciparum,model5,15020,Marabá,PA,2015,3,147,314713,0,0.10123893053464472,-0.10123893053464472,0,1.5887491142723689,TRUE,145
P. falciparum,model5,15021,Redenção,PA,2015,1,145,189772,0.5269481272263559,0.06804553961410839,0.45890258761224745,0,1.0538962544527117,TRUE,145
P. falciparum,model5,15021,Redenção,PA,2015,2,146,189772,0,0.0699583214457575,-0.0699583214457575,0,1.0538962544527117,TRUE,145
P. falciparum,model5,15021,Redenção,PA,2015,3,147,189772,0,0.0770001364091303,-0.0770001364091303,0,1.3305440212465367,TRUE,145
P. falciparum,model5,15022,Conceição do Araguaia,PA,2015,1,145,152614,0,0.049852817746643435,-0.049852817746643435,0,1.3104957605462146,TRUE,145
P. falciparum,model5,15022,Conceição do Araguaia,PA,2015,2,146,152614,0,0.05253392367693322,-0.05253392367693322,0,1.3104957605462146,TRUE,145
P. falciparum,model5,15022,Conceição do Araguaia,PA,2015,3,147,152614,0,0.05367614719941292,-0.05367614719941292,0,1.3104957605462146,TRUE,145
P. falciparum,model5,16001,Oiapoque,AP,2015,1,145,34426,46.47650031952594,36.95239654564813,9.524103773877812,5.8095625399407425,402.96578167663915,TRUE,145
P. falciparum,model5,16001,Oiapoque,AP,2015,2,146,34426,5.8095625399407425,23.922806295544433,-18.11324375560369,0,262.95532446406776,TRUE,145
P. falciparum,model5,16001,Oiapoque,AP,2015,3,147,34426,31.952593969674087,22.57670985329754,9.375884116376547,0,235.28728286760008,TRUE,145
P. falciparum,model5,16002,Amapá,AP,2015,1,145,28365,3.5254715318173804,4.261028885329107,-0.735557353511727,0,52.882072977260705,TRUE,145
P. falciparum,model5,16002,Amapá,AP,2015,2,146,28365,0,3.275880267786647,-3.275880267786647,0,42.48193195839928,TRUE,145
P. falciparum,model5,16002,Amapá,AP,2015,3,147,28365,3.5254715318173804,2.309600785425484,1.2158707463918965,0,33.58011634056047,TRUE,145
P. falciparum,model5,16003,Macapá,AP,2015,1,145,624241,7.368948851485244,7.217430137672677,0.15151871381256665,1.9223344829961506,65.04298820487593,TRUE,145
P. falciparum,model5,16003,Macapá,AP,2015,2,146,624241,5.126225287989734,6.847184417641494,-1.7209591296517601,1.914324755983667,64.77466234995774,TRUE,145
P. falciparum,model5,16003,Macapá,AP,2015,3,147,624241,4.16505804649166,4.78407872899235,-0.6190206825006905,0.9611672414980753,41.92691604684725,TRUE,145
P. falciparum,model5,16004,Mazagão,AP,2015,1,145,79647,26.36634148178839,15.537656026499747,10.828685455288642,1.255540070561352,123.23125792559654,TRUE,145
P. falciparum,model5,16004,Mazagão,AP,2015,2,146,79647,27.62188155234974,13.79363328740797,13.828248264941772,1.255540070561352,116.2943990357451,TRUE,145
P. falciparum,model5,16004,Mazagão,AP,2015,3,147,79647,15.066480846736223,13.242070593946634,1.8244102527895887,0.596381533516644,109.8911446758823,TRUE,145
P. falciparum,model5,17001,Bico do Papagaio,TO,2015,1,145,210839,0,0.024346420963674686,-0.024346420963674686,0,0.9485911050612079,TRUE,145
P. falciparum,model5,17001,Bico do Papagaio,TO,2015,2,146,210839,0,0.020651697934334863,-0.020651697934334863,0,0.47429555253060396,TRUE,145
P. falciparum,model5,17001,Bico do Papagaio,TO,2015,3,147,210839,0,0.02125220920160806,-0.02125220920160806,0,0.47429555253060396,TRUE,145
P. falciparum,model5,17002,Araguaína,TO,2015,1,145,306848,0,0.01666733749825263,-0.01666733749825263,0,0.3258942538325164,TRUE,145
P. falciparum,model5,17002,Araguaína,TO,2015,2,146,306848,0,0.013793208787200148,-0.013793208787200148,0,0.49698873709458014,TRUE,145
P. falciparum,model5,17002,Araguaína,TO,2015,3,147,306848,0,0.012491295814748083,-0.012491295814748083,0,0.3258942538325164,TRUE,145
P. falciparum,model5,17003,Miracema do Tocantins,TO,2015,1,145,148608,0,0.0026617805521656135,-0.0026617805521656135,0,0.6729112833763996,TRUE,145
P. falciparum,model5,17003,Miracema do Tocantins,TO,2015,2,146,148608,0,0.0025362428687507725,-0.0025362428687507725,0,0.6729112833763996,TRUE,145
P. falciparum,model5,17003,Miracema do Tocantins,TO,2015,3,147,148608,0,0.0027153492113640844,-0.0027153492113640844,0,0.6729112833763996,TRUE,145
P. falciparum,model5,17004,Rio Formoso,TO,2015,1,145,124739,0,0.002663917834087859,-0.002663917834087859,0,0.42087879492378266,TRUE,145
P. falciparum,model5,17004,Rio Formoso,TO,2015,2,146,124739,0,0.0019717086072521925,-0.0019717086072521925,0,0,TRUE,145
P. falciparum,model5,17004,Rio Formoso,TO,2015,3,147,124739,0,0.0019735995800445917,-0.0019735995800445917,0,0,TRUE,145
P. falciparum,model5,17005,Gurupi,TO,2015,1,145,147284,0,0.0012148885841336968,-0.0012148885841336968,0,0,TRUE,145
P. falciparum,model5,17005,Gurupi,TO,2015,2,146,147284,0,8.259772427875594e-4,-8.259772427875594e-4,0,0,TRUE,145
P. falciparum,model5,17005,Gurupi,TO,2015,3,147,147284,0,7.06662399976682e-4,-7.06662399976682e-4,0,0,TRUE,145
P. falciparum,model5,17006,Porto Nacional,TO,2015,1,145,375255,0,0.015677120592201603,-0.015677120592201603,0,0.532970913112417,TRUE,145
P. falciparum,model5,17006,Porto Nacional,TO,2015,2,146,375255,0,0.01143666870098226,-0.01143666870098226,0,0.2664854565562085,TRUE,145
P. falciparum,model5,17006,Porto Nacional,TO,2015,3,147,375255,0,0.010076228294104267,-0.010076228294104267,0,0.2664854565562085,TRUE,145
P. falciparum,model5,17007,Jalapão,TO,2015,1,145,77860,0,1.4867456742245904e-4,-1.4867456742245904e-4,0,0,TRUE,145
P. falciparum,model5,17007,Jalapão,TO,2015,2,146,77860,0,1.2327720429576705e-4,-1.2327720429576705e-4,0,0,TRUE,145
P. falciparum,model5,17007,Jalapão,TO,2015,3,147,77860,0,1.162869651942351e-4,-1.162869651942351e-4,0,0,TRUE,145
P. falciparum,model5,17008,Dianópolis,TO,2015,1,145,123693,0,4.2766823267829434e-5,-4.2766823267829434e-5,0,0,TRUE,145
P. falciparum,model5,17008,Dianópolis,TO,2015,2,146,123693,0,3.327192596284285e-5,-3.327192596284285e-5,0,0,TRUE,145
P. falciparum,model5,17008,Dianópolis,TO,2015,3,147,123693,0,3.1464385095744575e-5,-3.1464385095744575e-5,0,0,TRUE,145
P. falciparum,model5,21001,Litoral Ocidental Maranhense,MA,2015,1,145,187243,0,0.0015934871646802883,-0.0015934871646802883,0,0.5340653589186244,TRUE,145
P. falciparum,model5,21001,Litoral Ocidental Maranhense,MA,2015,2,146,187243,0,0.0013294236806217863,-0.0013294236806217863,0,0.5340653589186244,TRUE,145
P. falciparum,model5,21001,Litoral Ocidental Maranhense,MA,2015,3,147,187243,0,0.0013278859123875694,-0.0013278859123875694,0,0,TRUE,145
P. falciparum,model5,21002,Aglomeração Urbana de São Luís,MA,2015,1,145,1395792,0,0.008315248316148379,-0.008315248316148379,0,0.1432878251200752,TRUE,145
P. falciparum,model5,21002,Aglomeração Urbana de São Luís,MA,2015,2,146,1395792,0.21493173768011278,0.006906510435450536,0.20802522724466224,0,0.1432878251200752,FALSE,145
P. falciparum,model5,21002,Aglomeração Urbana de São Luís,MA,2015,3,147,1395792,0,0.006252398030890754,-0.006252398030890754,0,0.1432878251200752,TRUE,145
P. falciparum,model5,21003,Rosário,MA,2015,1,145,172687,0,0.029277787746476283,-0.029277787746476283,0,0.8831006387278588,TRUE,145
P. falciparum,model5,21003,Rosário,MA,2015,2,146,172687,0,0.019392737285631352,-0.019392737285631352,0,0.5790823860510635,TRUE,145
P. falciparum,model5,21003,Rosário,MA,2015,3,147,172687,0,0.015414279211340738,-0.015414279211340738,0,0.5790823860510635,TRUE,145
P. falciparum,model5,21004,Lençóis Maranhenses,MA,2015,1,145,191719,0,0.001598165549478781,-0.001598165549478781,0,0.27383827372351055,TRUE,145
P. falciparum,model5,21004,Lençóis Maranhenses,MA,2015,2,146,191719,0,0.0010930397241279667,-0.0010930397241279667,0,0,TRUE,145
P. falciparum,model5,21004,Lençóis Maranhenses,MA,2015,3,147,191719,0,8.83264190187352e-4,-8.83264190187352e-4,0,0,TRUE,145
P. falciparum,model5,21005,Baixada Maranhense,MA,2015,1,145,590620,0.6772544106193492,0.12999715299032366,0.5472572576290256,0,1.6127120652873215,TRUE,145
P. falciparum,model5,21005,Baixada Maranhense,MA,2015,2,146,590620,0.1693136026548373,0.10486918811945066,0.06444441453538664,0,1.443398462632484,TRUE,145
P. falciparum,model5,21005,Baixada Maranhense,MA,2015,3,147,590620,0,0.09859853281965171,-0.09859853281965171,0,1.3545088212386984,TRUE,145
P. falciparum,model5,21006,Itapecuru Mirim,MA,2015,1,145,229914,0,0.0031472835995437366,-0.0031472835995437366,0,0.4349452403942343,TRUE,145
P. falciparum,model5,21006,Itapecuru Mirim,MA,2015,2,146,229914,0,0.0030655975426179005,-0.0030655975426179005,0,0.4349452403942343,TRUE,145
P. falciparum,model5,21006,Itapecuru Mirim,MA,2015,3,147,229914,0,0.003402420154226786,-0.003402420154226786,0,0.4349452403942343,TRUE,145
P. falciparum,model5,21007,Gurupi,MA,2015,1,145,235816,0.4240594361705737,0.3086254239286006,0.11543401224197308,0,3.8165349255351626,TRUE,145
P. falciparum,model5,21007,Gurupi,MA,2015,2,146,235816,0.4240594361705737,0.3212045040990847,0.10285493207148899,0,4.261797333514246,TRUE,145
P. falciparum,model5,21007,Gurupi,MA,2015,3,147,235816,0,0.3570341561745074,-0.3570341561745074,0,4.66465379787631,TRUE,145
P. falciparum,model5,21008,Pindaré,MA,2015,1,145,650498,1.076098619826656,0.5562727278725905,0.5198258919540655,0,5.622615288594266,TRUE,145
P. falciparum,model5,21008,Pindaré,MA,2015,2,146,650498,0.4611851227828525,0.5093942327930328,-0.048209110010180245,0,7.248292846403812,TRUE,145
P. falciparum,model5,21008,Pindaré,MA,2015,3,147,650498,0.3074567485219017,0.4969671486888431,-0.18951040016694143,0,5.614928869881226,TRUE,145
P. falciparum,model5,21009,Imperatriz,MA,2015,1,145,586584,0,0.11277427656104334,-0.11277427656104334,0,1.5343071069105192,TRUE,145
P. falciparum,model5,21009,Imperatriz,MA,2015,2,146,586584,0,0.0907477083352202,-0.0907477083352202,0,1.363828539476017,TRUE,145
P. falciparum,model5,21009,Imperatriz,MA,2015,3,147,586584,0,0.08180439530528687,-0.08180439530528687,0,1.363828539476017,TRUE,145
P. falciparum,model5,21010,Médio Mearim,MA,2015,1,145,416015,0,0.12378615813152549,-0.12378615813152549,0,1.682631635878514,TRUE,145
P. falciparum,model5,21010,Médio Mearim,MA,2015,2,146,416015,0,0.12648981008921403,-0.12648981008921403,0,1.9230075838611589,TRUE,145
P. falciparum,model5,21010,Médio Mearim,MA,2015,3,147,416015,0,0.1737083040463312,-0.1737083040463312,0,2.4037594798264483,TRUE,145
P. falciparum,model5,21011,Alto Mearim e Grajaú,MA,2015,1,145,328081,0.6096055547258147,0.3683978955149263,0.24120765921088838,0,3.817654786470408,TRUE,145
P. falciparum,model5,21011,Alto Mearim e Grajaú,MA,2015,2,146,328081,0.30480277736290734,0.3139886221026451,-0.00918584473973777,0,3.6576333283548883,TRUE,145
P. falciparum,model5,21011,Alto Mearim e Grajaú,MA,2015,3,147,328081,0,0.29231575632768025,-0.29231575632768025,0,3.048027773629073,TRUE,145
P. falciparum,model5,21012,Presidente Dutra,MA,2015,1,145,195258,0.512142908357148,0.11772240623748946,0.39442050211965857,0,1.536428725071444,TRUE,145
P. falciparum,model5,21012,Presidente Dutra,MA,2015,2,146,195258,0,0.12087507307892367,-0.12087507307892367,0,2.048571633428592,TRUE,145
P. falciparum,model5,21012,Presidente Dutra,MA,2015,3,147,195258,0,0.16266493870442558,-0.16266493870442558,0,2.048571633428592,TRUE,145
P. falciparum,model5,21013,Baixo Parnaíba Maranhense,MA,2015,1,145,142624,0,0.14847777998747846,-0.14847777998747846,0,2.8045770697778774,TRUE,145
P. falciparum,model5,21013,Baixo Parnaíba Maranhense,MA,2015,2,146,142624,0,0.10324139551329022,-0.10324139551329022,0,2.103432802333408,TRUE,145
P. falciparum,model5,21013,Baixo Parnaíba Maranhense,MA,2015,3,147,142624,0,0.08652154296441221,-0.08652154296441221,0,1.4022885348889387,TRUE,145
P. falciparum,model5,21014,Chapadinha,MA,2015,1,145,238969,0,0.05871237720030335,-0.05871237720030335,0,1.4750867267302359,TRUE,145
P. falciparum,model5,21014,Chapadinha,MA,2015,2,146,238969,0,0.049236037499400725,-0.049236037499400725,0,0.8369286392795718,TRUE,145
P. falciparum,model5,21014,Chapadinha,MA,2015,3,147,238969,0,0.046440944607845314,-0.046440944607845314,0,1.05662240709045,TRUE,145
P. falciparum,model5,21015,Codó,MA,2015,1,145,272267,0.36728652389015193,0.027216007633751545,0.3400705162564004,0,0.7345730477803039,TRUE,145
P. falciparum,model5,21015,Codó,MA,2015,2,146,272267,0,0.023928699529157122,-0.023928699529157122,0,0.7345730477803039,TRUE,145
P. falciparum,model5,21015,Codó,MA,2015,3,147,272267,0,0.025369514713193743,-0.025369514713193743,0,0.7345730477803039,TRUE,145
P. falciparum,model5,21016,Coelho Neto,MA,2015,1,145,91578,0,0.0014269839192426039,-0.0014269839192426039,0,0,TRUE,145
P. falciparum,model5,21016,Coelho Neto,MA,2015,2,146,91578,0,0.001054393118845017,-0.001054393118845017,0,0,TRUE,145
P. falciparum,model5,21016,Coelho Neto,MA,2015,3,147,91578,0,8.707581508588797e-4,-8.707581508588797e-4,0,0,TRUE,145
P. falciparum,model5,21017,Caxias,MA,2015,1,145,434610,0.23009134626446698,0.008549458458936525,0.22154188780553044,0,0.23009134626446698,TRUE,145
P. falciparum,model5,21017,Caxias,MA,2015,2,146,434610,0.23009134626446698,0.008838395508421982,0.221252950756045,0,0.23009134626446698,TRUE,145
P. falciparum,model5,21017,Caxias,MA,2015,3,147,434610,0,0.012301863813118713,-0.012301863813118713,0,0.46018269252893396,TRUE,145
P. falciparum,model5,21018,Chapadas do Alto Itapecuru,MA,2015,1,145,216408,0.9241802521163729,0.019339226780410463,0.9048410253359624,0,0.46209012605818645,FALSE,145
P. falciparum,model5,21018,Chapadas do Alto Itapecuru,MA,2015,2,146,216408,0.46209012605818645,0.02106163855062981,0.44102848750755663,0,0.46209012605818645,TRUE,145
P. falciparum,model5,21018,Chapadas do Alto Itapecuru,MA,2015,3,147,216408,0,0.027475352312008063,-0.027475352312008063,0,0.46209012605818645,TRUE,145
P. falciparum,model5,21019,Porto Franco,MA,2015,1,145,117278,0,0.054881588510921314,-0.054881588510921314,0,1.7053496819522842,TRUE,145
P. falciparum,model5,21019,Porto Franco,MA,2015,2,146,117278,0,0.03480021172330111,-0.03480021172330111,0,0.8526748409761421,TRUE,145
P. falciparum,model5,21019,Porto Franco,MA,2015,3,147,117278,0,0.025257415750414996,-0.025257415750414996,0,0.8526748409761421,TRUE,145
P. falciparum,model5,21020,Gerais de Balsas,MA,2015,1,145,139570,0,5.707939641501776e-4,-5.707939641501776e-4,0,0,TRUE,145
P. falciparum,model5,21020,Gerais de Balsas,MA,2015,2,146,139570,0,5.062694265800764e-4,-5.062694265800764e-4,0,0,TRUE,145
P. falciparum,model5,21020,Gerais de Balsas,MA,2015,3,147,139570,0,5.057961211951495e-4,-5.057961211951495e-4,0,0,TRUE,145
P. falciparum,model5,21021,Chapadas das Mangabeiras,MA,2015,1,145,70710,0,2.2467725609717147e-4,-2.2467725609717147e-4,0,0,TRUE,145
P. falciparum,model5,21021,Chapadas das Mangabeiras,MA,2015,2,146,70710,0,1.7573123526262502e-4,-1.7573123526262502e-4,0,0,TRUE,145
P. falciparum,model5,21021,Chapadas das Mangabeiras,MA,2015,3,147,70710,0,1.692647629463364e-4,-1.692647629463364e-4,0,0,TRUE,145
P. falciparum,model5,51001,Aripuanã,MT,2015,1,145,155581,0,0.5225507332629602,-0.5225507332629602,0,6.764964873602803,TRUE,145
P. falciparum,model5,51001,Aripuanã,MT,2015,2,146,155581,0,0.41181267525066323,-0.41181267525066323,0,5.142016055945135,TRUE,145
P. falciparum,model5,51001,Aripuanã,MT,2015,3,147,155581,0,0.3925658206492738,-0.3925658206492738,0,6.427520069931418,TRUE,145
P. falciparum,model5,51002,Alta Floresta,MT,2015,1,145,102968,0,0.4796007809455654,-0.4796007809455654,0,5.827053065029912,TRUE,145
P. falciparum,model5,51002,Alta Floresta,MT,2015,2,146,102968,0,0.31644040376499155,-0.31644040376499155,0,4.8558775541915935,TRUE,145
P. falciparum,model5,51002,Alta Floresta,MT,2015,3,147,102968,0,0.24062438144746476,-0.24062438144746476,0,3.884702043353275,TRUE,145
P. falciparum,model5,51003,Colíder,MT,2015,1,145,149561,0.6686235047906874,0.5697295596769589,0.09889394511372851,0,6.686235047906874,TRUE,145
P. falciparum,model5,51003,Colíder,MT,2015,2,146,149561,0,0.4147529213099963,-0.4147529213099963,0,4.3627683687592205,TRUE,145
P. falciparum,model5,51003,Colíder,MT,2015,3,147,149561,0,0.36142762380694843,-0.36142762380694843,0,4.3627683687592205,TRUE,145
P. falciparum,model5,51004,Parecis,MT,2015,1,145,101405,0,0.05734008350513289,-0.05734008350513289,0,0.9861446674227109,TRUE,145
P. falciparum,model5,51004,Parecis,MT,2015,2,146,101405,0,0.07303700698341718,-0.07303700698341718,0,1.9722893348454218,TRUE,145
P. falciparum,model5,51004,Parecis,MT,2015,3,147,101405,0,0.10824335071632499,-0.10824335071632499,0,2.958434002268133,TRUE,145
P. falciparum,model5,51005,Arinos,MT,2015,1,145,79094,0,0.01915174876246906,-0.01915174876246906,0,1.2643184059473538,TRUE,145
P. falciparum,model5,51005,Arinos,MT,2015,2,146,79094,0,0.012992040506671226,-0.012992040506671226,0,1.2643184059473538,TRUE,145
P. falciparum,model5,51005,Arinos,MT,2015,3,147,79094,0,0.012289939417436307,-0.012289939417436307,0,1.2643184059473538,TRUE,145
P. falciparum,model5,51006,Alto Teles Pires,MT,2015,1,145,231128,0,0.1102449934910123,-0.1102449934910123,0,1.957789623065997,TRUE,145
P. falciparum,model5,51006,Alto Teles Pires,MT,2015,2,146,231128,0,0.06313679892799215,-0.06313679892799215,0,1.297982070540999,TRUE,145
P. falciparum,model5,51006,Alto Teles Pires,MT,2015,3,147,231128,0,0.03749976212438708,-0.03749976212438708,0,0.865321380360666,TRUE,145
P. falciparum,model5,51007,Sinop,MT,2015,1,145,191263,0,0.022667906681960236,-0.022667906681960236,0,0.7973314232235076,TRUE,145
P. falciparum,model5,51007,Sinop,MT,2015,2,146,191263,0,0.017576861189962205,-0.017576861189962205,0,0.7973314232235076,TRUE,145
P. falciparum,model5,51007,Sinop,MT,2015,3,147,191263,0,0.016191338364646684,-0.016191338364646684,0,0.5228402775236193,TRUE,145
P. falciparum,model5,51008,Paranatinga,MT,2015,1,145,34726,0,7.163864022675985e-4,-7.163864022675985e-4,0,0,TRUE,145
P. falciparum,model5,51008,Paranatinga,MT,2015,2,146,34726,0,6.1007100273827e-4,-6.1007100273827e-4,0,0,TRUE,145
P. falciparum,model5,51008,Paranatinga,MT,2015,3,147,34726,0,5.630245322053751e-4,-5.630245322053751e-4,0,0,TRUE,145
P. falciparum,model5,51009,Norte Araguaia,MT,2015,1,145,123004,0,9.011122096572667e-4,-9.011122096572667e-4,0,0,TRUE,145
P. falciparum,model5,51009,Norte Araguaia,MT,2015,2,146,123004,0,7.100899123012835e-4,-7.100899123012835e-4,0,0,TRUE,145
P. falciparum,model5,51009,Norte Araguaia,MT,2015,3,147,123004,0,6.105788835299702e-4,-6.105788835299702e-4,0,0,TRUE,145
P. falciparum,model5,51010,Canarana,MT,2015,1,145,108272,0,6.1572431970287e-4,-6.1572431970287e-4,0,0,TRUE,145
P. falciparum,model5,51010,Canarana,MT,2015,2,146,108272,0,4.89568027709268e-4,-4.89568027709268e-4,0,0,TRUE,145
P. falciparum,model5,51010,Canarana,MT,2015,3,147,108272,0,5.00128297733586e-4,-5.00128297733586e-4,0,0,TRUE,145
P. falciparum,model5,51011,Médio Araguaia,MT,2015,1,145,67011,0,6.9193441505369e-5,-6.9193441505369e-5,0,0,TRUE,145
P. falciparum,model5,51011,Médio Araguaia,MT,2015,2,146,67011,0,5.2963671164401577e-5,-5.2963671164401577e-5,0,0,TRUE,145
P. falciparum,model5,51011,Médio Araguaia,MT,2015,3,147,67011,0,5.047392615162984e-5,-5.047392615162984e-5,0,0,TRUE,145
P. falciparum,model5,51012,Alto Guaporé,MT,2015,1,145,71338,0,0.0074858032694196195,-0.0074858032694196195,0,1.401777453811433,TRUE,145
P. falciparum,model5,51012,Alto Guaporé,MT,2015,2,146,71338,0,0.0066915288812874375,-0.0066915288812874375,0,1.401777453811433,TRUE,145
P. falciparum,model5,51012,Alto Guaporé,MT,2015,3,147,71338,0,0.006778353003554596,-0.006778353003554596,0,1.401777453811433,TRUE,145
P. falciparum,model5,51013,Tangará da Serra,MT,2015,1,145,159087,0,0.034986888911911936,-0.034986888911911936,0,0.6285868738489003,TRUE,145
P. falciparum,model5,51013,Tangará da Serra,MT,2015,2,146,159087,0,0.030791600059897253,-0.030791600059897253,0,0.6285868738489003,TRUE,145
P. falciparum,model5,51013,Tangará da Serra,MT,2015,3,147,159087,0,0.0319915595275969,-0.0319915595275969,0,0.6285868738489003,TRUE,145
P. falciparum,model5,51014,Jauru,MT,2015,1,145,107801,0,0.005497330119052173,-0.005497330119052173,0,0.9276351796365526,TRUE,145
P. falciparum,model5,51014,Jauru,MT,2015,2,146,107801,0,0.004335331178419585,-0.004335331178419585,0,0.9276351796365526,TRUE,145
P. falciparum,model5,51014,Jauru,MT,2015,3,147,107801,0,0.004160129122033919,-0.004160129122033919,0,0,TRUE,145
P. falciparum,model5,51015,Alto Paraguai,MT,2015,1,145,32596,0,0.006920116146660563,-0.006920116146660563,0,1.610627070806164,TRUE,145
P. falciparum,model5,51015,Alto Paraguai,MT,2015,2,146,32596,0,0.00623004001077713,-0.00623004001077713,0,0,TRUE,145
P. falciparum,model5,51015,Alto Paraguai,MT,2015,3,147,32596,0,0.006312815701542402,-0.006312815701542402,0,0,TRUE,145
P. falciparum,model5,51016,Rosário Oeste,MT,2015,1,145,30448,0,0.003217435015833119,-0.003217435015833119,0,0,TRUE,145
P. falciparum,model5,51016,Rosário Oeste,MT,2015,2,146,30448,0,0.002338112137255414,-0.002338112137255414,0,0,TRUE,145
P. falciparum,model5,51016,Rosário Oeste,MT,2015,3,147,30448,0,0.0021977327607232517,-0.0021977327607232517,0,0,TRUE,145
P. falciparum,model5,51017,Cuiabá,MT,2015,1,145,898432,0,0.016768974952558104,-0.016768974952558104,0,0.333915087619319,TRUE,145
P. falciparum,model5,51017,Cuiabá,MT,2015,2,146,898432,0,0.011506480081947669,-0.011506480081947669,0,0.333915087619319,TRUE,145
P. falciparum,model5,51017,Cuiabá,MT,2015,3,147,898432,0,0.010166061877714457,-0.010166061877714457,0,0.2810451987462576,TRUE,145
P. falciparum,model5,51018,Alto Pantanal,MT,2015,1,145,135181,0,0.0042290235888597745,-0.0042290235888597745,0,0.7397489292134249,TRUE,145
P. falciparum,model5,51018,Alto Pantanal,MT,2015,2,146,135181,0,0.0029941002460681155,-0.0029941002460681155,0,0.7397489292134249,TRUE,145
P. falciparum,model5,51018,Alto Pantanal,MT,2015,3,147,135181,0,0.002415747537274021,-0.002415747537274021,0,0.7397489292134249,TRUE,145
P. falciparum,model5,51019,Primavera do Leste,MT,2015,1,145,95412,0,0.0011719346033653125,-0.0011719346033653125,0,0,TRUE,145
P. falciparum,model5,51019,Primavera do Leste,MT,2015,2,146,95412,0,9.027270642616948e-4,-9.027270642616948e-4,0,0,TRUE,145
P. falciparum,model5,51019,Primavera do Leste,MT,2015,3,147,95412,0,8.732541591446224e-4,-8.732541591446224e-4,0,0,TRUE,145
P. falciparum,model5,51020,Tesouro,MT,2015,1,145,54493,0,3.776884618330527e-4,-3.776884618330527e-4,0,0,TRUE,145
P. falciparum,model5,51020,Tesouro,MT,2015,2,146,54493,0,2.9567246646502874e-4,-2.9567246646502874e-4,0,0,TRUE,145
P. falciparum,model5,51020,Tesouro,MT,2015,3,147,54493,0,2.66291357666115e-4,-2.66291357666115e-4,0,0,TRUE,145
P. falciparum,model5,51021,Rondonópolis,MT,2015,1,145,298273,0,0.0011985586655993672,-0.0011985586655993672,0,0.3352633325845786,TRUE,145
P. falciparum,model5,51021,Rondonópolis,MT,2015,2,146,298273,0,7.996737240847342e-4,-7.996737240847342e-4,0,0,TRUE,145
P. falciparum,model5,51021,Rondonópolis,MT,2015,3,147,298273,0,5.984631724008041e-4,-5.984631724008041e-4,0,0,TRUE,145
P. falciparum,model5,51022,Alto Araguaia,MT,2015,1,145,38412,0,1.9256883284824995e-4,-1.9256883284824995e-4,0,0,TRUE,145
P. falciparum,model5,51022,Alto Araguaia,MT,2015,2,146,38412,0,1.6479861786210161e-4,-1.6479861786210161e-4,0,0,TRUE,145
P. falciparum,model5,51022,Alto Araguaia,MT,2015,3,147,38412,0,1.5973918176453755e-4,-1.5973918176453755e-4,0,0,TRUE,145
P. falciparum,model5,11001,Porto Velho,RO,2016,1,157,648872,15.103132821265211,5.2729955492926255,9.830137271972585,0.997885561405023,48.51110850830361,TRUE,157
P. falciparum,model5,11001,Porto Velho,RO,2016,2,158,648872,9.863270413887486,4.14581492649672,5.717455487390766,1.1519991616220153,36.22440173100395,TRUE,157
P. falciparum,model5,11001,Porto Velho,RO,2016,3,159,648872,5.393976007594718,4.391840921378701,1.0021350862160174,1.0787952015189437,37.01038109211059,TRUE,157
P. falciparum,model5,11002,Guajará-Mirim,RO,2016,1,157,83432,1.1985808802377984,0.24521463024085627,0.9533662499969422,0,3.5957426407133957,TRUE,157
P. falciparum,model5,11002,Guajará-Mirim,RO,2016,2,158,83432,0,0.2018379031117176,-0.2018379031117176,0,3.5957426407133957,TRUE,157
P. falciparum,model5,11002,Guajará-Mirim,RO,2016,3,159,83432,0,0.21164659607558065,-0.21164659607558065,0,3.5957426407133957,TRUE,157
P. falciparum,model5,11003,Ariquemes,RO,2016,1,157,201599,0,0.26438478900818585,-0.26438478900818585,0,3.2366231975356907,TRUE,157
P. falciparum,model5,11003,Ariquemes,RO,2016,2,158,201599,0.9920684130377632,0.21740567436793407,0.774662738669829,0,2.9762052391132894,TRUE,157
P. falciparum,model5,11003,Ariquemes,RO,2016,3,159,201599,0.9920684130377632,0.20066634418060295,0.7914020688571602,0,2.740588991016809,TRUE,157
P. falciparum,model5,11004,Ji-Paraná,RO,2016,1,157,317230,0,0.10782084496929908,-0.10782084496929908,0,1.5761434921035211,TRUE,157
P. falciparum,model5,11004,Ji-Paraná,RO,2016,2,158,317230,0,0.07635677517631903,-0.07635677517631903,0,1.260914793682817,TRUE,157
P. falciparum,model5,11004,Ji-Paraná,RO,2016,3,159,317230,0.3152286984207042,0.08246242702128712,0.2327662713994171,0,1.5761434921035211,TRUE,157
P. falciparum,model5,11005,Alvorada D'Oeste,RO,2016,1,157,75248,0,0.6965235080627742,-0.6965235080627742,0,9.302572825855837,TRUE,157
P. falciparum,model5,11005,Alvorada D'Oeste,RO,2016,2,158,75248,0,0.49861172236716367,-0.49861172236716367,0,7.973633850733574,TRUE,157
P. falciparum,model5,11005,Alvorada D'Oeste,RO,2016,3,159,75248,0,0.476067813718171,-0.476067813718171,0,6.013448862428207,TRUE,157
P. falciparum,model5,11006,Cacoal,RO,2016,1,157,249644,0,0.05695971642121357,-0.05695971642121357,0,1.201711236801205,TRUE,157
P. falciparum,model5,11006,Cacoal,RO,2016,2,158,249644,0,0.0437782567236431,-0.0437782567236431,0,0.8011408245341366,TRUE,157
P. falciparum,model5,11006,Cacoal,RO,2016,3,159,249644,0,0.04576050790301833,-0.04576050790301833,0,1.0114402909743383,TRUE,157
P. falciparum,model5,11007,Vilhena,RO,2016,1,157,157201,0,0.06071491092090986,-0.06071491092090986,0,1.2722565378082835,TRUE,157
P. falciparum,model5,11007,Vilhena,RO,2016,2,158,157201,0.6361282689041418,0.04562559050487372,0.5905026783992681,0,1.2722565378082835,TRUE,157
P. falciparum,model5,11007,Vilhena,RO,2016,3,159,157201,0,0.04827239059153129,-0.04827239059153129,0,0.6361282689041418,TRUE,157
P. falciparum,model5,11008,Colorado do Oeste,RO,2016,1,157,54053,0,0.0603316265864153,-0.0603316265864153,0,1.8500360757034762,TRUE,157
P. falciparum,model5,11008,Colorado do Oeste,RO,2016,2,158,54053,0,0.045280495558774135,-0.045280495558774135,0,1.8500360757034762,TRUE,157
P. falciparum,model5,11008,Colorado do Oeste,RO,2016,3,159,54053,0,0.04803375492829742,-0.04803375492829742,0,1.8500360757034762,TRUE,157
P. falciparum,model5,12001,Cruzeiro do Sul,AC,2016,1,157,145544,375.8313637113175,253.51752969148944,122.31383401982808,70.047545759358,2556.4434123014335,TRUE,157
P. falciparum,model5,12001,Cruzeiro do Sul,AC,2016,2,158,145544,355.9061177375914,178.93901260230098,176.9671051352904,45.999835101412636,1789.235557632056,TRUE,157
P. falciparum,model5,12001,Cruzeiro do Sul,AC,2016,3,159,145544,289.2596053427142,178.48344422101982,110.7761611216944,43.93860275930303,1853.3055295992954,TRUE,157
P. falciparum,model5,12002,Tarauacá,AC,2016,1,157,79484,10.06491872578129,8.302624493930878,1.7622942318504116,0,82.50088068038842,TRUE,157
P. falciparum,model5,12002,Tarauacá,AC,2016,2,158,79484,8.806803885058628,5.763446878265233,3.0433570067933946,0,56.678073574555825,TRUE,157
P. falciparum,model5,12002,Tarauacá,AC,2016,3,159,79484,3.7743445221679837,5.525178206864133,-1.7508336846961496,0,54.1618438931105,TRUE,157
P. falciparum,model5,12003,Sena Madureira,AC,2016,1,157,57237,0,0.005475215981836859,-0.005475215981836859,0,0,TRUE,157
P. falciparum,model5,12003,Sena Madureira,AC,2016,2,158,57237,0,0.0047649451414856145,-0.0047649451414856145,0,0.917238848996239,TRUE,157
P. falciparum,model5,12003,Sena Madureira,AC,2016,3,159,57237,0,0.004947335512800561,-0.004947335512800561,0,1.7471216171357689,TRUE,157
P. falciparum,model5,12004,Rio Branco,AC,2016,1,157,468316,0.6405931038017065,0.38462400985631967,0.25596909394538686,0,4.281297243741395,TRUE,157
P. falciparum,model5,12004,Rio Branco,AC,2016,2,158,468316,1.281186207603413,0.2801062247255504,1.0010799828778627,0,3.4164965536091016,TRUE,157
P. falciparum,model5,12004,Rio Branco,AC,2016,3,159,468316,0.6405931038017065,0.2926031121986677,0.34798999160303884,0,3.742131381374964,TRUE,157
P. falciparum,model5,12005,Brasiléia,AC,2016,1,157,66106,0,0.01854145739504434,-0.01854145739504434,0,1.5127219919523192,TRUE,157
P. falciparum,model5,12005,Brasiléia,AC,2016,2,158,66106,0,0.010714414930979318,-0.010714414930979318,0,1.5127219919523192,TRUE,157
P. falciparum,model5,12005,Brasiléia,AC,2016,3,159,66106,0,0.007808843238859304,-0.007808843238859304,0,1.5127219919523192,TRUE,157
P. falciparum,model5,13001,Rio Negro,AM,2016,1,157,112645,53.264681077722045,42.07648770759968,11.188193370122363,8.877446846287008,371.76528030538395,TRUE,157
P. falciparum,model5,13001,Rio Negro,AM,2016,2,158,112645,51.489191708464645,35.43880190036323,16.050389808101414,5.748146832970839,317.4353056061076,TRUE,157
P. falciparum,model5,13001,Rio Negro,AM,2016,3,159,112645,82.56025567046918,39.251834212910005,43.30842145755917,8.877446846287008,319.7656354032579,TRUE,157
P. falciparum,model5,13002,Japurá,AM,2016,1,157,23137,8.644163028914726,15.585226149171191,-6.941063120256466,0,155.59493452046505,TRUE,157
P. falciparum,model5,13002,Japurá,AM,2016,2,158,23137,0,12.371733504247393,-12.371733504247393,0,108.26814193715674,TRUE,157
P. falciparum,model5,13002,Japurá,AM,2016,3,159,23137,0,15.589494675008348,-15.589494675008348,0,164.45520162510246,TRUE,157
P. falciparum,model5,13003,Alto Solimões,AM,2016,1,157,248118,29.42148493861792,24.49626635254993,4.925218586067988,7.849087933966903,252.9945429190945,TRUE,157
P. falciparum,model5,13003,Alto Solimões,AM,2016,2,158,248118,37.885199783973754,32.310425154566964,5.5747746294067895,7.043019853456824,348.9065686487878,TRUE,157
P. falciparum,model5,13003,Alto Solimões,AM,2016,3,159,248118,31.436655139893112,40.88736699971294,-9.450711859819826,9.249631223853168,429.4831491467761,TRUE,157
P. falciparum,model5,13004,Juruá,AM,2016,1,157,147121,27.86821731771807,48.93611656749589,-21.067899249777817,12.557690608410764,444.05625301622456,TRUE,157
P. falciparum,model5,13004,Juruá,AM,2016,2,158,147121,42.14218228532976,43.979726567800085,-1.8375442824703256,12.557690608410764,391.9053024381285,TRUE,157
P. falciparum,model5,13004,Juruá,AM,2016,3,159,147121,26.508792082707433,52.18580413705531,-25.677012054347873,14.273964967611693,512.996105246701,TRUE,157
P. falciparum,model5,13005,Tefé,AM,2016,1,157,91235,23.017482325861785,22.62535029503698,0.3921320308248042,4.904915876582454,185.04411684112426,TRUE,157
P. falciparum,model5,13005,Tefé,AM,2016,2,158,91235,7.6724941086205956,19.346820748136995,-11.6743266395164,2.1921411738915983,167.23296980325526,TRUE,157
P. falciparum,model5,13005,Tefé,AM,2016,3,159,91235,17.537129391132787,23.733028978844807,-6.19589958771202,2.712774702690855,187.5924809557734,TRUE,157
P. falciparum,model5,13006,Coari,AM,2016,1,157,174835,0.5719678554065262,0.122253663744977,0.4497141916615492,0,1.7159035662195785,TRUE,157
P. falciparum,model5,13006,Coari,AM,2016,2,158,174835,0.5719678554065262,0.12691433079042772,0.4450535246160985,0,2.2878714216261047,TRUE,157
P. falciparum,model5,13006,Coari,AM,2016,3,159,174835,0,0.15212727237841456,-0.15212727237841456,0,2.2878714216261047,TRUE,157
P. falciparum,model5,13007,Manaus,AM,2016,1,157,2369017,0.2110580042270697,0.22804339258875964,-0.016985388361689946,0,1.921683128487469,TRUE,157
P. falciparum,model5,13007,Manaus,AM,2016,2,158,2369017,0.37990440760872546,0.16783283974175695,0.2120715678669685,0,1.4995671200333294,TRUE,157
P. falciparum,model5,13007,Manaus,AM,2016,3,159,2369017,0.37990440760872546,0.17469949151930678,0.20520491608941868,0,1.7549473051480815,TRUE,157
P. falciparum,model5,13008,Rio Preto da Eva,AM,2016,1,157,64977,0,0.36911422167626856,-0.36911422167626856,0,6.156024439417024,TRUE,157
P. falciparum,model5,13008,Rio Preto da Eva,AM,2016,2,158,64977,0,0.23705491023454098,-0.23705491023454098,0,3.885990427381962,TRUE,157
P. falciparum,model5,13008,Rio Preto da Eva,AM,2016,3,159,64977,0,0.2208272473129058,-0.2208272473129058,0,3.885990427381962,TRUE,157
P. falciparum,model5,13009,Itacoatiara,AM,2016,1,157,174140,0.5742506029631331,0.03339030869477174,0.5408602942683614,0,0.5742506029631331,TRUE,157
P. falciparum,model5,13009,Itacoatiara,AM,2016,2,158,174140,0,0.02405903875195069,-0.02405903875195069,0,0.5742506029631331,TRUE,157
P. falciparum,model5,13009,Itacoatiara,AM,2016,3,159,174140,0,0.023489639265850074,-0.023489639265850074,0,0.5742506029631331,TRUE,157
P. falciparum,model5,13010,Parintins,AM,2016,1,157,273814,0.3652114208915541,0.4284364791634443,-0.06322505827189018,0,5.478171313373312,TRUE,157
P. falciparum,model5,13010,Parintins,AM,2016,2,158,273814,0.7304228417831082,0.32194340646837794,0.4084794353147303,0,4.574273046666708,TRUE,157
P. falciparum,model5,13010,Parintins,AM,2016,3,159,273814,0.7304228417831082,0.270081124050205,0.4603417177329032,0,3.1134273631004907,TRUE,157
P. falciparum,model5,13011,Boca do Acre,AM,2016,1,157,53328,30.003000300030006,30.04761630170537,-0.04461600167536517,3.750375037503751,330.12676267626756,TRUE,157
P. falciparum,model5,13011,Boca do Acre,AM,2016,2,158,53328,41.254125412541256,21.452095005139007,19.80203040740225,1.8751875187518754,232.61701170117001,TRUE,157
P. falciparum,model5,13011,Boca do Acre,AM,2016,3,159,53328,18.75187518751875,23.49721499792172,-4.745339810402971,0.8907140714071434,237.25810081008098,TRUE,157
P. falciparum,model5,13012,Purus,AM,2016,1,157,77422,12.91622536230012,29.513352556531224,-16.597127194231106,3.81028648187854,288.8390896644363,TRUE,157
P. falciparum,model5,13012,Purus,AM,2016,2,158,77422,11.62460282607011,31.394169076776485,-19.769566250706376,3.8748676086900367,300.30223967347723,TRUE,157
P. falciparum,model5,13012,Purus,AM,2016,3,159,77422,7.749735217380073,38.20671104097456,-30.456975823594487,7.749735217380073,368.91968691069707,TRUE,157
P. falciparum,model5,13013,Madeira,AM,2016,1,157,191878,10.423289798726275,2.7819086948343865,7.641381103891888,0,25.810671364095924,TRUE,157
P. falciparum,model5,13013,Madeira,AM,2016,2,158,191878,11.465618778598902,2.7499932543046426,8.715625524294259,0,26.33183585403224,TRUE,157
P. falciparum,model5,13013,Madeira,AM,2016,3,159,191878,9.90212530878996,3.1224310237478337,6.779694285042127,0,31.269869396178823,TRUE,157
P. falciparum,model5,14001,Boa Vista,RR,2016,1,157,365901,17.764367957452972,10.330672873980431,7.433695083472541,2.316200283683292,95.27850429487755,TRUE,157
P. falciparum,model5,14001,Boa Vista,RR,2016,2,158,365901,31.42926638626295,8.070306573923189,23.358959812339762,1.496306377954693,79.81667172267908,TRUE,157
P. falciparum,model5,14001,Boa Vista,RR,2016,3,159,365901,52.746507935206516,7.802173965459263,44.944333969747255,1.6397878114571975,71.78171144653865,TRUE,157
P. falciparum,model5,14002,Nordeste de Roraima,RR,2016,1,157,48362,6.203217402092553,2.464586050818198,3.7386313512743548,0,28.94834787643191,TRUE,157
P. falciparum,model5,14002,Nordeste de Roraima,RR,2016,2,158,48362,2.0677391340308504,2.1394767994414527,-0.07173766541060234,0,27.96617178776721,TRUE,157
P. falciparum,model5,14002,Nordeste de Roraima,RR,2016,3,159,48362,2.0677391340308504,1.9955961590850766,0.07214297494577382,0,22.745130474339355,TRUE,157
P. falciparum,model5,14003,Caracaraí,RR,2016,1,157,47747,10.471862106519781,4.5117959062626,5.960066200257181,0,48.170565689990994,TRUE,157
P. falciparum,model5,14003,Caracaraí,RR,2016,2,158,47747,2.0943724213039565,3.9275785919161814,-1.833206170612225,0,52.359310532598904,TRUE,157
P. falciparum,model5,14003,Caracaraí,RR,2016,3,159,47747,16.754979370431652,4.285821410602207,12.469157959829445,0,53.458856053783435,TRUE,157
P. falciparum,model5,14004,Sudeste de Roraima,RR,2016,1,157,52219,7.660047109289723,9.897918359706356,-2.2378712504166334,0,106.33102893582792,TRUE,157
P. falciparum,model5,14004,Sudeste de Roraima,RR,2016,2,158,52219,3.8300235546448613,7.533996310129318,-3.7039727554844566,0,80.62199582527415,TRUE,157
P. falciparum,model5,14004,Sudeste de Roraima,RR,2016,3,159,52219,9.575058886612153,6.7030298099271555,2.8720290766849974,0,70.85543576092994,TRUE,157
P. falciparum,model5,15001,Óbidos,PA,2016,1,157,201119,0,0.05618974389061024,-0.05618974389061024,0,0.9944361298534699,TRUE,157
P. falciparum,model5,15001,Óbidos,PA,2016,2,158,201119,0,0.03934140933933889,-0.03934140933933889,0,0.9944361298534699,TRUE,157
P. falciparum,model5,15001,Óbidos,PA,2016,3,159,201119,0,0.038880540483232,-0.038880540483232,0,0.9944361298534699,TRUE,157
P. falciparum,model5,15002,Santarém,PA,2016,1,157,510742,0.978967854611526,0.8777844931533229,0.10118336145820317,0,9.11908556570635,TRUE,157
P. falciparum,model5,15002,Santarém,PA,2016,2,158,510742,1.5663485673784414,0.7934724408557441,0.7728761265226973,0,8.047115764906724,TRUE,157
P. falciparum,model5,15002,Santarém,PA,2016,3,159,510742,2.1537292801453574,0.7223705475822464,1.431358732563111,0,6.0891800556836735,TRUE,157
P. falciparum,model5,15003,Almeirim,PA,2016,1,157,72528,2.757555702625193,0.5614831830491629,2.1960725195760302,0,8.996525479814661,TRUE,157
P. falciparum,model5,15003,Almeirim,PA,2016,2,158,72528,5.515111405250386,0.45536700101698746,5.059744404233399,0,6.893889256562983,TRUE,157
P. falciparum,model5,15003,Almeirim,PA,2016,3,159,72528,6.893889256562983,0.3561898802742512,6.537699376288732,0,5.515111405250386,FALSE,157
P. falciparum,model5,15004,Portel,PA,2016,1,157,147088,0,0.040767242650536425,-0.040767242650536425,0,0.6798651147612313,TRUE,157
P. falciparum,model5,15004,Portel,PA,2016,2,158,147088,0,0.05040747821559567,-0.05040747821559567,0,0.6798651147612313,TRUE,157
P. falciparum,model5,15004,Portel,PA,2016,3,159,147088,0,0.05954265185478875,-0.05954265185478875,0,1.3597302295224627,TRUE,157
P. falciparum,model5,15005,Furos de Breves,PA,2016,1,157,223291,28.214303308239025,20.210208395221546,8.004094913017479,5.821999095350909,157.22756403079367,TRUE,157
P. falciparum,model5,15005,Furos de Breves,PA,2016,2,158,223291,18.361689454568253,19.893573121703902,-1.5318836671356486,4.69118773260006,165.29998969954002,TRUE,157
P. falciparum,model5,15005,Furos de Breves,PA,2016,3,159,223291,8.061229516639722,18.373793107826014,-10.312563591186292,4.478460842577623,153.70077611726396,TRUE,157
P. falciparum,model5,15006,Arari,PA,2016,1,157,170786,0,1.595014018592095,-1.595014018592095,0,15.223730282341643,TRUE,157
P. falciparum,model5,15006,Arari,PA,2016,2,158,170786,0.585528087782371,2.3997949222876116,-1.8142668345052406,0,28.412750459639536,TRUE,157
P. falciparum,model5,15006,Arari,PA,2016,3,159,170786,1.171056175564742,3.0521874274898937,-1.8811312519251517,0,32.511447074116134,TRUE,157
P. falciparum,model5,15007,Belém,PA,2016,1,157,2280761,0,0.04143707474039675,-0.04143707474039675,0,0.5699851935384725,TRUE,157
P. falciparum,model5,15007,Belém,PA,2016,2,158,2280761,0.08769002977514961,0.03737738748458302,0.050312642290566596,0,0.5075060473236754,TRUE,157
P. falciparum,model5,15007,Belém,PA,2016,3,159,2280761,0,0.032800927027070534,-0.032800927027070534,0,0.39460513398817326,TRUE,157
P. falciparum,model5,15008,Castanhal,PA,2016,1,157,329626,0,0.002885875961925209,-0.002885875961925209,0,0.30337412704094946,TRUE,157
P. falciparum,model5,15008,Castanhal,PA,2016,2,158,329626,0,0.0020305166992230783,-0.0020305166992230783,0,0.30337412704094946,TRUE,157
P. falciparum,model5,15008,Castanhal,PA,2016,3,159,329626,0,0.001514792288712594,-0.001514792288712594,0,0.30337412704094946,TRUE,157
P. falciparum,model5,15009,Salgado,PA,2016,1,157,262427,0,0.017043110618204235,-0.017043110618204235,0,0.38105835146535993,TRUE,157
P. falciparum,model5,15009,Salgado,PA,2016,2,158,262427,0,0.010011340355570258,-0.010011340355570258,0,0.38105835146535993,TRUE,157
P. falciparum,model5,15009,Salgado,PA,2016,3,159,262427,0,0.007162018083667818,-0.007162018083667818,0,0.38105835146535993,TRUE,157
P. falciparum,model5,15010,Bragantina,PA,2016,1,157,409039,0,0.01490802936893825,-0.01490802936893825,0,0.24447546566464323,TRUE,157
P. falciparum,model5,15010,Bragantina,PA,2016,2,158,409039,0,0.013379246972165703,-0.013379246972165703,0,0.24447546566464323,TRUE,157
P. falciparum,model5,15010,Bragantina,PA,2016,3,159,409039,0,0.014016405754929677,-0.014016405754929677,0,0.24447546566464323,TRUE,157
P. falciparum,model5,15011,Cametá,PA,2016,1,157,478943,0.2087931131679553,0.023797154489558398,0.18499595867839688,0,0.4175862263359106,TRUE,157
P. falciparum,model5,15011,Cametá,PA,2016,2,158,478943,0,0.023413756525975785,-0.023413756525975785,0,0.5272026107490824,TRUE,157
P. falciparum,model5,15011,Cametá,PA,2016,3,159,478943,0,0.01865505047776542,-0.01865505047776542,0,0.4175862263359106,TRUE,157
P. falciparum,model5,15012,Tomé-Açu,PA,2016,1,157,325988,0,0.030894575250223513,-0.030894575250223513,0,0.6135195160558057,TRUE,157
P. falciparum,model5,15012,Tomé-Açu,PA,2016,2,158,325988,0,0.021073965911063107,-0.021073965911063107,0,0.6135195160558057,TRUE,157
P. falciparum,model5,15012,Tomé-Açu,PA,2016,3,159,325988,0,0.017279717134606427,-0.017279717134606427,0,0.30675975802790284,TRUE,157
P. falciparum,model5,15013,Guamá,PA,2016,1,157,465819,0,0.02371657586961783,-0.02371657586961783,0,0.4293513145663874,TRUE,157
P. falciparum,model5,15013,Guamá,PA,2016,2,158,465819,0,0.024787600099323043,-0.024787600099323043,0,0.4293513145663874,TRUE,157
P. falciparum,model5,15013,Guamá,PA,2016,3,159,465819,0,0.024378581495799908,-0.024378581495799908,0,0.4293513145663874,TRUE,157
P. falciparum,model5,15014,Itaituba,PA,2016,1,157,214640,31.680954155795753,18.521844561650912,13.15910959414484,5.124860231084607,148.12010808796106,TRUE,157
P. falciparum,model5,15014,Itaituba,PA,2016,2,158,214640,34.010436079016024,16.3318591056774,17.678576973338625,3.948471859858368,110.38250093179259,TRUE,157
P. falciparum,model5,15014,Itaituba,PA,2016,3,159,214640,33.54453969437197,13.865394088234844,19.679145606137126,2.0848863212821476,111.66371598956385,TRUE,157
P. falciparum,model5,15015,Altamira,PA,2016,1,157,297477,0,0.21621458804753732,-0.21621458804753732,0,2.8657677736429967,TRUE,157
P. falciparum,model5,15015,Altamira,PA,2016,2,158,297477,0.3361604426560709,0.16869457727281817,0.16746586538325275,0,2.3531230985924965,TRUE,157
P. falciparum,model5,15015,Altamira,PA,2016,3,159,297477,0.6723208853121418,0.1169302226263294,0.5553906626858125,0,1.3446417706242837,TRUE,157
P. falciparum,model5,15016,Tucuruí,PA,2016,1,157,368588,0,0.083779148598709,-0.083779148598709,0,1.0852225248787264,TRUE,157
P. falciparum,model5,15016,Tucuruí,PA,2016,2,158,368588,0.2713056312196816,0.06610134378824241,0.2052042874314392,0,0.8139168936590448,TRUE,157
P. falciparum,model5,15016,Tucuruí,PA,2016,3,159,368588,0.5426112624393632,0.04826423019293517,0.494347032246428,0,0.8139168936590448,TRUE,157
P. falciparum,model5,15017,Paragominas,PA,2016,1,157,334228,0,0.05140930119224236,-0.05140930119224236,0,0.8975908661153464,TRUE,157
P. falciparum,model5,15017,Paragominas,PA,2016,2,158,334228,0,0.04624625711690745,-0.04624625711690745,0,0.8975908661153464,TRUE,157
P. falciparum,model5,15017,Paragominas,PA,2016,3,159,334228,0,0.03736506930502384,-0.03736506930502384,0,0.5983939107435643,TRUE,157
P. falciparum,model5,15018,São Félix do Xingu,PA,2016,1,157,205857,0.971548210651083,0.1667980521249028,0.8047501585261801,0,2.4288705266277075,TRUE,157
P. falciparum,model5,15018,São Félix do Xingu,PA,2016,2,158,205857,0.4857741053255415,0.15035675851425406,0.33541734681128743,0,2.4288705266277075,TRUE,157
P. falciparum,model5,15018,São Félix do Xingu,PA,2016,3,159,205857,0,0.1257325294087052,-0.1257325294087052,0,1.7123537212725228,TRUE,157
P. falciparum,model5,15019,Parauapebas,PA,2016,1,157,307967,0,0.06659134781977782,-0.06659134781977782,0,1.298840460179175,TRUE,157
P. falciparum,model5,15019,Parauapebas,PA,2016,2,158,307967,0,0.058818785424095854,-0.058818785424095854,0,1.1446031555328906,TRUE,157
P. falciparum,model5,15019,Parauapebas,PA,2016,3,159,307967,0,0.050895940375774,-0.050895940375774,0,0.6494202300895875,TRUE,157
P. falciparum,model5,15020,Marabá,PA,2016,1,157,319770,0,0.03137457685336388,-0.03137457685336388,0,0.6254495418582106,TRUE,157
P. falciparum,model5,15020,Marabá,PA,2016,2,158,319770,0.3127247709291053,0.02690763275816968,0.28581713817093557,0,0.6254495418582106,TRUE,157
P. falciparum,model5,15020,Marabá,PA,2016,3,159,319770,0,0.022961619781799017,-0.022961619781799017,0,0.6254495418582106,TRUE,157
P. falciparum,model5,15021,Redenção,PA,2016,1,157,190717,0,0.0490944203609384,-0.0490944203609384,0,1.0486742136254241,TRUE,157
P. falciparum,model5,15021,Redenção,PA,2016,2,158,190717,0,0.05418427668652723,-0.05418427668652723,0,1.0486742136254241,TRUE,157
P. falciparum,model5,15021,Redenção,PA,2016,3,159,190717,0,0.054959276232078864,-0.054959276232078864,0,1.323951194702086,TRUE,157
P. falciparum,model5,15022,Conceição do Araguaia,PA,2016,1,157,155323,0,0.007590611024043883,-0.007590611024043883,0,0.6438196532387348,TRUE,157
P. falciparum,model5,15022,Conceição do Araguaia,PA,2016,2,158,155323,0,0.00947382276892216,-0.00947382276892216,0,0.6438196532387348,TRUE,157
P. falciparum,model5,15022,Conceição do Araguaia,PA,2016,3,159,155323,0,0.008826608146914631,-0.008826608146914631,0,0.6438196532387348,TRUE,157
P. falciparum,model5,16001,Oiapoque,AP,2016,1,157,35237,28.379260436473025,20.820993722232018,7.558266714241007,0,161.76178448789625,TRUE,157
P. falciparum,model5,16001,Oiapoque,AP,2016,2,158,35237,42.56889065470954,13.329731276640493,29.239159378069047,0,123.66262735193101,TRUE,157
P. falciparum,model5,16001,Oiapoque,AP,2016,3,159,35237,39.730964611062234,12.636712909650436,27.0942517014118,0,115.00695291880686,TRUE,157
P. falciparum,model5,16002,Amapá,AP,2016,1,157,29010,0,2.172656847319071,-2.172656847319071,0,22.492244053774485,TRUE,157
P. falciparum,model5,16002,Amapá,AP,2016,2,158,29010,0,1.7481532720412645,-1.7481532720412645,0,20.682523267838675,TRUE,157
P. falciparum,model5,16002,Amapá,AP,2016,3,159,29010,0,1.1456016468240182,-1.1456016468240182,0,13.788348845225784,TRUE,157
P. falciparum,model5,16003,Macapá,AP,2016,1,157,636748,6.910112006633707,4.537270216559772,2.3728417900739345,0.4711440004522982,43.70645844195816,TRUE,157
P. falciparum,model5,16003,Macapá,AP,2016,2,158,636748,13.034984012513583,4.333188323546506,8.701795688967078,0.5457418005239123,45.53214144371079,TRUE,157
P. falciparum,model5,16003,Macapá,AP,2016,3,159,636748,4.39734400422145,2.864334565968126,1.5330094382533241,0.3140960003015322,28.04484662692304,TRUE,157
P. falciparum,model5,16004,Mazagão,AP,2016,1,157,81300,61.50061500615006,17.367443316980324,44.13317168916974,1.2300123001230012,175.3075030750307,TRUE,157
P. falciparum,model5,16004,Mazagão,AP,2016,2,158,81300,152.52152521525215,16.48157920387446,136.0399460113777,2.4600246002460024,157.62607626076243,TRUE,157
P. falciparum,model5,16004,Mazagão,AP,2016,3,159,81300,63.960639606396064,14.302318135682595,49.65832147071347,1.2300123001230012,149.78474784747817,TRUE,157
P. falciparum,model5,17001,Bico do Papagaio,TO,2016,1,157,212579,0,0.011969131526262422,-0.011969131526262422,0,0.4704133522125892,TRUE,157
P. falciparum,model5,17001,Bico do Papagaio,TO,2016,2,158,212579,0,0.010862572769903761,-0.010862572769903761,0,0.4704133522125892,TRUE,157
P. falciparum,model5,17001,Bico do Papagaio,TO,2016,3,159,212579,0,0.01050875733306323,-0.01050875733306323,0,0.4704133522125892,TRUE,157
P. falciparum,model5,17002,Araguaína,TO,2016,1,157,310729,0,0.002638448359939122,-0.002638448359939122,0,0.32182384006642445,TRUE,157
P. falciparum,model5,17002,Araguaína,TO,2016,2,158,310729,0,0.002473414796281639,-0.002473414796281639,0,0.32182384006642445,TRUE,157
P. falciparum,model5,17002,Araguaína,TO,2016,3,159,310729,0.32182384006642445,0.0020862062628219705,0.3197376338036025,0,0.32182384006642445,TRUE,157
P. falciparum,model5,17003,Miracema do Tocantins,TO,2016,1,157,149097,0,0.0010148294831996039,-0.0010148294831996039,0,0,TRUE,157
P. falciparum,model5,17003,Miracema do Tocantins,TO,2016,2,158,149097,0,0.0011231054521989696,-0.0011231054521989696,0,0,TRUE,157
P. falciparum,model5,17003,Miracema do Tocantins,TO,2016,3,159,149097,0.6707043065923526,0.001079235463918301,0.6696250711284343,0,0,FALSE,157
P. falciparum,model5,17004,Rio Formoso,TO,2016,1,157,125805,0,9.06008380202491e-4,-9.06008380202491e-4,0,0,TRUE,157
P. falciparum,model5,17004,Rio Formoso,TO,2016,2,158,125805,0,8.222570038781633e-4,-8.222570038781633e-4,0,0,TRUE,157
P. falciparum,model5,17004,Rio Formoso,TO,2016,3,159,125805,0,7.764037914720607e-4,-7.764037914720607e-4,0,0,TRUE,157
P. falciparum,model5,17005,Gurupi,TO,2016,1,157,148490,0,4.43338101216725e-4,-4.43338101216725e-4,0,0,TRUE,157
P. falciparum,model5,17005,Gurupi,TO,2016,2,158,148490,0,3.7315494217092976e-4,-3.7315494217092976e-4,0,0,TRUE,157
P. falciparum,model5,17005,Gurupi,TO,2016,3,159,148490,0,3.0319546183578996e-4,-3.0319546183578996e-4,0,0,TRUE,157
P. falciparum,model5,17006,Porto Nacional,TO,2016,1,157,383420,0,0.00632184526080592,-0.00632184526080592,0,0.2608105993427573,TRUE,157
P. falciparum,model5,17006,Porto Nacional,TO,2016,2,158,383420,0,0.005883661042930081,-0.005883661042930081,0,0.2608105993427573,TRUE,157
P. falciparum,model5,17006,Porto Nacional,TO,2016,3,159,383420,0.2608105993427573,0.004946519538333337,0.25586407980442394,0,0.2608105993427573,TRUE,157
P. falciparum,model5,17007,Jalapão,TO,2016,1,157,78618,0,2.853228587006371e-4,-2.853228587006371e-4,0,0,TRUE,157
P. falciparum,model5,17007,Jalapão,TO,2016,2,158,78618,0,2.022820585031976e-5,-2.022820585031976e-5,0,0,TRUE,157
P. falciparum,model5,17007,Jalapão,TO,2016,3,159,78618,0,1.7718258973169293e-5,-1.7718258973169293e-5,0,0,TRUE,157
P. falciparum,model5,17008,Dianópolis,TO,2016,1,157,124164,0,3.014814863012086e-6,-3.014814863012086e-6,0,0,TRUE,157
P. falciparum,model5,17008,Dianópolis,TO,2016,2,158,124164,0,2.916272023666838e-6,-2.916272023666838e-6,0,0,TRUE,157
P. falciparum,model5,17008,Dianópolis,TO,2016,3,159,124164,0,2.6455495077572526e-6,-2.6455495077572526e-6,0,0,TRUE,157
P. falciparum,model5,21001,Litoral Ocidental Maranhense,MA,2016,1,157,187688,0,6.669884366098641e-4,-6.669884366098641e-4,0,0,TRUE,157
P. falciparum,model5,21001,Litoral Ocidental Maranhense,MA,2016,2,158,187688,0,5.977589178728079e-4,-5.977589178728079e-4,0,0,TRUE,157
P. falciparum,model5,21001,Litoral Ocidental Maranhense,MA,2016,3,159,187688,0.5327991134222753,6.046839539196426e-4,0.5321944294683556,0,0,FALSE,157
P. falciparum,model5,21002,Aglomeração Urbana de São Luís,MA,2016,1,157,1409162,0,0.008368963714425004,-0.008368963714425004,0,0.14192832335813768,TRUE,157
P. falciparum,model5,21002,Aglomeração Urbana de São Luís,MA,2016,2,158,1409162,0,0.007814078098488803,-0.007814078098488803,0,0.14192832335813768,TRUE,157
P. falciparum,model5,21002,Aglomeração Urbana de São Luís,MA,2016,3,159,1409162,0.07096416167906884,0.007110020215306075,0.06385414146376277,0,0.14192832335813768,TRUE,157
P. falciparum,model5,21003,Rosário,MA,2016,1,157,174476,0,0.004340770318180846,-0.004340770318180846,0,0.5731447305073477,TRUE,157
P. falciparum,model5,21003,Rosário,MA,2016,2,158,174476,0,0.003072544476003344,-0.003072544476003344,0,0.5731447305073477,TRUE,157
P. falciparum,model5,21003,Rosário,MA,2016,3,159,174476,0,0.0023816906987719614,-0.0023816906987719614,0,0.5731447305073477,TRUE,157
P. falciparum,model5,21004,Lençóis Maranhenses,MA,2016,1,157,194298,0,6.871388962755309e-4,-6.871388962755309e-4,0,0,TRUE,157
P. falciparum,model5,21004,Lençóis Maranhenses,MA,2016,2,158,194298,0,4.912671537105111e-4,-4.912671537105111e-4,0,0,TRUE,157
P. falciparum,model5,21004,Lençóis Maranhenses,MA,2016,3,159,194298,0,3.989616841265368e-4,-3.989616841265368e-4,0,0,TRUE,157
P. falciparum,model5,21005,Baixada Maranhense,MA,2016,1,157,595044,0.33610959861791734,0.08409057536276554,0.2520190232551518,0,1.008328795853752,TRUE,157
P. falciparum,model5,21005,Baixada Maranhense,MA,2016,2,158,595044,0.16805479930895867,0.06989822018997906,0.09815657911897961,0,1.008328795853752,TRUE,157
P. falciparum,model5,21005,Baixada Maranhense,MA,2016,3,159,595044,0.16805479930895867,0.06617297458640324,0.10188182472255543,0,0.6722191972358347,TRUE,157
P. falciparum,model5,21006,Itapecuru Mirim,MA,2016,1,157,232934,0,0.0012469413131729113,-0.0012469413131729113,0,0,TRUE,157
P. falciparum,model5,21006,Itapecuru Mirim,MA,2016,2,158,232934,0,0.0012735310497893704,-0.0012735310497893704,0,0.429306155391656,TRUE,157
P. falciparum,model5,21006,Itapecuru Mirim,MA,2016,3,159,232934,0,0.0014485654801315996,-0.0014485654801315996,0,0.429306155391656,TRUE,157
P. falciparum,model5,21007,Gurupi,MA,2016,1,157,238005,0.42015924035209345,0.12619479647011303,0.2939644438819804,0,2.5209554421125606,TRUE,157
P. falciparum,model5,21007,Gurupi,MA,2016,2,158,238005,1.2604777210562803,0.13321902441512498,1.1272586966411553,0,2.100796201760467,TRUE,157
P. falciparum,model5,21007,Gurupi,MA,2016,3,159,238005,0,0.15693584647514522,-0.15693584647514522,0,2.5209554421125606,TRUE,157
P. falciparum,model5,21008,Pindaré,MA,2016,1,157,654404,0.305621603779928,0.24307325723469123,0.06254834654523675,0,2.0667660955617597,TRUE,157
P. falciparum,model5,21008,Pindaré,MA,2016,2,158,654404,0.7640540094498199,0.2327254015140277,0.5313286079357922,0,2.2195768974517236,TRUE,157
P. falciparum,model5,21008,Pindaré,MA,2016,3,159,654404,0.611243207559856,0.22625297530048913,0.3849902322593668,0,2.2195768974517236,TRUE,157
P. falciparum,model5,21009,Imperatriz,MA,2016,1,157,589439,0,0.04224463162914191,-0.04224463162914191,0,0.6786113575789862,TRUE,157
P. falciparum,model5,21009,Imperatriz,MA,2016,2,158,589439,0.16965283939474654,0.0354719073345652,0.13418093206018133,0,0.50895851818423965,TRUE,157
P. falciparum,model5,21009,Imperatriz,MA,2016,3,159,589439,0,0.031640250487663654,-0.031640250487663654,0,0.5980262588664778,TRUE,157
P. falciparum,model5,21010,Médio Mearim,MA,2016,1,157,416384,0.2401629265293575,0.056548267986564676,0.18361465854279282,0,0.96065170611743,TRUE,157
P. falciparum,model5,21010,Médio Mearim,MA,2016,2,158,416384,0.7204887795880726,0.06424303866455672,0.6562457409235158,0,1.0867372425453372,TRUE,157
P. falciparum,model5,21010,Médio Mearim,MA,2016,3,159,416384,0.2401629265293575,0.08424628175521215,0.15591664477414535,0,1.5670630956040523,TRUE,157
P. falciparum,model5,21011,Alto Mearim e Grajaú,MA,2016,1,157,330611,0,0.15924053305166772,-0.15924053305166772,0,2.117291923136254,TRUE,157
P. falciparum,model5,21011,Alto Mearim e Grajaú,MA,2016,2,158,330611,0,0.14675267302731493,-0.14675267302731493,0,1.8148216484025033,TRUE,157
P. falciparum,model5,21011,Alto Mearim e Grajaú,MA,2016,3,159,330611,0,0.12752439914076968,-0.12752439914076968,0,1.5123513736687526,TRUE,157
P. falciparum,model5,21012,Presidente Dutra,MA,2016,1,157,195820,0.5106730671024411,0.03408335203736026,0.47658971506508085,0,0.5106730671024411,TRUE,157
P. falciparum,model5,21012,Presidente Dutra,MA,2016,2,158,195820,0.5106730671024411,0.03999478287873403,0.47067828422370706,0,1.0213461342048822,TRUE,157
P. falciparum,model5,21012,Presidente Dutra,MA,2016,3,159,195820,0,0.050950303055246254,-0.050950303055246254,0,1.0213461342048822,TRUE,157
P. falciparum,model5,21013,Baixo Parnaíba Maranhense,MA,2016,1,157,143983,0,0.04360246090074785,-0.04360246090074785,0,1.3890528742976602,TRUE,157
P. falciparum,model5,21013,Baixo Parnaíba Maranhense,MA,2016,2,158,143983,0,0.03168379756917775,-0.03168379756917775,0,1.3890528742976602,TRUE,157
P. falciparum,model5,21013,Baixo Parnaíba Maranhense,MA,2016,3,159,143983,0,0.026308702718494274,-0.026308702718494274,0,0.6945264371488301,TRUE,157
P. falciparum,model5,21014,Chapadinha,MA,2016,1,157,240987,0,0.01288602565266014,-0.01288602565266014,0,0.41496014307825735,TRUE,157
P. falciparum,model5,21014,Chapadinha,MA,2016,2,158,240987,0,0.011241963712797027,-0.011241963712797027,0,0.41496014307825735,TRUE,157
P. falciparum,model5,21014,Chapadinha,MA,2016,3,159,240987,0,0.01009683847401349,-0.01009683847401349,0,0.41496014307825735,TRUE,157
P. falciparum,model5,21015,Codó,MA,2016,1,157,273399,0,0.015401122203389675,-0.015401122203389675,0,0.3657657855368893,TRUE,157
P. falciparum,model5,21015,Codó,MA,2016,2,158,273399,0,0.014716677706605539,-0.014716677706605539,0,0.3657657855368893,TRUE,157
P. falciparum,model5,21015,Codó,MA,2016,3,159,273399,0,0.015062727265956526,-0.015062727265956526,0,0.3657657855368893,TRUE,157
P. falciparum,model5,21016,Coelho Neto,MA,2016,1,157,92230,0,0.003226182506304678,-0.003226182506304678,0,1.0842459069717012,TRUE,157
P. falciparum,model5,21016,Coelho Neto,MA,2016,2,158,92230,0,0.002589002064381271,-0.002589002064381271,0,0,TRUE,157
P. falciparum,model5,21016,Coelho Neto,MA,2016,3,159,92230,0,0.0020903818276635064,-0.0020903818276635064,0,0,TRUE,157
P. falciparum,model5,21017,Caxias,MA,2016,1,157,437336,0,0.009106619792033713,-0.009106619792033713,0,0.22865714233449796,TRUE,157
P. falciparum,model5,21017,Caxias,MA,2016,2,158,437336,0.22865714233449796,0.010839724911735725,0.21781741742276223,0,0.22865714233449796,TRUE,157
P. falciparum,model5,21017,Caxias,MA,2016,3,159,437336,0.22865714233449796,0.013553458191807454,0.21510368414269052,0,0.3487021420601042,TRUE,157
P. falciparum,model5,21018,Chapadas do Alto Itapecuru,MA,2016,1,157,217425,0,0.05476739641179688,-0.05476739641179688,0,0.9198574220995746,TRUE,157
P. falciparum,model5,21018,Chapadas do Alto Itapecuru,MA,2016,2,158,217425,0,0.0666482392562747,-0.0666482392562747,0,0.9198574220995746,TRUE,157
P. falciparum,model5,21018,Chapadas do Alto Itapecuru,MA,2016,3,159,217425,0,0.08113096753708407,-0.08113096753708407,0,1.1613199954007025,TRUE,157
P. falciparum,model5,21019,Porto Franco,MA,2016,1,157,118414,0,0.00905797810344968,-0.00905797810344968,0,0.8444947387977773,TRUE,157
P. falciparum,model5,21019,Porto Franco,MA,2016,2,158,118414,0,0.00628243655035884,-0.00628243655035884,0,0.8444947387977773,TRUE,157
P. falciparum,model5,21019,Porto Franco,MA,2016,3,159,118414,0,0.0044480759518040576,-0.0044480759518040576,0,0.8444947387977773,TRUE,157
P. falciparum,model5,21020,Gerais de Balsas,MA,2016,1,157,140990,0,2.39049053941719e-4,-2.39049053941719e-4,0,0,TRUE,157
P. falciparum,model5,21020,Gerais de Balsas,MA,2016,2,158,140990,0,2.491895044816557e-4,-2.491895044816557e-4,0,0,TRUE,157
P. falciparum,model5,21020,Gerais de Balsas,MA,2016,3,159,140990,0,2.383166984754094e-4,-2.383166984754094e-4,0,0,TRUE,157
P. falciparum,model5,21021,Chapadas das Mangabeiras,MA,2016,1,157,71007,0,9.703151426943633e-5,-9.703151426943633e-5,0,0,TRUE,157
P. falciparum,model5,21021,Chapadas das Mangabeiras,MA,2016,2,158,71007,0,8.839503546926657e-5,-8.839503546926657e-5,0,0,TRUE,157
P. falciparum,model5,21021,Chapadas das Mangabeiras,MA,2016,3,159,71007,0,8.3608740750679e-5,-8.3608740750679e-5,0,0,TRUE,157
P. falciparum,model5,51001,Aripuanã,MT,2016,1,157,158779,0,0.1933947859626746,-0.1933947859626746,0,2.5192248345184187,TRUE,157
P. falciparum,model5,51001,Aripuanã,MT,2016,2,158,158779,0,0.1659750845831314,-0.1659750845831314,0,2.5192248345184187,TRUE,157
P. falciparum,model5,51001,Aripuanã,MT,2016,3,159,158779,0,0.15156586201525998,-0.15156586201525998,0,1.8894186258888142,TRUE,157
P. falciparum,model5,51002,Alta Floresta,MT,2016,1,157,103591,0,0.14283370477195162,-0.14283370477195162,0,2.8960044791535946,TRUE,157
P. falciparum,model5,51002,Alta Floresta,MT,2016,2,158,103591,0,0.1055959294848372,-0.1055959294848372,0,2.8960044791535946,TRUE,157
P. falciparum,model5,51002,Alta Floresta,MT,2016,3,159,103591,0,0.07518886414714664,-0.07518886414714664,0,1.9306696527690628,TRUE,157
P. falciparum,model5,51003,Colíder,MT,2016,1,157,150531,0,0.167105918420997,-0.167105918420997,0,2.6572599663856615,TRUE,157
P. falciparum,model5,51003,Colíder,MT,2016,2,158,150531,1.3286299831928308,0.14411330697182892,1.1845166762210018,0,2.6572599663856615,TRUE,157
P. falciparum,model5,51003,Colíder,MT,2016,3,159,150531,0,0.11246956037558185,-0.11246956037558185,0,1.992944974789246,TRUE,157
P. falciparum,model5,51004,Parecis,MT,2016,1,157,103492,0,0.00883950957732059,-0.00883950957732059,0,0.9662582615081359,TRUE,157
P. falciparum,model5,51004,Parecis,MT,2016,2,158,103492,0,0.012009926866974087,-0.012009926866974087,0,0.9662582615081359,TRUE,157
P. falciparum,model5,51004,Parecis,MT,2016,3,159,103492,0,0.01688479184030418,-0.01688479184030418,0,1.9325165230162717,TRUE,157
P. falciparum,model5,51005,Arinos,MT,2016,1,157,79669,0,0.007204716390363248,-0.007204716390363248,0,1.255193362537499,TRUE,157
P. falciparum,model5,51005,Arinos,MT,2016,2,158,79669,0,0.005357576048716457,-0.005357576048716457,0,1.255193362537499,TRUE,157
P. falciparum,model5,51005,Arinos,MT,2016,3,159,79669,0,0.004600395167596672,-0.004600395167596672,0,1.255193362537499,TRUE,157
P. falciparum,model5,51006,Alto Teles Pires,MT,2016,1,157,238340,0,0.10374814005841568,-0.10374814005841568,0,0.839137366786943,TRUE,157
P. falciparum,model5,51006,Alto Teles Pires,MT,2016,2,158,238340,0,0.07372775897367262,-0.07372775897367262,0,0.4195686833934715,TRUE,157
P. falciparum,model5,51006,Alto Teles Pires,MT,2016,3,159,238340,0,0.26665264536383143,-0.26665264536383143,0,0.4195686833934715,TRUE,157
P. falciparum,model5,51007,Sinop,MT,2016,1,157,194473,0,0.005049251511843475,-0.005049251511843475,0,0.5142101988450839,TRUE,157
P. falciparum,model5,51007,Sinop,MT,2016,2,158,194473,0,0.004795906849512336,-0.004795906849512336,0,0.5142101988450839,TRUE,157
P. falciparum,model5,51007,Sinop,MT,2016,3,159,194473,0,0.004006508826266914,-0.004006508826266914,0,0.5142101988450839,TRUE,157
P. falciparum,model5,51008,Paranatinga,MT,2016,1,157,35035,0,2.9589423697884746e-4,-2.9589423697884746e-4,0,0,TRUE,157
P. falciparum,model5,51008,Paranatinga,MT,2016,2,158,35035,0,2.832598271911517e-4,-2.832598271911517e-4,0,0,TRUE,157
P. falciparum,model5,51008,Paranatinga,MT,2016,3,159,35035,0,2.569316760416065e-4,-2.569316760416065e-4,0,0,TRUE,157
P. falciparum,model5,51009,Norte Araguaia,MT,2016,1,157,124904,0,3.4676619449396215e-4,-3.4676619449396215e-4,0,0,TRUE,157
P. falciparum,model5,51009,Norte Araguaia,MT,2016,2,158,124904,0,3.337722394338217e-4,-3.337722394338217e-4,0,0,TRUE,157
P. falciparum,model5,51009,Norte Araguaia,MT,2016,3,159,124904,0,2.6828984197817436e-4,-2.6828984197817436e-4,0,0,TRUE,157
P. falciparum,model5,51010,Canarana,MT,2016,1,157,109827,0,2.4512982966249655e-4,-2.4512982966249655e-4,0,0,TRUE,157
P. falciparum,model5,51010,Canarana,MT,2016,2,158,109827,0,2.3006369649496077e-4,-2.3006369649496077e-4,0,0,TRUE,157
P. falciparum,model5,51010,Canarana,MT,2016,3,159,109827,0,2.248946664146989e-4,-2.248946664146989e-4,0,0,TRUE,157
P. falciparum,model5,51011,Médio Araguaia,MT,2016,1,157,67282,0,5.4238515382041045e-6,-5.4238515382041045e-6,0,0,TRUE,157
P. falciparum,model5,51011,Médio Araguaia,MT,2016,2,158,67282,0,4.987374288558781e-6,-4.987374288558781e-6,0,0,TRUE,157
P. falciparum,model5,51011,Médio Araguaia,MT,2016,3,159,67282,0,4.55917336673825e-6,-4.55917336673825e-6,0,0,TRUE,157
P. falciparum,model5,51012,Alto Guaporé,MT,2016,1,157,72021,0,0.0029113503404129128,-0.0029113503404129128,0,0,TRUE,157
P. falciparum,model5,51012,Alto Guaporé,MT,2016,2,158,72021,0,0.0028403948378758204,-0.0028403948378758204,0,0,TRUE,157
P. falciparum,model5,51012,Alto Guaporé,MT,2016,3,159,72021,0,0.002796528686480297,-0.002796528686480297,0,0,TRUE,157
P. falciparum,model5,51013,Tangará da Serra,MT,2016,1,157,161588,0,0.015600044624469461,-0.015600044624469461,0,1.2377156719558384,TRUE,157
P. falciparum,model5,51013,Tangará da Serra,MT,2016,2,158,161588,0,0.014500318365088586,-0.014500318365088586,0,0.6188578359779192,TRUE,157
P. falciparum,model5,51013,Tangará da Serra,MT,2016,3,159,161588,0,0.014062333117456548,-0.014062333117456548,0,0.6188578359779192,TRUE,157
P. falciparum,model5,51014,Jauru,MT,2016,1,157,107801,0,0.002218836847316103,-0.002218836847316103,0,0,TRUE,157
P. falciparum,model5,51014,Jauru,MT,2016,2,158,107801,0,0.0017854097401202363,-0.0017854097401202363,0,0,TRUE,157
P. falciparum,model5,51014,Jauru,MT,2016,3,159,107801,0,0.0016972925219848158,-0.0016972925219848158,0,0,TRUE,157
P. falciparum,model5,51015,Alto Paraguai,MT,2016,1,157,32538,0,0.00291478870012781,-0.00291478870012781,0,0,TRUE,157
P. falciparum,model5,51015,Alto Paraguai,MT,2016,2,158,32538,0,0.002939747734351196,-0.002939747734351196,0,0,TRUE,157
P. falciparum,model5,51015,Alto Paraguai,MT,2016,3,159,32538,0,0.002796052491298068,-0.002796052491298068,0,0,TRUE,157
P. falciparum,model5,51016,Rosário Oeste,MT,2016,1,157,30278,0,0.0013474457685875966,-0.0013474457685875966,0,0,TRUE,157
P. falciparum,model5,51016,Rosário Oeste,MT,2016,2,158,30278,0,0.0011215919799789104,-0.0011215919799789104,0,0,TRUE,157
P. falciparum,model5,51016,Rosário Oeste,MT,2016,3,159,30278,0,9.940040766808864e-4,-9.940040766808864e-4,0,0,TRUE,157
P. falciparum,model5,51017,Cuiabá,MT,2016,1,157,906316,0,0.003463764674753371,-0.003463764674753371,0,0.1682636078365578,TRUE,157
P. falciparum,model5,51017,Cuiabá,MT,2016,2,158,906316,0.22067358404794796,0.012383002873546526,0.20829058117440144,0,0.11033679202397398,FALSE,157
P. falciparum,model5,51017,Cuiabá,MT,2016,3,159,906316,0.11033679202397398,0.010670458170676293,0.09966633385329768,0,0.11033679202397398,TRUE,157
P. falciparum,model5,51018,Alto Pantanal,MT,2016,1,157,136000,0,0.0016757306002616388,-0.0016757306002616388,0,0.3860294117646892,TRUE,157
P. falciparum,model5,51018,Alto Pantanal,MT,2016,2,158,136000,0,0.0012729092739477465,-0.0012729092739477465,0,0,TRUE,157
P. falciparum,model5,51018,Alto Pantanal,MT,2016,3,159,136000,0,9.765142974757408e-4,-9.765142974757408e-4,0,0,TRUE,157
P. falciparum,model5,51019,Primavera do Leste,MT,2016,1,157,97184,0,5.094582794008201e-4,-5.094582794008201e-4,0,0,TRUE,157
P. falciparum,model5,51019,Primavera do Leste,MT,2016,2,158,97184,0,4.4702290904547685e-4,-4.4702290904547685e-4,0,0,TRUE,157
P. falciparum,model5,51019,Primavera do Leste,MT,2016,3,159,97184,0,4.0092782837221244e-4,-4.0092782837221244e-4,0,0,TRUE,157
P. falciparum,model5,51020,Tesouro,MT,2016,1,157,54436,0,1.568772314603713e-4,-1.568772314603713e-4,0,0,TRUE,157
P. falciparum,model5,51020,Tesouro,MT,2016,2,158,54436,1.837019619369535,1.4789625423885236e-4,1.836871723115296,0,0,FALSE,157
P. falciparum,model5,51020,Tesouro,MT,2016,3,159,54436,0,1.278843539340391e-4,-1.278843539340391e-4,0,0,TRUE,157
P. falciparum,model5,51021,Rondonópolis,MT,2016,1,157,302259,0,4.6885172488603466e-4,-4.6885172488603466e-4,0,0,TRUE,157
P. falciparum,model5,51021,Rondonópolis,MT,2016,2,158,302259,0,3.7172733310807837e-4,-3.7172733310807837e-4,0,0,TRUE,157
P. falciparum,model5,51021,Rondonópolis,MT,2016,3,159,302259,0,2.775191033485385e-4,-2.775191033485385e-4,0,0,TRUE,157
P. falciparum,model5,51022,Alto Araguaia,MT,2016,1,157,39187,0,1.6210469795341595e-5,-1.6210469795341595e-5,0,0,TRUE,157
P. falciparum,model5,51022,Alto Araguaia,MT,2016,2,158,39187,0,1.584297267821456e-5,-1.584297267821456e-5,0,0,TRUE,157
P. falciparum,model5,51022,Alto Araguaia,MT,2016,3,159,39187,0,1.5775759955549455e-5,-1.5775759955549455e-5,0,0,TRUE,157
P. falciparum,model5,11001,Porto Velho,RO,2017,1,169,659874,13.487423356580194,6.104542626009407,7.382880730570787,0.9812479352118741,57.647369043180916,TRUE,169
P. falciparum,model5,11001,Porto Velho,RO,2017,2,170,659874,11.668894364681742,4.996953546380472,6.6719408183012705,0.7577204132910221,44.879780079227224,TRUE,169
P. falciparum,model5,11001,Porto Velho,RO,2017,3,171,659874,16.9729372577189,5.368497290776607,11.604439966942294,0.7577204132910221,47.255233574894554,TRUE,169
P. falciparum,model5,11002,Guajará-Mirim,RO,2017,1,169,84545,0,0.2110757391883639,-0.2110757391883639,0,3.5484061742267436,TRUE,169
P. falciparum,model5,11002,Guajará-Mirim,RO,2017,2,170,84545,0,0.1799176018583189,-0.1799176018583189,0,3.5484061742267436,TRUE,169
P. falciparum,model5,11002,Guajará-Mirim,RO,2017,3,171,84545,0,0.19340186280298027,-0.19340186280298027,0,3.5484061742267436,TRUE,169
P. falciparum,model5,11003,Ariquemes,RO,2017,1,169,204494,1.4670357076491243,0.590859503349499,0.8761762042996253,0,7.127348479661961,TRUE,169
P. falciparum,model5,11003,Ariquemes,RO,2017,2,170,204494,0.48901190254970806,0.47938829144595174,0.009623611103756313,0,5.146850274335666,TRUE,169
P. falciparum,model5,11003,Ariquemes,RO,2017,3,171,204494,0,0.47009860543094845,-0.47009860543094845,0,6.870617230823376,TRUE,169
P. falciparum,model5,11004,Ji-Paraná,RO,2017,1,169,317627,0,0.1587093445947304,-0.1587093445947304,0,2.2038428722998993,TRUE,169
P. falciparum,model5,11004,Ji-Paraná,RO,2017,2,170,317627,0,0.11232085743897208,-0.11232085743897208,0,1.889008176257056,TRUE,169
P. falciparum,model5,11004,Ji-Paraná,RO,2017,3,171,317627,0.6296693920856854,0.12577711972071406,0.5038922723649714,0,1.7394616956366986,TRUE,169
P. falciparum,model5,11005,Alvorada D'Oeste,RO,2017,1,169,75328,2.655055225148683,0.5971043938394076,2.0579508313092756,0,8.662117672047549,TRUE,169
P. falciparum,model5,11005,Alvorada D'Oeste,RO,2017,2,170,75328,2.655055225148683,0.43878984248321073,2.2162653826654726,0,6.637638062871708,TRUE,169
P. falciparum,model5,11005,Alvorada D'Oeste,RO,2017,3,171,75328,0,0.41903148547462005,-0.41903148547462005,0,6.637638062871708,TRUE,169
P. falciparum,model5,11006,Cacoal,RO,2017,1,169,250643,0,0.07834839544029581,-0.07834839544029581,0,1.9948691964267904,TRUE,169
P. falciparum,model5,11006,Cacoal,RO,2017,2,170,250643,0,0.05970331756283096,-0.05970331756283096,0,1.4063827834808782,TRUE,169
P. falciparum,model5,11006,Cacoal,RO,2017,3,171,250643,0,0.0643972425531031,-0.0643972425531031,0,1.1969215178560741,TRUE,169
P. falciparum,model5,11007,Vilhena,RO,2017,1,169,159583,0,0.11574942459406624,-0.11574942459406624,0,1.8798994880407058,TRUE,169
P. falciparum,model5,11007,Vilhena,RO,2017,2,170,159583,0,0.08521494972283282,-0.08521494972283282,0,1.8798994880407058,TRUE,169
P. falciparum,model5,11007,Vilhena,RO,2017,3,171,159583,0,0.09279321483018606,-0.09279321483018606,0,1.8798994880407058,TRUE,169
P. falciparum,model5,11008,Colorado do Oeste,RO,2017,1,169,53694,0,0.10097926765036765,-0.10097926765036765,0,1.8624054829217416,TRUE,169
P. falciparum,model5,11008,Colorado do Oeste,RO,2017,2,170,53694,0,0.07850348298110076,-0.07850348298110076,0,1.8624054829217416,TRUE,169
P. falciparum,model5,11008,Colorado do Oeste,RO,2017,3,171,53694,0,0.08622917420299045,-0.08622917420299045,0,1.8624054829217416,TRUE,169
P. falciparum,model5,12001,Cruzeiro do Sul,AC,2017,1,169,147727,476.55472594718634,186.94374642515382,289.6109795220325,56.82779722054872,1465.778090667242,TRUE,169
P. falciparum,model5,12001,Cruzeiro do Sul,AC,2017,2,170,147727,282.2774442045124,148.16742046870064,134.11002373581175,51.02317111970053,1151.7867417601371,TRUE,169
P. falciparum,model5,12001,Cruzeiro do Sul,AC,2017,3,171,147727,246.4004548931475,147.08577471393116,99.31468017921634,49.9908615215905,1201.7268339572288,TRUE,169
P. falciparum,model5,12002,Tarauacá,AC,2017,1,169,80242,0,1.8519848537627692,-1.8519848537627692,0,19.939682460556817,TRUE,169
P. falciparum,model5,12002,Tarauacá,AC,2017,2,170,80242,1.246230153784801,1.3640596397260856,-0.1178294859412845,0,16.855262829939406,TRUE,169
P. falciparum,model5,12002,Tarauacá,AC,2017,3,171,80242,0,1.2744828335847798,-1.2744828335847798,0,18.101492983724206,TRUE,169
P. falciparum,model5,12003,Sena Madureira,AC,2017,1,169,58255,0,0.004389544481957016,-0.004389544481957016,0,0,TRUE,169
P. falciparum,model5,12003,Sena Madureira,AC,2017,2,170,58255,0,0.004188287315411602,-0.004188287315411602,0,0,TRUE,169
P. falciparum,model5,12003,Sena Madureira,AC,2017,3,171,58255,0,0.004353659120337493,-0.004353659120337493,0,0,TRUE,169
P. falciparum,model5,12004,Rio Branco,AC,2017,1,169,476130,1.4701867137126414,0.3431209543946146,1.1270657593180269,0,4.211034801419771,TRUE,169
P. falciparum,model5,12004,Rio Branco,AC,2017,2,170,476130,0.21002667338752024,0.26255826860116444,-0.0525315952136442,0,2.420557410791166,TRUE,169
P. falciparum,model5,12004,Rio Branco,AC,2017,3,171,476130,1.050133366937601,0.28116486408171776,0.7689685028558833,0,2.840610757566206,TRUE,169
P. falciparum,model5,12005,Brasiléia,AC,2017,1,169,67265,0,0.008520891957987994,-0.008520891957987994,0,1.4866572511707425,TRUE,169
P. falciparum,model5,12005,Brasiléia,AC,2017,2,170,67265,0,0.005464869069773343,-0.005464869069773343,0,0.7804950568646061,TRUE,169
P. falciparum,model5,12005,Brasiléia,AC,2017,3,171,67265,0,0.0038609003675309514,-0.0038609003675309514,0,0,TRUE,169
P. falciparum,model5,13001,Rio Negro,AM,2017,1,169,114647,211.08271476793988,41.76476612053957,169.3179486474003,12.625711968041031,429.0779523232179,TRUE,169
P. falciparum,model5,13001,Rio Negro,AM,2017,2,170,114647,240.73896395021237,39.0484188748851,201.69054507532726,10.423299344945793,379.5999895330883,TRUE,169
P. falciparum,model5,13001,Rio Negro,AM,2017,3,171,114647,333.1966819890621,44.0573380230327,289.1393439660294,11.251929836803413,518.7444939684422,TRUE,169
P. falciparum,model5,13002,Japurá,AM,2017,1,169,22736,17.593244194229417,7.866895485497737,9.726348708731681,0,103.69018296973931,TRUE,169
P. falciparum,model5,13002,Japurá,AM,2017,2,170,22736,13.194933145672062,6.884444562860267,6.310488582811795,0,83.56790992258972,TRUE,169
P. falciparum,model5,13002,Japurá,AM,2017,3,171,22736,13.194933145672062,8.661480542111981,4.533452603560081,0,105.77938071780414,TRUE,169
P. falciparum,model5,13003,Alto Solimões,AM,2017,1,169,250657,26.330802650634137,13.637648441058118,12.693154209576019,3.191612442501107,127.04612278930952,TRUE,169
P. falciparum,model5,13003,Alto Solimões,AM,2017,2,170,250657,21.54338398688247,18.790047157853664,2.7533368290288074,4.7874186637516605,167.8887882644409,TRUE,169
P. falciparum,model5,13003,Alto Solimões,AM,2017,3,171,250657,10.771691993441236,24.265466716004727,-13.493774722563492,6.17377531846308,200.84218673326427,TRUE,169
P. falciparum,model5,13004,Juruá,AM,2017,1,169,149439,14.05255656154016,13.90457306600789,0.14798349553226942,2.3253635262548604,155.11345766499994,TRUE,169
P. falciparum,model5,13004,Juruá,AM,2017,2,170,149439,19.40591144212689,13.50159785879325,5.904313583333639,2.6766774402933637,132.27805325249756,TRUE,169
P. falciparum,model5,13004,Juruá,AM,2017,3,171,149439,42.15766968462048,17.162029074053834,24.995640610566646,3.6637022464015425,204.34759333239595,TRUE,169
P. falciparum,model5,13005,Tefé,AM,2017,1,169,91357,10.94606871941942,9.387842181484123,1.5582265379352975,0,83.81952121895414,TRUE,169
P. falciparum,model5,13005,Tefé,AM,2017,2,170,91357,9.851461847477479,8.541170683974782,1.310291163502697,0,75.52787416399401,TRUE,169
P. falciparum,model5,13005,Tefé,AM,2017,3,171,91357,3.2838206158258263,11.01886847103893,-7.735047855213104,1.094606871941942,97.42001160283284,TRUE,169
P. falciparum,model5,13006,Coari,AM,2017,1,169,177551,0,0.07889033690327771,-0.07889033690327771,0,1.1264369110847026,TRUE,169
P. falciparum,model5,13006,Coari,AM,2017,2,170,177551,0.5632184555423513,0.08410014830248656,0.4791183072398647,0,1.1264369110847026,TRUE,169
P. falciparum,model5,13006,Coari,AM,2017,3,171,177551,0,0.1079418372460485,-0.1079418372460485,0,1.6896553666270537,TRUE,169
P. falciparum,model5,13007,Manaus,AM,2017,1,169,2409396,0.4150417781053841,0.17662086047735434,0.23842091762802978,0,1.786754854743677,TRUE,169
P. falciparum,model5,13007,Manaus,AM,2017,2,170,2409396,0.16601671124215364,0.15091229945753934,0.015104411784614302,0,1.3084192054772223,TRUE,169
P. falciparum,model5,13007,Manaus,AM,2017,3,171,2409396,0.20752088905269206,0.1558054248145449,0.05171546423814716,0,1.2866295121266906,TRUE,169
P. falciparum,model5,13008,Rio Preto da Eva,AM,2017,1,169,66575,0,0.1854859126798042,-0.1854859126798042,0,3.0041306796845664,TRUE,169
P. falciparum,model5,13008,Rio Preto da Eva,AM,2017,2,170,66575,0,0.13822051984852043,-0.13822051984852043,0,3.0041306796845664,TRUE,169
P. falciparum,model5,13008,Rio Preto da Eva,AM,2017,3,171,66575,0,0.1249599696470892,-0.1249599696470892,0,3.0041306796845664,TRUE,169
P. falciparum,model5,13009,Itacoatiara,AM,2017,1,169,176769,0,0.0331623440103538,-0.0331623440103538,0,0.5657100509704756,TRUE,169
P. falciparum,model5,13009,Itacoatiara,AM,2017,2,170,176769,0,0.025481721649197007,-0.025481721649197007,0,0.5657100509704756,TRUE,169
P. falciparum,model5,13009,Itacoatiara,AM,2017,3,171,176769,0,0.026059022583196978,-0.026059022583196978,0,0.5657100509704756,TRUE,169
P. falciparum,model5,13010,Parintins,AM,2017,1,169,277360,1.0816267666570523,0.2651778626876083,0.816448903969444,0,3.7947072396884836,TRUE,169
P. falciparum,model5,13010,Parintins,AM,2017,2,170,277360,0.36054225555235075,0.21115396632158603,0.14938828923076472,0,2.523795788866455,TRUE,169
P. falciparum,model5,13010,Parintins,AM,2017,3,171,277360,0,0.19203493307095387,-0.19203493307095387,0,2.1632535333141045,TRUE,169
P. falciparum,model5,13011,Boca do Acre,AM,2017,1,169,53773,24.175701560262585,7.667362189000247,16.508339371262338,0,70.85340226507711,TRUE,169
P. falciparum,model5,13011,Boca do Acre,AM,2017,2,170,53773,7.438677403157718,5.626407049489856,1.812270353667862,0,56.766406932847296,TRUE,169
P. falciparum,model5,13011,Boca do Acre,AM,2017,3,171,53773,3.719338701578859,6.416106935266331,-2.696768233687472,0,68.90074944674828,TRUE,169
P. falciparum,model5,13012,Purus,AM,2017,1,169,78281,3.832347568375468,3.734699340808731,0.09764822756673697,0,41.54903488713734,TRUE,169
P. falciparum,model5,13012,Purus,AM,2017,2,170,78281,6.387245947292447,3.9053751940584074,2.48187075323404,0,37.10989895376906,TRUE,169
P. falciparum,model5,13012,Purus,AM,2017,3,171,78281,10.219593515667913,4.815602994348968,5.403990521318946,0,48.5430691994226,TRUE,169
P. falciparum,model5,13013,Madeira,AM,2017,1,169,195073,25.631430285072767,9.381816493346198,16.249613791726567,1.0252572114029108,118.03273646275998,TRUE,169
P. falciparum,model5,13013,Madeira,AM,2017,2,170,195073,25.118801679371312,8.851528927235291,16.267272752136023,0.7561271934096474,99.77034238464569,TRUE,169
P. falciparum,model5,13013,Madeira,AM,2017,3,171,195073,7.1768004798203755,11.028233438176214,-3.851432958355838,2.806641616215469,119.3527551224412,TRUE,169
P. falciparum,model5,14001,Boa Vista,RR,2017,1,169,371888,19.091769565030333,20.075841562009956,-0.9840719969796226,4.1477541625435626,197.53931291141419,TRUE,169
P. falciparum,model5,14001,Boa Vista,RR,2017,2,170,371888,15.327195284601817,16.441169781615216,-1.1139744970133982,4.02002753517188,155.6046444090691,TRUE,169
P. falciparum,model5,14001,Boa Vista,RR,2017,3,171,371888,22.318547519683346,16.290169241735068,6.028378277948278,3.482231209396378,173.50653960332136,TRUE,169
P. falciparum,model5,14002,Nordeste de Roraima,RR,2017,1,169,49185,0,2.871854831339703,-2.871854831339703,0,33.59764155738534,TRUE,169
P. falciparum,model5,14002,Nordeste de Roraima,RR,2017,2,170,49185,0,2.479161888994764,-2.479161888994764,0,27.498221002338067,TRUE,169
P. falciparum,model5,14002,Nordeste de Roraima,RR,2017,3,171,49185,0,2.205635948268813,-2.205635948268813,0,21.398800447290796,TRUE,169
P. falciparum,model5,14003,Caracaraí,RR,2017,1,169,48518,45.343996042705804,5.3743123360923795,39.969683706613424,0,76.2603569809143,TRUE,169
P. falciparum,model5,14003,Caracaraí,RR,2017,2,170,48518,4.1221814584278,4.895098360822806,-0.7729169023950062,0,58.792613050826446,TRUE,169
P. falciparum,model5,14003,Caracaraí,RR,2017,3,171,48518,6.1832721876417,5.2843316730598975,0.8989405145818026,0,60.85370378004035,TRUE,169
P. falciparum,model5,14004,Sudeste de Roraima,RR,2017,1,169,53045,3.7703836365350174,6.427646917070128,-2.65726328053511,0,64.19078141200859,TRUE,169
P. falciparum,model5,14004,Sudeste de Roraima,RR,2017,2,170,53045,1.8851918182675087,5.312684492197043,-3.4274926739295344,0,57.54548025261566,TRUE,169
P. falciparum,model5,14004,Sudeste de Roraima,RR,2017,3,171,53045,0,4.52453853872402,-4.52453853872402,0,49.014987274955224,TRUE,169
P. falciparum,model5,15001,Óbidos,PA,2017,1,169,203396,0.983303506460304,0.06424756010255489,0.919055946357749,0,0.983303506460304,TRUE,169
P. falciparum,model5,15001,Óbidos,PA,2017,2,170,203396,0,0.04714808900463085,-0.04714808900463085,0,0.983303506460304,TRUE,169
P. falciparum,model5,15001,Óbidos,PA,2017,3,171,203396,0,0.04502321407405707,-0.04502321407405707,0,0.983303506460304,TRUE,169
P. falciparum,model5,15002,Santarém,PA,2017,1,169,514081,1.3616531247021384,1.2442846662354976,0.11736845846664079,0,11.282268747532004,TRUE,169
P. falciparum,model5,15002,Santarém,PA,2017,2,170,514081,1.1671312497446902,1.1638404607628965,0.003290788981793691,0,12.274330309814973,TRUE,169
P. falciparum,model5,15002,Santarém,PA,2017,3,171,514081,2.3342624994893804,1.1018263466229037,1.2324361528664767,0,11.09747296632242,TRUE,169
P. falciparum,model5,15003,Almeirim,PA,2017,1,169,73186,0,1.6404526592872528,-1.6404526592872528,0,17.762960128986418,TRUE,169
P. falciparum,model5,15003,Almeirim,PA,2017,2,170,73186,1.3663815483835706,1.4134658491833278,-0.04708430079975723,0,16.39657858060285,TRUE,169
P. falciparum,model5,15003,Almeirim,PA,2017,3,171,73186,0,1.1360982789982992,-1.1360982789982992,0,12.297433935452135,TRUE,169
P. falciparum,model5,15004,Portel,PA,2017,1,169,149485,0,0.04797442373480007,-0.04797442373480007,0,1.3379268822958825,TRUE,169
P. falciparum,model5,15004,Portel,PA,2017,2,170,149485,0,0.060378521751148405,-0.060378521751148405,0,1.3379268822958825,TRUE,169
P. falciparum,model5,15004,Portel,PA,2017,3,171,149485,0,0.07363280786124693,-0.07363280786124693,0,1.3379268822958825,TRUE,169
P. falciparum,model5,15005,Furos de Breves,PA,2017,1,169,225900,9.296148738379813,5.6896174028600495,3.6065313355197635,0,53.37538733953074,TRUE,169
P. falciparum,model5,15005,Furos de Breves,PA,2017,2,170,225900,7.082779991146525,5.513668281983922,1.5691117091626037,0.652943780433821,57.027445772465555,TRUE,169
P. falciparum,model5,15005,Furos de Breves,PA,2017,3,171,225900,4.426737494466578,5.419229015201725,-0.9924915207351468,0.8853474988933157,54.471004869411225,TRUE,169
P. falciparum,model5,15006,Arari,PA,2017,1,169,173249,0,1.5492661593957844,-1.5492661593957844,0,14.733129772754808,TRUE,169
P. falciparum,model5,15006,Arari,PA,2017,2,170,173249,0.5772039088248705,2.3658539780320225,-1.788650069207152,0,24.819768079469434,TRUE,169
P. falciparum,model5,15006,Arari,PA,2017,3,171,173249,0,2.8736271900354167,-2.8736271900354167,0,30.072323649775704,TRUE,169
P. falciparum,model5,15007,Belém,PA,2017,1,169,2298862,0.08699956761214897,0.01717503573687599,0.06982453187527299,0,0.19683652172248606,TRUE,169
P. falciparum,model5,15007,Belém,PA,2017,2,170,2298862,0.08699956761214897,0.015706877233993943,0.07129269037815503,0,0.21749891903037244,TRUE,169
P. falciparum,model5,15007,Belém,PA,2017,3,171,2298862,0,0.014329872453374994,-0.014329872453374994,0,0.21749891903037244,TRUE,169
P. falciparum,model5,15008,Castanhal,PA,2017,1,169,334419,0,0.0020775726998414983,-0.0020775726998414983,0,0.29902607208322496,TRUE,169
P. falciparum,model5,15008,Castanhal,PA,2017,2,170,334419,0,0.0014473477224624257,-0.0014473477224624257,0,0.1569886878436863,TRUE,169
P. falciparum,model5,15008,Castanhal,PA,2017,3,171,334419,0,0.0010929092049861016,-0.0010929092049861016,0,0.29902607208322496,TRUE,169
P. falciparum,model5,15009,Salgado,PA,2017,1,169,264414,0,0.005861096424760384,-0.005861096424760384,0,0.37819480057788163,TRUE,169
P. falciparum,model5,15009,Salgado,PA,2017,2,170,264414,0,0.0036648943612699637,-0.0036648943612699637,0,0.37819480057788163,TRUE,169
P. falciparum,model5,15009,Salgado,PA,2017,3,171,264414,0,0.002851735747788367,-0.002851735747788367,0,0.37819480057788163,TRUE,169
P. falciparum,model5,15010,Bragantina,PA,2017,1,169,412502,0,0.01669895939937121,-0.01669895939937121,0,0.24242306703967495,TRUE,169
P. falciparum,model5,15010,Bragantina,PA,2017,2,170,412502,0,0.013561163092258976,-0.013561163092258976,0,0.24242306703967495,TRUE,169
P. falciparum,model5,15010,Bragantina,PA,2017,3,171,412502,0,0.013489302292236117,-0.013489302292236117,0,0.4848461340793499,TRUE,169
P. falciparum,model5,15011,Cametá,PA,2017,1,169,484618,0,0.017776087141420163,-0.017776087141420163,0,0.3146808414049782,TRUE,169
P. falciparum,model5,15011,Cametá,PA,2017,2,170,484618,0,0.017709204413884364,-0.017709204413884364,0,0.4126961854491579,TRUE,169
P. falciparum,model5,15011,Cametá,PA,2017,3,171,484618,0,0.015613744810519576,-0.015613744810519576,0,0.4126961854491579,TRUE,169
P. falciparum,model5,15012,Tomé-Açu,PA,2017,1,169,331346,0,0.01571045689865524,-0.01571045689865524,0,0.6035986551821962,TRUE,169
P. falciparum,model5,15012,Tomé-Açu,PA,2017,2,170,331346,0.3017993275910981,0.01051754817295862,0.2912817794181395,0,0.3017993275910981,TRUE,169
P. falciparum,model5,15012,Tomé-Açu,PA,2017,3,171,331346,0,0.009589836549549487,-0.009589836549549487,0,0.3017993275910981,TRUE,169
P. falciparum,model5,15013,Guamá,PA,2017,1,169,470473,0,0.013822301381642768,-0.013822301381642768,0,0.21255204868292124,TRUE,169
P. falciparum,model5,15013,Guamá,PA,2017,2,170,470473,0,0.012828955146149687,-0.012828955146149687,0,0.21255204868292124,TRUE,169
P. falciparum,model5,15013,Guamá,PA,2017,3,171,470473,0,0.014021687271798249,-0.014021687271798249,0,0.4251040973658425,TRUE,169
P. falciparum,model5,15014,Itaituba,PA,2017,1,169,215162,24.16783632797613,14.734235238494584,9.433601089481545,2.7885964993818613,115.99399522220463,TRUE,169
P. falciparum,model5,15014,Itaituba,PA,2017,2,170,215162,17.661111162751787,11.744636038047267,5.916475124704521,2.079828222455639,95.6023833204745,TRUE,169
P. falciparum,model5,15014,Itaituba,PA,2017,3,171,215162,14.872514663369927,11.580976461847511,3.2915382015224157,2.544594305685949,95.54428756007098,TRUE,169
P. falciparum,model5,15015,Altamira,PA,2017,1,169,300663,0,0.1575306265076455,-0.1575306265076455,0,2.1702038494926135,TRUE,169
P. falciparum,model5,15015,Altamira,PA,2017,2,170,300663,0,0.11161243109066236,-0.11161243109066236,0,1.6629914555499012,TRUE,169
P. falciparum,model5,15015,Altamira,PA,2017,3,171,300663,0,0.09237897012965147,-0.09237897012965147,0,1.3303931644399212,TRUE,169
P. falciparum,model5,15016,Tucuruí,PA,2017,1,169,374094,0,0.14069172844659636,-0.14069172844659636,0,2.138499949210626,TRUE,169
P. falciparum,model5,15016,Tucuruí,PA,2017,2,170,374094,0,0.10288797581956403,-0.10288797581956403,0,1.7442140210749109,TRUE,169
P. falciparum,model5,15016,Tucuruí,PA,2017,3,171,374094,0,0.08531283152582154,-0.08531283152582154,0,1.069249974605313,TRUE,169
P. falciparum,model5,15017,Paragominas,PA,2017,1,169,339647,0,0.025907786338963516,-0.025907786338963516,0,0.5888466554982084,TRUE,169
P. falciparum,model5,15017,Paragominas,PA,2017,2,170,339647,0,0.021570392368267986,-0.021570392368267986,0,0.8832699832473127,TRUE,169
P. falciparum,model5,15017,Paragominas,PA,2017,3,171,339647,0.2944233277491042,0.019811354397760033,0.27461197335134413,0,0.5888466554982084,TRUE,169
P. falciparum,model5,15018,São Félix do Xingu,PA,2017,1,169,211528,0,0.11951684225467706,-0.11951684225467706,0,1.8910026095836012,TRUE,169
P. falciparum,model5,15018,São Félix do Xingu,PA,2017,2,170,211528,0,0.0954029187496423,-0.0954029187496423,0,1.6664460496955378,TRUE,169
P. falciparum,model5,15018,São Félix do Xingu,PA,2017,3,171,211528,0,0.09246611270338563,-0.09246611270338563,0,1.4182519571877008,TRUE,169
P. falciparum,model5,15019,Parauapebas,PA,2017,1,169,315410,0.317047652262135,0.09128829882019364,0.22575935344194137,0,1.26819060904854,TRUE,169
P. falciparum,model5,15019,Parauapebas,PA,2017,2,170,315410,0,0.07501815472936835,-0.07501815472936835,0,1.26819060904854,TRUE,169
P. falciparum,model5,15019,Parauapebas,PA,2017,3,171,315410,0,0.07143541886601901,-0.07143541886601901,0,0.951142956786405,TRUE,169
P. falciparum,model5,15020,Marabá,PA,2017,1,169,324637,0,0.08305677421093423,-0.08305677421093423,0,0.9241090818360199,TRUE,169
P. falciparum,model5,15020,Marabá,PA,2017,2,170,324637,0,0.06588089007717166,-0.06588089007717166,0,1.2321454424480267,TRUE,169
P. falciparum,model5,15020,Marabá,PA,2017,3,171,324637,0,0.06099348694182144,-0.06099348694182144,0,0.9241090818360199,TRUE,169
P. falciparum,model5,15021,Redenção,PA,2017,1,169,191626,0,0.026101335388026087,-0.026101335388026087,0,0.7958210263742798,TRUE,169
P. falciparum,model5,15021,Redenção,PA,2017,2,170,191626,0,0.027835308674978777,-0.027835308674978777,0,0.5218498533601912,TRUE,169
P. falciparum,model5,15021,Redenção,PA,2017,3,171,191626,0,0.030445317277276243,-0.030445317277276243,0,0.5218498533601912,TRUE,169
P. falciparum,model5,15022,Conceição do Araguaia,PA,2017,1,169,157930,0,0.006885632919489234,-0.006885632919489234,0,0.6331919204710947,TRUE,169
P. falciparum,model5,15022,Conceição do Araguaia,PA,2017,2,170,157930,0,0.007102715170849631,-0.007102715170849631,0,0.6331919204710947,TRUE,169
P. falciparum,model5,15022,Conceição do Araguaia,PA,2017,3,171,157930,0,0.007808928147341695,-0.007808928147341695,0,0.6331919204710947,TRUE,169
P. falciparum,model5,16001,Oiapoque,AP,2017,1,169,36039,11.099087100086017,17.962476451046932,-6.863389350960915,0,158.16199117622574,TRUE,169
P. falciparum,model5,16001,Oiapoque,AP,2017,2,170,36039,2.774771775021504,12.563633231057192,-9.788861456035688,0,99.89178390077416,TRUE,169
P. falciparum,model5,16001,Oiapoque,AP,2017,3,171,36039,2.774771775021504,12.4306701995685,-9.655898424546995,0,126.32148505785392,TRUE,169
P. falciparum,model5,16002,Amapá,AP,2017,1,169,29648,3.3729087965461413,1.0632984014952347,2.309610395050907,0,22.008229897463494,TRUE,169
P. falciparum,model5,16002,Amapá,AP,2017,2,170,29648,0,0.8903005392675793,-0.8903005392675793,0,13.491635186184565,TRUE,169
P. falciparum,model5,16002,Amapá,AP,2017,3,171,29648,0,0.5636231449194651,-0.5636231449194651,0,10.118726389638423,TRUE,169
P. falciparum,model5,16003,Macapá,AP,2017,1,169,649103,27.26839962224793,5.811470012025676,21.456929610222254,1.4597067029423685,53.084795479299885,TRUE,169
P. falciparum,model5,16003,Macapá,AP,2017,2,170,649103,12.632817904092262,5.679549763050635,6.953268141041627,1.7678242127982773,49.945848347642794,TRUE,169
P. falciparum,model5,16003,Macapá,AP,2017,3,171,649103,10.167877825244993,3.8371604758486577,6.330717349396336,0.9243525295677266,33.03019705655338,TRUE,169
P. falciparum,model5,16004,Mazagão,AP,2017,1,169,82932,157.96073891863213,41.3160769542566,116.64466196437553,10.852264505860223,391.31457097380985,TRUE,169
P. falciparum,model5,16004,Mazagão,AP,2017,2,170,82932,113.34587372787344,41.83082316104406,71.51505056682939,12.058071673178025,363.4905705879511,TRUE,169
P. falciparum,model5,16004,Mazagão,AP,2017,3,171,82932,62.70197270052574,36.91574089813089,25.786231802394845,7.807601408382773,315.0774128201415,TRUE,169
P. falciparum,model5,17001,Bico do Papagaio,TO,2017,1,169,214274,0,0.005092172518133295,-0.005092172518133295,0,0.4666921791724614,TRUE,169
P. falciparum,model5,17001,Bico do Papagaio,TO,2017,2,170,214274,0,0.004242479400564024,-0.004242479400564024,0,0.4666921791724614,TRUE,169
P. falciparum,model5,17001,Bico do Papagaio,TO,2017,3,171,214274,0.4666921791724614,0.004543908386719297,0.4621482707857421,0,0.4666921791724614,TRUE,169
P. falciparum,model5,17002,Araguaína,TO,2017,1,169,314505,0,9.472973729060995e-4,-9.472973729060995e-4,0,0.31795996883992306,TRUE,169
P. falciparum,model5,17002,Araguaína,TO,2017,2,170,314505,0,1.4551425395629693e-4,-1.4551425395629693e-4,0,0.31795996883992306,TRUE,169
P. falciparum,model5,17002,Araguaína,TO,2017,3,171,314505,0,0.004774434363846841,-0.004774434363846841,0,0.31795996883992306,TRUE,169
P. falciparum,model5,17003,Miracema do Tocantins,TO,2017,1,169,149576,0,0.003877283479904797,-0.003877283479904797,0,0.6685564529068835,TRUE,169
P. falciparum,model5,17003,Miracema do Tocantins,TO,2017,2,170,149576,0,0.0035224131737034182,-0.0035224131737034182,0,0.6685564529068835,TRUE,169
P. falciparum,model5,17003,Miracema do Tocantins,TO,2017,3,171,149576,0,0.004144801530445067,-0.004144801530445067,0,0.6685564529068835,TRUE,169
P. falciparum,model5,17004,Rio Formoso,TO,2017,1,169,126840,0,0.0011391827501345594,-0.0011391827501345594,0,0,TRUE,169
P. falciparum,model5,17004,Rio Formoso,TO,2017,2,170,126840,0,8.219674946169911e-4,-8.219674946169911e-4,0,0,TRUE,169
P. falciparum,model5,17004,Rio Formoso,TO,2017,3,171,126840,0,8.902126223453387e-4,-8.902126223453387e-4,0,0,TRUE,169
P. falciparum,model5,17005,Gurupi,TO,2017,1,169,149665,0,3.717650888071618e-4,-3.717650888071618e-4,0,0,TRUE,169
P. falciparum,model5,17005,Gurupi,TO,2017,2,170,149665,0,2.474350659984334e-4,-2.474350659984334e-4,0,0,TRUE,169
P. falciparum,model5,17005,Gurupi,TO,2017,3,171,149665,0,2.3107826785102254e-4,-2.3107826785102254e-4,0,0,TRUE,169
P. falciparum,model5,17006,Porto Nacional,TO,2017,1,169,391361,0,0.00856502246918917,-0.00856502246918917,0,0.2555185621459471,TRUE,169
P. falciparum,model5,17006,Porto Nacional,TO,2017,2,170,391361,0,0.006009459146598404,-0.006009459146598404,0,0.2555185621459471,TRUE,169
P. falciparum,model5,17006,Porto Nacional,TO,2017,3,171,391361,0,0.006104195858704639,-0.006104195858704639,0,0.2555185621459471,TRUE,169
P. falciparum,model5,17007,Jalapão,TO,2017,1,169,79352,0,1.8373619310935524e-5,-1.8373619310935524e-5,0,0,TRUE,169
P. falciparum,model5,17007,Jalapão,TO,2017,2,170,79352,0,1.4057623695589637e-5,-1.4057623695589637e-5,0,0,TRUE,169
P. falciparum,model5,17007,Jalapão,TO,2017,3,171,79352,0,1.3720486867654029e-5,-1.3720486867654029e-5,0,0,TRUE,169
P. falciparum,model5,17008,Dianópolis,TO,2017,1,169,124621,0,3.030673805260535e-6,-3.030673805260535e-6,0,0,TRUE,169
P. falciparum,model5,17008,Dianópolis,TO,2017,2,170,124621,0,2.417640183032071e-6,-2.417640183032071e-6,0,0,TRUE,169
P. falciparum,model5,17008,Dianópolis,TO,2017,3,171,124621,0,2.3871927054994474e-6,-2.3871927054994474e-6,0,0,TRUE,169
P. falciparum,model5,21001,Litoral Ocidental Maranhense,MA,2017,1,169,188098,0,0.002210354548242159,-0.002210354548242159,0,0,TRUE,169
P. falciparum,model5,21001,Litoral Ocidental Maranhense,MA,2017,2,170,188098,0,0.0018510118434237528,-0.0018510118434237528,0,0.5316377632936022,TRUE,169
P. falciparum,model5,21001,Litoral Ocidental Maranhense,MA,2017,3,171,188098,0,0.0019222092179039126,-0.0019222092179039126,0,0.5316377632936022,TRUE,169
P. falciparum,model5,21002,Aglomeração Urbana de São Luís,MA,2017,1,169,1421569,0,0.011271806382110547,-0.011271806382110547,0,0.14068961830203106,TRUE,169
P. falciparum,model5,21002,Aglomeração Urbana de São Luís,MA,2017,2,170,1421569,0,0.009443454499773438,-0.009443454499773438,0,0.17762064310631262,TRUE,169
P. falciparum,model5,21002,Aglomeração Urbana de São Luís,MA,2017,3,171,1421569,0.4220688549060932,0.00877286455660808,0.4132959903494851,0,0.14068961830203106,FALSE,169
P. falciparum,model5,21003,Rosário,MA,2017,1,169,176135,0,0.002504222931416252,-0.002504222931416252,0,0.5677463309393364,TRUE,169
P. falciparum,model5,21003,Rosário,MA,2017,2,170,176135,0,0.001519134810211205,-0.001519134810211205,0,0,TRUE,169
P. falciparum,model5,21003,Rosário,MA,2017,3,171,176135,0,0.0013553016376556266,-0.0013553016376556266,0,0,TRUE,169
P. falciparum,model5,21004,Lençóis Maranhenses,MA,2017,1,169,196569,0,5.328592878791128e-4,-5.328592878791128e-4,0,0,TRUE,169
P. falciparum,model5,21004,Lençóis Maranhenses,MA,2017,2,170,196569,0,3.5410052918622494e-4,-3.5410052918622494e-4,0,0,TRUE,169
P. falciparum,model5,21004,Lençóis Maranhenses,MA,2017,3,171,196569,0,2.9422226422452764e-4,-2.9422226422452764e-4,0,0,TRUE,169
P. falciparum,model5,21005,Baixada Maranhense,MA,2017,1,169,599144,0.3338095683174662,0.07265461645318584,0.2611549518642804,0,1.0014287049523989,TRUE,169
P. falciparum,model5,21005,Baixada Maranhense,MA,2017,2,170,599144,0,0.05648974862171389,-0.05648974862171389,0,0.8345239207936656,TRUE,169
P. falciparum,model5,21005,Baixada Maranhense,MA,2017,3,171,599144,0.1669047841587331,0.05779765765157616,0.10910712650715695,0,0.7552441483182635,TRUE,169
P. falciparum,model5,21006,Itapecuru Mirim,MA,2017,1,169,235736,0,0.0027785352213737474,-0.0027785352213737474,0,0.42420334611599414,TRUE,169
P. falciparum,model5,21006,Itapecuru Mirim,MA,2017,2,170,235736,0,0.0027579814751154427,-0.0027579814751154427,0,0.42420334611599414,TRUE,169
P. falciparum,model5,21006,Itapecuru Mirim,MA,2017,3,171,235736,0,0.0032188869581240686,-0.0032188869581240686,0,0.42420334611599414,TRUE,169
P. falciparum,model5,21007,Gurupi,MA,2017,1,169,240034,0.8332152944999458,0.10343815144458628,0.7297771430553596,0,1.249822941749919,TRUE,169
P. falciparum,model5,21007,Gurupi,MA,2017,2,170,240034,0,0.10152239536039036,-0.10152239536039036,0,1.6664305889998916,TRUE,169
P. falciparum,model5,21007,Gurupi,MA,2017,3,171,240034,0,0.12255993729172467,-0.12255993729172467,0,1.6664305889998916,TRUE,169
P. falciparum,model5,21008,Pindaré,MA,2017,1,169,658029,1.0637829031851178,0.33135086048457,0.7324320427005477,0,3.5750703996328395,TRUE,169
P. falciparum,model5,21008,Pindaré,MA,2017,2,170,658029,0.4559069585079077,0.30136365994617026,0.15454329856173743,0,3.6472556680632615,TRUE,169
P. falciparum,model5,21008,Pindaré,MA,2017,3,171,658029,0.4559069585079077,0.2996582837720195,0.15624867473588822,0,3.7992246542325643,TRUE,169
P. falciparum,model5,21009,Imperatriz,MA,2017,1,169,592084,0,0.05631398204510821,-0.05631398204510821,0,0.8444747704717575,TRUE,169
P. falciparum,model5,21009,Imperatriz,MA,2017,2,170,592084,0.33778990818870297,0.04581657501274475,0.2919733331759582,0,0.8444747704717575,TRUE,169
P. falciparum,model5,21009,Imperatriz,MA,2017,3,171,592084,0.16889495409435148,0.043876800695281444,0.12501815339907005,0,0.6755798163774059,TRUE,169
P. falciparum,model5,21010,Médio Mearim,MA,2017,1,169,416725,0.23996640470334152,0.11796071893117334,0.12200568577216818,0,1.6797648329233907,TRUE,169
P. falciparum,model5,21010,Médio Mearim,MA,2017,2,170,416725,0,0.1297190587503034,-0.1297190587503034,0,1.8057471953926396,TRUE,169
P. falciparum,model5,21010,Médio Mearim,MA,2017,3,171,416725,0.23996640470334152,0.16824446301072138,0.07172194169262014,0,1.9197312376267321,TRUE,169
P. falciparum,model5,21011,Alto Mearim e Grajaú,MA,2017,1,169,332957,0.6006781656490178,0.0982391526418074,0.5024390130072104,0,1.8020344969470532,TRUE,169
P. falciparum,model5,21011,Alto Mearim e Grajaú,MA,2017,2,170,332957,2.402712662596071,0.08480731558961878,2.317905347006452,0,1.2013563312980355,FALSE,169
P. falciparum,model5,21011,Alto Mearim e Grajaú,MA,2017,3,171,332957,1.8020344969470532,0.07801426347851544,1.7240202334685377,0,1.2013563312980355,FALSE,169
P. falciparum,model5,21012,Presidente Dutra,MA,2017,1,169,196340,0,0.08739745419721966,-0.08739745419721966,0,1.5279616990934093,TRUE,169
P. falciparum,model5,21012,Presidente Dutra,MA,2017,2,170,196340,1.0186411327289395,0.0945215714429462,0.9241195612859934,0,1.5279616990934093,TRUE,169
P. falciparum,model5,21012,Presidente Dutra,MA,2017,3,171,196340,0,0.1211222072575638,-0.1211222072575638,0,2.037282265457879,TRUE,169
P. falciparum,model5,21013,Baixo Parnaíba Maranhense,MA,2017,1,169,145247,0,0.0034941216897016797,-0.0034941216897016797,0,0.6884823782935275,TRUE,169
P. falciparum,model5,21013,Baixo Parnaíba Maranhense,MA,2017,2,170,145247,0,0.0026896909543338223,-0.0026896909543338223,0,0.6884823782935275,TRUE,169
P. falciparum,model5,21013,Baixo Parnaíba Maranhense,MA,2017,3,171,145247,0,0.002252822833157216,-0.002252822833157216,0,0.6884823782935275,TRUE,169
P. falciparum,model5,21014,Chapadinha,MA,2017,1,169,242977,0,0.004427074165582483,-0.004427074165582483,0,0.4115615881338563,TRUE,169
P. falciparum,model5,21014,Chapadinha,MA,2017,2,170,242977,0,0.0036935919740080907,-0.0036935919740080907,0,0.4115615881338563,TRUE,169
P. falciparum,model5,21014,Chapadinha,MA,2017,3,171,242977,0,0.003495399815526648,-0.003495399815526648,0,0.4115615881338563,TRUE,169
P. falciparum,model5,21015,Codó,MA,2017,1,169,274452,0,0.0049750775354664815,-0.0049750775354664815,0,0.36436243860492906,TRUE,169
P. falciparum,model5,21015,Codó,MA,2017,2,170,274452,0,0.00454257948115439,-0.00454257948115439,0,0.36436243860492906,TRUE,169
P. falciparum,model5,21015,Codó,MA,2017,3,171,274452,0,0.004585120209049015,-0.004585120209049015,0,0.36436243860492906,TRUE,169
P. falciparum,model5,21016,Coelho Neto,MA,2017,1,169,92837,0,0.0020598278036452456,-0.0020598278036452456,0,0,TRUE,169
P. falciparum,model5,21016,Coelho Neto,MA,2017,2,170,92837,0,0.001589531185555113,-0.001589531185555113,0,0,TRUE,169
P. falciparum,model5,21016,Coelho Neto,MA,2017,3,171,92837,0,0.0012947915346850191,-0.0012947915346850191,0,0,TRUE,169
P. falciparum,model5,21017,Caxias,MA,2017,1,169,439865,0,0.017184929392969773,-0.017184929392969773,0,0.4546849601582304,TRUE,169
P. falciparum,model5,21017,Caxias,MA,2017,2,170,439865,0,0.019125293159404522,-0.019125293159404522,0,0.4546849601582304,TRUE,169
P. falciparum,model5,21017,Caxias,MA,2017,3,171,439865,0,0.024957812710901476,-0.024957812710901476,0,0.6820274402373456,TRUE,169
P. falciparum,model5,21018,Chapadas do Alto Itapecuru,MA,2017,1,169,218371,0,0.018433007793099997,-0.018433007793099997,0,0.45793626443071656,TRUE,169
P. falciparum,model5,21018,Chapadas do Alto Itapecuru,MA,2017,2,170,218371,0,0.019612736246561874,-0.019612736246561874,0,0.45793626443071656,TRUE,169
P. falciparum,model5,21018,Chapadas do Alto Itapecuru,MA,2017,3,171,218371,0,0.02511230031680497,-0.02511230031680497,0,0.45793626443071656,TRUE,169
P. falciparum,model5,21019,Porto Franco,MA,2017,1,169,119470,0,0.012861486909303292,-0.012861486909303292,0,0.8370302167908261,TRUE,169
P. falciparum,model5,21019,Porto Franco,MA,2017,2,170,119470,0,0.007933540420347426,-0.007933540420347426,0,0.8370302167908261,TRUE,169
P. falciparum,model5,21019,Porto Franco,MA,2017,3,171,119470,0,0.006239964055082633,-0.006239964055082633,0,0.8370302167908261,TRUE,169
P. falciparum,model5,21020,Gerais de Balsas,MA,2017,1,169,142308,0,2.226186572617023e-4,-2.226186572617023e-4,0,0,TRUE,169
P. falciparum,model5,21020,Gerais de Balsas,MA,2017,2,170,142308,0,1.95706224234022e-4,-1.95706224234022e-4,0,0,TRUE,169
P. falciparum,model5,21020,Gerais de Balsas,MA,2017,3,171,142308,0,2.0496187654066915e-4,-2.0496187654066915e-4,0,0,TRUE,169
P. falciparum,model5,21021,Chapadas das Mangabeiras,MA,2017,1,169,71282,0,8.06604119685741e-5,-8.06604119685741e-5,0,0,TRUE,169
P. falciparum,model5,21021,Chapadas das Mangabeiras,MA,2017,2,170,71282,0,6.481288274453628e-5,-6.481288274453628e-5,0,0,TRUE,169
P. falciparum,model5,21021,Chapadas das Mangabeiras,MA,2017,3,171,71282,0,6.432751207815094e-5,-6.432751207815094e-5,0,0,TRUE,169
P. falciparum,model5,51001,Aripuanã,MT,2017,1,169,161895,0,0.1460017442576793,-0.1460017442576793,0,2.4707372062139044,TRUE,169
P. falciparum,model5,51001,Aripuanã,MT,2017,2,170,161895,0,0.11505585329738617,-0.11505585329738617,0,1.8530529046604283,TRUE,169
P. falciparum,model5,51001,Aripuanã,MT,2017,3,171,161895,0,0.11472490610514127,-0.11472490610514127,0,2.4707372062139044,TRUE,169
P. falciparum,model5,51002,Alta Floresta,MT,2017,1,169,104198,0,0.08038583401774464,-0.08038583401774464,0,1.9194226376705887,TRUE,169
P. falciparum,model5,51002,Alta Floresta,MT,2017,2,170,104198,0,0.0537564146313986,-0.0537564146313986,0,0.9597113188352944,TRUE,169
P. falciparum,model5,51002,Alta Floresta,MT,2017,3,171,104198,0,0.040920599492564755,-0.040920599492564755,0,0.9597113188352944,TRUE,169
P. falciparum,model5,51003,Colíder,MT,2017,1,169,151479,0,0.28056427260036676,-0.28056427260036676,0,4.307527776127369,TRUE,169
P. falciparum,model5,51003,Colíder,MT,2017,2,170,151479,0,0.2066243336955099,-0.2066243336955099,0,3.9609450814964453,TRUE,169
P. falciparum,model5,51003,Colíder,MT,2017,3,171,151479,0,0.1865452176307489,-0.1865452176307489,0,3.9609450814964453,TRUE,169
P. falciparum,model5,51004,Parecis,MT,2017,1,169,105594,0,0.007058853163881572,-0.007058853163881572,0,0.9470235051233973,TRUE,169
P. falciparum,model5,51004,Parecis,MT,2017,2,170,105594,0,0.008740287776520857,-0.008740287776520857,0,0.9470235051233973,TRUE,169
P. falciparum,model5,51004,Parecis,MT,2017,3,171,105594,0,0.013061043991911993,-0.013061043991911993,0,0.9470235051233973,TRUE,169
P. falciparum,model5,51005,Arinos,MT,2017,1,169,80229,0,0.006618366947479185,-0.006618366947479185,0,1.2464320881476774,TRUE,169
P. falciparum,model5,51005,Arinos,MT,2017,2,170,80229,0,0.0044941059644004605,-0.0044941059644004605,0,0,TRUE,169
P. falciparum,model5,51005,Arinos,MT,2017,3,171,80229,0,0.004475770716881717,-0.004475770716881717,0,1.2464320881476774,TRUE,169
P. falciparum,model5,51006,Alto Teles Pires,MT,2017,1,169,245379,0,0.03638414952461705,-0.03638414952461705,0,0.8150656739166758,TRUE,169
P. falciparum,model5,51006,Alto Teles Pires,MT,2017,2,170,245379,0.4075328369583379,0.017626056516111304,0.3899067804422266,0,0.8150656739166758,TRUE,169
P. falciparum,model5,51006,Alto Teles Pires,MT,2017,3,171,245379,0,0.010631875152565869,-0.010631875152565869,0,0.4075328369583379,TRUE,169
P. falciparum,model5,51007,Sinop,MT,2017,1,169,197588,0,0.004432233156239965,-0.004432233156239965,0,0.5061036095309431,TRUE,169
P. falciparum,model5,51007,Sinop,MT,2017,2,170,197588,0,0.003539837028644664,-0.003539837028644664,0,0.5061036095309431,TRUE,169
P. falciparum,model5,51007,Sinop,MT,2017,3,171,197588,0,0.003282699145079935,-0.003282699145079935,0,0.5061036095309431,TRUE,169
P. falciparum,model5,51008,Paranatinga,MT,2017,1,169,35339,0,2.936052815687054e-4,-2.936052815687054e-4,0,0,TRUE,169
P. falciparum,model5,51008,Paranatinga,MT,2017,2,170,35339,0,2.447441081825651e-4,-2.447441081825651e-4,0,0,TRUE,169
P. falciparum,model5,51008,Paranatinga,MT,2017,3,171,35339,0,2.480451796737796e-4,-2.480451796737796e-4,0,0,TRUE,169
P. falciparum,model5,51009,Norte Araguaia,MT,2017,1,169,126751,0,4.374905121615002e-4,-4.374905121615002e-4,0,0,TRUE,169
P. falciparum,model5,51009,Norte Araguaia,MT,2017,2,170,126751,0,3.3670513597234685e-4,-3.3670513597234685e-4,0,0,TRUE,169
P. falciparum,model5,51009,Norte Araguaia,MT,2017,3,171,126751,0,3.0661106438577203e-4,-3.0661106438577203e-4,0,0,TRUE,169
P. falciparum,model5,51010,Canarana,MT,2017,1,169,111341,0,3.0916548872480826e-4,-3.0916548872480826e-4,0,0,TRUE,169
P. falciparum,model5,51010,Canarana,MT,2017,2,170,111341,0,2.4115532611991406e-4,-2.4115532611991406e-4,0,0,TRUE,169
P. falciparum,model5,51010,Canarana,MT,2017,3,171,111341,0,2.659034230004117e-4,-2.659034230004117e-4,0,0,TRUE,169
P. falciparum,model5,51011,Médio Araguaia,MT,2017,1,169,67545,0,6.2415658975587766e-6,-6.2415658975587766e-6,0,0,TRUE,169
P. falciparum,model5,51011,Médio Araguaia,MT,2017,2,170,67545,0,4.7146431820008e-6,-4.7146431820008e-6,0,0,TRUE,169
P. falciparum,model5,51011,Médio Araguaia,MT,2017,3,171,67545,0,4.716762801730829e-6,-4.716762801730829e-6,0,0,TRUE,169
P. falciparum,model5,51012,Alto Guaporé,MT,2017,1,169,72605,0,0.0029962847371803884,-0.0029962847371803884,0,0,TRUE,169
P. falciparum,model5,51012,Alto Guaporé,MT,2017,2,170,72605,0,0.0026789145822302524,-0.0026789145822302524,0,0,TRUE,169
P. falciparum,model5,51012,Alto Guaporé,MT,2017,3,171,72605,0,0.0028086019003195077,-0.0028086019003195077,0,0,TRUE,169
P. falciparum,model5,51013,Tangará da Serra,MT,2017,1,169,164025,0,0.10575610279947198,-0.10575610279947198,0,0.6096631611034904,TRUE,169
P. falciparum,model5,51013,Tangará da Serra,MT,2017,2,170,164025,0,0.09426866316049906,-0.09426866316049906,0,0.6096631611034904,TRUE,169
P. falciparum,model5,51013,Tangará da Serra,MT,2017,3,171,164025,0,0.11149654406730836,-0.11149654406730836,0,0.6096631611034904,TRUE,169
P. falciparum,model5,51014,Jauru,MT,2017,1,169,107777,0,0.0018386572668094418,-0.0018386572668094418,0,0,TRUE,169
P. falciparum,model5,51014,Jauru,MT,2017,2,170,107777,0,0.0014699697176412305,-0.0014699697176412305,0,0,TRUE,169
P. falciparum,model5,51014,Jauru,MT,2017,3,171,107777,0,0.0014064105604578822,-0.0014064105604578822,0,0,TRUE,169
P. falciparum,model5,51015,Alto Paraguai,MT,2017,1,169,32480,0,0.002430130700930182,-0.002430130700930182,0,0,TRUE,169
P. falciparum,model5,51015,Alto Paraguai,MT,2017,2,170,32480,0,0.0022393932744101874,-0.0022393932744101874,0,0,TRUE,169
P. falciparum,model5,51015,Alto Paraguai,MT,2017,3,171,32480,0,0.002279466672858787,-0.002279466672858787,0,0,TRUE,169
P. falciparum,model5,51016,Rosário Oeste,MT,2017,1,169,30173,0,0.0010357355610456568,-0.0010357355610456568,0,0,TRUE,169
P. falciparum,model5,51016,Rosário Oeste,MT,2017,2,170,30173,0,7.666739679663008e-4,-7.666739679663008e-4,0,0,TRUE,169
P. falciparum,model5,51016,Rosário Oeste,MT,2017,3,171,30173,0,7.250835974242451e-4,-7.250835974242451e-4,0,0,TRUE,169
P. falciparum,model5,51017,Cuiabá,MT,2017,1,169,914056,0,0.025665996203330946,-0.025665996203330946,0,0.43760994949981186,TRUE,169
P. falciparum,model5,51017,Cuiabá,MT,2017,2,170,914056,0,0.018902380390483232,-0.018902380390483232,0,0.32820746212485885,TRUE,169
P. falciparum,model5,51017,Cuiabá,MT,2017,3,171,914056,0,0.016949323600069618,-0.016949323600069618,0,0.32820746212485885,TRUE,169
P. falciparum,model5,51018,Alto Pantanal,MT,2017,1,169,136433,0,0.0014676834148820588,-0.0014676834148820588,0,0.3848042628982557,TRUE,169
P. falciparum,model5,51018,Alto Pantanal,MT,2017,2,170,136433,0,0.0010620122064605474,-0.0010620122064605474,0,0,TRUE,169
P. falciparum,model5,51018,Alto Pantanal,MT,2017,3,171,136433,0,8.623997433876861e-4,-8.623997433876861e-4,0,0,TRUE,169
P. falciparum,model5,51019,Primavera do Leste,MT,2017,1,169,99226,0,4.865650247806027e-4,-4.865650247806027e-4,0,0,TRUE,169
P. falciparum,model5,51019,Primavera do Leste,MT,2017,2,170,99226,0,4.147365357854352e-4,-4.147365357854352e-4,0,0,TRUE,169
P. falciparum,model5,51019,Primavera do Leste,MT,2017,3,171,99226,0,3.8026447906954337e-4,-3.8026447906954337e-4,0,0,TRUE,169
P. falciparum,model5,51020,Tesouro,MT,2017,1,169,54389,0,0.0025192989573796037,-0.0025192989573796037,0,0,TRUE,169
P. falciparum,model5,51020,Tesouro,MT,2017,2,170,54389,0,0.002063768785694035,-0.002063768785694035,0,0,TRUE,169
P. falciparum,model5,51020,Tesouro,MT,2017,3,171,54389,0,0.001990419232917339,-0.001990419232917339,0,0,TRUE,169
P. falciparum,model5,51021,Rondonópolis,MT,2017,1,169,306100,0,4.717159271190591e-4,-4.717159271190591e-4,0,0,TRUE,169
P. falciparum,model5,51021,Rondonópolis,MT,2017,2,170,306100,0,3.392124600799855e-4,-3.392124600799855e-4,0,0,TRUE,169
P. falciparum,model5,51021,Rondonópolis,MT,2017,3,171,306100,0,2.587656262495387e-4,-2.587656262495387e-4,0,0,TRUE,169
P. falciparum,model5,51022,Alto Araguaia,MT,2017,1,169,39942,0,1.6936897800009367e-5,-1.6936897800009367e-5,0,0,TRUE,169
P. falciparum,model5,51022,Alto Araguaia,MT,2017,2,170,39942,0,1.542197702359863e-5,-1.542197702359863e-5,0,0,TRUE,169
P. falciparum,model5,51022,Alto Araguaia,MT,2017,3,171,39942,0,1.5144128736317636e-5,-1.5144128736317636e-5,0,0,TRUE,169
P. falciparum,model5,11001,Porto Velho,RO,2018,1,181,662715,8.75187674943226,10.353667358209686,-1.601790608777426,2.8594493862369195,80.24188376602307,TRUE,181
P. falciparum,model5,11001,Porto Velho,RO,2018,2,182,662715,7.846510189146163,8.50115563160584,-0.6546454424596773,1.954082825950824,66.18606791758145,TRUE,181
P. falciparum,model5,11001,Porto Velho,RO,2018,3,183,662715,7.393826909003116,8.973055454970522,-1.579228545967406,2.565205254143938,67.99680103815362,TRUE,181
P. falciparum,model5,11002,Guajará-Mirim,RO,2018,1,181,83480,0,0.3079880397057371,-0.3079880397057371,0,4.791566842357451,TRUE,181
P. falciparum,model5,11002,Guajará-Mirim,RO,2018,2,182,83480,1.1978917105893627,0.26284162520108667,0.935050085388276,0,3.593675131768088,TRUE,181
P. falciparum,model5,11002,Guajará-Mirim,RO,2018,3,183,83480,1.1978917105893627,0.28017392096772686,0.9177177896216359,0,4.791566842357451,TRUE,181
P. falciparum,model5,11003,Ariquemes,RO,2018,1,181,202900,1.4785608674223756,0.9519478654409408,0.5266130019814348,0,10.608674223755534,TRUE,181
P. falciparum,model5,11003,Ariquemes,RO,2018,2,182,202900,1.4785608674223756,0.7767158422186192,0.7018450252037564,0,8.378511582060128,TRUE,181
P. falciparum,model5,11003,Ariquemes,RO,2018,3,183,202900,0,0.7456254757002454,-0.7456254757002454,0,9.130113356333158,TRUE,181
P. falciparum,model5,11004,Ji-Paraná,RO,2018,1,181,295352,0.677158102873859,0.2594858629033513,0.41767223997050773,0,3.224965464936745,TRUE,181
P. falciparum,model5,11004,Ji-Paraná,RO,2018,2,182,295352,0,0.18779651792900603,-0.18779651792900603,0,3.0472114629323652,TRUE,181
P. falciparum,model5,11004,Ji-Paraná,RO,2018,3,183,295352,0,0.2101521050437592,-0.2101521050437592,0,3.7412985183780556,TRUE,181
P. falciparum,model5,11005,Alvorada D'Oeste,RO,2018,1,181,69972,0,0.5065793085759547,-0.5065793085759547,0,7.145715429028754,TRUE,181
P. falciparum,model5,11005,Alvorada D'Oeste,RO,2018,2,182,69972,0,0.37434249304572803,-0.37434249304572803,0,5.716572343223003,TRUE,181
P. falciparum,model5,11005,Alvorada D'Oeste,RO,2018,3,183,69972,0,0.3439169923754069,-0.3439169923754069,0,5.716572343223003,TRUE,181
P. falciparum,model5,11006,Cacoal,RO,2018,1,181,236369,0.42306732270306174,0.07204134702939571,0.351025975673666,0,1.2692019681091853,TRUE,181
P. falciparum,model5,11006,Cacoal,RO,2018,2,182,236369,0.42306732270306174,0.05616698111659833,0.3669003415864634,0,1.0682449898252213,TRUE,181
P. falciparum,model5,11006,Cacoal,RO,2018,3,183,236369,0.42306732270306174,0.06000008660975099,0.36306723609331076,0,1.2692019681091853,TRUE,181
P. falciparum,model5,11007,Vilhena,RO,2018,1,181,158934,0,0.19039181258843976,-0.19039181258843976,0,2.5167679665773215,TRUE,181
P. falciparum,model5,11007,Vilhena,RO,2018,2,182,158934,0,0.14535703780911033,-0.14535703780911033,0,1.887575974932991,TRUE,181
P. falciparum,model5,11007,Vilhena,RO,2018,3,183,158934,1.887575974932991,0.15661693163647628,1.7309590432965147,0,2.5167679665773215,TRUE,181
P. falciparum,model5,11008,Colorado do Oeste,RO,2018,1,181,47867,0,0.12802867947009366,-0.12802867947009366,0,4.178243884095514,TRUE,181
P. falciparum,model5,11008,Colorado do Oeste,RO,2018,2,182,47867,0,0.10017016535523521,-0.10017016535523521,0,2.089121942047757,TRUE,181
P. falciparum,model5,11008,Colorado do Oeste,RO,2018,3,183,47867,0,0.11030287583709246,-0.11030287583709246,0,4.178243884095514,TRUE,181
P. falciparum,model5,12001,Cruzeiro do Sul,AC,2018,1,181,154965,567.8701642306328,306.12833104834857,261.7418331822842,96.08621301584229,2360.016777982116,TRUE,181
P. falciparum,model5,12001,Cruzeiro do Sul,AC,2018,2,182,154965,447.8430613364308,222.5034144438482,225.33964689258264,65.99877391669088,1664.956603103923,TRUE,181
P. falciparum,model5,12001,Cruzeiro do Sul,AC,2018,3,183,154965,347.175168586455,222.25398637142376,124.92118221503125,77.45297325202466,1732.3589197560707,TRUE,181
P. falciparum,model5,12002,Tarauacá,AC,2018,1,181,84810,0,0.8888311886462745,-0.8888311886462745,0,10.611956137247967,TRUE,181
P. falciparum,model5,12002,Tarauacá,AC,2018,2,182,84810,2.358212474943992,0.612829304770325,1.745383170173667,0,8.253743662303973,TRUE,181
P. falciparum,model5,12002,Tarauacá,AC,2018,3,183,84810,4.716424949887984,0.5797761775457179,4.136648772342267,0,9.432849899775968,TRUE,181
P. falciparum,model5,12003,Sena Madureira,AC,2018,1,181,60875,0,0.01744775347415196,-0.01744775347415196,0,1.642710472279261,TRUE,181
P. falciparum,model5,12003,Sena Madureira,AC,2018,2,182,60875,0,0.015057773437496876,-0.015057773437496876,0,1.642710472279261,TRUE,181
P. falciparum,model5,12003,Sena Madureira,AC,2018,3,183,60875,0,0.016653223848739712,-0.016653223848739712,0,1.642710472279261,TRUE,181
P. falciparum,model5,12004,Rio Branco,AC,2018,1,181,498297,1.8061517528702762,0.6518802672642474,1.1542714856060288,0,6.82323995528771,TRUE,181
P. falciparum,model5,12004,Rio Branco,AC,2018,2,182,498297,1.0034176404834867,0.48783915262240723,0.5155784878610794,0,5.122447054668195,TRUE,181
P. falciparum,model5,12004,Rio Branco,AC,2018,3,183,498297,0.20068352809669734,0.5482650211362425,-0.3475814930395452,0,5.217771730514131,TRUE,181
P. falciparum,model5,12005,Brasiléia,AC,2018,1,181,70318,0,0.008240867881141183,-0.008240867881141183,0,1.4221109815409996,TRUE,181
P. falciparum,model5,12005,Brasiléia,AC,2018,2,182,70318,0,0.004772892167063239,-0.004772892167063239,0,0,TRUE,181
P. falciparum,model5,12005,Brasiléia,AC,2018,3,183,70318,1.4221109815409996,0.0037067449447115413,1.4184042365962881,0,0,FALSE,181
P. falciparum,model5,13001,Rio Negro,AM,2018,1,181,115590,582.2302967384721,182.5839298497467,399.6463668887254,54.91391988926378,1824.1629898780106,TRUE,181
P. falciparum,model5,13001,Rio Negro,AM,2018,2,182,115590,497.44787611385067,168.51526687132207,328.9326092425286,60.0614239986158,1660.4810104680303,TRUE,181
P. falciparum,model5,13001,Rio Negro,AM,2018,3,183,115590,551.0857340600397,195.48789166750475,355.59784239253497,67.0256942642097,1956.4841249242977,TRUE,181
P. falciparum,model5,13002,Japurá,AM,2018,1,181,21451,9.323574658524079,6.795943142270995,2.5276315162530834,0,74.58859726819263,TRUE,181
P. falciparum,model5,13002,Japurá,AM,2018,2,182,21451,4.661787329262039,5.98272333415358,-1.320936004891541,0,65.26502260966855,TRUE,181
P. falciparum,model5,13002,Japurá,AM,2018,3,183,21451,0,7.787408126049628,-7.787408126049628,0,83.91217192671671,TRUE,181
P. falciparum,model5,13003,Alto Solimões,AM,2018,1,181,249343,29.67799376762131,9.802962325246044,19.875031442375267,1.2031619094981612,97.72682609898808,TRUE,181
P. falciparum,model5,13003,Alto Solimões,AM,2018,2,182,249343,34.49064140561396,12.60477710949849,21.885864296115464,2.596824454666865,118.5415271333063,TRUE,181
P. falciparum,model5,13003,Alto Solimões,AM,2018,3,183,249343,23.662184220130502,16.49538618409355,7.166798036036951,2.9978784244995853,156.12028410663194,TRUE,181
P. falciparum,model5,13004,Juruá,AM,2018,1,181,150133,78.59697734675255,26.294331260647144,52.30264608610541,8.658989029726975,264.49881105419854,TRUE,181
P. falciparum,model5,13004,Juruá,AM,2018,2,182,150133,69.2719122378158,24.59923257536215,44.672679662453646,7.959609146556721,260.1526646373536,TRUE,181
P. falciparum,model5,13004,Juruá,AM,2018,3,183,150133,44.62709730705441,31.705182318908378,12.921914988146035,8.975375167351615,321.01536637514675,TRUE,181
P. falciparum,model5,13005,Tefé,AM,2018,1,181,89401,8.948445766825875,7.4534082612517425,1.4950375055741327,0,63.226362121229045,TRUE,181
P. falciparum,model5,13005,Tefé,AM,2018,2,182,89401,2.237111441706469,6.812185281274251,-4.575073839567782,0,65.57532913502072,TRUE,181
P. falciparum,model5,13005,Tefé,AM,2018,3,183,89401,7.82989004597264,8.619513261520598,-0.7896232155479588,0,72.17480788805493,TRUE,181
P. falciparum,model5,13006,Coari,AM,2018,1,181,178314,0.5608084614780668,0.14586715321804805,0.4149413082600188,0,2.2432338459122674,TRUE,181
P. falciparum,model5,13006,Coari,AM,2018,2,182,178314,0.5608084614780668,0.15616159794777887,0.404646863530288,0,2.804042307390334,TRUE,181
P. falciparum,model5,13006,Coari,AM,2018,3,183,178314,0,0.20145867141506604,-0.20145867141506604,0,3.659275211144373,TRUE,181
P. falciparum,model5,13007,Manaus,AM,2018,1,181,2426207,0.6594655773394438,0.3879504468034379,0.2715151305360059,0.041216598583715236,3.7589537908348225,TRUE,181
P. falciparum,model5,13007,Manaus,AM,2018,2,182,2426207,0.3297327886697219,0.3171100356863414,0.012622752983380503,0,2.9912946422131306,TRUE,181
P. falciparum,model5,13007,Manaus,AM,2018,3,183,2426207,0.6182489787557286,0.34850234963824245,0.26974662911748615,0.041216598583715236,3.2365334037862383,TRUE,181
P. falciparum,model5,13008,Rio Preto da Eva,AM,2018,1,181,67929,0,0.17485505343485477,-0.17485505343485477,0,4.4163759219184735,TRUE,181
P. falciparum,model5,13008,Rio Preto da Eva,AM,2018,2,182,67929,0,0.13256974311935116,-0.13256974311935116,0,2.944250614612316,TRUE,181
P. falciparum,model5,13008,Rio Preto da Eva,AM,2018,3,183,67929,5.888501229224632,0.1234365175797752,5.765064711644857,0,2.944250614612316,FALSE,181
P. falciparum,model5,13009,Itacoatiara,AM,2018,1,181,177387,0,0.0606287124944427,-0.0606287124944427,0,1.6912175074836375,TRUE,181
P. falciparum,model5,13009,Itacoatiara,AM,2018,2,182,177387,0,0.04384162581518866,-0.04384162581518866,0,0.8597022329708361,TRUE,181
P. falciparum,model5,13009,Itacoatiara,AM,2018,3,183,177387,0.5637391691612125,0.04668116212252068,0.5170580070386918,0,1.4234414021320487,TRUE,181
P. falciparum,model5,13010,Parintins,AM,2018,1,181,277264,5.410006347740781,2.166467413353465,3.243538934387316,0,24.02944486121526,TRUE,181
P. falciparum,model5,13010,Parintins,AM,2018,2,182,277264,1.4426683593975418,1.6662201523286368,-0.22355179293109506,0,15.698035085694492,TRUE,181
P. falciparum,model5,13010,Parintins,AM,2018,3,183,277264,1.8033354492469271,1.5429803849913246,0.2603550642556025,0,14.444716948467867,TRUE,181
P. falciparum,model5,13011,Boca do Acre,AM,2018,1,181,53305,0,4.949729922836222,-4.949729922836222,0,64.7687834161898,TRUE,181
P. falciparum,model5,13011,Boca do Acre,AM,2018,2,182,53305,3.7519932464121566,3.6454888602859215,0.10650438612623514,0,53.51280367695334,TRUE,181
P. falciparum,model5,13011,Boca do Acre,AM,2018,3,183,53305,0,4.128188791017789,-4.128188791017789,0,58.249695150548646,TRUE,181
P. falciparum,model5,13012,Purus,AM,2018,1,181,77994,8.975049362771495,15.203940852261727,-6.228891489490232,2.564299817934713,175.71864502397614,TRUE,181
P. falciparum,model5,13012,Purus,AM,2018,2,182,77994,5.128599635869426,15.540332570852597,-10.41173293498317,2.564299817934713,164.11518834782163,TRUE,181
P. falciparum,model5,13012,Purus,AM,2018,3,183,77994,14.10364899864092,20.007620685665213,-5.903971687024292,3.8464497269020694,217.35646331769107,TRUE,181
P. falciparum,model5,13013,Madeira,AM,2018,1,181,196293,4.075540136428706,10.998451500689999,-6.922911364261293,2.5472125852679413,93.06241180276416,TRUE,181
P. falciparum,model5,13013,Madeira,AM,2018,2,182,196293,4.584982653482294,10.028961771936379,-5.4439791184540844,2.5472125852679413,84.32547263529518,TRUE,181
P. falciparum,model5,13013,Madeira,AM,2018,3,183,196293,2.5472125852679413,12.363903407960343,-9.816690822692403,2.5217404594152635,102.18143285802343,TRUE,181
P. falciparum,model5,14001,Boa Vista,RR,2018,1,181,418986,67.54402295064752,18.53487765310804,49.009145297539476,4.158850176378209,170.73959511773643,TRUE,181
P. falciparum,model5,14001,Boa Vista,RR,2018,2,182,418986,53.462406858463055,14.623244179671099,38.83916267879196,4.296086265412209,156.0911343099763,TRUE,181
P. falciparum,model5,14001,Boa Vista,RR,2018,3,183,418986,79.71626736931545,14.91156865815522,64.80469871116023,3.5800718878435083,123.09480507701912,TRUE,181
P. falciparum,model5,14002,Nordeste de Roraima,RR,2018,1,181,51495,9.709680551509855,6.685533419983065,3.0241471315267905,0,76.75502475968537,TRUE,181
P. falciparum,model5,14002,Nordeste de Roraima,RR,2018,2,182,51495,11.651616661811826,5.780189689158983,5.871426972652842,0,63.16147198757156,TRUE,181
P. falciparum,model5,14002,Nordeste de Roraima,RR,2018,3,183,51495,3.883872220603942,5.367948554681758,-1.4840763340778156,0,55.39372754636368,TRUE,181
P. falciparum,model5,14003,Caracaraí,RR,2018,1,181,50692,45.37205081669691,7.684452489043371,37.68759832765354,0,81.91627870275384,TRUE,181
P. falciparum,model5,14003,Caracaraí,RR,2018,2,182,50692,7.890791446382072,6.62522695645881,1.2655644899232614,0,66.13469580998971,TRUE,181
P. falciparum,model5,14003,Caracaraí,RR,2018,3,183,50692,5.918093584786554,7.149724516834558,-1.2316309320480041,0,70.08009153318073,TRUE,181
P. falciparum,model5,14004,Sudeste de Roraima,RR,2018,1,181,55395,1.8052170773535516,4.48197499645417,-2.676757919100618,0,45.220687787706396,TRUE,181
P. falciparum,model5,14004,Sudeste de Roraima,RR,2018,2,182,55395,23.467822005596172,3.721426573814273,19.7463954317819,0,33.441646357974506,TRUE,181
P. falciparum,model5,14004,Sudeste de Roraima,RR,2018,3,183,55395,108.3130246412131,3.222881195241127,105.09014344597198,0,35.24686343532806,FALSE,181
P. falciparum,model5,15001,Óbidos,PA,2018,1,181,206970,0,0.061559598716261404,-0.061559598716261404,0,1.4494854326714017,TRUE,181
P. falciparum,model5,15001,Óbidos,PA,2018,2,182,206970,0,0.04539447904701204,-0.04539447904701204,0,0.4831618108904672,TRUE,181
P. falciparum,model5,15001,Óbidos,PA,2018,3,183,206970,0.4831618108904672,0.04449911807590255,0.43866269281456466,0,0.9663236217809344,TRUE,181
P. falciparum,model5,15002,Santarém,PA,2018,1,181,525029,2.0951223646693804,1.729159284840328,0.3659630798290523,0,21.71784796649319,TRUE,181
P. falciparum,model5,15002,Santarém,PA,2018,2,182,525029,3.999779059823362,1.4768679182441233,2.5229111415792387,0,16.870496677326383,TRUE,181
P. falciparum,model5,15002,Santarém,PA,2018,3,183,525029,6.475832763523538,1.6062542783670966,4.869578485156442,0,18.19423308045841,TRUE,181
P. falciparum,model5,15003,Almeirim,PA,2018,1,181,74600,1.3404825737265416,1.4057164283671861,-0.06523385464064457,0,18.130026809651447,TRUE,181
P. falciparum,model5,15003,Almeirim,PA,2018,2,182,74600,5.361930294906166,1.1367019396506952,4.225228355255471,0,15.44906166219836,TRUE,181
P. falciparum,model5,15003,Almeirim,PA,2018,3,183,74600,1.3404825737265416,1.0347093196189288,0.3057732541076128,0,12.064343163538874,TRUE,181
P. falciparum,model5,15004,Portel,PA,2018,1,181,151541,0,0.02901288872671789,-0.02901288872671789,0,0.6598874232056011,TRUE,181
P. falciparum,model5,15004,Portel,PA,2018,2,182,151541,0,0.036230452021298744,-0.036230452021298744,0,1.0063283203885267,TRUE,181
P. falciparum,model5,15004,Portel,PA,2018,3,183,151541,0,0.046578301461847105,-0.046578301461847105,0,1.3197748464112022,TRUE,181
P. falciparum,model5,15005,Furos de Breves,PA,2018,1,181,229807,13.489580387020412,9.983854375271875,3.5057260117485374,2.817581709869587,98.2454842541784,TRUE,181
P. falciparum,model5,15005,Furos de Breves,PA,2018,2,182,229807,16.100466913540494,9.747390927421762,6.353075986118732,2.3824339554495735,103.71746726601003,TRUE,181
P. falciparum,model5,15005,Furos de Breves,PA,2018,3,183,229807,16.535614667960505,9.75358007068002,6.782034597280486,1.9472862010295602,105.32751395736419,TRUE,181
P. falciparum,model5,15006,Arari,PA,2018,1,181,175883,0.5685597812181962,0.43450717677460743,0.13405260444358874,0,6.5526514785396985,TRUE,181
P. falciparum,model5,15006,Arari,PA,2018,2,182,175883,0,0.6358754350808644,-0.6358754350808644,0,7.959836937054746,TRUE,181
P. falciparum,model5,15006,Arari,PA,2018,3,183,175883,0,0.875197816693284,-0.875197816693284,0,11.101129728285269,TRUE,181
P. falciparum,model5,15007,Belém,PA,2018,1,181,2345306,0.04263835934415381,0.04020745046111526,0.0024309088830385475,0,0.5116603121298458,TRUE,181
P. falciparum,model5,15007,Belém,PA,2018,2,182,2345306,0.08527671868830762,0.033022588875623406,0.052254129812684215,0,0.42638359344153814,TRUE,181
P. falciparum,model5,15007,Belém,PA,2018,3,183,2345306,0,0.034985693229151814,-0.034985693229151814,0,0.42638359344153814,TRUE,181
P. falciparum,model5,15008,Castanhal,PA,2018,1,181,339469,0,0.0019032500925999375,-0.0019032500925999375,0,0.29457770812651524,TRUE,181
P. falciparum,model5,15008,Castanhal,PA,2018,2,182,339469,0,0.0011180087527865065,-0.0011180087527865065,0,0.29457770812651524,TRUE,181
P. falciparum,model5,15008,Castanhal,PA,2018,3,183,339469,0,0.0010730709347612072,-0.0010730709347612072,0,0.29457770812651524,TRUE,181
P. falciparum,model5,15009,Salgado,PA,2018,1,181,269829,0,0.0046784542251782895,-0.0046784542251782895,0,0.37060508692542316,TRUE,181
P. falciparum,model5,15009,Salgado,PA,2018,2,182,269829,0,0.0030382557635331986,-0.0030382557635331986,0,0.37060508692542316,TRUE,181
P. falciparum,model5,15009,Salgado,PA,2018,3,183,269829,0,0.002480664814505889,-0.002480664814505889,0,0.37060508692542316,TRUE,181
P. falciparum,model5,15010,Bragantina,PA,2018,1,181,420667,0,0.018555738771548404,-0.018555738771548404,0,0.4754354394330908,TRUE,181
P. falciparum,model5,15010,Bragantina,PA,2018,2,182,420667,0,0.013743943547320368,-0.013743943547320368,0,0.2377177197165454,TRUE,181
P. falciparum,model5,15010,Bragantina,PA,2018,3,183,420667,0,0.017319639044358345,-0.017319639044358345,0,0.4754354394330908,TRUE,181
P. falciparum,model5,15011,Cametá,PA,2018,1,181,492940,0,0.057237542068798844,-0.057237542068798844,0,1.0143222298859902,TRUE,181
P. falciparum,model5,15011,Cametá,PA,2018,2,182,492940,0,0.053889750469765664,-0.053889750469765664,0,0.9179616180468164,TRUE,181
P. falciparum,model5,15011,Cametá,PA,2018,3,183,492940,0,0.05163642584475675,-0.05163642584475675,0,1.0143222298859902,TRUE,181
P. falciparum,model5,15012,Tomé-Açu,PA,2018,1,181,335866,0,0.02757453884638271,-0.02757453884638271,0,0.2977377882846135,TRUE,181
P. falciparum,model5,15012,Tomé-Açu,PA,2018,2,182,335866,0,0.017801671177438683,-0.017801671177438683,0,0.2977377882846135,TRUE,181
P. falciparum,model5,15012,Tomé-Açu,PA,2018,3,183,335866,0,0.017620256964614233,-0.017620256964614233,0,0.2977377882846135,TRUE,181
P. falciparum,model5,15013,Guamá,PA,2018,1,181,479227,0,0.0332920916336344,-0.0332920916336344,0,0.6260081339323535,TRUE,181
P. falciparum,model5,15013,Guamá,PA,2018,2,182,479227,0,0.030480763810070564,-0.030480763810070564,0,0.4173387559549024,TRUE,181
P. falciparum,model5,15013,Guamá,PA,2018,3,183,479227,0,0.035013471730536365,-0.035013471730536365,0,0.6260081339323535,TRUE,181
P. falciparum,model5,15014,Itaituba,PA,2018,1,181,220435,25.4043141969288,18.39825922857954,7.006054968349261,3.844670764624493,158.82232857758518,TRUE,181
P. falciparum,model5,15014,Itaituba,PA,2018,2,182,220435,30.3944473427541,15.563667797698129,14.83077954505597,3.391022296822193,135.25529067525568,TRUE,181
P. falciparum,model5,15014,Itaituba,PA,2018,3,183,220435,14.9703994374759,14.566093312079754,0.4043061253961451,4.298319232426794,134.13251071744497,TRUE,181
P. falciparum,model5,15015,Altamira,PA,2018,1,181,306088,0,0.1939158901217421,-0.1939158901217421,0,2.6136274535427724,TRUE,181
P. falciparum,model5,15015,Altamira,PA,2018,2,182,306088,0.32670343169284655,0.13918681231831162,0.18751661937453493,0,2.4584433234886625,TRUE,181
P. falciparum,model5,15015,Altamira,PA,2018,3,183,306088,0,0.11174439299283505,-0.11174439299283505,0,1.960220590157079,TRUE,181
P. falciparum,model5,15016,Tucuruí,PA,2018,1,181,379626,0,0.07634379964515005,-0.07634379964515005,0,1.3170857633565667,TRUE,181
P. falciparum,model5,15016,Tucuruí,PA,2018,2,182,379626,0,0.05465920385050159,-0.05465920385050159,0,1.0536686106852533,TRUE,181
P. falciparum,model5,15016,Tucuruí,PA,2018,3,183,379626,0,0.04180399927434665,-0.04180399927434665,0,0.79025145801394,TRUE,181
P. falciparum,model5,15017,Paragominas,PA,2018,1,181,344335,0,0.02932843340453298,-0.02932843340453298,0,0.580829715248232,TRUE,181
P. falciparum,model5,15017,Paragominas,PA,2018,2,182,344335,0,0.023691122585247585,-0.023691122585247585,0,0.580829715248232,TRUE,181
P. falciparum,model5,15017,Paragominas,PA,2018,3,183,344335,0,0.022713115813561714,-0.022713115813561714,0,0.580829715248232,TRUE,181
P. falciparum,model5,15018,São Félix do Xingu,PA,2018,1,181,212630,0,0.09707320117198583,-0.09707320117198583,0,1.8812020881343179,TRUE,181
P. falciparum,model5,15018,São Félix do Xingu,PA,2018,2,182,212630,0,0.074881643056131,-0.074881643056131,0,1.4109015661007385,TRUE,181
P. falciparum,model5,15018,São Félix do Xingu,PA,2018,3,183,212630,0,0.07216630488741407,-0.07216630488741407,0,1.4109015661007385,TRUE,181
P. falciparum,model5,15019,Parauapebas,PA,2018,1,181,317861,0,0.051884121724637695,-0.051884121724637695,0,0.9438087717587248,TRUE,181
P. falciparum,model5,15019,Parauapebas,PA,2018,2,182,317861,0,0.0396351586310574,-0.0396351586310574,0,0.9438087717587248,TRUE,181
P. falciparum,model5,15019,Parauapebas,PA,2018,3,183,317861,0,0.03749196204655325,-0.03749196204655325,0,0.6292058478391498,TRUE,181
P. falciparum,model5,15020,Marabá,PA,2018,1,181,329372,0,0.06381112322688072,-0.06381112322688072,0,0.9108242352112504,TRUE,181
P. falciparum,model5,15020,Marabá,PA,2018,2,182,329372,0,0.04927523729112028,-0.04927523729112028,0,1.0702184763732125,TRUE,181
P. falciparum,model5,15020,Marabá,PA,2018,3,183,329372,0.30360807840375015,0.046288857850722814,0.25731922055302736,0,0.9108242352112504,TRUE,181
P. falciparum,model5,15021,Redenção,PA,2018,1,181,195973,0,2.377620521892191e-4,-2.377620521892191e-4,0,0.5102743745311854,TRUE,181
P. falciparum,model5,15021,Redenção,PA,2018,2,182,195973,0,5.771605548516384e-4,-5.771605548516384e-4,0,0.5102743745311854,TRUE,181
P. falciparum,model5,15021,Redenção,PA,2018,3,183,195973,0,7.204208210746444e-4,-7.204208210746444e-4,0,0.5102743745311854,TRUE,181
P. falciparum,model5,15022,Conceição do Araguaia,PA,2018,1,181,160043,0,0.006317139798386171,-0.006317139798386171,0,0.624832076379473,TRUE,181
P. falciparum,model5,15022,Conceição do Araguaia,PA,2018,2,182,160043,0,0.006524117513114763,-0.006524117513114763,0,0.624832076379473,TRUE,181
P. falciparum,model5,15022,Conceição do Araguaia,PA,2018,3,183,160043,0,0.006842640440405539,-0.006842640440405539,0,0.624832076379473,TRUE,181
P. falciparum,model5,16001,Oiapoque,AP,2018,1,181,37553,0,9.28206249369452,-9.28206249369452,0,101.45660799403487,TRUE,181
P. falciparum,model5,16001,Oiapoque,AP,2018,2,182,37553,7.988709290868906,6.033867947974564,1.9548413428943423,0,61.24677122999494,TRUE,181
P. falciparum,model5,16001,Oiapoque,AP,2018,3,183,37553,5.325806193912603,6.160550965954576,-0.8347447720419723,0,65.30769845285324,TRUE,181
P. falciparum,model5,16002,Amapá,AP,2018,1,181,30877,3.238656605240146,2.369470222544155,0.8691863826959914,0,27.609547559672173,TRUE,181
P. falciparum,model5,16002,Amapá,AP,2018,2,182,30877,3.238656605240146,1.8580885059391972,1.380568099300949,0,24.370890954432028,TRUE,181
P. falciparum,model5,16002,Amapá,AP,2018,3,183,30877,6.477313210480292,1.4135477970223385,5.063765413457954,0,19.43193963144088,TRUE,181
P. falciparum,model5,16003,Macapá,AP,2018,1,181,674807,9.928764817199584,7.771288300097308,2.1574765171022756,2.0672577492527497,66.14854321309637,TRUE,181
P. falciparum,model5,16003,Macapá,AP,2018,2,182,674807,6.224001825707202,7.077849701373805,-0.8538478756666033,1.8486767327546991,58.7130838891711,TRUE,181
P. falciparum,model5,16003,Macapá,AP,2018,3,183,674807,12.448003651414403,5.317545237406968,7.130458414007435,1.4041051737756132,49.65864313796388,TRUE,181
P. falciparum,model5,16004,Mazagão,AP,2018,1,181,86257,11.59326199612785,38.39457714798131,-26.80131515185346,8.115283397289495,383.5340899868993,TRUE,181
P. falciparum,model5,16004,Mazagão,AP,2018,2,182,86257,42.89506938567305,35.62773689708385,7.267332488589197,12.143941940943925,336.92917676246554,TRUE,181
P. falciparum,model5,16004,Mazagão,AP,2018,3,183,86257,26.66450259109406,32.564960671178994,-5.900458080084935,6.95595719767671,322.90132974715095,TRUE,181
P. falciparum,model5,17001,Bico do Papagaio,TO,2018,1,181,214202,0,0.012853782409271125,-0.012853782409271125,0,0.4668490490284871,TRUE,181
P. falciparum,model5,17001,Bico do Papagaio,TO,2018,2,182,214202,0,0.010637090337107536,-0.010637090337107536,0,0.4668490490284871,TRUE,181
P. falciparum,model5,17001,Bico do Papagaio,TO,2018,3,183,214202,0,0.011406645617197626,-0.011406645617197626,0,0.4668490490284871,TRUE,181
P. falciparum,model5,17002,Araguaína,TO,2018,1,181,315817,0,0.0033821963681698423,-0.0033821963681698423,0,0.31663906629472127,TRUE,181
P. falciparum,model5,17002,Araguaína,TO,2018,2,182,315817,0,0.002636851121993712,-0.002636851121993712,0,0.31663906629472127,TRUE,181
P. falciparum,model5,17002,Araguaína,TO,2018,3,183,315817,0,0.0025942475608313324,-0.0025942475608313324,0,0.31663906629472127,TRUE,181
P. falciparum,model5,17003,Miracema do Tocantins,TO,2018,1,181,148745,0,0.002886267024181625,-0.002886267024181625,0,0.6722915055968267,TRUE,181
P. falciparum,model5,17003,Miracema do Tocantins,TO,2018,2,182,148745,0,0.002641234719380982,-0.002641234719380982,0,0.3529530404383187,TRUE,181
P. falciparum,model5,17003,Miracema do Tocantins,TO,2018,3,183,148745,0,0.0030489408800183303,-0.0030489408800183303,0,0.6722915055968267,TRUE,181
P. falciparum,model5,17004,Rio Formoso,TO,2018,1,181,126836,0,0.0010762160102379625,-0.0010762160102379625,0,0,TRUE,181
P. falciparum,model5,17004,Rio Formoso,TO,2018,2,182,126836,0,7.819156903188736e-4,-7.819156903188736e-4,0,0,TRUE,181
P. falciparum,model5,17004,Rio Formoso,TO,2018,3,183,126836,0,8.344676571058872e-4,-8.344676571058872e-4,0,0,TRUE,181
P. falciparum,model5,17005,Gurupi,TO,2018,1,181,149602,0,3.5096258369576676e-4,-3.5096258369576676e-4,0,0,TRUE,181
P. falciparum,model5,17005,Gurupi,TO,2018,2,182,149602,0,2.374928049239251e-4,-2.374928049239251e-4,0,0,TRUE,181
P. falciparum,model5,17005,Gurupi,TO,2018,3,183,149602,0,2.107508321098806e-4,-2.107508321098806e-4,0,0,TRUE,181
P. falciparum,model5,17006,Porto Nacional,TO,2018,1,181,396590,0,0.0032037828562988054,-0.0032037828562988054,0,0.25214957512796593,TRUE,181
P. falciparum,model5,17006,Porto Nacional,TO,2018,2,182,396590,0,0.002445084577672628,-0.002445084577672628,0,0.25214957512796593,TRUE,181
P. falciparum,model5,17006,Porto Nacional,TO,2018,3,183,396590,0,0.0023081649251566767,-0.0023081649251566767,0,0.25214957512796593,TRUE,181
P. falciparum,model5,17007,Jalapão,TO,2018,1,181,79443,0,1.067272035692263e-5,-1.067272035692263e-5,0,0,TRUE,181
P. falciparum,model5,17007,Jalapão,TO,2018,2,182,79443,0,8.587180357774284e-6,-8.587180357774284e-6,0,0,TRUE,181
P. falciparum,model5,17007,Jalapão,TO,2018,3,183,79443,0,8.098453819152826e-6,-8.098453819152826e-6,0,0,TRUE,181
P. falciparum,model5,17008,Dianópolis,TO,2018,1,181,123994,0,2.902117781313938e-6,-2.902117781313938e-6,0,0,TRUE,181
P. falciparum,model5,17008,Dianópolis,TO,2018,2,182,123994,0,2.3361057051563587e-6,-2.3361057051563587e-6,0,0,TRUE,181
P. falciparum,model5,17008,Dianópolis,TO,2018,3,183,123994,0,2.1905901801676822e-6,-2.1905901801676822e-6,0,0,TRUE,181
P. falciparum,model5,21001,Litoral Ocidental Maranhense,MA,2018,1,181,190870,0.5239168020118405,0.0016803563739138502,0.5222364456379267,0,0.5239168020118405,TRUE,181
P. falciparum,model5,21001,Litoral Ocidental Maranhense,MA,2018,2,182,190870,0,0.0014319502230242856,-0.0014319502230242856,0,0.5239168020118405,TRUE,181
P. falciparum,model5,21001,Litoral Ocidental Maranhense,MA,2018,3,183,190870,0,0.001606426173680336,-0.001606426173680336,0,0.5239168020118405,TRUE,181
P. falciparum,model5,21002,Aglomeração Urbana de São Luís,MA,2018,1,181,1421946,0.07032615865862699,0.033975708847939164,0.03635044981068782,0,0.42195695195176186,TRUE,181
P. falciparum,model5,21002,Aglomeração Urbana de São Luís,MA,2018,2,182,1421946,0,0.03144186090960328,-0.03144186090960328,0,0.4922831106103888,TRUE,181
P. falciparum,model5,21002,Aglomeração Urbana de São Luís,MA,2018,3,183,1421946,0,0.03138627310959379,-0.03138627310959379,0,0.42195695195176186,TRUE,181
P. falciparum,model5,21003,Rosário,MA,2018,1,181,177073,0,0.0018696700387188857,-0.0018696700387188857,0,0.564738836525049,TRUE,181
P. falciparum,model5,21003,Rosário,MA,2018,2,182,177073,0,0.0012310867730367166,-0.0012310867730367166,0,0,TRUE,181
P. falciparum,model5,21003,Rosário,MA,2018,3,183,177073,0,0.0011259781921019252,-0.0011259781921019252,0,0,TRUE,181
P. falciparum,model5,21004,Lençóis Maranhenses,MA,2018,1,181,195389,0,4.941383879879645e-4,-4.941383879879645e-4,0,0,TRUE,181
P. falciparum,model5,21004,Lençóis Maranhenses,MA,2018,2,182,195389,0,3.2834157352972323e-4,-3.2834157352972323e-4,0,0,TRUE,181
P. falciparum,model5,21004,Lençóis Maranhenses,MA,2018,3,183,195389,0,3.0035934203868344e-4,-3.0035934203868344e-4,0,0,TRUE,181
P. falciparum,model5,21005,Baixada Maranhense,MA,2018,1,181,601025,0.16638243001539038,0.05059527301464821,0.11578715700074217,0,0.6655297200615615,TRUE,181
P. falciparum,model5,21005,Baixada Maranhense,MA,2018,2,182,601025,0,0.040442713081253474,-0.040442713081253474,0,0.49914729004617114,TRUE,181
P. falciparum,model5,21005,Baixada Maranhense,MA,2018,3,183,601025,0,0.043865360948595764,-0.043865360948595764,0,0.831912150076952,TRUE,181
P. falciparum,model5,21006,Itapecuru Mirim,MA,2018,1,181,233753,0,0.0020228783837413084,-0.0020228783837413084,0,0.42780199612411396,TRUE,181
P. falciparum,model5,21006,Itapecuru Mirim,MA,2018,2,182,233753,0,0.0019658920607486213,-0.0019658920607486213,0,0.42780199612411396,TRUE,181
P. falciparum,model5,21006,Itapecuru Mirim,MA,2018,3,183,233753,0,0.0024090526502158253,-0.0024090526502158253,0,0.42780199612411396,TRUE,181
P. falciparum,model5,21007,Gurupi,MA,2018,1,181,240239,0,0.0868443948711529,-0.0868443948711529,0,1.2487564467051562,TRUE,181
P. falciparum,model5,21007,Gurupi,MA,2018,2,182,240239,0,0.07850745447902328,-0.07850745447902328,0,1.2487564467051562,TRUE,181
P. falciparum,model5,21007,Gurupi,MA,2018,3,183,240239,0,0.10871951345784228,-0.10871951345784228,0,1.6650085956068748,TRUE,181
P. falciparum,model5,21008,Pindaré,MA,2018,1,181,662890,1.2068367300758798,0.2940083888988691,0.9128283411770106,0,2.9454358943414407,TRUE,181
P. falciparum,model5,21008,Pindaré,MA,2018,2,182,662890,0.4525637737784549,0.25507743458887916,0.19748633918957575,0,3.096290485600926,TRUE,181
P. falciparum,model5,21008,Pindaré,MA,2018,3,183,662890,0.4525637737784549,0.26147890538789137,0.19108486839056354,0,2.873779963493182,TRUE,181
P. falciparum,model5,21009,Imperatriz,MA,2018,1,181,597823,0.16727359101272452,0.08218154263989573,0.08509204837282879,0,1.1709151370890716,TRUE,181
P. falciparum,model5,21009,Imperatriz,MA,2018,2,182,597823,0,0.061319693100388435,-0.061319693100388435,0,1.003641546076347,TRUE,181
P. falciparum,model5,21009,Imperatriz,MA,2018,3,183,597823,0.16727359101272452,0.059669444544099226,0.10760414646862529,0,0.8363679550636226,TRUE,181
P. falciparum,model5,21010,Médio Mearim,MA,2018,1,181,424133,1.6504256919409714,0.10548218409434339,1.544943507846628,0,1.4146505930922613,FALSE,181
P. falciparum,model5,21010,Médio Mearim,MA,2018,2,182,424133,0.47155019769742035,0.10874645720293105,0.36280374049448927,0,1.4146505930922613,TRUE,181
P. falciparum,model5,21010,Médio Mearim,MA,2018,3,183,424133,0.23577509884871017,0.15717411058644357,0.07860098826226661,0,2.121975889638392,TRUE,181
P. falciparum,model5,21011,Alto Mearim e Grajaú,MA,2018,1,181,334288,0.29914325372134204,0.432585436237577,-0.13344218251623496,0,4.188005552098789,TRUE,181
P. falciparum,model5,21011,Alto Mearim e Grajaú,MA,2018,2,182,334288,0,0.35048926734453273,-0.35048926734453273,0,4.188005552098789,TRUE,181
P. falciparum,model5,21011,Alto Mearim e Grajaú,MA,2018,3,183,334288,0.29914325372134204,0.3449213763105761,-0.04577812258923408,0,3.888862298377447,TRUE,181
P. falciparum,model5,21012,Presidente Dutra,MA,2018,1,181,199032,0.5024317697656658,0.09228854139190709,0.4101432283737587,0,1.5072953092969974,TRUE,181
P. falciparum,model5,21012,Presidente Dutra,MA,2018,2,182,199032,0,0.09103403638301814,-0.09103403638301814,0,1.5072953092969974,TRUE,181
P. falciparum,model5,21012,Presidente Dutra,MA,2018,3,183,199032,0,0.12684089681685887,-0.12684089681685887,0,2.0097270790626633,TRUE,181
P. falciparum,model5,21013,Baixo Parnaíba Maranhense,MA,2018,1,181,145296,0,0.10048955086512143,-0.10048955086512143,0,0.6882501927100539,TRUE,181
P. falciparum,model5,21013,Baixo Parnaíba Maranhense,MA,2018,2,182,145296,0,0.07811801236079072,-0.07811801236079072,0,0.6882501927100539,TRUE,181
P. falciparum,model5,21013,Baixo Parnaíba Maranhense,MA,2018,3,183,145296,0,0.0599176869871981,-0.0599176869871981,0,0.6882501927100539,TRUE,181
P. falciparum,model5,21014,Chapadinha,MA,2018,1,181,243323,0,0.0032976607605251346,-0.0032976607605251346,0,0.4109763565302088,TRUE,181
P. falciparum,model5,21014,Chapadinha,MA,2018,2,182,243323,0,0.002753575123683027,-0.002753575123683027,0,0.4109763565302088,TRUE,181
P. falciparum,model5,21014,Chapadinha,MA,2018,3,183,243323,0,0.0027143126042601445,-0.0027143126042601445,0,0.4109763565302088,TRUE,181
P. falciparum,model5,21015,Codó,MA,2018,1,181,277501,0,0.008066326132798595,-0.008066326132798595,0,0.3603590617691468,TRUE,181
P. falciparum,model5,21015,Codó,MA,2018,2,182,277501,0,0.00686679514557321,-0.00686679514557321,0,0.3603590617691468,TRUE,181
P. falciparum,model5,21015,Codó,MA,2018,3,183,277501,0,0.00783025429441519,-0.00783025429441519,0,0.3603590617691468,TRUE,181
P. falciparum,model5,21016,Coelho Neto,MA,2018,1,181,93313,0,0.007373115492483798,-0.007373115492483798,0,1.0716620406588577,TRUE,181
P. falciparum,model5,21016,Coelho Neto,MA,2018,2,182,93313,0,0.005570856363717459,-0.005570856363717459,0,1.0716620406588577,TRUE,181
P. falciparum,model5,21016,Coelho Neto,MA,2018,3,183,93313,0,0.00540455360034789,-0.00540455360034789,0,1.0716620406588577,TRUE,181
P. falciparum,model5,21017,Caxias,MA,2018,1,181,442882,0,0.008550416950621347,-0.008550416950621347,0,0.22579377802665268,TRUE,181
P. falciparum,model5,21017,Caxias,MA,2018,2,182,442882,0,0.008968646628716532,-0.008968646628716532,0,0.22579377802665268,TRUE,181
P. falciparum,model5,21017,Caxias,MA,2018,3,183,442882,0,0.012767337916754776,-0.012767337916754776,0,0.22579377802665268,TRUE,181
P. falciparum,model5,21018,Chapadas do Alto Itapecuru,MA,2018,1,181,220558,0,0.017721781897183913,-0.017721781897183913,0,0.6914281050789259,TRUE,181
P. falciparum,model5,21018,Chapadas do Alto Itapecuru,MA,2018,2,182,220558,0,0.018333573880074342,-0.018333573880074342,0,0.453395478740286,TRUE,181
P. falciparum,model5,21018,Chapadas do Alto Itapecuru,MA,2018,3,183,220558,0,0.023746609671718075,-0.023746609671718075,0,0.6914281050789259,TRUE,181
P. falciparum,model5,21019,Porto Franco,MA,2018,1,181,119474,0,0.009370846120648119,-0.009370846120648119,0,0.8370021929457456,TRUE,181
P. falciparum,model5,21019,Porto Franco,MA,2018,2,182,119474,0,0.005561360272158221,-0.005561360272158221,0,0.8370021929457456,TRUE,181
P. falciparum,model5,21019,Porto Franco,MA,2018,3,183,119474,0,0.004306853053964181,-0.004306853053964181,0,0.8370021929457456,TRUE,181
P. falciparum,model5,21020,Gerais de Balsas,MA,2018,1,181,142177,0,2.2295840354885204e-4,-2.2295840354885204e-4,0,0,TRUE,181
P. falciparum,model5,21020,Gerais de Balsas,MA,2018,2,182,142177,0,1.983534078298628e-4,-1.983534078298628e-4,0,0,TRUE,181
P. falciparum,model5,21020,Gerais de Balsas,MA,2018,3,183,142177,0,1.9967939517722243e-4,-1.9967939517722243e-4,0,0,TRUE,181
P. falciparum,model5,21021,Chapadas das Mangabeiras,MA,2018,1,181,72070,0,8.269087711673934e-5,-8.269087711673934e-5,0,0,TRUE,181
P. falciparum,model5,21021,Chapadas das Mangabeiras,MA,2018,2,182,72070,0,6.243039340398655e-5,-6.243039340398655e-5,0,0,TRUE,181
P. falciparum,model5,21021,Chapadas das Mangabeiras,MA,2018,3,183,72070,0,6.198792233636604e-5,-6.198792233636604e-5,0,0,TRUE,181
P. falciparum,model5,51001,Aripuanã,MT,2018,1,181,166705,0.5998620317327015,0.05620780026738697,0.5436542314653146,0,1.199724063465403,TRUE,181
P. falciparum,model5,51001,Aripuanã,MT,2018,2,182,166705,0,0.045620947663231964,-0.045620947663231964,0,1.199724063465403,TRUE,181
P. falciparum,model5,51001,Aripuanã,MT,2018,3,183,166705,0,0.044566600823290246,-0.044566600823290246,0,1.199724063465403,TRUE,181
P. falciparum,model5,51002,Alta Floresta,MT,2018,1,181,107187,0,0.30025916641636546,-0.30025916641636546,0,4.66474479181244,TRUE,181
P. falciparum,model5,51002,Alta Floresta,MT,2018,2,182,107187,0,0.19064187844396688,-0.19064187844396688,0,2.798846875087464,TRUE,181
P. falciparum,model5,51002,Alta Floresta,MT,2018,3,183,107187,0,0.15198900013916453,-0.15198900013916453,0,2.798846875087464,TRUE,181
P. falciparum,model5,51003,Colíder,MT,2018,1,181,155831,0,0.14601185493234084,-0.14601185493234084,0,2.903786794668569,TRUE,181
P. falciparum,model5,51003,Colíder,MT,2018,2,182,155831,1.2834416772015838,0.10688607956979304,1.1765555976317907,0,1.9251625158023757,TRUE,181
P. falciparum,model5,51003,Colíder,MT,2018,3,183,155831,0,0.09755771413342229,-0.09755771413342229,0,1.9251625158023757,TRUE,181
P. falciparum,model5,51004,Parecis,MT,2018,1,181,108739,0,0.005302206965812601,-0.005302206965812601,0,0.9196332502597965,TRUE,181
P. falciparum,model5,51004,Parecis,MT,2018,2,182,108739,0,0.006478972871574245,-0.006478972871574245,0,0.9196332502597965,TRUE,181
P. falciparum,model5,51004,Parecis,MT,2018,3,183,108739,0,0.010011008313855235,-0.010011008313855235,0,0.9196332502597965,TRUE,181
P. falciparum,model5,51005,Arinos,MT,2018,1,181,82534,0,0.005772055775446775,-0.005772055775446775,0,1.2116218770446119,TRUE,181
P. falciparum,model5,51005,Arinos,MT,2018,2,182,82534,0,0.0038725582675286935,-0.0038725582675286935,0,1.2116218770446119,TRUE,181
P. falciparum,model5,51005,Arinos,MT,2018,3,183,82534,0,0.003733003819750726,-0.003733003819750726,0,1.2116218770446119,TRUE,181
P. falciparum,model5,51006,Alto Teles Pires,MT,2018,1,181,252848,0,0.0452494657812496,-0.0452494657812496,0,0.7909890527115104,TRUE,181
P. falciparum,model5,51006,Alto Teles Pires,MT,2018,2,182,252848,0,0.0262199309049387,-0.0262199309049387,0,0.3954945263557552,TRUE,181
P. falciparum,model5,51006,Alto Teles Pires,MT,2018,3,183,252848,0,0.01642036295672187,-0.01642036295672187,0,0.3954945263557552,TRUE,181
P. falciparum,model5,51007,Sinop,MT,2018,1,181,203408,0,0.003364947373995621,-0.003364947373995621,0,0.49162274836781245,TRUE,181
P. falciparum,model5,51007,Sinop,MT,2018,2,182,203408,0,0.0027736002168060633,-0.0027736002168060633,0,0.49162274836781245,TRUE,181
P. falciparum,model5,51007,Sinop,MT,2018,3,183,203408,0,0.0026196480508860554,-0.0026196480508860554,0,0.49162274836781245,TRUE,181
P. falciparum,model5,51008,Paranatinga,MT,2018,1,181,36363,0,2.833895014353648e-4,-2.833895014353648e-4,0,0,TRUE,181
P. falciparum,model5,51008,Paranatinga,MT,2018,2,182,36363,0,2.484308879207298e-4,-2.484308879207298e-4,0,0,TRUE,181
P. falciparum,model5,51008,Paranatinga,MT,2018,3,183,36363,0,2.4032122885703558e-4,-2.4032122885703558e-4,0,0,TRUE,181
P. falciparum,model5,51009,Norte Araguaia,MT,2018,1,181,130472,0,4.2912378382867536e-4,-4.2912378382867536e-4,0,0,TRUE,181
P. falciparum,model5,51009,Norte Araguaia,MT,2018,2,182,130472,0,3.265693766108026e-4,-3.265693766108026e-4,0,0,TRUE,181
P. falciparum,model5,51009,Norte Araguaia,MT,2018,3,183,130472,0,2.9984865779722394e-4,-2.9984865779722394e-4,0,0,TRUE,181
P. falciparum,model5,51010,Canarana,MT,2018,1,181,114602,0,2.8943656407068796e-4,-2.8943656407068796e-4,0,0,TRUE,181
P. falciparum,model5,51010,Canarana,MT,2018,2,182,114602,0,2.380949483109426e-4,-2.380949483109426e-4,0,0,TRUE,181
P. falciparum,model5,51010,Canarana,MT,2018,3,183,114602,0,2.446792220871082e-4,-2.446792220871082e-4,0,0,TRUE,181
P. falciparum,model5,51011,Médio Araguaia,MT,2018,1,181,69471,0,5.888838581813478e-6,-5.888838581813478e-6,0,0,TRUE,181
P. falciparum,model5,51011,Médio Araguaia,MT,2018,2,182,69471,0,4.643946482456261e-6,-4.643946482456261e-6,0,0,TRUE,181
P. falciparum,model5,51011,Médio Araguaia,MT,2018,3,183,69471,0,4.519465536703689e-6,-4.519465536703689e-6,0,0,TRUE,181
P. falciparum,model5,51012,Alto Guaporé,MT,2018,1,181,74703,0,0.011961025348203737,-0.011961025348203737,0,1.3386343252613684,TRUE,181
P. falciparum,model5,51012,Alto Guaporé,MT,2018,2,182,74703,0,0.010739931388151816,-0.010739931388151816,0,1.3386343252613684,TRUE,181
P. falciparum,model5,51012,Alto Guaporé,MT,2018,3,183,74703,0,0.011157146655193531,-0.011157146655193531,0,1.3386343252613684,TRUE,181
P. falciparum,model5,51013,Tangará da Serra,MT,2018,1,181,168844,0,0.030493402044879655,-0.030493402044879655,0,0.5922626803439861,TRUE,181
P. falciparum,model5,51013,Tangará da Serra,MT,2018,2,182,168844,0,0.026150226846651692,-0.026150226846651692,0,0.5922626803439861,TRUE,181
P. falciparum,model5,51013,Tangará da Serra,MT,2018,3,183,168844,0,0.026494342522901258,-0.026494342522901258,0,0.5922626803439861,TRUE,181
P. falciparum,model5,51014,Jauru,MT,2018,1,181,110817,0,0.0015719204483386274,-0.0015719204483386274,0,0.9023886226842452,TRUE,181
P. falciparum,model5,51014,Jauru,MT,2018,2,182,110817,0,0.0012231929115912295,-0.0012231929115912295,0,0,TRUE,181
P. falciparum,model5,51014,Jauru,MT,2018,3,183,110817,0,0.0011957107770152447,-0.0011957107770152447,0,0,TRUE,181
P. falciparum,model5,51015,Alto Paraguai,MT,2018,1,181,33393,0,0.0020883861908732137,-0.0020883861908732137,0,0,TRUE,181
P. falciparum,model5,51015,Alto Paraguai,MT,2018,2,182,33393,0,0.001963055837749435,-0.001963055837749435,0,0,TRUE,181
P. falciparum,model5,51015,Alto Paraguai,MT,2018,3,183,33393,0,0.002005019627314131,-0.002005019627314131,0,0,TRUE,181
P. falciparum,model5,51016,Rosário Oeste,MT,2018,1,181,31027,0,0.0011854136831224438,-0.0011854136831224438,0,0,TRUE,181
P. falciparum,model5,51016,Rosário Oeste,MT,2018,2,182,31027,0,8.598112709288233e-4,-8.598112709288233e-4,0,0,TRUE,181
P. falciparum,model5,51016,Rosário Oeste,MT,2018,3,183,31027,0,8.299406022395818e-4,-8.299406022395818e-4,0,0,TRUE,181
P. falciparum,model5,51017,Cuiabá,MT,2018,1,181,938414,0,0.022576541150089762,-0.022576541150089762,0,0.31968832519548945,TRUE,181
P. falciparum,model5,51017,Cuiabá,MT,2018,2,182,938414,0,0.01614023380824736,-0.01614023380824736,0,0.31968832519548945,TRUE,181
P. falciparum,model5,51017,Cuiabá,MT,2018,3,183,938414,0,0.014888317600793474,-0.014888317600793474,0,0.31968832519548945,TRUE,181
P. falciparum,model5,51018,Alto Pantanal,MT,2018,1,181,140405,0,0.001251170060376284,-0.001251170060376284,0,0,TRUE,181
P. falciparum,model5,51018,Alto Pantanal,MT,2018,2,182,140405,0,9.161456473600556e-4,-9.161456473600556e-4,0,0,TRUE,181
P. falciparum,model5,51018,Alto Pantanal,MT,2018,3,183,140405,0,7.638625632406062e-4,-7.638625632406062e-4,0,0,TRUE,181
P. falciparum,model5,51019,Primavera do Leste,MT,2018,1,181,103909,0,4.7114484803132924e-4,-4.7114484803132924e-4,0,0,TRUE,181
P. falciparum,model5,51019,Primavera do Leste,MT,2018,2,182,103909,0,3.809058836989427e-4,-3.809058836989427e-4,0,0,TRUE,181
P. falciparum,model5,51019,Primavera do Leste,MT,2018,3,183,103909,0,3.662205952027646e-4,-3.662205952027646e-4,0,0,TRUE,181
P. falciparum,model5,51020,Tesouro,MT,2018,1,181,55925,0,0.0019163133579216238,-0.0019163133579216238,0,0,TRUE,181
P. falciparum,model5,51020,Tesouro,MT,2018,2,182,55925,0,0.001720338008269625,-0.001720338008269625,0,0,TRUE,181
P. falciparum,model5,51020,Tesouro,MT,2018,3,183,55925,0,0.0015677805538061192,-0.0015677805538061192,0,0,TRUE,181
P. falciparum,model5,51021,Rondonópolis,MT,2018,1,181,315273,0,4.181951591239567e-4,-4.181951591239567e-4,0,0,TRUE,181
P. falciparum,model5,51021,Rondonópolis,MT,2018,2,182,315273,0,3.099710800972202e-4,-3.099710800972202e-4,0,0,TRUE,181
P. falciparum,model5,51021,Rondonópolis,MT,2018,3,183,315273,0,2.3748594212176307e-4,-2.3748594212176307e-4,0,0,TRUE,181
P. falciparum,model5,51022,Alto Araguaia,MT,2018,1,181,41128,0,1.6005796506954722e-5,-1.6005796506954722e-5,0,0,TRUE,181
P. falciparum,model5,51022,Alto Araguaia,MT,2018,2,182,41128,0,1.478029697252812e-5,-1.478029697252812e-5,0,0,TRUE,181
P. falciparum,model5,51022,Alto Araguaia,MT,2018,3,183,41128,0,1.4811888709803263e-5,-1.4811888709803263e-5,0,0,TRUE,181
P. falciparum,model5,11001,Porto Velho,RO,2019,1,193,676286,8.576253241971592,8.85955726543167,-0.28330402346007766,1.9148703359229677,87.31512998938312,TRUE,193
P. falciparum,model5,11001,Porto Velho,RO,2019,2,194,676286,10.498516899654879,7.079608989760965,3.418907909893914,1.774397222476881,69.40111136412683,TRUE,193
P. falciparum,model5,11001,Porto Velho,RO,2019,3,195,676286,5.47105810263705,7.6809703031065615,-2.2099122004695113,1.6967673439935178,75.72609813008097,TRUE,193
P. falciparum,model5,11002,Guajará-Mirim,RO,2019,1,193,84771,0,0.20713324038032271,-0.20713324038032271,0,3.538946101850869,TRUE,193
P. falciparum,model5,11002,Guajará-Mirim,RO,2019,2,194,84771,0,0.17912010052140714,-0.17912010052140714,0,3.538946101850869,TRUE,193
P. falciparum,model5,11002,Guajará-Mirim,RO,2019,3,195,84771,0,0.18886389143537832,-0.18886389143537832,0,3.538946101850869,TRUE,193
P. falciparum,model5,11003,Ariquemes,RO,2019,1,193,206332,3.877246379621193,3.4163995184307727,0.4608468611904204,0,30.787759533179525,TRUE,193
P. falciparum,model5,11003,Ariquemes,RO,2019,2,194,206332,1.9386231898105966,2.803877384839577,-0.8652541950289805,0,24.7174456700851,TRUE,193
P. falciparum,model5,11003,Ariquemes,RO,2019,3,195,206332,3.877246379621193,2.737668895780509,1.139577483840684,0,25.068821123238177,TRUE,193
P. falciparum,model5,11004,Ji-Paraná,RO,2019,1,193,294493,0,0.4339346048268202,-0.4339346048268202,0,5.433066320761444,TRUE,193
P. falciparum,model5,11004,Ji-Paraná,RO,2019,2,194,294493,0,0.3128391214289697,-0.3128391214289697,0,3.9135055841734703,TRUE,193
P. falciparum,model5,11004,Ji-Paraná,RO,2019,3,195,294493,0.6791332900951805,0.3488318775046873,0.3303014125904932,0,3.7352330955234927,TRUE,193
P. falciparum,model5,11005,Alvorada D'Oeste,RO,2019,1,193,69746,0,0.15426657188002676,-0.15426657188002676,0,2.8675479597396265,TRUE,193
P. falciparum,model5,11005,Alvorada D'Oeste,RO,2019,2,194,69746,0,0.11273191484141923,-0.11273191484141923,0,1.4337739798698133,TRUE,193
P. falciparum,model5,11005,Alvorada D'Oeste,RO,2019,3,195,69746,0,0.10459414488098281,-0.10459414488098281,0,2.8675479597396265,TRUE,193
P. falciparum,model5,11006,Cacoal,RO,2019,1,193,236722,0,0.15153833880191814,-0.15153833880191814,0,2.112182222184672,TRUE,193
P. falciparum,model5,11006,Cacoal,RO,2019,2,194,236722,0,0.11429895563753142,-0.11429895563753142,0,1.9115249110771189,TRUE,193
P. falciparum,model5,11006,Cacoal,RO,2019,3,195,236722,0,0.12500050214344338,-0.12500050214344338,0,1.6897457777477378,TRUE,193
P. falciparum,model5,11007,Vilhena,RO,2019,1,193,161798,0,0.16056078219908534,-0.16056078219908534,0,3.414751727462625,TRUE,193
P. falciparum,model5,11007,Vilhena,RO,2019,2,194,161798,0,0.12298385598811325,-0.12298385598811325,0,1.854163833916365,TRUE,193
P. falciparum,model5,11007,Vilhena,RO,2019,3,195,161798,0,0.1407421624437888,-0.1407421624437888,0,2.4722184452218197,TRUE,193
P. falciparum,model5,11008,Colorado do Oeste,RO,2019,1,193,47077,0,1.6192028258964535,-1.6192028258964535,0,2.1241795356543536,TRUE,193
P. falciparum,model5,11008,Colorado do Oeste,RO,2019,2,194,47077,2.1241795356543536,0.03737255866136846,2.0868069769929853,0,2.1241795356543536,TRUE,193
P. falciparum,model5,11008,Colorado do Oeste,RO,2019,3,195,47077,0,0.04166711417295619,-0.04166711417295619,0,2.1241795356543536,TRUE,193
P. falciparum,model5,12001,Cruzeiro do Sul,AC,2019,1,193,157132,206.19606445536238,174.92367196341496,31.272392491947414,64.81811470610698,1609.4111956826098,TRUE,193
P. falciparum,model5,12001,Cruzeiro do Sul,AC,2019,2,194,157132,150.19219509711579,129.3891295754711,20.803065521644697,45.12129928976911,1186.168317083724,TRUE,193
P. falciparum,model5,12001,Cruzeiro do Sul,AC,2019,3,195,157132,129.19074408777334,128.88184589383658,0.30889819393675566,48.33515770180485,1188.3321029452936,TRUE,193
P. falciparum,model5,12002,Tarauacá,AC,2019,1,193,85664,1.1673515128875607,0.5186808559731706,0.6486706569143901,0,5.836757564437804,TRUE,193
P. falciparum,model5,12002,Tarauacá,AC,2019,2,194,85664,0,0.38563772225461396,-0.38563772225461396,0,4.669406051550243,TRUE,193
P. falciparum,model5,12002,Tarauacá,AC,2019,3,195,85664,0,0.3539688026214208,-0.3539688026214208,0,5.836757564437804,TRUE,193
P. falciparum,model5,12003,Sena Madureira,AC,2019,1,193,61847,3.2337866024221062,0.008712133607233144,3.225074468814873,0,1.6168933012110531,FALSE,193
P. falciparum,model5,12003,Sena Madureira,AC,2019,2,194,61847,0,0.007981248852761996,-0.007981248852761996,0,1.6168933012110531,TRUE,193
P. falciparum,model5,12003,Sena Madureira,AC,2019,3,195,61847,0,0.008287891309014576,-0.008287891309014576,0,1.6168933012110531,TRUE,193
P. falciparum,model5,12004,Rio Branco,AC,2019,1,193,505863,0.5930459432692251,0.40669758084868796,0.18634836242053715,0,4.151321602884575,TRUE,193
P. falciparum,model5,12004,Rio Branco,AC,2019,2,194,505863,0.3953639621794834,0.31641344463447046,0.07895051754501292,0,3.162911697435867,TRUE,193
P. falciparum,model5,12004,Rio Branco,AC,2019,3,195,505863,0.9884099054487084,0.31557593180724347,0.672833973641465,0,3.2666947375079767,TRUE,193
P. falciparum,model5,12005,Brasiléia,AC,2019,1,193,71429,0,0.07198550207801428,-0.07198550207801428,0,1.3999916000503996,TRUE,193
P. falciparum,model5,12005,Brasiléia,AC,2019,2,194,71429,0,0.04657785066887256,-0.04657785066887256,0,1.3999916000503996,TRUE,193
P. falciparum,model5,12005,Brasiléia,AC,2019,3,195,71429,0,0.03425076992793973,-0.03425076992793973,0,1.3999916000503996,TRUE,193
P. falciparum,model5,13001,Rio Negro,AM,2019,1,193,117676,458.8871137700126,212.9859604197329,245.9011533502797,77.24599748461878,1547.2568748087965,TRUE,193
P. falciparum,model5,13001,Rio Negro,AM,2019,2,194,117676,364.5603181617322,194.5153875210828,170.0449306406494,70.04401917128388,1532.066861552058,TRUE,193
P. falciparum,model5,13001,Rio Negro,AM,2019,3,195,117676,226.04439307930252,233.62826466038433,-7.583871581081809,83.23702369217173,1840.498487372106,TRUE,193
P. falciparum,model5,13002,Japurá,AM,2019,1,193,20979,28.6000286000286,5.532429891396425,23.067598708632175,0,59.7025597025596,TRUE,193
P. falciparum,model5,13002,Japurá,AM,2019,2,194,20979,95.333428666762,4.898807535773805,90.4346211309882,0,64.4692311358977,FALSE,193
P. falciparum,model5,13002,Japurá,AM,2019,3,195,20979,81.0334143667477,6.280113311202887,74.75330105554482,0,69.2359025692358,FALSE,193
P. falciparum,model5,13003,Alto Solimões,AM,2019,1,193,251867,28.189480956218958,10.741520687417625,17.44796026880133,3.573314487408037,104.48967113595643,TRUE,193
P. falciparum,model5,13003,Alto Solimões,AM,2019,2,194,251867,15.08732783572282,14.379281931334956,0.7080459043878644,5.558489202634724,134.81321491104413,TRUE,193
P. falciparum,model5,13003,Alto Solimões,AM,2019,3,195,251867,15.881397721813498,17.702923388813,-1.821525666999504,4.764419316544049,175.7375916654417,TRUE,193
P. falciparum,model5,13004,Juruá,AM,2019,1,193,152530,9.178522257916475,15.23731695809914,-6.0587947001826645,1.9668261981249588,148.9051334163767,TRUE,193
P. falciparum,model5,13004,Juruá,AM,2019,2,194,152530,9.834130990624795,14.447788277991496,-4.613657287366701,1.3112174654166393,128.90906706877328,TRUE,193
P. falciparum,model5,13004,Juruá,AM,2019,3,195,152530,7.2116960597915165,17.38926709825866,-10.177571038467143,1.9668261981249588,159.41126335802784,TRUE,193
P. falciparum,model5,13005,Tefé,AM,2019,1,193,89430,2.2363860002236384,3.924004317711666,-1.6876183174880275,0,39.77971597897789,TRUE,193
P. falciparum,model5,13005,Tefé,AM,2019,2,194,89430,3.354579000335458,3.4228130177061553,-0.06823401737069723,0,34.71989265347193,TRUE,193
P. falciparum,model5,13005,Tefé,AM,2019,3,195,89430,1.1181930001118192,4.433654756993225,-3.315461756881406,0,41.429050654142856,TRUE,193
P. falciparum,model5,13006,Coari,AM,2019,1,193,181118,1.104252476286178,0.3468394195029642,0.7574130567832138,0,5.25900241831291,TRUE,193
P. falciparum,model5,13006,Coari,AM,2019,2,194,181118,0.552126238143089,0.387305346718815,0.16482089142427403,0,4.969136143287801,TRUE,193
P. falciparum,model5,13006,Coari,AM,2019,3,195,181118,0.552126238143089,0.5080367988293313,0.04408943931375775,0,6.073388619573979,TRUE,193
P. falciparum,model5,13007,Manaus,AM,2019,1,193,2468200,0.52669961915566,0.3125139793182631,0.2141856398373969,0,3.484320557491289,TRUE,193
P. falciparum,model5,13007,Manaus,AM,2019,2,194,2468200,0.2025767765983308,0.2548876463421683,-0.05231086974383753,0,2.575763714447773,TRUE,193
P. falciparum,model5,13007,Manaus,AM,2019,3,195,2468200,0.36463819787699536,0.2949223699936033,0.06971582788339209,0,2.9191313507819445,TRUE,193
P. falciparum,model5,13008,Rio Preto da Eva,AM,2019,1,193,69626,1.4362450808605982,0.43193453029225815,1.00431055056834,0,7.181225404302991,TRUE,193
P. falciparum,model5,13008,Rio Preto da Eva,AM,2019,2,194,69626,0,0.30994454982884395,-0.30994454982884395,0,4.308735242581794,TRUE,193
P. falciparum,model5,13008,Rio Preto da Eva,AM,2019,3,195,69626,0,0.30803821929844094,-0.30803821929844094,0,4.308735242581794,TRUE,193
P. falciparum,model5,13009,Itacoatiara,AM,2019,1,193,180099,0,0.05510526065051799,-0.05510526065051799,0,1.1105003359263517,TRUE,193
P. falciparum,model5,13009,Itacoatiara,AM,2019,2,194,180099,0,0.04280546838114557,-0.04280546838114557,0,0.8467565061438305,TRUE,193
P. falciparum,model5,13009,Itacoatiara,AM,2019,3,195,180099,0,0.04349913661531681,-0.04349913661531681,0,0.8467565061438305,TRUE,193
P. falciparum,model5,13010,Parintins,AM,2019,1,193,280875,1.068090787716956,1.4563919745777747,-0.3883011868608186,0,16.617712505562917,TRUE,193
P. falciparum,model5,13010,Parintins,AM,2019,2,194,280875,1.4241210502892745,1.1565554250257948,0.2675656252634797,0,16.02136181575434,TRUE,193
P. falciparum,model5,13010,Parintins,AM,2019,3,195,280875,2.136181575433912,1.108272282497408,1.0279092929365041,0,12.70137961726741,TRUE,193
P. falciparum,model5,13011,Boca do Acre,AM,2019,1,193,53734,0,0.7279806998072607,-0.7279806998072607,0,7.444076376223621,TRUE,193
P. falciparum,model5,13011,Boca do Acre,AM,2019,2,194,53734,0,0.5502616863499136,-0.5502616863499136,0,7.444076376223621,TRUE,193
P. falciparum,model5,13011,Boca do Acre,AM,2019,3,195,53734,1.8610190940559053,0.5970219425464199,1.2639971515094852,0,7.444076376223621,TRUE,193
P. falciparum,model5,13012,Purus,AM,2019,1,193,78854,3.8044994546884117,5.839388562338225,-2.0348891076498137,0,60.39642884317839,TRUE,193
P. falciparum,model5,13012,Purus,AM,2019,2,194,78854,2.5363329697922743,6.466294495875333,-3.929961526083059,0,67.33964034798477,TRUE,193
P. falciparum,model5,13012,Purus,AM,2019,3,195,78854,0,8.35425448703492,-8.35425448703492,0.6023790803256669,79.29210946813095,FALSE,193
P. falciparum,model5,13013,Madeira,AM,2019,1,193,199609,10.019588295116954,3.1000497033548062,6.919538591762148,0,30.32177907809767,TRUE,193
P. falciparum,model5,13013,Madeira,AM,2019,2,194,199609,8.015670636093562,2.9864057336076386,5.029264902485924,0,26.814923174806736,TRUE,193
P. falciparum,model5,13013,Madeira,AM,2019,3,195,199609,6.011752977070172,3.6303982539321016,2.3813547231380703,0,30.822758492853517,TRUE,193
P. falciparum,model5,14001,Boa Vista,RR,2019,1,193,444920,17.980760586172796,24.101135788523425,-6.12037520235063,8.080104288411402,200.60909826485647,TRUE,193
P. falciparum,model5,14001,Boa Vista,RR,2019,2,194,444920,13.935089454283917,19.665320409217525,-5.730230954933608,5.6077497078126415,162.4898858221701,TRUE,193
P. falciparum,model5,14001,Boa Vista,RR,2019,3,195,444920,12.361772902993797,20.837588849184367,-8.47581594619057,6.506787737121281,171.62074080733612,TRUE,193
P. falciparum,model5,14002,Nordeste de Roraima,RR,2019,1,193,52593,1.9013937215979313,4.064426081633027,-2.1630323600350954,0,37.124712414199564,TRUE,193
P. falciparum,model5,14002,Nordeste de Roraima,RR,2019,2,194,52593,1.9013937215979313,3.528974378077199,-1.6275806564792679,0,38.21801380411824,TRUE,193
P. falciparum,model5,14002,Nordeste de Roraima,RR,2019,3,195,52593,0,3.241439789736865,-3.241439789736865,0,28.520905823968967,TRUE,193
P. falciparum,model5,14003,Caracaraí,RR,2019,1,193,51729,25.13097102205726,10.1792853344107,14.95168568764656,0,114.34591815036028,TRUE,193
P. falciparum,model5,14003,Caracaraí,RR,2019,2,194,51729,7.732606468325311,8.587009665969255,-0.8544031976439443,0,95.83599141680669,TRUE,193
P. falciparum,model5,14003,Caracaraí,RR,2019,3,195,51729,1.9331516170813277,9.314587234397104,-7.381435617315776,0,100.62054166908302,TRUE,193
P. falciparum,model5,14004,Sudeste de Roraima,RR,2019,1,193,56519,33.61701374758931,30.975800804342917,2.641212943246394,4.3790583697517675,251.68527397866166,TRUE,193
P. falciparum,model5,14004,Sudeste de Roraima,RR,2019,2,194,56519,8.84658256515508,25.988871807869753,-17.142289242714675,3.538633026062032,230.71887329924385,TRUE,193
P. falciparum,model5,14004,Sudeste de Roraima,RR,2019,3,195,56519,8.84658256515508,23.890208491505142,-15.043625926350062,1.769316513031016,196.6595304233972,TRUE,193
P. falciparum,model5,15001,Óbidos,PA,2019,1,193,209139,0,0.06128361531919712,-0.06128361531919712,0,0.9563017897187995,TRUE,193
P. falciparum,model5,15001,Óbidos,PA,2019,2,194,209139,0,0.04609466767079805,-0.04609466767079805,0,0.9563017897187995,TRUE,193
P. falciparum,model5,15001,Óbidos,PA,2019,3,195,209139,0,0.04725712320420722,-0.04725712320420722,0,0.9563017897187995,TRUE,193
P. falciparum,model5,15002,Santarém,PA,2019,1,193,528467,3.784531484463552,1.6081925396771475,2.176338944786404,0,14.210915724160621,TRUE,193
P. falciparum,model5,15002,Santarém,PA,2019,2,194,528467,4.5414377813562625,1.486600840111568,3.0548369412446945,0,10.416922910985917,TRUE,193
P. falciparum,model5,15002,Santarém,PA,2019,3,195,528467,0.946132871115888,1.584933561438627,-0.6388006903227391,0.08988262275600963,13.633774672779937,TRUE,193
P. falciparum,model5,15003,Almeirim,PA,2019,1,193,75244,0,1.2250668846641384,-1.2250668846641384,0,13.290096220296634,TRUE,193
P. falciparum,model5,15003,Almeirim,PA,2019,2,194,75244,0,1.0443164033810293,-1.0443164033810293,0,11.961086598266972,TRUE,193
P. falciparum,model5,15003,Almeirim,PA,2019,3,195,75244,0,0.9365340320667749,-0.9365340320667749,0,13.35654670139806,TRUE,193
P. falciparum,model5,15004,Portel,PA,2019,1,193,153746,0,0.027117755080780605,-0.027117755080780605,0,0.6504234256500981,TRUE,193
P. falciparum,model5,15004,Portel,PA,2019,2,194,153746,0,0.033710349500358186,-0.033710349500358186,0,0.6504234256500981,TRUE,193
P. falciparum,model5,15004,Portel,PA,2019,3,195,153746,0,0.04241536374340419,-0.04241536374340419,0,0.6504234256500981,TRUE,193
P. falciparum,model5,15005,Furos de Breves,PA,2019,1,193,232284,1.722029928880164,4.924329824300178,-3.2022998954200137,0.430507482220041,35.775171772485365,TRUE,193
P. falciparum,model5,15005,Furos de Breves,PA,2019,2,194,232284,4.30507482220041,4.418190554573236,-0.11311573237282602,0.430507482220041,38.358216665805614,TRUE,193
P. falciparum,model5,15005,Furos de Breves,PA,2019,3,195,232284,3.013552375540287,4.890584066718815,-1.8770316911785279,0,38.31516591758365,TRUE,193
P. falciparum,model5,15006,Arari,PA,2019,1,193,178169,0,0.10202909861980573,-0.10202909861980573,0,1.6837945995094543,TRUE,193
P. falciparum,model5,15006,Arari,PA,2019,2,194,178169,0,0.13693883510280072,-0.13693883510280072,0,2.2450594660126058,TRUE,193
P. falciparum,model5,15006,Arari,PA,2019,3,195,178169,0,0.19849237822383872,-0.19849237822383872,0,3.3675891990189086,TRUE,193
P. falciparum,model5,15007,Belém,PA,2019,1,193,2363360,0,0.02007984558045503,-0.02007984558045503,0,0.2115631981585539,TRUE,193
P. falciparum,model5,15007,Belém,PA,2019,2,194,2363360,0.08462527926342157,0.015641599765828386,0.06898367949759318,0,0.16925055852684315,TRUE,193
P. falciparum,model5,15007,Belém,PA,2019,3,195,2363360,0,0.015879838068825654,-0.015879838068825654,0,0.19146469433349034,TRUE,193
P. falciparum,model5,15008,Castanhal,PA,2019,1,193,343919,0,0.001331159849274345,-0.001331159849274345,0,0,TRUE,193
P. falciparum,model5,15008,Castanhal,PA,2019,2,194,343919,0,8.271862888234759e-4,-8.271862888234759e-4,0,0,TRUE,193
P. falciparum,model5,15008,Castanhal,PA,2019,3,195,343919,0,6.974699590647548e-4,-6.974699590647548e-4,0,0,TRUE,193
P. falciparum,model5,15009,Salgado,PA,2019,1,193,271823,0,0.00811770184562787,-0.00811770184562787,0,0.367886455524367,TRUE,193
P. falciparum,model5,15009,Salgado,PA,2019,2,194,271823,0,0.0041031223638011306,-0.0041031223638011306,0,0.367886455524367,TRUE,193
P. falciparum,model5,15009,Salgado,PA,2019,3,195,271823,0,0.003232538543018619,-0.003232538543018619,0,0.367886455524367,TRUE,193
P. falciparum,model5,15010,Bragantina,PA,2019,1,193,424088,0,0.030305170020078008,-0.030305170020078008,0,0.235800116956858,TRUE,193
P. falciparum,model5,15010,Bragantina,PA,2019,2,194,424088,0,0.023591649245177093,-0.023591649245177093,0,0.235800116956858,TRUE,193
P. falciparum,model5,15010,Bragantina,PA,2019,3,195,424088,0,0.025478298758831786,-0.025478298758831786,0,0.235800116956858,TRUE,193
P. falciparum,model5,15011,Cametá,PA,2019,1,193,498315,0,0.01841830971517088,-0.01841830971517088,0,0.40135255812086734,TRUE,193
P. falciparum,model5,15011,Cametá,PA,2019,2,194,498315,0,0.017869262033594752,-0.017869262033594752,0,0.40135255812086734,TRUE,193
P. falciparum,model5,15011,Cametá,PA,2019,3,195,498315,0,0.015229661810785399,-0.015229661810785399,0,0.40135255812086734,TRUE,193
P. falciparum,model5,15012,Tomé-Açu,PA,2019,1,193,340789,0,0.013307488602824347,-0.013307488602824347,0,0.29343670130197863,TRUE,193
P. falciparum,model5,15012,Tomé-Açu,PA,2019,2,194,340789,0,0.008956329408481449,-0.008956329408481449,0,0.29343670130197863,TRUE,193
P. falciparum,model5,15012,Tomé-Açu,PA,2019,3,195,340789,0,0.007847949735318875,-0.007847949735318875,0,0.29343670130197863,TRUE,193
P. falciparum,model5,15013,Guamá,PA,2019,1,193,483723,0,0.028379371143964598,-0.028379371143964598,0,0.41345976933079465,TRUE,193
P. falciparum,model5,15013,Guamá,PA,2019,2,194,483723,0,0.026686523945883996,-0.026686523945883996,0,0.41345976933079465,TRUE,193
P. falciparum,model5,15013,Guamá,PA,2019,3,195,483723,0,0.02893165458649906,-0.02893165458649906,0,0.5219929587801236,TRUE,193
P. falciparum,model5,15014,Itaituba,PA,2019,1,193,221135,37.98584575033351,12.352558831999085,25.633286918334427,3.832500508739006,107.86397449521783,TRUE,193
P. falciparum,model5,15014,Itaituba,PA,2019,2,194,221135,16.731860628123094,10.138156085932728,6.593704542190366,2.261062247043661,80.96863906663347,TRUE,193
P. falciparum,model5,15014,Itaituba,PA,2019,3,195,221135,20.34956022339295,9.315267916994552,11.034292306398397,2.4758631605128096,80.06421416781602,TRUE,193
P. falciparum,model5,15015,Altamira,PA,2019,1,193,309141,0.32347698946435444,0.11253529027226801,0.21094169919208644,0,1.2939079578574177,TRUE,193
P. falciparum,model5,15015,Altamira,PA,2019,2,194,309141,0,0.08166363865176034,-0.08166363865176034,0,0.9704309683930633,TRUE,193
P. falciparum,model5,15015,Altamira,PA,2019,3,195,309141,0,0.06394749575934297,-0.06394749575934297,0,0.9704309683930633,TRUE,193
P. falciparum,model5,15016,Tucuruí,PA,2019,1,193,384726,0,0.09491838646705772,-0.09491838646705772,0,1.5595514729963662,TRUE,193
P. falciparum,model5,15016,Tucuruí,PA,2019,2,194,384726,0.25992524549939433,0.07096790690627279,0.18895733859312153,0,1.0397009819975773,TRUE,193
P. falciparum,model5,15016,Tucuruí,PA,2019,3,195,384726,0,0.05149464937942997,-0.05149464937942997,0,0.7797757364981831,TRUE,193
P. falciparum,model5,15017,Paragominas,PA,2019,1,193,349321,0,0.01655122415472533,-0.01655122415472533,0,0.5725392976660435,TRUE,193
P. falciparum,model5,15017,Paragominas,PA,2019,2,194,349321,0,0.014304836706923953,-0.014304836706923953,0,0.28626964883302175,TRUE,193
P. falciparum,model5,15017,Paragominas,PA,2019,3,195,349321,0,0.012088989030366494,-0.012088989030366494,0,0.28626964883302175,TRUE,193
P. falciparum,model5,15018,São Félix do Xingu,PA,2019,1,193,217674,1.8376103714729366,0.18570319510802943,1.6519071763649071,0,2.997601918465217,TRUE,193
P. falciparum,model5,15018,São Félix do Xingu,PA,2019,2,194,217674,0,0.14609253794809376,-0.14609253794809376,0,1.8376103714729366,TRUE,193
P. falciparum,model5,15018,São Félix do Xingu,PA,2019,3,195,217674,2.2970129643411705,0.13561569699406809,2.1613972673471022,0,2.2970129643411705,TRUE,193
P. falciparum,model5,15019,Parauapebas,PA,2019,1,193,324525,0,0.05352968000769339,-0.05352968000769339,0,0.924428010168708,TRUE,193
P. falciparum,model5,15019,Parauapebas,PA,2019,2,194,324525,0,0.043449306206805205,-0.043449306206805205,0,0.6162853401124722,TRUE,193
P. falciparum,model5,15019,Parauapebas,PA,2019,3,195,324525,0,0.039310963858687,-0.039310963858687,0,0.6162853401124722,TRUE,193
P. falciparum,model5,15020,Marabá,PA,2019,1,193,333871,0.29951687927373144,0.061043682266763946,0.2384731970069675,0,0.8985506378211945,TRUE,193
P. falciparum,model5,15020,Marabá,PA,2019,2,194,333871,0,0.04928817000215985,-0.04928817000215985,0,0.8985506378211945,TRUE,193
P. falciparum,model5,15020,Marabá,PA,2019,3,195,333871,0,0.04217418716148419,-0.04217418716148419,0,0.8985506378211945,TRUE,193
P. falciparum,model5,15021,Redenção,PA,2019,1,193,196972,0,0.00513697684957598,-0.00513697684957598,0,0.507686371667039,TRUE,193
P. falciparum,model5,15021,Redenção,PA,2019,2,194,196972,0,0.005470291762897036,-0.005470291762897036,0,0.507686371667039,TRUE,193
P. falciparum,model5,15021,Redenção,PA,2019,3,195,196972,0,0.005641666591112101,-0.005641666591112101,0,0.507686371667039,TRUE,193
P. falciparum,model5,15022,Conceição do Araguaia,PA,2019,1,193,162434,0,0.004738935432645122,-0.004738935432645122,0,0.6156346577686937,TRUE,193
P. falciparum,model5,15022,Conceição do Araguaia,PA,2019,2,194,162434,0,0.005280446966106611,-0.005280446966106611,0,0.6156346577686937,TRUE,193
P. falciparum,model5,15022,Conceição do Araguaia,PA,2019,3,195,162434,0,0.005180876626277697,-0.005180876626277697,0,0.6156346577686937,TRUE,193
P. falciparum,model5,16001,Oiapoque,AP,2019,1,193,38387,7.8151457524682835,16.812436328576418,-8.997290576108135,0,158.90796363352175,TRUE,193
P. falciparum,model5,16001,Oiapoque,AP,2019,2,194,38387,0,12.383073439230365,-12.383073439230365,0,125.17258446870024,TRUE,193
P. falciparum,model5,16001,Oiapoque,AP,2019,3,195,38387,0,11.785239182139517,-11.785239182139517,0,112.01708911871206,TRUE,193
P. falciparum,model5,16002,Amapá,AP,2019,1,193,31544,3.17017499365965,2.481580974790936,0.6885940188687139,0,34.87192493025615,TRUE,193
P. falciparum,model5,16002,Amapá,AP,2019,2,194,31544,0,2.1412618755815345,-2.1412618755815345,0,28.531574942936853,TRUE,193
P. falciparum,model5,16002,Amapá,AP,2019,3,195,31544,0,1.575560860987471,-1.575560860987471,0,23.855566827288794,TRUE,193
P. falciparum,model5,16003,Macapá,AP,2019,1,193,687827,4.652332635968056,5.266531717665217,-0.6141990816971603,1.308468553866016,48.90037756587044,TRUE,193
P. falciparum,model5,16003,Macapá,AP,2019,2,194,687827,18.46394514899822,5.098242815936597,13.365702333061623,1.5229120113051686,47.33384993610311,TRUE,193
P. falciparum,model5,16003,Macapá,AP,2019,3,195,687827,9.013894482188109,3.7408921551704934,5.273002327017615,0.7959850369351598,37.0878142323577,TRUE,193
P. falciparum,model5,16004,Mazagão,AP,2019,1,193,87973,23.870960408307095,15.485675271562874,8.385285136744221,2.273424800791152,121.14512407215842,TRUE,193
P. falciparum,model5,16004,Mazagão,AP,2019,2,194,87973,13.640548804746912,15.756970001726275,-2.1164211969793634,1.6766507905834762,130.1819876553033,TRUE,193
P. falciparum,model5,16004,Mazagão,AP,2019,3,195,87973,9.093699203164608,13.930460296274704,-4.836761093110097,1.136712400395576,113.18813726938939,TRUE,193
P. falciparum,model5,17001,Bico do Papagaio,TO,2019,1,193,215893,0,0.005044273692402429,-0.005044273692402429,0,0.46319241476101586,TRUE,193
P. falciparum,model5,17001,Bico do Papagaio,TO,2019,2,194,215893,0,0.004361593593157219,-0.004361593593157219,0,0.46319241476101586,TRUE,193
P. falciparum,model5,17001,Bico do Papagaio,TO,2019,3,195,215893,0,0.004507735387586911,-0.004507735387586911,0,0.46319241476101586,TRUE,193
P. falciparum,model5,17002,Araguaína,TO,2019,1,193,319685,0,0.0068750176179663116,-0.0068750176179663116,0,0.3128079202965419,TRUE,193
P. falciparum,model5,17002,Araguaína,TO,2019,2,194,319685,0,0.00595018772269291,-0.00595018772269291,0,0.3128079202965419,TRUE,193
P. falciparum,model5,17002,Araguaína,TO,2019,3,195,319685,0,0.005256957978658869,-0.005256957978658869,0,0.3128079202965419,TRUE,193
P. falciparum,model5,17003,Miracema do Tocantins,TO,2019,1,193,149165,0,0.002045651751913241,-0.002045651751913241,0,0,TRUE,193
P. falciparum,model5,17003,Miracema do Tocantins,TO,2019,2,194,149165,0,0.0019928523375303095,-0.0019928523375303095,0,0.6703985519391278,TRUE,193
P. falciparum,model5,17003,Miracema do Tocantins,TO,2019,3,195,149165,0,0.0021039849160662807,-0.0021039849160662807,0,0.6703985519391278,TRUE,193
P. falciparum,model5,17004,Rio Formoso,TO,2019,1,193,127871,0,9.132491090273063e-4,-9.132491090273063e-4,0,0,TRUE,193
P. falciparum,model5,17004,Rio Formoso,TO,2019,2,194,127871,0,7.177777334417845e-4,-7.177777334417845e-4,0,0,TRUE,193
P. falciparum,model5,17004,Rio Formoso,TO,2019,3,195,127871,0,7.032748929908698e-4,-7.032748929908698e-4,0,0,TRUE,193
P. falciparum,model5,17005,Gurupi,TO,2019,1,193,150776,0,3.039582216505715e-4,-3.039582216505715e-4,0,0,TRUE,193
P. falciparum,model5,17005,Gurupi,TO,2019,2,194,150776,0,2.1560016142579833e-4,-2.1560016142579833e-4,0,0,TRUE,193
P. falciparum,model5,17005,Gurupi,TO,2019,3,195,150776,0,1.7943423775060283e-4,-1.7943423775060283e-4,0,0,TRUE,193
P. falciparum,model5,17006,Porto Nacional,TO,2019,1,193,404882,0,0.002048265945976309,-0.002048265945976309,0,0.24698554146640256,TRUE,193
P. falciparum,model5,17006,Porto Nacional,TO,2019,2,194,404882,0,0.001594732087781826,-0.001594732087781826,0,0.24698554146640256,TRUE,193
P. falciparum,model5,17006,Porto Nacional,TO,2019,3,195,404882,0,0.0014430015675157735,-0.0014430015675157735,0,0.24698554146640256,TRUE,193
P. falciparum,model5,17007,Jalapão,TO,2019,1,193,80184,0,8.67688295680567e-6,-8.67688295680567e-6,0,0,TRUE,193
P. falciparum,model5,17007,Jalapão,TO,2019,2,194,80184,0,7.1922335084605525e-6,-7.1922335084605525e-6,0,0,TRUE,193
P. falciparum,model5,17007,Jalapão,TO,2019,3,195,80184,0,6.391404818651354e-6,-6.391404818651354e-6,0,0,TRUE,193
P. falciparum,model5,17008,Dianópolis,TO,2019,1,193,124410,0,2.491920650227374e-6,-2.491920650227374e-6,0,0,TRUE,193
P. falciparum,model5,17008,Dianópolis,TO,2019,2,194,124410,0,2.0396927134922675e-6,-2.0396927134922675e-6,0,0,TRUE,193
P. falciparum,model5,17008,Dianópolis,TO,2019,3,195,124410,0,1.8078502393917613e-6,-1.8078502393917613e-6,0,0,TRUE,193
P. falciparum,model5,21001,Litoral Ocidental Maranhense,MA,2019,1,193,191282,0,0.004236773656970672,-0.004236773656970672,0,0.5227883439110841,TRUE,193
P. falciparum,model5,21001,Litoral Ocidental Maranhense,MA,2019,2,194,191282,0,0.003260686299400411,-0.003260686299400411,0,0.5227883439110841,TRUE,193
P. falciparum,model5,21001,Litoral Ocidental Maranhense,MA,2019,3,195,191282,0,0.0035356204851010303,-0.0035356204851010303,0,0.5227883439110841,TRUE,193
P. falciparum,model5,21002,Aglomeração Urbana de São Luís,MA,2019,1,193,1432529,0,0.010511412101297867,-0.010511412101297867,0,0.13961322947039814,TRUE,193
P. falciparum,model5,21002,Aglomeração Urbana de São Luís,MA,2019,2,194,1432529,0,0.008768846346542996,-0.008768846346542996,0,0.13961322947039814,TRUE,193
P. falciparum,model5,21002,Aglomeração Urbana de São Luís,MA,2019,3,195,1432529,0,0.007962974852084354,-0.007962974852084354,0,0.13961322947039814,TRUE,193
P. falciparum,model5,21003,Rosário,MA,2019,1,193,178491,0,0.0012552120790307211,-0.0012552120790307211,0,0,TRUE,193
P. falciparum,model5,21003,Rosário,MA,2019,2,194,178491,0,8.304426405698476e-4,-8.304426405698476e-4,0,0,TRUE,193
P. falciparum,model5,21003,Rosário,MA,2019,3,195,178491,0,6.379906563742404e-4,-6.379906563742404e-4,0,0,TRUE,193
P. falciparum,model5,21004,Lençóis Maranhenses,MA,2019,1,193,197301,0,0.002203461113487546,-0.002203461113487546,0,0.5068398031434205,TRUE,193
P. falciparum,model5,21004,Lençóis Maranhenses,MA,2019,2,194,197301,0,0.0015096306778215707,-0.0015096306778215707,0,0,TRUE,193
P. falciparum,model5,21004,Lençóis Maranhenses,MA,2019,3,195,197301,0,0.0012635976869479753,-0.0012635976869479753,0,0.26609089665028424,TRUE,193
P. falciparum,model5,21005,Baixada Maranhense,MA,2019,1,193,604575,0.3308109002191622,0.029512169365853987,0.3012987308533082,0,0.4962163503287433,TRUE,193
P. falciparum,model5,21005,Baixada Maranhense,MA,2019,2,194,604575,0,0.023639878992737617,-0.023639878992737617,0,0.4962163503287433,TRUE,193
P. falciparum,model5,21005,Baixada Maranhense,MA,2019,3,195,604575,0,0.021461449105609903,-0.021461449105609903,0,0.3308109002191622,TRUE,193
P. falciparum,model5,21006,Itapecuru Mirim,MA,2019,1,193,236106,0,0.0014157486101366986,-0.0014157486101366986,0,0.42353858012926393,TRUE,193
P. falciparum,model5,21006,Itapecuru Mirim,MA,2019,2,194,236106,0,0.001352334373806864,-0.001352334373806864,0,0.22235775456785392,TRUE,193
P. falciparum,model5,21006,Itapecuru Mirim,MA,2019,3,195,236106,0,0.0014757187359285674,-0.0014757187359285674,0,0,TRUE,193
P. falciparum,model5,21007,Gurupi,MA,2019,1,193,241976,0,0.03170335723802673,-0.03170335723802673,0,0.41326412536780505,TRUE,193
P. falciparum,model5,21007,Gurupi,MA,2019,2,194,241976,0,0.030268512795662374,-0.030268512795662374,0,0.41326412536780505,TRUE,193
P. falciparum,model5,21007,Gurupi,MA,2019,3,195,241976,0.41326412536780505,0.03835438306278208,0.37490974230502294,0,0.8265282507356101,TRUE,193
P. falciparum,model5,21008,Pindaré,MA,2019,1,193,666083,0.15013144007578635,0.2736020484381701,-0.12347060836238374,0,2.480922047252366,TRUE,193
P. falciparum,model5,21008,Pindaré,MA,2019,2,194,666083,0.15013144007578635,0.23876060308509253,-0.08862916300930618,0,2.480922047252366,TRUE,193
P. falciparum,model5,21008,Pindaré,MA,2019,3,195,666083,0,0.23799459711842502,-0.23799459711842502,0,1.9517087209852224,TRUE,193
P. falciparum,model5,21009,Imperatriz,MA,2019,1,193,600199,0,0.05733758156088673,-0.05733758156088673,0,0.666445628866426,TRUE,193
P. falciparum,model5,21009,Imperatriz,MA,2019,2,194,600199,0,0.04744328124047151,-0.04744328124047151,0,0.666445628866426,TRUE,193
P. falciparum,model5,21009,Imperatriz,MA,2019,3,195,600199,0.1666114072166065,0.042840806274219996,0.12377060094238651,0,0.4998342216498195,TRUE,193
P. falciparum,model5,21010,Médio Mearim,MA,2019,1,193,424583,0,0.2137218362432809,-0.2137218362432809,0,2.5907773038487174,TRUE,193
P. falciparum,model5,21010,Médio Mearim,MA,2019,2,194,424583,0,0.2246505814240175,-0.2246505814240175,0,2.1197268849671325,TRUE,193
P. falciparum,model5,21010,Médio Mearim,MA,2019,3,195,424583,0,0.29854444935482755,-0.29854444935482755,0,3.185478457686713,TRUE,193
P. falciparum,model5,21011,Alto Mearim e Grajaú,MA,2019,1,193,336315,0,0.1881222127842868,-0.1881222127842868,0,2.3787223287691597,TRUE,193
P. falciparum,model5,21011,Alto Mearim e Grajaú,MA,2019,2,194,336315,0,0.16239622169507556,-0.16239622169507556,0,2.081382037673015,TRUE,193
P. falciparum,model5,21011,Alto Mearim e Grajaú,MA,2019,3,195,336315,0,0.1465403479782506,-0.1465403479782506,0,1.9401453994023394,TRUE,193
P. falciparum,model5,21012,Presidente Dutra,MA,2019,1,193,199535,0.5011652091111836,0.09423502723123912,0.40693018187994445,0,1.5034956273335505,TRUE,193
P. falciparum,model5,21012,Presidente Dutra,MA,2019,2,194,199535,0,0.09993451162332348,-0.09993451162332348,0,1.5034956273335505,TRUE,193
P. falciparum,model5,21012,Presidente Dutra,MA,2019,3,195,199535,0,0.12434416401729143,-0.12434416401729143,0,2.0046608364447343,TRUE,193
P. falciparum,model5,21013,Baixo Parnaíba Maranhense,MA,2019,1,193,146372,0,0.007265611647390247,-0.007265611647390247,0,0.6831907741917853,TRUE,193
P. falciparum,model5,21013,Baixo Parnaíba Maranhense,MA,2019,2,194,146372,0,0.0050329552405386415,-0.0050329552405386415,0,0.6831907741917853,TRUE,193
P. falciparum,model5,21013,Baixo Parnaíba Maranhense,MA,2019,3,195,146372,0,0.0042121856749343664,-0.0042121856749343664,0,0.6831907741917853,TRUE,193
P. falciparum,model5,21014,Chapadinha,MA,2019,1,193,245029,0,0.0022779273027229486,-0.0022779273027229486,0,0.4081149578213191,TRUE,193
P. falciparum,model5,21014,Chapadinha,MA,2019,2,194,245029,0,0.0019222409835428055,-0.0019222409835428055,0,0.4081149578213191,TRUE,193
P. falciparum,model5,21014,Chapadinha,MA,2019,3,195,245029,0,0.0017278287975173961,-0.0017278287975173961,0,0.4081149578213191,TRUE,193
P. falciparum,model5,21015,Codó,MA,2019,1,193,278462,0,0.0030027070630151468,-0.0030027070630151468,0,0.3591154268805079,TRUE,193
P. falciparum,model5,21015,Codó,MA,2019,2,194,278462,0,0.0026786991253093763,-0.0026786991253093763,0,0.3591154268805079,TRUE,193
P. falciparum,model5,21015,Codó,MA,2019,3,195,278462,0,0.0028186618225579958,-0.0028186618225579958,0,0.3591154268805079,TRUE,193
P. falciparum,model5,21016,Coelho Neto,MA,2019,1,193,93840,0,0.004172831238944806,-0.004172831238944806,0,1.0656436487638534,TRUE,193
P. falciparum,model5,21016,Coelho Neto,MA,2019,2,194,93840,0,0.003380105197226434,-0.003380105197226434,0,1.0656436487638534,TRUE,193
P. falciparum,model5,21016,Coelho Neto,MA,2019,3,195,93840,0,0.0027936044512088995,-0.0027936044512088995,0,0,TRUE,193
P. falciparum,model5,21017,Caxias,MA,2019,1,193,445103,0,0.0029885451763681206,-0.0029885451763681206,0,0.2246670995252784,TRUE,193
P. falciparum,model5,21017,Caxias,MA,2019,2,194,445103,0,0.0032948572500284467,-0.0032948572500284467,0,0.2246670995252784,TRUE,193
P. falciparum,model5,21017,Caxias,MA,2019,3,195,445103,0,0.004263727929266034,-0.004263727929266034,0,0.2246670995252784,TRUE,193
P. falciparum,model5,21018,Chapadas do Alto Itapecuru,MA,2019,1,193,221411,0,0.015275114328505562,-0.015275114328505562,0,0.4516487437390193,TRUE,193
P. falciparum,model5,21018,Chapadas do Alto Itapecuru,MA,2019,2,194,221411,0,0.01623009520581615,-0.01623009520581615,0,0.4516487437390193,TRUE,193
P. falciparum,model5,21018,Chapadas do Alto Itapecuru,MA,2019,3,195,221411,0,0.020134591256121343,-0.020134591256121343,0,0.4516487437390193,TRUE,193
P. falciparum,model5,21019,Porto Franco,MA,2019,1,193,120372,0,0.005629540329172461,-0.005629540329172461,0,0.8307579835842224,TRUE,193
P. falciparum,model5,21019,Porto Franco,MA,2019,2,194,120372,0,0.0036610199173693248,-0.0036610199173693248,0,0.8307579835842224,TRUE,193
P. falciparum,model5,21019,Porto Franco,MA,2019,3,195,120372,0,0.0026939592850272033,-0.0026939592850272033,0,0,TRUE,193
P. falciparum,model5,21020,Gerais de Balsas,MA,2019,1,193,143297,0,0.0016596992714387525,-0.0016596992714387525,0,0,TRUE,193
P. falciparum,model5,21020,Gerais de Balsas,MA,2019,2,194,143297,0,0.0015351915193809072,-0.0015351915193809072,0,0.6978513157986559,TRUE,193
P. falciparum,model5,21020,Gerais de Balsas,MA,2019,3,195,143297,0,0.0015032283662923382,-0.0015032283662923382,0,0,TRUE,193
P. falciparum,model5,21021,Chapadas das Mangabeiras,MA,2019,1,193,72320,0,7.178882899807552e-5,-7.178882899807552e-5,0,0,TRUE,193
P. falciparum,model5,21021,Chapadas das Mangabeiras,MA,2019,2,194,72320,0,5.782633705592704e-5,-5.782633705592704e-5,0,0,TRUE,193
P. falciparum,model5,21021,Chapadas das Mangabeiras,MA,2019,3,195,72320,0,5.4576932449510495e-5,-5.4576932449510495e-5,0,0,TRUE,193
P. falciparum,model5,51001,Aripuanã,MT,2019,1,193,169973,1.1766574691274496,0.34518256421147164,0.831474904915978,0,5.294958611073524,TRUE,193
P. falciparum,model5,51001,Aripuanã,MT,2019,2,194,169973,1.7649862036911745,0.2736692066069256,1.4913169970842488,0,3.529972407382349,TRUE,193
P. falciparum,model5,51001,Aripuanã,MT,2019,3,195,169973,3.529972407382349,0.27948066635998603,3.250491741022363,0,4.118301141946073,TRUE,193
P. falciparum,model5,51002,Alta Floresta,MT,2019,1,193,107911,0,0.14048867059018552,-0.14048867059018552,0,1.8533791735782266,TRUE,193
P. falciparum,model5,51002,Alta Floresta,MT,2019,2,194,107911,0,0.09642606016263873,-0.09642606016263873,0,1.8533791735782266,TRUE,193
P. falciparum,model5,51002,Alta Floresta,MT,2019,3,195,107911,0,0.0723453434937076,-0.0723453434937076,0,1.8533791735782266,TRUE,193
P. falciparum,model5,51003,Colíder,MT,2019,1,193,156947,0,0.200696298466078,-0.200696298466078,0,3.520296660656131,TRUE,193
P. falciparum,model5,51003,Colíder,MT,2019,2,194,156947,0,0.15227879008326817,-0.15227879008326817,0,2.548631066538386,TRUE,193
P. falciparum,model5,51003,Colíder,MT,2019,3,195,156947,0,0.126861441229003,-0.126861441229003,0,2.548631066538386,TRUE,193
P. falciparum,model5,51004,Parecis,MT,2019,1,193,110936,0,0.010410721027244906,-0.010410721027244906,0,0.9014206389269489,TRUE,193
P. falciparum,model5,51004,Parecis,MT,2019,2,194,110936,0.9014206389269489,0.01317353948356694,0.888247099443382,0,0.9014206389269489,TRUE,193
P. falciparum,model5,51004,Parecis,MT,2019,3,195,110936,0.9014206389269489,0.019069914356753072,0.8823507245701958,0,0.9014206389269489,TRUE,193
P. falciparum,model5,51005,Arinos,MT,2019,1,193,83182,0,0.004422747528548791,-0.004422747528548791,0,0.6311461614291279,TRUE,193
P. falciparum,model5,51005,Arinos,MT,2019,2,194,83182,0,0.003143655177137494,-0.003143655177137494,0,0,TRUE,193
P. falciparum,model5,51005,Arinos,MT,2019,3,195,83182,0,0.003056093598660132,-0.003056093598660132,0,0.6311461614291279,TRUE,193
P. falciparum,model5,51006,Alto Teles Pires,MT,2019,1,193,260081,0,0.06017016705723102,-0.06017016705723102,0,1.153486798343593,TRUE,193
P. falciparum,model5,51006,Alto Teles Pires,MT,2019,2,194,260081,0,0.03582957944416372,-0.03582957944416372,0,0.7689911988957285,TRUE,193
P. falciparum,model5,51006,Alto Teles Pires,MT,2019,3,195,260081,0,0.0214377113617296,-0.0214377113617296,0,0.7689911988957285,TRUE,193
P. falciparum,model5,51007,Sinop,MT,2019,1,193,206715,0.4837578308298866,0.0076821435583116935,0.4760756872715749,0,0.4837578308298866,TRUE,193
P. falciparum,model5,51007,Sinop,MT,2019,2,194,206715,0,0.006198221353446386,-0.006198221353446386,0,0.4837578308298866,TRUE,193
P. falciparum,model5,51007,Sinop,MT,2019,3,195,206715,0,0.005554091348264981,-0.005554091348264981,0,0.4837578308298866,TRUE,193
P. falciparum,model5,51008,Paranatinga,MT,2019,1,193,36702,0,2.679948905667825e-4,-2.679948905667825e-4,0,0,TRUE,193
P. falciparum,model5,51008,Paranatinga,MT,2019,2,194,36702,0,2.3634866493361687e-4,-2.3634866493361687e-4,0,0,TRUE,193
P. falciparum,model5,51008,Paranatinga,MT,2019,3,195,36702,0,2.2312718969934252e-4,-2.2312718969934252e-4,0,0,TRUE,193
P. falciparum,model5,51009,Norte Araguaia,MT,2019,1,193,132443,0,4.0406136369369245e-4,-4.0406136369369245e-4,0,0,TRUE,193
P. falciparum,model5,51009,Norte Araguaia,MT,2019,2,194,132443,0,3.221808854873731e-4,-3.221808854873731e-4,0,0,TRUE,193
P. falciparum,model5,51009,Norte Araguaia,MT,2019,3,195,132443,0,2.728031886223724e-4,-2.728031886223724e-4,0,0,TRUE,193
P. falciparum,model5,51010,Canarana,MT,2019,1,193,116230,0,2.3758250448801778e-4,-2.3758250448801778e-4,0,0,TRUE,193
P. falciparum,model5,51010,Canarana,MT,2019,2,194,116230,0,1.9732049565194444e-4,-1.9732049565194444e-4,0,0,TRUE,193
P. falciparum,model5,51010,Canarana,MT,2019,3,195,116230,0,1.9662979562470436e-4,-1.9662979562470436e-4,0,0,TRUE,193
P. falciparum,model5,51011,Médio Araguaia,MT,2019,1,193,69812,0,5.101286350381053e-6,-5.101286350381053e-6,0,0,TRUE,193
P. falciparum,model5,51011,Médio Araguaia,MT,2019,2,194,69812,0,4.1382518968431305e-6,-4.1382518968431305e-6,0,0,TRUE,193
P. falciparum,model5,51011,Médio Araguaia,MT,2019,3,195,69812,0,3.819199424819633e-6,-3.819199424819633e-6,0,0,TRUE,193
P. falciparum,model5,51012,Alto Guaporé,MT,2019,1,193,75369,0,0.0077618399196892176,-0.0077618399196892176,0,1.3268054505167908,TRUE,193
P. falciparum,model5,51012,Alto Guaporé,MT,2019,2,194,75369,0,0.006999361202814387,-0.006999361202814387,0,1.3268054505167908,TRUE,193
P. falciparum,model5,51012,Alto Guaporé,MT,2019,3,195,75369,0,0.007111521502309778,-0.007111521502309778,0,1.3268054505167908,TRUE,193
P. falciparum,model5,51013,Tangará da Serra,MT,2019,1,193,171442,0,0.006400596066700895,-0.006400596066700895,0,0.5832876424680067,TRUE,193
P. falciparum,model5,51013,Tangará da Serra,MT,2019,2,194,171442,0,0.005609004735195485,-0.005609004735195485,0,0.5832876424680067,TRUE,193
P. falciparum,model5,51013,Tangará da Serra,MT,2019,3,195,171442,0,0.005747012116579601,-0.005747012116579601,0,0.5832876424680067,TRUE,193
P. falciparum,model5,51014,Jauru,MT,2019,1,193,110923,0,0.001163503265046025,-0.001163503265046025,0,0,TRUE,193
P. falciparum,model5,51014,Jauru,MT,2019,2,194,110923,0,9.278834528380772e-4,-9.278834528380772e-4,0,0,TRUE,193
P. falciparum,model5,51014,Jauru,MT,2019,3,195,110923,0,9.10225059280284e-4,-9.10225059280284e-4,0,0,TRUE,193
P. falciparum,model5,51015,Alto Paraguai,MT,2019,1,193,33376,0,0.0015492843462931777,-0.0015492843462931777,0,0,TRUE,193
P. falciparum,model5,51015,Alto Paraguai,MT,2019,2,194,33376,0,0.0014163928970713732,-0.0014163928970713732,0,0,TRUE,193
P. falciparum,model5,51015,Alto Paraguai,MT,2019,3,195,33376,0,0.001462850250348279,-0.001462850250348279,0,0,TRUE,193
P. falciparum,model5,51016,Rosário Oeste,MT,2019,1,193,30959,0,9.451958550492089e-4,-9.451958550492089e-4,0,0,TRUE,193
P. falciparum,model5,51016,Rosário Oeste,MT,2019,2,194,30959,0,7.057190951136029e-4,-7.057190951136029e-4,0,0,TRUE,193
P. falciparum,model5,51016,Rosário Oeste,MT,2019,3,195,30959,0,6.824290696138146e-4,-6.824290696138146e-4,0,0,TRUE,193
P. falciparum,model5,51017,Cuiabá,MT,2019,1,193,947114,0,0.016135482494453207,-0.016135482494453207,0,0.31675173210405505,TRUE,193
P. falciparum,model5,51017,Cuiabá,MT,2019,2,194,947114,0,0.011758269447434896,-0.011758269447434896,0,0.2111678214027034,TRUE,193
P. falciparum,model5,51017,Cuiabá,MT,2019,3,195,947114,0,0.010935721591111457,-0.010935721591111457,0,0.2111678214027034,TRUE,193
P. falciparum,model5,51018,Alto Pantanal,MT,2019,1,193,141002,0,9.643126199582909e-4,-9.643126199582909e-4,0,0,TRUE,193
P. falciparum,model5,51018,Alto Pantanal,MT,2019,2,194,141002,0,7.185180699407059e-4,-7.185180699407059e-4,0,0,TRUE,193
P. falciparum,model5,51018,Alto Pantanal,MT,2019,3,195,141002,0,5.86449512937985e-4,-5.86449512937985e-4,0,0,TRUE,193
P. falciparum,model5,51019,Primavera do Leste,MT,2019,1,193,106060,0,3.93723932323167e-4,-3.93723932323167e-4,0,0,TRUE,193
P. falciparum,model5,51019,Primavera do Leste,MT,2019,2,194,106060,0,3.2271311810107067e-4,-3.2271311810107067e-4,0,0,TRUE,193
P. falciparum,model5,51019,Primavera do Leste,MT,2019,3,195,106060,0,3.1138569649574786e-4,-3.1138569649574786e-4,0,0,TRUE,193
P. falciparum,model5,51020,Tesouro,MT,2019,1,193,55941,0,0.0013239224296743924,-0.0013239224296743924,0,0,TRUE,193
P. falciparum,model5,51020,Tesouro,MT,2019,2,194,55941,0,0.0011025531751098865,-0.0011025531751098865,0,0,TRUE,193
P. falciparum,model5,51020,Tesouro,MT,2019,3,195,55941,0,0.0010326832640590122,-0.0010326832640590122,0,0,TRUE,193
P. falciparum,model5,51021,Rondonópolis,MT,2019,1,193,319427,0.6261211481809615,3.596237966032018e-4,0.6257615243843584,0,0,FALSE,193
P. falciparum,model5,51021,Rondonópolis,MT,2019,2,194,319427,0,2.539918689358297e-4,-2.539918689358297e-4,0,0,TRUE,193
P. falciparum,model5,51021,Rondonópolis,MT,2019,3,195,319427,0,1.9962167080063718e-4,-1.9962167080063718e-4,0,0,TRUE,193
P. falciparum,model5,51022,Alto Araguaia,MT,2019,1,193,41921,0,1.4085981737354278e-5,-1.4085981737354278e-5,0,0,TRUE,193
P. falciparum,model5,51022,Alto Araguaia,MT,2019,2,194,41921,0,1.2516072095465896e-5,-1.2516072095465896e-5,0,0,TRUE,193
P. falciparum,model5,51022,Alto Araguaia,MT,2019,3,195,41921,0,1.2910874560308724e-5,-1.2910874560308724e-5,0,0,TRUE,193
P. falciparum,model5,11001,Porto Velho,RO,2020,1,205,689580,12.181327764726355,8.590911029203857,3.5904167355224974,2.030221294121059,88.56477856086309,TRUE,205
P. falciparum,model5,11001,Porto Velho,RO,2020,2,206,689580,9.135995823544766,7.012066949974583,2.1239288735701827,2.0991038023144526,68.09579744192116,TRUE,205
P. falciparum,model5,11001,Porto Velho,RO,2020,3,207,689580,9.86107485715943,7.613979925360378,2.247094931799052,1.8090721888685868,73.18585225789609,TRUE,205
P. falciparum,model5,11002,Guajará-Mirim,RO,2020,1,205,86035,0,0.18918048003037172,-0.18918048003037172,0,2.32463532283373,TRUE,205
P. falciparum,model5,11002,Guajará-Mirim,RO,2020,2,206,86035,0,0.1514172094197029,-0.1514172094197029,0,2.32463532283373,TRUE,205
P. falciparum,model5,11002,Guajará-Mirim,RO,2020,3,207,86035,0,0.1675585398814429,-0.1675585398814429,0,3.4869529842505957,TRUE,205
P. falciparum,model5,11003,Ariquemes,RO,2020,1,205,209694,5.722624395547798,6.318938752831704,-0.596314357283906,0.9537707325912997,61.38706877640743,TRUE,205
P. falciparum,model5,11003,Ariquemes,RO,2020,2,206,209694,6.676395128139098,4.9296458012059885,1.7467493269331094,0.47688536629564987,50.14449626598751,TRUE,205
P. falciparum,model5,11003,Ariquemes,RO,2020,3,207,209694,8.583936593321697,4.749849423485045,3.8340871698366525,0.22652054899043436,44.922601505050125,TRUE,205
P. falciparum,model5,11004,Ji-Paraná,RO,2020,1,205,293651,1.362161204967802,0.5342506205905438,0.8279105843772582,0,6.308509080507125,TRUE,205
P. falciparum,model5,11004,Ji-Paraná,RO,2020,2,206,293651,1.7027015062097524,0.37005382579909907,1.3326476804106533,0,4.265267273055422,TRUE,205
P. falciparum,model5,11004,Ji-Paraná,RO,2020,3,207,293651,0.3405403012419505,0.42499036908030985,-0.08445006783835934,0,5.286888176781273,TRUE,205
P. falciparum,model5,11005,Alvorada D'Oeste,RO,2020,1,205,69523,0,0.12396502549941711,-0.12396502549941711,0,2.876745825122621,TRUE,205
P. falciparum,model5,11005,Alvorada D'Oeste,RO,2020,2,206,69523,0,0.08891934037768735,-0.08891934037768735,0,2.193518691655966,TRUE,205
P. falciparum,model5,11005,Alvorada D'Oeste,RO,2020,3,207,69523,1.4383729125613105,0.08329844106172245,1.3550744714995882,0,2.876745825122621,TRUE,205
P. falciparum,model5,11006,Cacoal,RO,2020,1,205,237069,0,0.24762418914006218,-0.24762418914006218,0,3.3745449637025504,TRUE,205
P. falciparum,model5,11006,Cacoal,RO,2020,2,206,237069,0,0.18271942789846896,-0.18271942789846896,0,2.530908722776913,TRUE,205
P. falciparum,model5,11006,Cacoal,RO,2020,3,207,237069,0,0.20261546153049437,-0.20261546153049437,0,2.530908722776913,TRUE,205
P. falciparum,model5,11007,Vilhena,RO,2020,1,205,164604,0,0.09649548871085566,-0.09649548871085566,0,1.8225559524677406,TRUE,205
P. falciparum,model5,11007,Vilhena,RO,2020,2,206,164604,0,0.0710655723938543,-0.0710655723938543,0,1.2150373016451606,TRUE,205
P. falciparum,model5,11007,Vilhena,RO,2020,3,207,164604,0,0.08199472994735722,-0.08199472994735722,0,1.5339845933270013,TRUE,205
P. falciparum,model5,11008,Colorado do Oeste,RO,2020,1,205,46304,0,0.1685386609685084,-0.1685386609685084,0,2.159640635798203,TRUE,205
P. falciparum,model5,11008,Colorado do Oeste,RO,2020,2,206,46304,0,0.12763682725406322,-0.12763682725406322,0,3.29345196959221,TRUE,205
P. falciparum,model5,11008,Colorado do Oeste,RO,2020,3,207,46304,0,0.14048538236692365,-0.14048538236692365,0,4.319281271596406,TRUE,205
P. falciparum,model5,12001,Cruzeiro do Sul,AC,2020,1,205,159274,187.7268104022,144.93336810953184,42.793442292668146,48.64259075555333,1176.5730753293064,TRUE,205
P. falciparum,model5,12001,Cruzeiro do Sul,AC,2020,2,206,159274,199.02808995818526,109.16967989377832,89.85841006440694,44.875497570224894,814.853648429749,TRUE,205
P. falciparum,model5,12001,Cruzeiro do Sul,AC,2020,3,207,159274,194.63314790863544,99.59860628098217,95.03454162765327,36.41523412484147,724.5689817547109,TRUE,205
P. falciparum,model5,12002,Tarauacá,AC,2020,1,205,86508,0,1.6081797930733102,-1.6081797930733102,0,15.027511906413281,TRUE,205
P. falciparum,model5,12002,Tarauacá,AC,2020,2,206,86508,0,1.1038332833351359,-1.1038332833351359,0,10.403662089055349,TRUE,205
P. falciparum,model5,12002,Tarauacá,AC,2020,3,207,86508,0,1.0412745959563694,-1.0412745959563694,0,9.854579923244067,TRUE,205
P. falciparum,model5,12003,Sena Madureira,AC,2020,1,205,62809,0,0.1693786865176875,-0.1693786865176875,0,4.020124504449963,TRUE,205
P. falciparum,model5,12003,Sena Madureira,AC,2020,2,206,62809,0,0.14608571331891199,-0.14608571331891199,0,3.184257033227722,TRUE,205
P. falciparum,model5,12003,Sena Madureira,AC,2020,3,207,62809,0,0.14621105625747968,-0.14621105625747968,0,3.184257033227722,TRUE,205
P. falciparum,model5,12004,Rio Branco,AC,2020,1,205,513351,3.506372832623293,2.624200631522754,0.8821722011005386,0.287327773784409,24.45208054527993,TRUE,205
P. falciparum,model5,12004,Rio Branco,AC,2020,2,206,513351,7.012745665246586,1.9038728555810143,5.108872809665572,0,16.66014091722817,TRUE,205
P. falciparum,model5,12004,Rio Branco,AC,2020,3,207,513351,6.038753211740116,2.001400297734523,4.037352914005593,0.09252928308311495,17.643873295269696,TRUE,205
P. falciparum,model5,12005,Brasiléia,AC,2020,1,205,72528,1.3787778513125966,0.1802996817228672,1.1984781695897293,0,4.1363335539377895,TRUE,205
P. falciparum,model5,12005,Brasiléia,AC,2020,2,206,72528,0,0.10975394181560365,-0.10975394181560365,0,2.757555702625193,TRUE,205
P. falciparum,model5,12005,Brasiléia,AC,2020,3,207,72528,0,0.08137922701234718,-0.08137922701234718,0,1.3787778513125966,TRUE,205
P. falciparum,model5,13001,Rio Negro,AM,2020,1,205,119734,333.2386790719428,179.90480505729914,153.33387401464364,64.01690413750481,1629.1947149514738,TRUE,205
P. falciparum,model5,13001,Rio Negro,AM,2020,2,206,119734,302.33684667680023,159.66251593794698,142.67433073885326,61.32343361117144,1531.958340989192,TRUE,205
P. falciparum,model5,13001,Rio Negro,AM,2020,3,207,119734,376.668281357008,176.15723164123796,200.51104971577007,64.70593148145055,1512.9787696059593,TRUE,205
P. falciparum,model5,13002,Japurá,AM,2020,1,205,20512,160.8814352574103,42.21494603672586,118.66648922068443,4.875195007800312,385.6279251170042,TRUE,205
P. falciparum,model5,13002,Japurá,AM,2020,2,206,20512,112.12948517940718,37.702084494681685,74.4274006847255,0,405.1287051482055,TRUE,205
P. falciparum,model5,13002,Japurá,AM,2020,3,207,20512,92.62870514820594,46.87713170134503,45.75157344686091,4.875195007800312,462.0466068642734,TRUE,205
P. falciparum,model5,13003,Alto Solimões,AM,2020,1,205,254355,11.008236519824655,11.802539994971507,-0.7943034751468527,1.9657565213972599,90.95555424505108,TRUE,205
P. falciparum,model5,13003,Alto Solimões,AM,2020,2,206,254355,12.580841736942462,15.126714265572636,-2.5458725286301735,4.324664347073972,113.67969963240313,TRUE,205
P. falciparum,model5,13003,Alto Solimões,AM,2020,3,207,254355,12.580841736942462,18.56673183235534,-5.985890095412879,4.511411216606711,132.77702423777785,TRUE,205
P. falciparum,model5,13004,Juruá,AM,2020,1,205,154894,17.431275582010922,9.522026288872025,7.909249293138897,1.2912055986674758,84.67080713261964,TRUE,205
P. falciparum,model5,13004,Juruá,AM,2020,2,206,154894,45.192195953361654,9.139986061026658,36.052209892335,1.5978669283510023,87.80198070938836,TRUE,205
P. falciparum,model5,13004,Juruá,AM,2020,3,207,154894,52.29382674603277,11.280410871726618,41.013415874306155,1.9368083980012138,97.51830283936107,TRUE,205
P. falciparum,model5,13005,Tefé,AM,2020,1,205,89457,0,2.7898372774658995,-2.7898372774658995,0,26.88442491923489,TRUE,205
P. falciparum,model5,13005,Tefé,AM,2020,2,206,89457,6.7071330359837695,2.4597662250090124,4.247366810974757,0,26.297550778586338,TRUE,205
P. falciparum,model5,13005,Tefé,AM,2020,3,207,89457,4.471422023989179,3.062729511691937,1.4086925122972422,0,31.355846943224066,TRUE,205
P. falciparum,model5,13006,Coari,AM,2020,1,205,183887,4.350497860098865,1.624404496969299,2.726093363129566,0,14.710120889459265,TRUE,205
P. falciparum,model5,13006,Coari,AM,2020,2,206,183887,6.525746790148299,1.7861947714925686,4.73955201865573,0,15.770554742858387,TRUE,205
P. falciparum,model5,13006,Coari,AM,2020,3,207,183887,7.069559022660656,2.1356663133315403,4.9338927093291165,0,17.17087124157767,TRUE,205
P. falciparum,model5,13007,Manaus,AM,2020,1,205,2509626,0.2390794484915282,0.31254264285741623,-0.07346319436588802,0.018927123005579374,3.2943155673395097,TRUE,205
P. falciparum,model5,13007,Manaus,AM,2020,2,206,2509626,0.3586191727372923,0.25391621868442926,0.10470295405286306,0,2.8101796841441704,TRUE,205
P. falciparum,model5,13007,Manaus,AM,2020,3,207,2509626,0.3586191727372923,0.2532999735752261,0.10531919916206622,0,2.552173112647062,TRUE,205
P. falciparum,model5,13008,Rio Preto da Eva,AM,2020,1,205,71299,0,0.2458020148751371,-0.2458020148751371,0,4.207632645619153,TRUE,205
P. falciparum,model5,13008,Rio Preto da Eva,AM,2020,2,206,71299,0,0.17792263024778554,-0.17792263024778554,0,2.8050884304127686,TRUE,205
P. falciparum,model5,13008,Rio Preto da Eva,AM,2020,3,207,71299,0,0.1532577114792987,-0.1532577114792987,0,2.8050884304127686,TRUE,205
P. falciparum,model5,13009,Itacoatiara,AM,2020,1,205,182772,0,0.06253931191776904,-0.06253931191776904,0,1.0942595145864793,TRUE,205
P. falciparum,model5,13009,Itacoatiara,AM,2020,2,206,182772,0,0.04743073485256972,-0.04743073485256972,0,1.0942595145864793,TRUE,205
P. falciparum,model5,13009,Itacoatiara,AM,2020,3,207,182772,0.5471297572932396,0.044018807381544504,0.5031109499116951,0,1.0942595145864793,TRUE,205
P. falciparum,model5,13010,Parintins,AM,2020,1,205,284437,6.328290623231155,2.06193903847606,4.266351584755094,0,19.336443570984084,TRUE,205
P. falciparum,model5,13010,Parintins,AM,2020,2,206,284437,3.515717012906197,1.6291481661097669,1.88656884679643,0,16.910598832078776,TRUE,205
P. falciparum,model5,13010,Parintins,AM,2020,3,207,284437,5.9767189219405354,1.3808188981056024,4.595900023834933,0,13.192728090930498,TRUE,205
P. falciparum,model5,13011,Boca do Acre,AM,2020,1,205,54157,44.31560093801355,10.8282855590856,33.48731537892795,0,120.20606754436159,TRUE,205
P. falciparum,model5,13011,Boca do Acre,AM,2020,2,206,54157,22.157800469006776,7.848947545647715,14.308852923359062,0,80.36818878445996,TRUE,205
P. falciparum,model5,13011,Boca do Acre,AM,2020,3,207,54157,20.311317096589544,8.740193757145867,11.571123339443677,0,88.81585021326866,TRUE,205
P. falciparum,model5,13012,Purus,AM,2020,1,205,79704,11.29177958446251,5.220924494411289,6.0708550900512215,0,47.739134798755344,TRUE,205
P. falciparum,model5,13012,Purus,AM,2020,2,206,79704,22.58355916892502,5.131676333873008,17.45188283505201,0,42.061878952122825,TRUE,205
P. falciparum,model5,13012,Purus,AM,2020,3,207,79704,33.87533875338753,6.622570680715705,27.252768072671827,0,62.92030512897705,TRUE,205
P. falciparum,model5,13013,Madeira,AM,2020,1,205,202880,2.4645110410094637,4.0082769656970765,-1.5437659246876128,0,39.74024053627755,TRUE,205
P. falciparum,model5,13013,Madeira,AM,2020,2,206,202880,0.9858044164037856,3.762860604433219,-2.7770561880294333,0,37.30037460567816,TRUE,205
P. falciparum,model5,13013,Madeira,AM,2020,3,207,202880,2.4645110410094637,4.271717538601132,-1.8072064975916686,0,39.45682176656149,TRUE,205
P. falciparum,model5,14001,Boa Vista,RR,2020,1,205,467130,38.105024297304816,15.336578662490105,22.76844563481471,3.8533170637723972,126.09980091195169,TRUE,205
P. falciparum,model5,14001,Boa Vista,RR,2020,2,206,467130,35.964292595209045,12.156880338487937,23.807412256721108,3.8533170637723972,95.54620769378957,TRUE,205
P. falciparum,model5,14001,Boa Vista,RR,2020,3,207,467130,55.4449510842806,12.692020796062145,42.75293028821846,3.6285402350523412,100.96225890009202,TRUE,205
P. falciparum,model5,14002,Nordeste de Roraima,RR,2020,1,205,53677,9.314976619408686,1.8172292066907096,7.497747412717976,0,20.49294856269911,TRUE,205
P. falciparum,model5,14002,Nordeste de Roraima,RR,2020,2,206,53677,16.766957914935634,1.5775456508404535,15.18941226409518,0,15.882035136091766,FALSE,205
P. falciparum,model5,14002,Nordeste de Roraima,RR,2020,3,207,53677,18.62995323881737,1.4378083656918481,17.192144873125525,0,14.903962591053896,FALSE,205
P. falciparum,model5,14003,Caracaraí,RR,2020,1,205,52751,43.60106917404409,6.342246105539359,37.25882306850473,0,54.07480426911334,TRUE,205
P. falciparum,model5,14003,Caracaraí,RR,2020,2,206,52751,3.791397319482095,5.292656649204522,-1.5012593297224273,0,54.97526113249038,TRUE,205
P. falciparum,model5,14003,Caracaraí,RR,2020,3,207,52751,34.12257587533886,5.619502939679007,28.50307293565985,0,60.66235711171352,TRUE,205
P. falciparum,model5,14004,Sudeste de Roraima,RR,2020,1,205,57623,8.677090745015011,6.873420288943574,1.803670456071437,0,72.8875622581261,TRUE,205
P. falciparum,model5,14004,Sudeste de Roraima,RR,2020,2,206,57623,1.7354181490030023,5.700349524775694,-3.964931375772692,0,65.94588966211408,TRUE,205
P. falciparum,model5,14004,Sudeste de Roraima,RR,2020,3,207,57623,1.7354181490030023,5.106868966531648,-3.371450817528646,0,57.268798917099076,TRUE,205
P. falciparum,model5,15001,Óbidos,PA,2020,1,205,211269,0,0.08533877759221034,-0.08533877759221034,0,1.6684889879726685,TRUE,205
P. falciparum,model5,15001,Óbidos,PA,2020,2,206,211269,0,0.0642601743565166,-0.0642601743565166,0,0.9466604187079032,TRUE,205
P. falciparum,model5,15001,Óbidos,PA,2020,3,207,211269,0,0.06263501635948583,-0.06263501635948583,0,0.9466604187079032,TRUE,205
P. falciparum,model5,15002,Santarém,PA,2020,1,205,531849,0.18802329232545326,0.7432009889964569,-0.5551776966710037,0,6.026146519030769,TRUE,205
P. falciparum,model5,15002,Santarém,PA,2020,2,206,531849,0.18802329232545326,0.6816563600794359,-0.49363306775398264,0,6.679527459861723,TRUE,205
P. falciparum,model5,15002,Santarém,PA,2020,3,207,531849,0.3760465846509065,0.6638316341902724,-0.28778504953936584,0,6.956861816041772,TRUE,205
P. falciparum,model5,15003,Almeirim,PA,2020,1,205,75877,0,0.2852986796339898,-0.2852986796339898,0,5.271689708343767,TRUE,205
P. falciparum,model5,15003,Almeirim,PA,2020,2,206,75877,0,0.24153403471479246,-0.24153403471479246,0,3.953767281257825,TRUE,205
P. falciparum,model5,15003,Almeirim,PA,2020,3,207,75877,0,0.20424178106227794,-0.20424178106227794,0,3.953767281257825,TRUE,205
P. falciparum,model5,15004,Portel,PA,2020,1,205,155915,0.6413751082320495,0.012332570148806801,0.6290425380832426,0,0.6413751082320495,TRUE,205
P. falciparum,model5,15004,Portel,PA,2020,2,206,155915,0,0.015443337213650396,-0.015443337213650396,0,0.6413751082320495,TRUE,205
P. falciparum,model5,15004,Portel,PA,2020,3,207,155915,0,0.020900741315277183,-0.020900741315277183,0,0.6413751082320495,TRUE,205
P. falciparum,model5,15005,Furos de Breves,PA,2020,1,205,234720,25.988411724608046,10.542561875024326,15.44584984958372,1.7041581458759374,71.79831288343557,TRUE,205
P. falciparum,model5,15005,Furos de Breves,PA,2020,2,206,234720,25.56237218813906,9.886463093226142,15.67590909491292,1.278118609406953,69.87048398091343,TRUE,205
P. falciparum,model5,15005,Furos de Breves,PA,2020,3,207,234720,21.301976823449216,10.054026169390704,11.247950654058512,1.9065269256987056,72.4693251533742,TRUE,205
P. falciparum,model5,15006,Arari,PA,2020,1,205,180421,1.1085184097194893,0.10704815896356412,1.0014702507559252,0,1.6627776145792341,TRUE,205
P. falciparum,model5,15006,Arari,PA,2020,2,206,180421,0.5542592048597447,0.1545717379700404,0.39968746688970425,0,2.2170368194389787,TRUE,205
P. falciparum,model5,15006,Arari,PA,2020,3,207,180421,2.7712960242987235,0.19766354706672734,2.573632477231996,0,2.2170368194389787,FALSE,205
P. falciparum,model5,15007,Belém,PA,2020,1,205,2381117,0,0.020584781183808097,-0.020584781183808097,0,0.2939796742453227,TRUE,205
P. falciparum,model5,15007,Belém,PA,2020,2,206,2381117,0.04199709632076038,0.017654510073833347,0.024342586246927034,0,0.2939796742453227,TRUE,205
P. falciparum,model5,15007,Belém,PA,2020,3,207,2381117,0.08399419264152076,0.016219411029165423,0.06777478161235534,0,0.2519825779245623,TRUE,205
P. falciparum,model5,15008,Castanhal,PA,2020,1,205,348294,0,0.0011442165487650932,-0.0011442165487650932,0,0.28711376021407203,TRUE,205
P. falciparum,model5,15008,Castanhal,PA,2020,2,206,348294,0.28711376021407203,8.117308066126147e-4,0.2863020294074594,0,0,FALSE,205
P. falciparum,model5,15008,Castanhal,PA,2020,3,207,348294,0,6.114839655287768e-4,-6.114839655287768e-4,0,0,TRUE,205
P. falciparum,model5,15009,Salgado,PA,2020,1,205,273785,0,0.004578141769254148,-0.004578141769254148,0,0.3652501050094052,TRUE,205
P. falciparum,model5,15009,Salgado,PA,2020,2,206,273785,0,0.0032187060737937593,-0.0032187060737937593,0,0.3652501050094052,TRUE,205
P. falciparum,model5,15009,Salgado,PA,2020,3,207,273785,0,0.002367642423266507,-0.002367642423266507,0,0.3652501050094052,TRUE,205
P. falciparum,model5,15010,Bragantina,PA,2020,1,205,427450,0,0.002906702597610922,-0.002906702597610922,0,0.23394549070066675,TRUE,205
P. falciparum,model5,15010,Bragantina,PA,2020,2,206,427450,0,0.002448819082634964,-0.002448819082634964,0,0.23394549070066675,TRUE,205
P. falciparum,model5,15010,Bragantina,PA,2020,3,207,427450,0,0.002357080319383014,-0.002357080319383014,0,0.23394549070066675,TRUE,205
P. falciparum,model5,15011,Cametá,PA,2020,1,205,503601,0,0.009691345013079281,-0.009691345013079281,0,0.1985698995832018,TRUE,205
P. falciparum,model5,15011,Cametá,PA,2020,2,206,503601,0,0.009394689778529738,-0.009394689778529738,0,0.1985698995832018,TRUE,205
P. falciparum,model5,15011,Cametá,PA,2020,3,207,503601,0,0.007756442097844535,-0.007756442097844535,0,0.1985698995832018,TRUE,205
P. falciparum,model5,15012,Tomé-Açu,PA,2020,1,205,345631,0,0.01564171079795026,-0.01564171079795026,0,0.4412219968694872,TRUE,205
P. falciparum,model5,15012,Tomé-Açu,PA,2020,2,206,345631,0.5786517991731066,0.010547681719377696,0.5681041174537289,0,0.2893258995865533,FALSE,205
P. falciparum,model5,15012,Tomé-Açu,PA,2020,3,207,345631,0,0.00913680155583916,-0.00913680155583916,0,0.2893258995865533,TRUE,205
P. falciparum,model5,15013,Guamá,PA,2020,1,205,488143,0.20485800267544552,0.02106051623708614,0.1837974864383594,0,0.40971600535089103,TRUE,205
P. falciparum,model5,15013,Guamá,PA,2020,2,206,488143,0,0.02120338199897739,-0.02120338199897739,0,0.40971600535089103,TRUE,205
P. falciparum,model5,15013,Guamá,PA,2020,3,207,488143,0,0.020868465108136957,-0.020868465108136957,0,0.40971600535089103,TRUE,205
P. falciparum,model5,15014,Itaituba,PA,2020,1,205,221823,13.07348651853054,11.6769940773776,1.3964924411529402,1.5665643328239187,84.56066323149535,TRUE,205
P. falciparum,model5,15014,Itaituba,PA,2020,2,206,221823,27.04859279695974,9.582173618552348,17.466419178407392,1.352429639847987,74.9246020475784,TRUE,205
P. falciparum,model5,15014,Itaituba,PA,2020,3,207,221823,13.52429639847987,8.86335778992303,4.6609386085568385,1.5665643328239187,64.296759127773,TRUE,205
P. falciparum,model5,15015,Altamira,PA,2020,1,205,312142,0.3203670124494621,0.18189295763853058,0.1384740548109315,0,2.5629360995956967,TRUE,205
P. falciparum,model5,15015,Altamira,PA,2020,2,206,312142,0.3203670124494621,0.13997884980239128,0.1803881626470708,0,1.9222020746967725,TRUE,205
P. falciparum,model5,15015,Altamira,PA,2020,3,207,312142,0.9611010373483863,0.09957282094432181,0.8615282164040644,0,1.6018350622473103,TRUE,205
P. falciparum,model5,15016,Tucuruí,PA,2020,1,205,389741,0,0.13670119455925264,-0.13670119455925264,0,1.282903261396671,TRUE,205
P. falciparum,model5,15016,Tucuruí,PA,2020,2,206,389741,0.25658065227933424,0.09836173991473747,0.1582189123645968,0,1.026322609117337,TRUE,205
P. falciparum,model5,15016,Tucuruí,PA,2020,3,207,389741,0.25658065227933424,0.0764867179201409,0.18009393435919335,0,1.026322609117337,TRUE,205
P. falciparum,model5,15017,Paragominas,PA,2020,1,205,354221,0,0.007909143328525487,-0.007909143328525487,0,0.28230963155769984,TRUE,205
P. falciparum,model5,15017,Paragominas,PA,2020,2,206,354221,0.28230963155769984,0.006961876411990204,0.27534775514570964,0,0.28230963155769984,TRUE,205
P. falciparum,model5,15017,Paragominas,PA,2020,3,207,354221,0,0.00525513920275583,-0.00525513920275583,0,0.28230963155769984,TRUE,205
P. falciparum,model5,15018,São Félix do Xingu,PA,2020,1,205,222632,14.373495274713429,0.8368970202565674,13.536598254456862,0,8.770077976211855,FALSE,205
P. falciparum,model5,15018,São Félix do Xingu,PA,2020,2,206,222632,4.4917172733479465,0.6592262034648508,3.832491069883096,0,4.727532430198703,TRUE,205
P. falciparum,model5,15018,São Félix do Xingu,PA,2020,3,207,222632,1.7966869093391786,0.5651716333495024,1.2315152759896764,0,5.176704157533498,TRUE,205
P. falciparum,model5,15019,Parauapebas,PA,2020,1,205,331080,0,0.025354282191000284,-0.025354282191000284,0,0.6040836051709556,TRUE,205
P. falciparum,model5,15019,Parauapebas,PA,2020,2,206,331080,0.3020418025854778,0.020800421372531012,0.2812413812129468,0,0.6040836051709556,TRUE,205
P. falciparum,model5,15019,Parauapebas,PA,2020,3,207,331080,0,0.018505321586990437,-0.018505321586990437,0,0.4606137489428468,TRUE,205
P. falciparum,model5,15020,Marabá,PA,2020,1,205,338296,0,0.060029629927320055,-0.060029629927320055,0,0.8867973608910541,TRUE,205
P. falciparum,model5,15020,Marabá,PA,2020,2,206,338296,0.295599120297018,0.04799238203123061,0.2476067382657874,0,0.8867973608910541,TRUE,205
P. falciparum,model5,15020,Marabá,PA,2020,3,207,338296,0,0.04336152700200079,-0.04336152700200079,0,0.8867973608910541,TRUE,205
P. falciparum,model5,15021,Redenção,PA,2020,1,205,197953,0,0.004102584710071098,-0.004102584710071098,0,0.505170419240931,TRUE,205
P. falciparum,model5,15021,Redenção,PA,2020,2,206,197953,0,0.004222176983222494,-0.004222176983222494,0,0.505170419240931,TRUE,205
P. falciparum,model5,15021,Redenção,PA,2020,3,207,197953,0,0.004475671037912914,-0.004475671037912914,0,0.505170419240931,TRUE,205
P. falciparum,model5,15022,Conceição do Araguaia,PA,2020,1,205,164785,0,0.0042592434930626,-0.0042592434930626,0,0.606851351761386,TRUE,205
P. falciparum,model5,15022,Conceição do Araguaia,PA,2020,2,206,164785,0,0.0047346433295475665,-0.0047346433295475665,0,0.606851351761386,TRUE,205
P. falciparum,model5,15022,Conceição do Araguaia,PA,2020,3,207,164785,0,0.004682404444730417,-0.004682404444730417,0,0.606851351761386,TRUE,205
P. falciparum,model5,16001,Oiapoque,AP,2020,1,205,39212,2.550239722533918,2.917534273223473,-0.3672945506895551,0,43.35407528307661,TRUE,205
P. falciparum,model5,16001,Oiapoque,AP,2020,2,206,39212,20.401917780271344,2.0954658305200162,18.306451949751327,0,28.180148933999682,TRUE,205
P. falciparum,model5,16001,Oiapoque,AP,2020,3,207,39212,0,1.933820143400887,-1.933820143400887,0,26.84127307966943,TRUE,205
P. falciparum,model5,16002,Amapá,AP,2020,1,205,32202,3.1053971802993603,1.1282944792426088,1.9771027010567515,0,15.526985901496802,TRUE,205
P. falciparum,model5,16002,Amapá,AP,2020,2,206,32202,0,0.9790379577662655,-0.9790379577662655,0,14.051922240854536,TRUE,205
P. falciparum,model5,16002,Amapá,AP,2020,3,207,32202,0,0.6722951216647065,-0.6722951216647065,0,9.31619154089808,TRUE,205
P. falciparum,model5,16003,Macapá,AP,2020,1,205,700690,7.135823259929499,6.343891445698834,0.791931814230665,1.9980305127802593,49.74025603333857,TRUE,205
P. falciparum,model5,16003,Macapá,AP,2020,2,206,700690,3.282478699567569,6.1358068366853225,-2.8533281371177535,1.5698811171844895,54.30718291969332,TRUE,205
P. falciparum,model5,16003,Macapá,AP,2020,3,207,700690,2.7116128387732092,4.272650248854291,-1.5610374100810813,0.9240891121608702,36.428377741940054,TRUE,205
P. falciparum,model5,16004,Mazagão,AP,2020,1,205,89669,3.3456378458553124,5.274758189982408,-1.9291203441270954,0,43.130847896151224,TRUE,205
P. falciparum,model5,16004,Mazagão,AP,2020,2,206,89669,1.115212615285104,5.225803366610641,-4.110590751325537,0,43.493291996119055,TRUE,205
P. falciparum,model5,16004,Mazagão,AP,2020,3,207,89669,6.691275691710625,4.398227179563845,2.29304851214678,0,42.43384001159816,TRUE,205
P. falciparum,model5,17001,Bico do Papagaio,TO,2020,1,205,217560,0,0.012225857754354955,-0.012225857754354955,0,0.45964331678617393,TRUE,205
P. falciparum,model5,17001,Bico do Papagaio,TO,2020,2,206,217560,0,0.010299551553676853,-0.010299551553676853,0,0.45964331678617393,TRUE,205
P. falciparum,model5,17001,Bico do Papagaio,TO,2020,3,207,217560,0,0.010367640601626238,-0.010367640601626238,0,0.45964331678617393,TRUE,205
P. falciparum,model5,17002,Araguaína,TO,2020,1,205,323491,0,0.013979845479898646,-0.013979845479898646,0,0.30912761096908414,TRUE,205
P. falciparum,model5,17002,Araguaína,TO,2020,2,206,323491,0,0.011664960950718983,-0.011664960950718983,0,0.30912761096908414,TRUE,205
P. falciparum,model5,17002,Araguaína,TO,2020,3,207,323491,0,0.010563099937005669,-0.010563099937005669,0,0.30912761096908414,TRUE,205
P. falciparum,model5,17003,Miracema do Tocantins,TO,2020,1,205,149583,0,0.0012879277792778423,-0.0012879277792778423,0,0,TRUE,205
P. falciparum,model5,17003,Miracema do Tocantins,TO,2020,2,206,149583,0,0.0013062874621013784,-0.0013062874621013784,0,0,TRUE,205
P. falciparum,model5,17003,Miracema do Tocantins,TO,2020,3,207,149583,0,0.0013655440484743923,-0.0013655440484743923,0,0.35097571248068116,TRUE,205
P. falciparum,model5,17004,Rio Formoso,TO,2020,1,205,128892,0,8.704274656202375e-4,-8.704274656202375e-4,0,0,TRUE,205
P. falciparum,model5,17004,Rio Formoso,TO,2020,2,206,128892,0,7.141897257596875e-4,-7.141897257596875e-4,0,0,TRUE,205
P. falciparum,model5,17004,Rio Formoso,TO,2020,3,207,128892,0,6.776133117782525e-4,-6.776133117782525e-4,0,0,TRUE,205
P. falciparum,model5,17005,Gurupi,TO,2020,1,205,151930,0,3.545313957022871e-4,-3.545313957022871e-4,0,0,TRUE,205
P. falciparum,model5,17005,Gurupi,TO,2020,2,206,151930,0,2.658315620388153e-4,-2.658315620388153e-4,0,0,TRUE,205
P. falciparum,model5,17005,Gurupi,TO,2020,3,207,151930,0,2.2262705141110116e-4,-2.2262705141110116e-4,0,0,TRUE,205
P. falciparum,model5,17006,Porto Nacional,TO,2020,1,205,413057,0.24209733765557778,0.0015368060549596396,0.24056053160061813,0,0.24209733765557778,TRUE,205
P. falciparum,model5,17006,Porto Nacional,TO,2020,2,206,413057,0,0.0012961800517156227,-0.0012961800517156227,0,0.24209733765557778,TRUE,205
P. falciparum,model5,17006,Porto Nacional,TO,2020,3,207,413057,0,0.001145109310299749,-0.001145109310299749,0,0.24209733765557778,TRUE,205
P. falciparum,model5,17007,Jalapão,TO,2020,1,205,80915,0,8.415149366630775e-6,-8.415149366630775e-6,0,0,TRUE,205
P. falciparum,model5,17007,Jalapão,TO,2020,2,206,80915,0,6.990874936290268e-6,-6.990874936290268e-6,0,0,TRUE,205
P. falciparum,model5,17007,Jalapão,TO,2020,3,207,80915,0,6.393982174265654e-6,-6.393982174265654e-6,0,0,TRUE,205
P. falciparum,model5,17008,Dianópolis,TO,2020,1,205,124820,0,2.3751042244834928e-6,-2.3751042244834928e-6,0,0,TRUE,205
P. falciparum,model5,17008,Dianópolis,TO,2020,2,206,124820,0,2.0095275520222964e-6,-2.0095275520222964e-6,0,0,TRUE,205
P. falciparum,model5,17008,Dianópolis,TO,2020,3,207,124820,0,1.8163686360676883e-6,-1.8163686360676883e-6,0,0,TRUE,205
P. falciparum,model5,21001,Litoral Ocidental Maranhense,MA,2020,1,205,191685,0,0.0024403024737640385,-0.0024403024737640385,0,0.5216892297258523,TRUE,205
P. falciparum,model5,21001,Litoral Ocidental Maranhense,MA,2020,2,206,191685,0,0.002110339503055421,-0.002110339503055421,0,0.5216892297258523,TRUE,205
P. falciparum,model5,21001,Litoral Ocidental Maranhense,MA,2020,3,207,191685,0,0.0019227941036134544,-0.0019227941036134544,0,0.2738868456060606,TRUE,205
P. falciparum,model5,21002,Aglomeração Urbana de São Luís,MA,2020,1,205,1442927,0,0.005681859236237489,-0.005681859236237489,0,0.13860715060429252,TRUE,205
P. falciparum,model5,21002,Aglomeração Urbana de São Luís,MA,2020,2,206,1442927,0,0.0050864846623965955,-0.0050864846623965955,0,0.13860715060429252,TRUE,205
P. falciparum,model5,21002,Aglomeração Urbana de São Luís,MA,2020,3,207,1442927,0,0.004844217437258825,-0.004844217437258825,0,0.13860715060429252,TRUE,205
P. falciparum,model5,21003,Rosário,MA,2020,1,205,179884,0,8.744193111214955e-4,-8.744193111214955e-4,0,0,TRUE,205
P. falciparum,model5,21003,Rosário,MA,2020,2,206,179884,0,6.09386740136404e-4,-6.09386740136404e-4,0,0,TRUE,205
P. falciparum,model5,21003,Rosário,MA,2020,3,207,179884,0,4.850730811601727e-4,-4.850730811601727e-4,0,0,TRUE,205
P. falciparum,model5,21004,Lençóis Maranhenses,MA,2020,1,205,199178,0,0.0011558015737605047,-0.0011558015737605047,0,0.5020634809065259,TRUE,205
P. falciparum,model5,21004,Lençóis Maranhenses,MA,2020,2,206,199178,0,8.218533240267442e-4,-8.218533240267442e-4,0,0,TRUE,205
P. falciparum,model5,21004,Lençóis Maranhenses,MA,2020,3,207,199178,0,6.788559715035743e-4,-6.788559715035743e-4,0,0,TRUE,205
P. falciparum,model5,21005,Baixada Maranhense,MA,2020,1,205,608061,0,0.023922717266219105,-0.023922717266219105,0,0.4933715531829866,TRUE,205
P. falciparum,model5,21005,Baixada Maranhense,MA,2020,2,206,608061,0,0.019382353772656152,-0.019382353772656152,0,0.3289143687886577,TRUE,205
P. falciparum,model5,21005,Baixada Maranhense,MA,2020,3,207,608061,0.4933715531829866,0.017711665846741324,0.47565988733624526,0,0.3289143687886577,FALSE,205
P. falciparum,model5,21006,Itapecuru Mirim,MA,2020,1,205,238418,0,0.0010204611357440818,-0.0010204611357440818,0,0,TRUE,205
P. falciparum,model5,21006,Itapecuru Mirim,MA,2020,2,206,238418,0,0.0010153511851792813,-0.0010153511851792813,0,0.22020149485356696,TRUE,205
P. falciparum,model5,21006,Itapecuru Mirim,MA,2020,3,207,238418,0,0.0011598613331586637,-0.0011598613331586637,0,0.41943141876871715,TRUE,205
P. falciparum,model5,21007,Gurupi,MA,2020,1,205,243679,0,0.07415395917364491,-0.07415395917364491,0,1.2311278362107527,TRUE,205
P. falciparum,model5,21007,Gurupi,MA,2020,2,206,243679,0,0.07623872485913111,-0.07623872485913111,0,1.2311278362107527,TRUE,205
P. falciparum,model5,21007,Gurupi,MA,2020,3,207,243679,0,0.09216865314003715,-0.09216865314003715,0,1.2311278362107527,TRUE,205
P. falciparum,model5,21008,Pindaré,MA,2020,1,205,669222,0.8965634722110152,0.17390155328282997,0.7226619189281852,0,2.1069241596958723,TRUE,205
P. falciparum,model5,21008,Pindaré,MA,2020,2,206,669222,0.2988544907370051,0.16100781708019232,0.13784667365681277,0,2.0284748558774117,TRUE,205
P. falciparum,model5,21008,Pindaré,MA,2020,3,207,669222,0.4482817361055076,0.15218914839303282,0.29609258771247476,0,1.7931269444220304,TRUE,205
P. falciparum,model5,21009,Imperatriz,MA,2020,1,205,602537,0.3319298233967375,0.03405558679934116,0.2978742365973963,0,0.4978947350951062,TRUE,205
P. falciparum,model5,21009,Imperatriz,MA,2020,2,206,602537,0,0.028587548134080674,-0.028587548134080674,0,0.585026313736746,TRUE,205
P. falciparum,model5,21009,Imperatriz,MA,2020,3,207,602537,0.16596491169836874,0.025985712061136926,0.13997919963723182,0,0.4190614020383773,TRUE,205
P. falciparum,model5,21010,Médio Mearim,MA,2020,1,205,424432,0.2356090021487541,0.12004170996375133,0.11556729218500278,0,1.6492630150412788,TRUE,205
P. falciparum,model5,21010,Médio Mearim,MA,2020,2,206,424432,0,0.12587280598437753,-0.12587280598437753,0,1.7729577411693693,TRUE,205
P. falciparum,model5,21010,Médio Mearim,MA,2020,3,207,424432,0,0.160110870489208,-0.160110870489208,0,2.479784747615631,TRUE,205
P. falciparum,model5,21011,Alto Mearim e Grajaú,MA,2020,1,205,338308,0,0.08866050002880797,-0.08866050002880797,0,1.3375385743168882,TRUE,205
P. falciparum,model5,21011,Alto Mearim e Grajaú,MA,2020,2,206,338308,0,0.07819455795238638,-0.07819455795238638,0,1.4779431760407677,TRUE,205
P. falciparum,model5,21011,Alto Mearim e Grajaú,MA,2020,3,207,338308,0,0.06941902608651287,-0.06941902608651287,0,1.4779431760407677,TRUE,205
P. falciparum,model5,21012,Presidente Dutra,MA,2020,1,205,200027,0,0.048207345899556414,-0.048207345899556414,0,0.9998650182225399,TRUE,205
P. falciparum,model5,21012,Presidente Dutra,MA,2020,2,206,200027,0,0.050083515704608714,-0.050083515704608714,0,0.9998650182225399,TRUE,205
P. falciparum,model5,21012,Presidente Dutra,MA,2020,3,207,200027,0,0.06136798711631995,-0.06136798711631995,0,0.9998650182225399,TRUE,205
P. falciparum,model5,21013,Baixo Parnaíba Maranhense,MA,2020,1,205,147430,0.6782880010852608,0.00456177671276028,0.6737262243725005,0,0.6782880010852608,TRUE,205
P. falciparum,model5,21013,Baixo Parnaíba Maranhense,MA,2020,2,206,147430,0,0.0032260863669124735,-0.0032260863669124735,0,0.6782880010852608,TRUE,205
P. falciparum,model5,21013,Baixo Parnaíba Maranhense,MA,2020,3,207,147430,0,0.002599197518762717,-0.002599197518762717,0,0.3561012005697465,TRUE,205
P. falciparum,model5,21014,Chapadinha,MA,2020,1,205,246702,0,0.004713882124323077,-0.004713882124323077,0,0.4053473421374776,TRUE,205
P. falciparum,model5,21014,Chapadinha,MA,2020,2,206,246702,0,0.003995674797058919,-0.003995674797058919,0,0.4053473421374776,TRUE,205
P. falciparum,model5,21014,Chapadinha,MA,2020,3,207,246702,0,0.0036648629853598467,-0.0036648629853598467,0,0.4053473421374776,TRUE,205
P. falciparum,model5,21015,Codó,MA,2020,1,205,280000,0.35714285714285715,0.0019703523148745933,0.35517250482798257,0,0,FALSE,205
P. falciparum,model5,21015,Codó,MA,2020,2,206,280000,0,0.0017960454943385651,-0.0017960454943385651,0,0.35714285714285715,TRUE,205
P. falciparum,model5,21015,Codó,MA,2020,3,207,280000,0,0.0018225026007198204,-0.0018225026007198204,0,0,TRUE,205
P. falciparum,model5,21016,Coelho Neto,MA,2020,1,205,94357,0,0.002690220609630497,-0.002690220609630497,0,1.0598047839587947,TRUE,205
P. falciparum,model5,21016,Coelho Neto,MA,2020,2,206,94357,0,0.002144576233139927,-0.002144576233139927,0,0.5563975115783432,TRUE,205
P. falciparum,model5,21016,Coelho Neto,MA,2020,3,207,94357,0,0.0018663298477824743,-0.0018663298477824743,0,0,TRUE,205
P. falciparum,model5,21017,Caxias,MA,2020,1,205,447282,0,0.0012781648477270893,-0.0012781648477270893,0,0.22357260073063528,TRUE,205
P. falciparum,model5,21017,Caxias,MA,2020,2,206,447282,0,0.0014367442916837446,-0.0014367442916837446,0,0.22357260073063528,TRUE,205
P. falciparum,model5,21017,Caxias,MA,2020,3,207,447282,0,0.0017945388541669301,-0.0017945388541669301,0,0.22357260073063528,TRUE,205
P. falciparum,model5,21018,Chapadas do Alto Itapecuru,MA,2020,1,205,222247,0,0.013192280851651892,-0.013192280851651892,0,0.44994983059388877,TRUE,205
P. falciparum,model5,21018,Chapadas do Alto Itapecuru,MA,2020,2,206,222247,0,0.013949200364680045,-0.013949200364680045,0,0.44994983059388877,TRUE,205
P. falciparum,model5,21018,Chapadas do Alto Itapecuru,MA,2020,3,207,222247,0,0.01698231709862364,-0.01698231709862364,0,0.44994983059388877,TRUE,205
P. falciparum,model5,21019,Porto Franco,MA,2020,1,205,121114,0,0.0039661346408785885,-0.0039661346408785885,0,0.8256683785524381,TRUE,205
P. falciparum,model5,21019,Porto Franco,MA,2020,2,206,121114,0,0.002544644579494705,-0.002544644579494705,0,0.8256683785524381,TRUE,205
P. falciparum,model5,21019,Porto Franco,MA,2020,3,207,121114,0,0.0018207825716995722,-0.0018207825716995722,0,0,TRUE,205
P. falciparum,model5,21020,Gerais de Balsas,MA,2020,1,205,144541,0,0.004986820086217415,-0.004986820086217415,0,0.691845220387295,TRUE,205
P. falciparum,model5,21020,Gerais de Balsas,MA,2020,2,206,144541,0,0.004353765242391782,-0.004353765242391782,0,0.691845220387295,TRUE,205
P. falciparum,model5,21020,Gerais de Balsas,MA,2020,3,207,144541,0,0.004117295690836382,-0.004117295690836382,0,0.691845220387295,TRUE,205
P. falciparum,model5,21021,Chapadas das Mangabeiras,MA,2020,1,205,72567,0,6.633892755917392e-5,-6.633892755917392e-5,0,0,TRUE,205
P. falciparum,model5,21021,Chapadas das Mangabeiras,MA,2020,2,206,72567,0,5.109058478072937e-5,-5.109058478072937e-5,0,0,TRUE,205
P. falciparum,model5,21021,Chapadas das Mangabeiras,MA,2020,3,207,72567,0,4.8458075176972546e-5,-4.8458075176972546e-5,0,0,TRUE,205
P. falciparum,model5,51001,Aripuanã,MT,2020,1,205,173174,0.577453890306859,4.275624013579193,-3.6981701232723343,0,40.14748172358436,TRUE,205
P. falciparum,model5,51001,Aripuanã,MT,2020,2,206,173174,6.351992793375449,3.311696710914638,3.040296082460811,0,29.175857807754035,TRUE,205
P. falciparum,model5,51001,Aripuanã,MT,2020,3,207,173174,2.8872694515342947,3.2116952611451723,-0.32442580961087764,0,28.627276611962497,TRUE,205
P. falciparum,model5,51002,Alta Floresta,MT,2020,1,205,108647,0,0.07011046101631659,-0.07011046101631659,0,1.8408239528012738,TRUE,205
P. falciparum,model5,51002,Alta Floresta,MT,2020,2,206,108647,0,0.04766546368496113,-0.04766546368496113,0,1.8408239528012738,TRUE,205
P. falciparum,model5,51002,Alta Floresta,MT,2020,3,207,108647,0,0.035509306291880184,-0.035509306291880184,0,0.9204119764006369,TRUE,205
P. falciparum,model5,51003,Colíder,MT,2020,1,205,158041,0,0.09884798329540427,-0.09884798329540427,0,1.8982415955353358,TRUE,205
P. falciparum,model5,51003,Colíder,MT,2020,2,206,158041,0,0.07413354964364008,-0.07413354964364008,0,1.2654943970235573,TRUE,205
P. falciparum,model5,51003,Colíder,MT,2020,3,207,158041,0,0.0632134442653282,-0.0632134442653282,0,1.2654943970235573,TRUE,205
P. falciparum,model5,51004,Parecis,MT,2020,1,205,113087,0.8842749387639606,0.1038950759319521,0.7803798628320084,0,1.7685498775279211,TRUE,205
P. falciparum,model5,51004,Parecis,MT,2020,2,206,113087,0,0.1262142690187549,-0.1262142690187549,0,1.7685498775279211,TRUE,205
P. falciparum,model5,51004,Parecis,MT,2020,3,207,113087,0,0.1875620499097807,-0.1875620499097807,0,3.5370997550558423,TRUE,205
P. falciparum,model5,51005,Arinos,MT,2020,1,205,83825,0,0.0042045255436953,-0.0042045255436953,0,1.1929615269907545,TRUE,205
P. falciparum,model5,51005,Arinos,MT,2020,2,206,83825,0,0.002970150505067316,-0.002970150505067316,0,0,TRUE,205
P. falciparum,model5,51005,Arinos,MT,2020,3,207,83825,0,0.0028303793468518555,-0.0028303793468518555,0,0,TRUE,205
P. falciparum,model5,51006,Alto Teles Pires,MT,2020,1,205,267191,0,0.053963013486068384,-0.053963013486068384,0,1.1227923096212074,TRUE,205
P. falciparum,model5,51006,Alto Teles Pires,MT,2020,2,206,267191,0,0.03152969242920037,-0.03152969242920037,0,0.7485282064141382,TRUE,205
P. falciparum,model5,51006,Alto Teles Pires,MT,2020,3,207,267191,0,0.019096476547084112,-0.019096476547084112,0,0.7485282064141382,TRUE,205
P. falciparum,model5,51007,Sinop,MT,2020,1,205,209969,0,0.08862688367449652,-0.08862688367449652,0,0.4762607813534379,TRUE,205
P. falciparum,model5,51007,Sinop,MT,2020,2,206,209969,0,0.07475414386852866,-0.07475414386852866,0,0.4762607813534379,TRUE,205
P. falciparum,model5,51007,Sinop,MT,2020,3,207,209969,0,0.0740426021805577,-0.0740426021805577,0,0.4762607813534379,TRUE,205
P. falciparum,model5,51008,Paranatinga,MT,2020,1,205,37097,0,3.3336346707282365e-4,-3.3336346707282365e-4,0,0,TRUE,205
P. falciparum,model5,51008,Paranatinga,MT,2020,2,206,37097,0,2.754205218905974e-4,-2.754205218905974e-4,0,0,TRUE,205
P. falciparum,model5,51008,Paranatinga,MT,2020,3,207,37097,0,2.721893806539186e-4,-2.721893806539186e-4,0,0,TRUE,205
P. falciparum,model5,51009,Norte Araguaia,MT,2020,1,205,134387,0,4.002725890217001e-4,-4.002725890217001e-4,0,0,TRUE,205
P. falciparum,model5,51009,Norte Araguaia,MT,2020,2,206,134387,0,3.270415602057037e-4,-3.270415602057037e-4,0,0,TRUE,205
P. falciparum,model5,51009,Norte Araguaia,MT,2020,3,207,134387,0,2.7593343924464463e-4,-2.7593343924464463e-4,0,0,TRUE,205
P. falciparum,model5,51010,Canarana,MT,2020,1,205,118050,0,1.9129621128193268e-4,-1.9129621128193268e-4,0,0,TRUE,205
P. falciparum,model5,51010,Canarana,MT,2020,2,206,118050,0,1.550985443747584e-4,-1.550985443747584e-4,0,0,TRUE,205
P. falciparum,model5,51010,Canarana,MT,2020,3,207,118050,0,1.5793948531135475e-4,-1.5793948531135475e-4,0,0,TRUE,205
P. falciparum,model5,51011,Médio Araguaia,MT,2020,1,205,69925,0,4.927864313512128e-6,-4.927864313512128e-6,0,0,TRUE,205
P. falciparum,model5,51011,Médio Araguaia,MT,2020,2,206,69925,0,3.9611449536228665e-6,-3.9611449536228665e-6,0,0,TRUE,205
P. falciparum,model5,51011,Médio Araguaia,MT,2020,3,207,69925,0,3.77110376833712e-6,-3.77110376833712e-6,0,0,TRUE,205
P. falciparum,model5,51012,Alto Guaporé,MT,2020,1,205,76023,0,0.006345277985655298,-0.006345277985655298,0,1.315391394709496,TRUE,205
P. falciparum,model5,51012,Alto Guaporé,MT,2020,2,206,76023,0,0.005341351286928961,-0.005341351286928961,0,1.315391394709496,TRUE,205
P. falciparum,model5,51012,Alto Guaporé,MT,2020,3,207,76023,0,0.005692146984544263,-0.005692146984544263,0,0,TRUE,205
P. falciparum,model5,51013,Tangará da Serra,MT,2020,1,205,174002,0,0.053313105189973516,-0.053313105189973516,0,1.1494120757232675,TRUE,205
P. falciparum,model5,51013,Tangará da Serra,MT,2020,2,206,174002,0,0.04266639643530607,-0.04266639643530607,0,1.1494120757232675,TRUE,205
P. falciparum,model5,51013,Tangará da Serra,MT,2020,3,207,174002,0,0.04591304322869389,-0.04591304322869389,0,1.1494120757232675,TRUE,205
P. falciparum,model5,51014,Jauru,MT,2020,1,205,111030,0,0.0010889530102903852,-0.0010889530102903852,0,0,TRUE,205
P. falciparum,model5,51014,Jauru,MT,2020,2,206,111030,0,7.998824305425336e-4,-7.998824305425336e-4,0,0,TRUE,205
P. falciparum,model5,51014,Jauru,MT,2020,3,207,111030,0,8.111821403050936e-4,-8.111821403050936e-4,0,0,TRUE,205
P. falciparum,model5,51015,Alto Paraguai,MT,2020,1,205,33357,0,0.001479507576305773,-0.001479507576305773,0,0,TRUE,205
P. falciparum,model5,51015,Alto Paraguai,MT,2020,2,206,33357,0,0.0012638927360090221,-0.0012638927360090221,0,0,TRUE,205
P. falciparum,model5,51015,Alto Paraguai,MT,2020,3,207,33357,0,0.0013638329988028691,-0.0013638329988028691,0,0,TRUE,205
P. falciparum,model5,51016,Rosário Oeste,MT,2020,1,205,30839,0,9.407779333233243e-4,-9.407779333233243e-4,0,0,TRUE,205
P. falciparum,model5,51016,Rosário Oeste,MT,2020,2,206,30839,0,6.721205436530606e-4,-6.721205436530606e-4,0,0,TRUE,205
P. falciparum,model5,51016,Rosário Oeste,MT,2020,3,207,30839,0,6.536354638601851e-4,-6.536354638601851e-4,0,0,TRUE,205
P. falciparum,model5,51017,Cuiabá,MT,2020,1,205,955206,0,0.011139990419681646,-0.011139990419681646,0,0.20937891931164587,TRUE,205
P. falciparum,model5,51017,Cuiabá,MT,2020,2,206,955206,0,0.007811743477079231,-0.007811743477079231,0,0.10468945965582294,TRUE,205
P. falciparum,model5,51017,Cuiabá,MT,2020,3,207,955206,0,0.007246716206937711,-0.007246716206937711,0,0.20937891931164587,TRUE,205
P. falciparum,model5,51018,Alto Pantanal,MT,2020,1,205,141581,0,9.003639873539952e-4,-9.003639873539952e-4,0,0,TRUE,205
P. falciparum,model5,51018,Alto Pantanal,MT,2020,2,206,141581,0,6.213870398517059e-4,-6.213870398517059e-4,0,0,TRUE,205
P. falciparum,model5,51018,Alto Pantanal,MT,2020,3,207,141581,0,5.300508477342596e-4,-5.300508477342596e-4,0,0,TRUE,205
P. falciparum,model5,51019,Primavera do Leste,MT,2020,1,205,108832,0,0.0031288545634819047,-0.0031288545634819047,0,0.9188473978241692,TRUE,205
P. falciparum,model5,51019,Primavera do Leste,MT,2020,2,206,108832,0,0.0025248451302684297,-0.0025248451302684297,0,0.9188473978241692,TRUE,205
P. falciparum,model5,51019,Primavera do Leste,MT,2020,3,207,108832,0,0.0025744568965484272,-0.0025744568965484272,0,0.9188473978241692,TRUE,205
P. falciparum,model5,51020,Tesouro,MT,2020,1,205,55885,0,0.0011454672775994435,-0.0011454672775994435,0,0,TRUE,205
P. falciparum,model5,51020,Tesouro,MT,2020,2,206,55885,0,9.248124475967666e-4,-9.248124475967666e-4,0,0,TRUE,205
P. falciparum,model5,51020,Tesouro,MT,2020,3,207,55885,0,8.812847605586579e-4,-8.812847605586579e-4,0,0,TRUE,205
P. falciparum,model5,51021,Rondonópolis,MT,2020,1,205,323403,0.3092117265455175,0.05094000025273452,0.25827172629278294,0,1.23684690618207,TRUE,205
P. falciparum,model5,51021,Rondonópolis,MT,2020,2,206,323403,0,0.03440849611245963,-0.03440849611245963,0,0.9276351796365526,TRUE,205
P. falciparum,model5,51021,Rondonópolis,MT,2020,3,207,323403,0,0.028453767852135586,-0.028453767852135586,0,0.618423453091035,TRUE,205
P. falciparum,model5,51022,Alto Araguaia,MT,2020,1,205,42669,0,1.3817945622552623e-5,-1.3817945622552623e-5,0,0,TRUE,205
P. falciparum,model5,51022,Alto Araguaia,MT,2020,2,206,42669,0,1.1516355125031366e-5,-1.1516355125031366e-5,0,0,TRUE,205
P. falciparum,model5,51022,Alto Araguaia,MT,2020,3,207,42669,0,1.2589593405084718e-5,-1.2589593405084718e-5,0,0,TRUE,205
