especie,modelo,codMicroRes,nomeMicroRes,siglaUF,ano,mes,idMes,populacao,real_taxa,pred_taxa,residual,ci_low,ci_high,covered,test_start
P. vivax,model6,11001,Porto Velho,RO,2012,1,109,559543,340.992559999857,299.46086066729004,41.53169933256697,152.65582805968444,1270.0677159753561,TRUE,109
P. vivax,model6,11001,Porto Velho,RO,2012,2,110,559543,263.2505455344808,246.60886871755508,16.641676816925724,113.89651912364198,1087.190796775225,TRUE,109
P. vivax,model6,11001,Porto Velho,RO,2012,3,111,559543,284.1604666665475,276.98175469826305,7.1787119682844605,130.1910666383102,1163.9588020938502,TRUE,109
P. vivax,model6,11002,Guajará-Mirim,RO,2012,1,109,73193,91.53880835599033,118.3917736215558,-26.852965265565473,45.73524790622054,531.5399013566871,TRUE,109
P. vivax,model6,11002,Guajará-Mirim,RO,2012,2,110,73193,94.27131009796018,96.85818926085034,-2.586879162890156,32.79002090363833,433.85296408126396,TRUE,109
P. vivax,model6,11002,Guajará-Mirim,RO,2012,3,111,73193,94.27131009796018,112.0316980526275,-17.760387954667323,44.36899703523561,516.3403604169793,TRUE,109
P. vivax,model6,11003,Ariquemes,RO,2012,1,109,176003,136.3613120230905,181.23688246410381,-44.87557044101331,74.94190439935683,817.0031192650121,TRUE,109
P. vivax,model6,11003,Ariquemes,RO,2012,2,110,176003,110.79356601876106,151.64334068128494,-40.849774662523885,63.038698204007886,642.2333710220846,TRUE,109
P. vivax,model6,11003,Ariquemes,RO,2012,3,111,176003,111.92991028562012,162.34881963904292,-50.41890935342279,66.14944063453463,712.8571672073768,TRUE,109
P. vivax,model6,11004,Ji-Paraná,RO,2012,1,109,294157,22.097043415590996,25.14562708797736,-3.048583672386364,9.000295760427255,118.72911404454075,TRUE,109
P. vivax,model6,11004,Ji-Paraná,RO,2012,2,110,294157,21.75708890150498,19.436859857630694,2.320229043874285,6.280659647739133,91.32028134635581,TRUE,109
P. vivax,model6,11004,Ji-Paraná,RO,2012,3,111,294157,20.737225359246935,21.677060713581902,-0.9398353543349671,7.818953823978352,104.28954605873724,TRUE,109
P. vivax,model6,11005,Alvorada D'Oeste,RO,2012,1,109,69841,25.772826849558285,20.29782083285267,5.475006016705617,1.431823713864349,90.95660142323274,TRUE,109
P. vivax,model6,11005,Alvorada D'Oeste,RO,2012,2,110,69841,14.31823713864349,15.904628705839922,-1.5863915671964328,0,78.82189544823234,TRUE,109
P. vivax,model6,11005,Alvorada D'Oeste,RO,2012,3,111,69841,28.63647427728698,17.344215047381038,11.292259229905941,2.863647427728698,87.41283773141845,TRUE,109
P. vivax,model6,11006,Cacoal,RO,2012,1,109,228654,11.370892265169207,9.542489065931333,1.828403199237874,1.519763485440885,42.717380846169256,TRUE,109
P. vivax,model6,11006,Cacoal,RO,2012,2,110,228654,9.184182214175129,8.335729824264018,0.8484523899111114,1.312026030596447,39.798122928092226,TRUE,109
P. vivax,model6,11006,Cacoal,RO,2012,3,111,228654,11.370892265169207,10.609582212414972,0.7613100527542347,2.831789516037332,44.63075214078912,TRUE,109
P. vivax,model6,11007,Vilhena,RO,2012,1,109,136730,4.388210341549038,8.038203455645588,-3.6499931140965503,0,42.80333503985956,TRUE,109
P. vivax,model6,11007,Vilhena,RO,2012,2,110,136730,6.582315512323557,7.4451389808800155,-0.8628234685564582,0.731368390258173,36.641556351934405,TRUE,109
P. vivax,model6,11007,Vilhena,RO,2012,3,111,136730,7.31368390258173,8.650457746908213,-1.3367738443264825,0.3473999853726332,46.14934542529065,TRUE,109
P. vivax,model6,11008,Colorado do Oeste,RO,2012,1,109,51890,7.708614376565812,6.417611067050418,1.2910033095153945,0,33.773366737328914,TRUE,109
P. vivax,model6,11008,Colorado do Oeste,RO,2012,2,110,51890,0,5.071869174245169,-5.071869174245169,0,27.991905954904567,TRUE,109
P. vivax,model6,11008,Colorado do Oeste,RO,2012,3,111,51890,3.854307188282906,5.377477820032885,-1.523170631749979,0,31.84621314318747,TRUE,109
P. vivax,model6,12001,Cruzeiro do Sul,AC,2012,1,109,135803,1572.1302180364205,1301.699866528665,270.4303515077554,609.0808008659603,5217.44733179679,TRUE,109
P. vivax,model6,12001,Cruzeiro do Sul,AC,2012,2,110,135803,1248.1314845769239,949.7057686761351,298.42571590078876,406.45272932114904,3825.062774754603,TRUE,109
P. vivax,model6,12001,Cruzeiro do Sul,AC,2012,3,111,135803,1029.4323394917637,987.3448695083786,42.087469983385176,419.5231327732083,3841.759754939137,TRUE,109
P. vivax,model6,12002,Tarauacá,AC,2012,1,109,76221,17.05566707337873,44.365378084980435,-27.309711011601706,13.742931737972476,204.73360360005768,TRUE,109
P. vivax,model6,12002,Tarauacá,AC,2012,2,110,76221,13.119743902599021,34.428468288173505,-21.308724385574486,7.183059786672966,157.5025255507012,TRUE,109
P. vivax,model6,12002,Tarauacá,AC,2012,3,111,76221,7.871846341559412,36.0351916895708,-28.16334534801139,7.806247622046422,155.63296204458072,TRUE,109
P. vivax,model6,12003,Sena Madureira,AC,2012,1,109,52651,1.8992991586104726,1.1058669274369735,0.7934322311734991,0,7.59719663444189,TRUE,109
P. vivax,model6,12003,Sena Madureira,AC,2012,2,110,52651,0,0.999898425502109,-0.999898425502109,0,9.496495793052363,TRUE,109
P. vivax,model6,12003,Sena Madureira,AC,2012,3,111,52651,7.59719663444189,1.0417424495186274,6.5554541849232635,0,8.594328692712345,TRUE,109
P. vivax,model6,12004,Rio Branco,AC,2012,1,109,433224,24.467711853452254,15.535034328791413,8.932677524660841,4.847376876627334,67.21695935589898,TRUE,109
P. vivax,model6,12004,Rio Branco,AC,2012,2,110,433224,21.46695473934962,12.906595610283464,8.560359129066157,3.9240669953649845,56.2064890218454,TRUE,109
P. vivax,model6,12004,Rio Branco,AC,2012,3,111,433224,12.695510867357303,16.558727613729925,-3.863216746372622,5.637960962458221,69.04049637139215,TRUE,109
P. vivax,model6,12005,Brasiléia,AC,2012,1,109,60887,13.139093731009902,2.8451063796371705,10.293987351372731,0,18.066253880138618,TRUE,109
P. vivax,model6,12005,Brasiléia,AC,2012,2,110,60887,9.854320298257427,1.9902243493755951,7.8640959488818325,0,14.78148044738614,TRUE,109
P. vivax,model6,12005,Brasiléia,AC,2012,3,111,60887,1.6423867163762378,1.9537645831519543,-0.31137786677571655,0,14.78148044738614,TRUE,109
P. vivax,model6,13001,Rio Negro,AM,2012,1,109,99826,1045.8197263238035,580.8610655628514,464.95866076095206,264.4601606795825,2620.209163945262,TRUE,109
P. vivax,model6,13001,Rio Negro,AM,2012,2,110,99826,1017.7709214032417,470.8985372743003,546.8723841289413,199.77260433153688,2071.2289383527336,TRUE,109
P. vivax,model6,13001,Rio Negro,AM,2012,3,111,99826,897.5617574579769,561.5324072310717,336.0293502269052,250.3856710676577,2577.4597800172296,TRUE,109
P. vivax,model6,13002,Japurá,AM,2012,1,109,25044,43.9226960549433,14.04188092418083,29.88081513076247,0,65.98386839163064,TRUE,109
P. vivax,model6,13002,Japurá,AM,2012,2,110,25044,107.81025395304265,10.752010045553561,97.05824390748909,0,69.97684076026185,FALSE,109
P. vivax,model6,13002,Japurá,AM,2012,3,111,25044,143.74700527072352,13.374301305529789,130.37270396519372,0,73.96981312889305,FALSE,109
P. vivax,model6,13003,Alto Solimões,AM,2012,1,109,231482,292.89534391442965,115.78985307404102,177.10549084038863,46.40749604720885,599.4742571776638,TRUE,109
P. vivax,model6,13003,Alto Solimões,AM,2012,2,110,231482,447.5509974857656,155.03061174119645,292.5203857445691,59.054267718440315,754.6915094910178,TRUE,109
P. vivax,model6,13003,Alto Solimões,AM,2012,3,111,231482,834.1901314141056,187.87027827343007,646.3198531406756,68.23424715528637,921.3243362334858,TRUE,109
P. vivax,model6,13004,Juruá,AM,2012,1,109,131695,532.2905197615703,244.24453815108745,288.04598161048284,102.96518470708835,1074.0157181366028,TRUE,109
P. vivax,model6,13004,Juruá,AM,2012,2,110,131695,527.7345381373628,215.9714876951026,311.76305044226024,94.84035081058506,975.0939671209978,TRUE,109
P. vivax,model6,13004,Juruá,AM,2012,3,111,131695,981.0547097460042,281.71406883279036,699.3406409132137,126.01085842287102,1247.6555677892093,TRUE,109
P. vivax,model6,13005,Tefé,AM,2012,1,109,87520,286.79159049360146,137.1951318271804,149.59645866642106,54.24474405850091,625.6855575868367,TRUE,109
P. vivax,model6,13005,Tefé,AM,2012,2,110,87520,294.7897623400366,141.8306069599716,152.959155380065,50.816956124314444,644.8811700182812,TRUE,109
P. vivax,model6,13005,Tefé,AM,2012,3,111,87520,298.217550274223,186.9219009308955,111.29564934332751,71.9835466179159,914.5909506398533,TRUE,109
P. vivax,model6,13006,Coari,AM,2012,1,109,156671,72.12566460927677,55.371615769709315,16.754048839567453,17.83993208698483,285.3272143536452,TRUE,109
P. vivax,model6,13006,Coari,AM,2012,2,110,156671,103.40139528055606,64.69560763468182,38.70578764587424,17.871846097873888,303.55011457129905,TRUE,109
P. vivax,model6,13006,Coari,AM,2012,3,111,156671,132.12400508071053,87.58366881401524,44.54033626669529,28.35559867493027,464.1733313759403,TRUE,109
P. vivax,model6,13007,Manaus,AM,2012,1,109,2106861,74.37605043711949,71.12778477364,3.2482656634794864,34.47901878671635,289.5421197696478,TRUE,109
P. vivax,model6,13007,Manaus,AM,2012,2,110,2106861,57.09916316263864,61.66039693135502,-4.561233768716377,30.932273177964753,267.1450560810606,TRUE,109
P. vivax,model6,13007,Manaus,AM,2012,3,111,2106861,50.12195868640599,71.55456434464044,-21.43260565823445,36.795260816921484,294.86520468127696,TRUE,109
P. vivax,model6,13008,Rio Preto da Eva,AM,2012,1,109,55600,303.9568345323741,283.8006823825457,20.156152149828415,140.19784172661872,1181.7895683453226,TRUE,109
P. vivax,model6,13008,Rio Preto da Eva,AM,2012,2,110,55600,212.23021582733813,203.276882641476,8.953333185862135,79.04676258992806,871.8974820143881,TRUE,109
P. vivax,model6,13008,Rio Preto da Eva,AM,2012,3,111,55600,197.84172661870502,177.0827692894819,20.758957329223136,77.24820143884892,772.0323741007189,TRUE,109
P. vivax,model6,13009,Itacoatiara,AM,2012,1,109,156384,23.02025782688766,18.7907076219457,4.229550204941962,5.723091876406796,94.52693370165727,TRUE,109
P. vivax,model6,13009,Itacoatiara,AM,2012,2,110,156384,18.544096582770617,13.543286680312471,5.000809902458146,3.1972580315121752,69.49240331491703,TRUE,109
P. vivax,model6,13009,Itacoatiara,AM,2012,3,111,156384,7.033967669326786,13.824558734003322,-6.790591064676536,3.1972580315121752,73.69679762635549,TRUE,109
P. vivax,model6,13010,Parintins,AM,2012,1,109,248506,20.120238545548194,11.324683237913321,8.795555307634872,2.605570891648492,53.9423595406147,TRUE,109
P. vivax,model6,13010,Parintins,AM,2012,2,110,248506,14.084166981883737,9.075024227947603,5.009142753936134,1.3983565789156003,45.06933434202796,TRUE,109
P. vivax,model6,13010,Parintins,AM,2012,3,111,248506,19.71783377463723,10.89693633521742,8.820897439419811,2.4144286254657836,55.59221910134961,TRUE,109
P. vivax,model6,13011,Boca do Acre,AM,2012,1,109,49500,68.68686868686869,58.03247996551123,10.654388721357464,18.18181818181818,300.35353535353505,TRUE,109
P. vivax,model6,13011,Boca do Acre,AM,2012,2,110,49500,58.58585858585859,52.25955683038043,6.3263017554781555,12.121212121212121,273.88888888888874,TRUE,109
P. vivax,model6,13011,Boca do Acre,AM,2012,3,111,49500,133.33333333333334,60.547835510873846,72.78549782245949,14.14141414141414,312.4747474747472,TRUE,109
P. vivax,model6,13012,Purus,AM,2012,1,109,70911,277.81303323884873,167.3885891296392,110.42444410920953,59.2291745991454,721.9260763492259,TRUE,109
P. vivax,model6,13012,Purus,AM,2012,2,110,70911,315.8889311954422,173.13344020743455,142.75549098800764,59.08815275486174,800.0169226213136,TRUE,109
P. vivax,model6,13012,Purus,AM,2012,3,111,70911,492.16623655004156,294.4382785729961,197.72795797704543,112.74696450480181,1258.796237537193,TRUE,109
P. vivax,model6,13013,Madeira,AM,2012,1,109,170985,162.0025148404831,192.00642429984543,-30.003909459362347,88.53115770389215,946.0917624352991,TRUE,109
P. vivax,model6,13013,Madeira,AM,2012,2,110,170985,103.51785244319677,203.00794897413635,-99.49009653093958,92.6835687340995,968.94464426704,TRUE,109
P. vivax,model6,13013,Madeira,AM,2012,3,111,170985,106.44208556306108,272.1578304162253,-165.7157448531642,123.3149106646782,1257.4202415416548,FALSE,109
P. vivax,model6,14001,Boa Vista,RR,2012,1,109,334076,144.27854739640082,179.8679588744935,-35.58941147809267,86.64944503645877,864.6535518863967,TRUE,109
P. vivax,model6,14001,Boa Vista,RR,2012,2,110,334076,124.82189681389862,137.02021461063555,-12.19831779673693,64.9403129826746,664.1976675965943,TRUE,109
P. vivax,model6,14001,Boa Vista,RR,2012,3,111,334076,122.72656521270609,137.5622855724999,-14.835720359793797,66.59412828218728,662.0948526682546,TRUE,109
P. vivax,model6,14002,Nordeste de Roraima,RR,2012,1,109,44023,545.1695704518092,633.9624035251998,-88.79283307339051,239.47709152034165,2719.657906094538,TRUE,109
P. vivax,model6,14002,Nordeste de Roraima,RR,2012,2,110,44023,436.1356563614474,511.81039170510735,-75.67473534365996,216.30738477613977,2254.1625968243866,TRUE,109
P. vivax,model6,14002,Nordeste de Roraima,RR,2012,3,111,44023,367.9894600549713,467.66564556269384,-99.67618550772255,182.8021715921223,2061.7063807555137,TRUE,109
P. vivax,model6,14003,Caracaraí,RR,2012,1,109,43635,435.4302738627249,508.0373937163268,-72.60711985360189,207.7460753981896,2194.912341010655,TRUE,109
P. vivax,model6,14003,Caracaraí,RR,2012,2,110,43635,359.80291050762,374.306503947101,-14.503593439480994,143.1763492609144,1686.2037355334014,TRUE,109
P. vivax,model6,14003,Caracaraí,RR,2012,3,111,43635,263.54990260112294,366.8560503922888,-103.30614779116587,110.97742637790765,1584.3932622894436,TRUE,109
P. vivax,model6,14004,Sudeste de Roraima,RR,2012,1,109,47790,257.37602008788446,283.61248583723125,-26.23646574934679,117.75476041012767,1138.6273278928643,TRUE,109
P. vivax,model6,14004,Sudeste de Roraima,RR,2012,2,110,47790,259.46850805607863,203.37795380929975,56.09055424677888,78.415986608077,882.0359907930529,TRUE,109
P. vivax,model6,14004,Sudeste de Roraima,RR,2012,3,111,47790,280.3933877380205,209.41524972242823,70.9781380155923,77.31743042477507,984.5679012345679,TRUE,109
P. vivax,model6,15001,Óbidos,PA,2012,1,109,189429,3.695315923116313,4.978896400438378,-1.2835804773220651,0,26.39511373654509,TRUE,109
P. vivax,model6,15001,Óbidos,PA,2012,2,110,189429,2.6395113736545093,4.076915929768254,-1.4374045561137447,0,24.283504637621483,TRUE,109
P. vivax,model6,15001,Óbidos,PA,2012,3,111,189429,2.6395113736545093,4.671402775070205,-2.0318914014156957,0.5279022747309018,27.200164705509703,TRUE,109
P. vivax,model6,15002,Santarém,PA,2012,1,109,492734,40.18395320801893,27.99352842716767,12.190424780851256,10.649762346418148,139.33988724139192,TRUE,109
P. vivax,model6,15002,Santarém,PA,2012,2,110,492734,34.907272483733614,27.95306858971929,6.954203894014324,10.949112502892028,127.76163203675816,TRUE,109
P. vivax,model6,15002,Santarém,PA,2012,3,111,492734,31.457135087085526,32.07307070471738,-0.6159356176318553,12.166808054650176,155.0532335905377,TRUE,109
P. vivax,model6,15003,Almeirim,PA,2012,1,109,69092,144.73455682278703,139.67193090111886,5.062625921668172,50.657094887975454,868.4073409367207,TRUE,109
P. vivax,model6,15003,Almeirim,PA,2012,2,110,69092,150.5239390956985,112.28522275749933,38.23871633819917,32.38435708909861,719.3669310484563,TRUE,109
P. vivax,model6,15003,Almeirim,PA,2012,3,111,69092,108.55091761709026,94.95571170310858,13.595205913981687,33.97643721414926,603.7602037862557,TRUE,109
P. vivax,model6,15004,Portel,PA,2012,1,109,135041,479.1137506386949,223.30501881046186,255.80873182823305,85.47404121711185,997.8821246880574,TRUE,109
P. vivax,model6,15004,Portel,PA,2012,2,110,135041,593.8937063558475,220.77296268384274,373.1207436720048,99.22912300708673,1027.002910227264,TRUE,109
P. vivax,model6,15004,Portel,PA,2012,3,111,135041,388.7708177516458,244.34526772443215,144.42555002721363,104.15355336527426,1184.6031945853474,TRUE,109
P. vivax,model6,15005,Furos de Breves,PA,2012,1,109,209923,1253.3166923109902,688.1969257870106,565.1197665239796,248.24578535939372,2842.1016277396943,TRUE,109
P. vivax,model6,15005,Furos de Breves,PA,2012,2,110,209923,1816.8566569646966,777.091128717118,1039.7655282475787,313.6507195495492,3193.2184658184187,TRUE,109
P. vivax,model6,15005,Furos de Breves,PA,2012,3,111,209923,1729.2054705773069,861.9061902706096,867.2992803066973,359.3341368025419,3598.8433854317977,TRUE,109
P. vivax,model6,15006,Arari,PA,2012,1,109,158333,50.52642216088876,44.210342730088264,6.316079430800492,15.789506925277738,210.07938964082024,TRUE,109
P. vivax,model6,15006,Arari,PA,2012,2,110,158333,209.68465196768835,56.5302965571816,153.15435541050675,21.773730049958,289.6269255303695,TRUE,109
P. vivax,model6,15006,Arari,PA,2012,3,111,158333,248.21104886536602,72.32901994183722,175.88202892352882,29.65269400567159,377.74816368034396,TRUE,109
P. vivax,model6,15007,Belém,PA,2012,1,109,2185084,5.079896241975137,3.67842077788315,1.4014754640919866,1.5296894764686393,19.847063087734796,TRUE,109
P. vivax,model6,15007,Belém,PA,2012,2,110,2185084,4.3934237768433615,3.206979657543934,1.1864441192994275,1.0068262821932703,18.192664446767264,TRUE,109
P. vivax,model6,15007,Belém,PA,2012,3,111,2185084,3.4323623256588762,3.482649300684622,-0.05028697502574575,1.3489183939839386,19.950033957504587,TRUE,109
P. vivax,model6,15008,Castanhal,PA,2012,1,109,305405,2.6194725037245625,2.2510746729855713,0.36839783073899124,0,11.632095086851878,TRUE,109
P. vivax,model6,15008,Castanhal,PA,2012,2,110,305405,2.6194725037245625,1.885810640010838,0.7336618637137244,0,9.839393592115373,TRUE,109
P. vivax,model6,15008,Castanhal,PA,2012,3,111,305405,1.3097362518622813,1.8523782191202667,-0.5426419672579854,0,8.685188520161745,TRUE,109
P. vivax,model6,15009,Salgado,PA,2012,1,109,251888,40.09718605094328,18.226460522218076,21.870725528725202,5.746601664231722,84.76981833195705,TRUE,109
P. vivax,model6,15009,Salgado,PA,2012,2,110,251888,27.79012894619831,17.615109088643997,10.175019857554311,4.555596137966081,85.37524614114207,TRUE,109
P. vivax,model6,15009,Salgado,PA,2012,3,111,251888,17.071079209807532,26.56295179735109,-9.491872587543558,7.543034999682399,131.7351362510321,TRUE,109
P. vivax,model6,15010,Bragantina,PA,2012,1,109,390863,1.0233764771799838,2.0075692322661673,-0.9841927550861835,0,10.6239270537247,TRUE,109
P. vivax,model6,15010,Bragantina,PA,2012,2,110,390863,2.0467529543599676,1.662550540589401,0.38420241377056663,0,7.9439599041096125,TRUE,109
P. vivax,model6,15010,Bragantina,PA,2012,3,111,390863,1.5350647157699757,1.8014052746024136,-0.2663405588324379,0,8.577174099364733,TRUE,109
P. vivax,model6,15011,Cametá,PA,2012,1,109,449907,404.97258322275496,260.4690815936446,144.50350162911036,108.37795366597987,1276.2415343615457,TRUE,109
P. vivax,model6,15011,Cametá,PA,2012,2,110,449907,686.3640707968536,172.69231393625554,513.6717568605981,68.78643808609336,848.9254445918814,TRUE,109
P. vivax,model6,15011,Cametá,PA,2012,3,111,449907,368.0760690542712,226.4358386750013,141.64023037926992,87.4458499200946,1009.9587248031253,TRUE,109
P. vivax,model6,15012,Tomé-Açu,PA,2012,1,109,299079,63.86272523313238,26.73360871242599,37.12911652070639,8.342277458464153,115.37085519210642,TRUE,109
P. vivax,model6,15012,Tomé-Açu,PA,2012,2,110,299079,33.77034161542603,19.461855575869627,14.3084860395564,5.6673989146680315,92.22479679282054,TRUE,109
P. vivax,model6,15012,Tomé-Açu,PA,2012,3,111,299079,34.43906125137505,17.788546083412125,16.650515167962926,5.174218183155622,81.776052481117,TRUE,109
P. vivax,model6,15013,Guamá,PA,2012,1,109,441719,45.50404216255131,31.119834771628252,14.384207390923056,14.59638367378356,150.77458746397576,TRUE,109
P. vivax,model6,15013,Guamá,PA,2012,2,110,441719,43.240159467897016,29.25234637908438,13.987813088812636,11.642016757259707,153.47426757735116,TRUE,109
P. vivax,model6,15013,Guamá,PA,2012,3,111,441719,33.73185215034898,31.967949791058675,1.7639023592903023,13.107880802048363,153.87610675565222,TRUE,109
P. vivax,model6,15014,Itaituba,PA,2012,1,109,213017,615.9132839163071,373.9134797022554,241.99980421405172,179.7743842040776,1588.8637996028463,TRUE,109
P. vivax,model6,15014,Itaituba,PA,2012,2,110,213017,547.3741532365962,334.1144343772215,213.25971885937463,165.69100118769865,1388.4572592797754,TRUE,109
P. vivax,model6,15014,Itaituba,PA,2012,3,111,213017,587.2770717830033,370.6681800261967,216.6088917568066,184.19891370172334,1570.3676232413372,TRUE,109
P. vivax,model6,15015,Altamira,PA,2012,1,109,281058,407.033423706139,307.9199948415113,99.11342886462768,114.50483530089876,1459.1027474756083,TRUE,109
P. vivax,model6,15015,Altamira,PA,2012,2,110,281058,293.5337190188502,270.4772564373361,23.056462581514097,102.56779739413217,1369.2458496111117,TRUE,109
P. vivax,model6,15015,Altamira,PA,2012,3,111,281058,258.3096727365882,215.20533946670878,43.10433326987942,81.79806303325293,1073.168171694097,TRUE,109
P. vivax,model6,15016,Tucuruí,PA,2012,1,109,340793,107.10313885555162,135.19832560242693,-28.095186746875314,55.13610901632369,604.2671064253075,TRUE,109
P. vivax,model6,15016,Tucuruí,PA,2012,2,110,340793,121.7748017124765,101.7553324657316,20.019469246744904,42.54782228508215,435.6530210420988,TRUE,109
P. vivax,model6,15016,Tucuruí,PA,2012,3,111,340793,89.20371017010326,84.19709066892698,5.006619501176289,34.625124342342716,373.15173727159885,TRUE,109
P. vivax,model6,15017,Paragominas,PA,2012,1,109,306994,125.73535639133011,92.51523021892727,33.22012617240284,36.62123689713806,418.2573600786984,TRUE,109
P. vivax,model6,15017,Paragominas,PA,2012,2,110,306994,103.91082561874174,78.05556272692135,25.855262891820388,27.50053746978768,343.96437715395064,TRUE,109
P. vivax,model6,15017,Paragominas,PA,2012,3,111,306994,74.92003101037805,69.4191943537299,5.500836656648147,26.213867372000756,298.751767135514,TRUE,109
P. vivax,model6,15018,São Félix do Xingu,PA,2012,1,109,177935,8.992047657852586,6.442823170122781,2.5492244877298047,0,39.71956051367063,TRUE,109
P. vivax,model6,15018,São Félix do Xingu,PA,2012,2,110,177935,13.48807148677888,6.76824665195742,6.71982483482146,0.5620029786157866,36.26324219518362,TRUE,109
P. vivax,model6,15018,São Félix do Xingu,PA,2012,3,111,177935,12.364065529547307,9.24707962589578,3.1169859036515266,1.1240059572315733,45.52224126787872,TRUE,109
P. vivax,model6,15019,Parauapebas,PA,2012,1,109,271172,6.637853465697048,5.8587226462984,0.7791308193986479,0.7375392739663388,34.85794993583407,TRUE,109
P. vivax,model6,15019,Parauapebas,PA,2012,2,110,271172,5.90031419173071,4.699300478533998,1.201013713196712,0.7375392739663388,28.50589293879889,TRUE,109
P. vivax,model6,15019,Parauapebas,PA,2012,3,111,271172,3.687696369831694,4.178304918822232,-0.4906085489905383,0.3687696369831694,21.60068148628912,TRUE,109
P. vivax,model6,15020,Marabá,PA,2012,1,109,295238,15.241940400625936,24.7572135430281,-9.515273142402165,7.773389604319227,113.19681070864854,TRUE,109
P. vivax,model6,15020,Marabá,PA,2012,2,110,295238,16.59677954734824,19.73648501721025,-3.139705469862008,7.273792668965376,92.01898129644553,TRUE,109
P. vivax,model6,15020,Marabá,PA,2012,3,111,295238,14.225811040584205,20.04423734805114,-5.818426307466936,6.774195733611528,83.87301092677768,TRUE,109
P. vivax,model6,15021,Redenção,PA,2012,1,109,185608,1.6163096418257832,2.8967653135089084,-1.2804556716831252,0,18.85694582130081,TRUE,109
P. vivax,model6,15021,Redenção,PA,2012,2,110,185608,2.1550795224343777,2.770870240717521,-0.6157907182831432,0,18.62796862204212,TRUE,109
P. vivax,model6,15021,Redenção,PA,2012,3,111,185608,8.620318089737511,2.775177026098993,5.845141063638518,0,18.062260247403117,TRUE,109
P. vivax,model6,15022,Conceição do Araguaia,PA,2012,1,109,142249,0,0.29542952473305956,-0.29542952473305956,0,2.108977919001188,TRUE,109
P. vivax,model6,15022,Conceição do Araguaia,PA,2012,2,110,142249,0.7029926396670627,0.332090739592518,0.3709019000745447,0,2.811970558668251,TRUE,109
P. vivax,model6,15022,Conceição do Araguaia,PA,2012,3,111,142249,0,0.39122853287715825,-0.39122853287715825,0,3.5149631983353133,TRUE,109
P. vivax,model6,16001,Oiapoque,AP,2012,1,109,31004,841.8268610501871,1185.1986069637032,-343.3717459135162,535.2535156753968,4746.887498387305,TRUE,109
P. vivax,model6,16001,Oiapoque,AP,2012,2,110,31004,845.05225132241,857.0927650476117,-12.040513725201663,393.3363436975874,3467.9396206941037,TRUE,109
P. vivax,model6,16001,Oiapoque,AP,2012,3,111,31004,780.5444458779513,900.5302967968325,-119.98585091888128,337.8596310153529,3713.7949941942948,TRUE,109
P. vivax,model6,16002,Amapá,AP,2012,1,109,25619,199.07100199071004,126.38370921207832,72.68729277863173,33.08091650727975,685.1360318513603,TRUE,109
P. vivax,model6,16002,Amapá,AP,2012,2,110,25619,160.03747218861,134.02372690053798,26.013745288072016,40.88762246769976,679.5737538545607,TRUE,109
P. vivax,model6,16002,Amapá,AP,2012,3,111,25619,187.36094305008,117.07127878178667,70.28966426829334,34.93500917287952,575.8421484054802,TRUE,109
P. vivax,model6,16003,Macapá,AP,2012,1,109,569504,135.5565544754734,94.56455339669347,40.992001078779936,39.920702927459686,463.552494802494,TRUE,109
P. vivax,model6,16003,Macapá,AP,2012,2,110,569504,111.32494240602348,74.71184608527706,36.61309632074642,31.141133337079296,339.0889265044663,TRUE,109
P. vivax,model6,16003,Macapá,AP,2012,3,111,569504,80.59644883969209,60.291419262860934,20.305029576831153,27.431765185143565,271.19212507725905,TRUE,109
P. vivax,model6,16004,Mazagão,AP,2012,1,109,72475,292.5146602276647,143.04976567957166,149.46489454809304,55.846843739220425,648.533977233528,TRUE,109
P. vivax,model6,16004,Mazagão,AP,2012,2,110,72475,190.41048637461193,120.36736950926421,70.04311686534773,48.29251466022767,545.1535012073127,TRUE,109
P. vivax,model6,16004,Mazagão,AP,2012,3,111,72475,211.10727837185235,121.2155839183447,89.89169445350764,57.226629872369784,535.0465677819934,TRUE,109
P. vivax,model6,17001,Bico do Papagaio,TO,2012,1,109,199722,1.0013919347893572,1.221048139504265,-0.21965620471490777,0,7.510439510920179,TRUE,109
P. vivax,model6,17001,Bico do Papagaio,TO,2012,2,110,199722,1.0013919347893572,1.0831598183843272,-0.08176788359497,0,7.773304893802374,TRUE,109
P. vivax,model6,17001,Bico do Papagaio,TO,2012,3,111,199722,0,1.0690665576725036,-1.0690665576725036,0,8.011135478314857,TRUE,109
P. vivax,model6,17002,Araguaína,TO,2012,1,109,286178,0.6988657409025152,0.8654003029967772,-0.16653456209426198,0,5.5909259272201215,TRUE,109
P. vivax,model6,17002,Araguaína,TO,2012,2,110,286178,1.048298611353773,0.7488102045979499,0.299488406755823,0,5.2414930567688645,TRUE,109
P. vivax,model6,17002,Araguaína,TO,2012,3,111,286178,0.3494328704512576,0.7466750400093288,-0.39724216955807123,0,4.726079572853251,TRUE,109
P. vivax,model6,17003,Miracema do Tocantins,TO,2012,1,109,143238,0,0.1419727086452947,-0.1419727086452947,0,1.3962775241206942,TRUE,109
P. vivax,model6,17003,Miracema do Tocantins,TO,2012,2,110,143238,0,0.14376921137718715,-0.14376921137718715,0,2.0944162861810414,TRUE,109
P. vivax,model6,17003,Miracema do Tocantins,TO,2012,3,111,143238,0,0.16268632625561216,-0.16268632625561216,0,2.0944162861810414,TRUE,109
P. vivax,model6,17004,Rio Formoso,TO,2012,1,109,118053,0.8470771602585279,0.1249070365427304,0.7221701237157975,0,1.6941543205170557,TRUE,109
P. vivax,model6,17004,Rio Formoso,TO,2012,2,110,118053,0.8470771602585279,0.13227758775948079,0.714799572499047,0,1.6941543205170557,TRUE,109
P. vivax,model6,17004,Rio Formoso,TO,2012,3,111,118053,0,0.15002830004705558,-0.15002830004705558,0,1.6941543205170557,TRUE,109
P. vivax,model6,17005,Gurupi,TO,2012,1,109,139542,0,0.09694304989588795,-0.09694304989588795,0,1.433260237061243,TRUE,109
P. vivax,model6,17005,Gurupi,TO,2012,2,110,139542,0,0.10948554969546627,-0.10948554969546627,0,1.433260237061243,TRUE,109
P. vivax,model6,17005,Gurupi,TO,2012,3,111,139542,0,0.13767649297782153,-0.13767649297782153,0,2.1498903555918645,TRUE,109
P. vivax,model6,17006,Porto Nacional,TO,2012,1,109,338559,0.5907389849332022,0.262830567741965,0.3279084171912372,0,2.2226554308111663,TRUE,109
P. vivax,model6,17006,Porto Nacional,TO,2012,2,110,338559,0.2953694924666011,0.2934048632057011,0.0019646292609000193,0,2.2226554308111663,TRUE,109
P. vivax,model6,17006,Porto Nacional,TO,2012,3,111,338559,0,0.37504457037112554,-0.37504457037112554,0,2.5180249232777676,TRUE,109
P. vivax,model6,17007,Jalapão,TO,2012,1,109,73385,0,0.0049367737487209466,-0.0049367737487209466,0,0,TRUE,109
P. vivax,model6,17007,Jalapão,TO,2012,2,110,73385,0,0.005246379683489813,-0.005246379683489813,0,1.3626762962458268,TRUE,109
P. vivax,model6,17007,Jalapão,TO,2012,3,111,73385,0,0.006572967176472434,-0.006572967176472434,0,1.3626762962458268,TRUE,109
P. vivax,model6,17008,Dianópolis,TO,2012,1,109,119017,0,0.02419409726956944,-0.02419409726956944,0,0.8402161035818412,TRUE,109
P. vivax,model6,17008,Dianópolis,TO,2012,2,110,119017,0,0.029034240738351966,-0.029034240738351966,0,0.8402161035818412,TRUE,109
P. vivax,model6,17008,Dianópolis,TO,2012,3,111,119017,0,0.04016764341865985,-0.04016764341865985,0,0.8402161035818412,TRUE,109
P. vivax,model6,21001,Litoral Ocidental Maranhense,MA,2012,1,109,185387,14.024715864650704,7.754263407277212,6.270452457373492,0.5394121486404116,41.049264511535284,TRUE,109
P. vivax,model6,21001,Litoral Ocidental Maranhense,MA,2012,2,110,185387,10.248830824167822,6.551911229701214,3.696919594466608,1.3350450678850196,37.2464088636204,TRUE,109
P. vivax,model6,21001,Litoral Ocidental Maranhense,MA,2012,3,111,185387,2.6970607432020586,9.95718425893612,-7.260123515734062,2.4138693651658434,47.75146045839243,TRUE,109
P. vivax,model6,21002,Aglomeração Urbana de São Luís,MA,2012,1,109,1345368,0.2973164219752514,0.2563866244346848,0.04092979754056658,0,1.486582109876257,TRUE,109
P. vivax,model6,21002,Aglomeração Urbana de São Luís,MA,2012,2,110,1345368,0.2973164219752514,0.25118257879705425,0.04613384317819713,0,1.486582109876257,TRUE,109
P. vivax,model6,21002,Aglomeração Urbana de São Luís,MA,2012,3,111,1345368,0.1486582109876257,0.3297288887135284,-0.1810706777259027,0,2.1555440593205724,TRUE,109
P. vivax,model6,21003,Rosário,MA,2012,1,109,165969,0.6025221577523513,0.5627128124285183,0.039809345323832956,0,3.931457079334079,TRUE,109
P. vivax,model6,21003,Rosário,MA,2012,2,110,165969,1.2050443155047026,0.5422753424800283,0.6627689730246743,0,4.217655104266459,TRUE,109
P. vivax,model6,21003,Rosário,MA,2012,3,111,165969,0,0.7244943471772178,-0.7244943471772178,0,5.739023552591133,TRUE,109
P. vivax,model6,21004,Lençóis Maranhenses,MA,2012,1,109,183427,0.5451760100748527,0.24209457872371684,0.30308143135113585,0,2.180704040299411,TRUE,109
P. vivax,model6,21004,Lençóis Maranhenses,MA,2012,2,110,183427,0.5451760100748527,0.3219923595589607,0.223183650515892,0,3.0120974556635485,TRUE,109
P. vivax,model6,21004,Lençóis Maranhenses,MA,2012,3,111,183427,0,0.5393237295191933,-0.5393237295191933,0,3.8162320705239687,TRUE,109
P. vivax,model6,21005,Baixada Maranhense,MA,2012,1,109,576587,11.966971159599506,6.473250662445461,5.493720497154045,2.2459750219828063,32.15473120274991,TRUE,109
P. vivax,model6,21005,Baixada Maranhense,MA,2012,2,110,576587,6.4170714913794455,5.42321335705773,0.9938581343217159,1.6432906048870337,25.859063766612827,TRUE,109
P. vivax,model6,21005,Baixada Maranhense,MA,2012,3,111,576587,5.8967683974838145,5.653272754860256,0.24349564262355816,1.6432906048870337,23.67812663136699,TRUE,109
P. vivax,model6,21006,Itapecuru Mirim,MA,2012,1,109,218636,0.91476243619532,0.28003540367041085,0.6347270325249093,0,2.2869060904883,TRUE,109
P. vivax,model6,21006,Itapecuru Mirim,MA,2012,2,110,218636,0,0.3487271172060076,-0.3487271172060076,0,2.9844124480872214,TRUE,109
P. vivax,model6,21006,Itapecuru Mirim,MA,2012,3,111,218636,0,0.5826343119411389,-0.5826343119411389,0,4.5738121809766,TRUE,109
P. vivax,model6,21007,Gurupi,MA,2012,1,109,227567,21.971551235460325,17.73381204514315,4.237739190317175,5.921333057956559,97.78438877341617,TRUE,109
P. vivax,model6,21007,Gurupi,MA,2012,2,110,227567,11.864637667148576,17.680917332557225,-5.816279665408649,3.471505095202734,101.71729644456319,TRUE,109
P. vivax,model6,21007,Gurupi,MA,2012,3,111,227567,20.2138271366235,22.23243684154905,-2.0186097049255487,5.481902033247352,132.14789490567605,TRUE,109
P. vivax,model6,21008,Pindaré,MA,2012,1,109,634376,15.290616290654121,6.230961775975145,9.059654514678975,1.7339874144040757,32.48073697617816,TRUE,109
P. vivax,model6,21008,Pindaré,MA,2012,2,110,634376,6.935949657616303,5.476130469396344,1.4598191882199583,1.1034465364389572,27.129021274449208,TRUE,109
P. vivax,model6,21008,Pindaré,MA,2012,3,111,634376,8.19703141354654,6.1895242979493545,2.0075071155971855,1.8916226338953555,32.4728552152036,TRUE,109
P. vivax,model6,21009,Imperatriz,MA,2012,1,109,575448,5.73466238478542,2.0987362919066253,3.6359260928787944,0.34755529604760116,10.352803381017907,TRUE,109
P. vivax,model6,21009,Imperatriz,MA,2012,2,110,575448,2.432887072333208,1.8322729362056294,0.6006141361275785,0.34755529604760116,8.95389331442632,TRUE,109
P. vivax,model6,21009,Imperatriz,MA,2012,3,111,575448,2.606664720357009,1.8220238663148138,0.7846408540421952,0,7.746138660660899,TRUE,109
P. vivax,model6,21010,Médio Mearim,MA,2012,1,109,414136,2.4146657136785983,1.6144523089547338,0.8002134047238645,0,9.556039561883036,TRUE,109
P. vivax,model6,21010,Médio Mearim,MA,2012,2,110,414136,2.897598856414318,1.4929420689011503,1.4046567875131677,0,8.578099947843214,TRUE,109
P. vivax,model6,21010,Médio Mearim,MA,2012,3,111,414136,3.3805319991500378,1.810463967268473,1.5700680318815647,0,11.348928854289412,TRUE,109
P. vivax,model6,21011,Alto Mearim e Grajaú,MA,2012,1,109,316734,7.261613846318992,2.5404076897571812,4.721206156561811,0,14.373259580594434,TRUE,109
P. vivax,model6,21011,Alto Mearim e Grajaú,MA,2012,2,110,316734,5.0515574583088645,2.214438780588742,2.8371186777201225,0,11.547544627352899,TRUE,109
P. vivax,model6,21011,Alto Mearim e Grajaú,MA,2012,3,111,316734,3.472945752587345,2.4181671466033348,1.0547786059840103,0,11.863266968497204,TRUE,109
P. vivax,model6,21012,Presidente Dutra,MA,2012,1,109,192964,5.700545179411704,1.7803934627674936,3.9201517166442104,0,13.227855973134872,TRUE,109
P. vivax,model6,21012,Presidente Dutra,MA,2012,2,110,192964,1.0364627598930372,1.7964131689718408,-0.7599504090788036,0,11.673161833295318,TRUE,109
P. vivax,model6,21012,Presidente Dutra,MA,2012,3,111,192964,0.5182313799465186,2.332975177659537,-1.8147437977130185,0,16.337244252813985,TRUE,109
P. vivax,model6,21013,Baixo Parnaíba Maranhense,MA,2012,1,109,141956,1.4088872608413874,0.7786432110686935,0.6302440497726939,0,5.300938318915704,TRUE,109
P. vivax,model6,21013,Baixo Parnaíba Maranhense,MA,2012,2,110,141956,3.522218152103469,0.7012118988722021,2.8210062532312667,0,6.339992673786244,TRUE,109
P. vivax,model6,21013,Baixo Parnaíba Maranhense,MA,2012,3,111,141956,1.4088872608413874,0.7529736271050982,0.6559136337362892,0,4.931105412944856,TRUE,109
P. vivax,model6,21014,Chapadinha,MA,2012,1,109,225548,0.44336460531682836,0.34136009931020944,0.10200450600661892,0,2.8929540496922947,TRUE,109
P. vivax,model6,21014,Chapadinha,MA,2012,2,110,225548,0.44336460531682836,0.3103245856795637,0.13304001963726464,0,3.546916842534627,TRUE,109
P. vivax,model6,21014,Chapadinha,MA,2012,3,111,225548,0.8867292106336567,0.3263921284932461,0.5603370821404106,0,3.103552237217798,TRUE,109
P. vivax,model6,21015,Codó,MA,2012,1,109,267789,1.4937133340055042,0.4474750079674861,1.0462383260380181,0,3.734283335013761,TRUE,109
P. vivax,model6,21015,Codó,MA,2012,2,110,267789,0.37342833350137605,0.4540216355790299,-0.08059330207765386,0,3.5569048766005986,TRUE,109
P. vivax,model6,21015,Codó,MA,2012,3,111,267789,0.7468566670027521,0.6116916223082939,0.13516504469445823,0,4.677189877104727,TRUE,109
P. vivax,model6,21016,Coelho Neto,MA,2012,1,109,89087,0,0.20893748181741192,-0.20893748181741192,0,2.2449964641305686,TRUE,109
P. vivax,model6,21016,Coelho Neto,MA,2012,2,110,89087,0,0.17151365503874352,-0.17151365503874352,0,2.834308035964818,TRUE,109
P. vivax,model6,21016,Coelho Neto,MA,2012,3,111,89087,0,0.15319339790472852,-0.15319339790472852,0,2.2449964641305686,TRUE,109
P. vivax,model6,21017,Caxias,MA,2012,1,109,424136,1.1788671558179453,0.6513489024295207,0.5275182533884246,0,4.367702812305482,TRUE,109
P. vivax,model6,21017,Caxias,MA,2012,2,110,424136,0.4715468623271781,0.6516656231563132,-0.18011876082913508,0,4.255710432502772,TRUE,109
P. vivax,model6,21017,Caxias,MA,2012,3,111,424136,0.7073202934907671,0.7630220785255517,-0.05570178503478462,0,4.131929381141893,TRUE,109
P. vivax,model6,21018,Chapadas do Alto Itapecuru,MA,2012,1,109,212427,0.47074995174812995,0.5330822433420377,-0.06233229159390774,0,3.7659996139850396,TRUE,109
P. vivax,model6,21018,Chapadas do Alto Itapecuru,MA,2012,2,110,212427,0,0.4229655047317196,-0.4229655047317196,0,3.2952496622369094,TRUE,109
P. vivax,model6,21018,Chapadas do Alto Itapecuru,MA,2012,3,111,212427,0.47074995174812995,0.44153874736657595,0.029211204381554,0,4.013143338652797,TRUE,109
P. vivax,model6,21019,Porto Franco,MA,2012,1,109,112995,1.7699898225585204,0.9792407814834803,0.7907490410750402,0,7.079959290234082,TRUE,109
P. vivax,model6,21019,Porto Franco,MA,2012,2,110,112995,1.7699898225585204,0.7857366789003454,0.9842531436581751,0,6.194964378954821,TRUE,109
P. vivax,model6,21019,Porto Franco,MA,2012,3,111,112995,0,0.7943562509154896,-0.7943562509154896,0,6.194964378954821,TRUE,109
P. vivax,model6,21020,Gerais de Balsas,MA,2012,1,109,134229,0,0.0224143212743931,-0.0224143212743931,0,0.7449954927772686,TRUE,109
P. vivax,model6,21020,Gerais de Balsas,MA,2012,2,110,134229,0,0.020198853856890017,-0.020198853856890017,0,0.7449954927772686,TRUE,109
P. vivax,model6,21020,Gerais de Balsas,MA,2012,3,111,134229,0,0.023614720427135204,-0.023614720427135204,0,0.7449954927772686,TRUE,109
P. vivax,model6,21021,Chapadas das Mangabeiras,MA,2012,1,109,69548,0,0.19774724933493246,-0.19774724933493246,0,2.8757117386553173,TRUE,109
P. vivax,model6,21021,Chapadas das Mangabeiras,MA,2012,2,110,69548,0,0.16984142573501315,-0.16984142573501315,0,2.8757117386553173,TRUE,109
P. vivax,model6,21021,Chapadas das Mangabeiras,MA,2012,3,111,69548,0,0.2007080085995069,-0.2007080085995069,0,2.8757117386553173,TRUE,109
P. vivax,model6,51001,Aripuanã,MT,2012,1,109,143796,33.38062254861053,35.21676271555897,-1.8361401669484394,12.15263289660352,161.8264763971177,TRUE,109
P. vivax,model6,51001,Aripuanã,MT,2012,2,110,143796,25.730896547887284,31.68370339960262,-5.952806851715337,9.04058527358202,163.14779270633358,TRUE,109
P. vivax,model6,51001,Aripuanã,MT,2012,3,111,143796,15.99488163787588,32.92182715471392,-16.92694551683804,10.066343987315364,155.84578152382534,TRUE,109
P. vivax,model6,51002,Alta Floresta,MT,2012,1,109,100528,13.926468247652394,16.53685172522693,-2.610383477574537,3.9789909279006848,98.00752029285371,TRUE,109
P. vivax,model6,51002,Alta Floresta,MT,2012,2,110,100528,11.936972783702053,12.129007880663794,-0.1920350969617406,1.9894954639503424,63.191349673722726,TRUE,109
P. vivax,model6,51002,Alta Floresta,MT,2012,3,111,100528,4.973738659875855,10.16886098335078,-5.1951223234749255,0.9947477319751712,59.21235874582203,TRUE,109
P. vivax,model6,51003,Colíder,MT,2012,1,109,145783,22.63638421489474,14.388182818380585,8.248201396514155,2.3836798529320986,80.97651989600979,TRUE,109
P. vivax,model6,51003,Colíder,MT,2012,2,110,145783,26.066139398969703,11.902893060630419,14.163246338339285,2.0578531104449764,66.45150669145212,TRUE,109
P. vivax,model6,51003,Colíder,MT,2012,3,111,145783,16.46282488355981,12.132440080238396,4.330384803321415,2.0578531104449764,65.55977034359282,TRUE,109
P. vivax,model6,51004,Parecis,MT,2012,1,109,93467,4.279585308183637,1.0200862943203952,3.2594990138632416,0,8.050969861020443,TRUE,109
P. vivax,model6,51004,Parecis,MT,2012,2,110,93467,1.0698963270459092,1.1803832889721098,-0.11048696192620056,0,9.120866188066351,TRUE,109
P. vivax,model6,51004,Parecis,MT,2012,3,111,93467,3.2096889811377274,1.5462712867544222,1.6634176943833052,0,12.330555169204079,TRUE,109
P. vivax,model6,51005,Arinos,MT,2012,1,109,76872,1.3008637735456343,0.4930363842120013,0.807827389333633,0,4.585544801748331,TRUE,109
P. vivax,model6,51005,Arinos,MT,2012,2,110,76872,2.6017275470912686,0.42838418468960204,2.1733433624016665,0,3.902591320636903,TRUE,109
P. vivax,model6,51005,Arinos,MT,2012,3,111,76872,0,0.508658227989438,-0.508658227989438,0,5.886408575293966,TRUE,109
P. vivax,model6,51006,Alto Teles Pires,MT,2012,1,109,204751,2.4419905153088384,1.145200830169708,1.2967896851391303,0,8.30276775205005,TRUE,109
P. vivax,model6,51006,Alto Teles Pires,MT,2012,2,110,204751,0.9767962061235353,1.1711643787249348,-0.1943681726013995,0,9.279563958173586,TRUE,109
P. vivax,model6,51006,Alto Teles Pires,MT,2012,3,111,204751,0.4883981030617677,1.1923278197736167,-0.703929716711849,0,9.047574859219235,TRUE,109
P. vivax,model6,51007,Sinop,MT,2012,1,109,179412,2.7868815909749625,3.274176854583834,-0.48729526360887165,0,17.27866586404477,TRUE,109
P. vivax,model6,51007,Sinop,MT,2012,2,110,179412,0.5573763181949926,3.3348205425995143,-2.7774442244045217,0,17.306534679954495,TRUE,109
P. vivax,model6,51007,Sinop,MT,2012,3,111,179412,2.2295052727799702,3.672410363002374,-1.4429050902224039,0,19.50817113682474,TRUE,109
P. vivax,model6,51008,Paranatinga,MT,2012,1,109,33544,0,0.06392335444147462,-0.06392335444147462,0,2.981159074648223,TRUE,109
P. vivax,model6,51008,Paranatinga,MT,2012,2,110,33544,0,0.05553813872413007,-0.05553813872413007,0,2.981159074648223,TRUE,109
P. vivax,model6,51008,Paranatinga,MT,2012,3,111,33544,0,0.05610321522749729,-0.05610321522749729,0,2.981159074648223,TRUE,109
P. vivax,model6,51009,Norte Araguaia,MT,2012,1,109,115959,0.8623737700394105,0.2442401282142227,0.6181336418251878,0,2.5871213101182313,TRUE,109
P. vivax,model6,51009,Norte Araguaia,MT,2012,2,110,115959,0,0.2310856257406891,-0.2310856257406891,0,2.5871213101182313,TRUE,109
P. vivax,model6,51009,Norte Araguaia,MT,2012,3,111,115959,0,0.29019461722184936,-0.29019461722184936,0,3.449495080157642,TRUE,109
P. vivax,model6,51010,Canarana,MT,2012,1,109,102483,0,2.6209490678927825,-2.6209490678927825,0,16.12462554765178,TRUE,109
P. vivax,model6,51010,Canarana,MT,2012,2,110,102483,0,2.74653515190855,-2.74653515190855,0,17.56388864494599,TRUE,109
P. vivax,model6,51010,Canarana,MT,2012,3,111,102483,0,2.5262915354832147,-2.5262915354832147,0,16.12462554765178,TRUE,109
P. vivax,model6,51011,Médio Araguaia,MT,2012,1,109,65908,0,0.07104678405214598,-0.07104678405214598,0,1.5172664926867756,TRUE,109
P. vivax,model6,51011,Médio Araguaia,MT,2012,2,110,65908,0,0.05575080377657265,-0.05575080377657265,0,1.5172664926867756,TRUE,109
P. vivax,model6,51011,Médio Araguaia,MT,2012,3,111,65908,0,0.05481165737844207,-0.05481165737844207,0,1.5172664926867756,TRUE,109
P. vivax,model6,51012,Alto Guaporé,MT,2012,1,109,69039,4.345370008256203,2.434762095106508,1.9106079131496947,0,16.00544619707695,TRUE,109
P. vivax,model6,51012,Alto Guaporé,MT,2012,2,110,69039,2.896913338837469,2.108748440059137,0.7881648987783318,0,15.933023363606079,TRUE,109
P. vivax,model6,51012,Alto Guaporé,MT,2012,3,111,69039,0,2.1464415338537672,-2.1464415338537672,0,16.693463115050882,TRUE,109
P. vivax,model6,51013,Tangará da Serra,MT,2012,1,109,149801,1.335104572065607,0.38986228315909255,0.9452422889065144,0,3.3377614301640177,TRUE,109
P. vivax,model6,51013,Tangará da Serra,MT,2012,2,110,149801,1.335104572065607,0.38199561288780776,0.9531089591777993,0,3.0206740942984207,TRUE,109
P. vivax,model6,51013,Tangará da Serra,MT,2012,3,111,149801,0.6675522860328035,0.41591822863080663,0.25163405740199685,0,4.005313716196821,TRUE,109
P. vivax,model6,51014,Jauru,MT,2012,1,109,107679,4.643430938251655,0.3462378484266883,4.297193089824967,0,3.7147447506013247,FALSE,109
P. vivax,model6,51014,Jauru,MT,2012,2,110,107679,0,0.27572239366550466,-0.27572239366550466,0,2.786058562950993,TRUE,109
P. vivax,model6,51014,Jauru,MT,2012,3,111,107679,0,0.2588289749800857,-0.2588289749800857,0,2.786058562950993,TRUE,109
P. vivax,model6,51015,Alto Paraguai,MT,2012,1,109,32743,0,0.20613835667441385,-0.20613835667441385,0,3.0540878966496656,TRUE,109
P. vivax,model6,51015,Alto Paraguai,MT,2012,2,110,32743,0,0.1709547236243532,-0.1709547236243532,0,3.0540878966496656,TRUE,109
P. vivax,model6,51015,Alto Paraguai,MT,2012,3,111,32743,3.0540878966496656,0.1829283648762729,2.871159531773393,0,3.0540878966496656,TRUE,109
P. vivax,model6,51016,Rosário Oeste,MT,2012,1,109,30778,0,0.03445752266928839,-0.03445752266928839,0,0,TRUE,109
P. vivax,model6,51016,Rosário Oeste,MT,2012,2,110,30778,0,0.029584224938103306,-0.029584224938103306,0,0,TRUE,109
P. vivax,model6,51016,Rosário Oeste,MT,2012,3,111,30778,0,0.03424430173881346,-0.03424430173881346,0,0,TRUE,109
P. vivax,model6,51017,Cuiabá,MT,2012,1,109,868141,1.2670752792461133,0.9524659826104666,0.31460929663564674,0,4.837923793485159,TRUE,109
P. vivax,model6,51017,Cuiabá,MT,2012,2,110,868141,0.5759433087482333,0.7881500280034354,-0.21220671925520207,0,3.631322561657608,TRUE,109
P. vivax,model6,51017,Cuiabá,MT,2012,3,111,868141,1.0366979557468199,0.7826565762346472,0.25404137951217265,0,4.2619804847369265,TRUE,109
P. vivax,model6,51018,Alto Pantanal,MT,2012,1,109,133324,0,0.2584611138341517,-0.2584611138341517,0,2.643935075455265,TRUE,109
P. vivax,model6,51018,Alto Pantanal,MT,2012,2,110,133324,0,0.2502386660283557,-0.2502386660283557,0,2.250157511025772,TRUE,109
P. vivax,model6,51018,Alto Pantanal,MT,2012,3,111,133324,0,0.2768185902583999,-0.2768185902583999,0,3.0002100147010293,TRUE,109
P. vivax,model6,51019,Primavera do Leste,MT,2012,1,109,87669,0,0.2411815505330405,-0.2411815505330405,0,2.880151478857951,TRUE,109
P. vivax,model6,51019,Primavera do Leste,MT,2012,2,110,87669,1.1406540510328622,0.20998998851483008,0.9306640625180321,0,2.2813081020657244,TRUE,109
P. vivax,model6,51019,Primavera do Leste,MT,2012,3,111,87669,1.1406540510328622,0.2138798337366959,0.9267742172961664,0,2.2813081020657244,TRUE,109
P. vivax,model6,51020,Tesouro,MT,2012,1,109,54567,0,0.17732802774624612,-0.17732802774624612,0,3.665218905199113,TRUE,109
P. vivax,model6,51020,Tesouro,MT,2012,2,110,54567,0,0.17798297501595833,-0.17798297501595833,0,3.665218905199113,TRUE,109
P. vivax,model6,51020,Tesouro,MT,2012,3,111,54567,0,0.20322943730676374,-0.20322943730676374,0,4.6273388678138385,TRUE,109
P. vivax,model6,51021,Rondonópolis,MT,2012,1,109,283538,0.35268641240327575,0.4871325386387393,-0.13444612623546354,0,3.174177711629482,TRUE,109
P. vivax,model6,51021,Rondonópolis,MT,2012,2,110,283538,0,0.45028885028422394,-0.45028885028422394,0,3.5268641240327576,TRUE,109
P. vivax,model6,51021,Rondonópolis,MT,2012,3,111,283538,0,0.4433066503236099,-0.4433066503236099,0,2.821491299226206,TRUE,109
P. vivax,model6,51022,Alto Araguaia,MT,2012,1,109,35554,0,0.006465322156118007,-0.006465322156118007,0,0,TRUE,109
P. vivax,model6,51022,Alto Araguaia,MT,2012,2,110,35554,0,0.006170482345566553,-0.006170482345566553,0,0,TRUE,109
P. vivax,model6,51022,Alto Araguaia,MT,2012,3,111,35554,2.8126230522585365,0.006630407297978598,2.8059926449605577,0,0,FALSE,109
P. vivax,model6,11001,Porto Velho,RO,2013,1,121,613757,233.80588734629504,317.3704796454473,-83.56459229915225,140.1735540287117,1436.5742468110327,TRUE,121
P. vivax,model6,11001,Porto Velho,RO,2013,2,122,613757,167.16713617930225,262.33915599781574,-95.17201981851349,114.60969080597044,1191.2328494827748,TRUE,121
P. vivax,model6,11001,Porto Velho,RO,2013,3,123,613757,164.56024126812403,294.13787150870706,-129.57763024058303,124.68696894699369,1327.1253932745353,TRUE,121
P. vivax,model6,11002,Guajará-Mirim,RO,2013,1,121,79879,95.14390515654928,116.38894230669538,-21.245037150146103,36.304911178156964,529.2066750960826,TRUE,121
P. vivax,model6,11002,Guajará-Mirim,RO,2013,2,122,79879,71.35792886741197,93.8107762086126,-22.452847341200624,29.388199651973615,439.79018265125967,TRUE,121
P. vivax,model6,11002,Guajará-Mirim,RO,2013,3,123,79879,76.36550282301981,108.58709097317416,-32.221588150154346,39.215563539854045,457.6609622053354,TRUE,121
P. vivax,model6,11003,Ariquemes,RO,2013,1,121,192354,86.81909396217391,126.05887605177219,-39.23978208959828,52.975243561350425,602.4309346309401,TRUE,121
P. vivax,model6,11003,Ariquemes,RO,2013,2,122,192354,54.586855485199166,107.94272438423445,-53.355868899035286,48.842238788899635,496.3634756750573,TRUE,121
P. vivax,model6,11003,Ariquemes,RO,2013,3,123,192354,58.22597918421244,112.6560405243784,-54.430061340165956,50.15492269461514,603.3147218149863,TRUE,121
P. vivax,model6,11004,Ji-Paraná,RO,2013,1,121,315964,14.875112354572039,19.518274216174035,-4.643161861601996,7.429643883480397,86.97984580521822,TRUE,121
P. vivax,model6,11004,Ji-Paraná,RO,2013,2,122,315964,8.228785557848362,16.12243743081045,-7.893651872962089,4.430884531149118,67.11207605929789,TRUE,121
P. vivax,model6,11004,Ji-Paraná,RO,2013,3,123,315964,8.861769062298237,17.15749132392503,-8.295722261626793,5.6810269524376205,69.97632641693355,TRUE,121
P. vivax,model6,11005,Alvorada D'Oeste,RO,2013,1,121,74999,6.666755556740757,14.078651127584276,-7.4118955708435195,2.6667022226963026,76.06768090241196,TRUE,121
P. vivax,model6,11005,Alvorada D'Oeste,RO,2013,2,122,74999,4.000053334044454,11.406435430414128,-7.406382096369674,0,66.03421378951717,TRUE,121
P. vivax,model6,11005,Alvorada D'Oeste,RO,2013,3,123,74999,6.666755556740757,12.164135575885691,-5.497380019144934,0,68.00090667875571,TRUE,121
P. vivax,model6,11006,Cacoal,RO,2013,1,121,246464,12.577901843676967,9.770642380622641,2.8072594630543257,1.6229550766034797,49.30740392105945,TRUE,121
P. vivax,model6,11006,Cacoal,RO,2013,2,122,246464,7.709036613866528,8.774194780143151,-1.0651581662766239,2.0286938457543497,50.17974227473377,TRUE,121
P. vivax,model6,11006,Cacoal,RO,2013,3,123,246464,5.274603998961309,10.69293618706247,-5.418332188101161,2.43443261490522,53.63866528174493,TRUE,121
P. vivax,model6,11007,Vilhena,RO,2013,1,121,149595,6.68471539824192,8.875330351163404,-2.190614952921484,1.6544670610648762,43.484073665563656,TRUE,121
P. vivax,model6,11007,Vilhena,RO,2013,2,122,149595,1.336943079648384,7.993885785719663,-6.656942706071279,0.668471539824192,43.80159764698016,TRUE,121
P. vivax,model6,11007,Vilhena,RO,2013,3,123,149595,3.34235769912096,9.190401250074174,-5.848043550953214,0.9859955212406842,48.129950867341826,TRUE,121
P. vivax,model6,11008,Colorado do Oeste,RO,2013,1,121,55202,10.869171406833086,4.880786269719528,5.988385137113558,0,31.747038150791596,TRUE,121
P. vivax,model6,11008,Colorado do Oeste,RO,2013,2,122,55202,3.623057135611029,3.9019097586268834,-0.27885262301585456,0,24.50092387956954,TRUE,121
P. vivax,model6,11008,Colorado do Oeste,RO,2013,3,123,55202,5.434585703416543,4.088236400607085,1.3463493028094584,0,30.795985652693744,TRUE,121
P. vivax,model6,12001,Cruzeiro do Sul,AC,2013,1,121,138755,1669.1290403949406,1304.440385440414,364.68865495452656,550.700875644121,5949.983784368129,TRUE,121
P. vivax,model6,12001,Cruzeiro do Sul,AC,2013,2,122,138755,1491.11743720947,953.8730556364193,537.2443815730506,422.16496702821524,4455.911498684731,TRUE,121
P. vivax,model6,12001,Cruzeiro do Sul,AC,2013,3,123,138755,1169.6875788259883,977.207694449696,192.47988437629238,441.83993369608305,4534.251017981329,TRUE,121
P. vivax,model6,12002,Tarauacá,AC,2013,1,121,77129,111.50151045650793,75.14719633616734,36.35431412034059,25.249906001633626,334.0831593823333,TRUE,121
P. vivax,model6,12002,Tarauacá,AC,2013,2,122,77129,75.1986930985751,59.4820043744792,15.716688724095903,17.47073085350517,252.33699386741677,TRUE,121
P. vivax,model6,12002,Tarauacá,AC,2013,3,123,77129,53.15769684554448,61.54218487504513,-8.384488029500652,22.656847618924143,256.22658144148096,TRUE,121
P. vivax,model6,12003,Sena Madureira,AC,2013,1,121,54071,1.8494202067651793,1.7382795788283742,0.11114062793680501,0,14.795361654121434,TRUE,121
P. vivax,model6,12003,Sena Madureira,AC,2013,2,122,54071,3.6988404135303585,1.575870083797353,2.122970329733006,0,12.067466849142752,TRUE,121
P. vivax,model6,12003,Sena Madureira,AC,2013,3,123,54071,1.8494202067651793,1.6213258003427968,0.22809440642238243,0,12.945941447356255,TRUE,121
P. vivax,model6,12004,Rio Branco,AC,2013,1,121,444009,19.14375609503411,15.469533628252293,3.674222466781817,5.4052958385978664,68.82180316164761,TRUE,121
P. vivax,model6,12004,Rio Branco,AC,2013,2,122,444009,20.495080054683577,12.88043428451728,7.614645770166296,3.817490186009744,60.33098428185007,TRUE,121
P. vivax,model6,12004,Rio Branco,AC,2013,3,123,444009,14.188901576319399,15.973287960579334,-1.7843863842599355,4.386172352362228,73.96246472481405,TRUE,121
P. vivax,model6,12005,Brasiléia,AC,2013,1,121,62499,11.200179202867247,5.197675928492178,6.002503274375069,0,31.240499847997533,TRUE,121
P. vivax,model6,12005,Brasiléia,AC,2013,2,122,62499,4.800076801228819,3.6724122228991676,1.1276645783296515,0,22.400358405734494,TRUE,121
P. vivax,model6,12005,Brasiléia,AC,2013,3,123,62499,3.200051200819213,3.443198753274634,-0.24314755245542097,0,24.0003840061441,TRUE,121
P. vivax,model6,13001,Rio Negro,AM,2013,1,121,106390,831.8450982235173,473.9863351309734,357.85876309254394,181.66651001033932,2160.8233856565435,TRUE,121
P. vivax,model6,13001,Rio Negro,AM,2013,2,122,106390,990.6946141554656,378.24051027883206,612.4541038766336,177.0138170880722,1660.4709089200112,TRUE,121
P. vivax,model6,13001,Rio Negro,AM,2013,3,123,106390,887.3014381050851,448.8986902342459,438.4027478708392,177.60127831563116,2056.5607669893775,TRUE,121
P. vivax,model6,13002,Japurá,AM,2013,1,121,24393,159.8819333415324,147.33578998832942,12.546143353202979,38.84311072848769,623.1295863567417,TRUE,121
P. vivax,model6,13002,Japurá,AM,2013,2,122,24393,135.2847128274505,112.50034772472405,22.784365102726454,40.995367523469845,484.5652441274128,TRUE,121
P. vivax,model6,13002,Japurá,AM,2013,3,123,24393,131.1851760751035,144.9081576385202,-13.72298156341671,42.942647480834665,674.6812610175048,TRUE,121
P. vivax,model6,13003,Alto Solimões,AM,2013,1,121,240175,286.4577911939211,290.5867794198901,-4.12898822596901,137.43103986676383,1203.632767773497,TRUE,121
P. vivax,model6,13003,Alto Solimões,AM,2013,2,122,240175,341.41771624856875,390.31715974392074,-48.89944349535199,180.41011762256687,1636.494222962422,TRUE,121
P. vivax,model6,13003,Alto Solimões,AM,2013,3,123,240175,543.7701675861351,503.81554227395793,39.9546253121772,229.92609555532425,2062.267096908504,TRUE,121
P. vivax,model6,13004,Juruá,AM,2013,1,121,139876,571.2202236266407,574.0557240132824,-2.8355003866416837,256.6201492750722,2733.00995167148,TRUE,121
P. vivax,model6,13004,Juruá,AM,2013,2,122,139876,514.7416282993509,523.8410468814959,-9.099418582145063,249.50670593954644,2445.14784523435,TRUE,121
P. vivax,model6,13004,Juruá,AM,2013,3,123,139876,993.7373101890246,693.7664343012553,299.97087588776924,307.98707426577823,3277.0990019731757,TRUE,121
P. vivax,model6,13005,Tefé,AM,2013,1,121,90852,157.39884647558668,192.42899459777706,-35.03014812219038,84.17536212741602,810.7141284726792,TRUE,121
P. vivax,model6,13005,Tefé,AM,2013,2,122,90852,112.27050587769118,191.6564306970991,-79.38592481940792,80.35046008893585,812.0074406727422,TRUE,121
P. vivax,model6,13005,Tefé,AM,2013,3,123,90852,186.01681856205695,250.41656302822747,-64.39974446617052,113.3711971117862,1108.7813146656088,TRUE,121
P. vivax,model6,13006,Coari,AM,2013,1,121,166344,85.9664310104362,75.84219533643075,10.124235674005448,38.47448660606935,325.8608666378108,TRUE,121
P. vivax,model6,13006,Coari,AM,2013,2,122,166344,62.52104073486269,86.64904153924596,-24.12800080438327,40.879142018948684,402.2838214783818,TRUE,121
P. vivax,model6,13006,Coari,AM,2013,3,123,166344,55.30707449622469,117.11289819210076,-61.805823695876065,57.967224546722456,493.6907853604574,FALSE,121
P. vivax,model6,13007,Manaus,AM,2013,1,121,2242712,52.39192549021007,51.4190815484326,0.9728439417774695,23.214081879438826,261.42567569977746,TRUE,121
P. vivax,model6,13007,Manaus,AM,2013,2,122,2242712,38.79231929913426,42.51158228960569,-3.719262990471428,20.07725468093986,211.31224160748152,TRUE,121
P. vivax,model6,13007,Manaus,AM,2013,3,123,2242712,27.332979000424487,48.03285791406339,-20.699878913638905,20.557699784903278,234.95214722175552,TRUE,121
P. vivax,model6,13008,Rio Preto da Eva,AM,2013,1,121,59977,498.5244343665072,229.09717915197584,269.42725521453133,97.49570668756357,1079.413775280522,TRUE,121
P. vivax,model6,13008,Rio Preto da Eva,AM,2013,2,122,59977,301.78234990079534,152.41013057222295,149.37221932857238,55.02109141837705,722.6103339613512,TRUE,121
P. vivax,model6,13008,Rio Preto da Eva,AM,2013,3,123,59977,248.42856428297515,138.31537718502105,110.1131870979541,64.14959067642597,695.8500758624134,TRUE,121
P. vivax,model6,13009,Itacoatiara,AM,2013,1,121,165918,12.05414722935426,9.952775607681453,2.1013716216728078,2.410829445870852,50.371267734664066,TRUE,121
P. vivax,model6,13009,Itacoatiara,AM,2013,2,122,165918,9.643317783483408,7.02530142049332,2.6180163629900877,1.205414722935426,36.765149049530486,TRUE,121
P. vivax,model6,13009,Itacoatiara,AM,2013,3,123,165918,7.835195699080268,6.5664225193816135,1.2687731796986546,0.28628599669716454,31.973625525862147,TRUE,121
P. vivax,model6,13010,Parintins,AM,2013,1,121,262719,12.560949150994027,7.091239932704531,5.469709218289496,1.3227060090819474,33.31506286184097,TRUE,121
P. vivax,model6,13010,Parintins,AM,2013,2,122,262719,7.993331277905291,5.523752911263196,2.4695783666420956,0.3806348227573948,28.366810165994835,TRUE,121
P. vivax,model6,13010,Parintins,AM,2013,3,123,262719,18.270471492354947,6.239635592346166,12.030835900008782,1.1419044682721842,33.87649922540813,TRUE,121
P. vivax,model6,13011,Boca do Acre,AM,2013,1,121,51941,80.86097687761114,111.45094500555801,-30.589968127946875,43.17398586858167,445.60174043626347,TRUE,121
P. vivax,model6,13011,Boca do Acre,AM,2013,2,122,51941,63.53362468955161,98.9838396775321,-35.450214987980495,35.56920351937776,423.0280510579307,TRUE,121
P. vivax,model6,13011,Boca do Acre,AM,2013,3,123,51941,125.14198802487438,117.90329576930779,7.2386922555665905,38.50522708457673,491.42296066691006,TRUE,121
P. vivax,model6,13012,Purus,AM,2013,1,121,74737,385.35129855359463,225.48975027401937,159.86154827957526,90.28325996494374,1084.9712993564094,TRUE,121
P. vivax,model6,13012,Purus,AM,2013,2,122,74737,351.90066499859506,236.41814485062363,115.48252014797143,90.21635869783374,1153.6454500448224,TRUE,121
P. vivax,model6,13012,Purus,AM,2013,3,123,74737,382.67524786919466,400.49381734555794,-17.81856947636328,164.30951202215772,1904.8797784229992,TRUE,121
P. vivax,model6,13013,Madeira,AM,2013,1,121,181887,98.96254267759653,59.10581841516323,39.8567242624333,28.30053824627379,245.23467867412182,TRUE,121
P. vivax,model6,13013,Madeira,AM,2013,2,122,181887,83.0185774684282,60.009514425893265,23.00906304253494,26.65116253498051,252.94551012441758,TRUE,121
P. vivax,model6,13013,Madeira,AM,2013,3,123,181887,63.226068932908895,80.96044664195796,-17.734377709049063,33.53730612962993,343.97730459021227,TRUE,121
P. vivax,model6,14001,Boa Vista,RR,2013,1,121,347279,149.44756233460703,96.62062656849028,52.82693576611675,43.365708839290605,431.5046403612073,TRUE,121
P. vivax,model6,14001,Boa Vista,RR,2013,2,122,347279,110.86187186671236,74.32186215427522,36.54000971243714,29.507974855951556,304.28704298273146,TRUE,121
P. vivax,model6,14001,Boa Vista,RR,2013,3,123,347279,119.78841219883725,77.45591795151891,42.33249424731834,35.677366037105614,355.22591345863094,TRUE,121
P. vivax,model6,14002,Nordeste de Roraima,RR,2013,1,121,45799,137.5575885936374,290.1442754336033,-152.5866868399659,106.88006288346908,1471.5932662285172,TRUE,121
P. vivax,model6,14002,Nordeste de Roraima,RR,2013,2,122,45799,100.43887421122733,243.39547632218358,-142.95660211095625,99.29256097294703,1254.5033734361,TRUE,121
P. vivax,model6,14002,Nordeste de Roraima,RR,2013,3,123,45799,128.82377344483504,219.0403423479129,-90.21656890307787,90.44957313478461,1176.827004956439,TRUE,121
P. vivax,model6,14003,Caracaraí,RR,2013,1,121,45348,205.08070918232335,211.47111772166625,-6.3904085393429,79.38608097380259,1051.810443679985,TRUE,121
P. vivax,model6,14003,Caracaraí,RR,2013,2,122,45348,110.25844579694805,156.3234298506432,-46.064984053695156,62.79218488136192,829.8050630678304,TRUE,121
P. vivax,model6,14003,Caracaraí,RR,2013,3,123,45348,121.28429037664284,154.9260711832732,-33.64178080663035,64.99735379730089,770.8719237893622,TRUE,121
P. vivax,model6,14004,Sudeste de Roraima,RR,2013,1,121,49646,338.3958425653628,281.64061625086833,56.75522631449445,105.59763122910205,1387.876163235708,TRUE,121
P. vivax,model6,14004,Sudeste de Roraima,RR,2013,2,122,49646,308.18192805059823,193.8570143046543,114.32491374594392,78.55617773838777,916.3376707086144,TRUE,121
P. vivax,model6,14004,Sudeste de Roraima,RR,2013,3,123,49646,350.48140837126857,208.06820653006818,142.4132018412004,85.45502155259237,1036.1358417596575,TRUE,121
P. vivax,model6,15001,Óbidos,PA,2013,1,121,193769,4.12862738621761,1.954272564960154,2.174354821257456,0,12.656823330873348,TRUE,121
P. vivax,model6,15001,Óbidos,PA,2013,2,122,193769,5.160784232772012,1.5384571341376316,3.62232709863438,0,8.528195944655737,TRUE,121
P. vivax,model6,15001,Óbidos,PA,2013,3,123,193769,5.676862656049213,1.8581505087319534,3.8187121473172594,0,11.353725312098426,TRUE,121
P. vivax,model6,15002,Santarém,PA,2013,1,121,499965,16.801176082325764,18.628744480558787,-1.8275683982330229,6.200434030382127,85.75100257017988,TRUE,121
P. vivax,model6,15002,Santarém,PA,2013,2,122,499965,18.201274089186242,18.040796189590274,0.1604778995959677,6.800476033322332,92.56647965357561,TRUE,121
P. vivax,model6,15002,Santarém,PA,2013,3,123,499965,13.600952066644664,20.844070874815745,-7.243118808171081,7.380516636164533,99.63197423819656,TRUE,121
P. vivax,model6,15003,Almeirim,PA,2013,1,121,70403,31.24866838060878,40.87429185825598,-9.6256234776472,12.037839296620884,198.2514949647031,TRUE,121
P. vivax,model6,15003,Almeirim,PA,2013,2,122,70403,51.13418462281437,34.97816317473158,16.15602144808279,11.363152138403194,177.69129156427982,TRUE,121
P. vivax,model6,15003,Almeirim,PA,2013,3,123,70403,72.44009488232035,28.38134954717076,44.058745335149595,7.1019700865019955,138.66596593895127,TRUE,121
P. vivax,model6,15004,Portel,PA,2013,1,121,139347,42.34034460734713,122.29461074420894,-79.9542661368618,47.256130379556076,574.8060596927094,FALSE,121
P. vivax,model6,15004,Portel,PA,2013,2,122,139347,68.17513114742334,127.53820435961096,-59.363073212187615,50.46753787307944,581.874744343258,TRUE,121
P. vivax,model6,15004,Portel,PA,2013,3,123,139347,71.04566298520959,126.63970453540799,-55.5940415501984,48.72727794642153,554.9814491879981,TRUE,121
P. vivax,model6,15005,Furos de Breves,PA,2013,1,121,214867,282.0349332377703,549.6335494803625,-267.5986162425922,219.86856985949447,2425.197913127653,TRUE,121
P. vivax,model6,15005,Furos de Breves,PA,2013,2,122,214867,221.53238980392524,658.4412387555263,-436.9088489516011,287.7710397594791,2944.670424029745,FALSE,121
P. vivax,model6,15005,Furos de Breves,PA,2013,3,123,214867,160.56444218981974,721.8864369092851,-561.3219947194654,293.5536866992139,3068.968245472781,FALSE,121
P. vivax,model6,15006,Arari,PA,2013,1,121,162836,23.3363629664202,40.67214549754988,-17.335782531129677,12.865705372276402,171.75256085877805,TRUE,121
P. vivax,model6,15006,Arari,PA,2013,2,122,162836,15.966985187550664,63.52627659551505,-47.55929140796439,22.108133336608613,284.21233633840137,FALSE,121
P. vivax,model6,15006,Arari,PA,2013,3,123,162836,12.896411113021689,81.20644462488117,-68.31003351185949,24.794885651821467,364.64602422068816,FALSE,121
P. vivax,model6,15007,Belém,PA,2013,1,121,2222335,1.5299223564404107,2.172269913626945,-0.6423475571865345,0.535472824754144,10.607086690350457,TRUE,121
P. vivax,model6,15007,Belém,PA,2013,2,122,2222335,1.3049337746109384,1.963854684661785,-0.6589209100508466,0.5613465116645331,10.396722366339906,TRUE,121
P. vivax,model6,15007,Belém,PA,2013,3,123,2222335,0.9449520436837829,2.1227616209903646,-1.1778095773065815,0.6963396607622163,11.408046041663386,TRUE,121
P. vivax,model6,15008,Castanhal,PA,2013,1,121,314158,0.9549335047969493,1.369286191907762,-0.41435268711081263,0,7.169959065183754,TRUE,121
P. vivax,model6,15008,Castanhal,PA,2013,2,122,314158,0.6366223365312995,1.179688122276779,-0.5430657857454795,0,6.047912197047346,TRUE,121
P. vivax,model6,15008,Castanhal,PA,2013,3,123,314158,1.273244673062599,1.142163257963305,0.13108141509929405,0,6.851647896918104,TRUE,121
P. vivax,model6,15009,Salgado,PA,2013,1,121,256020,10.155456604952738,14.094172131030192,-3.938715526077454,4.8726661979532855,65.32692758378242,TRUE,121
P. vivax,model6,15009,Salgado,PA,2013,2,122,256020,14.842590422623232,14.021196312276755,0.8213941103464766,4.667604093430201,67.0162487305679,TRUE,121
P. vivax,model6,15009,Salgado,PA,2013,3,123,256020,25.77923599718772,19.717664431556383,6.061571565631336,6.825638621982657,85.80384344973044,TRUE,121
P. vivax,model6,15010,Bragantina,PA,2013,1,121,397869,0.7540170257044404,0.7298333255657957,0.02418370013864468,0,5.42263910985775,TRUE,121
P. vivax,model6,15010,Bragantina,PA,2013,2,122,397869,1.0053560342725871,0.6298867831877851,0.375469251084802,0,4.0214241370903485,TRUE,121
P. vivax,model6,15010,Bragantina,PA,2013,3,123,397869,0.7540170257044404,0.6782826074577405,0.07573441824669991,0,4.272763145658495,TRUE,121
P. vivax,model6,15011,Cametá,PA,2013,1,121,460628,15.413739503460492,92.7952731820167,-77.38153367855621,39.05537657285272,389.1643582239898,FALSE,121
P. vivax,model6,15011,Cametá,PA,2013,2,122,460628,14.54535981312469,93.54005194946689,-78.9946921363422,39.923756263188515,394.37463636600455,FALSE,121
P. vivax,model6,15011,Cametá,PA,2013,3,123,460628,8.900891825941976,84.36514562431779,-75.46425379837581,33.72026885035213,350.26094809694587,FALSE,121
P. vivax,model6,15012,Tomé-Açu,PA,2013,1,121,308695,11.661996469006626,16.56389153392131,-4.901895064914685,5.490856670823954,71.84275741427615,TRUE,121
P. vivax,model6,15012,Tomé-Açu,PA,2013,2,122,308695,6.154942580864608,12.113632697914825,-5.958690117050217,4.211276502696837,55.888498355982435,TRUE,121
P. vivax,model6,15012,Tomé-Açu,PA,2013,3,123,308695,4.211276502696837,11.341536529329048,-7.130260026632211,3.5633878099742464,56.56878148334113,TRUE,121
P. vivax,model6,15013,Guamá,PA,2013,1,121,450804,3.1055625061002123,14.84705543565424,-11.741492929554028,5.101995545736063,92.25184337317319,FALSE,121
P. vivax,model6,15013,Guamá,PA,2013,2,122,450804,1.5527812530501062,14.382318388446611,-12.829537135396505,5.76747322561468,81.48774190113656,FALSE,121
P. vivax,model6,15013,Guamá,PA,2013,3,123,450804,0.6654776798786168,15.397593338310108,-14.732115658431491,7.309163184000143,86.29027249092732,FALSE,121
P. vivax,model6,15014,Itaituba,PA,2013,1,121,212956,652.2474126110558,369.90056776975393,282.34684484130185,165.5271511485941,1526.71209076053,TRUE,121
P. vivax,model6,15014,Itaituba,PA,2013,2,122,212956,537.6697533762842,334.39616282168805,203.27359055459618,152.32019759950413,1420.8451511110275,TRUE,121
P. vivax,model6,15014,Itaituba,PA,2013,3,123,212956,486.4854711771446,364.6751511364313,121.8103200407133,161.0191776705047,1562.0832472435607,TRUE,121
P. vivax,model6,15015,Altamira,PA,2013,1,121,287193,112.11972436654096,166.47331295219809,-54.35358858565712,70.41432068330357,738.3710605759888,TRUE,121
P. vivax,model6,15015,Altamira,PA,2013,2,122,287193,68.94318454836991,149.5147662977017,-80.57158174933178,63.746330864610215,670.8380775297446,TRUE,121
P. vivax,model6,15015,Altamira,PA,2013,3,123,287193,43.87293562168995,120.26782691771595,-76.394891296026,47.816276859115646,536.5381468211269,FALSE,121
P. vivax,model6,15016,Tucuruí,PA,2013,1,121,350813,62.99652521428795,87.30416621644453,-24.30764100215658,34.911762106877454,347.3788029519999,TRUE,121
P. vivax,model6,15016,Tucuruí,PA,2013,2,122,350813,37.626883838398236,69.72257760004386,-32.09569376164563,30.350927702223125,286.44177952356375,TRUE,121
P. vivax,model6,15016,Tucuruí,PA,2013,3,123,350813,24.22943277472614,53.94552324772075,-29.716090472994612,21.364658664302635,224.79212571939996,TRUE,121
P. vivax,model6,15017,Paragominas,PA,2013,1,121,316737,22.100354552830897,48.25597252068097,-26.155617967850073,21.753063267000698,214.23136545461995,TRUE,121
P. vivax,model6,15017,Paragominas,PA,2013,2,122,316737,24.941828709623444,42.047197020365616,-17.105368310742172,16.717339622462802,191.50746518404858,TRUE,121
P. vivax,model6,15017,Paragominas,PA,2013,3,123,316737,9.155861171887086,35.825075342205565,-26.66921417031848,14.357337475571216,160.9458320309909,FALSE,121
P. vivax,model6,15018,São Félix do Xingu,PA,2013,1,121,187552,3.732298242620713,9.742563534026926,-6.010265291406213,2.132741852926122,58.703719501791454,TRUE,121
P. vivax,model6,15018,São Félix do Xingu,PA,2013,2,122,187552,3.732298242620713,10.265805691822093,-6.53350744920138,2.3860049479610996,62.15609537621563,TRUE,121
P. vivax,model6,15018,São Félix do Xingu,PA,2013,3,123,187552,3.732298242620713,14.175312971614462,-10.443014728993749,3.732298242620713,83.99004009554682,TRUE,121
P. vivax,model6,15019,Parauapebas,PA,2013,1,121,283946,5.987053876441295,3.3703112800325172,2.616742596408778,0.35217963979066447,19.405098152465577,TRUE,121
P. vivax,model6,15019,Parauapebas,PA,2013,2,122,283946,4.226155677487973,2.8229092243055263,1.4032464531824465,0.35217963979066447,16.40276672325017,TRUE,121
P. vivax,model6,15019,Parauapebas,PA,2013,3,123,283946,1.0565389193719932,2.45504043113541,-1.3985015117634167,0,14.122403555605612,TRUE,121
P. vivax,model6,15020,Marabá,PA,2013,1,121,304066,3.28875967717535,7.615283303825374,-4.326523626650024,2.1294718909710397,35.18972854577625,TRUE,121
P. vivax,model6,15020,Marabá,PA,2013,2,122,304066,3.6176356448928852,6.458221303617057,-2.8405856587241716,1.31550387087014,31.744752783935063,TRUE,121
P. vivax,model6,15020,Marabá,PA,2013,3,123,304066,1.644379838587675,6.296976338393408,-4.652596499805734,1.31550387087014,28.127117139042173,TRUE,121
P. vivax,model6,15021,Redenção,PA,2013,1,121,187783,14.378298355016163,3.90790793934658,10.470390415669584,0,24.522986638833096,TRUE,121
P. vivax,model6,15021,Redenção,PA,2013,2,122,187783,9.05300266797314,3.755487362393066,5.297515305580074,0,22.64581990915044,TRUE,121
P. vivax,model6,15021,Redenção,PA,2013,3,123,187783,6.390354824451627,3.7221059042786435,2.6682489201729838,0,24.522986638833096,TRUE,121
P. vivax,model6,15022,Conceição do Araguaia,PA,2013,1,121,146912,4.08407754301895,0.8059689277473928,3.2781086152715577,0,5.445436724025267,TRUE,121
P. vivax,model6,15022,Conceição do Araguaia,PA,2013,2,122,146912,0.6806795905031584,0.9090592663761475,-0.22837967587298913,0,6.806795905031583,TRUE,121
P. vivax,model6,15022,Conceição do Araguaia,PA,2013,3,123,146912,1.3613591810063168,1.0467274403496876,0.31463174065662924,0,8.848834676541058,TRUE,121
P. vivax,model6,16001,Oiapoque,AP,2013,1,121,32779,1418.591171176668,679.2965613022673,739.2946098744007,227.73727081363074,3772.079685164281,TRUE,121
P. vivax,model6,16001,Oiapoque,AP,2013,2,122,32779,1226.3949479849905,482.1299539018842,744.2649940831063,190.59458799841363,2386.8940480185474,TRUE,121
P. vivax,model6,16001,Oiapoque,AP,2013,3,123,32779,985.3869855700297,521.5097320324783,463.8772535375514,216.60209280331918,2475.8992037585012,TRUE,121
P. vivax,model6,16002,Amapá,AP,2013,1,121,27052,236.5813987875203,123.31045753109767,113.27094125642263,35.025136773621185,623.3365370397748,TRUE,121
P. vivax,model6,16002,Amapá,AP,2013,2,122,27052,203.31213958302527,133.77909866324686,69.53304091977841,40.66242791660506,749.020405145645,TRUE,121
P. vivax,model6,16002,Amapá,AP,2013,3,123,27052,147.86337424220022,117.46904748061701,30.394326761583216,25.876090492385035,639.509093597516,TRUE,121
P. vivax,model6,16003,Macapá,AP,2013,1,121,598870,104.8641608362416,71.63960551639632,33.22455531984528,30.87481423347304,320.6246764740258,TRUE,121
P. vivax,model6,16003,Macapá,AP,2013,2,122,598870,84.32547965334713,58.28596117977723,26.0395184735699,23.35648805249888,261.06667557232754,TRUE,121
P. vivax,model6,16003,Macapá,AP,2013,3,123,598870,58.27642059211515,46.76772438585824,11.508696206256914,18.0339639654683,204.65209477849942,TRUE,121
P. vivax,model6,16004,Mazagão,AP,2013,1,121,76295,247.7226554820106,146.2840074684395,101.43864801357108,59.60416803198113,721.5741529589094,TRUE,121
P. vivax,model6,16004,Mazagão,AP,2013,2,122,76295,233.30493479258143,121.62372927334825,111.68120551923319,51.11737335343076,601.710465954518,TRUE,121
P. vivax,model6,16004,Mazagão,AP,2013,3,123,76295,169.08054263057866,122.85910033815841,46.22144229242025,55.049478996002364,564.5520676322167,TRUE,121
P. vivax,model6,17001,Bico do Papagaio,TO,2013,1,121,207214,2.8955572499927613,0.8669312841516079,2.0286259658411536,0,5.308521624986729,TRUE,121
P. vivax,model6,17001,Bico do Papagaio,TO,2013,2,122,207214,2.4129643749939675,0.8023882683545651,1.6105761066394024,0,5.561882884361085,TRUE,121
P. vivax,model6,17001,Bico do Papagaio,TO,2013,3,123,207214,1.930371499995174,0.7376320220618887,1.1927394779332854,0,5.079290009362291,TRUE,121
P. vivax,model6,17002,Araguaína,TO,2013,1,121,298783,0,0.5599575178691824,-0.5599575178691824,0,4.350983824380905,TRUE,121
P. vivax,model6,17002,Araguaína,TO,2013,2,122,298783,0,0.5148380499474307,-0.5148380499474307,0,3.346910634139158,TRUE,121
P. vivax,model6,17002,Araguaína,TO,2013,3,123,298783,0,0.48133861578032405,-0.48133861578032405,0,3.857314505845372,TRUE,121
P. vivax,model6,17003,Miracema do Tocantins,TO,2013,1,121,147591,0,0.06500250531424996,-0.06500250531424996,0,0.677548088975615,TRUE,121
P. vivax,model6,17003,Miracema do Tocantins,TO,2013,2,122,147591,0,0.06863897143640205,-0.06863897143640205,0,1.35509617795123,TRUE,121
P. vivax,model6,17003,Miracema do Tocantins,TO,2013,3,123,147591,0,0.07322397462516131,-0.07322397462516131,0,1.35509617795123,TRUE,121
P. vivax,model6,17004,Rio Formoso,TO,2013,1,121,122527,0,0.15314180740884123,-0.15314180740884123,0,1.6322932904584295,TRUE,121
P. vivax,model6,17004,Rio Formoso,TO,2013,2,122,122527,0,0.16481916930428572,-0.16481916930428572,0,1.6322932904584295,TRUE,121
P. vivax,model6,17004,Rio Formoso,TO,2013,3,123,122527,0,0.1757695544370291,-0.1757695544370291,0,1.6322932904584295,TRUE,121
P. vivax,model6,17005,Gurupi,TO,2013,1,121,144769,0,0.05004477065659158,-0.05004477065659158,0,1.3815112351401198,TRUE,121
P. vivax,model6,17005,Gurupi,TO,2013,2,122,144769,0,0.06011725675562897,-0.06011725675562897,0,1.3815112351401198,TRUE,121
P. vivax,model6,17005,Gurupi,TO,2013,3,123,144769,0,0.0697274942834096,-0.0697274942834096,0,1.3815112351401198,TRUE,121
P. vivax,model6,17006,Porto Nacional,TO,2013,1,121,358276,0.8373432772499414,0.2538580983747264,0.583485178875215,0,2.2329154059998437,TRUE,121
P. vivax,model6,17006,Porto Nacional,TO,2013,2,122,358276,0.5582288514999609,0.29774515701500176,0.26048369448495917,0,2.1003360537685967,TRUE,121
P. vivax,model6,17006,Porto Nacional,TO,2013,3,123,358276,0,0.3389362322574056,-0.3389362322574056,0,1.953800980249863,TRUE,121
P. vivax,model6,17007,Jalapão,TO,2013,1,121,76288,0,0.0037088257323263135,-0.0037088257323263135,0,0,TRUE,121
P. vivax,model6,17007,Jalapão,TO,2013,2,122,76288,0,0.004209319283236394,-0.004209319283236394,0,0,TRUE,121
P. vivax,model6,17007,Jalapão,TO,2013,3,123,76288,0,0.004840454808728147,-0.004840454808728147,0,0.6881816275167487,TRUE,121
P. vivax,model6,17008,Dianópolis,TO,2013,1,121,122716,0,0.01557377753647581,-0.01557377753647581,0,0.8148896639395026,TRUE,121
P. vivax,model6,17008,Dianópolis,TO,2013,2,122,122716,0,0.01930210614110423,-0.01930210614110423,0,0.8148896639395026,TRUE,121
P. vivax,model6,17008,Dianópolis,TO,2013,3,123,122716,0,0.02442513815865671,-0.02442513815865671,0,0.8148896639395026,TRUE,121
P. vivax,model6,21001,Litoral Ocidental Maranhense,MA,2013,1,121,186262,1.6106344826105163,2.103501411015552,-0.49286692840503554,0,11.83816344718727,TRUE,121
P. vivax,model6,21001,Litoral Ocidental Maranhense,MA,2013,2,122,186262,0.5368781608701721,1.821584401119295,-1.2847062402491227,0,10.20068505653327,TRUE,121
P. vivax,model6,21001,Litoral Ocidental Maranhense,MA,2013,3,123,186262,0,2.5979900299869025,-2.5979900299869025,0,14.777571377951475,TRUE,121
P. vivax,model6,21002,Aglomeração Urbana de São Luís,MA,2013,1,121,1366266,0.36596094757536235,0.13198612925317815,0.2339748183221842,0,0.8783062741808696,TRUE,121
P. vivax,model6,21002,Aglomeração Urbana de São Luís,MA,2013,2,122,1366266,0.4391531370904348,0.1320898304826259,0.3070633066078089,0,0.8783062741808696,TRUE,121
P. vivax,model6,21002,Aglomeração Urbana de São Luís,MA,2013,3,123,1366266,0.14638437903014495,0.1743083214414867,-0.027923942411341746,0,1.097882842726087,TRUE,121
P. vivax,model6,21003,Rosário,MA,2013,1,121,168740,0.592627711271779,0.28036550899975665,0.3122622022720224,0,2.370510845087116,TRUE,121
P. vivax,model6,21003,Rosário,MA,2013,2,122,168740,0.592627711271779,0.26888869607508126,0.3237390151966978,0,2.370510845087116,TRUE,121
P. vivax,model6,21003,Rosário,MA,2013,3,123,168740,0,0.3589697252465452,-0.3589697252465452,0,3.2742681047765663,TRUE,121
P. vivax,model6,21004,Lençóis Maranhenses,MA,2013,1,121,186318,0,0.076072298069411,-0.076072298069411,0,1.073433592030829,TRUE,121
P. vivax,model6,21004,Lençóis Maranhenses,MA,2013,2,122,186318,0,0.10378110051835,-0.10378110051835,0,1.073433592030829,TRUE,121
P. vivax,model6,21004,Lençóis Maranhenses,MA,2013,3,123,186318,0,0.1688390037968757,-0.1688390037968757,0,1.6101503880462433,TRUE,121
P. vivax,model6,21005,Baixada Maranhense,MA,2013,1,121,581920,5.499037668408028,2.8804857471222105,2.6185519212858175,0.6873797085510035,14.795848226560338,TRUE,121
P. vivax,model6,21005,Baixada Maranhense,MA,2013,2,122,581920,3.436898542755018,2.3757776971013294,1.0611208456536887,0.17184492713775087,13.502715149848765,TRUE,121
P. vivax,model6,21005,Baixada Maranhense,MA,2013,3,123,581920,3.0932086884795162,2.4291554196436023,0.664053268835914,0.4253161946659337,14.099876271652455,TRUE,121
P. vivax,model6,21006,Itapecuru Mirim,MA,2013,1,121,223241,1.3438391693282148,0.12886629299473465,1.2149728763334802,0,1.5790110239606423,TRUE,121
P. vivax,model6,21006,Itapecuru Mirim,MA,2013,2,122,223241,0,0.1534004628556997,-0.1534004628556997,0,1.7917855591042864,TRUE,121
P. vivax,model6,21006,Itapecuru Mirim,MA,2013,3,123,223241,0.8958927795521432,0.2527045953739559,0.6431881841781872,0,2.4749038035127855,TRUE,121
P. vivax,model6,21007,Gurupi,MA,2013,1,121,230990,10.390060175765186,9.113444605346592,1.2766155704185937,2.8031516515866493,47.18818996493354,TRUE,121
P. vivax,model6,21007,Gurupi,MA,2013,2,122,230990,11.255898523745618,9.145156468419795,2.1107420553258223,1.0714749556257854,44.83960344603659,TRUE,121
P. vivax,model6,21007,Gurupi,MA,2013,3,123,230990,7.359625957833672,11.611906837605257,-4.252280879771585,2.575869085241786,54.114896748777,TRUE,121
P. vivax,model6,21008,Pindaré,MA,2013,1,121,642579,10.893602187435318,5.317971647634655,5.575630539800663,1.0893602187435318,23.7363810519796,TRUE,121
P. vivax,model6,21008,Pindaré,MA,2013,2,122,642579,10.737979299043387,4.551921296746659,6.186058002296727,1.2449831071354651,20.230975490951305,TRUE,121
P. vivax,model6,21008,Pindaré,MA,2013,3,123,642579,6.380538424069258,4.965079251103497,1.415459172965761,1.2449831071354651,21.425381159359368,TRUE,121
P. vivax,model6,21009,Imperatriz,MA,2013,1,121,580283,3.7912535779955645,1.7781241757687265,2.013129402226838,0.17232970809070747,9.305804236898204,TRUE,121
P. vivax,model6,21009,Imperatriz,MA,2013,2,122,580283,1.2063079566349522,1.5850841916877292,-0.378776235052777,0,7.591123641395656,TRUE,121
P. vivax,model6,21009,Imperatriz,MA,2013,3,123,580283,2.240286205179197,1.468235208223292,0.7720509969559051,0,7.418793933304949,TRUE,121
P. vivax,model6,21010,Médio Mearim,MA,2013,1,121,415203,3.853536703732873,1.6622658805264494,2.1912708232064233,0,9.049790102672652,TRUE,121
P. vivax,model6,21010,Médio Mearim,MA,2013,2,122,415203,2.8901525277996543,1.5516741970521126,1.3384783307475416,0,7.8335175805569754,TRUE,121
P. vivax,model6,21010,Médio Mearim,MA,2013,3,123,415203,3.371844615766264,1.8160998595947075,1.5557447561715565,0,9.874687803315487,TRUE,121
P. vivax,model6,21011,Alto Mearim e Grajaú,MA,2013,1,121,320723,6.859501813091048,2.3298544387268563,4.529647374364192,0,12.65110391209858,TRUE,121
P. vivax,model6,21011,Alto Mearim e Grajaú,MA,2013,2,122,320723,4.988728591338944,2.0661908475990876,2.9225377437398565,0,10.141149839581189,TRUE,121
P. vivax,model6,21011,Alto Mearim e Grajaú,MA,2013,3,123,320723,2.806159832628156,2.1014936381926503,0.7046661944355055,0,11.07653645045724,TRUE,121
P. vivax,model6,21012,Presidente Dutra,MA,2013,1,121,194017,2.061675007860136,0.7548622534426396,1.3068127544174963,0,5.15418751965034,TRUE,121
P. vivax,model6,21012,Presidente Dutra,MA,2013,2,122,194017,1.546256255895102,0.7399342803189846,0.8063219755761175,0,5.15418751965034,TRUE,121
P. vivax,model6,21012,Presidente Dutra,MA,2013,3,123,194017,2.061675007860136,0.8927256491137346,1.168949358746401,0,5.424782364431971,TRUE,121
P. vivax,model6,21013,Baixo Parnaíba Maranhense,MA,2013,1,121,139621,2.148673910085159,0.5945077220135793,1.5541661880715796,0,5.729797093560425,TRUE,121
P. vivax,model6,21013,Baixo Parnaíba Maranhense,MA,2013,2,122,139621,0.7162246366950531,0.5568736200545416,0.15935101664051154,0,4.6733657544352045,TRUE,121
P. vivax,model6,21013,Baixo Parnaíba Maranhense,MA,2013,3,123,139621,0.7162246366950531,0.5801831625389464,0.13604147415610668,0,4.6733657544352045,TRUE,121
P. vivax,model6,21014,Chapadinha,MA,2013,1,121,234229,0,0.2774389414182559,-0.2774389414182559,0,2.5615957033501404,TRUE,121
P. vivax,model6,21014,Chapadinha,MA,2013,2,122,234229,0,0.2559740783122309,-0.2559740783122309,0,2.5615957033501404,TRUE,121
P. vivax,model6,21014,Chapadinha,MA,2013,3,123,234229,0,0.2658610061998342,-0.2658610061998342,0,2.134663086125117,TRUE,121
P. vivax,model6,21015,Codó,MA,2013,1,121,269763,0.37069575886982276,0.3868193031211596,-0.01612354425133683,0,2.965566070958582,TRUE,121
P. vivax,model6,21015,Codó,MA,2013,2,122,269763,0.7413915177396455,0.3846664237797567,0.35672509395988883,0,3.336261829828405,TRUE,121
P. vivax,model6,21015,Codó,MA,2013,3,123,269763,0.7413915177396455,0.4836697832736713,0.2577217344659742,0,3.1601813443652307,TRUE,121
P. vivax,model6,21016,Coelho Neto,MA,2013,1,121,90137,1.1094223237959995,0.13556535054429908,0.9738569732517004,0,2.218844647591999,TRUE,121
P. vivax,model6,21016,Coelho Neto,MA,2013,2,122,90137,0,0.1133003846724411,-0.1133003846724411,0,2.218844647591999,TRUE,121
P. vivax,model6,21016,Coelho Neto,MA,2013,3,123,90137,1.1094223237959995,0.09991489190562834,1.0095074318903712,0,1.1094223237959995,TRUE,121
P. vivax,model6,21017,Caxias,MA,2013,1,121,428592,1.3999328032254452,0.3417814032387495,1.0581513999866958,0,2.2223933251203887,TRUE,121
P. vivax,model6,21017,Caxias,MA,2013,2,122,428592,0.4666442677418151,0.3513236770816067,0.11532059066020839,0,2.3332213387090754,TRUE,121
P. vivax,model6,21017,Caxias,MA,2013,3,123,428592,0,0.37733339181466174,-0.37733339181466174,0,2.3332213387090754,TRUE,121
P. vivax,model6,21018,Chapadas do Alto Itapecuru,MA,2013,1,121,214158,1.4008348975989688,0.2094312176853307,1.191403679913638,0,1.867779863465292,TRUE,121
P. vivax,model6,21018,Chapadas do Alto Itapecuru,MA,2013,2,122,214158,0.933889931732646,0.17051032536095043,0.7633796063716956,0,1.867779863465292,TRUE,121
P. vivax,model6,21018,Chapadas do Alto Itapecuru,MA,2013,3,123,214158,0.933889931732646,0.16368057834005256,0.7702093533925934,0,1.4008348975989688,TRUE,121
P. vivax,model6,21019,Porto Franco,MA,2013,1,121,114767,0,0.6657385663769033,-0.6657385663769033,0,4.356653044864813,TRUE,121
P. vivax,model6,21019,Porto Franco,MA,2013,2,122,114767,0,0.5600263768014138,-0.5600263768014138,0,5.227983653837776,TRUE,121
P. vivax,model6,21019,Porto Franco,MA,2013,3,123,114767,1.742661217945925,0.5274275851310088,1.2152336328149163,0,5.227983653837776,TRUE,121
P. vivax,model6,21020,Gerais de Balsas,MA,2013,1,121,136434,0,0.01185294012682675,-0.01185294012682675,0,0.732955128487034,TRUE,121
P. vivax,model6,21020,Gerais de Balsas,MA,2013,2,122,136434,0,0.011733426487437823,-0.011733426487437823,0,0.732955128487034,TRUE,121
P. vivax,model6,21020,Gerais de Balsas,MA,2013,3,123,136434,0,0.012492446592394088,-0.012492446592394088,0,0.732955128487034,TRUE,121
P. vivax,model6,21021,Chapadas das Mangabeiras,MA,2013,1,121,70058,0,0.07087615872210772,-0.07087615872210772,0,1.4273887350481032,TRUE,121
P. vivax,model6,21021,Chapadas das Mangabeiras,MA,2013,2,122,70058,0,0.0647238786266456,-0.0647238786266456,0,1.4273887350481032,TRUE,121
P. vivax,model6,21021,Chapadas das Mangabeiras,MA,2013,3,123,70058,0,0.07109562920435404,-0.07109562920435404,0,1.4273887350481032,TRUE,121
P. vivax,model6,51001,Aripuanã,MT,2013,1,121,148922,41.6325324666604,35.45102899357675,6.1815034730836516,14.420300560024712,153.13385530680486,TRUE,121
P. vivax,model6,51001,Aripuanã,MT,2013,2,122,148922,27.53119082472704,31.11542707049789,-3.5842362457708496,13.748808100885029,132.28401445051773,TRUE,121
P. vivax,model6,51001,Aripuanã,MT,2013,3,123,148922,24.845220988168304,32.31895860243398,-7.473737614265676,10.072386887095258,136.0275849102214,TRUE,121
P. vivax,model6,51002,Alta Floresta,MT,2013,1,121,101672,8.851994649461012,12.110090317740738,-3.2580956682797257,0,67.4964592021401,TRUE,121
P. vivax,model6,51002,Alta Floresta,MT,2013,2,122,101672,10.819104571563459,8.434090933332172,2.385013638231287,0,53.62833425131794,TRUE,121
P. vivax,model6,51002,Alta Floresta,MT,2013,3,123,101672,14.753324415768352,7.123645664189718,7.629678751578634,0,42.80922967975448,TRUE,121
P. vivax,model6,51003,Colíder,MT,2013,1,121,147540,22.36681577877186,18.461926586736237,3.904889192035622,6.42198725769283,95.83841670055554,TRUE,121
P. vivax,model6,51003,Colíder,MT,2013,2,122,147540,17.62233970448692,15.343777891690713,2.2785618127962053,4.06669377795852,91.34810898739309,TRUE,121
P. vivax,model6,51003,Colíder,MT,2013,3,123,147540,18.97790429713976,14.833253776191444,4.144650520948314,3.3889114816320993,76.0471736478242,TRUE,121
P. vivax,model6,51004,Parecis,MT,2013,1,121,96914,1.0318426646304972,1.6156656299972352,-0.583822965366738,0,10.860144045235959,TRUE,121
P. vivax,model6,51004,Parecis,MT,2013,2,122,96914,1.0318426646304972,1.807846140237788,-0.7760034756072907,0,11.350269310935468,TRUE,121
P. vivax,model6,51004,Parecis,MT,2013,3,123,96914,0,2.4006495644296146,-2.4006495644296146,0,14.44579730482696,TRUE,121
P. vivax,model6,51005,Arinos,MT,2013,1,121,77897,2.5674929714879906,1.0295309850643095,1.537961986423681,0,7.702478914463971,TRUE,121
P. vivax,model6,51005,Arinos,MT,2013,2,122,77897,0,0.8820398653258111,-0.8820398653258111,0,7.702478914463971,TRUE,121
P. vivax,model6,51005,Arinos,MT,2013,3,123,77897,0,1.0343147107352868,-1.0343147107352868,0,8.986225400207967,TRUE,121
P. vivax,model6,51006,Alto Teles Pires,MT,2013,1,121,216083,0.4627851334903717,1.0648811482204308,-0.6020960147300591,0,6.7219540639476385,TRUE,121
P. vivax,model6,51006,Alto Teles Pires,MT,2013,2,122,216083,1.8511405339614868,1.0779523052270834,0.7731882287344034,0,8.110309464418755,TRUE,121
P. vivax,model6,51006,Alto Teles Pires,MT,2013,3,123,216083,0,1.0547103922704624,-1.0547103922704624,0,6.941777002355576,TRUE,121
P. vivax,model6,51007,Sinop,MT,2013,1,121,184603,10.292357112289617,10.307447309831637,-0.015090197542020789,1.6251090177299394,51.2315617839363,TRUE,121
P. vivax,model6,51007,Sinop,MT,2013,2,122,184603,8.125545088649696,9.952458339185542,-1.8269132505358456,3.250218035459879,47.466725892861916,TRUE,121
P. vivax,model6,51007,Sinop,MT,2013,3,123,184603,3.250218035459879,11.105875057035274,-7.855657021575395,2.166812023639919,55.33496205370436,TRUE,121
P. vivax,model6,51008,Paranatinga,MT,2013,1,121,34079,0,0.06697984483449416,-0.06697984483449416,0,2.9343584025352856,TRUE,121
P. vivax,model6,51008,Paranatinga,MT,2013,2,122,34079,0,0.059310677076411286,-0.059310677076411286,0,2.9343584025352856,TRUE,121
P. vivax,model6,51008,Paranatinga,MT,2013,3,123,34079,0,0.05836997510397032,-0.05836997510397032,0,2.9343584025352856,TRUE,121
P. vivax,model6,51009,Norte Araguaia,MT,2013,1,121,119054,0.8399549784131571,0.21250866365975177,0.6274463147534054,0,2.5198649352394713,TRUE,121
P. vivax,model6,51009,Norte Araguaia,MT,2013,2,122,119054,0,0.20783240666693537,-0.20783240666693537,0,2.5198649352394713,TRUE,121
P. vivax,model6,51009,Norte Araguaia,MT,2013,3,123,119054,0,0.24772168646238812,-0.24772168646238812,0,2.5198649352394713,TRUE,121
P. vivax,model6,51010,Canarana,MT,2013,1,121,105035,0.9520635978483363,0.5668853260955236,0.3851782717528127,0,5.712381587090018,TRUE,121
P. vivax,model6,51010,Canarana,MT,2013,2,122,105035,0,0.6287374267682859,-0.6287374267682859,0,6.212214975960372,TRUE,121
P. vivax,model6,51010,Canarana,MT,2013,3,123,105035,0,0.5572207369793866,-0.5572207369793866,0,5.260151378112036,TRUE,121
P. vivax,model6,51011,Médio Araguaia,MT,2013,1,121,66449,0,0.046510837599462874,-0.046510837599462874,0,1.5049135427169709,TRUE,121
P. vivax,model6,51011,Médio Araguaia,MT,2013,2,122,66449,0,0.03973044343163014,-0.03973044343163014,0,1.5049135427169709,TRUE,121
P. vivax,model6,51011,Médio Araguaia,MT,2013,3,123,66449,0,0.03656450094378553,-0.03656450094378553,0,1.5049135427169709,TRUE,121
P. vivax,model6,51012,Alto Guaporé,MT,2013,1,121,70085,0,1.6526162167996232,-1.6526162167996232,0,14.268388385531855,TRUE,121
P. vivax,model6,51012,Alto Guaporé,MT,2013,2,122,70085,0,1.4090515059283784,-1.4090515059283784,0,12.84154954697867,TRUE,121
P. vivax,model6,51012,Alto Guaporé,MT,2013,3,123,70085,0,1.4176413101458418,-1.4176413101458418,0,12.163801098665873,TRUE,121
P. vivax,model6,51013,Tangará da Serra,MT,2013,1,121,153881,1.2997056166778225,0.43274301107766017,0.8669626056001623,0,3.899116850033468,TRUE,121
P. vivax,model6,51013,Tangará da Serra,MT,2013,2,122,153881,0,0.4144976359884405,-0.4144976359884405,0,3.899116850033468,TRUE,121
P. vivax,model6,51013,Tangará da Serra,MT,2013,3,123,153881,0.6498528083389112,0.43657816073661465,0.21327464760229659,0,3.899116850033468,TRUE,121
P. vivax,model6,51014,Jauru,MT,2013,1,121,107853,0,0.5026426734094214,-0.5026426734094214,0,4.635939658609404,TRUE,121
P. vivax,model6,51014,Jauru,MT,2013,2,122,107853,0,0.3804305882435309,-0.3804305882435309,0,3.7087517268875225,TRUE,121
P. vivax,model6,51014,Jauru,MT,2013,3,123,107853,0,0.33804429685380794,-0.33804429685380794,0,3.7087517268875225,TRUE,121
P. vivax,model6,51015,Alto Paraguai,MT,2013,1,121,32717,0,0.17864496737133345,-0.17864496737133345,0,3.056514961640737,TRUE,121
P. vivax,model6,51015,Alto Paraguai,MT,2013,2,122,32717,0,0.15238493556011426,-0.15238493556011426,0,3.056514961640737,TRUE,121
P. vivax,model6,51015,Alto Paraguai,MT,2013,3,123,32717,0,0.16576555312842023,-0.16576555312842023,0,3.056514961640737,TRUE,121
P. vivax,model6,51016,Rosário Oeste,MT,2013,1,121,30675,0,0.05223349155757474,-0.05223349155757474,0,3.2599837000814995,TRUE,121
P. vivax,model6,51016,Rosário Oeste,MT,2013,2,122,30675,0,0.045524132689749766,-0.045524132689749766,0,3.2599837000814995,TRUE,121
P. vivax,model6,51016,Rosário Oeste,MT,2013,3,123,30675,0,0.05211304009537674,-0.05211304009537674,0,3.2599837000814995,TRUE,121
P. vivax,model6,51017,Cuiabá,MT,2013,1,121,881902,1.3606954060655265,1.0934705500717565,0.26722485599377,0.053860859823427254,5.896346759617282,TRUE,121
P. vivax,model6,51017,Cuiabá,MT,2013,2,122,881902,0.4535651353551755,0.8800382224646801,-0.4264730871095046,0,4.201147066227308,TRUE,121
P. vivax,model6,51017,Cuiabá,MT,2013,3,123,881902,1.0205215545491448,0.8607374080827713,0.1597841464663735,0,4.8758252050681365,TRUE,121
P. vivax,model6,51018,Alto Pantanal,MT,2013,1,121,134262,0.7448123817610344,0.19898255263111758,0.5458298291299168,0,2.2344371452831036,TRUE,121
P. vivax,model6,51018,Alto Pantanal,MT,2013,2,122,134262,0.7448123817610344,0.18580220401709088,0.5590101777439435,0,2.2344371452831036,TRUE,121
P. vivax,model6,51018,Alto Pantanal,MT,2013,3,123,134262,0.7448123817610344,0.20333806752556466,0.5414743142354697,0,2.2344371452831036,TRUE,121
P. vivax,model6,51019,Primavera do Leste,MT,2013,1,121,91029,0,0.2689607352448002,-0.2689607352448002,0,3.2956530336486174,TRUE,121
P. vivax,model6,51019,Primavera do Leste,MT,2013,2,122,91029,1.0985510112162058,0.23944844616587252,0.8591025650503332,0,3.2956530336486174,TRUE,121
P. vivax,model6,51019,Primavera do Leste,MT,2013,3,123,91029,0,0.23899637673656793,-0.23899637673656793,0,2.7738413033208946,TRUE,121
P. vivax,model6,51020,Tesouro,MT,2013,1,121,54596,1.8316360172906438,0.13483546830955345,1.6968005489810905,0,1.8316360172906438,TRUE,121
P. vivax,model6,51020,Tesouro,MT,2013,2,122,54596,0,0.13716910727190887,-0.13716910727190887,0,2.79324492636819,TRUE,121
P. vivax,model6,51020,Tesouro,MT,2013,3,123,54596,0,0.14860460532909528,-0.14860460532909528,0,1.8316360172906438,TRUE,121
P. vivax,model6,51021,Rondonópolis,MT,2013,1,121,290068,1.0342402471144698,0.3089042088774601,0.7253360382370098,0,2.4132272432670963,TRUE,121
P. vivax,model6,51021,Rondonópolis,MT,2013,2,122,290068,0.6894934980763131,0.2871050995217713,0.4023883985545418,0,2.5942192865121205,TRUE,121
P. vivax,model6,51021,Rondonópolis,MT,2013,3,123,290068,1.3789869961526262,0.27678594714622645,1.1022010490063998,0,2.4132272432670963,TRUE,121
P. vivax,model6,51022,Alto Araguaia,MT,2013,1,121,36797,0,0.008077615163219035,-0.008077615163219035,0,2.7176128488735496,TRUE,121
P. vivax,model6,51022,Alto Araguaia,MT,2013,2,122,36797,0,0.007155369510637721,-0.007155369510637721,0,2.7176128488735496,TRUE,121
P. vivax,model6,51022,Alto Araguaia,MT,2013,3,123,36797,0,0.0075465275206319255,-0.0075465275206319255,0,2.7176128488735496,TRUE,121
P. vivax,model6,11001,Porto Velho,RO,2014,1,133,625834,109.45394465625071,61.529247608901024,47.92469704734969,23.564555457197912,340.17407171869854,TRUE,133
P. vivax,model6,11001,Porto Velho,RO,2014,2,134,625834,85.16635401719945,50.3855222204908,34.780831796708654,19.629805986891093,272.7240769916622,TRUE,133
P. vivax,model6,11001,Porto Velho,RO,2014,3,135,625834,100.34609816660647,55.31612519696463,45.02997296964184,19.326211103902953,296.24469108421664,TRUE,133
P. vivax,model6,11002,Guajará-Mirim,RO,2014,1,133,81101,43.15606466011516,61.25341154068068,-18.097346880565517,17.262425864046065,297.40693702913626,TRUE,133
P. vivax,model6,11002,Guajará-Mirim,RO,2014,2,134,81101,43.15606466011516,51.614038632304286,-8.457973972189123,10.449932799842173,291.7658228628499,TRUE,133
P. vivax,model6,11002,Guajará-Mirim,RO,2014,3,135,81101,33.2918213092317,57.73248291231711,-24.44066160308541,16.61508489414434,272.56137408909876,TRUE,133
P. vivax,model6,11003,Ariquemes,RO,2014,1,133,195532,66.99670642145531,63.25692067625453,3.739785745200784,24.01141501135364,286.43649121371413,TRUE,133
P. vivax,model6,11003,Ariquemes,RO,2014,2,134,195532,52.165374465560625,51.240127076057476,0.9252473895031486,21.211361823128698,250.9563651985349,TRUE,133
P. vivax,model6,11003,Ariquemes,RO,2014,3,135,195532,32.21979011108156,54.1886154807524,-21.96882536967084,22.50271055377125,250.16365607675462,TRUE,133
P. vivax,model6,11004,Ji-Paraná,RO,2014,1,133,316402,9.165555211408272,11.266249823080159,-2.100694611671887,2.84448265181636,53.74491943793022,TRUE,133
P. vivax,model6,11004,Ji-Paraná,RO,2014,2,134,316402,6.321072559591911,8.737649069091981,-2.4165765095000706,1.564465458498999,41.26870247343567,TRUE,133
P. vivax,model6,11004,Ji-Paraná,RO,2014,3,135,316402,5.056858047673529,9.369715971939923,-4.312857924266394,2.5284290238367646,47.605577714426545,TRUE,133
P. vivax,model6,11005,Alvorada D'Oeste,RO,2014,1,133,75085,6.659119664380368,6.3724842157500845,0.28663544863028356,0,42.618365852034366,TRUE,133
P. vivax,model6,11005,Alvorada D'Oeste,RO,2014,2,134,75085,1.331823932876074,4.9896047859313475,-3.6577808530552733,0,34.62742225477792,TRUE,133
P. vivax,model6,11005,Alvorada D'Oeste,RO,2014,3,135,75085,1.331823932876074,5.4563621929713335,-4.124538260095259,0,31.331158020909605,TRUE,133
P. vivax,model6,11006,Cacoal,RO,2014,1,133,247558,5.655240388111069,5.935819189916715,-0.2805788018056461,0.4039457420079335,32.24496885578317,TRUE,133
P. vivax,model6,11006,Cacoal,RO,2014,2,134,247558,6.463131872126936,5.106873263296938,1.3562586088299975,0.4039457420079335,25.46877903360019,TRUE,133
P. vivax,model6,11006,Cacoal,RO,2014,3,135,247558,5.655240388111069,6.276981162082059,-0.6217407739709904,0.5958199694617025,31.719839391172968,TRUE,133
P. vivax,model6,11007,Vilhena,RO,2014,1,133,152211,7.2268101516973156,4.686548325582923,2.540261826114393,0,27.034839794758504,TRUE,133
P. vivax,model6,11007,Vilhena,RO,2014,2,134,152211,4.598879187443746,4.093018556761164,0.5058606306825819,0,19.709482231901767,TRUE,133
P. vivax,model6,11007,Vilhena,RO,2014,3,135,152211,4.598879187443746,4.724987550474917,-0.1261083630311708,0,25.967242840530563,TRUE,133
P. vivax,model6,11008,Colorado do Oeste,RO,2014,1,133,54808,1.824551160414538,3.001407461232034,-1.176856300817496,0,23.719165085388994,TRUE,133
P. vivax,model6,11008,Colorado do Oeste,RO,2014,2,134,54808,0,2.339620596387781,-2.339620596387781,0,18.24551160414538,TRUE,133
P. vivax,model6,11008,Colorado do Oeste,RO,2014,3,135,54808,0,2.4434397841067295,-2.4434397841067295,0,17.378849802948434,TRUE,133
P. vivax,model6,12001,Cruzeiro do Sul,AC,2014,1,133,141056,1877.268602540835,1252.1979991623668,625.0706033784681,530.5162488656988,5482.804701678763,TRUE,133
P. vivax,model6,12001,Cruzeiro do Sul,AC,2014,2,134,141056,1232.8436932849365,952.4522573363392,280.3914359485973,386.6726690108893,4115.422243647912,TRUE,133
P. vivax,model6,12001,Cruzeiro do Sul,AC,2014,3,135,141056,1018.0353901996369,948.0401353430412,69.9952548565957,379.033858892922,3980.883478901995,TRUE,133
P. vivax,model6,12002,Tarauacá,AC,2014,1,133,77929,114.20652132068933,119.1847462189768,-4.978224898287465,56.39749002296963,576.4862888013445,TRUE,133
P. vivax,model6,12002,Tarauacá,AC,2014,2,134,77929,102.65754725455223,90.46228642758564,12.195260826966589,33.97323204455338,432.15619345814747,TRUE,133
P. vivax,model6,12002,Tarauacá,AC,2014,3,135,77929,60.31130901204943,93.86410527033516,-33.55279625828573,35.865980572059186,433.69605666696555,TRUE,133
P. vivax,model6,12003,Sena Madureira,AC,2014,1,133,55143,3.6269336089802873,1.2059108677438786,2.421022741236409,0,9.06733402245072,TRUE,133
P. vivax,model6,12003,Sena Madureira,AC,2014,2,134,55143,3.6269336089802873,1.0775602286036716,2.5493733803766156,0,9.06733402245072,TRUE,133
P. vivax,model6,12003,Sena Madureira,AC,2014,3,135,55143,0,1.112954173930294,-1.112954173930294,0,9.06733402245072,TRUE,133
P. vivax,model6,12004,Rio Branco,AC,2014,1,133,452251,19.458221209018888,6.121658940091889,13.336562268926999,1.7689292008198987,35.494669995201775,TRUE,133
P. vivax,model6,12004,Rio Branco,AC,2014,2,134,452251,16.583711257686552,5.163198966644918,11.420512291041634,0.6633484503074619,30.978372629358454,TRUE,133
P. vivax,model6,12004,Rio Branco,AC,2014,3,135,452251,13.045852856046752,6.219294311062365,6.826558544984387,1.5478130507174115,33.06239234407442,TRUE,133
P. vivax,model6,12005,Brasiléia,AC,2014,1,133,63722,6.277266878001318,3.8867878049371445,2.3904790730641734,0,26.6783842315056,TRUE,133
P. vivax,model6,12005,Brasiléia,AC,2014,2,134,63722,1.5693167195003295,2.8203443162536725,-1.251027596753343,0,17.262483914503626,TRUE,133
P. vivax,model6,12005,Brasiléia,AC,2014,3,135,63722,1.5693167195003295,2.550509170243393,-0.9811924507430636,0,18.831800634003955,TRUE,133
P. vivax,model6,13001,Rio Negro,AM,2014,1,133,108516,772.2363522429872,477.1771302331052,295.05922200988203,150.0239596004276,2387.643296841018,TRUE,133
P. vivax,model6,13001,Rio Negro,AM,2014,2,134,108516,634.929411331048,415.3639487768105,219.56546255423746,129.4048803863025,1951.7167975229447,TRUE,133
P. vivax,model6,13001,Rio Negro,AM,2014,3,135,108516,579.6380257289247,453.0936102663055,126.54441546261921,134.88794279184637,2288.786906999887,TRUE,133
P. vivax,model6,13002,Japurá,AM,2014,1,133,23966,91.79671200867895,152.83549505464717,-61.038783045968216,33.38062254861053,676.1662355002918,TRUE,133
P. vivax,model6,13002,Japurá,AM,2014,2,134,23966,83.45155637152632,119.70204488987928,-36.25048851835295,27.017441375281656,601.0598347659181,TRUE,133
P. vivax,model6,13002,Japurá,AM,2014,3,135,23966,179.42084619878162,149.8275956952512,29.593250503530413,41.72577818576316,664.2743887173488,TRUE,133
P. vivax,model6,13003,Alto Solimões,AM,2014,1,133,242875,262.2748327328873,215.82797096798183,46.44686176490549,106.36129696345857,972.866700977869,TRUE,133
P. vivax,model6,13003,Alto Solimões,AM,2014,2,134,242875,221.51312403499742,288.3290794643501,-66.8159554293527,142.8821410190427,1328.687596500256,TRUE,133
P. vivax,model6,13003,Alto Solimões,AM,2014,3,135,242875,287.39063304168815,386.91179668190097,-99.52116364021282,174.72979927946474,1740.5970149253726,TRUE,133
P. vivax,model6,13004,Juruá,AM,2014,1,133,142338,480.5463052733634,539.1676184323393,-58.62131315897591,235.5133555340106,2356.363023226403,TRUE,133
P. vivax,model6,13004,Juruá,AM,2014,2,134,142338,425.7471651983307,482.09241256385263,-56.345247365521914,205.1981902232714,2001.64397420225,TRUE,133
P. vivax,model6,13004,Juruá,AM,2014,3,135,142338,645.6462785763464,689.4665916896105,-43.82031311326409,295.5640798662339,2922.4100380783766,TRUE,133
P. vivax,model6,13005,Tefé,AM,2014,1,133,90982,228.6166494471434,194.89583602228166,33.720813424861745,85.09925040117827,937.8778219867662,TRUE,133
P. vivax,model6,13005,Tefé,AM,2014,2,134,90982,223.1210569123563,197.9061747857315,25.214882126624786,74.16302125695192,817.441911586907,TRUE,133
P. vivax,model6,13005,Tefé,AM,2014,3,135,90982,298.9602338924183,255.46788469848858,43.4923491939297,104.25139038491132,1233.2659207315712,TRUE,133
P. vivax,model6,13006,Coari,AM,2014,1,133,169227,91.0020268633256,56.95218838724847,34.04983847607713,20.06181046759678,271.72082469109523,TRUE,133
P. vivax,model6,13006,Coari,AM,2014,2,134,169227,128.82105101431804,64.80842912827391,64.01262188604413,20.8447824519728,354.16925195152055,TRUE,133
P. vivax,model6,13006,Coari,AM,2014,3,135,169227,105.18416091994777,86.36820411406009,18.81595680588768,35.14510095906682,431.0334639271506,TRUE,133
P. vivax,model6,13007,Manaus,AM,2014,1,133,2285623,54.33967019057823,31.328282085971036,23.011388104607196,12.200174744478858,173.15519663566545,TRUE,133
P. vivax,model6,13007,Manaus,AM,2014,2,134,2285623,40.64537327459516,26.85382059369069,13.79155268090447,11.237636303099855,152.47374567021765,TRUE,133
P. vivax,model6,13007,Manaus,AM,2014,3,135,2285623,32.3325412808674,30.35911367017083,1.9734276106965716,13.16271318585786,175.46966406970876,TRUE,133
P. vivax,model6,13008,Rio Preto da Eva,AM,2014,1,133,61674,116.74287382041054,198.57168034007364,-81.8288065196631,68.78911696987386,987.0042481434637,TRUE,133
P. vivax,model6,13008,Rio Preto da Eva,AM,2014,2,134,61674,74.58572494081785,143.48574858880974,-68.90002364799189,52.65590037941435,770.2192171741731,TRUE,133
P. vivax,model6,13008,Rio Preto da Eva,AM,2014,3,135,61674,77.82858254694037,121.59648084794283,-43.76789830100246,40.45464863637838,602.0365145766445,TRUE,133
P. vivax,model6,13009,Itacoatiara,AM,2014,1,133,168711,4.14910705288926,6.97718447766871,-2.8280774247794502,0,38.02360249183507,TRUE,133
P. vivax,model6,13009,Itacoatiara,AM,2014,2,134,168711,9.483673263746882,4.891345917277324,4.592327346469558,0.5927295789841801,25.487371896319743,TRUE,133
P. vivax,model6,13009,Itacoatiara,AM,2014,3,135,168711,5.927295789841801,4.864753257580568,1.062542532261233,0,26.6728310542881,TRUE,133
P. vivax,model6,13010,Parintins,AM,2014,1,133,266488,9.006034042808682,7.2761019564325515,1.729932086376131,0.7505028369007235,40.52715319263907,TRUE,133
P. vivax,model6,13010,Parintins,AM,2014,2,134,266488,15.01005673801447,5.6713327101739415,9.338724027840527,1.3039986791150076,26.839857704662116,TRUE,133
P. vivax,model6,13010,Parintins,AM,2014,3,135,266488,7.880279787457596,6.854985505611609,1.0252942818459871,1.501005673801447,30.808141454774663,TRUE,133
P. vivax,model6,13011,Boca do Acre,AM,2014,1,133,52413,106.84372197737203,116.62994970528698,-9.786227727914948,37.06141606090093,598.3725411634516,TRUE,133
P. vivax,model6,13011,Boca do Acre,AM,2014,2,134,52413,164.0814301795356,100.9865648815452,63.094865297990395,24.80300688760422,514.6146948276187,TRUE,133
P. vivax,model6,13011,Boca do Acre,AM,2014,3,135,52413,131.64672886497624,122.30912632013663,9.337602544839612,39.06473584797665,621.029133993474,TRUE,133
P. vivax,model6,13012,Purus,AM,2014,1,133,75649,482.4915068275853,223.45478529294527,259.03672153464004,78.61967772211133,989.1736837235121,TRUE,133
P. vivax,model6,13012,Purus,AM,2014,2,134,75649,466.6287723565414,227.8206095495781,238.80816280696328,102.41377942867719,1073.3453185104886,TRUE,133
P. vivax,model6,13012,Purus,AM,2014,3,135,75649,799.7461962484633,357.1519658371401,442.5942304113232,138.46845298682072,1675.7987547753423,TRUE,133
P. vivax,model6,13013,Madeira,AM,2014,1,133,185281,58.28984083635127,42.39907002753478,15.890770808816484,14.572460209087817,214.18817903616628,TRUE,133
P. vivax,model6,13013,Madeira,AM,2014,2,134,185281,38.32017314241612,42.560109599972826,-4.239936457556709,15.908269061587536,221.3934510284378,TRUE,133
P. vivax,model6,13013,Madeira,AM,2014,3,135,185281,41.55849763332452,56.18613271143687,-14.627635078112348,21.02212315348039,265.56959429191335,TRUE,133
P. vivax,model6,14001,Boa Vista,RR,2014,1,133,353589,122.17574641745077,121.59488228570676,0.58086413174400775,48.92686141254395,520.731696970211,TRUE,133
P. vivax,model6,14001,Boa Vista,RR,2014,2,134,353589,93.89432363563346,93.72145117694006,0.17287245869339074,33.640752398971685,423.06887374890016,TRUE,133
P. vivax,model6,14001,Boa Vista,RR,2014,3,135,353589,106.05533543181491,95.70782620717712,10.34750922463779,39.00008201612607,416.8116089584233,TRUE,133
P. vivax,model6,14002,Nordeste de Roraima,RR,2014,1,133,46668,122.13936744664437,108.2366707905386,13.902696656105775,28.874175023570757,607.9647724350729,TRUE,133
P. vivax,model6,14002,Nordeste de Roraima,RR,2014,2,134,46668,122.13936744664437,89.71603669407286,32.423330752571516,27.74920716550956,495.092997342933,TRUE,133
P. vivax,model6,14002,Nordeste de Roraima,RR,2014,3,135,46668,111.42538784606154,81.06030937598935,30.36507847007219,25.713551041398816,406.2205365560983,TRUE,133
P. vivax,model6,14003,Caracaraí,RR,2014,1,133,46161,262.1260371309114,150.29389062534761,111.8321465055638,49.82561036372695,609.8763025064449,TRUE,133
P. vivax,model6,14003,Caracaraí,RR,2014,2,134,46161,242.6290591624965,111.44507850304144,131.18398065945507,30.220315851043093,462.0783778514325,TRUE,133
P. vivax,model6,14003,Caracaraí,RR,2014,3,135,46161,186.3044561426312,108.04493354638764,78.25952259624357,28.162301509932625,451.7341478737462,TRUE,133
P. vivax,model6,14004,Sudeste de Roraima,RR,2014,1,133,50518,401.8369690011481,309.81584596550704,92.02112303564104,125.35135991131875,1451.6113068609175,TRUE,133
P. vivax,model6,14004,Sudeste de Roraima,RR,2014,2,134,50518,296.92386872006017,227.25919937721497,69.6646693428452,76.16097232669543,1024.5358090185673,TRUE,133
P. vivax,model6,14004,Sudeste de Roraima,RR,2014,3,135,50518,261.29300447365296,229.8846619011637,31.40834257248926,79.17969832534938,1110.495269013025,TRUE,133
P. vivax,model6,15001,Óbidos,PA,2014,1,133,196298,2.037718163200848,1.2300833702557334,0.8076347929451144,0,9.946611784124126,TRUE,133
P. vivax,model6,15001,Óbidos,PA,2014,2,134,196298,1.5282886224006358,1.0034204711531611,0.5248681512474747,0,6.890034539322855,TRUE,133
P. vivax,model6,15001,Óbidos,PA,2014,3,135,196298,1.5282886224006358,1.1372583364402662,0.3910302859603696,0,7.90889362092328,TRUE,133
P. vivax,model6,15002,Santarém,PA,2014,1,133,503673,12.111032356310542,6.825150907430802,5.285881448879739,1.9754880646768842,37.16697142789068,TRUE,133
P. vivax,model6,15002,Santarém,PA,2014,2,134,503673,7.544577533439355,6.780555390511479,0.7640221429278764,1.6826393314710142,34.76461910803238,TRUE,133
P. vivax,model6,15002,Santarém,PA,2014,3,135,503673,7.94166056151511,7.556101267395382,0.38555929411972745,1.3897905982651444,39.22683963603368,TRUE,133
P. vivax,model6,15003,Almeirim,PA,2014,1,133,71135,19.68088845153581,19.108483461964106,0.5724049895717052,0,104.90616433541842,TRUE,133
P. vivax,model6,15003,Almeirim,PA,2014,2,134,71135,11.246221972306179,17.003965477415655,-5.757743505109476,3.479299922682226,101.95403106768818,TRUE,133
P. vivax,model6,15003,Almeirim,PA,2014,3,135,71135,21.086666198074084,14.487281578944621,6.599384619129463,0.6677444296056814,74.50622056652843,TRUE,133
P. vivax,model6,15004,Portel,PA,2014,1,133,142011,7.74587884037152,27.687217553637115,-19.941338713265594,7.74587884037152,121.15258677144726,TRUE,133
P. vivax,model6,15004,Portel,PA,2014,2,134,142011,22.53346571744442,29.282956090973315,-6.749490373528893,7.376189168444698,125.7120927252114,TRUE,133
P. vivax,model6,15004,Portel,PA,2014,3,135,142011,26.758490539465257,30.19712526938565,-3.4386347299203948,9.858391251381935,134.49662350099638,TRUE,133
P. vivax,model6,15005,Furos de Breves,PA,2014,1,133,217765,74.39211994581315,51.924683236209226,22.467436709603923,18.345464147131082,219.04346428489427,TRUE,133
P. vivax,model6,15005,Furos de Breves,PA,2014,2,134,217765,89.086859688196,58.77626202166473,30.310597666531272,20.423392188827407,260.8775514889904,TRUE,133
P. vivax,model6,15005,Furos de Breves,PA,2014,3,135,217765,78.52501549835831,65.46972747123479,13.055288027123524,25.23362340137304,276.6055151195094,TRUE,133
P. vivax,model6,15006,Arari,PA,2014,1,133,165571,3.62382301248407,4.69151473003352,-1.0676917175494496,0,25.68384560098083,TRUE,133
P. vivax,model6,15006,Arari,PA,2014,2,134,165571,3.0198525104033918,6.628063241765931,-3.608210731362539,0.6039705020806784,36.615711688641056,TRUE,133
P. vivax,model6,15006,Arari,PA,2014,3,135,165571,3.0198525104033918,8.601621118016034,-5.581768607612642,0.6039705020806784,48.63472468004661,TRUE,133
P. vivax,model6,15007,Belém,PA,2014,1,133,2242436,0.5797266900816791,0.6809809284201603,-0.10125423833848124,0.08918872155102754,3.0346462507737098,TRUE,133
P. vivax,model6,15007,Belém,PA,2014,2,134,2242436,0.5797266900816791,0.5855133868656084,-0.0057866967839292904,0.04459436077551377,3.0112342113665664,TRUE,133
P. vivax,model6,15007,Belém,PA,2014,3,135,2242436,0.8472928547347617,0.6591227590641933,0.18817009567056842,0.13378308232654132,3.4616372551992516,TRUE,133
P. vivax,model6,15008,Castanhal,PA,2014,1,133,319481,0.31300765929742297,0.23495861647332367,0.0780490428240993,0,2.191053615081961,TRUE,133
P. vivax,model6,15008,Castanhal,PA,2014,2,134,319481,0.6260153185948459,0.19912582047088206,0.4268894981239639,0,1.8780459557845381,TRUE,133
P. vivax,model6,15008,Castanhal,PA,2014,3,135,319481,0,0.19571462694430802,-0.19571462694430802,0,1.416359658320832,TRUE,133
P. vivax,model6,15009,Salgado,PA,2014,1,133,258222,3.0981093787516163,2.9761591261284663,0.12195025262314996,0,15.69386032173865,TRUE,133
P. vivax,model6,15009,Salgado,PA,2014,2,134,258222,0,2.915734838634466,-2.915734838634466,0,13.592954899272684,TRUE,133
P. vivax,model6,15009,Salgado,PA,2014,3,135,258222,1.9363183617197606,4.3493365490635325,-2.4130181873437717,0.18395024436337776,23.05187009627374,TRUE,133
P. vivax,model6,15010,Bragantina,PA,2014,1,133,401712,0.24893456008284545,0.25615978079237295,-0.007225220709527497,0,1.9914764806627636,TRUE,133
P. vivax,model6,15010,Bragantina,PA,2014,2,134,401712,0,0.2212898795081704,-0.2212898795081704,0,1.742541920579918,TRUE,133
P. vivax,model6,15010,Bragantina,PA,2014,3,135,401712,0.7468036802485363,0.2386450767602285,0.5081586034883078,0,1.9914764806627636,TRUE,133
P. vivax,model6,15011,Cametá,PA,2014,1,133,466929,2.3558185505719287,1.6675728010333222,0.6882457495386065,0,9.107380351188292,TRUE,133
P. vivax,model6,15011,Cametá,PA,2014,2,134,466929,0.21416532277926623,1.6357471719078187,-1.4215818491285526,0,8.363155854530337,TRUE,133
P. vivax,model6,15011,Cametá,PA,2014,3,135,466929,0.6424959683377987,1.51992305975602,-0.8774270914182214,0,7.394057768954163,TRUE,133
P. vivax,model6,15012,Tomé-Açu,PA,2014,1,133,314645,2.2247294570071032,1.4042497771969198,0.8204796798101834,0,8.112317055729465,TRUE,133
P. vivax,model6,15012,Tomé-Açu,PA,2014,2,134,314645,1.2712739754326303,1.018545927837577,0.2527280475950533,0,6.356369877163152,TRUE,133
P. vivax,model6,15012,Tomé-Açu,PA,2014,3,135,314645,0.3178184938581576,0.9239001675318408,-0.6060816736736832,0,5.887587598722362,TRUE,133
P. vivax,model6,15013,Guamá,PA,2014,1,133,455970,0.43862534815887017,0.8593426278860054,-0.4207172797271352,0,4.720705309559834,TRUE,133
P. vivax,model6,15013,Guamá,PA,2014,2,134,455970,0.21931267407943508,0.8306187353839117,-0.6113060613044766,0,4.282079961400965,TRUE,133
P. vivax,model6,15013,Guamá,PA,2014,3,135,455970,0.21931267407943508,0.8954910557819923,-0.6761783817025572,0,4.605566155668137,TRUE,133
P. vivax,model6,15014,Itaituba,PA,2014,1,133,213536,289.41255806983366,241.14046758757289,48.27209048226078,90.6053311853739,1216.2703244417798,TRUE,133
P. vivax,model6,15014,Itaituba,PA,2014,2,134,213536,256.16289524951293,206.34360592324913,49.8192893262638,83.01878840101904,1029.1824329387073,TRUE,133
P. vivax,model6,15014,Itaituba,PA,2014,3,135,213536,214.9520455567211,216.32630558712958,-1.374260030408493,91.47169563914282,1090.7060167840518,TRUE,133
P. vivax,model6,15015,Altamira,PA,2014,1,133,290730,45.74691294328071,20.56233327994524,25.184579663335473,9.794310872630962,97.06600626010382,TRUE,133
P. vivax,model6,15015,Altamira,PA,2014,2,134,290730,30.95655763079146,16.956962307442357,13.999595323349102,6.879235029064769,84.12444536167575,TRUE,133
P. vivax,model6,15015,Altamira,PA,2014,3,135,290730,26.141093110446118,13.60549185408742,12.535601256358698,3.6029993464726733,64.66480927320882,TRUE,133
P. vivax,model6,15016,Tucuruí,PA,2014,1,133,356928,11.486910525372064,11.847399511377729,-0.3604889860056648,4.055439752555138,59.37471983145049,TRUE,133
P. vivax,model6,15016,Tucuruí,PA,2014,2,134,356928,10.646404877174108,9.322384986953198,1.3240198902209102,2.5215169445938677,44.36468979738201,TRUE,133
P. vivax,model6,15016,Tucuruí,PA,2014,3,135,356928,13.167921821767976,7.519563685862989,5.648358135904987,1.53392280796127,39.39870225927915,TRUE,133
P. vivax,model6,15017,Paragominas,PA,2014,1,133,322755,2.478660284116435,6.1874500539255415,-3.7087897698091066,0.9294976065436632,31.32406934052142,TRUE,133
P. vivax,model6,15017,Paragominas,PA,2014,2,134,322755,1.5491626775727718,5.390992216385695,-3.841829538812923,1.076668060913077,28.22574398537588,TRUE,133
P. vivax,model6,15017,Paragominas,PA,2014,3,135,322755,0.9294976065436632,4.584797527461216,-3.6552999209175527,0.45700298988396815,21.85093956716394,TRUE,133
P. vivax,model6,15018,São Félix do Xingu,PA,2014,1,133,193850,4.642765024503482,0.4215877496661535,4.221177274837328,0,3.0951766830023217,FALSE,133
P. vivax,model6,15018,São Félix do Xingu,PA,2014,2,134,193850,18.571060098013927,0.433418667734721,18.137641430279206,0,3.0951766830023217,FALSE,133
P. vivax,model6,15018,São Félix do Xingu,PA,2014,3,135,193850,17.539334537013154,0.5942090379794163,16.945125499033736,0,4.642765024503482,FALSE,133
P. vivax,model6,15019,Parauapebas,PA,2014,1,133,292211,2.053310792543744,0.5654900329176499,1.4878207596260942,0,4.106621585087488,TRUE,133
P. vivax,model6,15019,Parauapebas,PA,2014,2,134,292211,0.6844369308479147,0.4550376951244058,0.2293992357235089,0,3.4221846542395737,TRUE,133
P. vivax,model6,15019,Parauapebas,PA,2014,3,135,292211,0.6844369308479147,0.38786555127071154,0.29657137957720314,0,2.9174124177392287,TRUE,133
P. vivax,model6,15020,Marabá,PA,2014,1,133,309469,2.2619389987365457,0.6819919051576718,1.5799470935788738,0,4.693523422378325,TRUE,133
P. vivax,model6,15020,Marabá,PA,2014,2,134,309469,2.2619389987365457,0.5530638909793785,1.7088751077571671,0,4.200743854796442,TRUE,133
P. vivax,model6,15020,Marabá,PA,2014,3,135,309469,0.969402428029948,0.5425460492662294,0.4268563787637186,0,3.724120994348376,TRUE,133
P. vivax,model6,15021,Redenção,PA,2014,1,133,188791,2.6484313341208003,0.8378071702206413,1.810624163900159,0,7.415607735538241,TRUE,133
P. vivax,model6,15021,Redenção,PA,2014,2,134,188791,4.237490134593281,0.7700851608790275,3.4674049737142534,0,4.767176401417441,TRUE,133
P. vivax,model6,15021,Redenção,PA,2014,3,135,188791,5.296862668241601,0.7444641976461075,4.552398470595493,0,4.767176401417441,FALSE,133
P. vivax,model6,15022,Conceição do Araguaia,PA,2014,1,133,149806,0,0.20757783471931687,-0.20757783471931687,0,2.6701200218949843,TRUE,133
P. vivax,model6,15022,Conceição do Araguaia,PA,2014,2,134,149806,0.6675300054737461,0.2229773387915645,0.4445526666821816,0,2.3530432692949397,TRUE,133
P. vivax,model6,15022,Conceição do Araguaia,PA,2014,3,135,149806,0.6675300054737461,0.25353930956340637,0.4139906959103397,0,2.6701200218949843,TRUE,133
P. vivax,model6,16001,Oiapoque,AP,2014,1,133,33607,785.5506293331746,683.1484544932074,102.40217483996719,286.77061326509363,3509.3879251346434,TRUE,133
P. vivax,model6,16001,Oiapoque,AP,2014,2,134,33607,586.187401434225,511.0361997936495,75.1512016405755,132.33850090754902,2700.404677596929,TRUE,133
P. vivax,model6,16001,Oiapoque,AP,2014,3,135,33607,428.4821614544589,524.4811379900478,-95.99897653558895,217.21665129288542,2639.628648793406,TRUE,133
P. vivax,model6,16002,Amapá,AP,2014,1,133,27711,317.56342246761216,242.57479570691177,74.98862676070038,64.95615459564793,1176.6987838764371,TRUE,133
P. vivax,model6,16002,Amapá,AP,2014,2,134,27711,176.82508751037494,238.1688518062133,-61.343764295838355,73.88762585254953,1173.7216267908043,TRUE,133
P. vivax,model6,16002,Amapá,AP,2014,3,135,27711,191.25978853163002,214.14222005120297,-22.882431519572947,81.10497636317709,1079.8960701526462,TRUE,133
P. vivax,model6,16003,Macapá,AP,2014,1,133,611615,99.73594499807885,68.93755144514462,30.79839355293423,30.75055386149784,306.71664364019784,TRUE,133
P. vivax,model6,16003,Macapá,AP,2014,2,134,611615,78.80774670340001,55.186162987190265,23.62158371620975,23.76903771163232,232.76898048608984,TRUE,133
P. vivax,model6,16003,Macapá,AP,2014,3,135,611615,52.48399728587428,43.55231030728573,8.931686978588552,18.226335194525966,184.32755900362142,TRUE,133
P. vivax,model6,16004,Mazagão,AP,2014,1,133,77979,292.386411726234,187.09100136365825,105.29541036257572,67.16551892176099,945.7033303838207,TRUE,133
P. vivax,model6,16004,Mazagão,AP,2014,2,134,77979,192.35948139883814,153.44680677917466,38.91267461966348,50.6226035214609,769.4058656817856,TRUE,133
P. vivax,model6,16004,Mazagão,AP,2014,3,135,77979,157.73477474704728,151.78949501838594,5.9452797286613475,53.123276779645806,700.3488118596001,TRUE,133
P. vivax,model6,17001,Bico do Papagaio,TO,2014,1,133,209048,0,0.9225658054341005,-0.9225658054341005,0,6.948165014733448,TRUE,133
P. vivax,model6,17001,Bico do Papagaio,TO,2014,2,134,209048,0,0.8424157054944795,-0.8424157054944795,0,5.74030844590716,TRUE,133
P. vivax,model6,17001,Bico do Papagaio,TO,2014,3,135,209048,1.91343614863572,0.787951395997203,1.125484752638517,0,5.991446940415587,TRUE,133
P. vivax,model6,17002,Araguaína,TO,2014,1,133,302864,0.6603624068889006,0.1618771510935982,0.49848525579530234,0,1.6509060172222514,TRUE,133
P. vivax,model6,17002,Araguaína,TO,2014,2,134,302864,0,0.14189718582482252,-0.14189718582482252,0,1.3207248137778012,TRUE,133
P. vivax,model6,17002,Araguaína,TO,2014,3,135,302864,0.6603624068889006,0.13303457158913123,0.5273278352997693,0,1.3207248137778012,TRUE,133
P. vivax,model6,17003,Miracema do Tocantins,TO,2014,1,133,148107,0,0.05187958367813032,-0.05187958367813032,0,0.6751875333373845,TRUE,133
P. vivax,model6,17003,Miracema do Tocantins,TO,2014,2,134,148107,0,0.05189897043899553,-0.05189897043899553,0,0.6751875333373845,TRUE,133
P. vivax,model6,17003,Miracema do Tocantins,TO,2014,3,135,148107,0,0.054310856367639965,-0.054310856367639965,0,0.6751875333373845,TRUE,133
P. vivax,model6,17004,Rio Formoso,TO,2014,1,133,123649,0,0.22749089941169573,-0.22749089941169573,0,2.8508115714643685,TRUE,133
P. vivax,model6,17004,Rio Formoso,TO,2014,2,134,123649,0,0.23049662236507512,-0.23049662236507512,0,3.234963485349659,TRUE,133
P. vivax,model6,17004,Rio Formoso,TO,2014,3,135,123649,0,0.25114832409270216,-0.25114832409270216,0,2.4262226140122443,TRUE,133
P. vivax,model6,17005,Gurupi,TO,2014,1,133,146042,0,0.022898953499373223,-0.022898953499373223,0,0.6847345284233303,TRUE,133
P. vivax,model6,17005,Gurupi,TO,2014,2,134,146042,0,0.025100457781549918,-0.025100457781549918,0,0.6847345284233303,TRUE,133
P. vivax,model6,17005,Gurupi,TO,2014,3,135,146042,0,0.029595941504521044,-0.029595941504521044,0,0.6847345284233303,TRUE,133
P. vivax,model6,17006,Porto Nacional,TO,2014,1,133,366873,0.2725738879666806,0.2150422102586659,0.05753167770801468,0,1.6354433278000835,TRUE,133
P. vivax,model6,17006,Porto Nacional,TO,2014,2,134,366873,0,0.22682803004559046,-0.22682803004559046,0,1.9080172157667639,TRUE,133
P. vivax,model6,17006,Porto Nacional,TO,2014,3,135,366873,0,0.2615244057077007,-0.2615244057077007,0,2.1805911037334447,TRUE,133
P. vivax,model6,17007,Jalapão,TO,2014,1,133,77087,0,0.0027625433986261834,-0.0027625433986261834,0,0,TRUE,133
P. vivax,model6,17007,Jalapão,TO,2014,2,134,77087,0,0.002873283667263297,-0.002873283667263297,0,0,TRUE,133
P. vivax,model6,17007,Jalapão,TO,2014,3,135,77087,0,0.003382212330089423,-0.003382212330089423,0,0,TRUE,133
P. vivax,model6,17008,Dianópolis,TO,2014,1,133,123210,0,0.008451540334201237,-0.008451540334201237,0,0,TRUE,133
P. vivax,model6,17008,Dianópolis,TO,2014,2,134,123210,0,0.009700850604526334,-0.009700850604526334,0,0.42610177745311034,TRUE,133
P. vivax,model6,17008,Dianópolis,TO,2014,3,135,123210,0,0.012020136987508034,-0.012020136987508034,0,0.8116224332440548,TRUE,133
P. vivax,model6,21001,Litoral Ocidental Maranhense,MA,2014,1,133,186768,0,0.30695877181067244,-0.30695877181067244,0,2.6771181358690996,TRUE,133
P. vivax,model6,21001,Litoral Ocidental Maranhense,MA,2014,2,134,186768,0,0.2627514860885354,-0.2627514860885354,0,2.6771181358690996,TRUE,133
P. vivax,model6,21001,Litoral Ocidental Maranhense,MA,2014,3,135,186768,0,0.3746677183429688,-0.3746677183429688,0,2.9582155401353427,TRUE,133
P. vivax,model6,21002,Aglomeração Urbana de São Luís,MA,2014,1,133,1381459,0,0.0907440521210958,-0.0907440521210958,0,0.7618756691295201,TRUE,133
P. vivax,model6,21002,Aglomeração Urbana de São Luís,MA,2014,2,134,1381459,0.07238723697192606,0.09049005851418353,-0.018102821542257466,0,0.7238723697192606,TRUE,133
P. vivax,model6,21002,Aglomeração Urbana de São Luís,MA,2014,3,135,1381459,0.07238723697192606,0.12038597732918219,-0.047998740357256126,0,0.9066501430733722,TRUE,133
P. vivax,model6,21003,Rosário,MA,2014,1,133,170773,0,0.237555934003237,-0.237555934003237,0,2.3422906431344535,TRUE,133
P. vivax,model6,21003,Rosário,MA,2014,2,134,170773,0,0.2299256700915212,-0.2299256700915212,0,1.7567179823508399,TRUE,133
P. vivax,model6,21003,Rosário,MA,2014,3,135,170773,0,0.30166153026292825,-0.30166153026292825,0,2.3422906431344535,TRUE,133
P. vivax,model6,21004,Lençóis Maranhenses,MA,2014,1,133,189098,0,0.03910044350367276,-0.03910044350367276,0,0.5288263228590466,TRUE,133
P. vivax,model6,21004,Lençóis Maranhenses,MA,2014,2,134,189098,0,0.0530463842986119,-0.0530463842986119,0,1.0576526457180933,TRUE,133
P. vivax,model6,21004,Lençóis Maranhenses,MA,2014,3,135,189098,0,0.08634793172332861,-0.08634793172332861,0,1.0576526457180933,TRUE,133
P. vivax,model6,21005,Baixada Maranhense,MA,2014,1,133,585881,3.072296251286524,3.074097923037691,-0.0018016717511666336,0.34136625014294714,16.031412522338087,TRUE,133
P. vivax,model6,21005,Baixada Maranhense,MA,2014,2,134,585881,1.536148125643262,2.49434194077299,-0.958193815129728,0.42244073455189735,10.582353754431361,TRUE,133
P. vivax,model6,21005,Baixada Maranhense,MA,2014,3,135,585881,2.5602468760721036,2.6300898126133494,-0.06984293654124585,0.42244073455189735,12.899377177276602,TRUE,133
P. vivax,model6,21006,Itapecuru Mirim,MA,2014,1,133,226672,0,0.2423474645550183,-0.2423474645550183,0,2.2058304510482105,TRUE,133
P. vivax,model6,21006,Itapecuru Mirim,MA,2014,2,134,226672,0,0.2900228545389079,-0.2900228545389079,0,2.646996541257853,TRUE,133
P. vivax,model6,21006,Itapecuru Mirim,MA,2014,3,135,226672,1.3234982706289264,0.47082472088550387,0.8526735497434226,0,3.529328721677137,TRUE,133
P. vivax,model6,21007,Gurupi,MA,2014,1,133,233474,5.996385036449455,5.314322980415799,0.6820620560336561,0.42831321688924673,25.067031018443156,TRUE,133
P. vivax,model6,21007,Gurupi,MA,2014,2,134,233474,3.426505735113974,5.261303995545141,-1.8347982604311674,0.6317619949116395,28.921849970446377,TRUE,133
P. vivax,model6,21007,Gurupi,MA,2014,3,135,233474,4.7114453857817145,6.731576133080825,-2.0201307472991106,1.2849396506677402,31.491729271781857,TRUE,133
P. vivax,model6,21008,Pindaré,MA,2014,1,133,648120,14.50348700857866,5.7846974191556795,8.718789589422979,2.31438622477319,28.1622230451151,TRUE,133
P. vivax,model6,21008,Pindaré,MA,2014,2,134,648120,8.640375239153244,5.0026629135715615,3.637712325581682,1.461920631981732,22.989569832747023,TRUE,133
P. vivax,model6,21008,Pindaré,MA,2014,3,135,648120,8.023205579213725,5.439685504682049,2.583520074531676,2.0058013948034312,27.69934580016046,TRUE,133
P. vivax,model6,21009,Imperatriz,MA,2014,1,133,583526,1.8850916668666007,1.1868829903620668,0.6982086765045339,0,6.08798922413054,TRUE,133
P. vivax,model6,21009,Imperatriz,MA,2014,2,134,583526,1.8850916668666007,1.0203260983096645,0.8647655685569362,0,5.655275000599802,TRUE,133
P. vivax,model6,21009,Imperatriz,MA,2014,3,135,583526,1.713719697151455,0.9903741814179116,0.7233455157335434,0,5.582441913470854,TRUE,133
P. vivax,model6,21010,Médio Mearim,MA,2014,1,133,415623,2.4060266154664203,1.5547445089831209,0.8512821064832994,0,7.699285169492545,TRUE,133
P. vivax,model6,21010,Médio Mearim,MA,2014,2,134,415623,1.9248212923731363,1.47372745154368,0.45109384082945625,0,8.30680688989781,TRUE,133
P. vivax,model6,21010,Médio Mearim,MA,2014,3,135,415623,1.6842186308264944,1.7096351733622375,-0.025416542535743103,0,10.105311784958964,TRUE,133
P. vivax,model6,21011,Alto Mearim e Grajaú,MA,2014,1,133,323562,6.490255345188865,4.905887082948811,1.5843682622400541,0.30905977834232695,34.92375495268295,TRUE,133
P. vivax,model6,21011,Alto Mearim e Grajaú,MA,2014,2,134,323562,6.181195566846539,4.2247128574593065,1.9564827093872328,0.4558631730549327,26.741397321069837,TRUE,133
P. vivax,model6,21011,Alto Mearim e Grajaú,MA,2014,3,135,323562,7.417434680215846,4.3077458049803665,3.10968887523548,0.9271793350269808,30.156507871752535,TRUE,133
P. vivax,model6,21012,Presidente Dutra,MA,2014,1,133,194658,3.5960505090980077,0.7535187665132889,2.8425317425847187,0,5.137215012997154,TRUE,133
P. vivax,model6,21012,Presidente Dutra,MA,2014,2,134,194658,1.5411645038991462,0.7244548272249888,0.8167096766741574,0,5.137215012997154,TRUE,133
P. vivax,model6,21012,Presidente Dutra,MA,2014,3,135,194658,1.5411645038991462,0.8766850586608838,0.6644794452382624,0,5.137215012997154,TRUE,133
P. vivax,model6,21013,Baixo Parnaíba Maranhense,MA,2014,1,133,141167,1.4167617077645627,0.6884595796203508,0.7283021281442119,0,5.330565925464151,TRUE,133
P. vivax,model6,21013,Baixo Parnaíba Maranhense,MA,2014,2,134,141167,1.4167617077645627,0.6476123565735487,0.769149351191014,0,4.622185071581869,TRUE,133
P. vivax,model6,21013,Baixo Parnaíba Maranhense,MA,2014,3,135,141167,0.7083808538822813,0.6821301619266436,0.026250691955637784,0,5.667046831058251,TRUE,133
P. vivax,model6,21014,Chapadinha,MA,2014,1,133,236667,0.8450692322968558,0.17430101305478451,0.6707682192420713,0,1.6901384645937116,TRUE,133
P. vivax,model6,21014,Chapadinha,MA,2014,2,134,236667,0.8450692322968558,0.16051849943455873,0.6845507328622971,0,1.489434521923199,TRUE,133
P. vivax,model6,21014,Chapadinha,MA,2014,3,135,236667,0.4225346161484279,0.16725664912362212,0.25527796702480576,0,2.1126730807421397,TRUE,133
P. vivax,model6,21015,Codó,MA,2014,1,133,271051,16.233107422588372,0.6667722387966587,15.566335183791713,0,4.427211115251374,FALSE,133
P. vivax,model6,21015,Codó,MA,2014,2,134,271051,7.7476194516899035,0.6554270977862088,7.092192353903695,0,4.2519673419393325,FALSE,133
P. vivax,model6,21015,Codó,MA,2014,3,135,271051,3.689342596042811,0.8463220219322165,2.8430205741105947,0,6.6592633858572565,TRUE,133
P. vivax,model6,21016,Coelho Neto,MA,2014,1,133,90879,0,0.16681059605653276,-0.16681059605653276,0,2.2007284411140087,TRUE,133
P. vivax,model6,21016,Coelho Neto,MA,2014,2,134,90879,0,0.14372714808504056,-0.14372714808504056,0,2.2007284411140087,TRUE,133
P. vivax,model6,21016,Coelho Neto,MA,2014,3,135,90879,0,0.13360366591748063,-0.13360366591748063,0,2.2007284411140087,TRUE,133
P. vivax,model6,21017,Caxias,MA,2014,1,133,431688,1.8531902670447173,0.25473975781983105,1.5984505092248864,0,1.6215414836641278,FALSE,133
P. vivax,model6,21017,Caxias,MA,2014,2,134,431688,2.7797854005670763,0.2433642148286428,2.5364211857384333,0,1.743157094938932,FALSE,133
P. vivax,model6,21017,Caxias,MA,2014,3,135,431688,1.3898927002835382,0.2682477700665465,1.1216449302169917,0,2.084839050425307,TRUE,133
P. vivax,model6,21018,Chapadas do Alto Itapecuru,MA,2014,1,133,215316,0,0.399070645271067,-0.399070645271067,0,3.2510356870831707,TRUE,133
P. vivax,model6,21018,Chapadas do Alto Itapecuru,MA,2014,2,134,215316,0.4644336695833101,0.31212280000178383,0.1523108695815263,0,3.2510356870831707,TRUE,133
P. vivax,model6,21018,Chapadas do Alto Itapecuru,MA,2014,3,135,215316,0.4644336695833101,0.31037938035065576,0.15405428923265435,0,3.2510356870831707,TRUE,133
P. vivax,model6,21019,Porto Franco,MA,2014,1,133,116059,0.8616307223050345,0.5521502056684763,0.3094805166365582,0,6.031415056135241,TRUE,133
P. vivax,model6,21019,Porto Franco,MA,2014,2,134,116059,0.8616307223050345,0.45771802608351314,0.4039126962215213,0,3.446522889220138,TRUE,133
P. vivax,model6,21019,Porto Franco,MA,2014,3,135,116059,0.8616307223050345,0.44929863474090487,0.4123320875641296,0,3.446522889220138,TRUE,133
P. vivax,model6,21020,Gerais de Balsas,MA,2014,1,133,138048,0,0.00893542830578614,-0.00893542830578614,0,0.7243857209086694,TRUE,133
P. vivax,model6,21020,Gerais de Balsas,MA,2014,2,134,138048,0,0.008193984706039836,-0.008193984706039836,0,0,TRUE,133
P. vivax,model6,21020,Gerais de Balsas,MA,2014,3,135,138048,0,0.009093507468054866,-0.009093507468054866,0,0,TRUE,133
P. vivax,model6,21021,Chapadas das Mangabeiras,MA,2014,1,133,70395,0,0.04879520223618787,-0.04879520223618787,0,1.420555437175936,TRUE,133
P. vivax,model6,21021,Chapadas das Mangabeiras,MA,2014,2,134,70395,0,0.043506738199393276,-0.043506738199393276,0,1.420555437175936,TRUE,133
P. vivax,model6,21021,Chapadas das Mangabeiras,MA,2014,3,135,70395,0,0.0506556319273247,-0.0506556319273247,0,1.420555437175936,TRUE,133
P. vivax,model6,51001,Aripuanã,MT,2014,1,133,152295,38.08398174595358,11.068742669313249,27.01523907664033,1.9698611247907023,58.7839390656292,TRUE,133
P. vivax,model6,51001,Aripuanã,MT,2014,2,134,152295,17.72875012311632,9.784349601290465,7.944400521825855,0.6566203749302341,59.7524541186513,TRUE,133
P. vivax,model6,51001,Aripuanã,MT,2014,3,135,152295,12.475787123674447,9.982775349803589,2.493011773870858,1.9698611247907023,60.753800190419895,TRUE,133
P. vivax,model6,51002,Alta Floresta,MT,2014,1,133,102328,25.408490344773668,21.79130656520508,3.617183779568588,4.886248143225706,106.5690720037526,TRUE,133
P. vivax,model6,51002,Alta Floresta,MT,2014,2,134,102328,15.635994058322257,15.032720296771222,0.6032737615510353,1.9544992572902822,70.41083574388239,TRUE,133
P. vivax,model6,51002,Alta Floresta,MT,2014,3,135,102328,13.681494801031976,12.318786309057408,1.3627084919745673,0.4641935736064434,57.65772809006332,TRUE,133
P. vivax,model6,51003,Colíder,MT,2014,1,133,148564,10.769769257693653,5.69334786446929,5.076421393224363,0.6731105786058533,29.970248512425606,TRUE,133
P. vivax,model6,51003,Colíder,MT,2014,2,134,148564,6.057995207452681,4.620574984528452,1.4374202229242288,0,23.23914272636707,TRUE,133
P. vivax,model6,51003,Colíder,MT,2014,3,135,148564,8.750437521876094,4.632703222383353,4.117734299492741,0,23.592525780135134,TRUE,133
P. vivax,model6,51004,Parecis,MT,2014,1,133,99190,4.032664583123299,0.9634454888022008,3.069219094321098,0,6.048996874684948,TRUE,133
P. vivax,model6,51004,Parecis,MT,2014,2,134,99190,1.0081661457808246,1.0687308444263404,-0.060564698645515724,0,7.057163020465773,TRUE,133
P. vivax,model6,51004,Parecis,MT,2014,3,135,99190,1.0081661457808246,1.3564813727653986,-0.34831522698457396,0,10.081661457808247,TRUE,133
P. vivax,model6,51005,Arinos,MT,2014,1,133,78503,0,0.11554707928016152,-0.11554707928016152,0,1.2738366686623441,TRUE,133
P. vivax,model6,51005,Arinos,MT,2014,2,134,78503,0,0.09694933097632322,-0.09694933097632322,0,1.2738366686623441,TRUE,133
P. vivax,model6,51005,Arinos,MT,2014,3,135,78503,0,0.10983460921838377,-0.10983460921838377,0,2.5476733373246883,TRUE,133
P. vivax,model6,51006,Alto Teles Pires,MT,2014,1,133,223705,0.44701727721776446,0.2892591737052326,0.1577581035125319,0,2.235086386088822,TRUE,133
P. vivax,model6,51006,Alto Teles Pires,MT,2014,2,134,223705,1.3410518316532933,0.28320320609103505,1.0578486255622583,0,2.235086386088822,TRUE,133
P. vivax,model6,51006,Alto Teles Pires,MT,2014,3,135,223705,1.3410518316532933,0.28333977040814035,1.057712061245153,0,2.235086386088822,TRUE,133
P. vivax,model6,51007,Sinop,MT,2014,1,133,187978,0.5319771462617966,1.1594507893517978,-0.6274736430900012,0,7.979657193926949,TRUE,133
P. vivax,model6,51007,Sinop,MT,2014,2,134,187978,1.59593143878539,1.1119457389323342,0.48398569985305584,0,7.979657193926949,TRUE,133
P. vivax,model6,51007,Sinop,MT,2014,3,135,187978,0.5319771462617966,1.1792050108617163,-0.6472278645999197,0,9.322899488237974,TRUE,133
P. vivax,model6,51008,Paranatinga,MT,2014,1,133,34407,0,0.04193062998654803,-0.04193062998654803,0,2.9063853285668615,TRUE,133
P. vivax,model6,51008,Paranatinga,MT,2014,2,134,34407,0,0.03578987444493434,-0.03578987444493434,0,1.5258522974975361,TRUE,133
P. vivax,model6,51008,Paranatinga,MT,2014,3,135,34407,0,0.035477019145173955,-0.035477019145173955,0,2.9063853285668615,TRUE,133
P. vivax,model6,51009,Norte Araguaia,MT,2014,1,133,121056,0,0.02021647164198501,-0.02021647164198501,0,0.8260639703938673,TRUE,133
P. vivax,model6,51009,Norte Araguaia,MT,2014,2,134,121056,0,0.018104611717011488,-0.018104611717011488,0,0.8260639703938673,TRUE,133
P. vivax,model6,51009,Norte Araguaia,MT,2014,3,135,121056,0,0.02155973867409187,-0.02155973867409187,0,0.8260639703938673,TRUE,133
P. vivax,model6,51010,Canarana,MT,2014,1,133,106676,0,0.07343960789293637,-0.07343960789293637,0,0.9374179759271064,TRUE,133
P. vivax,model6,51010,Canarana,MT,2014,2,134,106676,0,0.07415290800931135,-0.07415290800931135,0,0.9374179759271064,TRUE,133
P. vivax,model6,51010,Canarana,MT,2014,3,135,106676,0,0.06727747268632348,-0.06727747268632348,0,0.9374179759271064,TRUE,133
P. vivax,model6,51011,Médio Araguaia,MT,2014,1,133,66734,0,0.03450634022246996,-0.03450634022246996,0,1.4984865286061078,TRUE,133
P. vivax,model6,51011,Médio Araguaia,MT,2014,2,134,66734,0,0.025690696055396575,-0.025690696055396575,0,1.4984865286061078,TRUE,133
P. vivax,model6,51011,Médio Araguaia,MT,2014,3,135,66734,0,0.024241318673615266,-0.024241318673615266,0,0,TRUE,133
P. vivax,model6,51012,Alto Guaporé,MT,2014,1,133,70719,0,0.23865135486443967,-0.23865135486443967,0,3.5704690394377425,TRUE,133
P. vivax,model6,51012,Alto Guaporé,MT,2014,2,134,70719,0,0.20302485224876735,-0.20302485224876735,0,2.8280942886635843,TRUE,133
P. vivax,model6,51012,Alto Guaporé,MT,2014,3,135,70719,0,0.2073725484239666,-0.2073725484239666,0,2.8280942886635843,TRUE,133
P. vivax,model6,51013,Tangará da Serra,MT,2014,1,133,156519,0,0.3069676957797259,-0.3069676957797259,0,2.5556002785604304,TRUE,133
P. vivax,model6,51013,Tangará da Serra,MT,2014,2,134,156519,0,0.29072826239784366,-0.29072826239784366,0,2.5556002785604304,TRUE,133
P. vivax,model6,51013,Tangará da Serra,MT,2014,3,135,156519,0,0.3147956212314545,-0.3147956212314545,0,2.5556002785604304,TRUE,133
P. vivax,model6,51014,Jauru,MT,2014,1,133,107828,0,0.08959986620843884,-0.08959986620843884,0,1.8548058018325482,TRUE,133
P. vivax,model6,51014,Jauru,MT,2014,2,134,107828,0,0.06835615210878362,-0.06835615210878362,0,0.9274029009162741,TRUE,133
P. vivax,model6,51014,Jauru,MT,2014,3,135,107828,0,0.06104990231814431,-0.06104990231814431,0,0.9274029009162741,TRUE,133
P. vivax,model6,51015,Alto Paraguai,MT,2014,1,133,32657,0,0.04929573206577944,-0.04929573206577944,0,0,TRUE,133
P. vivax,model6,51015,Alto Paraguai,MT,2014,2,134,32657,0,0.04033788833164629,-0.04033788833164629,0,3.062130630492697,TRUE,133
P. vivax,model6,51015,Alto Paraguai,MT,2014,3,135,32657,0,0.04430936724925965,-0.04430936724925965,0,3.062130630492697,TRUE,133
P. vivax,model6,51016,Rosário Oeste,MT,2014,1,133,30560,0,0.02844766034846123,-0.02844766034846123,0,0,TRUE,133
P. vivax,model6,51016,Rosário Oeste,MT,2014,2,134,30560,0,0.023871233894102083,-0.023871233894102083,0,0,TRUE,133
P. vivax,model6,51016,Rosário Oeste,MT,2014,3,135,30560,0,0.027549793858777927,-0.027549793858777927,0,1.7179319371727007,TRUE,133
P. vivax,model6,51017,Cuiabá,MT,2014,1,133,890277,0.22464918222081443,0.16750432245964755,0.05714485976116687,0,1.069891730326626,TRUE,133
P. vivax,model6,51017,Cuiabá,MT,2014,2,134,890277,0.6739475466624433,0.13179364881285835,0.5421538978495849,0,1.0109213199936649,TRUE,133
P. vivax,model6,51017,Cuiabá,MT,2014,3,135,890277,0.22464918222081443,0.1339826281314707,0.09066655408934374,0,0.7862721377728504,TRUE,133
P. vivax,model6,51018,Alto Pantanal,MT,2014,1,133,134727,0,0.09311949813794901,-0.09311949813794901,0,1.484483436876053,TRUE,133
P. vivax,model6,51018,Alto Pantanal,MT,2014,2,134,134727,0,0.08534246427311903,-0.08534246427311903,0,0.7422417184380266,TRUE,133
P. vivax,model6,51018,Alto Pantanal,MT,2014,3,135,134727,0,0.0938542244896105,-0.0938542244896105,0,0.7422417184380266,TRUE,133
P. vivax,model6,51019,Primavera do Leste,MT,2014,1,133,93250,0,0.17807958003546473,-0.17807958003546473,0,2.1447721179624666,TRUE,133
P. vivax,model6,51019,Primavera do Leste,MT,2014,2,134,93250,0,0.152416487636793,-0.152416487636793,0,2.1447721179624666,TRUE,133
P. vivax,model6,51019,Primavera do Leste,MT,2014,3,135,93250,0,0.15771859187504048,-0.15771859187504048,0,2.1447721179624666,TRUE,133
P. vivax,model6,51020,Tesouro,MT,2014,1,133,54544,0,0.030924485073882728,-0.030924485073882728,0,0.9625256673510877,TRUE,133
P. vivax,model6,51020,Tesouro,MT,2014,2,134,54544,0,0.028521728529362796,-0.028521728529362796,0,1.8333822235259607,TRUE,133
P. vivax,model6,51020,Tesouro,MT,2014,3,135,54544,0,0.030280925989247993,-0.030280925989247993,0,1.8333822235259607,TRUE,133
P. vivax,model6,51021,Rondonópolis,MT,2014,1,133,294225,0.33987594527997284,0.4632294885633595,-0.12335354328338666,0,3.0588835075197554,TRUE,133
P. vivax,model6,51021,Rondonópolis,MT,2014,2,134,294225,0,0.41346744000910907,-0.41346744000910907,0,3.0588835075197554,TRUE,133
P. vivax,model6,51021,Rondonópolis,MT,2014,3,135,294225,0,0.4078737523031304,-0.4078737523031304,0,3.0588835075197554,TRUE,133
P. vivax,model6,51022,Alto Araguaia,MT,2014,1,133,37615,0,0.004356025829867391,-0.004356025829867391,0,0,TRUE,133
P. vivax,model6,51022,Alto Araguaia,MT,2014,2,134,37615,0,0.004174117086723164,-0.004174117086723164,0,0,TRUE,133
P. vivax,model6,51022,Alto Araguaia,MT,2014,3,135,37615,0,0.004536351830768679,-0.004536351830768679,0,0,TRUE,133
P. vivax,model6,11001,Porto Velho,RO,2015,1,145,637530,66.34981883205496,82.89351362230035,-16.543694790245382,30.018195222185625,369.621821718193,TRUE,145
P. vivax,model6,11001,Porto Velho,RO,2015,2,146,637530,57.87962919392029,67.5975417178067,-9.717912523886419,23.86162219817107,290.01772465609446,TRUE,145
P. vivax,model6,11001,Porto Velho,RO,2015,3,147,637530,67.44780637773908,73.01499497571352,-5.567188597974436,25.71643687355889,312.8048876131318,TRUE,145
P. vivax,model6,11002,Guajará-Mirim,RO,2015,1,145,82285,59.54912803062527,44.31855808339574,15.230569947229526,10.299568572643862,234.5506471410342,TRUE,145
P. vivax,model6,11002,Guajará-Mirim,RO,2015,2,146,82285,36.45864981466853,36.945028765332445,-0.48637895066391224,10.876830528042781,185.483380932126,TRUE,145
P. vivax,model6,11002,Guajará-Mirim,RO,2015,3,147,82285,47.39624475906909,41.41868042465932,5.97756433440977,10.93759494440056,225.52713131190364,TRUE,145
P. vivax,model6,11003,Ariquemes,RO,2015,1,145,198611,19.132877836575013,42.91752658368006,-23.784648747105045,16.111897125536853,206.77354225093265,TRUE,145
P. vivax,model6,11003,Ariquemes,RO,2015,2,146,198611,34.237781391765814,36.226007795261296,-1.9882264034954815,13.330077387455882,182.34136075041152,TRUE,145
P. vivax,model6,11003,Ariquemes,RO,2015,3,147,198611,25.67833604382436,36.676564804718865,-10.998228760894506,11.819587031936802,183.85185110593062,TRUE,145
P. vivax,model6,11004,Ji-Paraná,RO,2015,1,145,316823,5.997039356359861,6.637313850046819,-0.6402744936869587,1.893801902008377,37.1106264381058,TRUE,145
P. vivax,model6,11004,Ji-Paraná,RO,2015,2,146,316823,2.8407028530125653,5.25909700359821,-2.418394150585645,1.2625346013389178,25.88195932744782,TRUE,145
P. vivax,model6,11004,Ji-Paraná,RO,2015,3,147,316823,6.62830665702932,5.5194199902745895,1.1088866667547306,0.9469009510041885,31.594928398506397,TRUE,145
P. vivax,model6,11005,Alvorada D'Oeste,RO,2015,1,145,75169,0,9.38213408956597,-9.38213408956597,0,45.92983809815213,TRUE,145
P. vivax,model6,11005,Alvorada D'Oeste,RO,2015,2,146,75169,6.6516782184145065,7.403254203644758,-0.7515759852302519,0,35.28715294868893,TRUE,145
P. vivax,model6,11005,Alvorada D'Oeste,RO,2015,3,147,75169,10.64268514946321,7.91673820642663,2.72594694303658,0,41.93883116710343,TRUE,145
P. vivax,model6,11006,Cacoal,RO,2015,1,145,248619,4.826662483559181,5.066787749450018,-0.24012526589083727,0.4022218736299317,27.562253890491064,TRUE,145
P. vivax,model6,11006,Cacoal,RO,2015,2,146,248619,7.642215598968703,4.471477466594176,3.1707381323745274,0.4022218736299317,27.16003201686113,TRUE,145
P. vivax,model6,11006,Cacoal,RO,2015,3,147,248619,6.8377718517088395,5.4213146024418855,1.416457249266954,0.19105538997421814,30.60908458323777,TRUE,145
P. vivax,model6,11007,Vilhena,RO,2015,1,145,154743,5.1698622877933085,4.708213175563688,0.4616491122296207,0,28.12728200952546,TRUE,145
P. vivax,model6,11007,Vilhena,RO,2015,2,146,154743,3.877396715844982,4.216134069890767,-0.3387373540457852,0,28.12728200952546,TRUE,145
P. vivax,model6,11007,Vilhena,RO,2015,3,147,154743,3.2311639298708177,4.807374833831506,-1.5762109039606886,0,25.20307865299238,TRUE,145
P. vivax,model6,11008,Colorado do Oeste,RO,2015,1,145,54424,3.6748493311774215,2.2647482214899504,1.4101011096874712,0,15.664045274143717,TRUE,145
P. vivax,model6,11008,Colorado do Oeste,RO,2015,2,146,54424,0,1.7965415463331489,-1.7965415463331489,0,13.826620608555007,TRUE,145
P. vivax,model6,11008,Colorado do Oeste,RO,2015,3,147,54424,0,1.8276473134154119,-1.8276473134154119,0,13.826620608555007,TRUE,145
P. vivax,model6,12001,Cruzeiro do Sul,AC,2015,1,145,143320,1263.6059168294726,1127.5120239083428,136.09389292112974,501.1687133686855,4899.403432877476,TRUE,145
P. vivax,model6,12001,Cruzeiro do Sul,AC,2015,2,146,143320,962.8802679319006,837.0655546737336,125.81471325816699,379.2038794306447,3769.6936924365054,TRUE,145
P. vivax,model6,12001,Cruzeiro do Sul,AC,2015,3,147,143320,894.5018141222439,836.79601617164235,57.70579795060155,378.52358358917115,3861.5510745185584,TRUE,145
P. vivax,model6,12002,Tarauacá,AC,2015,1,145,78713,40.6540215720402,77.84109287567478,-37.187071303634575,29.823536137613864,382.8783047272994,TRUE,145
P. vivax,model6,12002,Tarauacá,AC,2015,2,146,78713,24.13832530839887,59.74195820123159,-35.60363289283272,19.660030744603816,269.4599367321788,TRUE,145
P. vivax,model6,12002,Tarauacá,AC,2015,3,147,78713,19.05657261189384,59.266516068384625,-40.209943456490784,21.597448960146355,298.68001473708273,FALSE,145
P. vivax,model6,12003,Sena Madureira,AC,2015,1,145,56200,0,1.2338335182480538,-1.2338335182480538,0,10.676156583629894,TRUE,145
P. vivax,model6,12003,Sena Madureira,AC,2015,2,146,56200,0,1.1499057770471677,-1.1499057770471677,0,8.896797153024911,TRUE,145
P. vivax,model6,12003,Sena Madureira,AC,2015,3,147,56200,0,1.1431476816348642,-1.1431476816348642,0,10.676156583629894,TRUE,145
P. vivax,model6,12004,Rio Branco,AC,2015,1,145,460354,16.074586079408455,11.145762764267243,4.928823315141212,3.567906437220053,61.94146243977457,TRUE,145
P. vivax,model6,12004,Rio Branco,AC,2015,2,146,460354,13.250672308701565,9.355903970096175,3.89476833860539,3.2583620431233355,53.50230474808511,TRUE,145
P. vivax,model6,12004,Rio Branco,AC,2015,3,147,460354,13.467896444909787,11.2784450722066,2.1894513727031875,3.910034451748002,57.17339265000409,TRUE,145
P. vivax,model6,12005,Brasiléia,AC,2015,1,145,64926,3.0804300280319135,2.3185433982481927,0.7618866297837208,0,18.48258016819148,TRUE,145
P. vivax,model6,12005,Brasiléia,AC,2015,2,146,64926,1.5402150140159567,1.6364932765546332,-0.09627826253867644,0,14.67054800850195,TRUE,145
P. vivax,model6,12005,Brasiléia,AC,2015,3,147,64926,1.5402150140159567,1.466130647602688,0.07408436641326865,0,13.86193512614361,TRUE,145
P. vivax,model6,13001,Rio Negro,AM,2015,1,145,110602,700.7106562268314,507.6307296273697,193.07992659946166,217.33332127809624,2184.2959440154773,TRUE,145
P. vivax,model6,13001,Rio Negro,AM,2015,2,146,110602,903.2386394459413,450.5971425437171,452.6414969022242,181.21281712808087,2003.0153161787252,TRUE,145
P. vivax,model6,13001,Rio Negro,AM,2015,3,147,110602,832.7155024321441,480.5821024462724,352.13339998587173,198.77579067286308,2271.7265510569423,TRUE,145
P. vivax,model6,13002,Japurá,AM,2015,1,145,23548,233.5654832682181,78.924817135123,154.64066613309507,21.233225751656192,391.11601834550663,TRUE,145
P. vivax,model6,13002,Japurá,AM,2015,2,146,23548,191.09903176490573,65.84464306946866,125.25438869543707,16.986580601324953,367.4409716324103,TRUE,145
P. vivax,model6,13002,Japurá,AM,2015,3,147,23548,191.09903176490573,82.83679894708492,108.26223281782082,16.986580601324953,505.98776966196647,TRUE,145
P. vivax,model6,13003,Alto Solimões,AM,2015,1,145,245521,197.13181357195515,115.8341706754523,81.29764289650285,40.30205155567141,514.9763156715716,TRUE,145
P. vivax,model6,13003,Alto Solimões,AM,2015,2,146,245521,220.75504742975144,156.92365940210564,63.8313880276458,56.40047083548862,759.1713132481539,TRUE,145
P. vivax,model6,13003,Alto Solimões,AM,2015,3,147,245521,298.9560974417667,209.64424693465577,89.31185050711093,83.18025749324906,985.0786694417178,TRUE,145
P. vivax,model6,13004,Juruá,AM,2015,1,145,144754,304.65479364991637,318.4835486368548,-13.828754986938407,122.79453417522143,1623.5820771792137,TRUE,145
P. vivax,model6,13004,Juruá,AM,2015,2,146,144754,442.12940575044564,300.7733723470159,141.35603340342976,118.06236787929868,1564.550893239562,TRUE,145
P. vivax,model6,13004,Juruá,AM,2015,3,147,144754,847.6449700871825,438.0680698043374,409.5769002828451,180.2368155629551,2153.878303881063,TRUE,145
P. vivax,model6,13005,Tefé,AM,2015,1,145,91110,200.8561080013171,159.9738907612373,40.8822172400798,60.88793765777631,824.0588299857308,TRUE,145
P. vivax,model6,13005,Tefé,AM,2015,2,146,91110,155.85555921413675,170.5858478524725,-14.730288638335765,71.86368126440567,875.9740972450873,TRUE,145
P. vivax,model6,13005,Tefé,AM,2015,3,147,91110,245.8566567884974,214.94635464259682,30.910302145900573,86.70837449237186,1081.7967292284052,TRUE,145
P. vivax,model6,13006,Coari,AM,2015,1,145,172058,66.25672738262678,49.22192948283967,17.034797899787108,14.442804170686632,256.1636192446729,TRUE,145
P. vivax,model6,13006,Coari,AM,2015,2,146,172058,86.59870508781923,57.66914369032943,28.9295613974898,19.36846877215823,270.0397540364295,TRUE,145
P. vivax,model6,13006,Coari,AM,2015,3,147,172058,74.39351846470376,72.78794136640812,1.6055770982956403,22.361645491636544,371.589812737565,TRUE,145
P. vivax,model6,13007,Manaus,AM,2015,1,145,2327732,38.191681860282884,33.35432118692296,4.837360673359925,12.607765842459527,153.71292743322675,TRUE,145
P. vivax,model6,13007,Manaus,AM,2015,2,146,2327732,29.556667176461897,29.8032319519764,-0.2465647755145035,12.040690251283223,135.1315357609896,TRUE,145
P. vivax,model6,13007,Manaus,AM,2015,3,147,2327732,34.96966145587207,32.312091580629186,2.657569875242885,13.4540832020181,147.3591031957286,TRUE,145
P. vivax,model6,13008,Rio Preto da Eva,AM,2015,1,145,63342,86.83022323261028,95.07155833790705,-8.24133510529677,29.167061349499544,434.78260869565156,TRUE,145
P. vivax,model6,13008,Rio Preto da Eva,AM,2015,2,146,63342,94.7238798901203,71.82541350483797,22.898466385282333,18.944775978024058,320.482460294907,TRUE,145
P. vivax,model6,13008,Rio Preto da Eva,AM,2015,3,147,63342,107.35373054213633,60.28795032973568,47.065780212400654,15.78731331502005,247.93975561238983,TRUE,145
P. vivax,model6,13009,Itacoatiara,AM,2015,1,145,171452,5.832536220049926,7.51057570178906,-1.678039481739134,1.1665072440099853,47.85595968550962,TRUE,145
P. vivax,model6,13009,Itacoatiara,AM,2015,2,146,171452,2.916268110024963,5.700761055743314,-2.784492945718351,0.5832536220049926,30.941604647364834,TRUE,145
P. vivax,model6,13009,Itacoatiara,AM,2015,3,147,171452,5.832536220049926,5.394857467082537,0.4376787529673889,0.2770454704523723,28.914798310897474,TRUE,145
P. vivax,model6,13010,Parintins,AM,2015,1,145,270186,50.33569466959798,23.63724457374248,26.6984500958555,8.142538843611439,122.28612881496437,TRUE,145
P. vivax,model6,13010,Parintins,AM,2015,2,146,270186,36.27130939426913,19.615300411910574,16.656008982358557,7.5781128555883726,103.05863368198189,TRUE,145
P. vivax,model6,13010,Parintins,AM,2015,3,147,270186,18.135654697134566,22.263540563183657,-4.127885866049091,5.921846431717409,117.5208930144419,TRUE,145
P. vivax,model6,13011,Boca do Acre,AM,2015,1,145,52876,132.38520311672593,154.0735582236788,-21.688355106952855,49.077086012557686,744.9031696800055,TRUE,145
P. vivax,model6,13011,Boca do Acre,AM,2015,2,146,52876,83.21355624479915,138.9407616508593,-55.727205406060136,52.85952038732128,699.0411528859972,TRUE,145
P. vivax,model6,13011,Boca do Acre,AM,2015,3,147,52876,88.88720780694455,170.7281396144604,-81.84093180751584,56.64195476208488,792.5145623723429,TRUE,145
P. vivax,model6,13012,Purus,AM,2015,1,145,76545,516.0363185054543,345.6269110376094,170.40940746784497,116.82670324645633,1819.909856946893,TRUE,145
P. vivax,model6,13012,Purus,AM,2015,2,146,76545,411.522633744856,363.82489585077866,47.69773789407736,138.90521915213276,2039.290613364687,TRUE,145
P. vivax,model6,13012,Purus,AM,2015,3,147,76545,617.9371611470377,578.6506096911455,39.28655145589221,211.44424848128557,3104.6116663400544,TRUE,145
P. vivax,model6,13013,Madeira,AM,2015,1,145,188610,65.74412809501086,57.047270772541985,8.69685732246888,19.590689783150417,274.9721647844758,TRUE,145
P. vivax,model6,13013,Madeira,AM,2015,2,146,188610,52.48926355972642,58.003039181561974,-5.513775621835556,18.53030062032766,316.7912623932981,TRUE,145
P. vivax,model6,13013,Madeira,AM,2015,3,147,188610,46.12692858278988,75.37696990540118,-29.250041322611303,26.231376915327928,384.57663962674286,TRUE,145
P. vivax,model6,14001,Boa Vista,RR,2015,1,145,359804,82.26701203988839,87.3394690242699,-5.0724569843815175,41.119609565207725,441.7891407544107,TRUE,145
P. vivax,model6,14001,Boa Vista,RR,2015,2,146,359804,73.3732810085491,67.59038993580248,5.782891072746622,26.201765405609727,309.28644484219177,TRUE,145
P. vivax,model6,14001,Boa Vista,RR,2015,3,147,359804,95.32967949216795,68.88327795091446,26.446401541253493,25.555580260363975,326.323498349101,TRUE,145
P. vivax,model6,14002,Nordeste de Roraima,RR,2015,1,145,47524,96.7931992256544,98.1148786005645,-1.3216793749100901,36.770894705832845,504.1137109670902,TRUE,145
P. vivax,model6,14002,Nordeste de Roraima,RR,2015,2,146,47524,65.2301994781584,81.79032513348706,-16.56012565532866,22.041494823668046,391.4864068681086,TRUE,145
P. vivax,model6,14002,Nordeste de Roraima,RR,2015,3,147,47524,46.29239962966081,73.65460351589815,-27.36220388623734,30.458294756333643,343.08980725528147,TRUE,145
P. vivax,model6,14003,Caracaraí,RR,2015,1,145,46961,202.29552181597498,200.66211685935963,1.633404956615351,71.06961095377017,1008.7625902344494,TRUE,145
P. vivax,model6,14003,Caracaraí,RR,2015,2,146,46961,159.70699090734865,151.16466360582066,8.54232730152799,45.729435063137494,718.1491024467107,TRUE,145
P. vivax,model6,14003,Caracaraí,RR,2015,3,147,46961,161.83641745277998,144.8200713865277,17.016346066252282,53.235663635782885,696.6951300014894,TRUE,145
P. vivax,model6,14004,Sudeste de Roraima,RR,2015,1,145,51376,471.037060105886,359.8305205049334,111.20653960095257,118.44051697290566,1903.6125817502298,TRUE,145
P. vivax,model6,14004,Sudeste de Roraima,RR,2015,2,146,51376,525.5372158206167,270.6838844839255,254.85333133669116,101.21457489878543,1411.943319838056,TRUE,145
P. vivax,model6,14004,Sudeste de Roraima,RR,2015,3,147,51376,548.8944254126441,274.2908156621663,274.60360975047774,90.46052631578948,1403.914279040796,TRUE,145
P. vivax,model6,15001,Óbidos,PA,2015,1,145,198751,1.5094263676660746,1.1490156431786733,0.3604107244874013,0,8.05027396088573,TRUE,145
P. vivax,model6,15001,Óbidos,PA,2015,2,146,198751,0,0.990852037907264,-0.990852037907264,0,6.540847593219656,TRUE,145
P. vivax,model6,15001,Óbidos,PA,2015,3,147,198751,2.0125684902214327,1.0974080315298627,0.91516045869157,0,8.05027396088573,TRUE,145
P. vivax,model6,15002,Santarém,PA,2015,1,145,507271,4.534065617786154,4.926424424616328,-0.392358806830174,1.2764380380506677,27.598660282176592,TRUE,145
P. vivax,model6,15002,Santarém,PA,2015,2,146,507271,2.759866028217659,4.9582113497374385,-2.1983453215197795,1.1827997263789967,25.13942251774692,TRUE,145
P. vivax,model6,15002,Santarém,PA,2015,3,147,507271,3.7455324668668224,5.357337542552218,-1.6118050756853952,1.7741995895684948,31.580752694319173,TRUE,145
P. vivax,model6,15003,Almeirim,PA,2015,1,145,71843,20.878860849352062,10.81537594468736,10.063484904664701,0,58.53040658101688,TRUE,145
P. vivax,model6,15003,Almeirim,PA,2015,2,146,71843,13.919240566234706,9.386910427420464,4.532330138814242,0,45.27232994167835,TRUE,145
P. vivax,model6,15003,Almeirim,PA,2015,3,147,71843,5.567696226493883,7.90697602907845,-2.339279802584567,0,37.58194952883371,TRUE,145
P. vivax,model6,15004,Portel,PA,2015,1,145,144594,8.299099547699075,13.191571014547717,-4.892471466848642,3.0948725396627808,71.59702338962887,TRUE,145
P. vivax,model6,15004,Portel,PA,2015,2,146,144594,10.373874434623843,14.845633451508741,-4.4717590168848975,3.4579581448746146,80.95080017151469,TRUE,145
P. vivax,model6,15004,Portel,PA,2015,3,147,144594,22.822523756172455,14.129694031500685,8.69282972467177,3.0948725396627808,94.45412672725004,TRUE,145
P. vivax,model6,15005,Furos de Breves,PA,2015,1,145,220578,121.49897088558242,72.12118402520437,49.37778686037805,30.374742721395606,386.60927200355417,TRUE,145
P. vivax,model6,15005,Furos de Breves,PA,2015,2,146,220578,127.84593205124719,83.34098387861765,44.50494817262954,35.338973061683404,430.4599733427621,TRUE,145
P. vivax,model6,15005,Furos de Breves,PA,2015,3,147,220578,141.89991748950484,86.3967151247439,55.50320236476094,34.08091468777485,490.1100744407871,TRUE,145
P. vivax,model6,15006,Arari,PA,2015,1,145,168225,3.566651805617477,1.1586261166083172,2.40802568900916,0,7.727745578837866,TRUE,145
P. vivax,model6,15006,Arari,PA,2015,2,146,168225,8.916629514043692,1.6677970704336067,7.248832443610085,0,11.918561450438375,TRUE,145
P. vivax,model6,15006,Arari,PA,2015,3,147,168225,3.566651805617477,1.964507782686044,1.602144022931433,0,12.20092138504977,TRUE,145
P. vivax,model6,15007,Belém,PA,2015,1,145,2261942,0.7515665742092414,0.3674687776552353,0.38409779655400617,0.020999654279375925,2.033650730213241,TRUE,145
P. vivax,model6,15007,Belém,PA,2015,2,146,2261942,0.39788818634606904,0.3217397523546825,0.07614843399138654,0,2.0126510759338645,TRUE,145
P. vivax,model6,15007,Belém,PA,2015,3,147,2261942,0.3536783878631724,0.33871189197798734,0.01496649588518506,0,1.7263926307571085,TRUE,145
P. vivax,model6,15008,Castanhal,PA,2015,1,145,324645,0.616057539774215,1.022493947220772,-0.40643640744655696,0,6.160575397742149,TRUE,145
P. vivax,model6,15008,Castanhal,PA,2015,2,146,324645,0.616057539774215,0.8547925233022968,-0.23873498352808187,0,5.7062329621586585,TRUE,145
P. vivax,model6,15008,Castanhal,PA,2015,3,147,324645,0,0.8300470683758528,-0.8300470683758528,0,6.484005606123598,TRUE,145
P. vivax,model6,15009,Salgado,PA,2015,1,145,260362,0.7681612524101059,0.659201791496764,0.10895946091334197,0,4.224886888255583,TRUE,145
P. vivax,model6,15009,Salgado,PA,2015,2,146,260362,0,0.6234248607448872,-0.6234248607448872,0,4.426529217013227,TRUE,145
P. vivax,model6,15009,Salgado,PA,2015,3,147,260362,0.7681612524101059,0.8861713093067229,-0.11801005689661703,0,5.962851721833438,TRUE,145
P. vivax,model6,15010,Bragantina,PA,2015,1,145,405443,0.24664379456545063,0.07717244504555566,0.16947134951989495,0,0.9865751782618025,TRUE,145
P. vivax,model6,15010,Bragantina,PA,2015,2,146,405443,0.24664379456545063,0.06409104505842401,0.1825527495070266,0,0.7399313836963519,TRUE,145
P. vivax,model6,15010,Bragantina,PA,2015,3,147,405443,0.7399313836963519,0.06909885966853467,0.6708325240278172,0,0.7399313836963519,TRUE,145
P. vivax,model6,15011,Cametá,PA,2015,1,145,473045,0.8455855151201259,0.5183561822009155,0.3272293329192104,0,3.3823420604805037,TRUE,145
P. vivax,model6,15011,Cametá,PA,2015,2,146,473045,0.42279275756006296,0.5267517461382349,-0.10395898857817198,0,3.4933251593400154,TRUE,145
P. vivax,model6,15011,Cametá,PA,2015,3,147,473045,0.42279275756006296,0.4639368816411282,-0.041144124081065214,0,2.8591360229999214,TRUE,145
P. vivax,model6,15012,Tomé-Açu,PA,2015,1,145,320418,0.31209232939472814,0.7079350378732625,-0.39584270847853437,0,4.057200282131466,TRUE,145
P. vivax,model6,15012,Tomé-Açu,PA,2015,2,146,320418,0.9362769881841844,0.5172766801933983,0.419000307990786,0,3.120923293947281,TRUE,145
P. vivax,model6,15012,Tomé-Açu,PA,2015,3,147,320418,0.9362769881841844,0.45636861492408254,0.47990837326010183,0,3.120923293947281,TRUE,145
P. vivax,model6,15013,Guamá,PA,2015,1,145,460985,0.4338535961039947,0.31011618308654115,0.12373741301745356,0,2.1692679805199733,TRUE,145
P. vivax,model6,15013,Guamá,PA,2015,2,146,460985,0.21692679805199735,0.29246713892859044,-0.07554034087659309,0,1.9523411824679762,TRUE,145
P. vivax,model6,15013,Guamá,PA,2015,3,147,460985,0.21692679805199735,0.30761443169045144,-0.09068763363845408,0,2.6031215766239684,TRUE,145
P. vivax,model6,15014,Itaituba,PA,2015,1,145,214099,187.29653104404971,161.93015615333928,25.366374890710432,75.66593024722208,806.8346886253546,TRUE,145
P. vivax,model6,15014,Itaituba,PA,2015,2,146,214099,130.78062018038386,143.8317414585068,-13.051121278122935,62.984880826159866,681.5538605972002,TRUE,145
P. vivax,model6,15014,Itaituba,PA,2015,3,147,214099,136.3855039024003,146.66888256469485,-10.283378662294552,73.48236096385318,725.5872283382909,TRUE,145
P. vivax,model6,15015,Altamira,PA,2015,1,145,294165,12.917920214845411,27.732059033185973,-14.814138818340561,12.238029677221968,164.55050736831367,TRUE,145
P. vivax,model6,15015,Altamira,PA,2015,2,146,294165,23.11627827919705,23.135512287257374,-0.01923400806032305,10.53830333316336,138.9186340999094,TRUE,145
P. vivax,model6,15015,Altamira,PA,2015,3,147,294165,14.277701290092294,18.014178689857225,-3.736477399764931,6.263491577855966,106.47085819183106,TRUE,145
P. vivax,model6,15016,Tucuruí,PA,2015,1,145,362863,8.8187552878083455,12.068549906246652,-3.2497946184383064,3.8582054384161513,62.49603844977299,TRUE,145
P. vivax,model6,15016,Tucuruí,PA,2015,2,146,362863,8.543169185064336,9.327123090544223,-0.783953905479887,3.7135227344755464,47.13900287436304,TRUE,145
P. vivax,model6,15016,Tucuruí,PA,2015,3,147,362863,7.165238671344281,7.328493034534144,-0.1632543631898633,2.1909095168148864,38.07222009408506,TRUE,145
P. vivax,model6,15017,Paragominas,PA,2015,1,145,328594,2.1302884410549185,1.5385222914701682,0.5917661495847504,0,9.913449423909121,TRUE,145
P. vivax,model6,15017,Paragominas,PA,2015,2,146,328594,0.9129807604521082,1.31788733916849,-0.4049065787163818,0,8.072271556997382,TRUE,145
P. vivax,model6,15017,Paragominas,PA,2015,3,147,328594,0.6086538403014053,1.084882443655944,-0.47622860335453876,0,7.4636177166959765,TRUE,145
P. vivax,model6,15018,São Félix do Xingu,PA,2015,1,145,199960,5.501100220044009,5.908886806937555,-0.40778658689354597,1.5003000600120024,28.76825365073013,TRUE,145
P. vivax,model6,15018,São Félix do Xingu,PA,2015,2,146,199960,1.0002000400080016,6.308837496410232,-5.30863745640223,0.2375475095019011,31.53130626125223,TRUE,145
P. vivax,model6,15018,São Félix do Xingu,PA,2015,3,147,199960,5.001000200040008,8.570732258888661,-3.569732058848653,1.0002000400080016,39.03280656131224,TRUE,145
P. vivax,model6,15019,Parauapebas,PA,2015,1,145,300231,1.9984611848876364,1.2758662043327111,0.7225949805549252,0,8.501786957376146,TRUE,145
P. vivax,model6,15019,Parauapebas,PA,2015,2,146,300231,1.665384320739697,1.0145040034369135,0.6508803173027835,0,6.836402636636449,TRUE,145
P. vivax,model6,15019,Parauapebas,PA,2015,3,147,300231,0.6661537282958789,0.8576752236063468,-0.19152149531046792,0,6.17024890834057,TRUE,145
P. vivax,model6,15020,Marabá,PA,2015,1,145,314713,2.859748405690264,2.097667887788871,0.762080517901393,0,11.454881113903763,TRUE,145
P. vivax,model6,15020,Marabá,PA,2015,2,146,314713,2.859748405690264,1.7006226619737101,1.1591257437165536,0,12.392243091324476,TRUE,145
P. vivax,model6,15020,Marabá,PA,2015,3,147,314713,3.812997874253685,1.666544561406402,2.1464533128472834,0,11.121243799906582,TRUE,145
P. vivax,model6,15021,Redenção,PA,2015,1,145,189772,0,2.878809190564741,-2.878809190564741,0,17.13898783803721,TRUE,145
P. vivax,model6,15021,Redenção,PA,2015,2,146,189772,0.5269481272263559,2.6880762288397544,-2.1611281016133983,0,15.281495689564318,TRUE,145
P. vivax,model6,15021,Redenção,PA,2015,3,147,189772,1.5808443816790676,2.629902347942407,-1.0490579662633392,0,15.834791223151967,TRUE,145
P. vivax,model6,15022,Conceição do Araguaia,PA,2015,1,145,152614,0,0.20311833261346626,-0.20311833261346626,0,1.9657436408193218,TRUE,145
P. vivax,model6,15022,Conceição do Araguaia,PA,2015,2,146,152614,0,0.21912910234849833,-0.21912910234849833,0,2.6209915210924293,TRUE,145
P. vivax,model6,15022,Conceição do Araguaia,PA,2015,3,147,152614,0,0.2511783164833481,-0.2511783164833481,0,2.6209915210924293,TRUE,145
P. vivax,model6,16001,Oiapoque,AP,2015,1,145,34426,1010.8638819496892,488.1864492474212,522.6774327022681,169.56660663452044,2408.1362923371826,TRUE,145
P. vivax,model6,16001,Oiapoque,AP,2015,2,146,34426,726.1953174925927,358.11563093081224,368.0796865617805,133.61993841863708,1683.8290826700745,TRUE,145
P. vivax,model6,16001,Oiapoque,AP,2015,3,147,34426,461.86022192528907,342.8501092594118,119.01011266587727,120.33056410852264,1811.4942194852724,TRUE,145
P. vivax,model6,16002,Amapá,AP,2015,1,145,28365,179.7990481226864,190.22413764611622,-10.425089523429818,56.407544509078086,1042.2175215935129,TRUE,145
P. vivax,model6,16002,Amapá,AP,2015,2,146,28365,222.10470650449497,183.40944951201527,38.6952569924797,45.654856337035085,908.7784241142244,TRUE,145
P. vivax,model6,16002,Amapá,AP,2015,3,147,28365,165.69716199541688,156.3395265288158,9.357635466601067,43.98025735942183,860.126916975144,TRUE,145
P. vivax,model6,16003,Macapá,AP,2015,1,145,624241,162.5974583534244,87.76812372677954,74.82933462664487,38.374602116810664,458.6049298267811,TRUE,145
P. vivax,model6,16003,Macapá,AP,2015,2,146,624241,123.99057415325171,70.46956842552581,53.52100572772591,29.315600865691295,385.2838887545026,TRUE,145
P. vivax,model6,16003,Macapá,AP,2015,3,147,624241,88.26719167757325,53.88192624757487,34.385265429998384,22.579420448192284,289.24325701131426,TRUE,145
P. vivax,model6,16004,Mazagão,AP,2015,1,145,79647,277.4743555940588,138.09481236284864,139.37954323121016,43.81834846259119,712.8642635629714,TRUE,145
P. vivax,model6,16004,Mazagão,AP,2015,2,146,79647,200.8864112898163,110.10090270639806,90.78550858341823,27.62188155234974,571.9298906424599,TRUE,145
P. vivax,model6,16004,Mazagão,AP,2015,3,147,79647,143.13156804399412,106.92367878704297,36.20788925695115,32.64404183459515,571.8985021406941,TRUE,145
P. vivax,model6,17001,Bico do Papagaio,TO,2015,1,145,210839,0,0.5190090894452649,-0.5190090894452649,0,4.268659972775436,TRUE,145
P. vivax,model6,17001,Bico do Papagaio,TO,2015,2,146,210839,0,0.47227274158823396,-0.47227274158823396,0,4.268659972775436,TRUE,145
P. vivax,model6,17001,Bico do Papagaio,TO,2015,3,147,210839,0,0.459657895631788,-0.459657895631788,0,4.268659972775436,TRUE,145
P. vivax,model6,17002,Araguaína,TO,2015,1,145,306848,0.3258942538325164,0.23074991767222544,0.09514433616029097,0,1.9553655229950986,TRUE,145
P. vivax,model6,17002,Araguaína,TO,2015,2,146,306848,0.6517885076650328,0.20147755310577478,0.45031095455925807,0,2.126460006257162,TRUE,145
P. vivax,model6,17002,Araguaína,TO,2015,3,147,306848,0,0.1895002896732341,-0.1895002896732341,0,1.800565752424646,TRUE,145
P. vivax,model6,17003,Miracema do Tocantins,TO,2015,1,145,148608,0,0.026994685632729668,-0.026994685632729668,0,0.6729112833763996,TRUE,145
P. vivax,model6,17003,Miracema do Tocantins,TO,2015,2,146,148608,0,0.026506641213753714,-0.026506641213753714,0,0.6729112833763996,TRUE,145
P. vivax,model6,17003,Miracema do Tocantins,TO,2015,3,147,148608,0,0.029240626169463966,-0.029240626169463966,0,0.6729112833763996,TRUE,145
P. vivax,model6,17004,Rio Formoso,TO,2015,1,145,124739,0,0.08291376450464749,-0.08291376450464749,0,1.6033477901859081,TRUE,145
P. vivax,model6,17004,Rio Formoso,TO,2015,2,146,124739,0,0.08214106448832341,-0.08214106448832341,0,1.6033477901859081,TRUE,145
P. vivax,model6,17004,Rio Formoso,TO,2015,3,147,124739,0,0.08893870652670763,-0.08893870652670763,0,1.6033477901859081,TRUE,145
P. vivax,model6,17005,Gurupi,TO,2015,1,145,147284,0,0.016613630345499942,-0.016613630345499942,0,0.678960375872464,TRUE,145
P. vivax,model6,17005,Gurupi,TO,2015,2,146,147284,0,0.017625668708968024,-0.017625668708968024,0,0.678960375872464,TRUE,145
P. vivax,model6,17005,Gurupi,TO,2015,3,147,147284,0,0.02077863694718597,-0.02077863694718597,0,0.678960375872464,TRUE,145
P. vivax,model6,17006,Porto Nacional,TO,2015,1,145,375255,0,0.088581899771152,-0.088581899771152,0,0.7994563696686252,TRUE,145
P. vivax,model6,17006,Porto Nacional,TO,2015,2,146,375255,0,0.09008828168358603,-0.09008828168358603,0,0.7994563696686252,TRUE,145
P. vivax,model6,17006,Porto Nacional,TO,2015,3,147,375255,0,0.10421199909740841,-0.10421199909740841,0,1.065941826224834,TRUE,145
P. vivax,model6,17007,Jalapão,TO,2015,1,145,77860,0,0.0017934970826769634,-0.0017934970826769634,0,0,TRUE,145
P. vivax,model6,17007,Jalapão,TO,2015,2,146,77860,0,0.0018709329802189837,-0.0018709329802189837,0,0,TRUE,145
P. vivax,model6,17007,Jalapão,TO,2015,3,147,77860,0,0.00224090335712122,-0.00224090335712122,0,0,TRUE,145
P. vivax,model6,17008,Dianópolis,TO,2015,1,145,123693,0,0.002933002140811002,-0.002933002140811002,0,0,TRUE,145
P. vivax,model6,17008,Dianópolis,TO,2015,2,146,123693,0,0.003262913226002976,-0.003262913226002976,0,0,TRUE,145
P. vivax,model6,17008,Dianópolis,TO,2015,3,147,123693,0,0.004200778432778674,-0.004200778432778674,0,0.8084531865182346,TRUE,145
P. vivax,model6,21001,Litoral Ocidental Maranhense,MA,2015,1,145,187243,0,0.13634949385851572,-0.13634949385851572,0,1.6021960767558734,TRUE,145
P. vivax,model6,21001,Litoral Ocidental Maranhense,MA,2015,2,146,187243,0,0.11515696969886728,-0.11515696969886728,0,1.3485150312695144,TRUE,145
P. vivax,model6,21001,Litoral Ocidental Maranhense,MA,2015,3,147,187243,0,0.15899510616595444,-0.15899510616595444,0,1.6021960767558734,TRUE,145
P. vivax,model6,21002,Aglomeração Urbana de São Luís,MA,2015,1,145,1395792,0.0716439125600376,0.07831363405636443,-0.00666972149632683,0,0.7540521796943942,TRUE,145
P. vivax,model6,21002,Aglomeração Urbana de São Luís,MA,2015,2,146,1395792,0.0716439125600376,0.07675508975771657,-0.005111177197678965,0,0.7200213212283746,TRUE,145
P. vivax,model6,21002,Aglomeração Urbana de São Luís,MA,2015,3,147,1395792,0,0.0973265919826327,-0.0973265919826327,0,0.8256960922544316,TRUE,145
P. vivax,model6,21003,Rosário,MA,2015,1,145,172687,0,0.08571783847103134,-0.08571783847103134,0,1.158164772102127,TRUE,145
P. vivax,model6,21003,Rosário,MA,2015,2,146,172687,0,0.08233792082727265,-0.08233792082727265,0,1.158164772102127,TRUE,145
P. vivax,model6,21003,Rosário,MA,2015,3,147,172687,0,0.10321875958177688,-0.10321875958177688,0,1.158164772102127,TRUE,145
P. vivax,model6,21004,Lençóis Maranhenses,MA,2015,1,145,191719,0,0.02529744471695571,-0.02529744471695571,0,0.5215967118543284,TRUE,145
P. vivax,model6,21004,Lençóis Maranhenses,MA,2015,2,146,191719,0,0.03364375631774323,-0.03364375631774323,0,0.5215967118543284,TRUE,145
P. vivax,model6,21004,Lençóis Maranhenses,MA,2015,3,147,191719,0,0.05285946507726335,-0.05285946507726335,0,1.0431934237086569,TRUE,145
P. vivax,model6,21005,Baixada Maranhense,MA,2015,1,145,590620,0.8465680132741865,1.3968600396745907,-0.5502920264004042,0,8.046628966171138,TRUE,145
P. vivax,model6,21005,Baixada Maranhense,MA,2015,2,146,590620,1.5238224238935356,1.1216261852367289,0.40219623865680676,0,6.184179336967928,TRUE,145
P. vivax,model6,21005,Baixada Maranhense,MA,2015,3,147,590620,0.6772544106193492,1.108679675396243,-0.4314252647768937,0,6.5228065422776025,TRUE,145
P. vivax,model6,21006,Itapecuru Mirim,MA,2015,1,145,229914,0,0.10695785171005558,-0.10695785171005558,0,1.304835721182703,TRUE,145
P. vivax,model6,21006,Itapecuru Mirim,MA,2015,2,146,229914,0,0.12853564666020142,-0.12853564666020142,0,1.304835721182703,TRUE,145
P. vivax,model6,21006,Itapecuru Mirim,MA,2015,3,147,229914,0,0.19972587398468936,-0.19972587398468936,0,2.174726201971172,TRUE,145
P. vivax,model6,21007,Gurupi,MA,2015,1,145,235816,8.0571292872409,6.893228818717722,1.1639004685231775,0.8481188723411474,34.59264850561452,TRUE,145
P. vivax,model6,21007,Gurupi,MA,2015,2,146,235816,5.088713234046884,6.834607736250063,-1.7458945022031784,1.272178308511721,31.603029480611994,TRUE,145
P. vivax,model6,21007,Gurupi,MA,2015,3,147,235816,2.968416053194016,8.137157997766343,-5.168741944572327,1.8976659768633177,36.066255046307276,TRUE,145
P. vivax,model6,21008,Pindaré,MA,2015,1,145,650498,5.995406596177083,4.802941435165307,1.1924651610117758,0.8416628490787059,24.984704026761033,TRUE,145
P. vivax,model6,21008,Pindaré,MA,2015,2,146,650498,3.996937730784722,4.085817122362436,-0.08887939157771418,0.8416628490787059,21.883234076046307,TRUE,145
P. vivax,model6,21008,Pindaré,MA,2015,3,147,650498,3.0745674852190166,4.264162418375033,-1.1895949331560165,1.4565763461225094,21.537345233959197,TRUE,145
P. vivax,model6,21009,Imperatriz,MA,2015,1,145,586584,2.0457428092140257,1.1275482129340455,0.9181945962799802,0,7.761036782455705,TRUE,145
P. vivax,model6,21009,Imperatriz,MA,2015,2,146,586584,0.8523928371725106,0.9694927200133974,-0.1170998828408868,0,6.39720824297969,TRUE,145
P. vivax,model6,21009,Imperatriz,MA,2015,3,147,586584,1.193349972041515,0.9199916570768859,0.27335831496462915,0,5.71529397324168,TRUE,145
P. vivax,model6,21010,Médio Mearim,MA,2015,1,145,416015,0.9615037919305794,0.5620686581969282,0.39943513373365125,0,3.7318365924305557,TRUE,145
P. vivax,model6,21010,Médio Mearim,MA,2015,2,146,416015,2.6441354278090934,0.5069584251353645,2.137177002673729,0,3.491460644447911,TRUE,145
P. vivax,model6,21010,Médio Mearim,MA,2015,3,147,416015,1.442255687895869,0.5968647597551646,0.8453909281407044,0,3.8460151677223178,TRUE,145
P. vivax,model6,21011,Alto Mearim e Grajaú,MA,2015,1,145,328081,1.5240138868145365,3.7028073197333806,-2.178793432918844,0.30480277736290734,20.307485041803666,TRUE,145
P. vivax,model6,21011,Alto Mearim e Grajaú,MA,2015,2,146,328081,1.5240138868145365,3.231523342461862,-1.7075094556473256,0.1447813192473814,20.307485041803666,TRUE,145
P. vivax,model6,21011,Alto Mearim e Grajaú,MA,2015,3,147,328081,2.4384222189032587,3.2504730801065778,-0.812050861203319,0,17.22897699043833,TRUE,145
P. vivax,model6,21012,Presidente Dutra,MA,2015,1,145,195258,0,0.6811807362176976,-0.6811807362176976,0,4.878161202101822,TRUE,145
P. vivax,model6,21012,Presidente Dutra,MA,2015,2,146,195258,1.024285816714296,0.6472515591393054,0.37703425757499065,0,5.633571991928628,TRUE,145
P. vivax,model6,21012,Presidente Dutra,MA,2015,3,147,195258,0.512142908357148,0.7676021897741111,-0.25545928141696306,0,6.145714900285776,TRUE,145
P. vivax,model6,21013,Baixo Parnaíba Maranhense,MA,2015,1,145,142624,0.7011442674444693,0.7204660800469442,-0.019321812602474897,0,4.908009872111286,TRUE,145
P. vivax,model6,21013,Baixo Parnaíba Maranhense,MA,2015,2,146,142624,0,0.6597286736374423,-0.6597286736374423,0,4.574966345075147,TRUE,145
P. vivax,model6,21013,Baixo Parnaíba Maranhense,MA,2015,3,147,142624,0.7011442674444693,0.6726062269418085,0.028538040502660844,0,4.206865604666816,TRUE,145
P. vivax,model6,21014,Chapadinha,MA,2015,1,145,238969,0,0.25966840135161057,-0.25966840135161057,0,2.5107859178387155,TRUE,145
P. vivax,model6,21014,Chapadinha,MA,2015,2,146,238969,0.4184643196397859,0.2396639823641288,0.1788003372756571,0,2.5107859178387155,TRUE,145
P. vivax,model6,21014,Chapadinha,MA,2015,3,147,238969,0.8369286392795718,0.24659783421487777,0.590330805064694,0,2.5107859178387155,TRUE,145
P. vivax,model6,21015,Codó,MA,2015,1,145,272267,0.36728652389015193,1.886987753846326,-1.519701229956174,0,13.41514028508779,TRUE,145
P. vivax,model6,21015,Codó,MA,2015,2,146,272267,0,1.739751950282936,-1.739751950282936,0,10.669673519008898,TRUE,145
P. vivax,model6,21015,Codó,MA,2015,3,147,272267,0,2.0119244442993462,-2.0119244442993462,0,13.819155461366925,TRUE,145
P. vivax,model6,21016,Coelho Neto,MA,2015,1,145,91578,0,0.10152644778881637,-0.10152644778881637,0,1.665247111751706,TRUE,145
P. vivax,model6,21016,Coelho Neto,MA,2015,2,146,91578,0,0.08754430945214003,-0.08754430945214003,0,1.091965319181463,TRUE,145
P. vivax,model6,21016,Coelho Neto,MA,2015,3,147,91578,0,0.07933755270946503,-0.07933755270946503,0,1.091965319181463,TRUE,145
P. vivax,model6,21017,Caxias,MA,2015,1,145,434610,0,0.35392661470999986,-0.35392661470999986,0,2.5310048089091373,TRUE,145
P. vivax,model6,21017,Caxias,MA,2015,2,146,434610,0,0.3391582740794956,-0.3391582740794956,0,2.761096155173604,TRUE,145
P. vivax,model6,21017,Caxias,MA,2015,3,147,434610,0,0.3629996040942618,-0.3629996040942618,0,2.761096155173604,TRUE,145
P. vivax,model6,21018,Chapadas do Alto Itapecuru,MA,2015,1,145,216408,0.9241802521163729,0.24036792297073156,0.6838123291456413,0,1.8483605042327458,TRUE,145
P. vivax,model6,21018,Chapadas do Alto Itapecuru,MA,2015,2,146,216408,0,0.18942369812157459,-0.18942369812157459,0,1.8483605042327458,TRUE,145
P. vivax,model6,21018,Chapadas do Alto Itapecuru,MA,2015,3,147,216408,0,0.18661774297159217,-0.18661774297159217,0,1.6288676943550966,TRUE,145
P. vivax,model6,21019,Porto Franco,MA,2015,1,145,117278,0,0.4377356623556694,-0.4377356623556694,0,4.263374204880711,TRUE,145
P. vivax,model6,21019,Porto Franco,MA,2015,2,146,117278,0,0.3682699189252461,-0.3682699189252461,0,3.4106993639045684,TRUE,145
P. vivax,model6,21019,Porto Franco,MA,2015,3,147,117278,0,0.3655739718461008,-0.3655739718461008,0,3.858353655417024,TRUE,145
P. vivax,model6,21020,Gerais de Balsas,MA,2015,1,145,139570,0,0.002347853740799297,-0.002347853740799297,0,0,TRUE,145
P. vivax,model6,21020,Gerais de Balsas,MA,2015,2,146,139570,0,0.0021246090161378757,-0.0021246090161378757,0,0,TRUE,145
P. vivax,model6,21020,Gerais de Balsas,MA,2015,3,147,139570,0,0.0023811097214891876,-0.0023811097214891876,0,0,TRUE,145
P. vivax,model6,21021,Chapadas das Mangabeiras,MA,2015,1,145,70710,0,0.02453002965559942,-0.02453002965559942,0,1.414227124876255,TRUE,145
P. vivax,model6,21021,Chapadas das Mangabeiras,MA,2015,2,146,70710,0,0.02193058474373537,-0.02193058474373537,0,1.414227124876255,TRUE,145
P. vivax,model6,21021,Chapadas das Mangabeiras,MA,2015,3,147,70710,1.414227124876255,0.025369602646825647,1.3888575222294293,0,1.414227124876255,TRUE,145
P. vivax,model6,51001,Aripuanã,MT,2015,1,145,155581,35.3513603846228,24.21871163267602,11.132648751946782,4.804571252273735,125.67408616733405,TRUE,145
P. vivax,model6,51001,Aripuanã,MT,2015,2,146,155581,26.995584293711957,20.806783038458924,6.188801255253033,5.447323259266878,111.53354201348492,TRUE,145
P. vivax,model6,51001,Aripuanã,MT,2015,3,147,155581,28.28108830769824,20.74607886804667,7.535009439651571,4.161819245280595,113.22076603184185,TRUE,145
P. vivax,model6,51002,Alta Floresta,MT,2015,1,145,102968,9.711755108383187,12.008157271419341,-2.296402163036154,0.4613083676482028,60.72274881516586,TRUE,145
P. vivax,model6,51002,Alta Floresta,MT,2015,2,146,102968,10.682930619221507,8.28186728735038,2.4010633318711267,0.9711755108383188,49.52995105275425,TRUE,145
P. vivax,model6,51002,Alta Floresta,MT,2015,3,147,102968,6.798228575868231,6.792913339117482,0.005315236750749186,0,38.84702043353275,TRUE,145
P. vivax,model6,51003,Colíder,MT,2015,1,145,149561,3.343117523953437,3.7929938470817524,-0.4498763231283154,0,22.064575658092686,TRUE,145
P. vivax,model6,51003,Colíder,MT,2015,2,146,149561,2.005870514372062,3.0857451518461656,-1.0798746374741035,0,18.788320484618254,TRUE,145
P. vivax,model6,51003,Colíder,MT,2015,3,147,149561,2.6744940191627498,3.0958101918006498,-0.4213161726379,0,22.09800683333219,TRUE,145
P. vivax,model6,51004,Parecis,MT,2015,1,145,101405,1.9722893348454218,1.419689263443253,0.5526000714021688,0,10.847591341649819,TRUE,145
P. vivax,model6,51004,Parecis,MT,2015,2,146,101405,0,1.5583081406170842,-1.5583081406170842,0,9.3930279572013,TRUE,145
P. vivax,model6,51004,Parecis,MT,2015,3,147,101405,0,1.9047407019802285,-1.9047407019802285,0,12.351461959469432,TRUE,145
P. vivax,model6,51005,Arinos,MT,2015,1,145,79094,0,0.09217481434814254,-0.09217481434814254,0,1.2643184059473538,TRUE,145
P. vivax,model6,51005,Arinos,MT,2015,2,146,79094,0,0.0755156810492385,-0.0755156810492385,0,1.2643184059473538,TRUE,145
P. vivax,model6,51005,Arinos,MT,2015,3,147,79094,0,0.08369231366869372,-0.08369231366869372,0,1.2643184059473538,TRUE,145
P. vivax,model6,51006,Alto Teles Pires,MT,2015,1,145,231128,0.865321380360666,0.7661434222446243,0.09917795811604169,0,7.3552317330656605,TRUE,145
P. vivax,model6,51006,Alto Teles Pires,MT,2015,2,146,231128,0,0.7469692259165994,-0.7469692259165994,0,5.624588972344329,TRUE,145
P. vivax,model6,51006,Alto Teles Pires,MT,2015,3,147,231128,0,0.7315888566946483,-0.7315888566946483,0,5.624588972344329,TRUE,145
P. vivax,model6,51007,Sinop,MT,2015,1,145,191263,0.5228402775236193,0.5429561669058375,-0.0201158893822182,0,3.6598819426653355,TRUE,145
P. vivax,model6,51007,Sinop,MT,2015,2,146,191263,2.091361110094477,0.5072071448783612,1.584153965216116,0,3.6598819426653355,TRUE,145
P. vivax,model6,51007,Sinop,MT,2015,3,147,191263,1.568520832570858,0.5335778400180832,1.0349429925527747,0,3.6598819426653355,TRUE,145
P. vivax,model6,51008,Paranatinga,MT,2015,1,145,34726,0,0.01300941450147866,-0.01300941450147866,0,2.8796866900881186,TRUE,145
P. vivax,model6,51008,Paranatinga,MT,2015,2,146,34726,0,0.010971001876589706,-0.010971001876589706,0,0,TRUE,145
P. vivax,model6,51008,Paranatinga,MT,2015,3,147,34726,0,0.010548317477799862,-0.010548317477799862,0,0,TRUE,145
P. vivax,model6,51009,Norte Araguaia,MT,2015,1,145,123004,0,0.04751140646845576,-0.04751140646845576,0,0.8129816916523039,TRUE,145
P. vivax,model6,51009,Norte Araguaia,MT,2015,2,146,123004,0,0.04263631845720072,-0.04263631845720072,0,0.8129816916523039,TRUE,145
P. vivax,model6,51009,Norte Araguaia,MT,2015,3,147,123004,0,0.05045178179444249,-0.05045178179444249,0,1.6259633833046079,TRUE,145
P. vivax,model6,51010,Canarana,MT,2015,1,145,108272,0,0.22170808227098776,-0.22170808227098776,0,2.770799468006502,TRUE,145
P. vivax,model6,51010,Canarana,MT,2015,2,146,108272,0,0.22049551705780257,-0.22049551705780257,0,3.694399290675336,TRUE,145
P. vivax,model6,51010,Canarana,MT,2015,3,147,108272,0,0.19593836525134684,-0.19593836525134684,0,2.770799468006502,TRUE,145
P. vivax,model6,51011,Médio Araguaia,MT,2015,1,145,67011,2.984584620435451,0.030256228812169765,2.954328391623281,0,1.4922923102177255,FALSE,145
P. vivax,model6,51011,Médio Araguaia,MT,2015,2,146,67011,0,0.02237972988101476,-0.02237972988101476,0,1.4922923102177255,TRUE,145
P. vivax,model6,51011,Médio Araguaia,MT,2015,3,147,67011,0,0.020975959681058146,-0.020975959681058146,0,1.4922923102177255,TRUE,145
P. vivax,model6,51012,Alto Guaporé,MT,2015,1,145,71338,0,0.13535829386262785,-0.13535829386262785,0,2.803554907622866,TRUE,145
P. vivax,model6,51012,Alto Guaporé,MT,2015,2,146,71338,0,0.11709138799557409,-0.11709138799557409,0,2.803554907622866,TRUE,145
P. vivax,model6,51012,Alto Guaporé,MT,2015,3,147,71338,0,0.11522616903531165,-0.11522616903531165,0,2.803554907622866,TRUE,145
P. vivax,model6,51013,Tangará da Serra,MT,2015,1,145,159087,0,0.14647522076379826,-0.14647522076379826,0,1.8857606215467009,TRUE,145
P. vivax,model6,51013,Tangará da Serra,MT,2015,2,146,159087,0,0.13839185616310842,-0.13839185616310842,0,1.8857606215467009,TRUE,145
P. vivax,model6,51013,Tangará da Serra,MT,2015,3,147,159087,0,0.14660730177576448,-0.14660730177576448,0,1.8857606215467009,TRUE,145
P. vivax,model6,51014,Jauru,MT,2015,1,145,107801,0,0.06263248967920795,-0.06263248967920795,0,0.9276351796365526,TRUE,145
P. vivax,model6,51014,Jauru,MT,2015,2,146,107801,0,0.047941558647351355,-0.047941558647351355,0,0.9276351796365526,TRUE,145
P. vivax,model6,51014,Jauru,MT,2015,3,147,107801,0,0.04234934413096042,-0.04234934413096042,0,0.9276351796365526,TRUE,145
P. vivax,model6,51015,Alto Paraguai,MT,2015,1,145,32596,0,0.10042069608960184,-0.10042069608960184,0,3.067861087249969,TRUE,145
P. vivax,model6,51015,Alto Paraguai,MT,2015,2,146,32596,0,0.08499028032672151,-0.08499028032672151,0,3.067861087249969,TRUE,145
P. vivax,model6,51015,Alto Paraguai,MT,2015,3,147,32596,0,0.09166728160267963,-0.09166728160267963,0,3.067861087249969,TRUE,145
P. vivax,model6,51016,Rosário Oeste,MT,2015,1,145,30448,0,0.009161367942545346,-0.009161367942545346,0,0,TRUE,145
P. vivax,model6,51016,Rosário Oeste,MT,2015,2,146,30448,0,0.007726356174111921,-0.007726356174111921,0,0,TRUE,145
P. vivax,model6,51016,Rosário Oeste,MT,2015,3,147,30448,0,0.008589860770667528,-0.008589860770667528,0,0,TRUE,145
P. vivax,model6,51017,Cuiabá,MT,2015,1,145,898432,0.4452201168257586,0.3432540812531359,0.10196603557262274,0,2.560015671748112,TRUE,145
P. vivax,model6,51017,Cuiabá,MT,2015,2,146,898432,0.11130502920643966,0.2752110222118034,-0.16390599300536374,0,2.2316658355891104,TRUE,145
P. vivax,model6,51017,Cuiabá,MT,2015,3,147,898432,0.11130502920643966,0.2645666632424284,-0.15326163403598875,0,2.401406005128928,TRUE,145
P. vivax,model6,51018,Alto Pantanal,MT,2015,1,145,135181,0,0.12062286169700978,-0.12062286169700978,0,1.4794978584268499,TRUE,145
P. vivax,model6,51018,Alto Pantanal,MT,2015,2,146,135181,0,0.11015861702408604,-0.11015861702408604,0,1.4794978584268499,TRUE,145
P. vivax,model6,51018,Alto Pantanal,MT,2015,3,147,135181,0,0.11769688023038026,-0.11769688023038026,0,1.4794978584268499,TRUE,145
P. vivax,model6,51019,Primavera do Leste,MT,2015,1,145,95412,0,0.09796684281256687,-0.09796684281256687,0,2.096172389217289,TRUE,145
P. vivax,model6,51019,Primavera do Leste,MT,2015,2,146,95412,0,0.08306157578596718,-0.08306157578596718,0,2.096172389217289,TRUE,145
P. vivax,model6,51019,Primavera do Leste,MT,2015,3,147,95412,0,0.08425986768022041,-0.08425986768022041,0,1.0480861946086446,TRUE,145
P. vivax,model6,51020,Tesouro,MT,2015,1,145,54493,0,0.06889727023680178,-0.06889727023680178,0,1.8350980859926964,TRUE,145
P. vivax,model6,51020,Tesouro,MT,2015,2,146,54493,0,0.06061221732852989,-0.06061221732852989,0,1.8350980859926964,TRUE,145
P. vivax,model6,51020,Tesouro,MT,2015,3,147,54493,0,0.06088426861363644,-0.06088426861363644,0,1.8350980859926964,TRUE,145
P. vivax,model6,51021,Rondonópolis,MT,2015,1,145,298273,0,0.1719771102835502,-0.1719771102835502,0,1.6763166629228927,TRUE,145
P. vivax,model6,51021,Rondonópolis,MT,2015,2,146,298273,0,0.14734118218909617,-0.14734118218909617,0,1.3410533303383143,TRUE,145
P. vivax,model6,51021,Rondonópolis,MT,2015,3,147,298273,0,0.14198486911645578,-0.14198486911645578,0,1.3410533303383143,TRUE,145
P. vivax,model6,51022,Alto Araguaia,MT,2015,1,145,38412,0,0.004586887048792407,-0.004586887048792407,0,2.6033531188170365,TRUE,145
P. vivax,model6,51022,Alto Araguaia,MT,2015,2,146,38412,0,0.0043011353685764525,-0.0043011353685764525,0,0,TRUE,145
P. vivax,model6,51022,Alto Araguaia,MT,2015,3,147,38412,0,0.00449176994865066,-0.00449176994865066,0,0,TRUE,145
P. vivax,model6,11001,Porto Velho,RO,2016,1,157,648872,48.854011268786444,48.113914193381994,0.7400970754044494,17.904147505209043,223.71515491499093,TRUE,157
P. vivax,model6,11001,Porto Velho,RO,2016,2,158,648872,44.38471686249368,39.07104657096429,5.313670291529391,14.552176700489465,199.43841004080926,TRUE,157
P. vivax,model6,11001,Porto Velho,RO,2016,3,159,648872,38.220172853814,42.54851534043505,-4.328342486621054,14.999106141118743,198.3865847193282,TRUE,157
P. vivax,model6,11002,Guajará-Mirim,RO,2016,1,157,83432,93.48930865854828,49.14264920249081,44.34665945605747,14.382970562853583,291.4948700738323,TRUE,157
P. vivax,model6,11002,Guajará-Mirim,RO,2016,2,158,83432,104.27653658068847,40.18544746460082,64.09108911608766,13.184389682615784,242.80252181417194,TRUE,157
P. vivax,model6,11002,Guajará-Mirim,RO,2016,3,159,83432,83.90066161664589,44.580181341225,39.32048027542089,11.356553840253142,262.45924825007137,TRUE,157
P. vivax,model6,11003,Ariquemes,RO,2016,1,157,201599,80.85357566257768,28.996885410558654,51.85669025201903,7.4405130977832235,143.71351048368285,TRUE,157
P. vivax,model6,11003,Ariquemes,RO,2016,2,158,201599,68.94875470612453,24.93999729998904,44.00875740613549,7.676129345879692,134.47487338726873,TRUE,157
P. vivax,model6,11003,Ariquemes,RO,2016,3,159,201599,65.47651526049236,24.680166604766086,40.79634865572628,6.944478891264342,130.74221598321418,TRUE,157
P. vivax,model6,11004,Ji-Paraná,RO,2016,1,157,317230,13.870062730510986,6.925850502385703,6.9442122281252825,1.5761434921035211,39.435110172430065,TRUE,157
P. vivax,model6,11004,Ji-Paraná,RO,2016,2,158,317230,12.609147936828169,5.381524801770596,7.227623135057573,0.3152286984207042,27.125429499101585,TRUE,157
P. vivax,model6,11004,Ji-Paraná,RO,2016,3,159,317230,11.033004444724648,5.651773899770988,5.38123054495366,0.9456860952621127,30.742678813479174,TRUE,157
P. vivax,model6,11005,Alvorada D'Oeste,RO,2016,1,157,75248,3.986816925366787,3.6364296396712588,0.35038728569552813,0,27.276472464384405,TRUE,157
P. vivax,model6,11005,Alvorada D'Oeste,RO,2016,2,158,75248,2.6578779502445244,2.8460360272043417,-0.18815807695981723,0,17.27620667658941,TRUE,157
P. vivax,model6,11005,Alvorada D'Oeste,RO,2016,3,159,75248,7.973633850733574,3.06612488637511,4.907508964358463,0,19.934084626833936,TRUE,157
P. vivax,model6,11006,Cacoal,RO,2016,1,157,249644,4.406274534937752,4.0351430122396295,0.3711315226981222,0,24.264552723077635,TRUE,157
P. vivax,model6,11006,Cacoal,RO,2016,2,158,249644,1.6022816490682732,3.6501383329492247,-2.0478566838809513,0,19.26743683004595,TRUE,157
P. vivax,model6,11006,Cacoal,RO,2016,3,159,249644,2.40342247360241,4.262302443407527,-1.8588799698051166,0.4005704122670683,26.077133838586114,TRUE,157
P. vivax,model6,11007,Vilhena,RO,2016,1,157,157201,3.1806413445207093,1.8470976743532803,1.333543670167429,0,12.086437109178695,TRUE,157
P. vivax,model6,11007,Vilhena,RO,2016,2,158,157201,2.544513075616567,1.6700006719126388,0.8745124037039282,0,10.178052302466268,TRUE,157
P. vivax,model6,11007,Vilhena,RO,2016,3,159,157201,0.6361282689041418,1.7974785571884875,-1.1613502882843458,0,11.450308840274554,TRUE,157
P. vivax,model6,11008,Colorado do Oeste,RO,2016,1,157,54053,0,1.008955813961446,-1.008955813961446,0,9.250180378517381,TRUE,157
P. vivax,model6,11008,Colorado do Oeste,RO,2016,2,158,54053,0,0.8041928920761405,-0.8041928920761405,0,7.400144302813905,TRUE,157
P. vivax,model6,11008,Colorado do Oeste,RO,2016,3,159,54053,3.7000721514069523,0.7931884454670391,2.9068837059399133,0,7.400144302813905,TRUE,157
P. vivax,model6,12001,Cruzeiro do Sul,AC,2016,1,157,145544,1775.4081240037376,1386.275678387667,389.1324456160705,557.1854559445942,7772.323146265039,TRUE,157
P. vivax,model6,12001,Cruzeiro do Sul,AC,2016,2,158,145544,1712.8840762930797,991.5636188625881,721.3204574304916,401.99183751992524,5697.830209421196,TRUE,157
P. vivax,model6,12001,Cruzeiro do Sul,AC,2016,3,159,145544,1578.2168966085856,987.9524407140696,590.264455894516,446.5659869180454,5586.231655032151,TRUE,157
P. vivax,model6,12002,Tarauacá,AC,2016,1,157,79484,81.77746464697299,63.69167105926179,18.085793587711194,20.12983745156258,309.1502692365757,TRUE,157
P. vivax,model6,12002,Tarauacá,AC,2016,2,158,79484,67.9382013990237,48.04442608745997,19.89377531156373,15.6949826380152,271.21810678878757,TRUE,157
P. vivax,model6,12002,Tarauacá,AC,2016,3,159,79484,79.26123496552766,48.59533035504387,30.665904610483793,17.613607770117255,249.23254994715907,TRUE,157
P. vivax,model6,12003,Sena Madureira,AC,2016,1,157,57237,5.241364851407306,0.928358042005635,4.313006809401672,0,8.735608085678845,TRUE,157
P. vivax,model6,12003,Sena Madureira,AC,2016,2,158,57237,5.241364851407306,0.8037377656382177,4.437627085769089,0,9.652846934675082,TRUE,157
P. vivax,model6,12003,Sena Madureira,AC,2016,3,159,57237,1.7471216171357689,0.7915311634845167,0.9555904536512522,0,8.735608085678845,TRUE,157
P. vivax,model6,12004,Rio Branco,AC,2016,1,157,468316,19.431324148651765,10.98140784196357,8.449916306688195,3.304392760443803,60.05560348140993,TRUE,157
P. vivax,model6,12004,Rio Branco,AC,2016,2,158,468316,20.28544828705404,9.126621888793037,11.158826398261004,2.8773306912426655,49.752731061932536,TRUE,157
P. vivax,model6,12004,Rio Branco,AC,2016,3,159,468316,21.353103460056886,10.664045264369147,10.689058195687739,4.585578968047216,58.5288565840159,TRUE,157
P. vivax,model6,12005,Brasiléia,AC,2016,1,157,66106,3.0254439839046383,1.4778564477569829,1.5475875361476554,0,11.383232989441167,TRUE,157
P. vivax,model6,12005,Brasiléia,AC,2016,2,158,66106,3.0254439839046383,1.0148925848043546,2.010551399100284,0,9.076331951713914,TRUE,157
P. vivax,model6,12005,Brasiléia,AC,2016,3,159,66106,1.5127219919523192,0.9205556991682985,0.5921662927840207,0,7.563609959761595,TRUE,157
P. vivax,model6,13001,Rio Negro,AM,2016,1,157,112645,1328.0660482045364,687.592925350309,640.4731228542274,291.7794842203383,3666.0748368769127,TRUE,157
P. vivax,model6,13001,Rio Negro,AM,2016,2,158,112645,1206.4450264104044,580.5255710089596,625.9194554014448,242.17674996670956,2952.6832083092904,TRUE,157
P. vivax,model6,13001,Rio Negro,AM,2016,3,159,112645,1360.0248568511697,614.0598876969499,745.9649691542198,258.44467131253055,3084.9571663189668,TRUE,157
P. vivax,model6,13002,Japurá,AM,2016,1,157,23137,172.8832605782945,239.70145717252686,-66.81819659423235,84.17253749405714,1262.4800103729951,TRUE,157
P. vivax,model6,13002,Japurá,AM,2016,2,158,23137,168.56117906383716,175.20607470668523,-6.64489564284807,34.5766521156589,944.6989670225178,TRUE,157
P. vivax,model6,13002,Japurá,AM,2016,3,159,23137,99.40787483251935,221.61999714099892,-122.21212230847956,73.47538574577516,1156.2648571552058,TRUE,157
P. vivax,model6,13003,Alto Solimões,AM,2016,1,157,248118,196.6806116444595,204.74519360745884,-8.064581962999341,77.09033604978276,1053.2085539944696,TRUE,157
P. vivax,model6,13003,Alto Solimões,AM,2016,2,158,248118,218.04141577797662,260.18331908242163,-42.14190330444501,110.60261649698934,1426.841261012905,TRUE,157
P. vivax,model6,13003,Alto Solimões,AM,2016,3,159,248118,182.17138619527807,339.2264898774061,-157.05510368212802,123.05636834087008,1851.7398979517807,TRUE,157
P. vivax,model6,13004,Juruá,AM,2016,1,157,147121,419.3826850007817,530.1323811115327,-110.74969611075102,249.777394117767,2946.9960100869343,TRUE,157
P. vivax,model6,13004,Juruá,AM,2016,2,158,147121,432.29722473338273,491.4231039131269,-59.125879179744175,230.5755126732418,2660.7860196708834,TRUE,157
P. vivax,model6,13004,Juruá,AM,2016,3,159,147121,396.2724560056009,706.1562412611098,-309.88378525550894,330.17040395320856,3718.656751925285,TRUE,157
P. vivax,model6,13005,Tefé,AM,2016,1,157,91235,252.09623499753386,211.89083281418633,40.20540218334753,82.15049049158765,1018.3043788019927,TRUE,157
P. vivax,model6,13005,Tefé,AM,2016,2,158,91235,200.5809174110813,205.31087917940675,-4.729961768325467,77.19077108565793,934.1809612539043,TRUE,157
P. vivax,model6,13005,Tefé,AM,2016,3,159,91235,145.7773880637913,266.1430154928683,-120.365627429077,90.3984216583548,1180.714638022688,TRUE,157
P. vivax,model6,13006,Coari,AM,2016,1,157,174835,85.2232104555724,50.02375210204407,35.19945835352833,18.00268824892041,225.5269253867931,TRUE,157
P. vivax,model6,13006,Coari,AM,2016,2,158,174835,76.64369262447451,55.5966411971175,21.04705142735701,17.101838876655137,249.2206937970085,TRUE,157
P. vivax,model6,13006,Coari,AM,2016,3,159,174835,75.49975691366146,68.79260421322084,6.707152700440616,23.450682071667572,315.869248148254,TRUE,157
P. vivax,model6,13007,Manaus,AM,2016,1,157,2369017,81.34175482911267,42.588258097643305,38.75349673146937,18.650140543525016,196.62480260800132,TRUE,157
P. vivax,model6,13007,Manaus,AM,2016,2,158,2369017,59.60278039372449,34.31377515791537,25.289005235809114,15.249996095426923,158.17531068793508,TRUE,157
P. vivax,model6,13007,Manaus,AM,2016,3,159,2369017,50.40065140942424,37.427043957378956,12.973607452045286,17.428114699050283,171.57432808629065,TRUE,157
P. vivax,model6,13008,Rio Preto da Eva,AM,2016,1,157,64977,229.31191036828415,82.51354586547197,146.79836450281218,24.624097757668096,472.8596272527198,TRUE,157
P. vivax,model6,13008,Rio Preto da Eva,AM,2016,2,158,64977,184.68073318251072,56.1259525815987,128.554780600912,20.007079428105328,297.33598042384205,TRUE,157
P. vivax,model6,13008,Rio Preto da Eva,AM,2016,3,159,64977,293.95016698216295,49.84717530860633,244.10299167355663,18.468073318251076,261.015436231281,FALSE,157
P. vivax,model6,13009,Itacoatiara,AM,2016,1,157,174140,9.18800964741013,3.4439733662314818,5.744036281178648,0,22.697255082117824,TRUE,157
P. vivax,model6,13009,Itacoatiara,AM,2016,2,158,174140,41.920294016308716,2.4507373900707763,39.46955662623794,0,15.504766280004596,FALSE,157
P. vivax,model6,13009,Itacoatiara,AM,2016,3,159,174140,24.11852532445159,2.3790133342934023,21.739511990158185,0,16.380498449523362,FALSE,157
P. vivax,model6,13010,Parintins,AM,2016,1,157,273814,12.782399731204393,22.582701847785724,-9.800302116581332,8.7650741013973,101.96702871292183,TRUE,157
P. vivax,model6,13010,Parintins,AM,2016,2,158,273814,8.7650741013973,17.58227125673973,-8.81719715534243,5.651646738296801,91.01068608617521,TRUE,157
P. vivax,model6,13010,Parintins,AM,2016,3,159,273814,6.573805576047974,18.92953603089935,-12.355730454851376,7.285967846786505,92.52631348287511,FALSE,157
P. vivax,model6,13011,Boca do Acre,AM,2016,1,157,53328,106.88568856885689,96.79813686278257,10.087551706074322,30.89371437143715,488.1581908190805,TRUE,157
P. vivax,model6,13011,Boca do Acre,AM,2016,2,158,53328,84.38343834383438,84.50552908566706,-0.12209074183267887,20.627062706270628,429.79297929792943,TRUE,157
P. vivax,model6,13011,Boca do Acre,AM,2016,3,159,53328,58.130813081308126,96.80786263811662,-38.67704955680849,28.127812781278127,539.5383288328829,TRUE,157
P. vivax,model6,13012,Purus,AM,2016,1,157,77422,343.57159463718324,298.16853197316516,45.40306266401808,107.81819121180027,1372.6718503784446,TRUE,157
P. vivax,model6,13012,Purus,AM,2016,2,158,77422,262.19937485469245,305.93729598336876,-43.737921128676305,121.9614579835189,1551.6261527731133,TRUE,157
P. vivax,model6,13012,Purus,AM,2016,3,159,77422,348.7380847821033,474.2115163384768,-125.47343155637355,188.4477280359588,2165.631215933452,TRUE,157
P. vivax,model6,13013,Madeira,AM,2016,1,157,191878,28.142882456560937,27.494826862832337,0.6480555937285999,8.312573614484204,114.95585736770236,TRUE,157
P. vivax,model6,13013,Madeira,AM,2016,2,158,191878,39.087336745223524,28.64003209650864,10.447304648714884,10.14967844150971,131.685237494658,TRUE,157
P. vivax,model6,13013,Madeira,AM,2016,3,159,191878,26.579388986752,35.47064146170582,-8.891252474953816,13.550276738344156,142.16064374237783,TRUE,157
P. vivax,model6,14001,Boa Vista,RR,2016,1,157,365901,115.05844477058002,103.62586800464052,11.432576765939501,40.782889360783386,515.1940005629928,TRUE,157
P. vivax,model6,14001,Boa Vista,RR,2016,2,158,365901,115.33174273915623,81.97181300972883,33.35992972942739,32.4541337684237,386.11537000445435,TRUE,157
P. vivax,model6,14001,Boa Vista,RR,2016,3,159,365901,171.35782629727711,84.87337986961298,86.48444642766414,32.28332253806358,404.58348023099126,TRUE,157
P. vivax,model6,14002,Nordeste de Roraima,RR,2016,1,157,48362,62.03217402092552,57.67732548547214,4.354848535453378,22.745130474339355,325.7206070882097,TRUE,157
P. vivax,model6,14002,Nordeste de Roraima,RR,2016,2,158,48362,59.96443488689467,47.87199269989793,12.092442186996742,14.370786981514417,265.756172201315,TRUE,157
P. vivax,model6,14002,Nordeste de Roraima,RR,2016,3,159,48362,35.151565278524465,43.740384182528736,-8.58881890400427,12.406434804185105,241.0466895496463,TRUE,157
P. vivax,model6,14003,Caracaraí,RR,2016,1,157,47747,286.929021718642,234.18064221642697,52.748379502215016,80.58097890966971,1287.672523928204,TRUE,157
P. vivax,model6,14003,Caracaraí,RR,2016,2,158,47747,129.85109012084527,175.9410322970425,-46.08994217619724,65.92037196054203,988.5437828554673,TRUE,157
P. vivax,model6,14003,Caracaraí,RR,2016,3,159,47747,236.66408360734707,171.71016214793679,64.95392145941028,68.01474438184599,960.3221144783963,TRUE,157
P. vivax,model6,14004,Sudeste de Roraima,RR,2016,1,157,52219,473.00790899864035,541.2001315525432,-68.19222255390287,211.5609260996955,2368.6780673701123,TRUE,157
P. vivax,model6,14004,Sudeste de Roraima,RR,2016,2,158,52219,325.5520021448132,397.48311959114164,-71.93111744632847,171.05842700932612,1727.5321243225644,TRUE,157
P. vivax,model6,14004,Sudeste de Roraima,RR,2016,3,159,52219,448.11275589344876,420.0135399691878,28.09921592426099,161.6748693004462,1845.736226277791,TRUE,157
P. vivax,model6,15001,Óbidos,PA,2016,1,157,201119,2.4860903246336745,1.4561606632387387,1.0299296613949358,0,10.491301169954063,TRUE,157
P. vivax,model6,15001,Óbidos,PA,2016,2,158,201119,5.469398714194084,1.1830090953488233,4.286389618845261,0,7.222092393060814,TRUE,157
P. vivax,model6,15001,Óbidos,PA,2016,3,159,201119,3.4805264544871446,1.3604489498139967,2.120077504673148,0,9.447143233607964,TRUE,157
P. vivax,model6,15002,Santarém,PA,2016,1,157,510742,6.852774982280682,2.148589570734957,4.7041854115457244,0.09300194618809524,14.49851392679669,TRUE,157
P. vivax,model6,15002,Santarém,PA,2016,2,158,510742,2.5453164219899675,2.157113403211494,0.38820301877847374,0.19579357092230518,14.209718409686285,TRUE,157
P. vivax,model6,15002,Santarém,PA,2016,3,159,510742,4.307458560290715,2.299163804908685,2.0082947553820296,0,15.776066977064726,TRUE,157
P. vivax,model6,15003,Almeirim,PA,2016,1,157,72528,22.060445621001545,4.754106806460158,17.306338814541387,0,29.023273770130096,TRUE,157
P. vivax,model6,15003,Almeirim,PA,2016,2,158,72528,38.6057798367527,4.224838700038923,34.38094113671378,0,24.818001323626735,FALSE,157
P. vivax,model6,15003,Almeirim,PA,2016,3,159,72528,39.984557688065294,3.362818825832341,36.62173886223295,0,19.30288991837635,FALSE,157
P. vivax,model6,15004,Portel,PA,2016,1,157,147088,3.399325573806157,6.361514899034052,-2.9621893252278952,0,37.103638638094154,TRUE,157
P. vivax,model6,15004,Portel,PA,2016,2,158,147088,29.91406504949418,7.093090711081519,22.82097433841266,0.6798651147612313,35.386979223322065,TRUE,157
P. vivax,model6,15004,Portel,PA,2016,3,159,147088,27.874469705210487,6.78173988324356,21.092729821966927,0,38.752311541390185,TRUE,157
P. vivax,model6,15005,Furos de Breves,PA,2016,1,157,223291,149.13274605783485,74.02565497335083,75.10709108448403,28.874876282519224,355.7913216385791,TRUE,157
P. vivax,model6,15005,Furos de Breves,PA,2016,2,158,223291,177.79489545033164,86.4287365679202,91.36615888241144,35.54778293795989,409.7231863353197,TRUE,157
P. vivax,model6,15005,Furos de Breves,PA,2016,3,159,223291,167.04658942814532,88.94021955869876,78.10636986944657,28.427030198261463,384.12878261998907,TRUE,157
P. vivax,model6,15006,Arari,PA,2016,1,157,170786,2.342112351129484,1.3696721510277854,0.9724402001016985,0,10.261379738386037,TRUE,157
P. vivax,model6,15006,Arari,PA,2016,2,158,170786,6.44080896560608,2.032722502618626,4.408086462987454,0,14.052674106776903,TRUE,157
P. vivax,model6,15006,Arari,PA,2016,3,159,170786,5.855280877823709,2.4948891299891973,3.360391747834512,0,18.1513707212535,TRUE,157
P. vivax,model6,15007,Belém,PA,2016,1,157,2280761,0.43845014887574807,0.11032183785540738,0.3281283110203407,0,0.8330552828639213,TRUE,157
P. vivax,model6,15007,Belém,PA,2016,2,158,2280761,0.30691510421302365,0.09898612718051854,0.20792897703250512,0,0.8999189305674719,TRUE,157
P. vivax,model6,15007,Belém,PA,2016,3,159,2280761,0.17538005955029923,0.10485526911211884,0.07052479043818038,0,0.8769002977514961,TRUE,157
P. vivax,model6,15008,Castanhal,PA,2016,1,157,329626,0.30337412704094946,0.1906831013041556,0.11269102573679385,0,1.6761420519012387,TRUE,157
P. vivax,model6,15008,Castanhal,PA,2016,2,158,329626,0.30337412704094946,0.16561513894023322,0.13775898810071624,0,1.5168706352047472,TRUE,157
P. vivax,model6,15008,Castanhal,PA,2016,3,159,329626,0.6067482540818989,0.15987985863397627,0.4468683954479227,0,1.5168706352047472,TRUE,157
P. vivax,model6,15009,Salgado,PA,2016,1,157,262427,0,0.228451197692719,-0.228451197692719,0,1.9052917573267993,TRUE,157
P. vivax,model6,15009,Salgado,PA,2016,2,158,262427,0.38105835146535993,0.22500869357032716,0.15604965789503278,0,1.9052917573267993,TRUE,157
P. vivax,model6,15009,Salgado,PA,2016,3,159,262427,1.1431750543960797,0.32656123752777166,0.816613816868308,0,2.486405743311465,TRUE,157
P. vivax,model6,15010,Bragantina,PA,2016,1,157,409039,0.24447546566464323,0.09219958089010384,0.1522758847745394,0,0.9779018626585729,TRUE,157
P. vivax,model6,15010,Bragantina,PA,2016,2,158,409039,0,0.08184841146668881,-0.08184841146668881,0,0.7334263969939298,TRUE,157
P. vivax,model6,15010,Bragantina,PA,2016,3,159,409039,0,0.09033900438523305,-0.09033900438523305,0,0.7334263969939298,TRUE,157
P. vivax,model6,15011,Cametá,PA,2016,1,157,478943,1.4615517921756869,0.4039866223323718,1.057565169843315,0,2.296724244847508,TRUE,157
P. vivax,model6,15011,Cametá,PA,2016,2,158,478943,2.7143104711834187,0.41119502405902497,2.3031154471243935,0,2.7143104711834187,TRUE,157
P. vivax,model6,15011,Cametá,PA,2016,3,159,478943,1.2527586790077316,0.3374228926164677,0.9153357863912639,0,2.615133742428635,TRUE,157
P. vivax,model6,15012,Tomé-Açu,PA,2016,1,157,325988,1.8405585481674174,0.39730544483519803,1.4432531033322193,0,2.760837822251126,TRUE,157
P. vivax,model6,15012,Tomé-Açu,PA,2016,2,158,325988,0.30675975802790284,0.29460121514531523,0.012158542882587609,0,2.615126937187865,TRUE,157
P. vivax,model6,15012,Tomé-Açu,PA,2016,3,159,325988,0.9202792740837087,0.2506789455989433,0.6696003284847654,0,2.14731830619532,TRUE,157
P. vivax,model6,15013,Guamá,PA,2016,1,157,465819,0.4293513145663874,0.09560924364825767,0.33374207091812974,0,1.0733782864159684,TRUE,157
P. vivax,model6,15013,Guamá,PA,2016,2,158,465819,0,0.09471126433205458,-0.09471126433205458,0,1.0733782864159684,TRUE,157
P. vivax,model6,15013,Guamá,PA,2016,3,159,465819,0.4293513145663874,0.09802102069517639,0.33133029387121105,0,1.0733782864159684,TRUE,157
P. vivax,model6,15014,Itaituba,PA,2016,1,157,214640,102.96310100633619,73.24236542838966,29.720735577946527,25.3564107342527,377.02664927320154,TRUE,157
P. vivax,model6,15014,Itaituba,PA,2016,2,158,214640,110.88333954528512,66.94214230379689,43.94119724148824,22.561032426388373,314.1306373462541,TRUE,157
P. vivax,model6,15014,Itaituba,PA,2016,3,159,214640,109.01975400670891,66.318825821379,42.700928185329914,25.379705553484904,310.53158777487886,TRUE,157
P. vivax,model6,15015,Altamira,PA,2016,1,157,297477,19.16114523139604,9.703855919963338,9.457289311432703,2.8489597515102014,44.77657096178858,TRUE,157
P. vivax,model6,15015,Altamira,PA,2016,2,158,297477,31.599081609670662,8.552215181771128,23.046866427899534,2.0169626559364255,39.507256023154724,TRUE,157
P. vivax,model6,15015,Altamira,PA,2016,3,159,297477,17.144182575459613,6.303763968669222,10.84041860679039,1.5043179808859177,32.8008551921661,TRUE,157
P. vivax,model6,15016,Tucuruí,PA,2016,1,157,368588,18.72008855415803,6.904439327159191,11.815649226998836,1.885574136976788,34.3269449900702,TRUE,157
P. vivax,model6,15016,Tucuruí,PA,2016,2,158,368588,19.805311079036755,5.473635646031572,14.331675433005184,0.942787068488394,28.92796292879852,TRUE,157
P. vivax,model6,15016,Tucuruí,PA,2016,3,159,368588,18.72008855415803,4.308065218713048,14.412023335444982,1.0852225248787264,25.272119548113306,TRUE,157
P. vivax,model6,15017,Paragominas,PA,2016,1,157,334228,1.4959847768589107,0.7715191019359259,0.7244656749229849,0,5.086348241320296,TRUE,157
P. vivax,model6,15017,Paragominas,PA,2016,2,158,334228,1.1967878214871286,0.677852498981109,0.5189353225060196,0,4.487954330576732,TRUE,157
P. vivax,model6,15017,Paragominas,PA,2016,3,159,334228,0.29919695537178215,0.5611470420664615,-0.26195008669467934,0,4.18875737520495,TRUE,157
P. vivax,model6,15018,São Félix do Xingu,PA,2016,1,157,205857,76.26653453611003,8.69111991875255,67.57541461735748,1.943096421302166,48.091636427228615,FALSE,157
P. vivax,model6,15018,São Félix do Xingu,PA,2016,2,158,205857,92.29708001185288,9.266855696444944,83.03022431540793,2.173839121331799,48.39524524305702,FALSE,157
P. vivax,model6,15018,São Félix do Xingu,PA,2016,3,159,205857,125.32971917398972,11.664964443462182,113.66475473052753,2.9146446319532493,67.29185794022062,FALSE,157
P. vivax,model6,15019,Parauapebas,PA,2016,1,157,307967,6.169492185851081,1.5127090833248689,4.656783102526212,0,8.442462991164637,TRUE,157
P. vivax,model6,15019,Parauapebas,PA,2016,2,158,307967,3.247101150447938,1.2707051727186927,1.9763959777292452,0,8.783408611961658,TRUE,157
P. vivax,model6,15019,Parauapebas,PA,2016,3,159,307967,2.9223910354031437,1.0438296003121867,1.878561435090957,0,6.494202300895876,TRUE,157
P. vivax,model6,15020,Marabá,PA,2016,1,157,319770,0.9381743127873159,2.2066022117003827,-1.2684278989130668,0,12.985896112831089,TRUE,157
P. vivax,model6,15020,Marabá,PA,2016,2,158,319770,3.7526972511492636,1.8718489269309304,1.8808483242183331,0,13.150076617568864,TRUE,157
P. vivax,model6,15020,Marabá,PA,2016,3,159,319770,1.5636238546455263,1.8008990182830635,-0.2372751636375372,0,11.73499702911467,TRUE,157
P. vivax,model6,15021,Redenção,PA,2016,1,157,190717,9.438067922628816,3.6280183637703884,5.810049558858427,0,19.924810058883057,TRUE,157
P. vivax,model6,15021,Redenção,PA,2016,2,158,190717,8.389393709003393,3.586058314536019,4.803335394467374,0,19.67574993314701,TRUE,157
P. vivax,model6,15021,Redenção,PA,2016,3,159,190717,6.816382388565256,3.379943411437416,3.4364389771278403,0,19.67574993314701,TRUE,157
P. vivax,model6,15022,Conceição do Araguaia,PA,2016,1,157,155323,0,0.6592832098731825,-0.6592832098731825,0,5.794376879148613,TRUE,157
P. vivax,model6,15022,Conceição do Araguaia,PA,2016,2,158,155323,0.6438196532387348,0.8039108169056002,-0.16009116366686538,0,6.132382197098934,TRUE,157
P. vivax,model6,15022,Conceição do Araguaia,PA,2016,3,159,155323,1.2876393064774696,0.8656487739043025,0.4219905325731671,0,6.438196532387348,TRUE,157
P. vivax,model6,16001,Oiapoque,AP,2016,1,157,35237,788.94344013395,596.297976943575,192.64546319037504,234.83838011181433,2853.2508442829967,TRUE,157
P. vivax,model6,16001,Oiapoque,AP,2016,2,158,35237,561.9093566421659,438.4136050069118,123.49575163525412,165.94772540227603,2199.676476431024,TRUE,157
P. vivax,model6,16001,Oiapoque,AP,2016,3,159,35237,519.3404659874564,411.15264680171555,108.1878191857408,164.4578142293612,1882.6801373556195,TRUE,157
P. vivax,model6,16002,Amapá,AP,2016,1,157,29010,203.37814546708034,192.74566132092014,10.632484146160209,55.153395380903135,1002.1544295070659,TRUE,157
P. vivax,model6,16002,Amapá,AP,2016,2,158,29010,130.98931402964496,194.24251581009824,-63.25320178045328,62.047569803516026,1029.2140641158219,TRUE,157
P. vivax,model6,16002,Amapá,AP,2016,3,159,29010,134.4364012409514,156.57118840055398,-22.13478715960258,49.896587383660815,792.8300586004825,TRUE,157
P. vivax,model6,16003,Macapá,AP,2016,1,157,636748,124.06792011910521,88.78732393846806,35.28059618063715,41.51171263985125,474.3752630554003,TRUE,157
P. vivax,model6,16003,Macapá,AP,2016,2,158,636748,94.85699209106271,71.9511910334774,22.905801057585307,32.261585430971124,410.21330259380466,TRUE,157
P. vivax,model6,16003,Macapá,AP,2016,3,159,636748,68.31588006558324,52.47910417006262,15.836775895520624,23.541495222599835,294.3864762826108,TRUE,157
P. vivax,model6,16004,Mazagão,AP,2016,1,157,81300,110.7011070110701,94.25677952036119,16.444327490708915,32.564575645756456,485.7626076260758,TRUE,157
P. vivax,model6,16004,Mazagão,AP,2016,2,158,81300,161.13161131611315,78.93047680924849,82.20113450686466,24.600246002460022,368.72693726937234,TRUE,157
P. vivax,model6,16004,Mazagão,AP,2016,3,159,81300,91.02091020910208,69.91443762301314,21.10647258608894,18.9729397293973,356.1193111931119,TRUE,157
P. vivax,model6,17001,Bico do Papagaio,TO,2016,1,157,212579,0.9408267044251784,0.18098157020296454,0.7598451342222138,0,1.8816534088503567,TRUE,157
P. vivax,model6,17001,Bico do Papagaio,TO,2016,2,158,212579,0,0.17281768998653715,-0.17281768998653715,0,1.8816534088503567,TRUE,157
P. vivax,model6,17001,Bico do Papagaio,TO,2016,3,159,212579,0,0.1606610918906088,-0.1606610918906088,0,1.6582070665493662,TRUE,157
P. vivax,model6,17002,Araguaína,TO,2016,1,157,310729,0.32182384006642445,0.3624756762886366,-0.040651836222212134,0,3.065372076632685,TRUE,157
P. vivax,model6,17002,Araguaína,TO,2016,2,158,310729,0.6436476801328489,0.3446302595629444,0.2990174205699045,0,3.218238400664244,TRUE,157
P. vivax,model6,17002,Araguaína,TO,2016,3,159,310729,0.6436476801328489,0.30364688050397326,0.34000079962887564,0,2.252766880464971,TRUE,157
P. vivax,model6,17003,Miracema do Tocantins,TO,2016,1,157,149097,0,0.013446957386317673,-0.013446957386317673,0,0.6707043065923526,TRUE,157
P. vivax,model6,17003,Miracema do Tocantins,TO,2016,2,158,149097,0,0.014679981250096032,-0.014679981250096032,0,0.6707043065923526,TRUE,157
P. vivax,model6,17003,Miracema do Tocantins,TO,2016,3,159,149097,0,0.015150686460820316,-0.015150686460820316,0,0.6707043065923526,TRUE,157
P. vivax,model6,17004,Rio Formoso,TO,2016,1,157,125805,0,0.04933903507064519,-0.04933903507064519,0,0.7948809665752554,TRUE,157
P. vivax,model6,17004,Rio Formoso,TO,2016,2,158,125805,0,0.056325680865127715,-0.056325680865127715,0,0.7948809665752554,TRUE,157
P. vivax,model6,17004,Rio Formoso,TO,2016,3,159,125805,0.7948809665752554,0.05919034058012988,0.7356906259951256,0,0.7948809665752554,TRUE,157
P. vivax,model6,17005,Gurupi,TO,2016,1,157,148490,0,0.005591210289596191,-0.005591210289596191,0,0.6734460233012324,TRUE,157
P. vivax,model6,17005,Gurupi,TO,2016,2,158,148490,0,0.006893174484565413,-0.006893174484565413,0,0.6734460233012324,TRUE,157
P. vivax,model6,17005,Gurupi,TO,2016,3,159,148490,0,0.007895053953338118,-0.007895053953338118,0,0.6734460233012324,TRUE,157
P. vivax,model6,17006,Porto Nacional,TO,2016,1,157,383420,0.2608105993427573,0.04003068371979867,0.22077991562295862,0,0.5216211986855146,TRUE,157
P. vivax,model6,17006,Porto Nacional,TO,2016,2,158,383420,0.2608105993427573,0.047448279830115014,0.21336231951264228,0,0.5216211986855146,TRUE,157
P. vivax,model6,17006,Porto Nacional,TO,2016,3,159,383420,0,0.05304160482639793,-0.05304160482639793,0,0.7824317980282719,TRUE,157
P. vivax,model6,17007,Jalapão,TO,2016,1,157,78618,0,9.517511895038261e-4,-9.517511895038261e-4,0,0,TRUE,157
P. vivax,model6,17007,Jalapão,TO,2016,2,158,78618,0,0.0010989267434776064,-0.0010989267434776064,0,0,TRUE,157
P. vivax,model6,17007,Jalapão,TO,2016,3,159,78618,0,0.0012953274226520694,-0.0012953274226520694,0,0,TRUE,157
P. vivax,model6,17008,Dianópolis,TO,2016,1,157,124164,0,0.001490989758519216,-0.001490989758519216,0,0,TRUE,157
P. vivax,model6,17008,Dianópolis,TO,2016,2,158,124164,0,0.0019366706692669365,-0.0019366706692669365,0,0,TRUE,157
P. vivax,model6,17008,Dianópolis,TO,2016,3,159,124164,0,0.002481900366086207,-0.002481900366086207,0,0,TRUE,157
P. vivax,model6,21001,Litoral Ocidental Maranhense,MA,2016,1,157,187688,0,0.05605910750401289,-0.05605910750401289,0,1.0655982268445505,TRUE,157
P. vivax,model6,21001,Litoral Ocidental Maranhense,MA,2016,2,158,187688,0,0.04972954464893928,-0.04972954464893928,0,0.5327991134222753,TRUE,157
P. vivax,model6,21001,Litoral Ocidental Maranhense,MA,2016,3,159,187688,0,0.06920942627756012,-0.06920942627756012,0,1.0655982268445505,TRUE,157
P. vivax,model6,21002,Aglomeração Urbana de São Luís,MA,2016,1,157,1409162,0.07096416167906884,0.021101892271347806,0.04986226940772104,0,0.21289248503720648,TRUE,157
P. vivax,model6,21002,Aglomeração Urbana de São Luís,MA,2016,2,158,1409162,0,0.022064623539456308,-0.022064623539456308,0,0.32111283159778486,TRUE,157
P. vivax,model6,21002,Aglomeração Urbana de São Luís,MA,2016,3,159,1409162,0.28385664671627536,0.028388798365657778,0.2554678483506176,0,0.32111283159778486,TRUE,157
P. vivax,model6,21003,Rosário,MA,2016,1,157,174476,0,0.02863801455975769,-0.02863801455975769,0,0.5731447305073477,TRUE,157
P. vivax,model6,21003,Rosário,MA,2016,2,158,174476,0.5731447305073477,0.028957322524427655,0.5441874079829201,0,0.5731447305073477,TRUE,157
P. vivax,model6,21003,Rosário,MA,2016,3,159,174476,0,0.03566041874659175,-0.03566041874659175,0,0.5731447305073477,TRUE,157
P. vivax,model6,21004,Lençóis Maranhenses,MA,2016,1,157,194298,0.514673336833112,0.01690786471778594,0.49776547211532607,0,0.514673336833112,TRUE,157
P. vivax,model6,21004,Lençóis Maranhenses,MA,2016,2,158,194298,0,0.023195377093796737,-0.023195377093796737,0,0.7848768386704841,TRUE,157
P. vivax,model6,21004,Lençóis Maranhenses,MA,2016,3,159,194298,0,0.036497203542724684,-0.036497203542724684,0,0.514673336833112,TRUE,157
P. vivax,model6,21005,Baixada Maranhense,MA,2016,1,157,595044,1.1763835951627106,0.5183697073440963,0.6580138878186144,0,3.2014439268356547,TRUE,157
P. vivax,model6,21005,Baixada Maranhense,MA,2016,2,158,595044,1.5124931937806279,0.4342436516970633,1.0782495420835645,0,2.8569315882522974,TRUE,157
P. vivax,model6,21005,Baixada Maranhense,MA,2016,3,159,595044,1.1763835951627106,0.43070052434140216,0.7456830708213085,0,2.9451603578894967,TRUE,157
P. vivax,model6,21006,Itapecuru Mirim,MA,2016,1,157,232934,0.429306155391656,0.055395121917968214,0.3739110334736878,0,0.858612310783312,TRUE,157
P. vivax,model6,21006,Itapecuru Mirim,MA,2016,2,158,232934,0,0.06835944723620634,-0.06835944723620634,0,0.858612310783312,TRUE,157
P. vivax,model6,21006,Itapecuru Mirim,MA,2016,3,159,232934,0.429306155391656,0.10756875440597978,0.3217374009856762,0,1.287918466174968,TRUE,157
P. vivax,model6,21007,Gurupi,MA,2016,1,157,238005,7.983025566689776,2.835549502177877,5.147476064511899,0.42015924035209345,18.907165815844206,TRUE,157
P. vivax,model6,21007,Gurupi,MA,2016,2,158,238005,5.882229364929308,2.840540761271169,3.0416886036581388,0,19.547908657381136,TRUE,157
P. vivax,model6,21007,Gurupi,MA,2016,3,159,238005,4.201592403520934,3.496965168186451,0.7046272353344829,0,21.449129219974353,TRUE,157
P. vivax,model6,21008,Pindaré,MA,2016,1,157,654404,4.431513254808956,2.4717145098432027,1.9597987449657532,0.458432405669892,15.433890990886363,TRUE,157
P. vivax,model6,21008,Pindaré,MA,2016,2,158,654404,6.418053679378487,2.1757341321101547,4.242319547268332,0.305621603779928,13.30218030452136,TRUE,157
P. vivax,model6,21008,Pindaré,MA,2016,3,159,654404,6.87648608504838,2.263471427566998,4.613014657481382,0.458432405669892,13.52757623730906,TRUE,157
P. vivax,model6,21009,Imperatriz,MA,2016,1,157,589439,1.1875698757632256,0.7321580553988821,0.45541182036434347,0,4.5806266636581565,TRUE,157
P. vivax,model6,21009,Imperatriz,MA,2016,2,158,589439,1.0179170363684793,0.649683211519918,0.36823382484856126,0,3.3930567878949303,TRUE,157
P. vivax,model6,21009,Imperatriz,MA,2016,3,159,589439,0.6786113575789862,0.6103795871108734,0.0682317704681128,0,3.7323624666844233,TRUE,157
P. vivax,model6,21010,Médio Mearim,MA,2016,1,157,416384,1.6811404857055026,1.0021374186859338,0.6790030670195688,0,6.244236089763295,TRUE,157
P. vivax,model6,21010,Médio Mearim,MA,2016,2,158,416384,1.2008146326467874,0.9900877994661889,0.2107268331805986,0,6.244236089763295,TRUE,157
P. vivax,model6,21010,Médio Mearim,MA,2016,3,159,416384,1.92130341223486,1.1133375033643687,0.8079659088704914,0,6.6104845527205605,TRUE,157
P. vivax,model6,21011,Alto Mearim e Grajaú,MA,2016,1,157,330611,0.6049405494675011,1.3461162184356146,-0.7411756689681135,0,8.325494312046477,TRUE,157
P. vivax,model6,21011,Alto Mearim e Grajaú,MA,2016,2,158,330611,1.8148216484025033,1.2603593270519535,0.5544623213505497,0,6.813142938377724,TRUE,157
P. vivax,model6,21011,Alto Mearim e Grajaú,MA,2016,3,159,330611,2.117291923136254,1.2323151789826956,0.8849767441535583,0,6.654346044142511,TRUE,157
P. vivax,model6,21012,Presidente Dutra,MA,2016,1,157,195820,1.0213461342048822,0.39719915878532674,0.6241469754195554,0,3.574711469717087,TRUE,157
P. vivax,model6,21012,Presidente Dutra,MA,2016,2,158,195820,1.5320192013073228,0.416519497893087,1.1154997034142358,0,4.5960576039219685,TRUE,157
P. vivax,model6,21012,Presidente Dutra,MA,2016,3,159,195820,2.553365335512205,0.47705680989410576,2.0763085256180993,0,4.5960576039219685,TRUE,157
P. vivax,model6,21013,Baixo Parnaíba Maranhense,MA,2016,1,157,143983,1.3890528742976602,0.4635878116086756,0.9254650626889847,0,4.861685060041811,TRUE,157
P. vivax,model6,21013,Baixo Parnaíba Maranhense,MA,2016,2,158,143983,0.6945264371488301,0.4373059898223265,0.2572204473265036,0,4.5317850023961,TRUE,157
P. vivax,model6,21013,Baixo Parnaíba Maranhense,MA,2016,3,159,143983,0,0.44906527329235907,-0.44906527329235907,0,4.861685060041811,TRUE,157
P. vivax,model6,21014,Chapadinha,MA,2016,1,157,240987,0,0.2332389649080218,-0.2332389649080218,0,2.4897608584695443,TRUE,157
P. vivax,model6,21014,Chapadinha,MA,2016,2,158,240987,0.8299202861565147,0.22292471527185753,0.6069955708846572,0,2.2926547905073624,TRUE,157
P. vivax,model6,21014,Chapadinha,MA,2016,3,159,240987,0.41496014307825735,0.22361478602666773,0.19134535705158962,0,2.074800715391287,TRUE,157
P. vivax,model6,21015,Codó,MA,2016,1,157,273399,0.7315315710737786,0.42373541308669377,0.3077961579870849,0,3.4839191072388624,TRUE,157
P. vivax,model6,21015,Codó,MA,2016,2,158,273399,0.3657657855368893,0.4130866009248417,-0.04732081538795235,0,4.215450678312641,TRUE,157
P. vivax,model6,21015,Codó,MA,2016,3,159,273399,0.7315315710737786,0.4670974968548219,0.26443407421895676,0,3.657657855368893,TRUE,157
P. vivax,model6,21016,Coelho Neto,MA,2016,1,157,92230,0,0.04602367128984661,-0.04602367128984661,0,1.0842459069717012,TRUE,157
P. vivax,model6,21016,Coelho Neto,MA,2016,2,158,92230,0,0.04133513797121139,-0.04133513797121139,0,1.0842459069717012,TRUE,157
P. vivax,model6,21016,Coelho Neto,MA,2016,3,159,92230,0,0.03617409972148182,-0.03617409972148182,0,1.0842459069717012,TRUE,157
P. vivax,model6,21017,Caxias,MA,2016,1,157,437336,0.22865714233449796,0.10048203050416142,0.12817511183033653,0,1.14328571167249,TRUE,157
P. vivax,model6,21017,Caxias,MA,2016,2,158,437336,0.22865714233449796,0.10591366155256857,0.1227434807819294,0,1.0346735690635982,TRUE,157
P. vivax,model6,21017,Caxias,MA,2016,3,159,437336,0.22865714233449796,0.10680589971878321,0.12185124261571476,0,1.14328571167249,TRUE,157
P. vivax,model6,21018,Chapadas do Alto Itapecuru,MA,2016,1,157,217425,0.9198574220995746,0.1705120167415665,0.7493454053580081,0,1.839714844199149,TRUE,157
P. vivax,model6,21018,Chapadas do Alto Itapecuru,MA,2016,2,158,217425,0.4599287110497873,0.14522636652631038,0.3147023445234769,0,1.839714844199149,TRUE,157
P. vivax,model6,21018,Chapadas do Alto Itapecuru,MA,2016,3,159,217425,0.4599287110497873,0.139448870457691,0.3204798405920963,0,1.379786133149362,TRUE,157
P. vivax,model6,21019,Porto Franco,MA,2016,1,157,118414,0,0.20479218576017216,-0.20479218576017216,0,1.6889894775955545,TRUE,157
P. vivax,model6,21019,Porto Franco,MA,2016,2,158,118414,0,0.184411986928382,-0.184411986928382,0,2.5334842163933318,TRUE,157
P. vivax,model6,21019,Porto Franco,MA,2016,3,159,118414,0,0.1809583847446332,-0.1809583847446332,0,2.5334842163933318,TRUE,157
P. vivax,model6,21020,Gerais de Balsas,MA,2016,1,157,140990,0.7092701610043265,0.0012140706993253323,0.7080560903050012,0,0,FALSE,157
P. vivax,model6,21020,Gerais de Balsas,MA,2016,2,158,140990,0,0.0012206059954632655,-0.0012206059954632655,0,0,TRUE,157
P. vivax,model6,21020,Gerais de Balsas,MA,2016,3,159,140990,0,0.0013449760203293295,-0.0013449760203293295,0,0,TRUE,157
P. vivax,model6,21021,Chapadas das Mangabeiras,MA,2016,1,157,71007,0,0.024658466206368423,-0.024658466206368423,0,1.4083118565775206,TRUE,157
P. vivax,model6,21021,Chapadas das Mangabeiras,MA,2016,2,158,71007,0,0.025086004234607245,-0.025086004234607245,0,1.4083118565775206,TRUE,157
P. vivax,model6,21021,Chapadas das Mangabeiras,MA,2016,3,159,71007,0,0.029167298683692743,-0.029167298683692743,0,1.4083118565775206,TRUE,157
P. vivax,model6,51001,Aripuanã,MT,2016,1,157,158779,44.716240812701926,14.516973676529663,30.199267136172264,3.7788372517776283,91.21168416478231,TRUE,157
P. vivax,model6,51001,Aripuanã,MT,2016,2,158,158779,21.41341109340656,13.193559063242692,8.219852030163867,2.4877345240869406,79.08791464866258,TRUE,157
P. vivax,model6,51001,Aripuanã,MT,2016,3,159,158779,30.230698014221026,12.75222384989743,17.478474164323597,3.1490310431480237,72.31749790589417,TRUE,157
P. vivax,model6,51002,Alta Floresta,MT,2016,1,157,103591,14.480022395767971,5.9523595624545225,8.52766283331345,0,37.648058228996724,TRUE,157
P. vivax,model6,51002,Alta Floresta,MT,2016,2,158,103591,5.792008958307189,4.494430884409,1.2975780738981895,0,26.57084109623421,TRUE,157
P. vivax,model6,51002,Alta Floresta,MT,2016,3,159,103591,5.792008958307189,3.5492793803938665,2.2427295779133227,0,21.23736618045969,TRUE,157
P. vivax,model6,51003,Colíder,MT,2016,1,157,150531,1.992944974789246,1.1836172732737866,0.8093277015154594,0,8.984860261341503,TRUE,157
P. vivax,model6,51003,Colíder,MT,2016,2,158,150531,0.6643149915964154,1.0880905315181315,-0.4237755399217161,0,9.300409882349815,TRUE,157
P. vivax,model6,51003,Colíder,MT,2016,3,159,150531,4.650204941174907,1.0201139478463803,3.630090993328527,0,8.320545269745086,TRUE,157
P. vivax,model6,51004,Parecis,MT,2016,1,157,103492,0,0.21344769110844206,-0.21344769110844206,0,2.8987747845244076,TRUE,157
P. vivax,model6,51004,Parecis,MT,2016,2,158,103492,0,0.2431129207989487,-0.2431129207989487,0,3.8650330460325435,TRUE,157
P. vivax,model6,51004,Parecis,MT,2016,3,159,103492,0,0.2825669572788283,-0.2825669572788283,0,3.4060603718161566,TRUE,157
P. vivax,model6,51005,Arinos,MT,2016,1,157,79669,0,0.05638332924736628,-0.05638332924736628,0,1.255193362537499,TRUE,157
P. vivax,model6,51005,Arinos,MT,2016,2,158,79669,0,0.04952426516805947,-0.04952426516805947,0,1.255193362537499,TRUE,157
P. vivax,model6,51005,Arinos,MT,2016,3,159,79669,0,0.05125757376902589,-0.05125757376902589,0,1.255193362537499,TRUE,157
P. vivax,model6,51006,Alto Teles Pires,MT,2016,1,157,238340,0,0.12400198589322364,-0.12400198589322364,0,1.2587060501804146,TRUE,157
P. vivax,model6,51006,Alto Teles Pires,MT,2016,2,158,238340,0,0.13021697319960554,-0.13021697319960554,0,1.4789796089619776,TRUE,157
P. vivax,model6,51006,Alto Teles Pires,MT,2016,3,159,238340,0.4195686833934715,0.12087751308108034,0.2986911703123911,0,1.4789796089619776,TRUE,157
P. vivax,model6,51007,Sinop,MT,2016,1,157,194473,0.5142101988450839,0.2561948737636748,0.2580153250814091,0,2.8410113486190767,TRUE,157
P. vivax,model6,51007,Sinop,MT,2016,2,158,194473,0.5142101988450839,0.2769233285987364,0.23728687024634748,0,3.085261193070503,TRUE,157
P. vivax,model6,51007,Sinop,MT,2016,3,159,194473,0,0.2722417319251245,-0.2722417319251245,0,3.085261193070503,TRUE,157
P. vivax,model6,51008,Paranatinga,MT,2016,1,157,35035,0,0.004508245667119595,-0.004508245667119595,0,0,TRUE,157
P. vivax,model6,51008,Paranatinga,MT,2016,2,158,35035,0,0.004114940905367524,-0.004114940905367524,0,0,TRUE,157
P. vivax,model6,51008,Paranatinga,MT,2016,3,159,35035,0,0.0039023337724857724,-0.0039023337724857724,0,0,TRUE,157
P. vivax,model6,51009,Norte Araguaia,MT,2016,1,157,124904,0,0.0034071084255883365,-0.0034071084255883365,0,0,TRUE,157
P. vivax,model6,51009,Norte Araguaia,MT,2016,2,158,124904,0,0.003523654785567468,-0.003523654785567468,0,0,TRUE,157
P. vivax,model6,51009,Norte Araguaia,MT,2016,3,159,124904,0.8006148722218663,0.0039818438352493945,0.796633028386617,0,0,FALSE,157
P. vivax,model6,51010,Canarana,MT,2016,1,157,109827,0,0.045153625977575426,-0.045153625977575426,0,0.9105229133091134,TRUE,157
P. vivax,model6,51010,Canarana,MT,2016,2,158,109827,0,0.05024246228063798,-0.05024246228063798,0,0.9105229133091134,TRUE,157
P. vivax,model6,51010,Canarana,MT,2016,3,159,109827,0,0.04346264332480777,-0.04346264332480777,0,0.9105229133091134,TRUE,157
P. vivax,model6,51011,Médio Araguaia,MT,2016,1,157,67282,2.9725632412829586,0.06969827077046499,2.9028649705124936,0,1.4862816206414793,FALSE,157
P. vivax,model6,51011,Médio Araguaia,MT,2016,2,158,67282,0,0.05764461296861806,-0.05764461296861806,0,1.4862816206414793,TRUE,157
P. vivax,model6,51011,Médio Araguaia,MT,2016,3,159,67282,0,0.05096883009180382,-0.05096883009180382,0,1.4862816206414793,TRUE,157
P. vivax,model6,51012,Alto Guaporé,MT,2016,1,157,72021,0,0.1013067082947902,-0.1013067082947902,0,1.3884839144138514,TRUE,157
P. vivax,model6,51012,Alto Guaporé,MT,2016,2,158,72021,0,0.09354398902295902,-0.09354398902295902,0,1.3884839144138514,TRUE,157
P. vivax,model6,51012,Alto Guaporé,MT,2016,3,159,72021,1.3884839144138514,0.08961550415157465,1.2988684102622767,0,1.3884839144138514,TRUE,157
P. vivax,model6,51013,Tangará da Serra,MT,2016,1,157,161588,0,0.04107050048204953,-0.04107050048204953,0,0.6188578359779192,TRUE,157
P. vivax,model6,51013,Tangará da Serra,MT,2016,2,158,161588,0,0.041220351046271766,-0.041220351046271766,0,0.6188578359779192,TRUE,157
P. vivax,model6,51013,Tangará da Serra,MT,2016,3,159,161588,0,0.04204571590611385,-0.04204571590611385,0,0.6188578359779192,TRUE,157
P. vivax,model6,51014,Jauru,MT,2016,1,157,107801,0,0.010743861736741182,-0.010743861736741182,0,0.9276351796365526,TRUE,157
P. vivax,model6,51014,Jauru,MT,2016,2,158,107801,0,0.008462603026703992,-0.008462603026703992,0,0,TRUE,157
P. vivax,model6,51014,Jauru,MT,2016,3,159,107801,0,0.007389212008883708,-0.007389212008883708,0,0,TRUE,157
P. vivax,model6,51015,Alto Paraguai,MT,2016,1,157,32538,0,0.045396901733654065,-0.045396901733654065,0,3.073329645337759,TRUE,157
P. vivax,model6,51015,Alto Paraguai,MT,2016,2,158,32538,0,0.04186506777035508,-0.04186506777035508,0,3.073329645337759,TRUE,157
P. vivax,model6,51015,Alto Paraguai,MT,2016,3,159,32538,0,0.04316141464385979,-0.04316141464385979,0,3.073329645337759,TRUE,157
P. vivax,model6,51016,Rosário Oeste,MT,2016,1,157,30278,0,0.0037045153957012823,-0.0037045153957012823,0,0,TRUE,157
P. vivax,model6,51016,Rosário Oeste,MT,2016,2,158,30278,0,0.00342645511472155,-0.00342645511472155,0,0,TRUE,157
P. vivax,model6,51016,Rosário Oeste,MT,2016,3,159,30278,0,0.003683708025850447,-0.003683708025850447,0,0,TRUE,157
P. vivax,model6,51017,Cuiabá,MT,2016,1,157,906316,0,0.13088392667639165,-0.13088392667639165,0,0.9930311282157658,TRUE,157
P. vivax,model6,51017,Cuiabá,MT,2016,2,158,906316,0,0.11342488905577468,-0.11342488905577468,0,0.9930311282157658,TRUE,157
P. vivax,model6,51017,Cuiabá,MT,2016,3,159,906316,0.5516839601198699,0.10417894725809136,0.4475050128617785,0,0.8826943361917918,TRUE,157
P. vivax,model6,51018,Alto Pantanal,MT,2016,1,157,136000,0,0.03822117029056723,-0.03822117029056723,0,0.7352941176470589,TRUE,157
P. vivax,model6,51018,Alto Pantanal,MT,2016,2,158,136000,0,0.036873954753026926,-0.036873954753026926,0,0.7352941176470589,TRUE,157
P. vivax,model6,51018,Alto Pantanal,MT,2016,3,159,136000,0,0.03778551998357294,-0.03778551998357294,0,0.7352941176470589,TRUE,157
P. vivax,model6,51019,Primavera do Leste,MT,2016,1,157,97184,0,0.04243744476781413,-0.04243744476781413,0,1.0289759631215014,TRUE,157
P. vivax,model6,51019,Primavera do Leste,MT,2016,2,158,97184,0,0.03932797314175272,-0.03932797314175272,0,1.0289759631215014,TRUE,157
P. vivax,model6,51019,Primavera do Leste,MT,2016,3,159,97184,0,0.03808606951539388,-0.03808606951539388,0,1.0289759631215014,TRUE,157
P. vivax,model6,51020,Tesouro,MT,2016,1,157,54436,0,0.017226438687369783,-0.017226438687369783,0,0,TRUE,157
P. vivax,model6,51020,Tesouro,MT,2016,2,158,54436,0,0.017154888371056567,-0.017154888371056567,0,0,TRUE,157
P. vivax,model6,51020,Tesouro,MT,2016,3,159,54436,0,0.016673586958755773,-0.016673586958755773,0,0,TRUE,157
P. vivax,model6,51021,Rondonópolis,MT,2016,1,157,302259,0,0.04757446863264187,-0.04757446863264187,0,0.6616841847554581,TRUE,157
P. vivax,model6,51021,Rondonópolis,MT,2016,2,158,302259,0.33084209237772905,0.04521884845891999,0.28562324391880906,0,0.6616841847554581,TRUE,157
P. vivax,model6,51021,Rondonópolis,MT,2016,3,159,302259,0,0.04329385826569299,-0.04329385826569299,0,0.6616841847554581,TRUE,157
P. vivax,model6,51022,Alto Araguaia,MT,2016,1,157,39187,0,0.011925728279712115,-0.011925728279712115,0,2.551866690484089,TRUE,157
P. vivax,model6,51022,Alto Araguaia,MT,2016,2,158,39187,0,0.011706319480032713,-0.011706319480032713,0,2.551866690484089,TRUE,157
P. vivax,model6,51022,Alto Araguaia,MT,2016,3,159,39187,0,0.012047744850744032,-0.012047744850744032,0,0,TRUE,157
P. vivax,model6,11001,Porto Velho,RO,2017,1,169,659874,50.161091359865665,48.625618611534634,1.5354727483310313,17.851892937136483,252.9952687937393,TRUE,169
P. vivax,model6,11001,Porto Velho,RO,2017,2,170,659874,39.85609373910777,40.69448195882693,-0.8383882197191568,16.32129770228862,207.2592646474932,TRUE,169
P. vivax,model6,11001,Porto Velho,RO,2017,3,171,659874,49.55491502923286,45.01222516303479,4.542689866198067,20.4584511588576,245.308195200902,TRUE,169
P. vivax,model6,11002,Guajará-Mirim,RO,2017,1,169,84545,22.47323910343604,46.023113903487634,-23.549874800051594,9.462416464604647,231.3856526110354,TRUE,169
P. vivax,model6,11002,Guajará-Mirim,RO,2017,2,170,84545,29.570051451889523,39.07508943142348,-9.505037979533956,12.951682535927617,251.37500739251175,TRUE,169
P. vivax,model6,11002,Guajará-Mirim,RO,2017,3,171,84545,21.29043704536046,43.93184463225197,-22.641407586891514,10.586078419776452,246.79164941746927,TRUE,169
P. vivax,model6,11003,Ariquemes,RO,2017,1,169,204494,78.24190440795329,75.13268444025657,3.109219967696717,31.24786057292635,352.9932418555064,TRUE,169
P. vivax,model6,11003,Ariquemes,RO,2017,2,170,204494,49.879214060070225,63.89561703068718,-14.016402970616952,24.682875781196515,291.9523311197392,TRUE,169
P. vivax,model6,11003,Ariquemes,RO,2017,3,171,204494,56.23636879321642,66.20642524128701,-9.970056448070586,29.54854421156611,288.7737537531664,TRUE,169
P. vivax,model6,11004,Ji-Paraná,RO,2017,1,169,317627,11.019214361499493,9.240024642261597,1.7791897192378965,1.889008176257056,49.46053074833056,TRUE,169
P. vivax,model6,11004,Ji-Paraná,RO,2017,2,170,317627,8.18570209711391,7.184692522258202,1.0010095748557086,0.944504088128528,39.535366955579946,TRUE,169
P. vivax,model6,11004,Ji-Paraná,RO,2017,3,171,317627,7.241198008985382,7.730150118148715,-0.48895210916333287,1.5741734802142133,41.75495156268198,TRUE,169
P. vivax,model6,11005,Alvorada D'Oeste,RO,2017,1,169,75328,2.655055225148683,4.758751762176989,-2.103696537028306,0,29.20560747663551,TRUE,169
P. vivax,model6,11005,Alvorada D'Oeste,RO,2017,2,170,75328,7.965165675446049,3.7975399434073616,4.167625732038688,0,23.89549702633815,TRUE,169
P. vivax,model6,11005,Alvorada D'Oeste,RO,2017,3,171,75328,7.965165675446049,4.159678173173689,3.80548750227236,0,23.264921410365304,TRUE,169
P. vivax,model6,11006,Cacoal,RO,2017,1,169,250643,1.1969215178560741,2.6627719027177346,-1.4658503848616604,0,15.37046715846841,TRUE,169
P. vivax,model6,11006,Cacoal,RO,2017,2,170,250643,3.191790714282865,2.370430416163597,0.8213602981192678,0,12.76716285713146,TRUE,169
P. vivax,model6,11006,Cacoal,RO,2017,3,171,250643,2.3938430357121483,2.8472882320294888,-0.4534451963173405,0.18951257366054566,17.76431019418056,TRUE,169
P. vivax,model6,11007,Vilhena,RO,2017,1,169,159583,0.6266331626802354,1.7821098838457006,-1.1554767211654653,0,11.906030090924473,TRUE,169
P. vivax,model6,11007,Vilhena,RO,2017,2,170,159583,3.7597989760814117,1.5725197409925642,2.1872792350888473,0,11.31072858637822,TRUE,169
P. vivax,model6,11007,Vilhena,RO,2017,3,171,159583,4.386432138761648,1.7375314958256889,2.648900642935959,0,11.906030090924473,TRUE,169
P. vivax,model6,11008,Colorado do Oeste,RO,2017,1,169,53694,0,1.0570578153296648,-1.0570578153296648,0,9.312027414608709,TRUE,169
P. vivax,model6,11008,Colorado do Oeste,RO,2017,2,170,53694,3.724810965843483,0.8326899306424498,2.8921210352010336,0,9.312027414608709,TRUE,169
P. vivax,model6,11008,Colorado do Oeste,RO,2017,3,171,53694,1.8624054829217416,0.8645058820712606,0.997899600850481,0,10.28979029314258,TRUE,169
P. vivax,model6,12001,Cruzeiro do Sul,AC,2017,1,169,147727,2200.0040615459598,1086.3404604515538,1113.663601094406,403.616129752855,5628.118082679537,TRUE,169
P. vivax,model6,12001,Cruzeiro do Sul,AC,2017,2,170,147727,1350.4640316259045,854.4146917967228,496.0493398291817,346.31448550366554,4491.765215566549,TRUE,169
P. vivax,model6,12001,Cruzeiro do Sul,AC,2017,3,171,147727,1402.587204776378,852.0853940406902,550.5018107356879,342.57447859903743,4548.440704813605,TRUE,169
P. vivax,model6,12002,Tarauacá,AC,2017,1,169,80242,34.89444430597443,49.10226519032316,-14.207820884348727,12.46230153784801,286.227910570524,TRUE,169
P. vivax,model6,12002,Tarauacá,AC,2017,2,170,80242,27.417063383265624,38.527639174879205,-11.11057579161358,14.300491014680595,218.40183445078608,TRUE,169
P. vivax,model6,12002,Tarauacá,AC,2017,3,171,80242,26.17083322948082,38.982092587850765,-12.811259358369945,8.069340245756589,223.13750903516853,TRUE,169
P. vivax,model6,12003,Sena Madureira,AC,2017,1,169,58255,5.149772551712299,1.0017695915044589,4.14800296020784,0,10.299545103424599,TRUE,169
P. vivax,model6,12003,Sena Madureira,AC,2017,2,170,58255,0,0.9204024799184216,-0.9204024799184216,0,8.582954252853833,TRUE,169
P. vivax,model6,12003,Sena Madureira,AC,2017,3,171,58255,0,0.8918441578130306,-0.8918441578130306,0,8.582954252853833,TRUE,169
P. vivax,model6,12004,Rio Branco,AC,2017,1,169,476130,18.272320584714258,10.050011198326455,8.222309386387803,2.730346754037763,52.72719635393694,TRUE,169
P. vivax,model6,12004,Rio Branco,AC,2017,2,170,476130,13.651733770188814,8.671227006234693,4.980506763954121,1.890240060487682,46.846449499086376,TRUE,169
P. vivax,model6,12004,Rio Branco,AC,2017,3,171,476130,12.391573729863694,10.339286762072227,2.052286967791467,2.9298720937559075,50.516665616533295,TRUE,169
P. vivax,model6,12005,Brasiléia,AC,2017,1,169,67265,4.459971753512228,1.0271672515526264,3.432804501959602,0,11.89325800936594,TRUE,169
P. vivax,model6,12005,Brasiléia,AC,2017,2,170,67265,0,0.7552581686692814,-0.7552581686692814,0,8.919943507024456,TRUE,169
P. vivax,model6,12005,Brasiléia,AC,2017,3,171,67265,5.94662900468297,0.6708464401162659,5.275782564566704,0,8.21378131271832,TRUE,169
P. vivax,model6,13001,Rio Negro,AM,2017,1,169,114647,1865.7269706141462,1056.8210404399001,808.9059301742461,451.05846642302026,5816.397289069928,TRUE,169
P. vivax,model6,13001,Rio Negro,AM,2017,2,170,114647,2082.043141120134,971.4055288043446,1110.6376123157893,407.77342625624743,5302.755414446072,TRUE,169
P. vivax,model6,13001,Rio Negro,AM,2017,3,171,114647,2222.4742034244246,1037.4678671135757,1185.0063363108488,472.90814412937107,5849.389866285197,TRUE,169
P. vivax,model6,13002,Japurá,AM,2017,1,169,22736,593.7719915552428,216.00129668411313,377.7706948711297,61.13652357494725,1262.3152709359565,TRUE,169
P. vivax,model6,13002,Japurá,AM,2017,2,170,22736,316.6783954961295,169.34160166685496,147.33679382927454,37.27568613652358,897.3654116819121,TRUE,169
P. vivax,model6,13002,Japurá,AM,2017,3,171,22736,277.0935960591133,211.814364771456,65.27923128765727,61.576354679802954,1249.7800844475714,TRUE,169
P. vivax,model6,13003,Alto Solimões,AM,2017,1,169,250657,107.31796837909972,75.52047962015732,31.797488758942407,25.133947984696217,355.54562609462255,TRUE,169
P. vivax,model6,13003,Alto Solimões,AM,2017,2,170,250657,102.9295012706607,98.57451147771243,4.35498979294826,38.08989974347415,514.8070869754274,TRUE,169
P. vivax,model6,13003,Alto Solimões,AM,2017,3,171,250657,117.29175726191568,128.67693267802343,-11.385175416107757,47.03638837136007,678.3173819203125,TRUE,169
P. vivax,model6,13004,Juruá,AM,2017,1,169,149439,177.9990497795087,129.2892059503497,48.70984382915901,39.73193075435462,653.8621109616623,TRUE,169
P. vivax,model6,13004,Juruá,AM,2017,2,170,149439,211.45751778317577,126.68173858122584,84.77577920194993,48.49804937131539,658.713588822194,TRUE,169
P. vivax,model6,13004,Juruá,AM,2017,3,171,149439,343.2838817176239,185.76100970921237,157.52287200841153,76.6031624943957,960.5758871512779,TRUE,169
P. vivax,model6,13005,Tefé,AM,2017,1,169,91357,94.13619098700701,57.5259357466034,36.61025524040361,14.74982759941767,292.6431472136779,TRUE,169
P. vivax,model6,13005,Tefé,AM,2017,2,170,91357,70.05483980428428,58.19705886274629,11.857780941537996,15.324496207187188,270.4773580568538,TRUE,169
P. vivax,model6,13005,Tefé,AM,2017,3,171,91357,55.824950469039045,75.96158775584412,-20.136637286805076,22.986744310780782,383.0576748360817,TRUE,169
P. vivax,model6,13006,Coari,AM,2017,1,169,177551,75.47127304267507,31.65655047086118,43.81472257181389,11.827587566389376,172.38708878012486,TRUE,169
P. vivax,model6,13006,Coari,AM,2017,2,170,177551,65.8965592984551,35.73118442640064,30.165374872054464,12.390806021931727,172.90806585150182,TRUE,169
P. vivax,model6,13006,Coari,AM,2017,3,171,177551,86.17242369797974,46.01867366764139,40.15375003033835,17.45977212181289,226.82215250829324,TRUE,169
P. vivax,model6,13007,Manaus,AM,2017,1,169,2409396,47.937325371171866,32.653926578888345,15.28339879228352,15.062903731889655,148.58806937506273,TRUE,169
P. vivax,model6,13007,Manaus,AM,2017,2,170,2409396,33.61838402653611,29.05160556421884,4.566778462317274,12.880821583500598,135.20297203116436,TRUE,169
P. vivax,model6,13007,Manaus,AM,2017,3,171,2409396,38.10083523007426,31.40404686582849,6.696788364245769,13.87795945539878,150.23371002525067,TRUE,169
P. vivax,model6,13008,Rio Preto da Eva,AM,2017,1,169,66575,306.4213293278258,274.4863911251548,31.934938202670992,87.04468644386031,1366.0533233195638,TRUE,169
P. vivax,model6,13008,Rio Preto da Eva,AM,2017,2,170,66575,346.9770935035674,206.99268569709125,139.98440780647616,67.51783702591062,1056.8156214795342,TRUE,169
P. vivax,model6,13008,Rio Preto da Eva,AM,2017,3,171,66575,276.3800225309801,184.94908118292,91.43094134806012,61.58467893353361,902.4408561772425,TRUE,169
P. vivax,model6,13009,Itacoatiara,AM,2017,1,169,176769,12.445621121350465,6.271729696706115,6.17389142464435,1.131420101940951,41.325119223393216,TRUE,169
P. vivax,model6,13009,Itacoatiara,AM,2017,2,170,176769,23.1941120897895,4.866620051575297,18.327492038214203,0,27.451080223342316,TRUE,169
P. vivax,model6,13009,Itacoatiara,AM,2017,3,171,176769,39.033993516962816,4.824708790294849,34.20928472666797,0,30.84534052916517,FALSE,169
P. vivax,model6,13010,Parintins,AM,2017,1,169,277360,6.489760599942312,2.8523989298293455,3.6373616701129667,0,17.13477069512546,TRUE,169
P. vivax,model6,13010,Parintins,AM,2017,2,170,277360,3.244880299971156,2.306666159684775,0.9382141402863811,0,14.800259590423982,TRUE,169
P. vivax,model6,13010,Parintins,AM,2017,3,171,277360,7.210845111047014,2.6065326164973692,4.604312494549645,0.36054225555235075,15.332059417363707,TRUE,169
P. vivax,model6,13011,Boca do Acre,AM,2017,1,169,53773,40.91272571736745,40.15095291398759,0.7617728033798628,5.579008052368289,198.98462053446895,TRUE,169
P. vivax,model6,13011,Boca do Acre,AM,2017,2,170,53773,26.035370911052013,35.034580787058694,-8.999209876006681,3.719338701578859,186.15290201402172,TRUE,169
P. vivax,model6,13011,Boca do Acre,AM,2017,3,171,53773,33.47404831420973,41.78277161064165,-8.308723296431921,7.438677403157718,215.86111989288207,TRUE,169
P. vivax,model6,13012,Purus,AM,2017,1,169,78281,135.40961408259986,106.44988150068869,28.95973258191117,42.762611617122936,481.63028065558626,TRUE,169
P. vivax,model6,13012,Purus,AM,2017,2,170,78281,169.90074219797907,106.52940934071792,63.37133285726115,29.253586438599413,521.0395881503808,TRUE,169
P. vivax,model6,13012,Purus,AM,2017,3,171,78281,226.10850653415258,166.18281524975882,59.925691284393764,61.31756109400749,817.152310266859,TRUE,169
P. vivax,model6,13013,Madeira,AM,2017,1,169,195073,88.68474878635178,33.704497465399704,54.98025132095207,12.008325088556594,177.8436790329772,TRUE,169
P. vivax,model6,13013,Madeira,AM,2017,2,170,195073,62.54068989557755,34.21149715509637,28.329192740481183,12.033956518841665,185.8406852819201,TRUE,169
P. vivax,model6,13013,Madeira,AM,2017,3,171,195073,74.84377643241248,45.247055572626884,29.5967208597856,15.109728153050398,252.2901682959712,TRUE,169
P. vivax,model6,14001,Boa Vista,RR,2017,1,169,371888,109.97934862109022,92.05127262938687,17.928075991703352,37.5045712687691,418.701329432517,TRUE,169
P. vivax,model6,14001,Boa Vista,RR,2017,2,170,371888,101.37460740868218,73.59160445276156,27.783002955920622,26.479746590371295,333.61522824076064,TRUE,169
P. vivax,model6,14001,Boa Vista,RR,2017,3,171,371888,140.3648410274061,77.2032969166937,63.1615441107124,29.56535300950824,392.77954653013774,TRUE,169
P. vivax,model6,14002,Nordeste de Roraima,RR,2017,1,169,49185,89.4581681406933,49.28394050896011,40.174227631733196,10.165700925078784,291.0440174850053,TRUE,169
P. vivax,model6,14002,Nordeste de Roraima,RR,2017,2,170,49185,138.25353258107145,40.497096872978425,97.75643570809302,11.131442512961272,250.88949883094364,TRUE,169
P. vivax,model6,14002,Nordeste de Roraima,RR,2017,3,171,49185,107.75642980583511,35.96567742835312,71.790752377482,9.098302327945515,210.4808376537562,TRUE,169
P. vivax,model6,14003,Caracaraí,RR,2017,1,169,48518,356.5686961540047,182.9729045553536,173.59579159865112,74.0962117152397,949.1838080712312,TRUE,169
P. vivax,model6,14003,Caracaraí,RR,2017,2,170,48518,319.4690630281545,137.92646302523394,181.54260000292055,37.975596685766114,803.8253843934209,TRUE,169
P. vivax,model6,14003,Caracaraí,RR,2017,3,171,48518,465.80650480234135,134.70777599316216,331.0987288091792,45.24094150624511,685.5703038047733,TRUE,169
P. vivax,model6,14004,Sudeste de Roraima,RR,2017,1,169,53045,884.1549627674616,320.4524046681699,563.7025580992918,124.42266000565559,1448.6756527476664,TRUE,169
P. vivax,model6,14004,Sudeste de Roraima,RR,2017,2,170,53045,904.8920727684042,244.2996951717838,660.5923775966204,87.61428975398248,1130.266754642284,TRUE,169
P. vivax,model6,14004,Sudeste de Roraima,RR,2017,3,171,53045,1080.2149118672826,254.26441186127977,825.9505000060028,104.58101611839004,1159.0630596663204,TRUE,169
P. vivax,model6,15001,Óbidos,PA,2017,1,169,203396,4.424865779071369,1.7558694139274509,2.6689963651439177,0,11.799642077523648,TRUE,169
P. vivax,model6,15001,Óbidos,PA,2017,2,170,203396,0,1.471251334675274,-1.471251334675274,0,10.09115223504886,TRUE,169
P. vivax,model6,15001,Óbidos,PA,2017,3,171,203396,0.983303506460304,1.6546768596286903,-0.6713733531683863,0,11.307990324293495,TRUE,169
P. vivax,model6,15002,Santarém,PA,2017,1,169,514081,5.641134373766002,2.6706628190486175,2.9704715547173848,0.19452187495744833,15.201884527924562,TRUE,169
P. vivax,model6,15002,Santarém,PA,2017,2,170,514081,2.5287843744468286,2.6996653770365815,-0.17088100258975292,0.38904374991489665,15.007362652967112,TRUE,169
P. vivax,model6,15002,Santarém,PA,2017,3,171,514081,2.917828124361725,2.9357347037236976,-0.017906579361972597,0.5835656248723451,16.062643824611285,TRUE,169
P. vivax,model6,15003,Almeirim,PA,2017,1,169,73186,4.099144645150712,8.320023026911032,-4.22087838176032,0,49.907086054709886,TRUE,169
P. vivax,model6,15003,Almeirim,PA,2017,2,170,73186,1.3663815483835706,7.724122787830516,-6.357741239446945,0,47.89167327084408,TRUE,169
P. vivax,model6,15003,Almeirim,PA,2017,3,171,73186,10.931052387068565,6.257531262361628,4.673521124706937,0,36.243270570874174,TRUE,169
P. vivax,model6,15004,Portel,PA,2017,1,169,149485,103.02036993678297,40.14534794381681,62.87502199296616,14.332541726594645,235.2911663377595,TRUE,169
P. vivax,model6,15004,Portel,PA,2017,2,170,149485,82.28250326119677,45.060975040133755,37.22152822106301,14.048232264106765,232.8494497775693,TRUE,169
P. vivax,model6,15004,Portel,PA,2017,3,171,149485,75.59286884971736,44.2570460092618,31.335822840455563,15.703916780947921,248.41957387028776,TRUE,169
P. vivax,model6,15005,Furos de Breves,PA,2017,1,169,225900,704.2939353696325,205.7030717689369,498.5908636006957,99.00398406374504,1054.8362107127045,TRUE,169
P. vivax,model6,15005,Furos de Breves,PA,2017,2,170,225900,595.3961930057548,237.36707694487023,358.0291160608845,113.70075254537406,1172.9637007525444,TRUE,169
P. vivax,model6,15005,Furos de Breves,PA,2017,3,171,225900,679.061531651173,254.90761219857717,424.15391945259586,111.29924745462594,1251.062416998672,TRUE,169
P. vivax,model6,15006,Arari,PA,2017,1,169,173249,39.2498658000912,9.042233705405971,30.20763209468523,1.7316117264746116,49.42308469312948,TRUE,169
P. vivax,model6,15006,Arari,PA,2017,2,170,173249,30.59180716771814,13.413980923807818,17.177826243910324,2.886019544124353,71.63100508516638,TRUE,169
P. vivax,model6,15006,Arari,PA,2017,3,171,173249,35.2094384383171,15.959607740959813,19.24983069735729,4.0404273617740945,83.99759883173928,TRUE,169
P. vivax,model6,15007,Belém,PA,2017,1,169,2298862,1.1309943789579366,0.45659916532926365,0.674395213628673,0,2.4631752580189623,TRUE,169
P. vivax,model6,15007,Belém,PA,2017,2,170,2298862,0.6959965408971918,0.4072468824353961,0.2887496584617957,0.043499783806074485,2.5664872445583944,TRUE,169
P. vivax,model6,15007,Belém,PA,2017,3,171,2298862,1.0439948113457875,0.44227567619645997,0.6017191351493276,0.043499783806074485,2.786161152779069,TRUE,169
P. vivax,model6,15008,Castanhal,PA,2017,1,169,334419,0.8970782162496749,0.2630523688709128,0.6340258473787621,0,2.3922085766657997,TRUE,169
P. vivax,model6,15008,Castanhal,PA,2017,2,170,334419,0.29902607208322496,0.22604704090202676,0.0729790311811982,0,1.7941564324993498,TRUE,169
P. vivax,model6,15008,Castanhal,PA,2017,3,171,334419,0.5980521441664499,0.2192493766162126,0.37880276755023734,0,2.0931825045825745,TRUE,169
P. vivax,model6,15009,Salgado,PA,2017,1,169,264414,1.134584401733645,0.1943287728217205,0.9402556289119246,0,1.7113314726149058,TRUE,169
P. vivax,model6,15009,Salgado,PA,2017,2,170,264414,0,0.17730661263020964,-0.17730661263020964,0,1.5127792023115265,TRUE,169
P. vivax,model6,15009,Salgado,PA,2017,3,171,264414,0.37819480057788163,0.2688195468542381,0.10937525372364354,0,2.467721073770669,TRUE,169
P. vivax,model6,15010,Bragantina,PA,2017,1,169,412502,0,0.06743899105072883,-0.06743899105072883,0,0.7272692011190248,TRUE,169
P. vivax,model6,15010,Bragantina,PA,2017,2,170,412502,0.24242306703967495,0.05556440636441967,0.18685866067525528,0,0.7272692011190248,TRUE,169
P. vivax,model6,15010,Bragantina,PA,2017,3,171,412502,0,0.05898312688347026,-0.05898312688347026,0,0.7272692011190248,TRUE,169
P. vivax,model6,15011,Cametá,PA,2017,1,169,484618,23.93637875605116,1.426654915837547,22.509723840213613,0,8.057893020894799,FALSE,169
P. vivax,model6,15011,Cametá,PA,2017,2,170,484618,23.11098638515284,1.4609876783074538,21.649998706845388,0,9.295981577242271,FALSE,169
P. vivax,model6,15011,Cametá,PA,2017,3,171,484618,19.396720716110423,1.285396529163458,18.111324186946966,0,7.340833398676882,FALSE,169
P. vivax,model6,15012,Tomé-Açu,PA,2017,1,169,331346,1.2071973103643925,0.3325094222206237,0.8746878881437687,0,2.716193948319883,TRUE,169
P. vivax,model6,15012,Tomé-Açu,PA,2017,2,170,331346,0.6035986551821962,0.24116432804137344,0.3624343271408228,0,2.112595293137687,TRUE,169
P. vivax,model6,15012,Tomé-Açu,PA,2017,3,171,331346,0,0.2203326030665811,-0.2203326030665811,0,1.8107959655465886,TRUE,169
P. vivax,model6,15013,Guamá,PA,2017,1,169,470473,1.0627602434146062,0.14196952438587102,0.9207907190287352,0,1.2753122920975275,TRUE,169
P. vivax,model6,15013,Guamá,PA,2017,2,170,470473,0.4251040973658425,0.12912467567234592,0.29597942169349656,0,1.0627602434146062,TRUE,169
P. vivax,model6,15013,Guamá,PA,2017,3,171,470473,0,0.14293547361926207,-0.14293547361926207,0,1.0627602434146062,TRUE,169
P. vivax,model6,15014,Itaituba,PA,2017,1,169,215162,115.72675472434723,76.0786545721232,39.64810015222403,25.318132383971147,346.68064063356894,TRUE,169
P. vivax,model6,15014,Itaituba,PA,2017,2,170,215162,114.33245647465631,65.03891368256173,49.293542792094584,19.496937191511513,260.2922449131352,TRUE,169
P. vivax,model6,15014,Itaituba,PA,2017,3,171,215162,92.95321664606205,71.25643158242711,21.696785063634934,24.365361913349012,309.0578261960753,TRUE,169
P. vivax,model6,15015,Altamira,PA,2017,1,169,300663,30.931641073228164,14.176198788254064,16.7554422849741,4.814360263816965,68.19927959210145,TRUE,169
P. vivax,model6,15015,Altamira,PA,2017,2,170,300663,16.297316264389035,11.732967731107713,4.564348533281322,3.9911794933197635,62.295659924899226,TRUE,169
P. vivax,model6,15015,Altamira,PA,2017,3,171,300663,11.308341897739329,9.737676690682257,1.570665207057072,2.818770517157083,51.078782557215206,TRUE,169
P. vivax,model6,15016,Tucuruí,PA,2017,1,169,374094,44.3738739461205,14.307874671859022,30.065999274261475,5.613562366677893,90.92634471549928,TRUE,169
P. vivax,model6,15016,Tucuruí,PA,2017,2,170,374094,23.25618694766556,10.764076018705437,12.492110928960125,3.067410864648992,63.673835987746344,TRUE,169
P. vivax,model6,15016,Tucuruí,PA,2017,3,171,374094,26.463936871481497,9.221428317610595,17.242508553870902,3.2077499238159395,64.96361876961393,TRUE,169
P. vivax,model6,15017,Paragominas,PA,2017,1,169,339647,1.1776933109964167,0.8504038104819428,0.3272895005144739,0,5.454192146552149,TRUE,169
P. vivax,model6,15017,Paragominas,PA,2017,2,170,339647,0.2944233277491042,0.7059030545493191,-0.41147972680021494,0,5.005196571734771,TRUE,169
P. vivax,model6,15017,Paragominas,PA,2017,3,171,339647,1.7665399664946253,0.6315174328612088,1.1350225336334165,0,3.827503260738355,TRUE,169
P. vivax,model6,15018,São Félix do Xingu,PA,2017,1,169,211528,17.01902348625241,31.120911271111346,-14.101887784858935,10.152320260201959,157.99326803070977,TRUE,169
P. vivax,model6,15018,São Félix do Xingu,PA,2017,2,170,211528,11.346015657501606,33.4162720879989,-22.07025643049729,9.67956960780606,165.03725275140874,TRUE,169
P. vivax,model6,15018,São Félix do Xingu,PA,2017,3,171,211528,11.818766309897507,46.88769891572242,-35.06893260582491,14.359801066525476,234.69706138194454,FALSE,169
P. vivax,model6,15019,Parauapebas,PA,2017,1,169,315410,2.219333565834945,2.6723755628840005,-0.45304199704905557,0,14.116546716971555,TRUE,169
P. vivax,model6,15019,Parauapebas,PA,2017,2,170,315410,0.951142956786405,2.1171528798697223,-1.1660099230833172,0,11.096667829174725,TRUE,169
P. vivax,model6,15019,Parauapebas,PA,2017,3,171,315410,1.5852382613106748,1.8675903755962062,-0.2823521142855314,0,10.14552487238832,TRUE,169
P. vivax,model6,15020,Marabá,PA,2017,1,169,324637,0.9241090818360199,1.305022160942444,-0.380913079106424,0,8.17066446523347,TRUE,169
P. vivax,model6,15020,Marabá,PA,2017,2,170,324637,1.2321454424480267,1.0476444895077517,0.18450095294027502,0,7.700909015300166,TRUE,169
P. vivax,model6,15020,Marabá,PA,2017,3,171,324637,0.9241090818360199,1.065363880480996,-0.14125479864497603,0,6.630482662173436,TRUE,169
P. vivax,model6,15021,Redenção,PA,2017,1,169,191626,12.002546627284397,5.339339285162807,6.6632073421215905,0.24787868034609156,25.84461398766346,TRUE,169
P. vivax,model6,15021,Redenção,PA,2017,2,170,191626,2.609249266800956,5.118640607216978,-2.509391340416022,0,26.614342521369753,TRUE,169
P. vivax,model6,15021,Redenção,PA,2017,3,171,191626,3.6529489735213385,5.119156227332933,-1.4662072538115947,0,24.031185747236783,TRUE,169
P. vivax,model6,15022,Conceição do Araguaia,PA,2017,1,169,157930,1.8995757614132844,0.561747155023205,1.3378286063900795,0,5.065535363768758,TRUE,169
P. vivax,model6,15022,Conceição do Araguaia,PA,2017,2,170,157930,0,0.5992878733536805,-0.5992878733536805,0,5.065535363768758,TRUE,169
P. vivax,model6,15022,Conceição do Araguaia,PA,2017,3,171,157930,0,0.7239612813958507,-0.7239612813958507,0,6.031153042487164,TRUE,169
P. vivax,model6,16001,Oiapoque,AP,2017,1,169,36039,499.4589195038708,442.00587582590884,57.453043677961944,147.06290407613972,1902.3141596603677,TRUE,169
P. vivax,model6,16001,Oiapoque,AP,2017,2,170,36039,457.8373428785482,337.46712094360953,120.37022193493868,123.40797469408142,1543.466799855711,TRUE,169
P. vivax,model6,16001,Oiapoque,AP,2017,3,171,36039,502.2336912788923,325.43789822241246,176.79579305647985,116.54041455090318,1521.2686256555392,TRUE,169
P. vivax,model6,16002,Amapá,AP,2017,1,169,29648,192.25580140313005,207.26397111727624,-15.008169714146192,72.43321640582839,1149.2343497031834,TRUE,169
P. vivax,model6,16002,Amapá,AP,2017,2,170,29648,118.05180787911496,208.035043496385,-89.98323561727003,72.43321640582839,1090.6300593631938,TRUE,169
P. vivax,model6,16002,Amapá,AP,2017,3,171,29648,97.8143550998381,165.5128723161338,-67.69851721629571,48.8228548300054,833.2771181867241,TRUE,169
P. vivax,model6,16003,Macapá,AP,2017,1,169,649103,107.84112844956809,66.40566684696215,41.43546160260594,28.030990459141307,315.9629519506146,TRUE,169
P. vivax,model6,16003,Macapá,AP,2017,2,170,649103,76.56720119919335,53.463649922519394,23.103551276673954,24.252699494533225,253.88882812126877,TRUE,169
P. vivax,model6,16003,Macapá,AP,2017,3,171,649103,66.86149963873221,39.85249789561782,27.00900174311439,18.949226856138395,189.71950522490255,TRUE,169
P. vivax,model6,16004,Mazagão,AP,2017,1,169,82932,166.40138908985676,85.76714576861492,80.63424332124184,28.879081657261374,433.57811218829875,TRUE,169
P. vivax,model6,16004,Mazagão,AP,2017,2,170,82932,97.67038055274202,73.10168909401091,24.56869145873111,27.100516085467614,376.3324169198861,TRUE,169
P. vivax,model6,16004,Mazagão,AP,2017,3,171,82932,110.93425939323782,65.86790432430126,45.06635506893656,23.48309458351421,362.04360198716995,TRUE,169
P. vivax,model6,17001,Bico do Papagaio,TO,2017,1,169,214274,4.666921791724614,0.2311656359379502,4.435756155786664,0,2.333460895862307,FALSE,169
P. vivax,model6,17001,Bico do Papagaio,TO,2017,2,170,214274,5.133613970897075,0.20499883941122402,4.928615131485851,0,2.333460895862307,FALSE,169
P. vivax,model6,17001,Bico do Papagaio,TO,2017,3,171,214274,2.8001530750347685,0.20521935153948842,2.5949337234952803,0,2.111782110755377,FALSE,169
P. vivax,model6,17002,Araguaína,TO,2017,1,169,314505,0,0.361480228133556,-0.361480228133556,0,3.17959968839923,TRUE,169
P. vivax,model6,17002,Araguaína,TO,2017,2,170,314505,0.31795996883992306,0.3164871901154684,0.0014727787244546708,0,2.2257197818794614,TRUE,169
P. vivax,model6,17002,Araguaína,TO,2017,3,171,314505,0.31795996883992306,0.2966114783830692,0.02134849045685383,0,2.5436797507193845,TRUE,169
P. vivax,model6,17003,Miracema do Tocantins,TO,2017,1,169,149576,0.6685564529068835,0.013534345021308992,0.6550221078855745,0,0.6685564529068835,TRUE,169
P. vivax,model6,17003,Miracema do Tocantins,TO,2017,2,170,149576,0.6685564529068835,0.01276533009999281,0.6557911228068907,0,0.6685564529068835,TRUE,169
P. vivax,model6,17003,Miracema do Tocantins,TO,2017,3,171,149576,0,0.014983823288464152,-0.014983823288464152,0,0.6685564529068835,TRUE,169
P. vivax,model6,17004,Rio Formoso,TO,2017,1,169,126840,0,0.08461322112967648,-0.08461322112967648,0,1.576789656259855,TRUE,169
P. vivax,model6,17004,Rio Formoso,TO,2017,2,170,126840,0,0.08256568626814292,-0.08256568626814292,0,1.576789656259855,TRUE,169
P. vivax,model6,17004,Rio Formoso,TO,2017,3,171,126840,0,0.09612349530070108,-0.09612349530070108,0,1.9906969410280486,TRUE,169
P. vivax,model6,17005,Gurupi,TO,2017,1,169,149665,0,0.004606913053341191,-0.004606913053341191,0,0.35078341629638005,TRUE,169
P. vivax,model6,17005,Gurupi,TO,2017,2,170,149665,0,0.0015080243857147598,-0.0015080243857147598,0,0.66815888818361,TRUE,169
P. vivax,model6,17005,Gurupi,TO,2017,3,171,149665,0,0.00199922372693761,-0.00199922372693761,0,0.66815888818361,TRUE,169
P. vivax,model6,17006,Porto Nacional,TO,2017,1,169,391361,0,0.08715404803339027,-0.08715404803339027,0,0.7665556864378413,TRUE,169
P. vivax,model6,17006,Porto Nacional,TO,2017,2,170,391361,0,0.08534034728687212,-0.08534034728687212,0,1.0220742485837884,TRUE,169
P. vivax,model6,17006,Porto Nacional,TO,2017,3,171,391361,0.5110371242918942,0.10655265764121022,0.40448446665068394,0,1.0220742485837884,TRUE,169
P. vivax,model6,17007,Jalapão,TO,2017,1,169,79352,0,9.77177437468827e-4,-9.77177437468827e-4,0,0,TRUE,169
P. vivax,model6,17007,Jalapão,TO,2017,2,170,79352,0,9.750913123709157e-4,-9.750913123709157e-4,0,0,TRUE,169
P. vivax,model6,17007,Jalapão,TO,2017,3,171,79352,0,0.001224467915950208,-0.001224467915950208,0,0,TRUE,169
P. vivax,model6,17008,Dianópolis,TO,2017,1,169,124621,0,0.0014509414558970632,-0.0014509414558970632,0,0,TRUE,169
P. vivax,model6,17008,Dianópolis,TO,2017,2,170,124621,0,0.0016606634987264563,-0.0016606634987264563,0,0,TRUE,169
P. vivax,model6,17008,Dianópolis,TO,2017,3,171,124621,0,0.002238516149550805,-0.002238516149550805,0,0,TRUE,169
P. vivax,model6,21001,Litoral Ocidental Maranhense,MA,2017,1,169,188098,0.5316377632936022,0.026394077560066693,0.5052436857335355,0,0.5316377632936022,TRUE,169
P. vivax,model6,21001,Litoral Ocidental Maranhense,MA,2017,2,170,188098,0,0.02186994189298298,-0.02186994189298298,0,0.5316377632936022,TRUE,169
P. vivax,model6,21001,Litoral Ocidental Maranhense,MA,2017,3,171,188098,0.5316377632936022,0.030507698934279324,0.501130064359323,0,0.5316377632936022,TRUE,169
P. vivax,model6,21002,Aglomeração Urbana de São Luís,MA,2017,1,169,1421569,0.14068961830203106,0.02429185739166156,0.11639776091036949,0,0.2813792366040621,TRUE,169
P. vivax,model6,21002,Aglomeração Urbana de São Luís,MA,2017,2,170,1421569,0.14068961830203106,0.023659664379132857,0.1170299539228982,0,0.2813792366040621,TRUE,169
P. vivax,model6,21002,Aglomeração Urbana de São Luís,MA,2017,3,171,1421569,0.14068961830203106,0.031045520332537272,0.10964409796949379,0,0.35172404575507765,TRUE,169
P. vivax,model6,21003,Rosário,MA,2017,1,169,176135,0,0.04027988393684377,-0.04027988393684377,0,0.5677463309393364,TRUE,169
P. vivax,model6,21003,Rosário,MA,2017,2,170,176135,0,0.036434431761320475,-0.036434431761320475,0,0.5677463309393364,TRUE,169
P. vivax,model6,21003,Rosário,MA,2017,3,171,176135,0,0.04870626826146737,-0.04870626826146737,0,0.865813154682475,TRUE,169
P. vivax,model6,21004,Lençóis Maranhenses,MA,2017,1,169,196569,0,0.01843042165487282,-0.01843042165487282,0,0.5087272153798412,TRUE,169
P. vivax,model6,21004,Lençóis Maranhenses,MA,2017,2,170,196569,0,0.023637510614730312,-0.023637510614730312,0,0.5087272153798412,TRUE,169
P. vivax,model6,21004,Lençóis Maranhenses,MA,2017,3,171,196569,0,0.037302220004331914,-0.037302220004331914,0,0.5087272153798412,TRUE,169
P. vivax,model6,21005,Baixada Maranhense,MA,2017,1,169,599144,1.1683334891111319,0.5527815427842689,0.6155519463268629,0,3.3464409223825915,TRUE,169
P. vivax,model6,21005,Baixada Maranhense,MA,2017,2,170,599144,1.1683334891111319,0.44103963879159575,0.7272938503195361,0,2.5911967740643282,TRUE,169
P. vivax,model6,21005,Baixada Maranhense,MA,2017,3,171,599144,1.0014287049523989,0.4593570861645227,0.5420716187878762,0,2.7581015582230606,TRUE,169
P. vivax,model6,21006,Itapecuru Mirim,MA,2017,1,169,235736,0,0.06496723344134113,-0.06496723344134113,0,0.8484066922319883,TRUE,169
P. vivax,model6,21006,Itapecuru Mirim,MA,2017,2,170,235736,0,0.0774461636891451,-0.0774461636891451,0,1.0711134489428757,TRUE,169
P. vivax,model6,21006,Itapecuru Mirim,MA,2017,3,171,235736,0,0.12286167190019796,-0.12286167190019796,0,1.2726100383479826,TRUE,169
P. vivax,model6,21007,Gurupi,MA,2017,1,169,240034,11.66501412299924,2.18889252124862,9.47612160175062,0,13.550163726805359,TRUE,169
P. vivax,model6,21007,Gurupi,MA,2017,2,170,240034,9.998583533999351,2.051430527559493,7.947153006439859,0,13.748052359249105,TRUE,169
P. vivax,model6,21007,Gurupi,MA,2017,3,171,240034,6.665722355999566,2.555013817236624,4.1107085387629425,0,15.414482948248999,TRUE,169
P. vivax,model6,21008,Pindaré,MA,2017,1,169,658029,5.926790460602801,3.3988297571284813,2.5279607034743194,0.7598449308465128,20.6183921985201,TRUE,169
P. vivax,model6,21008,Pindaré,MA,2017,2,170,658029,3.6472556680632615,2.915795178172714,0.7314604898905475,0.6078759446772103,17.020526450961885,TRUE,169
P. vivax,model6,21008,Pindaré,MA,2017,3,171,658029,6.382697419110708,3.071916408611445,3.310781010499263,0.7598449308465128,19.850948818365133,TRUE,169
P. vivax,model6,21009,Imperatriz,MA,2017,1,169,592084,1.5200545868491633,0.5918667556239573,0.928187831225206,0,3.635463886880912,TRUE,169
P. vivax,model6,21009,Imperatriz,MA,2017,2,170,592084,0.6755798163774059,0.5090716248904272,0.1665081914869787,0,3.643908634585622,TRUE,169
P. vivax,model6,21009,Imperatriz,MA,2017,3,171,592084,1.5200545868491633,0.49799510632079524,1.022059480528368,0,3.7325784854851527,TRUE,169
P. vivax,model6,21010,Médio Mearim,MA,2017,1,169,416725,2.159697642330074,1.0538199922342817,1.1058776500957923,0,7.198992141100246,TRUE,169
P. vivax,model6,21010,Médio Mearim,MA,2017,2,170,416725,2.639630451736757,0.9976542525521854,1.6419761991845714,0,7.678924950506929,TRUE,169
P. vivax,model6,21010,Médio Mearim,MA,2017,3,171,416725,1.1998320235167077,1.1207149062802266,0.07911711723648107,0,7.702921590977241,TRUE,169
P. vivax,model6,21011,Alto Mearim e Grajaú,MA,2017,1,169,332957,1.2013563312980355,0.8984182429907955,0.30293808830724,0,7.380832960412285,TRUE,169
P. vivax,model6,21011,Alto Mearim e Grajaú,MA,2017,2,170,332957,1.5016954141225443,0.8121223773318843,0.68957303679066,0,6.006781656490177,TRUE,169
P. vivax,model6,21011,Alto Mearim e Grajaú,MA,2017,3,171,332957,3.904408076718615,0.8234013719702467,3.0810067047483685,0,5.864120592148529,TRUE,169
P. vivax,model6,21012,Presidente Dutra,MA,2017,1,169,196340,1.5279616990934093,0.692123933860267,0.8358377652331422,0,5.602526230009168,TRUE,169
P. vivax,model6,21012,Presidente Dutra,MA,2017,2,170,196340,1.5279616990934093,0.6962950238908311,0.8316666752025782,0,6.404706122033173,TRUE,169
P. vivax,model6,21012,Presidente Dutra,MA,2017,3,171,196340,0,0.8100367703668895,-0.8100367703668895,0,6.621167362738107,TRUE,169
P. vivax,model6,21013,Baixo Parnaíba Maranhense,MA,2017,1,169,145247,0,0.3387413669051659,-0.3387413669051659,0,3.442411891467638,TRUE,169
P. vivax,model6,21013,Baixo Parnaíba Maranhense,MA,2017,2,170,145247,0,0.31307409482764553,-0.31307409482764553,0,2.75392951317411,TRUE,169
P. vivax,model6,21013,Baixo Parnaíba Maranhense,MA,2017,3,171,145247,0.6884823782935275,0.3156761294868818,0.37280624880664576,0,2.75392951317411,TRUE,169
P. vivax,model6,21014,Chapadinha,MA,2017,1,169,242977,1.2346847644015688,0.302159105590312,0.9325256588112568,0,2.4693695288031376,TRUE,169
P. vivax,model6,21014,Chapadinha,MA,2017,2,170,242977,0,0.2775362844592479,-0.2775362844592479,0,2.4693695288031376,TRUE,169
P. vivax,model6,21014,Chapadinha,MA,2017,3,171,242977,0.4115615881338563,0.2847273262445735,0.12683426188928282,0,2.273877774439547,TRUE,169
P. vivax,model6,21015,Codó,MA,2017,1,169,274452,0.7287248772098581,0.3418122286900432,0.38691264851981494,0,2.741827350502083,TRUE,169
P. vivax,model6,21015,Codó,MA,2017,2,170,274452,0,0.31973058963515416,-0.31973058963515416,0,2.377464911897154,TRUE,169
P. vivax,model6,21015,Codó,MA,2017,3,171,274452,0.36436243860492906,0.3571513974325518,0.007211041172377253,0,2.5505370702345034,TRUE,169
P. vivax,model6,21016,Coelho Neto,MA,2017,1,169,92837,0,0.03087098170801697,-0.03087098170801697,0,1.077156737076812,TRUE,169
P. vivax,model6,21016,Coelho Neto,MA,2017,2,170,92837,0,0.026761140563892998,-0.026761140563892998,0,1.077156737076812,TRUE,169
P. vivax,model6,21016,Coelho Neto,MA,2017,3,171,92837,0,0.02352321085614948,-0.02352321085614948,0,1.077156737076812,TRUE,169
P. vivax,model6,21017,Caxias,MA,2017,1,169,439865,0.2273424800791152,0.26238016663531705,-0.03503768655620185,0,2.165437122753567,TRUE,169
P. vivax,model6,21017,Caxias,MA,2017,2,170,439865,0,0.26030460112471443,-0.26030460112471443,0,2.0460823207120367,TRUE,169
P. vivax,model6,21017,Caxias,MA,2017,3,171,439865,0,0.27116571428155667,-0.27116571428155667,0,2.165437122753567,TRUE,169
P. vivax,model6,21018,Chapadas do Alto Itapecuru,MA,2017,1,169,218371,0.45793626443071656,0.13582979075097934,0.3221064736797372,0,1.3738087932921497,TRUE,169
P. vivax,model6,21018,Chapadas do Alto Itapecuru,MA,2017,2,170,218371,0,0.10613251835140511,-0.10613251835140511,0,1.3738087932921497,TRUE,169
P. vivax,model6,21018,Chapadas do Alto Itapecuru,MA,2017,3,171,218371,0,0.1033784156929486,-0.1033784156929486,0,1.3738087932921497,TRUE,169
P. vivax,model6,21019,Porto Franco,MA,2017,1,169,119470,0,0.16926556429061593,-0.16926556429061593,0,2.113501297396817,TRUE,169
P. vivax,model6,21019,Porto Franco,MA,2017,2,170,119470,0,0.13903605229299004,-0.13903605229299004,0,1.6740604335816522,TRUE,169
P. vivax,model6,21019,Porto Franco,MA,2017,3,171,119470,0,0.14599246382873973,-0.14599246382873973,0,2.5110906503724784,TRUE,169
P. vivax,model6,21020,Gerais de Balsas,MA,2017,1,169,142308,0,0.006065691138793065,-0.006065691138793065,0,0.7027011833487927,TRUE,169
P. vivax,model6,21020,Gerais de Balsas,MA,2017,2,170,142308,0,0.005393468380974294,-0.005393468380974294,0,0.7027011833487927,TRUE,169
P. vivax,model6,21020,Gerais de Balsas,MA,2017,3,171,142308,0,0.006130456712064699,-0.006130456712064699,0,0.7027011833487927,TRUE,169
P. vivax,model6,21021,Chapadas das Mangabeiras,MA,2017,1,169,71282,0,0.015152536023293627,-0.015152536023293627,0,0,TRUE,169
P. vivax,model6,21021,Chapadas das Mangabeiras,MA,2017,2,170,71282,0,0.014141909838267887,-0.014141909838267887,0,0,TRUE,169
P. vivax,model6,21021,Chapadas das Mangabeiras,MA,2017,3,171,71282,0,0.016796412817915354,-0.016796412817915354,0,1.4028787071069835,TRUE,169
P. vivax,model6,51001,Aripuanã,MT,2017,1,169,161895,15.442107538836902,19.968333552249742,-4.52622601341284,5.559158713981284,111.07507952685364,TRUE,169
P. vivax,model6,51001,Aripuanã,MT,2017,2,170,161895,9.882948824855617,16.81421117459485,-6.931262349739232,2.4707372062139044,94.30495073967685,TRUE,169
P. vivax,model6,51001,Aripuanã,MT,2017,3,171,161895,12.971370332622996,17.426932824712956,-4.45556249208996,4.323790110874332,106.95203681398428,TRUE,169
P. vivax,model6,51002,Alta Floresta,MT,2017,1,169,104198,7.677690550682355,9.196593055568481,-1.5189025048861264,0.9597113188352944,55.663256492447076,TRUE,169
P. vivax,model6,51002,Alta Floresta,MT,2017,2,170,104198,3.8388452753411775,6.429825034277792,-2.590979758936615,0.4558628764467662,38.38845275341178,TRUE,169
P. vivax,model6,51002,Alta Floresta,MT,2017,3,171,104198,1.9194226376705887,5.304694803068423,-3.385272165397834,0,30.254899326282633,TRUE,169
P. vivax,model6,51003,Colíder,MT,2017,1,169,151479,0.6601575135827409,1.5214864606465326,-0.8613289470637917,0,9.902362703741112,TRUE,169
P. vivax,model6,51003,Colíder,MT,2017,2,170,151479,0.6601575135827409,1.2443792523429469,-0.584221738760206,0,7.921890162992891,TRUE,169
P. vivax,model6,51003,Colíder,MT,2017,3,171,151479,3.9609450814964453,1.3207760837444793,2.640168997751966,0,8.928630371206555,TRUE,169
P. vivax,model6,51004,Parecis,MT,2017,1,169,105594,0.9470235051233973,0.16183993396253227,0.785183571160865,0,1.8940470102467946,TRUE,169
P. vivax,model6,51004,Parecis,MT,2017,2,170,105594,0.9470235051233973,0.17203285746652572,0.7749906476568715,0,2.841070515370191,TRUE,169
P. vivax,model6,51004,Parecis,MT,2017,3,171,105594,0.9470235051233973,0.21170693215495762,0.7353165729684397,0,2.841070515370191,TRUE,169
P. vivax,model6,51005,Arinos,MT,2017,1,169,80229,0,0.04243951217816088,-0.04243951217816088,0,1.2464320881476774,TRUE,169
P. vivax,model6,51005,Arinos,MT,2017,2,170,80229,0,0.03477236643614611,-0.03477236643614611,0,1.2464320881476774,TRUE,169
P. vivax,model6,51005,Arinos,MT,2017,3,171,80229,0,0.040119320402215976,-0.040119320402215976,0,1.2464320881476774,TRUE,169
P. vivax,model6,51006,Alto Teles Pires,MT,2017,1,169,245379,0.4075328369583379,0.22568199615944828,0.18185084079888963,0,2.4451970217500274,TRUE,169
P. vivax,model6,51006,Alto Teles Pires,MT,2017,2,170,245379,0,0.21918429687870739,-0.21918429687870739,0,2.03766418479169,TRUE,169
P. vivax,model6,51006,Alto Teles Pires,MT,2017,3,171,245379,0.4075328369583379,0.21901972052639482,0.1885131164319431,0,2.8527298587083654,TRUE,169
P. vivax,model6,51007,Sinop,MT,2017,1,169,197588,0.5061036095309431,0.3171457684084872,0.18895784112245595,0,3.036621657185659,TRUE,169
P. vivax,model6,51007,Sinop,MT,2017,2,170,197588,0,0.3014124859534391,-0.3014124859534391,0,3.036621657185659,TRUE,169
P. vivax,model6,51007,Sinop,MT,2017,3,171,197588,1.0122072190618863,0.3186272537619601,0.6935799652999262,0,3.5427252667166025,TRUE,169
P. vivax,model6,51008,Paranatinga,MT,2017,1,169,35339,0,0.005857459634434325,-0.005857459634434325,0,0,TRUE,169
P. vivax,model6,51008,Paranatinga,MT,2017,2,170,35339,0,0.00484210005652685,-0.00484210005652685,0,0,TRUE,169
P. vivax,model6,51008,Paranatinga,MT,2017,3,171,35339,0,0.004974655222545201,-0.004974655222545201,0,0,TRUE,169
P. vivax,model6,51009,Norte Araguaia,MT,2017,1,169,126751,0,0.017641294434012505,-0.017641294434012505,0,0.7889484106634268,TRUE,169
P. vivax,model6,51009,Norte Araguaia,MT,2017,2,170,126751,0,0.015628280106078744,-0.015628280106078744,0,0.7889484106634268,TRUE,169
P. vivax,model6,51009,Norte Araguaia,MT,2017,3,171,126751,0,0.019354869531629328,-0.019354869531629328,0,0.7889484106634268,TRUE,169
P. vivax,model6,51010,Canarana,MT,2017,1,169,111341,0,0.061541162122136284,-0.061541162122136284,0,1.7962834894603066,TRUE,169
P. vivax,model6,51010,Canarana,MT,2017,2,170,111341,0,0.05996956374246052,-0.05996956374246052,0,1.7962834894603066,TRUE,169
P. vivax,model6,51010,Canarana,MT,2017,3,171,111341,0,0.056527343311178035,-0.056527343311178035,0,1.7962834894603066,TRUE,169
P. vivax,model6,51011,Médio Araguaia,MT,2017,1,169,67545,0,0.1393751621048863,-0.1393751621048863,0,2.9609889703160857,TRUE,169
P. vivax,model6,51011,Médio Araguaia,MT,2017,2,170,67545,0,0.09864530783574801,-0.09864530783574801,0,1.4804944851580428,TRUE,169
P. vivax,model6,51011,Médio Araguaia,MT,2017,3,171,67545,0,0.09038195000261247,-0.09038195000261247,0,1.4804944851580428,TRUE,169
P. vivax,model6,51012,Alto Guaporé,MT,2017,1,169,72605,0,0.12857755627544779,-0.12857755627544779,0,2.754631223744921,TRUE,169
P. vivax,model6,51012,Alto Guaporé,MT,2017,2,170,72605,0,0.11193602649864136,-0.11193602649864136,0,1.3773156118724605,TRUE,169
P. vivax,model6,51012,Alto Guaporé,MT,2017,3,171,72605,0,0.11429846484762912,-0.11429846484762912,0,1.3773156118724605,TRUE,169
P. vivax,model6,51013,Tangará da Serra,MT,2017,1,169,164025,0,0.04847579702483257,-0.04847579702483257,0,0.929736320682809,TRUE,169
P. vivax,model6,51013,Tangará da Serra,MT,2017,2,170,164025,0.6096631611034904,0.04566134090259426,0.5640018202008962,0,0.6096631611034904,TRUE,169
P. vivax,model6,51013,Tangará da Serra,MT,2017,3,171,164025,0,0.049652280274122884,-0.049652280274122884,0,0.6096631611034904,TRUE,169
P. vivax,model6,51014,Jauru,MT,2017,1,169,107777,0,0.022244514815167506,-0.022244514815167506,0,0.9278417473115786,TRUE,169
P. vivax,model6,51014,Jauru,MT,2017,2,170,107777,0,0.017539856690004504,-0.017539856690004504,0,0.9278417473115786,TRUE,169
P. vivax,model6,51014,Jauru,MT,2017,3,171,107777,0,0.01588085168981361,-0.01588085168981361,0,0.9278417473115786,TRUE,169
P. vivax,model6,51015,Alto Paraguai,MT,2017,1,169,32480,0,0.04408599538117716,-0.04408599538117716,0,0,TRUE,169
P. vivax,model6,51015,Alto Paraguai,MT,2017,2,170,32480,0,0.03802143780328895,-0.03802143780328895,0,3.0788177339901477,TRUE,169
P. vivax,model6,51015,Alto Paraguai,MT,2017,3,171,32480,0,0.041549869763660846,-0.041549869763660846,0,0,TRUE,169
P. vivax,model6,51016,Rosário Oeste,MT,2017,1,169,30173,0,0.0038355413681496163,-0.0038355413681496163,0,0,TRUE,169
P. vivax,model6,51016,Rosário Oeste,MT,2017,2,170,30173,0,0.0032565883956371666,-0.0032565883956371666,0,0,TRUE,169
P. vivax,model6,51016,Rosário Oeste,MT,2017,3,171,30173,0,0.0036998166057239687,-0.0036998166057239687,0,0,TRUE,169
P. vivax,model6,51017,Cuiabá,MT,2017,1,169,914056,0.32820746212485885,0.14913141038909486,0.179076051735764,0,1.2034273611244826,TRUE,169
P. vivax,model6,51017,Cuiabá,MT,2017,2,170,914056,0.21880497474990593,0.1226627067162672,0.09614226803363873,0,0.9846223863745767,TRUE,169
P. vivax,model6,51017,Cuiabá,MT,2017,3,171,914056,0.21880497474990593,0.12097084860912302,0.0978341261407829,0,1.1514611796213772,TRUE,169
P. vivax,model6,51018,Alto Pantanal,MT,2017,1,169,136433,0.7329605007586141,0.026342159143298797,0.7066183416153152,0,0.7329605007586141,TRUE,169
P. vivax,model6,51018,Alto Pantanal,MT,2017,2,170,136433,0.7329605007586141,0.02445203903311169,0.7085084617255024,0,0.7329605007586141,TRUE,169
P. vivax,model6,51018,Alto Pantanal,MT,2017,3,171,136433,0,0.02640244486534464,-0.02640244486534464,0,0.7329605007586141,TRUE,169
P. vivax,model6,51019,Primavera do Leste,MT,2017,1,169,99226,0,0.07376103794569465,-0.07376103794569465,0,1.0078003749017395,TRUE,169
P. vivax,model6,51019,Primavera do Leste,MT,2017,2,170,99226,0,0.06499997672037737,-0.06499997672037737,0,1.0078003749017395,TRUE,169
P. vivax,model6,51019,Primavera do Leste,MT,2017,3,171,99226,0,0.06310936474870014,-0.06310936474870014,0,1.0078003749017395,TRUE,169
P. vivax,model6,51020,Tesouro,MT,2017,1,169,54389,0,0.014321207719149203,-0.014321207719149203,0,0,TRUE,169
P. vivax,model6,51020,Tesouro,MT,2017,2,170,54389,0,0.012740630418924329,-0.012740630418924329,0,0,TRUE,169
P. vivax,model6,51020,Tesouro,MT,2017,3,171,54389,0,0.013528260045442069,-0.013528260045442069,0,1.838607071282796,TRUE,169
P. vivax,model6,51021,Rondonópolis,MT,2017,1,169,306100,0,0.06660073383963913,-0.06660073383963913,0,0.9800718719372754,TRUE,169
P. vivax,model6,51021,Rondonópolis,MT,2017,2,170,306100,0,0.05919518180938931,-0.05919518180938931,0,0.6533812479581836,TRUE,169
P. vivax,model6,51021,Rondonópolis,MT,2017,3,171,306100,0,0.05773017694089769,-0.05773017694089769,0,0.6533812479581836,TRUE,169
P. vivax,model6,51022,Alto Araguaia,MT,2017,1,169,39942,0,0.010558684718904919,-0.010558684718904919,0,1.3144058885383236,TRUE,169
P. vivax,model6,51022,Alto Araguaia,MT,2017,2,170,39942,0,0.009839792446434018,-0.009839792446434018,0,2.5036302638826298,TRUE,169
P. vivax,model6,51022,Alto Araguaia,MT,2017,3,171,39942,0,0.010106557883025061,-0.010106557883025061,0,0,TRUE,169
P. vivax,model6,11001,Porto Velho,RO,2018,1,181,662715,77.55973533117555,54.096582554499165,23.46315277667638,18.148827173068362,312.25338192133825,TRUE,181
P. vivax,model6,11001,Porto Velho,RO,2018,2,182,662715,61.86671495288322,45.25551933307211,16.611195619811113,13.04105082878764,258.22563243626564,TRUE,181
P. vivax,model6,11001,Porto Velho,RO,2018,3,183,662715,60.810453965882765,49.65086885225073,11.159585113632033,16.711557758614184,279.7092264397214,TRUE,181
P. vivax,model6,11002,Guajará-Mirim,RO,2018,1,181,83480,52.707235265931956,33.471018891488775,19.23621637444318,5.360565404887399,193.66914230953503,TRUE,181
P. vivax,model6,11002,Guajará-Mirim,RO,2018,2,182,83480,73.07139434595113,28.60651828328783,44.46487606266331,4.791566842357451,156.41471011020596,TRUE,181
P. vivax,model6,11002,Guajará-Mirim,RO,2018,3,183,83480,39.53042644944897,31.82095643936589,7.709470010083077,8.38524197412554,162.91327264015334,TRUE,181
P. vivax,model6,11003,Ariquemes,RO,2018,1,181,202900,62.5924100542139,58.98351322733215,3.6088968268817467,24.87678659438147,264.834894036471,TRUE,181
P. vivax,model6,11003,Ariquemes,RO,2018,2,182,202900,63.08526367668802,50.082902151994645,13.002361524693377,18.469689502217843,231.14834894036468,TRUE,181
P. vivax,model6,11003,Ariquemes,RO,2018,3,183,202900,51.74963035978315,51.33539673924806,0.41423362053508583,18.161655988171518,245.04682109413494,TRUE,181
P. vivax,model6,11004,Ji-Paraná,RO,2018,1,181,295352,8.803055337360167,4.783914779518946,4.019140557841221,0.3385790514369295,25.57118285977409,TRUE,181
P. vivax,model6,11004,Ji-Paraná,RO,2018,2,182,295352,8.125897234486308,3.7664554609058185,4.359441773580489,0.677158102873859,21.34740919309839,TRUE,181
P. vivax,model6,11004,Ji-Paraná,RO,2018,3,183,295352,6.43300197730166,4.026551076849135,2.4064509004525254,0.837983152306401,25.07177875890461,TRUE,181
P. vivax,model6,11005,Alvorada D'Oeste,RO,2018,1,181,69972,4.287429257417252,4.063542397076364,0.22388686034088856,0,25.724575544503516,TRUE,181
P. vivax,model6,11005,Alvorada D'Oeste,RO,2018,2,182,69972,7.145715429028754,3.2953478599223107,3.850367569106443,0,25.045732578745753,TRUE,181
P. vivax,model6,11005,Alvorada D'Oeste,RO,2018,3,183,69972,1.4291430858057508,3.5675456285983,-2.1384025427925493,0,27.975475904647475,TRUE,181
P. vivax,model6,11006,Cacoal,RO,2018,1,181,236369,4.653740549733679,2.2980194133456324,2.3557211363880466,0,12.91413002551095,TRUE,181
P. vivax,model6,11006,Cacoal,RO,2018,2,182,236369,1.692269290812247,2.0958559387642777,-0.4035866479520307,0,12.290105724523924,TRUE,181
P. vivax,model6,11006,Cacoal,RO,2018,3,183,236369,2.1153366135153084,2.485823611628273,-0.37048699811296437,0,15.230423617310223,TRUE,181
P. vivax,model6,11007,Vilhena,RO,2018,1,181,158934,3.1459599582216518,2.561102729412422,0.5848572288092297,0,16.98818377439692,TRUE,181
P. vivax,model6,11007,Vilhena,RO,2018,2,182,158934,3.1459599582216518,2.344407390353647,0.8015525678680047,0,15.430933595077187,TRUE,181
P. vivax,model6,11007,Vilhena,RO,2018,3,183,158934,2.5167679665773215,2.552126181397787,-0.03535821482046542,0,14.801741603432855,TRUE,181
P. vivax,model6,11008,Colorado do Oeste,RO,2018,1,181,47867,2.089121942047757,1.049481273489073,1.039640668558684,0,10.445609710238786,TRUE,181
P. vivax,model6,11008,Colorado do Oeste,RO,2018,2,182,47867,2.089121942047757,0.8369302118957548,1.2521917301520022,0,8.356487768191029,TRUE,181
P. vivax,model6,11008,Colorado do Oeste,RO,2018,3,183,47867,2.089121942047757,0.8662954101089744,1.2228265319387828,0,8.356487768191029,TRUE,181
P. vivax,model6,12001,Cruzeiro do Sul,AC,2018,1,181,154965,2579.292098215726,1656.6540915998157,922.6380066159104,630.4165456716032,7587.874681379655,TRUE,181
P. vivax,model6,12001,Cruzeiro do Sul,AC,2018,2,182,154965,2013.357854999516,1227.4830308261387,785.8748241733772,481.3506275610622,5410.431387732711,TRUE,181
P. vivax,model6,12001,Cruzeiro do Sul,AC,2018,3,183,154965,1657.793695350563,1235.061553704319,422.7321416462439,449.18207337140643,5274.255477043203,TRUE,181
P. vivax,model6,12002,Tarauacá,AC,2018,1,181,84810,10.611956137247967,19.480207215687425,-8.868251078439458,3.5373187124159884,102.02216719726445,TRUE,181
P. vivax,model6,12002,Tarauacá,AC,2018,2,182,84810,18.865699799551937,14.710042896048115,4.1556569035038216,4.716424949887984,91.52812168376357,TRUE,181
P. vivax,model6,12002,Tarauacá,AC,2018,3,183,84810,9.432849899775968,14.955047466661242,-5.522197566885273,3.5373187124159884,85.5146798726565,TRUE,181
P. vivax,model6,12003,Sena Madureira,AC,2018,1,181,60875,13.141683778234087,1.423819639287838,11.717864138946249,0,14.004106776180663,TRUE,181
P. vivax,model6,12003,Sena Madureira,AC,2018,2,182,60875,1.642710472279261,1.2119970724304647,0.4307133998487962,0,11.498973305954825,TRUE,181
P. vivax,model6,12003,Sena Madureira,AC,2018,3,183,60875,4.928131416837782,1.21432161180914,3.7138098050286414,0,12.361396303901401,TRUE,181
P. vivax,model6,12004,Rio Branco,AC,2018,1,181,498297,21.87450456254001,13.87258073126648,8.001923831273531,5.4184552586108286,83.31376668934388,TRUE,181
P. vivax,model6,12004,Rio Branco,AC,2018,2,182,498297,24.483390427797076,11.806708837901036,12.67668158989604,5.112412878263365,65.27231751345077,TRUE,181
P. vivax,model6,12004,Rio Branco,AC,2018,3,183,498297,20.068352809669733,14.386586827423315,5.681765982246418,5.313096406360062,78.12609748804404,TRUE,181
P. vivax,model6,12005,Brasiléia,AC,2018,1,181,70318,1.4221109815409996,2.1045992144290695,-0.6824882328880699,0,16.389829062259984,TRUE,181
P. vivax,model6,12005,Brasiléia,AC,2018,2,182,70318,4.266332944622998,1.465096902386454,2.801236042236544,0,12.798998833868994,TRUE,181
P. vivax,model6,12005,Brasiléia,AC,2018,3,183,70318,0,1.3971992191815308,-1.3971992191815308,0,11.376887852327997,TRUE,181
P. vivax,model6,13001,Rio Negro,AM,2018,1,181,115590,2028.7222078034433,1546.262159813954,482.46004798948934,547.387317241976,8936.30504368888,TRUE,181
P. vivax,model6,13001,Rio Negro,AM,2018,2,182,115590,1625.5731464659573,1438.9144414971681,186.65870496878915,596.2886062808202,8140.73449260316,TRUE,181
P. vivax,model6,13001,Rio Negro,AM,2018,3,183,115590,1612.5962453499437,1537.1319970627287,75.46424828721501,594.4069556189983,9068.042218184963,TRUE,181
P. vivax,model6,13002,Japurá,AM,2018,1,181,21451,498.81124423103824,325.0857992471026,173.72544498393563,83.67908256025362,1673.1154724721418,TRUE,181
P. vivax,model6,13002,Japurá,AM,2018,2,182,21451,321.66332571908066,248.2749914767095,73.38833424237117,90.78830823737823,1347.9558062561177,TRUE,181
P. vivax,model6,13002,Japurá,AM,2018,3,183,21451,186.47149317048158,311.180705301691,-124.7092121312094,90.78830823737823,1616.3582117383794,TRUE,181
P. vivax,model6,13003,Alto Solimões,AM,2018,1,181,249343,189.69852773087675,69.82196399920046,119.87656373167628,24.82524073264539,405.0945885787845,TRUE,181
P. vivax,model6,13003,Alto Solimões,AM,2018,2,182,249343,202.5322547655238,87.0840170520581,115.44823771346569,29.066386463626408,516.2767753656606,TRUE,181
P. vivax,model6,13003,Alto Solimões,AM,2018,3,183,249343,158.81737205375728,115.84311282373001,42.97425923002727,46.80299827947848,655.2921076589275,TRUE,181
P. vivax,model6,13004,Juruá,AM,2018,1,181,150133,509.54820059547205,249.1670712785082,260.3811293169639,73.51814724277807,1423.6044040950344,TRUE,181
P. vivax,model6,13004,Juruá,AM,2018,2,182,150133,420.29400598136317,239.25098017426177,181.0430258071014,90.0701378111408,1382.1744719681856,TRUE,181
P. vivax,model6,13004,Juruá,AM,2018,3,183,150133,394.983114971392,353.4992598684744,41.48385510291763,99.36189911611706,1931.770496826145,TRUE,181
P. vivax,model6,13005,Tefé,AM,2018,1,181,89401,310.9584903971991,126.72867881219265,184.22981158500647,46.28024295030258,809.4428473954424,TRUE,181
P. vivax,model6,13005,Tefé,AM,2018,2,182,89401,253.9121486336842,126.9480212559404,126.96412737774381,42.98050357378553,792.3289448663882,TRUE,181
P. vivax,model6,13005,Tefé,AM,2018,3,183,89401,392.6130580194852,163.99579541480463,228.61726260468058,62.05187861433318,1055.07768369481,TRUE,181
P. vivax,model6,13006,Coari,AM,2018,1,181,178314,161.51283690568323,109.22213211586853,52.2907047898147,40.37820922642081,543.1429949415069,TRUE,181
P. vivax,model6,13006,Coari,AM,2018,2,182,178314,134.59403075473602,121.45470671602419,13.139324038711834,47.262133091064086,598.4947900893927,TRUE,181
P. vivax,model6,13006,Coari,AM,2018,3,183,178314,155.34394382942452,158.31031930533916,-2.9663754759146457,58.02965555144296,758.1849994952719,TRUE,181
P. vivax,model6,13007,Manaus,AM,2018,1,181,2426207,84.49402709661625,61.71919794622776,22.77482915038849,26.16223595101325,381.5626613887433,TRUE,181
P. vivax,model6,13007,Manaus,AM,2018,2,182,2426207,65.4519585509398,53.15053630064452,12.301422250295289,21.031799842305297,324.70951571733156,TRUE,181
P. vivax,model6,13007,Manaus,AM,2018,3,183,2426207,57.868104411536194,59.953379259773186,-2.085274848236992,24.144683450340388,368.3733498419547,TRUE,181
P. vivax,model6,13008,Rio Preto da Eva,AM,2018,1,181,67929,834.6950492425915,481.8499570368337,352.8450922057578,211.213178465751,2646.991711934518,TRUE,181
P. vivax,model6,13008,Rio Preto da Eva,AM,2018,2,182,67929,479.91285018180747,372.3672341979777,107.54561598382975,158.2166674027293,2146.1378792562796,TRUE,181
P. vivax,model6,13008,Rio Preto da Eva,AM,2018,3,183,67929,396.0017076653565,339.9576038401404,56.0441038252161,144.67311457551267,1847.2596387404478,TRUE,181
P. vivax,model6,13009,Itacoatiara,AM,2018,1,181,177387,97.52687626488976,76.61118648298752,20.915689781902245,31.21705649230215,398.6904339100381,TRUE,181
P. vivax,model6,13009,Itacoatiara,AM,2018,2,182,177387,64.26626528437822,57.20026491989949,7.066000364478732,22.521379807990442,298.3025813616555,TRUE,181
P. vivax,model6,13009,Itacoatiara,AM,2018,3,183,177387,43.97165519457457,59.45560994042033,-15.483954745845757,19.138944793023164,323.4453483062448,TRUE,181
P. vivax,model6,13010,Parintins,AM,2018,1,181,277264,31.017369727047146,14.454349276488198,16.56302045055895,2.8853367187950836,89.8241387269891,TRUE,181
P. vivax,model6,13010,Parintins,AM,2018,2,182,277264,23.08269375036067,11.269993361690442,11.812700388670226,2.3353194067747713,58.12150152922841,TRUE,181
P. vivax,model6,13010,Parintins,AM,2018,3,183,277264,23.08269375036067,13.089654393439307,9.993039356921361,3.9673379883432394,75.13597149287295,TRUE,181
P. vivax,model6,13011,Boca do Acre,AM,2018,1,181,53305,58.15589531938842,46.59920436360562,11.556690955782798,10.271081512053282,289.8883782009192,TRUE,181
P. vivax,model6,13011,Boca do Acre,AM,2018,2,182,53305,33.76793921770941,41.048498921908696,-7.280559704199284,5.627989869618235,263.6244254760341,TRUE,181
P. vivax,model6,13011,Boca do Acre,AM,2018,3,183,53305,127.56777037801332,48.966472691732385,78.60129768628093,11.162179908076173,298.3772629209267,TRUE,181
P. vivax,model6,13012,Purus,AM,2018,1,181,77994,338.4875759673821,198.60223883152898,139.88533713585312,72.40941610893145,1154.4157242864826,TRUE,181
P. vivax,model6,13012,Purus,AM,2018,2,182,77994,369.2591737825987,196.07875694946028,173.1804168331384,76.25586583583352,1089.8915301177,TRUE,181
P. vivax,model6,13012,Purus,AM,2018,3,183,77994,430.8023694130318,313.23721849727787,117.56515091575392,142.8635536066877,1712.1829884350059,TRUE,181
P. vivax,model6,13013,Madeira,AM,2018,1,181,196293,62.66142959759135,52.50953424916016,10.15189534843119,18.581915809529633,279.70941398827256,TRUE,181
P. vivax,model6,13013,Madeira,AM,2018,2,182,196293,48.90648163714447,51.634150652847524,-2.72766901570305,18.849373130982766,281.5179349238126,TRUE,181
P. vivax,model6,13013,Madeira,AM,2018,3,183,196293,50.43480918830523,68.7354276788898,-18.300618490584576,25.204668531226282,378.5794704854475,TRUE,181
P. vivax,model6,14001,Boa Vista,RR,2018,1,181,418986,286.88309394585974,140.1938148689322,146.68927907692753,61.08795997956973,852.4986515062554,TRUE,181
P. vivax,model6,14001,Boa Vista,RR,2018,2,182,418986,242.01285961822114,109.89253576102068,132.12032385720045,45.21034115698376,672.6239062880379,TRUE,181
P. vivax,model6,14001,Boa Vista,RR,2018,3,183,418986,279.9616216293623,118.27763093333412,161.68399069602816,43.539640942656796,718.2161217797245,TRUE,181
P. vivax,model6,14002,Nordeste de Roraima,RR,2018,1,181,51495,737.9357219147489,348.2777723862398,389.6579495285091,119.28342557529857,1892.222545878238,TRUE,181
P. vivax,model6,14002,Nordeste de Roraima,RR,2018,2,182,51495,541.80017477425,286.64697644919045,255.15319832505952,101.61180697155065,1663.9965045150007,TRUE,181
P. vivax,model6,14002,Nordeste de Roraima,RR,2018,3,183,51495,462.1807942518691,263.3003306732545,198.88046357861458,88.21244781046704,1471.6962811923474,TRUE,181
P. vivax,model6,14003,Caracaraí,RR,2018,1,181,50692,923.2225992267024,520.5654259991244,402.657173227578,214.43225755543284,2821.845656119308,TRUE,181
P. vivax,model6,14003,Caracaraí,RR,2018,2,182,50692,623.3725242641837,385.28296439682794,238.08955986735572,145.97964175806834,1930.1862226781338,TRUE,181
P. vivax,model6,14003,Caracaraí,RR,2018,3,183,50692,426.1027381046319,388.9781035053479,37.12463459928398,167.67931823561904,2070.938215102973,TRUE,181
P. vivax,model6,14004,Sudeste de Roraima,RR,2018,1,181,55395,909.8294069861901,640.5244856954414,269.30492129074867,289.51168878057587,3052.035382254716,TRUE,181
P. vivax,model6,14004,Sudeste de Roraima,RR,2018,2,182,55395,1054.2467731744744,503.4350473822333,550.8117257922411,216.6260492824262,2604.476938351835,TRUE,181
P. vivax,model6,14004,Sudeste de Roraima,RR,2018,3,183,55395,862.8937629749978,540.2365331192722,322.65722985572563,253.4976080873725,2825.706291181514,TRUE,181
P. vivax,model6,15001,Óbidos,PA,2018,1,181,206970,3.865294487123738,1.5001727472290263,2.3651217398947115,0,11.36638160119823,TRUE,181
P. vivax,model6,15001,Óbidos,PA,2018,2,182,206970,4.348456298014205,1.2546436709524464,3.0938126270617587,0,10.170556119244313,TRUE,181
P. vivax,model6,15001,Óbidos,PA,2018,3,183,206970,27.057061409866165,1.4504887728242792,25.606572637041886,0,10.146398028699812,FALSE,181
P. vivax,model6,15002,Santarém,PA,2018,1,181,525029,7.42816111110053,2.530086998735383,4.898074112365147,0.3809313390307964,16.00863952276921,TRUE,181
P. vivax,model6,15002,Santarém,PA,2018,2,182,525029,4.952107407400353,2.388152596165347,2.563954811235006,0,14.094459544139468,TRUE,181
P. vivax,model6,15002,Santarém,PA,2018,3,183,525029,3.809313390307964,2.846024464174264,0.9632889261337003,0.3809313390307964,19.237032621055217,TRUE,181
P. vivax,model6,15003,Almeirim,PA,2018,1,181,74600,0,2.859824736133615,-2.859824736133615,0,20.10723860589812,TRUE,181
P. vivax,model6,15003,Almeirim,PA,2018,2,182,74600,2.680965147453083,2.5608266311202676,0.12013851633281547,0,18.766756032171582,TRUE,181
P. vivax,model6,15003,Almeirim,PA,2018,3,183,74600,17.426273458445042,2.2912556719951596,15.135017786449882,0,15.44906166219836,FALSE,181
P. vivax,model6,15004,Portel,PA,2018,1,181,151541,1032.06392989356,280.9024277806933,751.1615021128667,112.11487320263163,1543.6416547337003,TRUE,181
P. vivax,model6,15004,Portel,PA,2018,2,182,151541,932.4209289895144,291.1973762366989,641.2235527528155,103.4043592163177,1611.445087468076,TRUE,181
P. vivax,model6,15004,Portel,PA,2018,3,183,151541,855.2141004744591,298.9910203628008,556.2230801116583,118.96120521838975,1565.7148890399276,TRUE,181
P. vivax,model6,15005,Furos de Breves,PA,2018,1,181,229807,756.2867971819832,372.22058397275435,384.0662132092288,173.4498949118173,1875.106067265139,TRUE,181
P. vivax,model6,15005,Furos de Breves,PA,2018,2,182,229807,682.3116789305809,422.7717558017956,259.5399231287853,207.29351151183386,2176.6308249966255,TRUE,181
P. vivax,model6,15005,Furos de Breves,PA,2018,3,183,229807,643.1483810327798,462.4049005564962,180.74348047628354,226.0048649518944,2368.291653430922,TRUE,181
P. vivax,model6,15006,Arari,PA,2018,1,181,175883,43.77910315380111,15.291246467694418,28.487856686106692,5.955663708260606,86.86172057560978,TRUE,181
P. vivax,model6,15006,Arari,PA,2018,2,182,175883,57.99309768425601,21.386340079691728,36.60675760456428,6.822717374618355,109.24876196107633,TRUE,181
P. vivax,model6,15006,Arari,PA,2018,3,183,175883,94.38092368222057,27.658710418901652,66.72221326331892,10.475713968945268,149.34644053148958,TRUE,181
P. vivax,model6,15007,Belém,PA,2018,1,181,2345306,3.197876950811536,0.7645012688533003,2.433375681958236,0.19080665806508837,5.336190671920844,TRUE,181
P. vivax,model6,15007,Belém,PA,2018,2,182,2345306,2.515663201305075,0.6289766559017461,1.8866865454033288,0.06289158003262693,4.1785592157270735,TRUE,181
P. vivax,model6,15007,Belém,PA,2018,3,183,2345306,2.473024841960921,0.765470013507834,1.707554828453087,0.19080665806508837,5.1613733986098165,TRUE,181
P. vivax,model6,15008,Castanhal,PA,2018,1,181,339469,0.29457770812651524,0.47865927756695503,-0.1840815694404398,0,4.418665621897729,TRUE,181
P. vivax,model6,15008,Castanhal,PA,2018,2,182,339469,0,0.3666888505542342,-0.3666888505542342,0,3.3950080861580814,TRUE,181
P. vivax,model6,15008,Castanhal,PA,2018,3,183,339469,0.5891554162530305,0.4204983252521177,0.16865709100091275,0,3.3950080861580814,TRUE,181
P. vivax,model6,15009,Salgado,PA,2018,1,181,269829,1.1118152607762695,0.23576083895955877,0.8760544218167107,0,2.223630521552539,TRUE,181
P. vivax,model6,15009,Salgado,PA,2018,2,182,269829,0.7412101738508463,0.22009029792434878,0.5211198759264976,0,2.223630521552539,TRUE,181
P. vivax,model6,15009,Salgado,PA,2018,3,183,269829,0,0.3494143733347465,-0.3494143733347465,0,3.159408366039224,TRUE,181
P. vivax,model6,15010,Bragantina,PA,2018,1,181,420667,0.2377177197165454,0.03693783298245458,0.2007798867340908,0,0.4754354394330908,TRUE,181
P. vivax,model6,15010,Bragantina,PA,2018,2,182,420667,0.4754354394330908,0.02885566144339838,0.4465797779896924,0,0.4754354394330908,TRUE,181
P. vivax,model6,15010,Bragantina,PA,2018,3,183,420667,0.2377177197165454,0.03626000604350033,0.20145771367304507,0,0.4754354394330908,TRUE,181
P. vivax,model6,15011,Cametá,PA,2018,1,181,492940,299.63078670832147,62.054120347663805,237.57666636065767,28.39087921450887,350.2961820911264,TRUE,181
P. vivax,model6,15011,Cametá,PA,2018,2,182,492940,210.37043047835436,60.12713086948594,150.24329960886843,25.86014525094332,324.13174017121753,TRUE,181
P. vivax,model6,15011,Cametá,PA,2018,3,183,492940,205.0959548829472,56.095100520897674,149.00085436204955,23.415628676918086,314.21674037408167,TRUE,181
P. vivax,model6,15012,Tomé-Açu,PA,2018,1,181,335866,0.2977377882846135,0.4344116237956882,-0.1366738355110747,0,3.8854781371141924,TRUE,181
P. vivax,model6,15012,Tomé-Açu,PA,2018,2,182,335866,0.2977377882846135,0.3080168486334694,-0.010279060348855895,0,2.850839322825154,TRUE,181
P. vivax,model6,15012,Tomé-Açu,PA,2018,3,183,335866,1.4886889414230675,0.2984235085117279,1.1902654329113396,0,2.381902306276908,TRUE,181
P. vivax,model6,15013,Guamá,PA,2018,1,181,479227,8.138105741120597,0.6072300418615056,7.5308756992590915,0,4.19425449734675,FALSE,181
P. vivax,model6,15013,Guamá,PA,2018,2,182,479227,6.886089473255889,0.5474055055963181,6.338683967659571,0,3.9647181815715724,FALSE,181
P. vivax,model6,15013,Guamá,PA,2018,3,183,479227,4.173387559549024,0.6308517090880519,3.542535850460972,0,4.590726315503926,TRUE,181
P. vivax,model6,15014,Itaituba,PA,2018,1,181,220435,178.73749631410618,107.30264307435705,71.43485323974913,40.47678453966023,600.1542404790524,TRUE,181
P. vivax,model6,15014,Itaituba,PA,2018,2,182,220435,151.0649397781659,95.87887989009103,55.186059888074865,36.70016104520607,577.0295098328304,TRUE,181
P. vivax,model6,15014,Itaituba,PA,2018,3,183,220435,125.6606255812371,101.0332410393907,24.627384541846396,40.32934878762447,613.763694513121,TRUE,181
P. vivax,model6,15015,Altamira,PA,2018,1,181,306088,16.00846815294948,15.962388060830545,0.0460800921189346,3.7489218786754144,91.86900499202838,TRUE,181
P. vivax,model6,15015,Altamira,PA,2018,2,182,306088,12.088026972635319,13.289761443287844,-1.201734470652525,3.422218446982568,81.55334413632679,TRUE,181
P. vivax,model6,15015,Altamira,PA,2018,3,183,306088,13.721544131099552,10.804273909914787,2.917270221184765,2.1154047202111816,59.85206868612943,TRUE,181
P. vivax,model6,15016,Tucuruí,PA,2018,1,181,379626,64.01036809912914,36.308035045049365,27.702333054079773,13.822815086427166,204.3590270424047,TRUE,181
P. vivax,model6,15016,Tucuruí,PA,2018,2,182,379626,37.66865283199781,26.8110484759817,10.857604356016111,8.956183190824653,154.11220517035187,TRUE,181
P. vivax,model6,15016,Tucuruí,PA,2018,3,183,379626,35.82473276329861,21.93074562966536,13.893987133633253,7.764220574986961,132.18931263928175,TRUE,181
P. vivax,model6,15017,Paragominas,PA,2018,1,181,344335,1.161659430496464,1.1405308922303194,0.02112853826614458,0,7.122424383231439,TRUE,181
P. vivax,model6,15017,Paragominas,PA,2018,2,182,344335,1.7424891457446963,0.927284333234241,0.8152048125104553,0,5.379935237486743,TRUE,181
P. vivax,model6,15017,Paragominas,PA,2018,3,183,344335,2.9041485762411603,0.8617744334054704,2.0423741428356896,0,4.799105522238511,TRUE,181
P. vivax,model6,15018,São Félix do Xingu,PA,2018,1,181,212630,3.2921036542350564,4.730518999005226,-1.4384153447701697,0,32.00395052438506,TRUE,181
P. vivax,model6,15018,São Félix do Xingu,PA,2018,2,182,212630,2.821803132201477,4.92226557661775,-2.1004624444162734,0.6936932699995304,31.286742228283863,TRUE,181
P. vivax,model6,15018,São Félix do Xingu,PA,2018,3,183,212630,1.8812020881343179,6.764723311818006,-4.8835212236836885,0.2233927479659509,38.811550580821134,TRUE,181
P. vivax,model6,15019,Parauapebas,PA,2018,1,181,317861,0.9438087717587248,1.423433245303111,-0.4796244735443863,0,8.974048404805867,TRUE,181
P. vivax,model6,15019,Parauapebas,PA,2018,2,182,317861,0.6292058478391498,1.0816535116956516,-0.4524476638565018,0,7.865073097989372,TRUE,181
P. vivax,model6,15019,Parauapebas,PA,2018,3,183,317861,0.3146029239195749,0.9548336984461707,-0.6402307745265958,0,6.457225013449268,TRUE,181
P. vivax,model6,15020,Marabá,PA,2018,1,181,329372,3.0360807840375017,0.8929430981072145,2.143137685930287,0,6.231555809236966,TRUE,181
P. vivax,model6,15020,Marabá,PA,2018,2,182,329372,0.30360807840375015,0.7090553446641344,-0.4054472662603843,0,4.872909658380177,TRUE,181
P. vivax,model6,15020,Marabá,PA,2018,3,183,329372,1.2144323136150006,0.7283304278652003,0.4861018857498003,0,5.176517736783927,TRUE,181
P. vivax,model6,15021,Redenção,PA,2018,1,181,195973,0.5102743745311854,2.899988193303481,-2.3897138187722953,0,17.349328734060304,TRUE,181
P. vivax,model6,15021,Redenção,PA,2018,2,182,195973,0.5102743745311854,2.469441466794896,-1.9591670922637103,0,15.06585090803324,TRUE,181
P. vivax,model6,15021,Redenção,PA,2018,3,183,195973,1.0205487490623708,2.609693673622921,-1.5891449245605502,0.5102743745311854,16.89008179698219,TRUE,181
P. vivax,model6,15022,Conceição do Araguaia,PA,2018,1,181,160043,0,0.5195994120364398,-0.5195994120364398,0,4.70186137475552,TRUE,181
P. vivax,model6,15022,Conceição do Araguaia,PA,2018,2,182,160043,0,0.5548801000165731,-0.5548801000165731,0,4.998656611035784,TRUE,181
P. vivax,model6,15022,Conceição do Araguaia,PA,2018,3,183,160043,0,0.6512032579071997,-0.6512032579071997,0,5.951525527514466,TRUE,181
P. vivax,model6,16001,Oiapoque,AP,2018,1,181,37553,649.7483556573376,500.8218418086576,148.92651384867997,150.25430724575932,2973.597315793678,TRUE,181
P. vivax,model6,16001,Oiapoque,AP,2018,2,182,37553,513.9402977125662,367.96467920689344,145.9756185056728,126.28817937315262,2034.657683806885,TRUE,181
P. vivax,model6,16001,Oiapoque,AP,2018,3,183,37553,356.82901499214444,364.25945530418335,-7.430440312038911,112.97366388837112,2266.9959790163216,TRUE,181
P. vivax,model6,16002,Amapá,AP,2018,1,181,30877,58.295818894322636,102.90314076188106,-44.607321867558426,30.686271334650396,638.1772840625707,TRUE,181
P. vivax,model6,16002,Amapá,AP,2018,2,182,30877,80.96641513100366,98.31784819913905,-17.351433068135393,24.2089581241701,613.9683259384005,TRUE,181
P. vivax,model6,16002,Amapá,AP,2018,3,183,30877,64.77313210480294,88.1498436162138,-23.37671151141086,22.670596236681025,530.3300191080718,TRUE,181
P. vivax,model6,16003,Macapá,AP,2018,1,181,674807,139.29908848011357,83.23692811009614,56.06216037001742,40.82648816624606,456.39345768493746,TRUE,181
P. vivax,model6,16003,Macapá,AP,2018,2,182,674807,99.73221973097495,64.7514902717954,34.98072945917954,33.102057328984436,358.5247337386836,TRUE,181
P. vivax,model6,16003,Macapá,AP,2018,3,183,674807,73.20611671188948,52.29025231937996,20.91586439250952,26.63724590883023,293.36906700730725,TRUE,181
P. vivax,model6,16004,Mazagão,AP,2018,1,181,86257,165.78364654462825,119.44188343543432,46.341763109193934,40.57641698644748,741.2152057224328,TRUE,181
P. vivax,model6,16004,Mazagão,AP,2018,2,182,86257,156.50903694772597,95.97475803922462,60.53427890850135,31.301807389545196,619.6888368480228,TRUE,181
P. vivax,model6,16004,Mazagão,AP,2018,3,183,86257,146.0751011512109,91.47781258453651,54.59728856667439,31.85248733436127,578.2139420568758,TRUE,181
P. vivax,model6,17001,Bico do Papagaio,TO,2018,1,181,214202,1.8673961961139485,2.7559682250415536,-0.8885720289276051,0,17.78694876798532,TRUE,181
P. vivax,model6,17001,Bico do Papagaio,TO,2018,2,182,214202,0.9336980980569742,2.5347896545381654,-1.6010915564811912,0,17.51851056479397,TRUE,181
P. vivax,model6,17001,Bico do Papagaio,TO,2018,3,183,214202,0.9336980980569742,2.6586007052609277,-1.7249026072039535,0,17.74026386308251,TRUE,181
P. vivax,model6,17002,Araguaína,TO,2018,1,181,315817,0.6332781325894425,0.11858122031132257,0.51469691227812,0,1.5831953314736065,TRUE,181
P. vivax,model6,17002,Araguaína,TO,2018,2,182,315817,0,0.10066698568174852,-0.10066698568174852,0,1.1161527086888854,TRUE,181
P. vivax,model6,17002,Araguaína,TO,2018,3,183,315817,0,0.09941047478413613,-0.09941047478413613,0,1.266556265178885,TRUE,181
P. vivax,model6,17003,Miracema do Tocantins,TO,2018,1,181,148745,0,0.042815356459393626,-0.042815356459393626,0,0.6722915055968267,TRUE,181
P. vivax,model6,17003,Miracema do Tocantins,TO,2018,2,182,148745,0,0.04081014986226063,-0.04081014986226063,0,0.6722915055968267,TRUE,181
P. vivax,model6,17003,Miracema do Tocantins,TO,2018,3,183,148745,0,0.04704326788588794,-0.04704326788588794,0,0.6722915055968267,TRUE,181
P. vivax,model6,17004,Rio Formoso,TO,2018,1,181,126836,0,0.050743826723927764,-0.050743826723927764,0,0.7884196915702166,TRUE,181
P. vivax,model6,17004,Rio Formoso,TO,2018,2,182,126836,0,0.05004436208853295,-0.05004436208853295,0,0.7884196915702166,TRUE,181
P. vivax,model6,17004,Rio Formoso,TO,2018,3,183,126836,0,0.05793686001745072,-0.05793686001745072,0,0.7884196915702166,TRUE,181
P. vivax,model6,17005,Gurupi,TO,2018,1,181,149602,0,0.03767565871315,-0.03767565871315,0,0.6684402614938303,TRUE,181
P. vivax,model6,17005,Gurupi,TO,2018,2,182,149602,0,0.0384257157979845,-0.0384257157979845,0,0.6684402614938303,TRUE,181
P. vivax,model6,17005,Gurupi,TO,2018,3,183,149602,0,0.04565391614740283,-0.04565391614740283,0,0.6684402614938303,TRUE,181
P. vivax,model6,17006,Porto Nacional,TO,2018,1,181,396590,0.7564487253838977,0.0908742358198055,0.6655744895640923,0,0.7564487253838977,TRUE,181
P. vivax,model6,17006,Porto Nacional,TO,2018,2,182,396590,0,0.09351675148700918,-0.09351675148700918,0,1.0085983005118637,TRUE,181
P. vivax,model6,17006,Porto Nacional,TO,2018,3,183,396590,0.7564487253838977,0.11288852855628849,0.6435601968276092,0,1.0085983005118637,TRUE,181
P. vivax,model6,17007,Jalapão,TO,2018,1,181,79443,0,0.0010524648420983406,-0.0010524648420983406,0,0,TRUE,181
P. vivax,model6,17007,Jalapão,TO,2018,2,182,79443,0,0.0010708557028201483,-0.0010708557028201483,0,0,TRUE,181
P. vivax,model6,17007,Jalapão,TO,2018,3,183,79443,0,0.00128578828989465,-0.00128578828989465,0,0,TRUE,181
P. vivax,model6,17008,Dianópolis,TO,2018,1,181,123994,0,0.0014394831213851407,-0.0014394831213851407,0,0,TRUE,181
P. vivax,model6,17008,Dianópolis,TO,2018,2,182,123994,0,0.0016490963532036496,-0.0016490963532036496,0,0,TRUE,181
P. vivax,model6,17008,Dianópolis,TO,2018,3,183,123994,0,0.0021506155497246077,-0.0021506155497246077,0,0,TRUE,181
P. vivax,model6,21001,Litoral Ocidental Maranhense,MA,2018,1,181,190870,0.5239168020118405,0.05674299189217639,0.46717381011966413,0,1.047833604023681,TRUE,181
P. vivax,model6,21001,Litoral Ocidental Maranhense,MA,2018,2,182,190870,0,0.047742632277019345,-0.047742632277019345,0,0.5239168020118405,TRUE,181
P. vivax,model6,21001,Litoral Ocidental Maranhense,MA,2018,3,183,190870,0,0.07132651460724557,-0.07132651460724557,0,1.047833604023681,TRUE,181
P. vivax,model6,21002,Aglomeração Urbana de São Luís,MA,2018,1,181,1421946,0.07032615865862699,0.06283624537180699,0.007489913286819999,0,0.6329354279276428,TRUE,181
P. vivax,model6,21002,Aglomeração Urbana de São Luís,MA,2018,2,182,1421946,0.07032615865862699,0.06351467272199504,0.006811485936631945,0,0.4588781852475394,TRUE,181
P. vivax,model6,21002,Aglomeração Urbana de São Luís,MA,2018,3,183,1421946,0.07032615865862699,0.08568736576839919,-0.015361207109772207,0,0.7401828198820474,TRUE,181
P. vivax,model6,21003,Rosário,MA,2018,1,181,177073,0,0.03438506305438446,-0.03438506305438446,0,0.564738836525049,TRUE,181
P. vivax,model6,21003,Rosário,MA,2018,2,182,177073,0,0.03304053917610074,-0.03304053917610074,0,0.564738836525049,TRUE,181
P. vivax,model6,21003,Rosário,MA,2018,3,183,177073,0.564738836525049,0.04573898556262836,0.5189998509624206,0,1.129477673050098,TRUE,181
P. vivax,model6,21004,Lençóis Maranhenses,MA,2018,1,181,195389,0,0.014278177755153769,-0.014278177755153769,0,0.5117995383568165,TRUE,181
P. vivax,model6,21004,Lençóis Maranhenses,MA,2018,2,182,195389,0,0.01834689718837967,-0.01834689718837967,0,0.5117995383568165,TRUE,181
P. vivax,model6,21004,Lençóis Maranhenses,MA,2018,3,183,195389,0,0.031510325911399066,-0.031510325911399066,0,0.5117995383568165,TRUE,181
P. vivax,model6,21005,Baixada Maranhense,MA,2018,1,181,601025,1.4974418701385133,0.7190636543108557,0.7783782158276575,0,4.912441246204397,TRUE,181
P. vivax,model6,21005,Baixada Maranhense,MA,2018,2,182,601025,1.1646770101077326,0.5907870921956403,0.5738899179120923,0,4.500644731916302,TRUE,181
P. vivax,model6,21005,Baixada Maranhense,MA,2018,3,183,601025,0.33276486003078076,0.647681923862546,-0.3149170638317652,0,3.993178320369369,TRUE,181
P. vivax,model6,21006,Itapecuru Mirim,MA,2018,1,181,233753,0,0.05122191562938674,-0.05122191562938674,0,0.8556039922482279,TRUE,181
P. vivax,model6,21006,Itapecuru Mirim,MA,2018,2,182,233753,0,0.060309641566140514,-0.060309641566140514,0,0.8556039922482279,TRUE,181
P. vivax,model6,21006,Itapecuru Mirim,MA,2018,3,183,233753,0,0.09975816755448064,-0.09975816755448064,0,1.2834059883723417,TRUE,181
P. vivax,model6,21007,Gurupi,MA,2018,1,181,240239,6.24378223352578,3.8410581567715316,2.402724076754249,0.19771977072831698,22.519241255582944,TRUE,181
P. vivax,model6,21007,Gurupi,MA,2018,2,182,240239,17.482590253872186,3.434031276418074,14.048558977454112,0,18.991504293640872,TRUE,181
P. vivax,model6,21007,Gurupi,MA,2018,3,183,240239,6.24378223352578,4.692914087176494,1.5508681463492868,0.4162521489017187,28.107426354588547,TRUE,181
P. vivax,model6,21008,Pindaré,MA,2018,1,181,662890,8.900420884309614,4.381157227534541,4.519263656775073,1.1276380696646502,23.936852268098757,TRUE,181
P. vivax,model6,21008,Pindaré,MA,2018,2,182,662890,8.900420884309614,3.6680865389188764,5.232334345390738,0.9051275475569098,19.546983662447758,TRUE,181
P. vivax,model6,21008,Pindaré,MA,2018,3,183,662890,7.54272956297425,4.0116751548380805,3.5310544081361694,1.2784926609241354,20.0636606375115,TRUE,181
P. vivax,model6,21009,Imperatriz,MA,2018,1,181,597823,1.8400095011399695,0.3491690824979981,1.4908404186419715,0,2.6763774562035922,TRUE,181
P. vivax,model6,21009,Imperatriz,MA,2018,2,182,597823,1.3381887281017961,0.28277354606035376,1.0554151820414424,0,2.5091038651908675,TRUE,181
P. vivax,model6,21009,Imperatriz,MA,2018,3,183,597823,1.1709151370890716,0.2833528752947054,0.8875622617943661,0,2.1745566831654184,TRUE,181
P. vivax,model6,21010,Médio Mearim,MA,2018,1,181,424133,2.121975889638392,1.1178233979582175,1.0041524916801743,0,7.197034892356873,TRUE,181
P. vivax,model6,21010,Médio Mearim,MA,2018,2,182,424133,1.8862007907896814,1.0221154922331845,0.8640852985564969,0,6.601702767763886,TRUE,181
P. vivax,model6,21010,Médio Mearim,MA,2018,3,183,424133,1.178875494243551,1.2291431722030637,-0.05026767795951259,0,8.375910386600424,TRUE,181
P. vivax,model6,21011,Alto Mearim e Grajaú,MA,2018,1,181,334288,3.5897190446561047,1.919098184646439,1.6706208600096657,0,11.965730148853684,TRUE,181
P. vivax,model6,21011,Alto Mearim e Grajaú,MA,2018,2,182,334288,3.290575790934763,1.6373306518923383,1.6532451390424248,0,11.225350595893355,TRUE,181
P. vivax,model6,21011,Alto Mearim e Grajaú,MA,2018,3,183,334288,8.67515435791892,1.7901542819811178,6.8850000759378025,0,10.769157133968315,TRUE,181
P. vivax,model6,21012,Presidente Dutra,MA,2018,1,181,199032,0.5024317697656658,0.6715559726685741,-0.1691242029029083,0,6.02918123718799,TRUE,181
P. vivax,model6,21012,Presidente Dutra,MA,2018,2,182,199032,1.5072953092969974,0.6246006441826003,0.8826946651143971,0,5.024317697656658,TRUE,181
P. vivax,model6,21012,Presidente Dutra,MA,2018,3,183,199032,0.5024317697656658,0.7694048275884895,-0.26697305782282366,0,5.28809437678362,TRUE,181
P. vivax,model6,21013,Baixo Parnaíba Maranhense,MA,2018,1,181,145296,1.3765003854201079,0.20308915617822193,1.173411229241886,0,2.0647505781301616,TRUE,181
P. vivax,model6,21013,Baixo Parnaíba Maranhense,MA,2018,2,182,145296,0.6882501927100539,0.18274930172987588,0.505500890980178,0,2.0647505781301616,TRUE,181
P. vivax,model6,21013,Baixo Parnaíba Maranhense,MA,2018,3,183,145296,0,0.2014398813526409,-0.2014398813526409,0,2.0647505781301616,TRUE,181
P. vivax,model6,21014,Chapadinha,MA,2018,1,181,243323,2.0548817826510444,0.3126618797060313,1.742219902945013,0,3.2878108522416705,TRUE,181
P. vivax,model6,21014,Chapadinha,MA,2018,2,182,243323,0.4109763565302088,0.2881188592429892,0.12285749728721962,0,2.4658581391812526,TRUE,181
P. vivax,model6,21014,Chapadinha,MA,2018,3,183,243323,0.4109763565302088,0.3097038756880285,0.10127248084218032,0,2.4658581391812526,TRUE,181
P. vivax,model6,21015,Codó,MA,2018,1,181,277501,0.3603590617691468,0.30443545358927615,0.05592360817987063,0,2.5225134323840277,TRUE,181
P. vivax,model6,21015,Codó,MA,2018,2,182,277501,0,0.27041143785611105,-0.27041143785611105,0,2.1621543706148807,TRUE,181
P. vivax,model6,21015,Codó,MA,2018,3,183,277501,0.3603590617691468,0.3303390747873458,0.030019986981800972,0,2.7117019398128215,TRUE,181
P. vivax,model6,21016,Coelho Neto,MA,2018,1,181,93313,3.2149861219765734,0.02671099635224763,3.1882751256243256,0,1.0716620406588577,FALSE,181
P. vivax,model6,21016,Coelho Neto,MA,2018,2,182,93313,0,0.022461875584697893,-0.022461875584697893,0,1.0716620406588577,TRUE,181
P. vivax,model6,21016,Coelho Neto,MA,2018,3,183,93313,1.0716620406588577,0.021991302621707964,1.0496707380371497,0,1.0716620406588577,TRUE,181
P. vivax,model6,21017,Caxias,MA,2018,1,181,442882,0,0.11405975983794946,-0.11405975983794946,0,1.1289688901332635,TRUE,181
P. vivax,model6,21017,Caxias,MA,2018,2,182,442882,0,0.10809534825629757,-0.10809534825629757,0,1.1289688901332635,TRUE,181
P. vivax,model6,21017,Caxias,MA,2018,3,183,442882,0,0.12046510308016294,-0.12046510308016294,0,1.3547626681599163,TRUE,181
P. vivax,model6,21018,Chapadas do Alto Itapecuru,MA,2018,1,181,220558,0,0.1180739175276555,-0.1180739175276555,0,1.813581914961144,TRUE,181
P. vivax,model6,21018,Chapadas do Alto Itapecuru,MA,2018,2,182,220558,0,0.09049970285117027,-0.09049970285117027,0,1.360186436220858,TRUE,181
P. vivax,model6,21018,Chapadas do Alto Itapecuru,MA,2018,3,183,220558,0,0.08920846751305242,-0.08920846751305242,0,1.360186436220858,TRUE,181
P. vivax,model6,21019,Porto Franco,MA,2018,1,181,119474,0.8370021929457456,0.31290398399737585,0.5240982089483698,0,3.3480087717829825,TRUE,181
P. vivax,model6,21019,Porto Franco,MA,2018,2,182,119474,0.8370021929457456,0.2493059927575517,0.5876962001881939,0,2.950432730133734,TRUE,181
P. vivax,model6,21019,Porto Franco,MA,2018,3,183,119474,0.8370021929457456,0.2602577270601621,0.5767444658855836,0,3.3480087717829825,TRUE,181
P. vivax,model6,21020,Gerais de Balsas,MA,2018,1,181,142177,0,0.020696176701002548,-0.020696176701002548,0,0.7033486428887935,TRUE,181
P. vivax,model6,21020,Gerais de Balsas,MA,2018,2,182,142177,0,0.01833720885294587,-0.01833720885294587,0,0.7033486428887935,TRUE,181
P. vivax,model6,21020,Gerais de Balsas,MA,2018,3,183,142177,0,0.02018912484630745,-0.02018912484630745,0,0.7033486428887935,TRUE,181
P. vivax,model6,21021,Chapadas das Mangabeiras,MA,2018,1,181,72070,0,0.007642909297220727,-0.007642909297220727,0,0,TRUE,181
P. vivax,model6,21021,Chapadas das Mangabeiras,MA,2018,2,182,72070,0,0.006914621527609104,-0.006914621527609104,0,0,TRUE,181
P. vivax,model6,21021,Chapadas das Mangabeiras,MA,2018,3,183,72070,0,0.008376937608535672,-0.008376937608535672,0,0,TRUE,181
P. vivax,model6,51001,Aripuanã,MT,2018,1,181,166705,48.58882457034882,16.591176693522904,31.997647876825916,6.883416814132751,97.20764224228425,TRUE,181
P. vivax,model6,51001,Aripuanã,MT,2018,2,182,166705,25.794067364506162,14.157431616509058,11.636635747997104,3.599172190396209,72.61329894124349,TRUE,181
P. vivax,model6,51001,Aripuanã,MT,2018,3,183,166705,41.990342221289104,14.518806108834989,27.471536112454118,4.798896253861612,80.381512252182,TRUE,181
P. vivax,model6,51002,Alta Floresta,MT,2018,1,181,107187,0,2.742074311951809,-2.742074311951809,0,19.195424818308126,TRUE,181
P. vivax,model6,51002,Alta Floresta,MT,2018,2,182,107187,0.932948958362488,1.8616829098975447,-0.9287339515350567,0,12.618134661852629,TRUE,181
P. vivax,model6,51002,Alta Floresta,MT,2018,3,183,107187,0,1.5768478176314638,-1.5768478176314638,0,13.107932864992915,TRUE,181
P. vivax,model6,51003,Colíder,MT,2018,1,181,155831,1.9251625158023757,2.587905108965174,-0.6627425931627982,0,18.000269522752184,TRUE,181
P. vivax,model6,51003,Colíder,MT,2018,2,182,155831,1.2834416772015838,2.1215435542743872,-0.8381018770728035,0,13.476137610616629,TRUE,181
P. vivax,model6,51003,Colíder,MT,2018,3,183,155831,10.26753341761267,2.308298605352038,7.9592348122606325,0,17.66336608248678,TRUE,181
P. vivax,model6,51004,Parecis,MT,2018,1,181,108739,0,0.16280605244870536,-0.16280605244870536,0,2.7588997507793893,TRUE,181
P. vivax,model6,51004,Parecis,MT,2018,2,182,108739,0,0.17286727154783357,-0.17286727154783357,0,2.7588997507793893,TRUE,181
P. vivax,model6,51004,Parecis,MT,2018,3,183,108739,0,0.2163881706821768,-0.2163881706821768,0,2.7588997507793893,TRUE,181
P. vivax,model6,51005,Arinos,MT,2018,1,181,82534,0,0.04016280301881846,-0.04016280301881846,0,1.2116218770446119,TRUE,181
P. vivax,model6,51005,Arinos,MT,2018,2,182,82534,1.2116218770446119,0.03280679493229443,1.1788150821123176,0,1.2116218770446119,TRUE,181
P. vivax,model6,51005,Arinos,MT,2018,3,183,82534,0,0.03725929655706869,-0.03725929655706869,0,1.2116218770446119,TRUE,181
P. vivax,model6,51006,Alto Teles Pires,MT,2018,1,181,252848,1.1864835790672656,0.17049124872727475,1.015992330339991,0,1.5819781054230209,TRUE,181
P. vivax,model6,51006,Alto Teles Pires,MT,2018,2,182,252848,0,0.16391224340789703,-0.16391224340789703,0,1.5819781054230209,TRUE,181
P. vivax,model6,51006,Alto Teles Pires,MT,2018,3,183,252848,0.3954945263557552,0.16733247285417913,0.2281620535015761,0,1.5819781054230209,TRUE,181
P. vivax,model6,51007,Sinop,MT,2018,1,181,203408,0.49162274836781245,0.4840276185339009,0.007595129833911529,0,3.699461181467777,TRUE,181
P. vivax,model6,51007,Sinop,MT,2018,2,182,203408,0.9832454967356249,0.47173644024472844,0.5115090564908964,0,4.424604735310313,TRUE,181
P. vivax,model6,51007,Sinop,MT,2018,3,183,203408,0.49162274836781245,0.5098237510921793,-0.01820100272436681,0,4.424604735310313,TRUE,181
P. vivax,model6,51008,Paranatinga,MT,2018,1,181,36363,0,0.08927990291767149,-0.08927990291767149,0,2.7500481258422025,TRUE,181
P. vivax,model6,51008,Paranatinga,MT,2018,2,182,36363,0,0.07585144093772775,-0.07585144093772775,0,2.7500481258422025,TRUE,181
P. vivax,model6,51008,Paranatinga,MT,2018,3,183,36363,0,0.07516878728081335,-0.07516878728081335,0,2.7500481258422025,TRUE,181
P. vivax,model6,51009,Norte Araguaia,MT,2018,1,181,130472,0,0.019528534587858252,-0.019528534587858252,0,0.766447973511558,TRUE,181
P. vivax,model6,51009,Norte Araguaia,MT,2018,2,182,130472,0,0.017321335892245836,-0.017321335892245836,0,0.766447973511558,TRUE,181
P. vivax,model6,51009,Norte Araguaia,MT,2018,3,183,130472,0.766447973511558,0.02172072172750902,0.744727251784049,0,0.766447973511558,TRUE,181
P. vivax,model6,51010,Canarana,MT,2018,1,181,114602,0,0.07912216616062771,-0.07912216616062771,0,1.7451702413570442,TRUE,181
P. vivax,model6,51010,Canarana,MT,2018,2,182,114602,0,0.0806210145906924,-0.0806210145906924,0,1.7451702413570442,TRUE,181
P. vivax,model6,51010,Canarana,MT,2018,3,183,114602,0.8725851206785221,0.07294481263080771,0.7996403080477144,0,1.3306923090347265,TRUE,181
P. vivax,model6,51011,Médio Araguaia,MT,2018,1,181,69471,0,0.08830073564018444,-0.08830073564018444,0,1.439449554490363,TRUE,181
P. vivax,model6,51011,Médio Araguaia,MT,2018,2,182,69471,0,0.06508041604024217,-0.06508041604024217,0,1.439449554490363,TRUE,181
P. vivax,model6,51011,Médio Araguaia,MT,2018,3,183,69471,0,0.058816981561136066,-0.058816981561136066,0,1.439449554490363,TRUE,181
P. vivax,model6,51012,Alto Guaporé,MT,2018,1,181,74703,1.3386343252613684,0.08775830498441882,1.2508760202769496,0,1.3386343252613684,TRUE,181
P. vivax,model6,51012,Alto Guaporé,MT,2018,2,182,74703,0,0.07663942565054842,-0.07663942565054842,0,1.3386343252613684,TRUE,181
P. vivax,model6,51012,Alto Guaporé,MT,2018,3,183,74703,0,0.07719143961492242,-0.07719143961492242,0,2.0414173460235565,TRUE,181
P. vivax,model6,51013,Tangará da Serra,MT,2018,1,181,168844,0,0.06450392061219551,-0.06450392061219551,0,1.1845253606879722,TRUE,181
P. vivax,model6,51013,Tangará da Serra,MT,2018,2,182,168844,0,0.06226157714889887,-0.06226157714889887,0,1.1845253606879722,TRUE,181
P. vivax,model6,51013,Tangará da Serra,MT,2018,3,183,168844,0,0.06681781663788083,-0.06681781663788083,0,1.1845253606879722,TRUE,181
P. vivax,model6,51014,Jauru,MT,2018,1,181,110817,0,0.02405620790140372,-0.02405620790140372,0,0.9023886226842452,TRUE,181
P. vivax,model6,51014,Jauru,MT,2018,2,182,110817,0.9023886226842452,0.01872254383927053,0.8836660788449747,0,0.9023886226842452,TRUE,181
P. vivax,model6,51014,Jauru,MT,2018,3,183,110817,0,0.0171762327041171,-0.0171762327041171,0,0.9023886226842452,TRUE,181
P. vivax,model6,51015,Alto Paraguai,MT,2018,1,181,33393,0,0.022203978635974633,-0.022203978635974633,0,2.9946395951247267,TRUE,181
P. vivax,model6,51015,Alto Paraguai,MT,2018,2,182,33393,0,0.019477856318251736,-0.019477856318251736,0,2.9946395951247267,TRUE,181
P. vivax,model6,51015,Alto Paraguai,MT,2018,3,183,33393,0,0.02142909099963684,-0.02142909099963684,0,0,TRUE,181
P. vivax,model6,51016,Rosário Oeste,MT,2018,1,181,31027,0,0.0051621150548974695,-0.0051621150548974695,0,0,TRUE,181
P. vivax,model6,51016,Rosário Oeste,MT,2018,2,182,31027,0,0.004351885528044367,-0.004351885528044367,0,0,TRUE,181
P. vivax,model6,51016,Rosário Oeste,MT,2018,3,183,31027,0,0.005030598044851009,-0.005030598044851009,0,0,TRUE,181
P. vivax,model6,51017,Cuiabá,MT,2018,1,181,938414,0.21312555013032627,0.11383044505208113,0.09929510507824514,0,0.8525022005213051,TRUE,181
P. vivax,model6,51017,Cuiabá,MT,2018,2,182,938414,0.10656277506516314,0.09287526908618214,0.013687505978980996,0,0.7459394254561419,TRUE,181
P. vivax,model6,51017,Cuiabá,MT,2018,3,183,938414,0,0.0930718615752327,-0.0930718615752327,0,0.7459394254561419,TRUE,181
P. vivax,model6,51018,Alto Pantanal,MT,2018,1,181,140405,0,0.15120286910903297,-0.15120286910903297,0,2.1366760443004167,TRUE,181
P. vivax,model6,51018,Alto Pantanal,MT,2018,2,182,140405,0,0.13923044278041177,-0.13923044278041177,0,2.1366760443004167,TRUE,181
P. vivax,model6,51018,Alto Pantanal,MT,2018,3,183,140405,0,0.14933187004873205,-0.14933187004873205,0,1.4244506962002779,TRUE,181
P. vivax,model6,51019,Primavera do Leste,MT,2018,1,181,103909,0,0.04798866885380089,-0.04798866885380089,0,0.9623805445149121,TRUE,181
P. vivax,model6,51019,Primavera do Leste,MT,2018,2,182,103909,0,0.04130614267190741,-0.04130614267190741,0,1.9247610890298241,TRUE,181
P. vivax,model6,51019,Primavera do Leste,MT,2018,3,183,103909,0,0.04159136423795685,-0.04159136423795685,0,0.9623805445149121,TRUE,181
P. vivax,model6,51020,Tesouro,MT,2018,1,181,55925,0,0.007455192489704494,-0.007455192489704494,0,0,TRUE,181
P. vivax,model6,51020,Tesouro,MT,2018,2,182,55925,0,0.007098409462220529,-0.007098409462220529,0,0.938757264193075,TRUE,181
P. vivax,model6,51020,Tesouro,MT,2018,3,183,55925,0,0.007326188160398291,-0.007326188160398291,0,0.938757264193075,TRUE,181
P. vivax,model6,51021,Rondonópolis,MT,2018,1,181,315273,0.317185423426681,0.036562193476872305,0.2806232299498087,0,0.634370846853362,TRUE,181
P. vivax,model6,51021,Rondonópolis,MT,2018,2,182,315273,0,0.033438428686491134,-0.033438428686491134,0,0.634370846853362,TRUE,181
P. vivax,model6,51021,Rondonópolis,MT,2018,3,183,315273,0,0.03297607496687527,-0.03297607496687527,0,0.634370846853362,TRUE,181
P. vivax,model6,51022,Alto Araguaia,MT,2018,1,181,41128,0,0.008946516069021809,-0.008946516069021809,0,1.2765026259482037,TRUE,181
P. vivax,model6,51022,Alto Araguaia,MT,2018,2,182,41128,0,0.00848298484066323,-0.00848298484066323,0,1.2765026259482037,TRUE,181
P. vivax,model6,51022,Alto Araguaia,MT,2018,3,183,41128,0,0.008880435446162212,-0.008880435446162212,0,2.431433573234779,TRUE,181
P. vivax,model6,11001,Porto Velho,RO,2019,1,193,676286,82.21373797476215,65.05199340179719,17.161744572964963,27.11500755597484,369.1115888839927,TRUE,193
P. vivax,model6,11001,Porto Velho,RO,2019,2,194,676286,104.54156969092958,53.49395374060706,51.047615950322516,20.157891779513402,305.1963222660231,TRUE,193
P. vivax,model6,11001,Porto Velho,RO,2019,3,195,676286,88.42412825343123,59.59592133190543,28.828206921525805,23.1004338401209,345.71911883433927,TRUE,193
P. vivax,model6,11002,Guajará-Mirim,RO,2019,1,193,84771,34.20981231789173,38.606902700232915,-4.397090382341183,12.356820138962618,222.95360441660475,TRUE,193
P. vivax,model6,11002,Guajará-Mirim,RO,2019,2,194,84771,25.952271413573037,33.60811191709694,-7.655840503523905,8.257540904318693,214.81402838234766,TRUE,193
P. vivax,model6,11002,Guajará-Mirim,RO,2019,3,195,84771,30.670866216040864,36.67924749907732,-6.0083812830364565,5.898243503084781,220.83023675549398,TRUE,193
P. vivax,model6,11003,Ariquemes,RO,2019,1,193,206332,50.88885873252816,66.94409580048016,-16.055237067951992,24.438768586549834,344.5660391989604,TRUE,193
P. vivax,model6,11003,Ariquemes,RO,2019,2,194,206332,50.40420293507551,57.41836490503637,-7.01416196996086,22.52437818661187,301.58918635984685,TRUE,193
P. vivax,model6,11003,Ariquemes,RO,2019,3,195,206332,54.2814493146967,59.28079850221485,-4.999349187518149,21.55506659170657,314.20235348855226,TRUE,193
P. vivax,model6,11004,Ji-Paraná,RO,2019,1,193,294493,6.791332900951804,6.103206961364169,0.6881259395876356,1.3412882479379826,33.29450954691621,TRUE,193
P. vivax,model6,11004,Ji-Paraná,RO,2019,2,194,294493,7.130899545999395,4.833718808166765,2.2971807378326305,0.33956664504759027,24.78836508847409,TRUE,193
P. vivax,model6,11004,Ji-Paraná,RO,2019,3,195,294493,6.112199610856625,5.131194858091828,0.9810047527647976,1.0186999351427708,28.54057651624995,TRUE,193
P. vivax,model6,11005,Alvorada D'Oeste,RO,2019,1,193,69746,0,3.2511299640571,-3.2511299640571,0,22.940383677917012,TRUE,193
P. vivax,model6,11005,Alvorada D'Oeste,RO,2019,2,194,69746,5.735095919479253,2.6304904860061726,3.1046054334730804,0,18.639061738307575,TRUE,193
P. vivax,model6,11005,Alvorada D'Oeste,RO,2019,3,195,69746,4.30132193960944,2.8350979708144934,1.4662239687949463,0,18.639061738307575,TRUE,193
P. vivax,model6,11006,Cacoal,RO,2019,1,193,236722,2.112182222184672,1.883129181874733,0.22905304030993912,0,13.338430733096176,TRUE,193
P. vivax,model6,11006,Cacoal,RO,2019,2,194,236722,1.6897457777477378,1.672356406757849,0.017389370989888908,0,12.049999577563547,TRUE,193
P. vivax,model6,11006,Cacoal,RO,2019,3,195,236722,1.6897457777477378,2.0091354635282297,-0.31938968578049187,0,15.630148444166576,TRUE,193
P. vivax,model6,11007,Vilhena,RO,2019,1,193,161798,3.090273056527275,4.25938022554295,-1.1691071690156747,0,25.34023906352365,TRUE,193
P. vivax,model6,11007,Vilhena,RO,2019,2,194,161798,7.41665533566546,3.8698270551400937,3.5468282805253666,0,23.22340201980243,TRUE,193
P. vivax,model6,11007,Vilhena,RO,2019,3,195,161798,3.70832766783273,4.313656249741352,-0.6053285819086218,0,26.90082695706991,TRUE,193
P. vivax,model6,11008,Colorado do Oeste,RO,2019,1,193,47077,4.248359071308707,1.8597945065373331,2.3885645647713742,0,15.984451005798963,TRUE,193
P. vivax,model6,11008,Colorado do Oeste,RO,2019,2,194,47077,2.1241795356543536,1.5107390864451742,0.6134404492091794,0,13.860271470144607,TRUE,193
P. vivax,model6,11008,Colorado do Oeste,RO,2019,3,195,47077,8.496718142617414,1.579280660221175,6.917437482396239,0,14.869256749580474,TRUE,193
P. vivax,model6,12001,Cruzeiro do Sul,AC,2019,1,193,157132,825.4206654277932,1008.9657985481667,-183.54513312037352,462.12738334648583,5193.133798335157,TRUE,193
P. vivax,model6,12001,Cruzeiro do Sul,AC,2019,2,194,157132,560.0386935824657,754.4392940922804,-194.4006005098147,323.2473334521295,3916.722882671892,TRUE,193
P. vivax,model6,12001,Cruzeiro do Sul,AC,2019,3,195,157132,476.0328895450958,754.2152326481173,-278.1823431030215,325.8088740676628,3861.0690374971314,TRUE,193
P. vivax,model6,12002,Tarauacá,AC,2019,1,193,85664,1.1673515128875607,6.968266291184535,-5.800914778296974,0,36.187896899514385,TRUE,193
P. vivax,model6,12002,Tarauacá,AC,2019,2,194,85664,5.836757564437804,5.537023279894347,0.2997342845434563,0,34.4660534180052,TRUE,193
P. vivax,model6,12002,Tarauacá,AC,2019,3,195,85664,4.669406051550243,5.446429905381961,-0.777023853831718,0,32.6858423608517,TRUE,193
P. vivax,model6,12003,Sena Madureira,AC,2019,1,193,61847,1.6168933012110531,1.7470254731186878,-0.1301321719076347,0,12.935146409688425,TRUE,193
P. vivax,model6,12003,Sena Madureira,AC,2019,2,194,61847,0,1.524116401832207,-1.524116401832207,0,11.318253108477371,TRUE,193
P. vivax,model6,12003,Sena Madureira,AC,2019,3,195,61847,3.2337866024221062,1.4331353923686667,1.8006512100534395,0,12.935146409688425,TRUE,193
P. vivax,model6,12004,Rio Branco,AC,2019,1,193,505863,15.419194524999853,10.660615552472022,4.758578972527831,3.6521746006329776,65.12632867001514,TRUE,193
P. vivax,model6,12004,Rio Branco,AC,2019,2,194,505863,12.651646789743468,9.450709851900799,3.2009369378426697,3.7559576407050916,70.12768279158573,TRUE,193
P. vivax,model6,12004,Rio Branco,AC,2019,3,195,505863,15.616876506089595,10.566785446904365,5.050091059185229,3.162911697435867,70.78497537870915,TRUE,193
P. vivax,model6,12005,Brasiléia,AC,2019,1,193,71429,2.799983200100799,1.6025547839972831,1.197428416103516,0,12.599924400453595,TRUE,193
P. vivax,model6,12005,Brasiléia,AC,2019,2,194,71429,0,1.2063349208550398,-1.2063349208550398,0,10.534936790379225,TRUE,193
P. vivax,model6,12005,Brasiléia,AC,2019,3,195,71429,0,1.1014279239277047,-1.1014279239277047,0,11.199932800403197,TRUE,193
P. vivax,model6,13001,Rio Negro,AM,2019,1,193,117676,1448.0437812298176,988.9426197355089,459.1011614943087,412.4885278221558,4906.820422176144,TRUE,193
P. vivax,model6,13001,Rio Negro,AM,2019,2,194,117676,1045.2428702539175,900.1896050074529,145.05326524646466,389.07678711037084,4395.479961929358,TRUE,193
P. vivax,model6,13001,Rio Negro,AM,2019,3,195,117676,766.5114381862062,989.290756919116,-222.77931873290981,450.155511744111,4891.5241850504735,TRUE,193
P. vivax,model6,13002,Japurá,AM,2019,1,193,20979,309.8336431669765,169.96332795084388,139.87031521613264,45.1642118308785,810.5724772391437,TRUE,193
P. vivax,model6,13002,Japurá,AM,2019,2,194,20979,467.13380046713377,129.80565890969942,337.3281415574344,26.097526097526107,627.1747938414601,TRUE,193
P. vivax,model6,13002,Japurá,AM,2019,3,195,20979,295.5336288669622,155.76050519120338,139.77312367575882,37.89503789503791,793.7699604366271,TRUE,193
P. vivax,model6,13003,Alto Solimões,AM,2019,1,193,251867,95.68542127392632,71.63018322827217,24.05523804565415,26.184454493840004,349.3510463855921,TRUE,193
P. vivax,model6,13003,Alto Solimões,AM,2019,2,194,251867,77.4218138938408,91.49574836204329,-14.07393446820248,34.04574636613769,420.9662242373945,TRUE,193
P. vivax,model6,13003,Alto Solimões,AM,2019,3,195,251867,111.16978405269447,115.38918752290331,-4.219403470208846,43.42569689558378,559.1939396586286,TRUE,193
P. vivax,model6,13004,Juruá,AM,2019,1,193,152530,190.782141218121,148.16664291789104,42.61549830022997,57.349373893660264,906.7232675539228,TRUE,193
P. vivax,model6,13004,Juruá,AM,2019,2,194,152530,141.61148626499707,142.40773732649984,-0.7962510615027725,53.03874647610307,780.6660984724313,TRUE,193
P. vivax,model6,13004,Juruá,AM,2019,3,195,152530,231.42988264603682,198.79619297048356,32.633689675553256,79.5745099324723,1183.9802006162702,TRUE,193
P. vivax,model6,13005,Tefé,AM,2019,1,193,89430,276.19367102761936,188.50438706013614,87.68928396748322,73.74482835737447,1007.6037124007603,TRUE,193
P. vivax,model6,13005,Tefé,AM,2019,2,194,89430,197.92016101979203,181.82868407689205,16.091476942899988,65.33042603153305,1039.723806328972,TRUE,193
P. vivax,model6,13005,Tefé,AM,2019,3,195,89430,210.22028402102205,240.98422815432488,-30.76394413330283,88.33724700883373,1262.0485295762041,TRUE,193
P. vivax,model6,13006,Coari,AM,2019,1,193,181118,91.65295553175278,67.95657645307556,23.696379078677225,21.53292328758047,347.8257268741918,TRUE,193
P. vivax,model6,13006,Coari,AM,2019,2,194,181118,102.14335405647147,76.86510470455107,25.278249351920394,27.606311907154453,434.20587683167787,TRUE,193
P. vivax,model6,13006,Coari,AM,2019,3,195,181118,107.11249019975926,100.41475270071952,6.6977374990397465,29.524950584701685,527.7360615731175,TRUE,193
P. vivax,model6,13007,Manaus,AM,2019,1,193,2468200,45.49874402398509,41.31127312570191,4.1874708982831805,15.954946924884531,192.714326229641,TRUE,193
P. vivax,model6,13007,Manaus,AM,2019,2,194,2468200,29.13054047483996,35.43897728742337,-6.308436812583409,14.752653755773437,162.8372903330362,TRUE,193
P. vivax,model6,13007,Manaus,AM,2019,3,195,2468200,24.835912810955353,41.012230658060034,-16.17631784710468,16.55963860303055,190.89619965967066,TRUE,193
P. vivax,model6,13008,Rio Preto da Eva,AM,2019,1,193,69626,363.37000545773134,340.3147107506737,23.055294707057612,111.27308763967484,1691.8607991267622,TRUE,193
P. vivax,model6,13008,Rio Preto da Eva,AM,2019,2,194,69626,249.90664406974406,249.71509650095646,0.19154756878759827,92.60190158848707,1388.3104012868755,TRUE,193
P. vivax,model6,13008,Rio Preto da Eva,AM,2019,3,195,69626,152.2419785712234,234.05090786126365,-81.80892929004025,79.67569586074168,1247.8097262516865,TRUE,193
P. vivax,model6,13009,Itacoatiara,AM,2019,1,193,180099,24.986257558342913,30.376815909032793,-5.390558350689879,10.258246853119672,162.7438242300068,TRUE,193
P. vivax,model6,13009,Itacoatiara,AM,2019,2,194,180099,18.323255542784803,23.782990133955245,-5.459734591170442,6.663002015558109,116.07504761270187,TRUE,193
P. vivax,model6,13009,Itacoatiara,AM,2019,3,195,180099,20.544256214637503,23.349657823639834,-2.805401609002331,8.592496349230146,118.93458597771216,TRUE,193
P. vivax,model6,13010,Parintins,AM,2019,1,193,280875,27.41433021806853,15.608862217778114,11.805468000290418,5.322652425456164,88.8918558077436,TRUE,193
P. vivax,model6,13010,Parintins,AM,2019,2,194,280875,22.429906542056074,12.612274147194585,9.817632394861489,3.8985313751668906,71.76680017801512,TRUE,193
P. vivax,model6,13010,Parintins,AM,2019,3,195,280875,20.29372496662216,14.812211147079793,5.481513819542368,5.153538050734314,82.50111259457046,TRUE,193
P. vivax,model6,13011,Boca do Acre,AM,2019,1,193,53734,115.38318383146611,52.49563485872096,62.88754897274515,11.07306360963264,277.3848959690326,TRUE,193
P. vivax,model6,13011,Boca do Acre,AM,2019,2,194,53734,81.88484013845982,46.794771895448385,35.09006824301144,16.749171846503145,270.8248036624855,TRUE,193
P. vivax,model6,13011,Boca do Acre,AM,2019,3,195,53734,119.10522201957794,55.795877914870715,63.30934410470722,15.772136822123798,292.412625153533,TRUE,193
P. vivax,model6,13012,Purus,AM,2019,1,193,78854,265.0467953432927,201.44548351296274,63.601311830329934,58.87462906130318,965.9307073832651,TRUE,193
P. vivax,model6,13012,Purus,AM,2019,2,194,78854,291.67829152611154,213.03156928285577,78.64672224325577,83.03320059857458,1003.9757019301492,TRUE,193
P. vivax,model6,13012,Purus,AM,2019,3,195,78854,398.2042762573871,334.01465324594784,64.18962301143927,132.49169350952394,1538.1908336926467,TRUE,193
P. vivax,model6,13013,Madeira,AM,2019,1,193,199609,114.22330656433327,56.723733414088365,57.499573150244906,18.724105626499814,268.1993296895429,TRUE,193
P. vivax,model6,13013,Madeira,AM,2019,2,194,199609,97.69098587739029,57.83221917969721,39.85876669769308,18.536238345966364,291.26943173904965,TRUE,193
P. vivax,model6,13013,Madeira,AM,2019,3,195,199609,105.70665651348386,76.00645861291008,29.700197900573784,25.787915374557258,364.2871814397146,TRUE,193
P. vivax,model6,14001,Boa Vista,RR,2019,1,193,444920,275.77991549042525,183.42035564967938,92.35955984074587,62.87647217477299,940.5567292996489,TRUE,193
P. vivax,model6,14001,Boa Vista,RR,2019,2,194,444920,262.5191045581228,146.15471287825488,116.36439167986794,55.83026162006654,770.6610177110483,TRUE,193
P. vivax,model6,14001,Boa Vista,RR,2019,3,195,444920,251.73064820641915,158.23027459705625,93.5003736093629,55.66169198957117,818.5179358086846,TRUE,193
P. vivax,model6,14002,Nordeste de Roraima,RR,2019,1,193,52593,844.2188123894814,487.96432877451866,356.25448361496274,202.26075713497994,2816.0591713726108,TRUE,193
P. vivax,model6,14002,Nordeste de Roraima,RR,2019,2,194,52593,614.1501720761319,398.52292319911317,215.6272488770187,176.8296161086076,2343.182552811205,TRUE,193
P. vivax,model6,14002,Nordeste de Roraima,RR,2019,3,195,52593,538.0944232122146,360.21546911074853,177.87895410146604,121.49905881010781,2045.23415663681,TRUE,193
P. vivax,model6,14003,Caracaraí,RR,2019,1,193,51729,771.3274952154497,529.4855719554545,241.84192325999527,184.4709930599857,2928.289740764366,TRUE,193
P. vivax,model6,14003,Caracaraí,RR,2019,2,194,51729,601.2101529122929,386.7697917404797,214.44036117181315,149.77092153337588,2082.97086740513,TRUE,193
P. vivax,model6,14003,Caracaraí,RR,2019,3,195,51729,473.62214618492527,380.41382086251156,93.20832532241371,128.31293858377313,2106.7003035048033,TRUE,193
P. vivax,model6,14004,Sudeste de Roraima,RR,2019,1,193,56519,1072.2058068967958,665.6646797942756,406.54112710252025,270.17463153983624,4317.2207576213295,TRUE,193
P. vivax,model6,14004,Sudeste de Roraima,RR,2019,2,194,56519,980.201348219183,535.269780893266,444.93156732591706,200.684725490543,3363.8245545745613,TRUE,193
P. vivax,model6,14004,Sudeste de Roraima,RR,2019,3,195,56519,819.1935455333605,558.2544611928181,260.9390843405424,209.61977388134966,3427.34301739238,TRUE,193
P. vivax,model6,15001,Óbidos,PA,2019,1,193,209139,23.429393848110585,6.309197013461027,17.12019683464956,0.9563017897187995,38.0488574584367,TRUE,193
P. vivax,model6,15001,Óbidos,PA,2019,2,194,209139,20.560488478954188,5.459760611814123,15.100727867140066,0.47815089485939977,28.210902796704584,TRUE,193
P. vivax,model6,15001,Óbidos,PA,2019,3,195,209139,17.69158310979779,6.660070059399161,11.03151305039863,0.9563017897187995,38.50310080855316,TRUE,193
P. vivax,model6,15002,Santarém,PA,2019,1,193,528467,31.60083789527066,4.473184038022118,27.127653857248543,0.8467889196487199,23.752665729364363,FALSE,193
P. vivax,model6,15002,Santarém,PA,2019,2,194,528467,23.842548352120378,4.368246582978854,19.474301769141526,0.7569062968927104,23.95135363229869,TRUE,193
P. vivax,model6,15002,Santarém,PA,2019,3,195,528467,15.70580566052374,4.994967185040898,10.710838475482841,0.8467889196487199,31.298075376513502,TRUE,193
P. vivax,model6,15003,Almeirim,PA,2019,1,193,75244,17.277125086385624,13.736207190043464,3.54091789634216,1.9602891924937556,81.76731699537501,TRUE,193
P. vivax,model6,15003,Almeirim,PA,2019,2,194,75244,19.935144330444952,12.515964135270238,7.4191801951747145,0,91.07038434958267,TRUE,193
P. vivax,model6,15003,Almeirim,PA,2019,3,195,75244,6.645048110148317,11.22552487927503,-4.5804767691267125,0,79.87347828398265,TRUE,193
P. vivax,model6,15004,Portel,PA,2019,1,193,153746,310.25197403509685,277.8891903788209,32.36278365627595,114.44200174313477,1378.9952258920557,TRUE,193
P. vivax,model6,15004,Portel,PA,2019,2,194,153746,318.05705514289804,282.7576553834872,35.299399759410846,104.37669923119952,1410.9797978483982,TRUE,193
P. vivax,model6,15004,Portel,PA,2019,3,195,153746,326.5125596763493,275.6640000735756,50.84855960277372,120.81615131450576,1433.8909630169237,TRUE,193
P. vivax,model6,15005,Furos de Breves,PA,2019,1,193,232284,276.3858035852663,259.8828377099377,16.502965875328584,89.50250555354651,1490.6106318127772,TRUE,193
P. vivax,model6,15005,Furos de Breves,PA,2019,2,194,232284,333.6432987205318,272.10908025888216,61.53421846164963,101.8150195450397,1531.9716381670705,TRUE,193
P. vivax,model6,15005,Furos de Breves,PA,2019,3,195,232284,341.82294088271254,315.1718598570692,26.65108102564335,127.68851922646415,1677.9997761361078,TRUE,193
P. vivax,model6,15006,Arari,PA,2019,1,193,178169,16.837945995094547,17.811124196231045,-0.9731782011364984,4.195454877111058,92.60870297302,TRUE,193
P. vivax,model6,15006,Arari,PA,2019,2,194,178169,15.15415139558509,23.666017662291523,-8.511866266706432,5.317984610117362,109.74131302302868,TRUE,193
P. vivax,model6,15006,Arari,PA,2019,3,195,178169,24.695654126138667,31.952530519183185,-7.256876393044518,8.68557380913627,156.57886613271646,TRUE,193
P. vivax,model6,15007,Belém,PA,2019,1,193,2363360,1.3116918285830343,1.4477684767374726,-0.1360766481544382,0.5077516755805295,7.4311573353192015,TRUE,193
P. vivax,model6,15007,Belém,PA,2019,2,194,2363360,1.6078803060050098,1.147247568035348,0.46063273796966175,0.3385011170536863,6.9477354275269025,TRUE,193
P. vivax,model6,15007,Belém,PA,2019,3,195,2363360,1.4386297474781666,1.3426135805487889,0.09601616692937776,0.3385011170536863,7.279889648635838,TRUE,193
P. vivax,model6,15008,Castanhal,PA,2019,1,193,343919,0.581532279402999,0.49308687036961907,0.08844540903337994,0,3.641845899761275,TRUE,193
P. vivax,model6,15008,Castanhal,PA,2019,2,194,343919,0.581532279402999,0.3887615218042082,0.1927707575987908,0,3.351079760059775,TRUE,193
P. vivax,model6,15008,Castanhal,PA,2019,3,195,343919,0.8722984191044986,0.4065712756045807,0.4657271434999179,0,2.907661397014995,TRUE,193
P. vivax,model6,15009,Salgado,PA,2019,1,193,271823,1.471545822097468,0.2694038145625075,1.2021420075349605,0,2.400459122296486,TRUE,193
P. vivax,model6,15009,Salgado,PA,2019,2,194,271823,0,0.24424377072339773,-0.24424377072339773,0,2.207318733146202,TRUE,193
P. vivax,model6,15009,Salgado,PA,2019,3,195,271823,0.735772911048734,0.36600382887910743,0.36976908216962656,0,2.943091644194936,TRUE,193
P. vivax,model6,15010,Bragantina,PA,2019,1,193,424088,0,0.09399473853196508,-0.09399473853196508,0,0.7074003508705741,TRUE,193
P. vivax,model6,15010,Bragantina,PA,2019,2,194,424088,0,0.07502992169925086,-0.07502992169925086,0,0.7074003508705741,TRUE,193
P. vivax,model6,15010,Bragantina,PA,2019,3,195,424088,0.235800116956858,0.08383597748099259,0.15196413947586543,0,0.943200467827432,TRUE,193
P. vivax,model6,15011,Cametá,PA,2019,1,193,498315,256.86563719735506,160.71939831496482,96.14623888239024,63.01235162497617,932.4724320961634,TRUE,193
P. vivax,model6,15011,Cametá,PA,2019,2,194,498315,211.51279812969707,150.8572471888405,60.655550940856585,56.781353160149706,879.0624404242296,TRUE,193
P. vivax,model6,15011,Cametá,PA,2019,3,195,498315,221.1452595245979,129.9588655524172,91.1863939721807,58.38676339263318,729.2626150125919,TRUE,193
P. vivax,model6,15012,Tomé-Açu,PA,2019,1,193,340789,1.1737468052079145,0.651461594969659,0.5222852102382555,0,5.0030957571987225,TRUE,193
P. vivax,model6,15012,Tomé-Açu,PA,2019,2,194,340789,1.4671835065098933,0.47481691111154944,0.9923665953983438,0,3.5212404156237436,TRUE,193
P. vivax,model6,15012,Tomé-Açu,PA,2019,3,195,340789,0.5868734026039573,0.423508851240034,0.16336455136392325,0,3.227803714321765,TRUE,193
P. vivax,model6,15013,Guamá,PA,2019,1,193,483723,0.8269195386615893,2.007498261988972,-1.1805787233273826,0.20672988466539732,13.33924580803476,TRUE,193
P. vivax,model6,15013,Guamá,PA,2019,2,194,483723,0,1.837189559778528,-1.837189559778528,0,14.17650184092961,TRUE,193
P. vivax,model6,15013,Guamá,PA,2019,3,195,483723,0.20672988466539732,2.0055138088699493,-1.798783924204552,0.20672988466539732,12.512326269373169,TRUE,193
P. vivax,model6,15014,Itaituba,PA,2019,1,193,221135,179.5283424152667,96.66209645349262,82.86624596177408,41.106111651253755,493.64641508580723,TRUE,193
P. vivax,model6,15014,Itaituba,PA,2019,2,194,221135,160.98763198950866,84.44190730557061,76.54572468393805,33.46372125624619,433.9769823863246,TRUE,193
P. vivax,model6,15014,Itaituba,PA,2019,3,195,221135,150.58674565310784,86.92911834908115,63.65762730402669,32.77409727089787,449.9966084066294,TRUE,193
P. vivax,model6,15015,Altamira,PA,2019,1,193,309141,18.438188399468203,16.946633386553447,1.4915550129147555,4.358852433032176,101.09464613234738,TRUE,193
P. vivax,model6,15015,Altamira,PA,2019,2,194,309141,21.672958294111748,14.241494173020673,7.431464121091075,3.542073034634682,79.8422079245392,TRUE,193
P. vivax,model6,15015,Altamira,PA,2019,3,195,309141,16.820803452146432,11.358532662197605,5.4622707899488265,3.064944475174759,71.37519772530962,TRUE,193
P. vivax,model6,15016,Tucuruí,PA,2019,1,193,384726,29.89140323243035,46.16227313812403,-16.27086990569368,18.714617675956394,266.1179644734174,TRUE,193
P. vivax,model6,15016,Tucuruí,PA,2019,2,194,384726,22.353571112947915,35.13722555930903,-12.783654446361115,14.133435224029572,209.46725721682435,TRUE,193
P. vivax,model6,15016,Tucuruí,PA,2019,3,195,384726,12.216486538471536,27.600166446547753,-15.383679908076218,11.560175293585566,165.66335521903892,TRUE,193
P. vivax,model6,15017,Paragominas,PA,2019,1,193,349321,5.4391233278274145,3.103586208036217,2.3355371197911974,0.5725392976660435,18.89379682297944,TRUE,193
P. vivax,model6,15017,Paragominas,PA,2019,2,194,349321,4.86658403016137,2.649564724730483,2.217019305430887,0,13.755256626426682,TRUE,193
P. vivax,model6,15017,Paragominas,PA,2019,3,195,349321,2.290157190664174,2.2473586280711535,0.042798562593020506,0,11.601077518958201,TRUE,193
P. vivax,model6,15018,São Félix do Xingu,PA,2019,1,193,217674,15.619688157519962,4.027557878167237,11.592130279352723,0,23.42953223627994,TRUE,193
P. vivax,model6,15018,São Félix do Xingu,PA,2019,2,194,217674,12.403870007442322,4.195583792844821,8.2082862145975,0,25.72654520062111,TRUE,193
P. vivax,model6,15018,São Félix do Xingu,PA,2019,3,195,217674,8.728649264496449,5.56295721847801,3.165692046018439,1.1370214173488802,31.698778907908157,TRUE,193
P. vivax,model6,15019,Parauapebas,PA,2019,1,193,324525,1.2325706802249443,1.1299048765064603,0.102665803718484,0,8.789769663354125,TRUE,193
P. vivax,model6,15019,Parauapebas,PA,2019,2,194,324525,1.5407133502811803,0.897269439185552,0.6434439110956283,0,6.632770972960474,TRUE,193
P. vivax,model6,15019,Parauapebas,PA,2019,3,195,324525,0.924428010168708,0.7638793943320925,0.1605486158366155,0,5.238425390956013,TRUE,193
P. vivax,model6,15020,Marabá,PA,2019,1,193,333871,0.8985506378211945,0.8145466527702556,0.08400398505093887,0,5.990337585474629,TRUE,193
P. vivax,model6,15020,Marabá,PA,2019,2,194,333871,0,0.6643781092768378,-0.6643781092768378,0,5.2490333092721375,TRUE,193
P. vivax,model6,15020,Marabá,PA,2019,3,195,333871,0.29951687927373144,0.6332930419255758,-0.33377616265184434,0,5.3913038269271665,TRUE,193
P. vivax,model6,15021,Redenção,PA,2019,1,193,196972,0.507686371667039,0.6535479313612208,-0.1458615596941818,0,5.584550088337428,TRUE,193
P. vivax,model6,15021,Redenção,PA,2019,2,194,196972,0,0.6202979175995199,-0.6202979175995199,0,5.851085433462613,TRUE,193
P. vivax,model6,15021,Redenção,PA,2019,3,195,196972,1.015372743334078,0.5891591255506791,0.42621361778339895,0,5.584550088337428,TRUE,193
P. vivax,model6,15022,Conceição do Araguaia,PA,2019,1,193,162434,0,0.16581246970260527,-0.16581246970260527,0,1.846903973306081,TRUE,193
P. vivax,model6,15022,Conceição do Araguaia,PA,2019,2,194,162434,0,0.18672387165883275,-0.18672387165883275,0,2.462538631074775,TRUE,193
P. vivax,model6,15022,Conceição do Araguaia,PA,2019,3,195,162434,0,0.20811423480541244,-0.20811423480541244,0,3.0781732888434687,TRUE,193
P. vivax,model6,16001,Oiapoque,AP,2019,1,193,38387,375.1269961184776,397.3935302386496,-22.26653412017197,153.3071091775862,2693.359731158977,TRUE,193
P. vivax,model6,16001,Oiapoque,AP,2019,2,194,38387,364.70680178185324,315.58406754008934,49.12273424176391,108.04439002787402,2127.933935967897,TRUE,193
P. vivax,model6,16001,Oiapoque,AP,2019,3,195,38387,369.91689895016543,292.08251058421916,77.83438836594627,110.64943861203011,1940.8914476254863,TRUE,193
P. vivax,model6,16002,Amapá,AP,2019,1,193,31544,98.27542480344916,78.65350878769965,19.621916015749505,19.0210499619579,449.29305097641327,TRUE,193
P. vivax,model6,16002,Amapá,AP,2019,2,194,31544,19.0210499619579,79.95928403337865,-60.93823407142075,20.526883083946238,459.8338828303321,FALSE,193
P. vivax,model6,16002,Amapá,AP,2019,3,195,31544,38.0420999239158,68.9915476617135,-30.949447737797698,15.85087496829825,374.0806492518387,TRUE,193
P. vivax,model6,16003,Macapá,AP,2019,1,193,687827,143.34999934576572,85.61748049935179,57.73251884641394,30.211085054817566,463.3977729865211,TRUE,193
P. vivax,model6,16003,Macapá,AP,2019,2,194,687827,101.47900562205321,68.69499504977644,32.78401057227677,26.133024728601818,357.51358989978564,TRUE,193
P. vivax,model6,16003,Macapá,AP,2019,3,195,687827,82.28813349868499,53.099148083712585,29.1889854149724,19.161795044393433,281.5824327919662,TRUE,193
P. vivax,model6,16004,Mazagão,AP,2019,1,193,87973,405.80632694122056,174.6933493633102,231.11297757791036,65.81564798290385,925.4259829720465,TRUE,193
P. vivax,model6,16004,Mazagão,AP,2019,2,194,87973,245.52987848544439,144.19224516289154,101.33763332255285,53.36864719857229,843.2700942334561,TRUE,193
P. vivax,model6,16004,Mazagão,AP,2019,3,195,87973,226.2057676787196,133.35947202732365,92.84629565139596,56.77878439975902,804.8776329100967,TRUE,193
P. vivax,model6,17001,Bico do Papagaio,TO,2019,1,193,215893,0.9263848295220317,0.7622733346259195,0.1641114948961122,0,5.5583089771321905,TRUE,193
P. vivax,model6,17001,Bico do Papagaio,TO,2019,2,194,215893,0,0.7214410210264469,-0.7214410210264469,0,6.484693806654222,TRUE,193
P. vivax,model6,17001,Bico do Papagaio,TO,2019,3,195,215893,0,0.7279412880982071,-0.7279412880982071,0,5.801484994881713,TRUE,193
P. vivax,model6,17002,Araguaína,TO,2019,1,193,319685,0.6256158405930838,0.1049164220616321,0.5206994185314517,0,1.2512316811861677,TRUE,193
P. vivax,model6,17002,Araguaína,TO,2019,2,194,319685,0.3128079202965419,0.09498761389877731,0.21782030639776462,0,1.2512316811861677,TRUE,193
P. vivax,model6,17002,Araguaína,TO,2019,3,195,319685,0,0.0864853353756861,-0.0864853353756861,0,1.2512316811861677,TRUE,193
P. vivax,model6,17003,Miracema do Tocantins,TO,2019,1,193,149165,0,0.030927779304678927,-0.030927779304678927,0,0.6703985519391278,TRUE,193
P. vivax,model6,17003,Miracema do Tocantins,TO,2019,2,194,149165,0,0.030731592999063487,-0.030731592999063487,0,0.6703985519391278,TRUE,193
P. vivax,model6,17003,Miracema do Tocantins,TO,2019,3,195,149165,0,0.033332919395655976,-0.033332919395655976,0,0.6703985519391278,TRUE,193
P. vivax,model6,17004,Rio Formoso,TO,2019,1,193,127871,0,0.03865937319746452,-0.03865937319746452,0,0.7820381478208507,TRUE,193
P. vivax,model6,17004,Rio Formoso,TO,2019,2,194,127871,0,0.04016760014057605,-0.04016760014057605,0,0.7820381478208507,TRUE,193
P. vivax,model6,17004,Rio Formoso,TO,2019,3,195,127871,0,0.043682459614672174,-0.043682459614672174,0,0.7820381478208507,TRUE,193
P. vivax,model6,17005,Gurupi,TO,2019,1,193,150776,0,0.06314429279509325,-0.06314429279509325,0,1.3264710564015494,TRUE,193
P. vivax,model6,17005,Gurupi,TO,2019,2,194,150776,0,0.06701504512391727,-0.06701504512391727,0,1.3264710564015494,TRUE,193
P. vivax,model6,17005,Gurupi,TO,2019,3,195,150776,0,0.0771967309201381,-0.0771967309201381,0,1.3264710564015494,TRUE,193
P. vivax,model6,17006,Porto Nacional,TO,2019,1,193,404882,0,0.13565554015380746,-0.13565554015380746,0,1.2349277073320128,TRUE,193
P. vivax,model6,17006,Porto Nacional,TO,2019,2,194,404882,0,0.1417121001152362,-0.1417121001152362,0,1.4819132487984155,TRUE,193
P. vivax,model6,17006,Porto Nacional,TO,2019,3,195,404882,0,0.1658672865477762,-0.1658672865477762,0,1.8585661995346736,TRUE,193
P. vivax,model6,17007,Jalapão,TO,2019,1,193,80184,0,0.0011165727072307587,-0.0011165727072307587,0,0,TRUE,193
P. vivax,model6,17007,Jalapão,TO,2019,2,194,80184,0,0.001149712779901148,-0.001149712779901148,0,0,TRUE,193
P. vivax,model6,17007,Jalapão,TO,2019,3,195,80184,0,0.0013089014358660506,-0.0013089014358660506,0,0,TRUE,193
P. vivax,model6,17008,Dianópolis,TO,2019,1,193,124410,0,0.0014541199904109542,-0.0014541199904109542,0,0,TRUE,193
P. vivax,model6,17008,Dianópolis,TO,2019,2,194,124410,0,0.0016936203965628378,-0.0016936203965628378,0,0,TRUE,193
P. vivax,model6,17008,Dianópolis,TO,2019,3,195,124410,0,0.0021011294708379014,-0.0021011294708379014,0,0,TRUE,193
P. vivax,model6,21001,Litoral Ocidental Maranhense,MA,2019,1,193,191282,0,0.08201716359405456,-0.08201716359405456,0,1.0455766878221682,TRUE,193
P. vivax,model6,21001,Litoral Ocidental Maranhense,MA,2019,2,194,191282,0,0.06497530533661294,-0.06497530533661294,0,0.5227883439110841,TRUE,193
P. vivax,model6,21001,Litoral Ocidental Maranhense,MA,2019,3,195,191282,0,0.09455270205771836,-0.09455270205771836,0,1.5683650317332525,TRUE,193
P. vivax,model6,21002,Aglomeração Urbana de São Luís,MA,2019,1,193,1432529,0.20941984420559723,0.04996265372634348,0.15945719047925375,0,0.5252947758823714,TRUE,193
P. vivax,model6,21002,Aglomeração Urbana de São Luís,MA,2019,2,194,1432529,0,0.047262555167600494,-0.047262555167600494,0,0.4886463031463935,TRUE,193
P. vivax,model6,21002,Aglomeração Urbana de São Luís,MA,2019,3,195,1432529,0.06980661473519907,0.0589365421430002,0.010870072592198868,0,0.4886463031463935,TRUE,193
P. vivax,model6,21003,Rosário,MA,2019,1,193,178491,0,0.03613044459531479,-0.03613044459531479,0,1.1205046753057577,TRUE,193
P. vivax,model6,21003,Rosário,MA,2019,2,194,178491,0,0.034971819063392175,-0.034971819063392175,0,0.5602523376528789,TRUE,193
P. vivax,model6,21003,Rosário,MA,2019,3,195,178491,0,0.042274639596617404,-0.042274639596617404,0,0.5602523376528789,TRUE,193
P. vivax,model6,21004,Lençóis Maranhenses,MA,2019,1,193,197301,0,0.019777116906121925,-0.019777116906121925,0,0.5068398031434205,TRUE,193
P. vivax,model6,21004,Lençóis Maranhenses,MA,2019,2,194,197301,0,0.02527892213937824,-0.02527892213937824,0,0.5068398031434205,TRUE,193
P. vivax,model6,21004,Lençóis Maranhenses,MA,2019,3,195,197301,0,0.038955104362082965,-0.038955104362082965,0,1.013679606286841,TRUE,193
P. vivax,model6,21005,Baixada Maranhense,MA,2019,1,193,604575,0.6616218004383244,0.45019297002475944,0.21142883041356497,0,3.8043253525203653,TRUE,193
P. vivax,model6,21005,Baixada Maranhense,MA,2019,2,194,604575,0.9924327006574866,0.3701394886034728,0.6222932120540138,0,2.8118926518628786,TRUE,193
P. vivax,model6,21005,Baixada Maranhense,MA,2019,3,195,604575,0.4962163503287433,0.3511517300816644,0.1450646202470789,0,2.733325063060824,TRUE,193
P. vivax,model6,21006,Itapecuru Mirim,MA,2019,1,193,236106,0,0.03511093832018186,-0.03511093832018186,0,0.42353858012926393,TRUE,193
P. vivax,model6,21006,Itapecuru Mirim,MA,2019,2,194,236106,0,0.04085718057587095,-0.04085718057587095,0,0.8470771602585279,TRUE,193
P. vivax,model6,21006,Itapecuru Mirim,MA,2019,3,195,236106,0,0.06130883417135978,-0.06130883417135978,0,0.8470771602585279,TRUE,193
P. vivax,model6,21007,Gurupi,MA,2019,1,193,241976,1.6530565014712202,3.840029722904903,-2.186973221433683,0.41326412536780505,20.27060534929082,TRUE,193
P. vivax,model6,21007,Gurupi,MA,2019,2,194,241976,1.6530565014712202,3.622078180628248,-1.9690216791570279,0,19.640377558104927,TRUE,193
P. vivax,model6,21007,Gurupi,MA,2019,3,195,241976,3.3061130029424404,4.531153105192365,-1.2250401022499244,0,24.010645683869438,TRUE,193
P. vivax,model6,21008,Pindaré,MA,2019,1,193,666083,6.155389043107241,4.116891460445209,2.038497582662032,1.3511829606820773,24.129875706180734,TRUE,193
P. vivax,model6,21008,Pindaré,MA,2019,2,194,666083,2.8524973614399407,3.503564952065843,-0.6510675906259022,0.6005257603031454,23.063942481642663,TRUE,193
P. vivax,model6,21008,Pindaré,MA,2019,3,195,666083,3.0026288015157268,3.704107226800041,-0.7014784252843143,1.122232514566503,22.89504461155735,TRUE,193
P. vivax,model6,21009,Imperatriz,MA,2019,1,193,600199,1.332891257732852,0.6921415246561741,0.6407497330766779,0,5.419036019720123,TRUE,193
P. vivax,model6,21009,Imperatriz,MA,2019,2,194,600199,0.999668443299639,0.6024475382150739,0.3972209050845651,0,4.831730809281589,TRUE,193
P. vivax,model6,21009,Imperatriz,MA,2019,3,195,600199,0.8330570360830324,0.5648735627803303,0.2681834733027021,0,4.498507994848375,TRUE,193
P. vivax,model6,21010,Médio Mearim,MA,2019,1,193,424583,1.6486764660855475,1.209440554080863,0.4392359120046845,0,8.255158590899766,TRUE,193
P. vivax,model6,21010,Médio Mearim,MA,2019,2,194,424583,1.1776260472039626,1.1269872757111141,0.050638771492848456,0,7.212959539124244,TRUE,193
P. vivax,model6,21010,Médio Mearim,MA,2019,3,195,424583,1.6486764660855475,1.2639287612720749,0.38474770481347265,0,8.47890753986853,TRUE,193
P. vivax,model6,21011,Alto Mearim e Grajaú,MA,2019,1,193,336315,2.3787223287691597,3.59923236893161,-1.2205100401624502,0.29734029109614496,20.21913979453786,TRUE,193
P. vivax,model6,21011,Alto Mearim e Grajaú,MA,2019,2,194,336315,4.757444657538319,3.28584372815408,1.4716009293842394,0,18.888541991882605,TRUE,193
P. vivax,model6,21011,Alto Mearim e Grajaú,MA,2019,3,195,336315,4.460104366442175,3.5013827032115565,0.9587216632306181,0.8920208732884349,19.483222574074894,TRUE,193
P. vivax,model6,21012,Presidente Dutra,MA,2019,1,193,199535,2.0046608364447343,0.6206019961927968,1.3840588402519374,0,5.274763825895196,TRUE,193
P. vivax,model6,21012,Presidente Dutra,MA,2019,2,194,199535,1.0023304182223671,0.6114354625959824,0.39089495562638477,0,6.013982509334202,TRUE,193
P. vivax,model6,21012,Presidente Dutra,MA,2019,3,195,199535,0.5011652091111836,0.6833378225658704,-0.18217261345468683,0,6.013982509334202,TRUE,193
P. vivax,model6,21013,Baixo Parnaíba Maranhense,MA,2019,1,193,146372,0.6831907741917853,0.28499681297535284,0.39819396121643247,0,3.091438253217813,TRUE,193
P. vivax,model6,21013,Baixo Parnaíba Maranhense,MA,2019,2,194,146372,0.6831907741917853,0.2579197104161772,0.42527106377560814,0,3.091438253217813,TRUE,193
P. vivax,model6,21013,Baixo Parnaíba Maranhense,MA,2019,3,195,146372,0,0.260162401709798,-0.260162401709798,0,3.4159538709589263,TRUE,193
P. vivax,model6,21014,Chapadinha,MA,2019,1,193,245029,0.4081149578213191,0.3521622179355503,0.05595273988576882,0,2.856804704749234,TRUE,193
P. vivax,model6,21014,Chapadinha,MA,2019,2,194,245029,0,0.32598406339629854,-0.32598406339629854,0,3.4791800154267363,TRUE,193
P. vivax,model6,21014,Chapadinha,MA,2019,3,195,245029,0,0.3237200190278118,-0.3237200190278118,0,3.673034620391872,TRUE,193
P. vivax,model6,21015,Codó,MA,2019,1,193,278462,0.7182308537610158,0.20633323485485283,0.511897618906163,0,2.1546925612830474,TRUE,193
P. vivax,model6,21015,Codó,MA,2019,2,194,278462,0.3591154268805079,0.18928138855771037,0.16983403832279753,0,1.7955771344025395,TRUE,193
P. vivax,model6,21015,Codó,MA,2019,3,195,278462,0,0.21687872816730214,-0.21687872816730214,0,2.1546925612830474,TRUE,193
P. vivax,model6,21016,Coelho Neto,MA,2019,1,193,93840,0,0.2366767042898313,-0.2366767042898313,0,4.262574595055414,TRUE,193
P. vivax,model6,21016,Coelho Neto,MA,2019,2,194,93840,0,0.20964491373155517,-0.20964491373155517,0,3.19693094629156,TRUE,193
P. vivax,model6,21016,Coelho Neto,MA,2019,3,195,93840,0,0.1804894893272315,-0.1804894893272315,0,2.131287297527707,TRUE,193
P. vivax,model6,21017,Caxias,MA,2019,1,193,445103,0,0.08599164353015343,-0.08599164353015343,0,0.8986683981011137,TRUE,193
P. vivax,model6,21017,Caxias,MA,2019,2,194,445103,0.2246670995252784,0.0834803564017245,0.1411867431235539,0,0.8986683981011137,TRUE,193
P. vivax,model6,21017,Caxias,MA,2019,3,195,445103,0,0.08596638056784157,-0.08596638056784157,0,0.8986683981011137,TRUE,193
P. vivax,model6,21018,Chapadas do Alto Itapecuru,MA,2019,1,193,221411,0,0.147426483484242,-0.147426483484242,0,1.8065949749560772,TRUE,193
P. vivax,model6,21018,Chapadas do Alto Itapecuru,MA,2019,2,194,221411,0,0.11799403762673315,-0.11799403762673315,0,1.3549462312170577,TRUE,193
P. vivax,model6,21018,Chapadas do Alto Itapecuru,MA,2019,3,195,221411,0,0.11528099674493009,-0.11528099674493009,0,1.3549462312170577,TRUE,193
P. vivax,model6,21019,Porto Franco,MA,2019,1,193,120372,0,0.3568248142952152,-0.3568248142952152,0,3.3230319343368895,TRUE,193
P. vivax,model6,21019,Porto Franco,MA,2019,2,194,120372,0,0.3057024135602095,-0.3057024135602095,0,3.3230319343368895,TRUE,193
P. vivax,model6,21019,Porto Franco,MA,2019,3,195,120372,0,0.30726141163106097,-0.30726141163106097,0,3.3230319343368895,TRUE,193
P. vivax,model6,21020,Gerais de Balsas,MA,2019,1,193,143297,0,0.027510086078365144,-0.027510086078365144,0,0.6978513157986559,TRUE,193
P. vivax,model6,21020,Gerais de Balsas,MA,2019,2,194,143297,0,0.02518740754212017,-0.02518740754212017,0,0.6978513157986559,TRUE,193
P. vivax,model6,21020,Gerais de Balsas,MA,2019,3,195,143297,0,0.027111067410346794,-0.027111067410346794,0,0.6978513157986559,TRUE,193
P. vivax,model6,21021,Chapadas das Mangabeiras,MA,2019,1,193,72320,0,0.004176320192153695,-0.004176320192153695,0,1.3827433628318584,TRUE,193
P. vivax,model6,21021,Chapadas das Mangabeiras,MA,2019,2,194,72320,0,0.00391467203978188,-0.00391467203978188,0,0,TRUE,193
P. vivax,model6,21021,Chapadas das Mangabeiras,MA,2019,3,195,72320,0,0.004394215194805736,-0.004394215194805736,0,0,TRUE,193
P. vivax,model6,51001,Aripuanã,MT,2019,1,193,169973,23.533149382548995,26.86867927958262,-3.3355298970336236,9.104387167373641,144.75828513940445,TRUE,193
P. vivax,model6,51001,Aripuanã,MT,2019,2,194,169973,18.23819077147547,22.59951412353309,-4.361323352057621,7.339400963682468,128.62336959399428,TRUE,193
P. vivax,model6,51001,Aripuanã,MT,2019,3,195,169973,18.826519506039194,23.93622936406341,-5.1097098580242175,6.751072229118744,138.34550193265983,TRUE,193
P. vivax,model6,51002,Alta Floresta,MT,2019,1,193,107911,0.9266895867891133,0.8990484160063178,0.027641170782795488,0,6.973339140588056,TRUE,193
P. vivax,model6,51002,Alta Floresta,MT,2019,2,194,107911,0,0.6507806757779651,-0.6507806757779651,0,6.046649553798943,TRUE,193
P. vivax,model6,51002,Alta Floresta,MT,2019,3,195,107911,0.9266895867891133,0.5228234760074956,0.4038661107816177,0,4.6334479339455665,TRUE,193
P. vivax,model6,51003,Colíder,MT,2019,1,193,156947,3.1857888331729822,2.7808973638651935,0.40489146930778874,0,15.626294226713462,TRUE,193
P. vivax,model6,51003,Colíder,MT,2019,2,194,156947,2.548631066538386,2.3719669760024904,0.17666409053589538,0,12.105997566057331,TRUE,193
P. vivax,model6,51003,Colíder,MT,2019,3,195,156947,1.9114732999037891,2.5094289203065103,-0.5979556204027212,0,14.989136460078866,TRUE,193
P. vivax,model6,51004,Parecis,MT,2019,1,193,110936,1.8028412778538978,1.1878251217614906,0.6150161560924072,0,8.11278575034254,TRUE,193
P. vivax,model6,51004,Parecis,MT,2019,2,194,110936,6.309944472488642,1.2569125522045916,5.053031920284051,0,9.915627028196438,TRUE,193
P. vivax,model6,51004,Parecis,MT,2019,3,195,110936,1.8028412778538978,1.4998782115076514,0.30296306634624637,0,12.191714141486962,TRUE,193
P. vivax,model6,51005,Arinos,MT,2019,1,193,83182,0,0.17905370370837767,-0.17905370370837767,0,2.404366329253925,TRUE,193
P. vivax,model6,51005,Arinos,MT,2019,2,194,83182,0,0.15204761846280837,-0.15204761846280837,0,2.404366329253925,TRUE,193
P. vivax,model6,51005,Arinos,MT,2019,3,195,83182,0,0.16931220845766126,-0.16931220845766126,0,2.404366329253925,TRUE,193
P. vivax,model6,51006,Alto Teles Pires,MT,2019,1,193,260081,0,0.4506920682059709,-0.4506920682059709,0,4.0468161841887635,TRUE,193
P. vivax,model6,51006,Alto Teles Pires,MT,2019,2,194,260081,1.153486798343593,0.4416826714773315,0.7118041268662616,0,3.662320584740899,TRUE,193
P. vivax,model6,51006,Alto Teles Pires,MT,2019,3,195,260081,1.153486798343593,0.4361349390986272,0.7173518592449658,0,3.460460395030779,TRUE,193
P. vivax,model6,51007,Sinop,MT,2019,1,193,206715,0.9675156616597732,0.4450548432418184,0.5224608184179549,0,3.6402776769948852,TRUE,193
P. vivax,model6,51007,Sinop,MT,2019,2,194,206715,0,0.4340699709294143,-0.4340699709294143,0,3.870062646639093,TRUE,193
P. vivax,model6,51007,Sinop,MT,2019,3,195,206715,2.4187891541494326,0.4497509947397382,1.9690381594096944,0,3.6402776769948852,TRUE,193
P. vivax,model6,51008,Paranatinga,MT,2019,1,193,36702,0,0.18739527161583772,-0.18739527161583772,0,2.724647158193014,TRUE,193
P. vivax,model6,51008,Paranatinga,MT,2019,2,194,36702,0,0.16218541849458526,-0.16218541849458526,0,2.724647158193014,TRUE,193
P. vivax,model6,51008,Paranatinga,MT,2019,3,195,36702,2.724647158193014,0.16038975470752015,2.5642574034854935,0,2.724647158193014,TRUE,193
P. vivax,model6,51009,Norte Araguaia,MT,2019,1,193,132443,0,0.056361033576703745,-0.056361033576703745,0,1.5100835831263262,TRUE,193
P. vivax,model6,51009,Norte Araguaia,MT,2019,2,194,132443,0,0.05200833317773111,-0.05200833317773111,0,0.7550417915631631,TRUE,193
P. vivax,model6,51009,Norte Araguaia,MT,2019,3,195,132443,0,0.0615717604486569,-0.0615717604486569,0,0.7550417915631631,TRUE,193
P. vivax,model6,51010,Canarana,MT,2019,1,193,116230,0.8603630732168975,0.1405271795484686,0.7198358936684289,0,1.720726146433795,TRUE,193
P. vivax,model6,51010,Canarana,MT,2019,2,194,116230,0.8603630732168975,0.14446609215013761,0.7158969810667599,0,1.720726146433795,TRUE,193
P. vivax,model6,51010,Canarana,MT,2019,3,195,116230,0,0.12877132795874544,-0.12877132795874544,0,2.1724167598726467,TRUE,193
P. vivax,model6,51011,Médio Araguaia,MT,2019,1,193,69812,0,0.06218300878783182,-0.06218300878783182,0,1.4324184953876125,TRUE,193
P. vivax,model6,51011,Médio Araguaia,MT,2019,2,194,69812,0,0.04702947990308291,-0.04702947990308291,0,1.4324184953876125,TRUE,193
P. vivax,model6,51011,Médio Araguaia,MT,2019,3,195,69812,0,0.0409781585185847,-0.0409781585185847,0,1.4324184953876125,TRUE,193
P. vivax,model6,51012,Alto Guaporé,MT,2019,1,193,75369,0,0.2639447715522458,-0.2639447715522458,0,2.6536109010335815,TRUE,193
P. vivax,model6,51012,Alto Guaporé,MT,2019,2,194,75369,0,0.2313311756590503,-0.2313311756590503,0,2.6536109010335815,TRUE,193
P. vivax,model6,51012,Alto Guaporé,MT,2019,3,195,75369,0,0.23064782122670385,-0.23064782122670385,0,2.6536109010335815,TRUE,193
P. vivax,model6,51013,Tangará da Serra,MT,2019,1,193,171442,0.5832876424680067,0.10479675019306722,0.47849089227493946,0,1.1665752849360134,TRUE,193
P. vivax,model6,51013,Tangará da Serra,MT,2019,2,194,171442,0.5832876424680067,0.1015961181619144,0.4816915243060923,0,1.4728012972317037,TRUE,193
P. vivax,model6,51013,Tangará da Serra,MT,2019,3,195,171442,0,0.10868352311617191,-0.10868352311617191,0,1.4728012972317037,TRUE,193
P. vivax,model6,51014,Jauru,MT,2019,1,193,110923,0,0.10161962108011194,-0.10161962108011194,0,1.8030525679976201,TRUE,193
P. vivax,model6,51014,Jauru,MT,2019,2,194,110923,0,0.08078492924074455,-0.08078492924074455,0,1.8030525679976201,TRUE,193
P. vivax,model6,51014,Jauru,MT,2019,3,195,110923,0.9015262839988101,0.07354990159991999,0.82797638239889,0,1.8030525679976201,TRUE,193
P. vivax,model6,51015,Alto Paraguai,MT,2019,1,193,33376,0,0.02048852509894115,-0.02048852509894115,0,0,TRUE,193
P. vivax,model6,51015,Alto Paraguai,MT,2019,2,194,33376,0,0.017841742700705425,-0.017841742700705425,0,0,TRUE,193
P. vivax,model6,51015,Alto Paraguai,MT,2019,3,195,33376,0,0.019761408017980757,-0.019761408017980757,0,2.9961649089165867,TRUE,193
P. vivax,model6,51016,Rosário Oeste,MT,2019,1,193,30959,0,0.005690210799384005,-0.005690210799384005,0,0,TRUE,193
P. vivax,model6,51016,Rosário Oeste,MT,2019,2,194,30959,0,0.004947001943665581,-0.004947001943665581,0,0,TRUE,193
P. vivax,model6,51016,Rosário Oeste,MT,2019,3,195,30959,0,0.00570580275105434,-0.00570580275105434,0,0,TRUE,193
P. vivax,model6,51017,Cuiabá,MT,2019,1,193,947114,0.2111678214027034,0.12234006615720064,0.08882775524550277,0,1.1614230177148686,TRUE,193
P. vivax,model6,51017,Cuiabá,MT,2019,2,194,947114,0.2111678214027034,0.1011489000923467,0.1100189213103567,0,0.7390873749094617,TRUE,193
P. vivax,model6,51017,Cuiabá,MT,2019,3,195,947114,0.2111678214027034,0.10137820546472895,0.10978961593797446,0,0.7945189280276691,TRUE,193
P. vivax,model6,51018,Alto Pantanal,MT,2019,1,193,141002,0,0.10123682037545166,-0.10123682037545166,0,1.4184195968851507,TRUE,193
P. vivax,model6,51018,Alto Pantanal,MT,2019,2,194,141002,0,0.0946968570729377,-0.0946968570729377,0,1.4184195968851507,TRUE,193
P. vivax,model6,51018,Alto Pantanal,MT,2019,3,195,141002,0,0.10020208392803179,-0.10020208392803179,0,1.4184195968851507,TRUE,193
P. vivax,model6,51019,Primavera do Leste,MT,2019,1,193,106060,0,0.07888674146843079,-0.07888674146843079,0,0.9428625306430323,TRUE,193
P. vivax,model6,51019,Primavera do Leste,MT,2019,2,194,106060,0,0.06765983003754242,-0.06765983003754242,0,0.9428625306430323,TRUE,193
P. vivax,model6,51019,Primavera do Leste,MT,2019,3,195,106060,0,0.06754671933656992,-0.06754671933656992,0,0.9428625306430323,TRUE,193
P. vivax,model6,51020,Tesouro,MT,2019,1,193,55941,0,0.00810671599368321,-0.00810671599368321,0,1.7875976475214956,TRUE,193
P. vivax,model6,51020,Tesouro,MT,2019,2,194,55941,0,0.007351571586234405,-0.007351571586234405,0,0,TRUE,193
P. vivax,model6,51020,Tesouro,MT,2019,3,195,55941,0,0.007720404665344523,-0.007720404665344523,0,1.7875976475214956,TRUE,193
P. vivax,model6,51021,Rondonópolis,MT,2019,1,193,319427,0.31306057409048077,0.05224338868937063,0.26081718540111015,0,0.6261211481809615,TRUE,193
P. vivax,model6,51021,Rondonópolis,MT,2019,2,194,319427,0,0.04605752862338979,-0.04605752862338979,0,0.6261211481809615,TRUE,193
P. vivax,model6,51021,Rondonópolis,MT,2019,3,195,319427,0,0.045544213260206884,-0.045544213260206884,0,0.6261211481809615,TRUE,193
P. vivax,model6,51022,Alto Araguaia,MT,2019,1,193,41921,0,0.007660581742046352,-0.007660581742046352,0,0,TRUE,193
P. vivax,model6,51022,Alto Araguaia,MT,2019,2,194,41921,0,0.0070625957227138676,-0.0070625957227138676,0,1.252355621287606,TRUE,193
P. vivax,model6,51022,Alto Araguaia,MT,2019,3,195,41921,0,0.007479021687602678,-0.007479021687602678,0,0,TRUE,193
P. vivax,model6,11001,Porto Velho,RO,2020,1,205,689580,105.86153890774094,84.0865913922346,21.77494751550634,29.94213869311755,450.3175846167228,TRUE,205
P. vivax,model6,11001,Porto Velho,RO,2020,2,206,689580,94.84033759679805,70.30203777825382,24.538299818544232,27.694393688912093,348.005307578526,TRUE,205
P. vivax,model6,11001,Porto Velho,RO,2020,3,207,689580,123.40845152121582,77.89864498050866,45.50980654070716,27.44061602714696,401.4653847269342,TRUE,205
P. vivax,model6,11002,Guajará-Mirim,RO,2020,1,205,86035,70.90137734642879,54.13386696635151,16.767510380077276,15.662230487592261,317.370837449875,TRUE,205
P. vivax,model6,11002,Guajará-Mirim,RO,2020,2,206,86035,62.765153716510724,44.34154041287944,18.423613303631285,13.33759516475853,279.6245713953623,TRUE,205
P. vivax,model6,11002,Guajará-Mirim,RO,2020,3,207,86035,95.31004823618295,50.14578539359343,45.16426284258952,15.662230487592261,284.82594293020276,TRUE,205
P. vivax,model6,11003,Ariquemes,RO,2020,1,205,209694,49.59607809474759,48.75483686943769,0.8412412253099006,17.59707001630948,317.61757608705994,TRUE,205
P. vivax,model6,11003,Ariquemes,RO,2020,2,206,209694,42.442797600312836,40.42804084453648,2.0147567557763537,14.056196171564281,258.8891432277503,TRUE,205
P. vivax,model6,11003,Ariquemes,RO,2020,3,207,209694,42.919682966608484,41.2991298002222,1.620553166386287,12.625540072677332,265.17210792869565,TRUE,205
P. vivax,model6,11004,Ji-Paraná,RO,2020,1,205,293651,11.237829940984366,7.188516730704751,4.049313210279615,1.7027015062097524,45.470643723331435,TRUE,205
P. vivax,model6,11004,Ji-Paraná,RO,2020,2,206,293651,19.410797170791177,5.537372361553469,13.873424809237708,0.681080602483901,32.725922949351414,TRUE,205
P. vivax,model6,11004,Ji-Paraná,RO,2020,3,207,293651,21.794579279484832,5.9537431519543365,15.840836127530496,1.0216209037258515,43.589158558969665,TRUE,205
P. vivax,model6,11005,Alvorada D'Oeste,RO,2020,1,205,69523,11.506983300490484,4.090204058580536,7.416779241909948,0,25.890712426103594,TRUE,205
P. vivax,model6,11005,Alvorada D'Oeste,RO,2020,2,206,69523,11.506983300490484,3.2580669676413923,8.248916332849092,0,26.645858205198248,TRUE,205
P. vivax,model6,11005,Alvorada D'Oeste,RO,2020,3,207,69523,10.068610387929175,3.526145522376117,6.5424648655530575,0,27.329085338664903,TRUE,205
P. vivax,model6,11006,Cacoal,RO,2020,1,205,237069,30.792722793785778,8.704104977710331,22.08861781607545,1.4658179686082962,45.19781160759098,TRUE,205
P. vivax,model6,11006,Cacoal,RO,2020,2,206,237069,22.77817850499222,7.502353133280469,15.27582537171175,1.0439998481454773,42.666902884814064,TRUE,205
P. vivax,model6,11006,Cacoal,RO,2020,3,207,237069,26.152723468694766,9.058294641308214,17.09442882738655,2.1090906023140943,42.86726649203392,TRUE,205
P. vivax,model6,11007,Vilhena,RO,2020,1,205,164604,1.2150373016451606,3.476178843546553,-2.2611415419013925,0,25.865106558771313,TRUE,205
P. vivax,model6,11007,Vilhena,RO,2020,2,206,164604,3.645111904935481,3.1005517495709687,0.5445601553645125,0,24.012174673762473,TRUE,205
P. vivax,model6,11007,Vilhena,RO,2020,3,207,164604,7.290223809870962,3.424379694273432,3.8658441155975303,0,25.257587907948732,TRUE,205
P. vivax,model6,11008,Colorado do Oeste,RO,2020,1,205,46304,10.798203178991017,7.516429512460689,3.281773666530328,0,58.31029716655148,TRUE,205
P. vivax,model6,11008,Colorado do Oeste,RO,2020,2,206,46304,2.159640635798203,5.830996494392617,-3.6713558585944144,0,43.19281271596407,TRUE,205
P. vivax,model6,11008,Colorado do Oeste,RO,2020,3,207,46304,0,6.11518243018482,-6.11518243018482,0,48.645905321354476,TRUE,205
P. vivax,model6,12001,Cruzeiro do Sul,AC,2020,1,205,159274,467.11955498072507,570.8109171970962,-103.69136221637109,256.130944159122,3490.7455077413706,TRUE,205
P. vivax,model6,12001,Cruzeiro do Sul,AC,2020,2,206,159274,370.43082989062873,431.0865900966593,-60.65576020603055,189.6103569948642,2677.618443688235,TRUE,205
P. vivax,model6,12001,Cruzeiro do Sul,AC,2020,3,207,159274,405.5903662870274,406.2479360121391,-0.6575697251117276,179.14097718397227,2544.074990268341,TRUE,205
P. vivax,model6,12002,Tarauacá,AC,2020,1,205,86508,8.09173718037638,15.462579499100698,-7.370842318724318,1.155962454339483,98.43020298700682,TRUE,205
P. vivax,model6,12002,Tarauacá,AC,2020,2,206,86508,9.247699634715865,11.727310313135414,-2.479610678419549,1.155962454339483,72.39214870301,TRUE,205
P. vivax,model6,12002,Tarauacá,AC,2020,3,207,86508,1.155962454339483,11.751409554075888,-10.595447099736404,0.5490821658112561,72.33435058029308,TRUE,205
P. vivax,model6,12003,Sena Madureira,AC,2020,1,205,62809,0,1.030522651916602,-1.030522651916602,0,8.796510054291545,TRUE,205
P. vivax,model6,12003,Sena Madureira,AC,2020,2,206,62809,0,0.8855025639027861,-0.8855025639027861,0,8.796510054291545,TRUE,205
P. vivax,model6,12003,Sena Madureira,AC,2020,3,207,62809,0,0.8423220848232609,-0.8423220848232609,0,7.960642583069305,TRUE,205
P. vivax,model6,12004,Rio Branco,AC,2020,1,205,513351,23.18102039345399,14.573793630304188,8.607226763149804,4.480365286129763,94.12663070686526,TRUE,205
P. vivax,model6,12004,Rio Branco,AC,2020,2,206,513351,23.18102039345399,12.212559642912657,10.968460750541334,4.767693059914172,73.70200895683455,TRUE,205
P. vivax,model6,12004,Rio Branco,AC,2020,3,207,513351,18.895453598025522,14.155968090888074,4.739485507137449,4.675163776831057,84.77630315320313,TRUE,205
P. vivax,model6,12005,Brasiléia,AC,2020,1,205,72528,5.515111405250386,1.451817393784096,4.06329401146629,0,11.754081182439855,TRUE,205
P. vivax,model6,12005,Brasiléia,AC,2020,2,206,72528,9.651444959188176,1.0373962910530836,8.614048668135093,0,9.651444959188176,TRUE,205
P. vivax,model6,12005,Brasiléia,AC,2020,3,207,72528,8.272667107875579,0.9537389933896213,7.318928114485957,0,9.651444959188176,TRUE,205
P. vivax,model6,13001,Rio Negro,AM,2020,1,205,119734,1024.7715769956737,886.8988256242844,137.8727513713893,382.9112866854862,5855.918118495999,TRUE,205
P. vivax,model6,13001,Rio Negro,AM,2020,2,206,119734,1011.408622446423,789.7889349539832,221.61968749243977,323.0703058446223,5124.087560759683,TRUE,205
P. vivax,model6,13001,Rio Negro,AM,2020,3,207,119734,1104.9493042911788,835.4698153490826,269.47948894209617,392.4532714183106,5780.375666059758,TRUE,205
P. vivax,model6,13002,Japurá,AM,2020,1,205,20512,463.1435257410297,231.16087332979265,231.98265241123704,70.32468798751952,1432.0885335413382,TRUE,205
P. vivax,model6,13002,Japurá,AM,2020,2,206,20512,614.2745709828392,178.82587757695262,435.4486934058866,43.87675507020281,1126.1700468018676,TRUE,205
P. vivax,model6,13002,Japurá,AM,2020,3,207,20512,745.9048361934477,206.23127902811476,539.673557165333,73.12792511700468,1353.232254290171,TRUE,205
P. vivax,model6,13003,Alto Solimões,AM,2020,1,205,254355,91.99740520139176,53.748425560974816,38.24897964041694,19.657565213972596,304.57431542529116,TRUE,205
P. vivax,model6,13003,Alto Solimões,AM,2020,2,206,254355,77.45080694305203,66.78514211511029,10.66566482794174,19.637907648758627,371.1643175876234,TRUE,205
P. vivax,model6,13003,Alto Solimões,AM,2020,3,207,254355,153.32900866898626,84.36958125632623,68.95942741266003,30.2726504295178,512.3154646065534,TRUE,205
P. vivax,model6,13004,Juruá,AM,2020,1,205,154894,223.37856856947332,147.25244373136357,76.12612483810975,65.85148553204127,886.6386044649881,TRUE,205
P. vivax,model6,13004,Juruá,AM,2020,2,206,154894,270.5075729208362,141.11746296596306,129.39010995487314,44.44975273412786,831.6978062416877,TRUE,205
P. vivax,model6,13004,Juruá,AM,2020,3,207,154894,451.92195953361653,201.09184480966613,250.8301147239504,73.92152052371301,1202.322233269203,TRUE,205
P. vivax,model6,13005,Tefé,AM,2020,1,205,89457,184.44615848955365,149.5754726231746,34.87068586637906,60.89517868920263,931.7605106363951,TRUE,205
P. vivax,model6,13005,Tefé,AM,2020,2,206,89457,196.7425690555239,144.1010734411461,52.64149561437779,67.07133035983769,956.3533317683356,TRUE,205
P. vivax,model6,13005,Tefé,AM,2020,3,207,89457,270.5210324513453,183.6526413858987,86.86839106544662,79.31184815050807,1195.4905708888064,TRUE,205
P. vivax,model6,13006,Coari,AM,2020,1,205,183887,98.97382631724918,67.86923032716501,31.104595990084164,26.075796548967574,376.4948038741179,TRUE,205
P. vivax,model6,13006,Coari,AM,2020,2,206,183887,64.71365566897062,76.03501048587407,-11.321354816903451,33.43085699369722,448.9849744680156,TRUE,205
P. vivax,model6,13006,Coari,AM,2020,3,207,183887,75.04608808670542,92.58772511297771,-17.541637026272284,35.26622327842643,549.6446187060521,TRUE,205
P. vivax,model6,13007,Manaus,AM,2020,1,205,2509626,37.256547389929814,33.7754114929824,3.481135896947414,11.942018452151835,173.80677439586609,TRUE,205
P. vivax,model6,13007,Manaus,AM,2020,2,206,2509626,27.41444342702857,28.705900955799052,-1.2914575287704828,10.257504504655275,150.4616624150371,TRUE,205
P. vivax,model6,13007,Manaus,AM,2020,3,207,2509626,26.816744805799747,29.912901735318016,-3.096156929518269,10.604169704967994,153.7211122294716,TRUE,205
P. vivax,model6,13008,Rio Preto da Eva,AM,2020,1,205,71299,228.61470707864063,208.88902229080605,19.72568478783458,77.06980462559082,930.4478323679149,TRUE,205
P. vivax,model6,13008,Rio Preto da Eva,AM,2020,2,206,71299,138.85187730543205,153.58054456646067,-14.728667261028619,50.281210115148895,674.0978134335684,TRUE,205
P. vivax,model6,13008,Rio Preto da Eva,AM,2020,3,207,71299,147.26714259667037,129.9205566043699,17.346585992300476,38.53490231279541,531.0383034825171,TRUE,205
P. vivax,model6,13009,Itacoatiara,AM,2020,1,205,182772,57.44862451579016,20.902368852157522,36.546255663632635,3.8025518131880176,136.002779419167,TRUE,205
P. vivax,model6,13009,Itacoatiara,AM,2020,2,206,182772,55.80723524391044,16.023553544294376,39.78368169961607,3.5426651784737277,103.69476725100125,TRUE,205
P. vivax,model6,13009,Itacoatiara,AM,2020,3,207,182772,45.411769855338896,14.855691364750468,30.556078490588426,2.995535421180488,91.53480839515885,TRUE,205
P. vivax,model6,13010,Parintins,AM,2020,1,205,284437,16.523869960659127,11.899600614587552,4.624269346071575,3.8672887141968166,62.41276627161726,TRUE,205
P. vivax,model6,13010,Parintins,AM,2020,2,206,284437,13.00815294775293,9.607880534152981,3.4002724135999483,3.1641453116155773,50.107756726445565,TRUE,205
P. vivax,model6,13010,Parintins,AM,2020,3,207,284437,15.820726558077888,10.161654553311305,5.659072004766584,3.1641453116155773,57.077665704531995,TRUE,205
P. vivax,model6,13011,Boca do Acre,AM,2020,1,205,54157,210.4991044555644,87.36462957604358,123.13447487952082,22.157800469006776,457.6047417692998,TRUE,205
P. vivax,model6,13011,Boca do Acre,AM,2020,2,206,54157,99.7101021105305,75.92104582628386,23.78905628424664,18.464833724172315,369.94294366379177,TRUE,205
P. vivax,model6,13011,Boca do Acre,AM,2020,3,207,54157,110.78900234503388,92.56267523127674,18.226327113757137,25.85076721384124,520.3851764314857,TRUE,205
P. vivax,model6,13012,Purus,AM,2020,1,205,79704,392.7030011040851,236.1776927044125,156.5253083996726,73.96115627822945,1240.4333534076068,TRUE,205
P. vivax,model6,13012,Purus,AM,2020,2,206,79704,436.6154772658838,229.93320744510697,206.6822698207768,85.78615878751381,1160.9831376091536,TRUE,205
P. vivax,model6,13012,Purus,AM,2020,3,207,79704,595.9550336244102,358.204569993126,237.75046363128428,122.89220114423367,1804.3636454883067,TRUE,205
P. vivax,model6,13013,Madeira,AM,2020,1,205,202880,138.99842271293377,116.14224862595505,22.856174086978726,42.62371845425868,548.6494479495267,TRUE,205
P. vivax,model6,13013,Madeira,AM,2020,2,206,202880,131.11198738170347,115.3619042616665,15.750083120036976,44.78016561514197,566.1351537854889,TRUE,205
P. vivax,model6,13013,Madeira,AM,2020,3,207,202880,141.46293375394322,145.01476526366255,-3.551831509719335,46.30816246056782,680.0325315457405,TRUE,205
P. vivax,model6,14001,Boa Vista,RR,2020,1,205,467130,352.1503649947552,224.42369103431358,127.72667396044162,80.47010468178024,1089.771583927384,TRUE,205
P. vivax,model6,14001,Boa Vista,RR,2020,2,206,467130,287.5002675914627,176.06247802032235,111.43778957114037,70.5317577548006,854.205467428767,TRUE,205
P. vivax,model6,14001,Boa Vista,RR,2020,3,207,467130,337.8074625907135,190.87740953373407,146.93005305697943,66.73731081283583,991.1908890458755,TRUE,205
P. vivax,model6,14002,Nordeste de Roraima,RR,2020,1,205,53677,637.144400767554,376.8737427817987,260.2706579857553,149.83139892318871,2075.795964752125,TRUE,205
P. vivax,model6,14002,Nordeste de Roraima,RR,2020,2,206,53677,543.9946345734672,305.80596300608016,238.18867156738708,104.1414386049891,1618.570337388452,TRUE,205
P. vivax,model6,14002,Nordeste de Roraima,RR,2020,3,207,53677,499.2827468003056,275.6975621887743,223.58518461153125,95.8976842968124,1440.8405834901332,TRUE,205
P. vivax,model6,14003,Caracaraí,RR,2020,1,205,52751,851.1686982237303,390.31777077468763,460.8509274490427,140.99258781824042,1875.6990388807785,TRUE,205
P. vivax,model6,14003,Caracaraí,RR,2020,2,206,52751,521.317131428788,286.79339430189015,234.52373712689786,78.62410191275995,1452.531705560083,TRUE,205
P. vivax,model6,14003,Caracaraí,RR,2020,3,207,52751,508.0472408106007,276.5698196891964,231.47742112140435,93.78969119068833,1333.2448673958784,TRUE,205
P. vivax,model6,14004,Sudeste de Roraima,RR,2020,1,205,57623,529.3025354459157,604.7937638635598,-75.49122841764404,273.2849730142478,3207.226281172442,TRUE,205
P. vivax,model6,14004,Sudeste de Roraima,RR,2020,2,206,57623,520.6254447009006,492.4867488620278,28.13869583887282,188.90026551897682,2648.2914808323058,TRUE,205
P. vivax,model6,14004,Sudeste de Roraima,RR,2020,3,207,57623,498.06500876386167,498.4913620699918,-0.42635330613012457,218.40237405202785,2882.095690956735,TRUE,205
P. vivax,model6,15001,Óbidos,PA,2020,1,205,211269,27.453152142529195,13.496380847856637,13.956771294672558,3.313311465477661,68.90504522670147,TRUE,205
P. vivax,model6,15001,Óbidos,PA,2020,2,206,211269,16.093227118034353,11.643999861810956,4.449227256223397,3.313311465477661,59.41477452915477,TRUE,205
P. vivax,model6,15001,Óbidos,PA,2020,3,207,211269,14.19990628061855,13.647463883422105,0.5524423971964438,4.733302093539516,60.83476515721662,TRUE,205
P. vivax,model6,15002,Santarém,PA,2020,1,205,531849,37.22861188043974,17.366310308920415,19.86230157151933,6.956861816041772,98.684024977014,TRUE,205
P. vivax,model6,15002,Santarém,PA,2020,2,206,531849,30.459773356723428,16.454098395738335,14.005674960985093,6.768838523716318,90.75414262318813,TRUE,205
P. vivax,model6,15002,Santarém,PA,2020,3,207,531849,48.88605600461785,17.92569505407017,30.960360950547678,7.046172879896362,98.34558305082834,TRUE,205
P. vivax,model6,15003,Almeirim,PA,2020,1,205,75877,15.8150691250313,9.249329884808484,6.5657392402228165,0,55.35274193760955,TRUE,205
P. vivax,model6,15003,Almeirim,PA,2020,2,206,75877,7.90753456251565,8.336743352163857,-0.4292087896482073,0,49.455039076399935,TRUE,205
P. vivax,model6,15003,Almeirim,PA,2020,3,207,75877,13.179224270859418,7.1834497595607365,5.9957745112986816,0,48.137116649313995,TRUE,205
P. vivax,model6,15004,Portel,PA,2020,1,205,155915,187.28153160375848,157.87998719964887,29.401544404109615,59.85633197575603,825.1771798736485,TRUE,205
P. vivax,model6,15004,Portel,PA,2020,2,206,155915,122.50264567232145,156.3673000983735,-33.864654426052056,66.0295673924895,768.0947952409961,TRUE,205
P. vivax,model6,15004,Portel,PA,2020,3,207,155915,103.90276753359203,155.28722155818477,-51.38445402459274,74.70416573132796,775.6950902735459,TRUE,205
P. vivax,model6,15005,Furos de Breves,PA,2020,1,205,234720,259.88411724608045,235.13790528786816,24.746211958212285,98.71336059986368,1429.1815780504426,TRUE,205
P. vivax,model6,15005,Furos de Breves,PA,2020,2,206,234720,205.35105657805047,256.29048303368177,-50.93942645563129,106.27556237218818,1516.5835889570544,TRUE,205
P. vivax,model6,15005,Furos de Breves,PA,2020,3,207,234720,183.62304021813225,278.0058065986449,-94.38276638051263,115.71233810497615,1684.2727505112466,TRUE,205
P. vivax,model6,15006,Arari,PA,2020,1,205,180421,16.62777614579234,7.334187279936822,9.293588865855517,0.2632731223083795,45.18598167619068,TRUE,205
P. vivax,model6,15006,Arari,PA,2020,2,206,180421,15.519257736072852,10.207342636155742,5.31191509991711,1.6627776145792341,61.023938455057845,TRUE,205
P. vivax,model6,15006,Arari,PA,2020,3,207,180421,7.759628868036426,12.687820660664213,-4.928191792627787,3.3255552291584682,79.5777653377378,TRUE,205
P. vivax,model6,15007,Belém,PA,2020,1,205,2381117,0.9659332153774888,0.7585341737004719,0.20739904167701684,0.08399419264152076,4.561934587842591,TRUE,205
P. vivax,model6,15007,Belém,PA,2020,2,206,2381117,0.4199709632076038,0.6464993974252149,-0.2265284342176111,0.08399419264152076,3.865832716325991,TRUE,205
P. vivax,model6,15007,Belém,PA,2020,3,207,2381117,0.7139506374529265,0.702788271579064,0.011162365873862545,0.103942813393882,3.6537473799061533,TRUE,205
P. vivax,model6,15008,Castanhal,PA,2020,1,205,348294,0.5742275204281441,0.3974833738763304,0.17674414655181364,0,2.87113760214072,TRUE,205
P. vivax,model6,15008,Castanhal,PA,2020,2,206,348294,0,0.3430261080482509,-0.3430261080482509,0,2.584023841926648,TRUE,205
P. vivax,model6,15008,Castanhal,PA,2020,3,207,348294,0,0.33282358724504124,-0.33282358724504124,0,2.584023841926648,TRUE,205
P. vivax,model6,15009,Salgado,PA,2020,1,205,273785,1.0957503150282155,0.24159702597641436,0.8541532890518011,0,2.191500630056431,TRUE,205
P. vivax,model6,15009,Salgado,PA,2020,2,206,273785,0,0.23537273710426415,-0.23537273710426415,0,1.8262505250470258,TRUE,205
P. vivax,model6,15009,Salgado,PA,2020,3,207,273785,0,0.34084161283972,-0.34084161283972,0,2.9220008400752415,TRUE,205
P. vivax,model6,15010,Bragantina,PA,2020,1,205,427450,0.7018364721020003,0.048686549204893015,0.6531499228971073,0,0.4678909814013335,FALSE,205
P. vivax,model6,15010,Bragantina,PA,2020,2,206,427450,0,0.04145457754371776,-0.04145457754371776,0,0.4678909814013335,TRUE,205
P. vivax,model6,15010,Bragantina,PA,2020,3,207,427450,0,0.04325592836115523,-0.04325592836115523,0,0.4678909814013335,TRUE,205
P. vivax,model6,15011,Cametá,PA,2020,1,205,503601,73.86800264495106,76.78168532663886,-2.9136826816878028,29.418130623251354,414.6238788247035,TRUE,205
P. vivax,model6,15011,Cametá,PA,2020,2,206,503601,35.74258192497632,71.37605707532194,-35.63347515034562,27.079970055659146,375.6793572689488,TRUE,205
P. vivax,model6,15011,Cametá,PA,2020,3,207,503601,33.756882929144304,61.863419729599,-28.1065368004547,19.514456881539154,326.98505364365826,TRUE,205
P. vivax,model6,15012,Tomé-Açu,PA,2020,1,205,345631,0.2893258995865533,0.6251750240312309,-0.3358491244446776,0,4.339888493798299,TRUE,205
P. vivax,model6,15012,Tomé-Açu,PA,2020,2,206,345631,0.5786517991731066,0.45640451647874347,0.12224728269436314,0,3.182584895452086,TRUE,205
P. vivax,model6,15012,Tomé-Açu,PA,2020,3,207,345631,1.4466294979327665,0.40314637336423814,1.0434831245685283,0,3.471910795038639,TRUE,205
P. vivax,model6,15013,Guamá,PA,2020,1,205,488143,0.8194320107017821,0.35667421348840694,0.4627577972133751,0,3.072870040131683,TRUE,205
P. vivax,model6,15013,Guamá,PA,2020,2,206,488143,0.20485800267544552,0.34043492636675593,-0.1355769236913104,0,2.5658464835099504,TRUE,205
P. vivax,model6,15013,Guamá,PA,2020,3,207,488143,0.20485800267544552,0.3493326404139952,-0.14447463773854968,0,3.072870040131683,TRUE,205
P. vivax,model6,15014,Itaituba,PA,2020,1,205,221823,287.6167034076719,165.36693069225194,122.24977271541994,62.2117634330074,1032.2306523669772,TRUE,205
P. vivax,model6,15014,Itaituba,PA,2020,2,206,221823,256.9616315711175,144.50343242743804,112.45819914367945,52.69967496607656,909.4525815627771,TRUE,205
P. vivax,model6,15014,Itaituba,PA,2020,3,207,221823,252.45353277162423,149.79537839242246,102.65815437920176,53.83796991294861,952.6965192969169,TRUE,205
P. vivax,model6,15015,Altamira,PA,2020,1,205,312142,36.84220643168815,24.973793578277245,11.868412853410902,8.802083667048972,165.67780048823928,TRUE,205
P. vivax,model6,15015,Altamira,PA,2020,2,206,312142,30.114499170249438,21.76432668177212,8.35017248847732,5.430220861018384,144.4855226147074,TRUE,205
P. vivax,model6,15015,Altamira,PA,2020,3,207,312142,39.40514253128384,16.391900721255297,23.013241810028546,5.446239211640856,109.90190362078796,TRUE,205
P. vivax,model6,15016,Tucuruí,PA,2020,1,205,389741,3.8487097841900137,13.256794496171015,-9.408084711981001,3.835880751576048,68.58400835426598,TRUE,205
P. vivax,model6,15016,Tucuruí,PA,2020,2,206,389741,1.7960645659553398,9.80003406151483,-8.003969495559492,2.309225870514008,52.355282097598135,FALSE,205
P. vivax,model6,15016,Tucuruí,PA,2020,3,207,389741,3.8487097841900137,8.06088877890587,-4.212178994715856,2.309225870514008,42.90028506110464,TRUE,205
P. vivax,model6,15017,Paragominas,PA,2020,1,205,354221,0.28230963155769984,1.6841773838558134,-1.4018677522981136,0,9.74674002952958,TRUE,205
P. vivax,model6,15017,Paragominas,PA,2020,2,206,354221,0,1.4511390524441037,-1.4511390524441037,0,8.617501503298781,TRUE,205
P. vivax,model6,15017,Paragominas,PA,2020,3,207,354221,0.5646192631153997,1.1446197534392195,-0.5800004903238198,0,7.488262977067983,TRUE,205
P. vivax,model6,15018,São Félix do Xingu,PA,2020,1,205,222632,8.534262819361098,3.8462645300133973,4.687998289347701,0,22.458586366739734,TRUE,205
P. vivax,model6,15018,São Félix do Xingu,PA,2020,2,206,222632,3.1442020913435624,4.018855503806073,-0.8746534124625103,0,27.893564267490706,TRUE,205
P. vivax,model6,15018,São Félix do Xingu,PA,2020,3,207,222632,2.2458586366739732,4.926501072015306,-2.6806424353413325,0.44917172733479466,26.074418771784806,TRUE,205
P. vivax,model6,15019,Parauapebas,PA,2020,1,205,331080,2.7183762232693005,1.0392114244515225,1.679164798817778,0,6.803491603237881,TRUE,205
P. vivax,model6,15019,Parauapebas,PA,2020,2,206,331080,1.2081672103419112,0.8263908603061718,0.3817763500357394,0,5.753896339253339,TRUE,205
P. vivax,model6,15019,Parauapebas,PA,2020,3,207,331080,0.6040836051709556,0.6978015275175242,-0.09371792234656862,0,4.387157182554059,TRUE,205
P. vivax,model6,15020,Marabá,PA,2020,1,205,338296,1.182396481188072,0.4846003610245212,0.6977961201635509,0,3.842788563861234,TRUE,205
P. vivax,model6,15020,Marabá,PA,2020,2,206,338296,0,0.3902190255309922,-0.3902190255309922,0,3.5471894435642164,TRUE,205
P. vivax,model6,15020,Marabá,PA,2020,3,207,338296,0.8867973608910541,0.3879772641762433,0.4988200967148108,0,2.8155816208290902,TRUE,205
P. vivax,model6,15021,Redenção,PA,2020,1,205,197953,0,1.7252549830775636,-1.7252549830775636,0,12.629260481023273,TRUE,205
P. vivax,model6,15021,Redenção,PA,2020,2,206,197953,0.505170419240931,1.5917971085529612,-1.0866266893120302,0,11.11374922330048,TRUE,205
P. vivax,model6,15021,Redenção,PA,2020,3,207,197953,0.505170419240931,1.560183421531217,-1.055013002290286,0,10.60857880405955,TRUE,205
P. vivax,model6,15022,Conceição do Araguaia,PA,2020,1,205,164785,0,0.2337691027663767,-0.2337691027663767,0,2.427405407045544,TRUE,205
P. vivax,model6,15022,Conceição do Araguaia,PA,2020,2,206,164785,0.606851351761386,0.2606143301340925,0.34623702162729353,0,2.427405407045544,TRUE,205
P. vivax,model6,15022,Conceição do Araguaia,PA,2020,3,207,164785,0,0.2931318029142457,-0.2931318029142457,0,3.6411081105683163,TRUE,205
P. vivax,model6,16001,Oiapoque,AP,2020,1,205,39212,234.62205447312047,287.90878415742554,-53.28672968430507,113.42191165969601,1509.9331837192683,TRUE,205
P. vivax,model6,16001,Oiapoque,AP,2020,2,206,39212,119.86126695909414,226.20673049766845,-106.34546353857431,85.36927471182292,1181.0160155054573,TRUE,205
P. vivax,model6,16001,Oiapoque,AP,2020,3,207,39212,142.81342446189942,209.0516393329211,-66.23821487102168,68.85647250841579,1036.736203203101,TRUE,205
P. vivax,model6,16002,Amapá,AP,2020,1,205,32202,65.21334078628657,47.6063658261367,17.606974960149863,9.31619154089808,261.1639028631759,TRUE,205
P. vivax,model6,16002,Amapá,AP,2020,2,206,32202,15.526985901496802,47.62480282716906,-32.09781692567226,7.685858021240921,293.8482081858266,TRUE,205
P. vivax,model6,16002,Amapá,AP,2020,3,207,32202,6.210794360598721,39.8796042023448,-33.66880984174608,4.58046084094156,215.90273896031297,TRUE,205
P. vivax,model6,16003,Macapá,AP,2020,1,205,700690,64.79327520015984,64.60997984238166,0.18329535777817796,27.590660634517405,358.79632933251503,TRUE,205
P. vivax,model6,16003,Macapá,AP,2020,2,206,700690,39.53246086000942,50.58178696645451,-11.049326106445086,20.761677774764873,272.0925088127413,TRUE,205
P. vivax,model6,16003,Macapá,AP,2020,3,207,700690,32.53935406527851,38.4374982705359,-5.898144205257388,17.336482609998715,209.02967075311471,TRUE,205
P. vivax,model6,16004,Mazagão,AP,2020,1,205,89669,122.67338768136146,133.40882486209972,-10.73543718073826,54.5338968874416,741.7279104261206,TRUE,205
P. vivax,model6,16004,Mazagão,AP,2020,2,206,89669,61.33669384068073,106.83932113645695,-45.502627295776215,41.207106134784595,609.2964123610163,TRUE,205
P. vivax,model6,16004,Mazagão,AP,2020,3,207,89669,63.567119071250936,96.5376407119,-32.97052164064906,32.229644581739514,504.7173493626559,TRUE,205
P. vivax,model6,17001,Bico do Papagaio,TO,2020,1,205,217560,0.9192866335723479,0.7022739524567982,0.2170126811155496,0,6.216675859532992,TRUE,205
P. vivax,model6,17001,Bico do Papagaio,TO,2020,2,206,217560,0.45964331678617393,0.6522771068158779,-0.192633790029704,0,5.975363118220261,TRUE,205
P. vivax,model6,17001,Bico do Papagaio,TO,2020,3,207,217560,0.45964331678617393,0.6563469200450053,-0.19670360325883135,0,7.354293068578783,TRUE,205
P. vivax,model6,17002,Araguaína,TO,2020,1,205,323491,0,0.20010240051159864,-0.20010240051159864,0,1.8547656658145049,TRUE,205
P. vivax,model6,17002,Araguaína,TO,2020,2,206,323491,0.30912761096908414,0.17528201581231093,0.13384559515677322,0,1.8547656658145049,TRUE,205
P. vivax,model6,17002,Araguaína,TO,2020,3,207,323491,0.6182552219381683,0.1619503282602204,0.4563048936779479,0,1.2365104438763366,TRUE,205
P. vivax,model6,17003,Miracema do Tocantins,TO,2020,1,205,149583,0,0.018285102100058296,-0.018285102100058296,0,0.6685251666298978,TRUE,205
P. vivax,model6,17003,Miracema do Tocantins,TO,2020,2,206,149583,0,0.018575083070449704,-0.018575083070449704,0,0.6685251666298978,TRUE,205
P. vivax,model6,17003,Miracema do Tocantins,TO,2020,3,207,149583,0.6685251666298978,0.020069361131060538,0.6484558054988373,0,0.6685251666298978,TRUE,205
P. vivax,model6,17004,Rio Formoso,TO,2020,1,205,128892,0,0.04571872734559143,-0.04571872734559143,0,1.1831610961114554,TRUE,205
P. vivax,model6,17004,Rio Formoso,TO,2020,2,206,128892,0,0.04787397579796139,-0.04787397579796139,0,0.7758433417124414,TRUE,205
P. vivax,model6,17004,Rio Formoso,TO,2020,3,207,128892,0,0.050757795805570945,-0.050757795805570945,0,0.7758433417124414,TRUE,205
P. vivax,model6,17005,Gurupi,TO,2020,1,205,151930,0,0.054476405543115926,-0.054476405543115926,0,0.658197854274995,TRUE,205
P. vivax,model6,17005,Gurupi,TO,2020,2,206,151930,0,0.058751185111976335,-0.058751185111976335,0,1.31639570854999,TRUE,205
P. vivax,model6,17005,Gurupi,TO,2020,3,207,151930,0,0.06744741085838243,-0.06744741085838243,0,1.31639570854999,TRUE,205
P. vivax,model6,17006,Porto Nacional,TO,2020,1,205,413057,0.24209733765557778,0.17462821671259032,0.06746912094298746,0,1.4525840259334668,TRUE,205
P. vivax,model6,17006,Porto Nacional,TO,2020,2,206,413057,0,0.18571760426546907,-0.18571760426546907,0,1.8217824658582176,TRUE,205
P. vivax,model6,17006,Porto Nacional,TO,2020,3,207,413057,0,0.2140322618769992,-0.2140322618769992,0,1.6946813635890448,TRUE,205
P. vivax,model6,17007,Jalapão,TO,2020,1,205,80915,0,9.91719319280778e-4,-9.91719319280778e-4,0,0,TRUE,205
P. vivax,model6,17007,Jalapão,TO,2020,2,206,80915,0,0.0010113739455420506,-0.0010113739455420506,0,0,TRUE,205
P. vivax,model6,17007,Jalapão,TO,2020,3,207,80915,0,0.0011675051006946116,-0.0011675051006946116,0,0,TRUE,205
P. vivax,model6,17008,Dianópolis,TO,2020,1,205,124820,1.6023073225444642,0.0012491320400319088,1.6010581905044323,0,0,FALSE,205
P. vivax,model6,17008,Dianópolis,TO,2020,2,206,124820,0.8011536612722321,0.0014449779263351163,0.799708683345897,0,0,FALSE,205
P. vivax,model6,17008,Dianópolis,TO,2020,3,207,124820,0,0.0018022433089514955,-0.0018022433089514955,0,0,TRUE,205
P. vivax,model6,21001,Litoral Ocidental Maranhense,MA,2020,1,205,191685,0,0.03906847071609415,-0.03906847071609415,0,0.5216892297258523,TRUE,205
P. vivax,model6,21001,Litoral Ocidental Maranhense,MA,2020,2,206,191685,0,0.033522008409732344,-0.033522008409732344,0,0.5216892297258523,TRUE,205
P. vivax,model6,21001,Litoral Ocidental Maranhense,MA,2020,3,207,191685,0,0.04343705671670256,-0.04343705671670256,0,0.5216892297258523,TRUE,205
P. vivax,model6,21002,Aglomeração Urbana de São Luís,MA,2020,1,205,1442927,0.13860715060429252,0.037759078602668535,0.10084807200162399,0,0.3465178765107313,TRUE,205
P. vivax,model6,21002,Aglomeração Urbana de São Luís,MA,2020,2,206,1442927,0,0.03713126543356778,-0.03713126543356778,0,0.38290225354435653,TRUE,205
P. vivax,model6,21002,Aglomeração Urbana de São Luís,MA,2020,3,207,1442927,0,0.04769776664272615,-0.04769776664272615,0,0.4158214518128776,TRUE,205
P. vivax,model6,21003,Rosário,MA,2020,1,205,179884,0,0.020132904685577952,-0.020132904685577952,0,0.5559138111227235,TRUE,205
P. vivax,model6,21003,Rosário,MA,2020,2,206,179884,0,0.020011930342643675,-0.020011930342643675,0,0.5559138111227235,TRUE,205
P. vivax,model6,21003,Rosário,MA,2020,3,207,179884,0,0.024860719362780715,-0.024860719362780715,0,0.5559138111227235,TRUE,205
P. vivax,model6,21004,Lençóis Maranhenses,MA,2020,1,205,199178,0,0.010398179282576319,-0.010398179282576319,0,0.5020634809065259,TRUE,205
P. vivax,model6,21004,Lençóis Maranhenses,MA,2020,2,206,199178,0,0.013539907297177148,-0.013539907297177148,0,0.5020634809065259,TRUE,205
P. vivax,model6,21004,Lençóis Maranhenses,MA,2020,3,207,199178,0,0.020702744924506716,-0.020702744924506716,0,0.5020634809065259,TRUE,205
P. vivax,model6,21005,Baixada Maranhense,MA,2020,1,205,608061,1.9734862127319464,0.45078086775006493,1.5227053449818815,0,2.5531977877219516,TRUE,205
P. vivax,model6,21005,Baixada Maranhense,MA,2020,2,206,608061,1.8090290283376176,0.3747696254297128,1.4342594029079048,0,2.7258778313359895,TRUE,205
P. vivax,model6,21005,Baixada Maranhense,MA,2020,3,207,608061,0.8222859219716443,0.3600047344780557,0.4622811874935886,0,2.5531977877219516,TRUE,205
P. vivax,model6,21006,Itapecuru Mirim,MA,2020,1,205,238418,0,0.02413922261845103,-0.02413922261845103,0,0.41943141876871715,TRUE,205
P. vivax,model6,21006,Itapecuru Mirim,MA,2020,2,206,238418,0,0.02854953461490702,-0.02854953461490702,0,0.41943141876871715,TRUE,205
P. vivax,model6,21006,Itapecuru Mirim,MA,2020,3,207,238418,0,0.04426307247393879,-0.04426307247393879,0,0.8388628375374343,TRUE,205
P. vivax,model6,21007,Gurupi,MA,2020,1,205,243679,0.8207518908071685,1.0224344028751327,-0.20168251206796417,0,5.9607106069870515,TRUE,205
P. vivax,model6,21007,Gurupi,MA,2020,2,206,243679,3.283007563228674,1.0152929217634938,2.2677146414651803,0,6.155639181053763,TRUE,205
P. vivax,model6,21007,Gurupi,MA,2020,3,207,243679,2.4622556724215054,1.2271601559480418,1.2350955164734636,0,6.566015126457348,TRUE,205
P. vivax,model6,21008,Pindaré,MA,2020,1,205,669222,7.172507777688121,2.6901843767744564,4.482323400913665,0.4482817361055076,16.963728030459247,TRUE,205
P. vivax,model6,21008,Pindaré,MA,2020,2,206,669222,5.080526342529086,2.353166973260791,2.727359369268295,0.2988544907370051,15.469455576774221,TRUE,205
P. vivax,model6,21008,Pindaré,MA,2020,3,207,669222,3.5862538888440607,2.4118861163097924,1.1743677725342683,0.44081037383708294,15.56284760512952,TRUE,205
P. vivax,model6,21009,Imperatriz,MA,2020,1,205,602537,0.8298245584918437,0.6438706652476688,0.18595389324417488,0,4.3150877041575875,TRUE,205
P. vivax,model6,21009,Imperatriz,MA,2020,2,206,602537,0.3319298233967375,0.55806038145515,-0.22613055805841253,0,4.236254371100858,TRUE,205
P. vivax,model6,21009,Imperatriz,MA,2020,3,207,602537,0.4978947350951062,0.5226871788677532,-0.024792443772647,0,4.070289459402489,TRUE,205
P. vivax,model6,21010,Médio Mearim,MA,2020,1,205,424432,1.8848720171900328,0.8926996973653036,0.9921723198247292,0,6.720746786293207,TRUE,205
P. vivax,model6,21010,Médio Mearim,MA,2020,2,206,424432,1.1780450107437705,0.8282867998921122,0.34975821085165837,0,5.430787499528771,TRUE,205
P. vivax,model6,21010,Médio Mearim,MA,2020,3,207,424432,0.4712180042975082,0.9055940391658244,-0.43437603486831616,0,5.419007049421344,TRUE,205
P. vivax,model6,21011,Alto Mearim e Grajaú,MA,2020,1,205,338308,3.2514749872896886,1.8788261512371511,1.3726488360525375,0,11.823545408326142,TRUE,205
P. vivax,model6,21011,Alto Mearim e Grajaú,MA,2020,2,206,338308,2.0691204464570743,1.7582107611687847,0.31090968528828955,0,11.387552171394107,TRUE,205
P. vivax,model6,21011,Alto Mearim e Grajaú,MA,2020,3,207,338308,1.1823545408326142,1.8328966378684162,-0.650542097035802,0,12.414722678742447,TRUE,205
P. vivax,model6,21012,Presidente Dutra,MA,2020,1,205,200027,0.9998650182225399,0.6075212629438675,0.3923437552786724,0,5.49925760022397,TRUE,205
P. vivax,model6,21012,Presidente Dutra,MA,2020,2,206,200027,0.49993250911126996,0.5796425270126649,-0.07971001790139498,0,4.9993250911127,TRUE,205
P. vivax,model6,21012,Presidente Dutra,MA,2020,3,207,200027,0.9998650182225399,0.6370687083215129,0.36279630990102707,0,4.9993250911127,TRUE,205
P. vivax,model6,21013,Baixo Parnaíba Maranhense,MA,2020,1,205,147430,2.0348640032557825,0.32685148266602115,1.7080125205897614,0,2.713152004341043,TRUE,205
P. vivax,model6,21013,Baixo Parnaíba Maranhense,MA,2020,2,206,147430,0,0.2959098479874695,-0.2959098479874695,0,3.391440005426304,TRUE,205
P. vivax,model6,21013,Baixo Parnaíba Maranhense,MA,2020,3,207,147430,0,0.28950888077366865,-0.28950888077366865,0,2.713152004341043,TRUE,205
P. vivax,model6,21014,Chapadinha,MA,2020,1,205,246702,0.4053473421374776,0.23567898024581904,0.16966836189165854,0,2.2395440653095546,TRUE,205
P. vivax,model6,21014,Chapadinha,MA,2020,2,206,246702,0.4053473421374776,0.2184800993797025,0.18686724275777508,0,2.2395440653095546,TRUE,205
P. vivax,model6,21014,Chapadinha,MA,2020,3,207,246702,0,0.22259616646371938,-0.22259616646371938,0,2.0267367106873877,TRUE,205
P. vivax,model6,21015,Codó,MA,2020,1,205,280000,0.7142857142857143,0.1821352601252395,0.5321504541604748,0,1.4285714285714286,TRUE,205
P. vivax,model6,21015,Codó,MA,2020,2,206,280000,0.35714285714285715,0.1667843038570094,0.19035855328584775,0,1.4285714285714286,TRUE,205
P. vivax,model6,21015,Codó,MA,2020,3,207,280000,0,0.1853070529101386,-0.1853070529101386,0,1.4285714285714286,TRUE,205
P. vivax,model6,21016,Coelho Neto,MA,2020,1,205,94357,0,0.09083298717756885,-0.09083298717756885,0,2.1196095679175895,TRUE,205
P. vivax,model6,21016,Coelho Neto,MA,2020,2,206,94357,0,0.07911873223354363,-0.07911873223354363,0,1.0598047839587947,TRUE,205
P. vivax,model6,21016,Coelho Neto,MA,2020,3,207,94357,0,0.07111639411669926,-0.07111639411669926,0,1.0598047839587947,TRUE,205
P. vivax,model6,21017,Caxias,MA,2020,1,205,447282,0.22357260073063528,0.15029639951097837,0.07327620121965692,0,1.3414356043838116,TRUE,205
P. vivax,model6,21017,Caxias,MA,2020,2,206,447282,0,0.14660186402319322,-0.14660186402319322,0,1.2352386190367548,TRUE,205
P. vivax,model6,21017,Caxias,MA,2020,3,207,447282,0.22357260073063528,0.14768607560972163,0.07588652512091365,0,1.3414356043838116,TRUE,205
P. vivax,model6,21018,Chapadas do Alto Itapecuru,MA,2020,1,205,222247,0.8998996611877775,0.052107503117330034,0.8477921580704475,0,0.8998996611877775,TRUE,205
P. vivax,model6,21018,Chapadas do Alto Itapecuru,MA,2020,2,206,222247,0.44994983059388877,0.04147003679215136,0.4084797938017374,0,0.8998996611877775,TRUE,205
P. vivax,model6,21018,Chapadas do Alto Itapecuru,MA,2020,3,207,222247,0,0.04001157325404145,-0.04001157325404145,0,0.8998996611877775,TRUE,205
P. vivax,model6,21019,Porto Franco,MA,2020,1,205,121114,0,0.1390948109549993,-0.1390948109549993,0,1.6513367571048763,TRUE,205
P. vivax,model6,21019,Porto Franco,MA,2020,2,206,121114,0,0.11816077869993588,-0.11816077869993588,0,1.6513367571048763,TRUE,205
P. vivax,model6,21019,Porto Franco,MA,2020,3,207,121114,0,0.11718090855362828,-0.11718090855362828,0,1.6513367571048763,TRUE,205
P. vivax,model6,21020,Gerais de Balsas,MA,2020,1,205,144541,1.38369044077459,0.03668686508122671,1.3470035756933634,0,0.691845220387295,FALSE,205
P. vivax,model6,21020,Gerais de Balsas,MA,2020,2,206,144541,0,0.03175722926481366,-0.03175722926481366,0,0.691845220387295,TRUE,205
P. vivax,model6,21020,Gerais de Balsas,MA,2020,3,207,144541,0,0.03292509221192978,-0.03292509221192978,0,1.0550639610906092,TRUE,205
P. vivax,model6,21021,Chapadas das Mangabeiras,MA,2020,1,205,72567,0,0.0033315530695632706,-0.0033315530695632706,0,0,TRUE,205
P. vivax,model6,21021,Chapadas das Mangabeiras,MA,2020,2,206,72567,0,0.0030152913041446797,-0.0030152913041446797,0,0,TRUE,205
P. vivax,model6,21021,Chapadas das Mangabeiras,MA,2020,3,207,72567,0,0.00344021244830155,-0.00344021244830155,0,0,TRUE,205
P. vivax,model6,51001,Aripuanã,MT,2020,1,205,173174,83.73081409449455,46.22193352595318,37.508880568541365,17.02045341679467,238.79161998914384,TRUE,205
P. vivax,model6,51001,Aripuanã,MT,2020,2,206,173174,64.67483571436821,37.76260313849851,26.9122325758697,15.591255038285192,209.15379906914424,TRUE,205
P. vivax,model6,51001,Aripuanã,MT,2020,3,207,173174,86.040629655722,38.48062346600203,47.56000618971997,15.288091745874093,193.172762654902,TRUE,205
P. vivax,model6,51002,Alta Floresta,MT,2020,1,205,108647,1.8408239528012738,1.5631755773856275,0.27764837541564624,0,11.528160004417956,TRUE,205
P. vivax,model6,51002,Alta Floresta,MT,2020,2,206,108647,3.6816479056025475,1.1158735440902372,2.56577436151231,0,10.124531740407006,TRUE,205
P. vivax,model6,51002,Alta Floresta,MT,2020,3,207,108647,1.8408239528012738,0.9038151866074269,0.9370087661938469,0,7.846512098815408,TRUE,205
P. vivax,model6,51003,Colíder,MT,2020,1,205,158041,3.7964831910706716,3.2308288748229486,0.565654316247723,0,22.14615194791225,TRUE,205
P. vivax,model6,51003,Colíder,MT,2020,2,206,158041,5.694724786606007,2.7079788677204397,2.986745918885567,0,17.115811719743583,TRUE,205
P. vivax,model6,51003,Colíder,MT,2020,3,207,158041,7.592966382141343,2.9001938034513546,4.692772578689988,0,17.7169215583298,TRUE,205
P. vivax,model6,51004,Parecis,MT,2020,1,205,113087,0,2.6227468991980407,-2.6227468991980407,0,20.338323591571093,TRUE,205
P. vivax,model6,51004,Parecis,MT,2020,2,206,113087,6.189924571347723,2.6750715011888526,3.5148530701588707,0,17.68549877527921,TRUE,205
P. vivax,model6,51004,Parecis,MT,2020,3,207,113087,8.842749387639605,3.2364321318550804,5.606317255784525,0,20.80256793442215,TRUE,205
P. vivax,model6,51005,Arinos,MT,2020,1,205,83825,1.1929615269907545,0.11858370818050151,1.074377818810253,0,2.385923053981509,TRUE,205
P. vivax,model6,51005,Arinos,MT,2020,2,206,83825,0,0.09933108946312175,-0.09933108946312175,0,1.1929615269907545,TRUE,205
P. vivax,model6,51005,Arinos,MT,2020,3,207,83825,0,0.10883651096172037,-0.10883651096172037,0,1.1929615269907545,TRUE,205
P. vivax,model6,51006,Alto Teles Pires,MT,2020,1,205,267191,0,0.678330436717585,-0.678330436717585,0,5.43618609908267,TRUE,205
P. vivax,model6,51006,Alto Teles Pires,MT,2020,2,206,267191,0.3742641032070691,0.6537160892595326,-0.2794519860524635,0,5.061921995875601,TRUE,205
P. vivax,model6,51006,Alto Teles Pires,MT,2020,3,207,267191,1.1227923096212074,0.6469592973469708,0.4758330122742366,0,5.613961548106036,TRUE,205
P. vivax,model6,51007,Sinop,MT,2020,1,205,209969,0.4762607813534379,0.553640157587892,-0.07737937623445407,0,4.286347032180941,TRUE,205
P. vivax,model6,51007,Sinop,MT,2020,2,206,209969,0,0.5381244435620204,-0.5381244435620204,0,4.536383942391486,TRUE,205
P. vivax,model6,51007,Sinop,MT,2020,3,207,209969,0.4762607813534379,0.5608489616661492,-0.08458818031271126,0,5.012644723744923,TRUE,205
P. vivax,model6,51008,Paranatinga,MT,2020,1,205,37097,0,0.24580710038188489,-0.24580710038188489,0,5.391271531390678,TRUE,205
P. vivax,model6,51008,Paranatinga,MT,2020,2,206,37097,0,0.2040096255475568,-0.2040096255475568,0,4.110844542685331,TRUE,205
P. vivax,model6,51008,Paranatinga,MT,2020,3,207,37097,0,0.20849214218527234,-0.20849214218527234,0,4.110844542685331,TRUE,205
P. vivax,model6,51009,Norte Araguaia,MT,2020,1,205,134387,0,0.03300516358771942,-0.03300516358771942,0,0.7441195949012925,TRUE,205
P. vivax,model6,51009,Norte Araguaia,MT,2020,2,206,134387,0,0.030802082137426922,-0.030802082137426922,0,0.7441195949012925,TRUE,205
P. vivax,model6,51009,Norte Araguaia,MT,2020,3,207,134387,2.2323587847038775,0.03634146036886991,2.1960173243350076,0,0.7441195949012925,FALSE,205
P. vivax,model6,51010,Canarana,MT,2020,1,205,118050,0,0.23639757541928183,-0.23639757541928183,0,2.5412960609911055,TRUE,205
P. vivax,model6,51010,Canarana,MT,2020,2,206,118050,0,0.23561086193797565,-0.23561086193797565,0,2.5412960609911055,TRUE,205
P. vivax,model6,51010,Canarana,MT,2020,3,207,118050,0,0.20985502952204274,-0.20985502952204274,0,1.6941973739940703,TRUE,205
P. vivax,model6,51011,Médio Araguaia,MT,2020,1,205,69925,0,0.042006534030008015,-0.042006534030008015,0,1.4301036825169826,TRUE,205
P. vivax,model6,51011,Médio Araguaia,MT,2020,2,206,69925,0,0.0312879477796907,-0.0312879477796907,0,1.4301036825169826,TRUE,205
P. vivax,model6,51011,Médio Araguaia,MT,2020,3,207,69925,0,0.027733066731499324,-0.027733066731499324,0,1.4301036825169826,TRUE,205
P. vivax,model6,51012,Alto Guaporé,MT,2020,1,205,76023,2.630782789418992,4.158773791388393,-1.5279910019694012,0,26.99840837641237,TRUE,205
P. vivax,model6,51012,Alto Guaporé,MT,2020,2,206,76023,6.576956973547479,3.314687776582927,3.262269196964552,0,25.683016981702878,TRUE,205
P. vivax,model6,51012,Alto Guaporé,MT,2020,3,207,76023,5.261565578837984,3.3081419847234383,1.9534235941145455,0,23.052234192283883,TRUE,205
P. vivax,model6,51013,Tangará da Serra,MT,2020,1,205,174002,0,0.10262327102405454,-0.10262327102405454,0,1.1494120757232675,TRUE,205
P. vivax,model6,51013,Tangará da Serra,MT,2020,2,206,174002,0,0.09277477083576274,-0.09277477083576274,0,1.1494120757232675,TRUE,205
P. vivax,model6,51013,Tangará da Serra,MT,2020,3,207,174002,0.5747060378616338,0.09896148066511587,0.47574455719651787,0,1.1494120757232675,TRUE,205
P. vivax,model6,51014,Jauru,MT,2020,1,205,111030,0,0.11047151320702585,-0.11047151320702585,0,1.801314959920742,TRUE,205
P. vivax,model6,51014,Jauru,MT,2020,2,206,111030,0,0.08370516364569507,-0.08370516364569507,0,1.801314959920742,TRUE,205
P. vivax,model6,51014,Jauru,MT,2020,3,207,111030,0,0.0777156563594387,-0.0777156563594387,0,1.3735026569395454,TRUE,205
P. vivax,model6,51015,Alto Paraguai,MT,2020,1,205,33357,0,0.011504482335326744,-0.011504482335326744,0,0,TRUE,205
P. vivax,model6,51015,Alto Paraguai,MT,2020,2,206,33357,0,0.009519609528329259,-0.009519609528329259,0,0,TRUE,205
P. vivax,model6,51015,Alto Paraguai,MT,2020,3,207,33357,0,0.01060831448466348,-0.01060831448466348,0,0,TRUE,205
P. vivax,model6,51016,Rosário Oeste,MT,2020,1,205,30839,0,0.005135352156795358,-0.005135352156795358,0,0,TRUE,205
P. vivax,model6,51016,Rosário Oeste,MT,2020,2,206,30839,0,0.004259697161225323,-0.004259697161225323,0,0,TRUE,205
P. vivax,model6,51016,Rosário Oeste,MT,2020,3,207,30839,0,0.004854812037131075,-0.004854812037131075,0,0,TRUE,205
P. vivax,model6,51017,Cuiabá,MT,2020,1,205,955206,0.41875783862329174,0.1809357039873191,0.23782213463597265,0,1.6253038611566486,TRUE,205
P. vivax,model6,51017,Cuiabá,MT,2020,2,206,955206,0.20937891931164587,0.14385025014089053,0.06552866917075534,0,1.101856562877534,TRUE,205
P. vivax,model6,51017,Cuiabá,MT,2020,3,207,955206,0.10468945965582294,0.14156546952168778,-0.03687600986586484,0,1.1515840562140522,TRUE,205
P. vivax,model6,51018,Alto Pantanal,MT,2020,1,205,141581,0,0.14696252630966572,-0.14696252630966572,0,2.1189283872836047,TRUE,205
P. vivax,model6,51018,Alto Pantanal,MT,2020,2,206,141581,1.4126189248557364,0.1305551333522552,1.2820637915034812,0,1.4126189248557364,TRUE,205
P. vivax,model6,51018,Alto Pantanal,MT,2020,3,207,141581,0,0.1422399949439449,-0.1422399949439449,0,2.1189283872836047,TRUE,205
P. vivax,model6,51019,Primavera do Leste,MT,2020,1,205,108832,0,0.0901603436621376,-0.0901603436621376,0,0.9188473978241692,TRUE,205
P. vivax,model6,51019,Primavera do Leste,MT,2020,2,206,108832,0,0.07213997072529252,-0.07213997072529252,0,0.9188473978241692,TRUE,205
P. vivax,model6,51019,Primavera do Leste,MT,2020,3,207,108832,0,0.07049201450654244,-0.07049201450654244,0,1.4012422816818373,TRUE,205
P. vivax,model6,51020,Tesouro,MT,2020,1,205,55885,0,0.038223041954215775,-0.038223041954215775,0,1.7893889236825622,TRUE,205
P. vivax,model6,51020,Tesouro,MT,2020,2,206,55885,0,0.03262884550999822,-0.03262884550999822,0,1.7893889236825622,TRUE,205
P. vivax,model6,51020,Tesouro,MT,2020,3,207,55885,0,0.03328063536472812,-0.03328063536472812,0,1.7893889236825622,TRUE,205
P. vivax,model6,51021,Rondonópolis,MT,2020,1,205,323403,0.3092117265455175,0.13566293472994823,0.17354879181556926,0,1.5460586327275876,TRUE,205
P. vivax,model6,51021,Rondonópolis,MT,2020,2,206,323403,0,0.1116474577302964,-0.1116474577302964,0,1.23684690618207,TRUE,205
P. vivax,model6,51021,Rondonópolis,MT,2020,3,207,323403,0,0.10961201400489608,-0.10961201400489608,0,1.23684690618207,TRUE,205
P. vivax,model6,51022,Alto Araguaia,MT,2020,1,205,42669,0,0.005824743102050823,-0.005824743102050823,0,1.2304014624199706,TRUE,205
P. vivax,model6,51022,Alto Araguaia,MT,2020,2,206,42669,0,0.005107628598994511,-0.005107628598994511,0,1.2304014624199706,TRUE,205
P. vivax,model6,51022,Alto Araguaia,MT,2020,3,207,42669,0,0.005475868592637802,-0.005475868592637802,0,0,TRUE,205
P. falciparum,model6,11001,Porto Velho,RO,2012,1,109,559543,11.080471027249024,16.86303801886506,-5.782566991616035,4.968340234798758,124.48998557751594,TRUE,109
P. falciparum,model6,11001,Porto Velho,RO,2012,2,110,559543,7.5061255345880475,13.541581723954389,-6.035456189366341,4.271342863729866,104.21004283853054,TRUE,109
P. falciparum,model6,11001,Porto Velho,RO,2012,3,111,559543,9.472015555551584,14.809111792084089,-5.3370962365325045,4.825366415092316,99.90295651987427,TRUE,109
P. falciparum,model6,11002,Guajará-Mirim,RO,2012,1,109,73193,1.3662508709849301,2.693551545691159,-1.327300674706229,0,21.211044772041014,TRUE,109
P. falciparum,model6,11002,Guajará-Mirim,RO,2012,2,110,73193,4.098752612954791,2.233250107108584,1.865502505846207,0,17.761261322804096,TRUE,109
P. falciparum,model6,11002,Guajará-Mirim,RO,2012,3,111,73193,0,2.4955991714993195,-2.4955991714993195,0,20.493763064773955,TRUE,109
P. falciparum,model6,11003,Ariquemes,RO,2012,1,109,176003,7.3862377345840695,20.678530205774617,-13.292292471190548,6.519775231104016,157.73878854337704,TRUE,109
P. falciparum,model6,11003,Ariquemes,RO,2012,2,110,176003,5.1135492008658945,16.394949126322217,-11.281399925456324,4.545377067436351,114.77077095276786,TRUE,109
P. falciparum,model6,11003,Ariquemes,RO,2012,3,111,176003,7.3862377345840695,16.84094684285205,-9.454709108267979,3.409032800577263,129.2023431418781,TRUE,109
P. falciparum,model6,11004,Ji-Paraná,RO,2012,1,109,294157,0.6799090281720306,1.5258876641439183,-0.8459786359718877,0,14.669037282811512,TRUE,109
P. falciparum,model6,11004,Ji-Paraná,RO,2012,2,110,294157,1.0198635422580458,1.0799446088590083,-0.060081066600962574,0,10.555587662370758,TRUE,109
P. falciparum,model6,11004,Ji-Paraná,RO,2012,3,111,294157,0.3399545140860153,1.2772691346953269,-0.9373146206093116,0,10.555587662370758,TRUE,109
P. falciparum,model6,11005,Alvorada D'Oeste,RO,2012,1,109,69841,0,1.2829951433361073,-1.2829951433361073,0,14.31823713864349,TRUE,109
P. falciparum,model6,11005,Alvorada D'Oeste,RO,2012,2,110,69841,0,0.9519319945063427,-0.9519319945063427,0,9.342649732964844,TRUE,109
P. falciparum,model6,11005,Alvorada D'Oeste,RO,2012,3,111,69841,0,0.9214315184767656,-0.9214315184767656,0,10.774473446829195,TRUE,109
P. falciparum,model6,11006,Cacoal,RO,2012,1,109,228654,0.43734201019881563,1.0322760226406276,-0.5949340124418119,0,10.288470789927128,TRUE,109
P. falciparum,model6,11006,Cacoal,RO,2012,2,110,228654,0,0.7778994617989956,-0.7778994617989956,0,8.123627839442971,TRUE,109
P. falciparum,model6,11006,Cacoal,RO,2012,3,111,228654,0,0.8720548655295212,-0.8720548655295212,0,8.746840203976314,TRUE,109
P. falciparum,model6,11007,Vilhena,RO,2012,1,109,136730,0,0.3097674550708627,-0.3097674550708627,0,3.656841951290865,TRUE,109
P. falciparum,model6,11007,Vilhena,RO,2012,2,110,136730,0,0.239631600611778,-0.239631600611778,0,2.925473561032692,TRUE,109
P. falciparum,model6,11007,Vilhena,RO,2012,3,111,136730,0.731368390258173,0.2672559839982202,0.4641124062599528,0,2.925473561032692,TRUE,109
P. falciparum,model6,11008,Colorado do Oeste,RO,2012,1,109,51890,0,3.412031824119749,-3.412031824119749,0,31.84621314318747,TRUE,109
P. falciparum,model6,11008,Colorado do Oeste,RO,2012,2,110,51890,0,2.601442874978446,-2.601442874978446,0,24.137598766621657,TRUE,109
P. falciparum,model6,11008,Colorado do Oeste,RO,2012,3,111,51890,0,2.9180233128411266,-2.9180233128411266,0,29.91905954904602,TRUE,109
P. falciparum,model6,12001,Cruzeiro do Sul,AC,2012,1,109,135803,402.7893345507831,165.79682971008015,236.99250484070296,53.92001649448098,1133.056707141962,TRUE,109
P. falciparum,model6,12001,Cruzeiro do Sul,AC,2012,2,110,135803,292.3352208714093,121.29937752810862,171.0358433433007,40.49984168243706,806.6095741625735,TRUE,109
P. falciparum,model6,12001,Cruzeiro do Sul,AC,2012,3,111,135803,234.16272100027246,128.18845959173626,105.9742614085362,43.44528471388703,880.7242844414336,TRUE,109
P. falciparum,model6,12002,Tarauacá,AC,2012,1,109,76221,1.3119743902599021,6.792432987493893,-5.480458597233991,0,51.167001220136186,TRUE,109
P. falciparum,model6,12002,Tarauacá,AC,2012,2,110,76221,0,4.9434325825609164,-4.9434325825609164,0,40.048018262683485,TRUE,109
P. falciparum,model6,12002,Tarauacá,AC,2012,3,111,76221,1.3119743902599021,4.758873465417478,-3.4468990751575763,0,39.359231707797065,TRUE,109
P. falciparum,model6,12003,Sena Madureira,AC,2012,1,109,52651,0,0.0766079700431077,-0.0766079700431077,0,1.8992991586104726,TRUE,109
P. falciparum,model6,12003,Sena Madureira,AC,2012,2,110,52651,0,0.07281152867416145,-0.07281152867416145,0,1.8992991586104726,TRUE,109
P. falciparum,model6,12003,Sena Madureira,AC,2012,3,111,52651,0,0.07878663508109832,-0.07878663508109832,0,1.8992991586104726,TRUE,109
P. falciparum,model6,12004,Rio Branco,AC,2012,1,109,433224,0.23082747031558734,0.6329100289478741,-0.4020825586322867,0,5.199388768858599,TRUE,109
P. falciparum,model6,12004,Rio Branco,AC,2012,2,110,433224,0.6924824109467619,0.4619065124866339,0.230575898460128,0,3.8144239469650754,TRUE,109
P. falciparum,model6,12004,Rio Branco,AC,2012,3,111,433224,0.23082747031558734,0.5201693798478596,-0.28934190953227223,0,5.078204346942921,TRUE,109
P. falciparum,model6,12005,Brasiléia,AC,2012,1,109,60887,0,0.08732904244043131,-0.08732904244043131,0,1.6423867163762378,TRUE,109
P. falciparum,model6,12005,Brasiléia,AC,2012,2,110,60887,0,0.051503418071592075,-0.051503418071592075,0,1.6423867163762378,TRUE,109
P. falciparum,model6,12005,Brasiléia,AC,2012,3,111,60887,0,0.039316987811268835,-0.039316987811268835,0,1.6423867163762378,TRUE,109
P. falciparum,model6,13001,Rio Negro,AM,2012,1,109,99826,43.074950413719876,53.20865486940049,-10.133704455680615,16.503716466651973,428.09488510007384,TRUE,109
P. falciparum,model6,13001,Rio Negro,AM,2012,2,110,99826,64.1115541041412,44.91679067261209,19.19476343152912,9.967343177128207,346.95369943701917,TRUE,109
P. falciparum,model6,13001,Rio Negro,AM,2012,3,111,99826,41.07146434796546,54.33167127018385,-13.260206922218387,13.498487368020356,434.1053432973371,TRUE,109
P. falciparum,model6,13002,Japurá,AM,2012,1,109,25044,7.985944737262418,3.5870742359627688,4.398870501299649,0,38.03306181121218,TRUE,109
P. falciparum,model6,13002,Japurá,AM,2012,2,110,25044,15.971889474524836,3.27746649712685,12.694422977397986,0,34.040089442580964,TRUE,109
P. falciparum,model6,13002,Japurá,AM,2012,3,111,25044,35.93675131768088,4.070849710820116,31.865901606860763,0,39.929723686312094,TRUE,109
P. falciparum,model6,13003,Alto Solimões,AM,2012,1,109,231482,40.60790903828376,14.84671005756829,25.76119898071547,3.887991290899508,132.02970425346243,TRUE,109
P. falciparum,model6,13003,Alto Solimões,AM,2012,2,110,231482,59.615866460459124,21.552504050111473,38.06336241034765,5.594387468572072,203.51474412697308,TRUE,109
P. falciparum,model6,13003,Alto Solimões,AM,2012,3,111,231482,94.6077880785547,28.44309465000137,66.16469342855333,8.413181154474215,255.54902757017763,TRUE,109
P. falciparum,model6,13004,Juruá,AM,2012,1,109,131695,140.47610007972966,48.07483563464875,92.40126444508091,12.111317817684805,348.7034435627771,TRUE,109
P. falciparum,model6,13004,Juruá,AM,2012,2,110,131695,88.84164167204526,42.782766018974094,46.05887565307116,12.111317817684805,327.6699950643532,TRUE,109
P. falciparum,model6,13004,Juruá,AM,2012,3,111,131695,154.90337522305327,51.588424547348225,103.31495067570505,12.908614601921107,366.85143703253686,TRUE,109
P. falciparum,model6,13005,Tefé,AM,2012,1,109,87520,34.27787934186472,20.29726354756774,13.980615794296977,2.8279250457038407,188.0998628884825,TRUE,109
P. falciparum,model6,13005,Tefé,AM,2012,2,110,87520,34.27787934186472,18.634966888353105,15.642912453511613,1.6853290676416837,176.18829981718443,TRUE,109
P. falciparum,model6,13005,Tefé,AM,2012,3,111,87520,33.135283363802564,23.89080901995338,9.244474343849184,4.570383912248629,194.0413619744055,TRUE,109
P. falciparum,model6,13006,Coari,AM,2012,1,109,156671,18.5101263156551,8.591435433670588,9.918690881984512,0,76.59362613374523,TRUE,109
P. falciparum,model6,13006,Coari,AM,2012,2,110,156671,7.659362613374523,9.938589914301712,-2.2792273009271886,1.2446464246733617,87.14120673257972,TRUE,109
P. falciparum,model6,13006,Coari,AM,2012,3,111,156671,5.106241742249682,12.787000629039548,-7.680758886789866,1.9148406533436308,114.98618123328495,TRUE,109
P. falciparum,model6,13007,Manaus,AM,2012,1,109,2106861,1.5188472329213933,1.1818123365060307,0.33703489641536266,0.3073292447864383,10.049310324696304,TRUE,109
P. falciparum,model6,13007,Manaus,AM,2012,2,110,2106861,1.8510950651229483,0.9516660213851307,0.8994290437378176,0.21240129272885117,7.266734730008287,TRUE,109
P. falciparum,model6,13007,Manaus,AM,2012,3,111,2106861,2.2782708493820905,1.066593399024134,1.2116774503579564,0.14239192808638065,8.532836290576347,TRUE,109
P. falciparum,model6,13008,Rio Preto da Eva,AM,2012,1,109,55600,0,1.6845323240913144,-1.6845323240913144,0,19.784172661870503,TRUE,109
P. falciparum,model6,13008,Rio Preto da Eva,AM,2012,2,110,55600,1.7985611510791366,1.1703971893132952,0.6281639617658414,0,11.735611510791326,TRUE,109
P. falciparum,model6,13008,Rio Preto da Eva,AM,2012,3,111,55600,0,1.058029226400346,-1.058029226400346,0,12.589928057553957,TRUE,109
P. falciparum,model6,13009,Itacoatiara,AM,2012,1,109,156384,0,0.39853856272934685,-0.39853856272934685,0,5.11561285041948,TRUE,109
P. falciparum,model6,13009,Itacoatiara,AM,2012,2,110,156384,0,0.30208560793673433,-0.30208560793673433,0,3.1972580315121752,TRUE,109
P. falciparum,model6,13009,Itacoatiara,AM,2012,3,111,156384,0,0.3068056313725044,-0.3068056313725044,0,3.83670963781461,TRUE,109
P. falciparum,model6,13010,Parintins,AM,2012,1,109,248506,2.4144286254657836,1.8817386340388067,0.5326899914269769,0,15.90504857025584,TRUE,109
P. falciparum,model6,13010,Parintins,AM,2012,2,110,248506,2.4144286254657836,1.5651634172872169,0.8492652081785668,0,13.701882449518303,TRUE,109
P. falciparum,model6,13010,Parintins,AM,2012,3,111,248506,4.828857250931567,1.3830033367636048,3.4458539141679623,0,10.864928814596025,TRUE,109
P. falciparum,model6,13011,Boca do Acre,AM,2012,1,109,49500,0,1.3666052625804748,-1.3666052625804748,0,18.18181818181818,TRUE,109
P. falciparum,model6,13011,Boca do Acre,AM,2012,2,110,49500,2.0202020202020203,1.0361708367689844,0.984031183433036,0,12.121212121212121,TRUE,109
P. falciparum,model6,13011,Boca do Acre,AM,2012,3,111,49500,4.040404040404041,1.1869545067401506,2.8534495336638903,0,13.181818181818135,TRUE,109
P. falciparum,model6,13012,Purus,AM,2012,1,109,70911,19.743058199715136,8.317019602661604,11.426038597053532,0,72.66150526716585,TRUE,109
P. falciparum,model6,13012,Purus,AM,2012,2,110,70911,25.383931971062317,8.650707751762102,16.733224219300215,0,67.69048525616617,TRUE,109
P. falciparum,model6,13012,Purus,AM,2012,3,111,70911,29.6145872995727,11.813018481384038,17.801568818188663,0,90.9943450240442,TRUE,109
P. falciparum,model6,13013,Madeira,AM,2012,1,109,170985,16.375705471240167,7.888806840670806,8.48689863056936,0.8626487703599739,67.31584641927648,TRUE,109
P. falciparum,model6,13013,Madeira,AM,2012,2,110,170985,4.093926367810042,7.875589068508633,-3.7816627006985915,1.7545398719185894,57.929058104512066,TRUE,109
P. falciparum,model6,13013,Madeira,AM,2012,3,111,170985,11.112085855484398,9.523247829373314,1.588838026111084,1.447495394332837,81.74693686580679,TRUE,109
P. falciparum,model6,14001,Boa Vista,RR,2012,1,109,334076,36.518636477927174,31.01867238366818,5.499964094258996,13.013505908835114,253.50519043570898,TRUE,109
P. falciparum,model6,14001,Boa Vista,RR,2012,2,110,334076,22.449981441348676,24.587914729562986,-2.1379332882143096,7.6255103629114345,198.91431889749634,TRUE,109
P. falciparum,model6,14001,Boa Vista,RR,2012,3,111,334076,23.04864761311797,23.24324892884486,-0.19460131572688866,8.680659490654822,183.09456530849263,TRUE,109
P. falciparum,model6,14002,Nordeste de Roraima,RR,2012,1,109,44023,74.96081593712378,62.102950615943236,12.857865321180547,11.357699384412694,490.4822479158613,TRUE,109
P. falciparum,model6,14002,Nordeste de Roraima,RR,2012,2,110,44023,79.50389569088885,51.895215501251954,27.6086801896369,13.629239261295231,399.16634486518365,TRUE,109
P. falciparum,model6,14002,Nordeste de Roraima,RR,2012,3,111,44023,56.788496922063466,49.54539098712603,7.243105934937439,7.893601072166826,392.124571246848,TRUE,109
P. falciparum,model6,14003,Caracaraí,RR,2012,1,109,43635,29.792597685344333,37.544888398582486,-7.752290713238153,4.583476566976051,283.5453191245555,TRUE,109
P. falciparum,model6,14003,Caracaraí,RR,2012,2,110,43635,27.50085940185631,33.618991865280684,-6.118132463424374,2.2917382834880256,241.95026927924818,TRUE,109
P. falciparum,model6,14003,Caracaraí,RR,2012,3,111,43635,38.95955081929643,36.25914722643427,2.700403592862159,2.2917382834880256,302.738627248768,TRUE,109
P. falciparum,model6,14004,Sudeste de Roraima,RR,2012,1,109,47790,69.05210295040803,38.57788226858387,30.474220681824157,3.086419753086423,291.95438376229333,TRUE,109
P. falciparum,model6,14004,Sudeste de Roraima,RR,2012,2,110,47790,41.849759363883656,31.981189159562398,9.868570204321259,2.092487968194183,231.27223268466201,TRUE,109
P. falciparum,model6,14004,Sudeste de Roraima,RR,2012,3,111,47790,23.01736765013601,28.309301927097533,-5.291934276961523,4.184975936388366,214.53232893910854,TRUE,109
P. falciparum,model6,15001,Óbidos,PA,2012,1,109,189429,18.476579615581564,3.940406344600272,14.53617327098129,0.2507535804971791,33.310633535519855,TRUE,109
P. falciparum,model6,15001,Óbidos,PA,2012,2,110,189429,0,3.1018796470699317,-3.1018796470699317,0,32.47918745281872,TRUE,109
P. falciparum,model6,15001,Óbidos,PA,2012,3,111,189429,1.0558045494618036,3.1287237380095263,-2.072919188547723,0,26.170755269784422,TRUE,109
P. falciparum,model6,15002,Santarém,PA,2012,1,109,492734,4.6678329484062395,6.926499557544416,-2.258666609138176,1.5170457082320281,54.92314311575818,TRUE,109
P. falciparum,model6,15002,Santarém,PA,2012,2,110,492734,3.0442388793953734,6.605842693146183,-3.5616038137508097,1.623594069010866,47.78440294357597,TRUE,109
P. falciparum,model6,15002,Santarém,PA,2012,3,111,492734,2.4353911035162987,6.591942259136845,-4.156551155620546,1.2176955517581494,53.842438313572785,TRUE,109
P. falciparum,model6,15003,Almeirim,PA,2012,1,109,69092,5.789382272911481,7.718862472094884,-1.929480199183403,0,110.83048688704906,TRUE,109
P. falciparum,model6,15003,Almeirim,PA,2012,2,110,69092,4.34203670468361,6.2619366725158505,-1.9198999678322402,0,73.88699125803271,TRUE,109
P. falciparum,model6,15003,Almeirim,PA,2012,3,111,69092,2.8946911364557404,5.594394416895749,-2.699703280440009,0,60.78851386557055,TRUE,109
P. falciparum,model6,15004,Portel,PA,2012,1,109,135041,19.25341192674817,9.39043317096133,9.862978755786841,1.4810316866729363,73.34809428247715,TRUE,109
P. falciparum,model6,15004,Portel,PA,2012,2,110,135041,22.955991143430516,11.314831340685723,11.641159802744793,1.4810316866729363,95.67464695907155,TRUE,109
P. falciparum,model6,15004,Portel,PA,2012,3,111,135041,18.512896083411707,14.484733588152471,4.028162495259236,2.9620633733458726,120.68556956776058,TRUE,109
P. falciparum,model6,15005,Furos de Breves,PA,2012,1,109,209923,252.473526007155,115.79465291579143,136.67887309136356,34.22683555398885,833.8890926673109,TRUE,109
P. falciparum,model6,15005,Furos de Breves,PA,2012,2,110,209923,262.953559162169,112.89170190573778,150.0618572564312,34.20301729681836,796.5539745525722,TRUE,109
P. falciparum,model6,15005,Furos de Breves,PA,2012,3,111,209923,333.93196553021824,107.74428246884223,226.187683061376,29.98718577764228,810.8925653692058,TRUE,109
P. falciparum,model6,15006,Arari,PA,2012,1,109,158333,3.789481662066657,8.510794080537108,-4.721312418470451,0.6315802770111094,66.7422457731489,TRUE,109
P. falciparum,model6,15006,Arari,PA,2012,2,110,158333,46.73694049882211,11.73724940906261,34.999691089759494,1.563161185602497,111.4897083993861,TRUE,109
P. falciparum,model6,15006,Arari,PA,2012,3,111,158333,60.63170659306651,14.230170152977118,46.401536440089394,3.457902016635825,128.0055326432265,TRUE,109
P. falciparum,model6,15007,Belém,PA,2012,1,109,2185084,0.4576483100878501,0.262264407799064,0.1953839022887861,0,2.5410922417627875,TRUE,109
P. falciparum,model6,15007,Belém,PA,2012,2,110,2185084,0.3661186480702801,0.23420408427581837,0.13191456379446173,0,2.7310162904492383,TRUE,109
P. falciparum,model6,15007,Belém,PA,2012,3,111,2185084,0.3203538170614951,0.20796981290348543,0.1123840041580097,0,2.312268086718862,TRUE,109
P. falciparum,model6,15008,Castanhal,PA,2012,1,109,305405,0,0.2700985975382963,-0.2700985975382963,0,3.1188094497470495,TRUE,109
P. falciparum,model6,15008,Castanhal,PA,2012,2,110,305405,0,0.18710086651428975,-0.18710086651428975,0,2.6194725037245625,TRUE,109
P. falciparum,model6,15008,Castanhal,PA,2012,3,111,305405,0,0.14130185335567771,-0.14130185335567771,0,1.6371703148278514,TRUE,109
P. falciparum,model6,15009,Salgado,PA,2012,1,109,251888,12.307057104744967,0.22701514594378988,12.080041958801177,0,2.779012894619831,FALSE,109
P. falciparum,model6,15009,Salgado,PA,2012,2,110,251888,2.779012894619831,0.1709470269175492,2.608065867702282,0,2.193435177539215,FALSE,109
P. falciparum,model6,15009,Salgado,PA,2012,3,111,251888,1.588007368354189,0.15342615362498635,1.4345812147292027,0,1.9850092104427364,TRUE,109
P. falciparum,model6,15010,Bragantina,PA,2012,1,109,390863,0,0.18377856947202506,-0.18377856947202506,0,2.0467529543599676,TRUE,109
P. falciparum,model6,15010,Bragantina,PA,2012,2,110,390863,0.25584411929499595,0.15797945113939865,0.0978646681555973,0,1.5350647157699757,TRUE,109
P. falciparum,model6,15010,Bragantina,PA,2012,3,111,390863,0,0.1661527266058547,-0.1661527266058547,0,1.6693828783998428,TRUE,109
P. falciparum,model6,15011,Cametá,PA,2012,1,109,449907,22.226815764146814,4.685618946360281,17.541196817786535,0.6668044729244044,39.01361837001869,TRUE,109
P. falciparum,model6,15011,Cametá,PA,2012,2,110,449907,15.336502877261301,4.50619539341845,10.830307483842851,0.6668044729244044,41.46968151195691,TRUE,109
P. falciparum,model6,15011,Cametá,PA,2012,3,111,449907,18.003720768958917,3.8722608205105438,14.131459948448374,0.4445363152829362,25.34968337900943,TRUE,109
P. falciparum,model6,15012,Tomé-Açu,PA,2012,1,109,299079,17.386710534674783,5.418344022958423,11.968366511716361,0.6687196359490302,40.541127929409875,TRUE,109
P. falciparum,model6,15012,Tomé-Açu,PA,2012,2,110,299079,4.346677633668696,3.7096843960441097,0.6369932376245862,0,27.09986324683443,TRUE,109
P. falciparum,model6,15012,Tomé-Açu,PA,2012,3,111,299079,6.6871963594903026,3.252541724834361,3.4346546346559417,0,24.91816543455073,TRUE,109
P. falciparum,model6,15013,Guamá,PA,2012,1,109,441719,3.62221231144687,3.1448798274396577,0.4773324840072122,0.33392269746150866,25.14041732413592,TRUE,109
P. falciparum,model6,15013,Guamá,PA,2012,2,110,441719,1.131941347327147,3.0956525833327646,-1.9637112360056177,0.560310966926938,25.400763834021134,TRUE,109
P. falciparum,model6,15013,Guamá,PA,2012,3,111,441719,2.263882694654294,3.14857191224775,-0.884689217593456,0.45277653893085873,27.200550576271308,TRUE,109
P. falciparum,model6,15014,Itaituba,PA,2012,1,109,213017,300.91495044996407,168.44873483179646,132.4662156181676,57.27242426660782,1174.2372674481367,TRUE,109
P. falciparum,model6,15014,Itaituba,PA,2012,2,110,213017,269.93150781393035,146.55376093581884,123.37774687811151,55.124708356610036,1027.0541787744637,TRUE,109
P. falciparum,model6,15014,Itaituba,PA,2012,3,111,213017,193.4117934249379,145.4121164329899,47.99967699194801,49.26836825229911,1030.1055784280118,TRUE,109
P. falciparum,model6,15015,Altamira,PA,2012,1,109,281058,27.752278889054928,20.19826554133746,7.5540133477174685,6.048573604024792,181.44831315956122,TRUE,109
P. falciparum,model6,15015,Altamira,PA,2012,2,110,281058,24.905891310690322,16.046078817992097,8.859812492698225,3.202186025660184,141.8390510143812,TRUE,109
P. falciparum,model6,15015,Altamira,PA,2012,3,111,281058,11.029751866162856,12.729312675236821,-1.6995608090739651,3.0153918408300067,102.50553266585541,TRUE,109
P. falciparum,model6,15016,Tucuruí,PA,2012,1,109,340793,13.791363085509387,18.366534332809046,-4.575171247299659,4.54087965421825,126.77783874668786,TRUE,109
P. falciparum,model6,15016,Tucuruí,PA,2012,2,110,340793,15.258529371201874,13.997889425385862,1.2606399458160116,3.36714662566426,104.16880628416664,TRUE,109
P. falciparum,model6,15016,Tucuruí,PA,2012,3,111,340793,9.389864228431922,11.04390569176204,-1.6540414633301186,3.0737133685257616,96.1067275442864,TRUE,109
P. falciparum,model6,15017,Paragominas,PA,2012,1,109,306994,21.498791507325876,14.876486833193429,6.622304674132447,3.0863795383623134,114.71722574382541,TRUE,109
P. falciparum,model6,15017,Paragominas,PA,2012,2,110,306994,14.984006202075612,13.255967297380009,1.7280389046956035,3.241105689362008,101.8505247659563,TRUE,109
P. falciparum,model6,15017,Paragominas,PA,2012,3,111,306994,8.469220896825345,11.834302937849321,-3.3650820410239763,3.2573926526251324,87.6564362821423,TRUE,109
P. falciparum,model6,15018,São Félix do Xingu,PA,2012,1,109,177935,0,0.7240927778583083,-0.7240927778583083,0,7.601090285778502,TRUE,109
P. falciparum,model6,15018,São Félix do Xingu,PA,2012,2,110,177935,0.5620029786157866,0.6529528871520844,-0.09094990853629781,0,7.8680417006210135,TRUE,109
P. falciparum,model6,15018,São Félix do Xingu,PA,2012,3,111,177935,0,0.6241854034155011,-0.6241854034155011,0,6.74403574338944,TRUE,109
P. falciparum,model6,15019,Parauapebas,PA,2012,1,109,271172,0.3687696369831694,0.21044523564134474,0.15832440134182466,0,2.950157095865355,TRUE,109
P. falciparum,model6,15019,Parauapebas,PA,2012,2,110,271172,0,0.1776847466406116,-0.1776847466406116,0,2.2126178218990162,TRUE,109
P. falciparum,model6,15019,Parauapebas,PA,2012,3,111,271172,0,0.16473385433497026,-0.16473385433497026,0,1.843848184915847,TRUE,109
P. falciparum,model6,15020,Marabá,PA,2012,1,109,295238,5.080646800208646,4.019377890639261,1.0612689095693844,0.3387097866805764,28.468557570502426,TRUE,109
P. falciparum,model6,15020,Marabá,PA,2012,2,110,295238,1.693548933402882,3.3567701909028504,-1.6632212574999685,0,24.776620895684115,TRUE,109
P. falciparum,model6,15020,Marabá,PA,2012,3,111,295238,0.6774195733611528,3.0263686238918845,-2.3489490505307318,0,25.403234001043227,TRUE,109
P. falciparum,model6,15021,Redenção,PA,2012,1,109,185608,0,0.26179598278714816,-0.26179598278714816,0,3.2326192836515664,TRUE,109
P. falciparum,model6,15021,Redenção,PA,2012,2,110,185608,0.5387698806085944,0.29034568785332454,0.2484241927552699,0,5.1317831127968505,TRUE,109
P. falciparum,model6,15021,Redenção,PA,2012,3,111,185608,0,0.342163985530429,-0.342163985530429,0,4.848928925477351,TRUE,109
P. falciparum,model6,15022,Conceição do Araguaia,PA,2012,1,109,142249,0,0.13109146647654185,-0.13109146647654185,0,2.108977919001188,TRUE,109
P. falciparum,model6,15022,Conceição do Araguaia,PA,2012,2,110,142249,0.7029926396670627,0.1540519547695071,0.5489406848975557,0,2.108977919001188,TRUE,109
P. falciparum,model6,15022,Conceição do Araguaia,PA,2012,3,111,142249,0,0.16232165016485556,-0.16232165016485556,0,2.811970558668251,TRUE,109
P. falciparum,model6,16001,Oiapoque,AP,2012,1,109,31004,361.24371048896916,354.6465787911018,6.597131697867383,103.21248871113404,2433.798864662624,TRUE,109
P. falciparum,model6,16001,Oiapoque,AP,2012,2,110,31004,122.56483034447169,245.40741586284656,-122.84258551837488,70.95858598890466,1763.2402270674747,TRUE,109
P. falciparum,model6,16001,Oiapoque,AP,2012,3,111,31004,167.72029415559282,269.17576174388716,-101.45546758829434,86.76299832279707,1810.4921945555388,TRUE,109
P. falciparum,model6,16002,Amapá,AP,2012,1,109,25619,312.26823841680005,31.271799625401304,280.99643879139876,0,290.89738085015017,FALSE,109
P. falciparum,model6,16002,Amapá,AP,2012,2,110,25619,89.77711854483,26.714346127563946,63.06277241726606,0,226.979975799211,TRUE,109
P. falciparum,model6,16002,Amapá,AP,2012,3,111,25619,58.55029470315001,20.690232344940753,37.860062358209255,3.90335298021,170.0886061126505,TRUE,109
P. falciparum,model6,16003,Macapá,AP,2012,1,109,569504,50.3947294487835,28.02787552167568,22.366853927107822,7.541650278136766,214.2039388661009,TRUE,109
P. falciparum,model6,16003,Macapá,AP,2012,2,110,569504,43.7222565600944,26.415706417400134,17.306550142694267,8.94638141259763,210.9423287632746,TRUE,109
P. falciparum,model6,16003,Macapá,AP,2012,3,111,569504,29.49935382367815,19.57081992984976,9.92853389382839,6.755878799797719,155.64859948305863,TRUE,109
P. falciparum,model6,16004,Mazagão,AP,2012,1,109,72475,97.9648154536047,29.997217042276247,67.96759841132845,5.519144532597448,216.6264229044498,TRUE,109
P. falciparum,model6,16004,Mazagão,AP,2012,2,110,72475,44.15315626077958,28.242868158103025,15.910288102676557,4.794756812694034,210.45187995860638,TRUE,109
P. falciparum,model6,16004,Mazagão,AP,2012,3,111,72475,44.15315626077958,27.724468639778,16.428687621001583,6.174542945843397,182.33873749568798,TRUE,109
P. falciparum,model6,17001,Bico do Papagaio,TO,2012,1,109,199722,0,0.15449656994050515,-0.15449656994050515,0,2.5034798369733933,TRUE,109
P. falciparum,model6,17001,Bico do Papagaio,TO,2012,2,110,199722,0,0.1344315170065409,-0.1344315170065409,0,2.5034798369733933,TRUE,109
P. falciparum,model6,17001,Bico do Papagaio,TO,2012,3,111,199722,0,0.14360181008552672,-0.14360181008552672,0,2.2656492524609093,TRUE,109
P. falciparum,model6,17002,Araguaína,TO,2012,1,109,286178,0,0.054020100450947926,-0.054020100450947926,0,1.048298611353773,TRUE,109
P. falciparum,model6,17002,Araguaína,TO,2012,2,110,286178,0,0.044983656154094526,-0.044983656154094526,0,0.8823179978894176,TRUE,109
P. falciparum,model6,17002,Araguaína,TO,2012,3,111,286178,0,0.04363560786893417,-0.04363560786893417,0,0.6988657409025152,TRUE,109
P. falciparum,model6,17003,Miracema do Tocantins,TO,2012,1,109,143238,0,0.005147566923337472,-0.005147566923337472,0,0.6981387620603471,TRUE,109
P. falciparum,model6,17003,Miracema do Tocantins,TO,2012,2,110,143238,0,0.005424027837515185,-0.005424027837515185,0,0.6981387620603471,TRUE,109
P. falciparum,model6,17003,Miracema do Tocantins,TO,2012,3,111,143238,0,0.005905022279273174,-0.005905022279273174,0,0.6981387620603471,TRUE,109
P. falciparum,model6,17004,Rio Formoso,TO,2012,1,109,118053,0,0.020919739451025467,-0.020919739451025467,0,0.8470771602585279,TRUE,109
P. falciparum,model6,17004,Rio Formoso,TO,2012,2,110,118053,0,0.017964032849834635,-0.017964032849834635,0,0.8470771602585279,TRUE,109
P. falciparum,model6,17004,Rio Formoso,TO,2012,3,111,118053,0,0.01894099115190703,-0.01894099115190703,0,0.8470771602585279,TRUE,109
P. falciparum,model6,17005,Gurupi,TO,2012,1,109,139542,0,0.005269288916916992,-0.005269288916916992,0,0.7166301185306215,TRUE,109
P. falciparum,model6,17005,Gurupi,TO,2012,2,110,139542,0,0.004130225741863195,-0.004130225741863195,0,0.7166301185306215,TRUE,109
P. falciparum,model6,17005,Gurupi,TO,2012,3,111,139542,0,0.003773662505600533,-0.003773662505600533,0,0,TRUE,109
P. falciparum,model6,17006,Porto Nacional,TO,2012,1,109,338559,0,0.03885754028137892,-0.03885754028137892,0,0.5907389849332022,TRUE,109
P. falciparum,model6,17006,Porto Nacional,TO,2012,2,110,338559,0,0.032121708546291504,-0.032121708546291504,0,0.5907389849332022,TRUE,109
P. falciparum,model6,17006,Porto Nacional,TO,2012,3,111,338559,0,0.029523195638288893,-0.029523195638288893,0,0.5907389849332022,TRUE,109
P. falciparum,model6,17007,Jalapão,TO,2012,1,109,73385,0,4.324189051318138e-4,-4.324189051318138e-4,0,0,TRUE,109
P. falciparum,model6,17007,Jalapão,TO,2012,2,110,73385,0,3.8480534787433166e-4,-3.8480534787433166e-4,0,0,TRUE,109
P. falciparum,model6,17007,Jalapão,TO,2012,3,111,73385,0,3.7518083226239146e-4,-3.7518083226239146e-4,0,0,TRUE,109
P. falciparum,model6,17008,Dianópolis,TO,2012,1,109,119017,0,1.0320377264032608e-4,-1.0320377264032608e-4,0,0,TRUE,109
P. falciparum,model6,17008,Dianópolis,TO,2012,2,110,119017,0,9.106936580139522e-5,-9.106936580139522e-5,0,0,TRUE,109
P. falciparum,model6,17008,Dianópolis,TO,2012,3,111,119017,0,9.085159614596927e-5,-9.085159614596927e-5,0,0,TRUE,109
P. falciparum,model6,21001,Litoral Ocidental Maranhense,MA,2012,1,109,185387,0,0.06474163660301364,-0.06474163660301364,0,1.0788242972808233,TRUE,109
P. falciparum,model6,21001,Litoral Ocidental Maranhense,MA,2012,2,110,185387,0,0.05513635395512971,-0.05513635395512971,0,1.0788242972808233,TRUE,109
P. falciparum,model6,21001,Litoral Ocidental Maranhense,MA,2012,3,111,185387,0,0.05690647668997565,-0.05690647668997565,0,1.0788242972808233,TRUE,109
P. falciparum,model6,21002,Aglomeração Urbana de São Luís,MA,2012,1,109,1345368,0,0.02287456325512943,-0.02287456325512943,0,0.37164552746906426,TRUE,109
P. falciparum,model6,21002,Aglomeração Urbana de São Luís,MA,2012,2,110,1345368,0.1486582109876257,0.019233771275567746,0.12942443971205794,0,0.2620100968656886,TRUE,109
P. falciparum,model6,21002,Aglomeração Urbana de São Luís,MA,2012,3,111,1345368,0,0.017695360047209167,-0.017695360047209167,0,0.2973164219752514,TRUE,109
P. falciparum,model6,21003,Rosário,MA,2012,1,109,165969,0,0.0038280360516484684,-0.0038280360516484684,0,0.6025221577523513,TRUE,109
P. falciparum,model6,21003,Rosário,MA,2012,2,110,165969,0,0.002817931108711385,-0.002817931108711385,0,0.31632413281997074,TRUE,109
P. falciparum,model6,21003,Rosário,MA,2012,3,111,165969,0,0.002619093527074076,-0.002619093527074076,0,0,TRUE,109
P. falciparum,model6,21004,Lençóis Maranhenses,MA,2012,1,109,183427,0,0.061383298403880224,-0.061383298403880224,0,1.0903520201497054,TRUE,109
P. falciparum,model6,21004,Lençóis Maranhenses,MA,2012,2,110,183427,0,0.041652619201314973,-0.041652619201314973,0,1.0903520201497054,TRUE,109
P. falciparum,model6,21004,Lençóis Maranhenses,MA,2012,3,111,183427,0,0.036023603873681385,-0.036023603873681385,0,1.0903520201497054,TRUE,109
P. falciparum,model6,21005,Baixada Maranhense,MA,2012,1,109,576587,0.3468687292637538,0.4484190645921883,-0.1015503353284345,0,3.9976621047647543,TRUE,109
P. falciparum,model6,21005,Baixada Maranhense,MA,2012,2,110,576587,0.3468687292637538,0.3890805588003148,-0.042211829536560996,0,3.3039246462372467,TRUE,109
P. falciparum,model6,21005,Baixada Maranhense,MA,2012,3,111,576587,0.5203030938956307,0.3885509024550053,0.1317521914406254,0,4.0800434279649,TRUE,109
P. falciparum,model6,21006,Itapecuru Mirim,MA,2012,1,109,218636,0.45738121809766,0.04199134454022757,0.41538987355743245,0,0.91476243619532,TRUE,109
P. falciparum,model6,21006,Itapecuru Mirim,MA,2012,2,110,218636,0,0.04315754442902065,-0.04315754442902065,0,0.91476243619532,TRUE,109
P. falciparum,model6,21006,Itapecuru Mirim,MA,2012,3,111,218636,0.45738121809766,0.051596830947737725,0.4057843871499223,0,0.91476243619532,TRUE,109
P. falciparum,model6,21007,Gurupi,MA,2012,1,109,227567,1.757724098836826,0.6841441867038788,1.073579912132947,0,8.14045973273804,TRUE,109
P. falciparum,model6,21007,Gurupi,MA,2012,2,110,227567,0.4394310247092065,0.729845772902697,-0.29041474819349056,0,8.78862049418413,TRUE,109
P. falciparum,model6,21007,Gurupi,MA,2012,3,111,227567,0.4394310247092065,0.8849010994781051,-0.44547007476889866,0,9.228051518893338,TRUE,109
P. falciparum,model6,21008,Pindaré,MA,2012,1,109,634376,1.8916226338953555,1.0461047814692495,0.845517852426106,0,9.540871659709696,TRUE,109
P. falciparum,model6,21008,Pindaré,MA,2012,2,110,634376,0.7881760974563982,1.0072743684382797,-0.2190982709818815,0,9.067966001235856,TRUE,109
P. falciparum,model6,21008,Pindaré,MA,2012,3,111,634376,1.261081755930237,1.0420791365041728,0.21900261942606414,0,9.489640213375004,TRUE,109
P. falciparum,model6,21009,Imperatriz,MA,2012,1,109,575448,0.6951105920952023,0.3555766746981872,0.3395339173970151,0,3.566786225688503,TRUE,109
P. falciparum,model6,21009,Imperatriz,MA,2012,2,110,575448,0.868888240119003,0.28830684305554016,0.5805813970634628,0,2.7804423683808093,TRUE,109
P. falciparum,model6,21009,Imperatriz,MA,2012,3,111,575448,0.17377764802380058,0.28228345333331517,-0.10850580530951459,0,2.789131250781992,TRUE,109
P. falciparum,model6,21010,Médio Mearim,MA,2012,1,109,414136,0,0.3814497172329265,-0.3814497172329265,0,4.841404755925579,TRUE,109
P. falciparum,model6,21010,Médio Mearim,MA,2012,2,110,414136,0.48293314273571963,0.42786090074381117,0.055072241991908466,0,5.070797998725056,TRUE,109
P. falciparum,model6,21010,Médio Mearim,MA,2012,3,111,414136,0.7243997141035795,0.6196500013912132,0.10474971271236633,0,6.773137326868458,TRUE,109
P. falciparum,model6,21011,Alto Mearim e Grajaú,MA,2012,1,109,316734,0.6314446822886081,0.8210713831329994,-0.18962670084439137,0,7.893058528607601,TRUE,109
P. falciparum,model6,21011,Alto Mearim e Grajaú,MA,2012,2,110,316734,0.9471670234329121,0.7192020331707427,0.22796499026216943,0,7.1116457342754416,TRUE,109
P. falciparum,model6,21011,Alto Mearim e Grajaú,MA,2012,3,111,316734,0.6314446822886081,0.719443117859195,-0.08799843557058695,0,7.277399963376195,TRUE,109
P. falciparum,model6,21012,Presidente Dutra,MA,2012,1,109,192964,0,0.21888248943263386,-0.21888248943263386,0,2.5911568997325927,TRUE,109
P. falciparum,model6,21012,Presidente Dutra,MA,2012,2,110,192964,0.5182313799465186,0.23620996069004513,0.28202141925647345,0,3.62761965962563,TRUE,109
P. falciparum,model6,21012,Presidente Dutra,MA,2012,3,111,192964,0.5182313799465186,0.31928718616218243,0.19894419378433614,0,4.417922514044059,TRUE,109
P. falciparum,model6,21013,Baixo Parnaíba Maranhense,MA,2012,1,109,141956,0,0.2822817339547621,-0.2822817339547621,0,3.522218152103469,TRUE,109
P. falciparum,model6,21013,Baixo Parnaíba Maranhense,MA,2012,2,110,141956,0,0.21041656775257067,-0.21041656775257067,0,2.4831637972329292,TRUE,109
P. falciparum,model6,21013,Baixo Parnaíba Maranhense,MA,2012,3,111,141956,0,0.19044903419016573,-0.19044903419016573,0,2.8177745216827748,TRUE,109
P. falciparum,model6,21014,Chapadinha,MA,2012,1,109,225548,0,0.11880672168515008,-0.11880672168515008,0,1.7734584212673135,TRUE,109
P. falciparum,model6,21014,Chapadinha,MA,2012,2,110,225548,0,0.09955149502973022,-0.09955149502973022,0,1.7734584212673135,TRUE,109
P. falciparum,model6,21014,Chapadinha,MA,2012,3,111,225548,0,0.096100725664196,-0.096100725664196,0,1.7734584212673135,TRUE,109
P. falciparum,model6,21015,Codó,MA,2012,1,109,267789,0,0.23869433809515248,-0.23869433809515248,0,2.9874266680110084,TRUE,109
P. falciparum,model6,21015,Codó,MA,2012,2,110,267789,0,0.21739046844096527,-0.21739046844096527,0,3.1834765430992222,TRUE,109
P. falciparum,model6,21015,Codó,MA,2012,3,111,267789,0.37342833350137605,0.2328903539996684,0.14053797950170765,0,2.6139983345096325,TRUE,109
P. falciparum,model6,21016,Coelho Neto,MA,2012,1,109,89087,0,0.035124634298580724,-0.035124634298580724,0,1.1224982320652843,TRUE,109
P. falciparum,model6,21016,Coelho Neto,MA,2012,2,110,89087,0,0.025560461235345583,-0.025560461235345583,0,1.1224982320652843,TRUE,109
P. falciparum,model6,21016,Coelho Neto,MA,2012,3,111,89087,0,0.015985642712772953,-0.015985642712772953,0,1.1224982320652843,TRUE,109
P. falciparum,model6,21017,Caxias,MA,2012,1,109,424136,0,0.08704710029188203,-0.08704710029188203,0,1.1788671558179453,TRUE,109
P. falciparum,model6,21017,Caxias,MA,2012,2,110,424136,0.23577343116358904,0.10018567787182286,0.13558775329176617,0,1.1788671558179453,TRUE,109
P. falciparum,model6,21017,Caxias,MA,2012,3,111,424136,0,0.14315269184297538,-0.14315269184297538,0,1.774195069506002,TRUE,109
P. falciparum,model6,21018,Chapadas do Alto Itapecuru,MA,2012,1,109,212427,0.9414999034962599,0.02088551223860823,0.9206143912576517,0,0.47074995174812995,FALSE,109
P. falciparum,model6,21018,Chapadas do Alto Itapecuru,MA,2012,2,110,212427,0,0.025931764855781886,-0.025931764855781886,0,0.47074995174812995,TRUE,109
P. falciparum,model6,21018,Chapadas do Alto Itapecuru,MA,2012,3,111,212427,0,0.03869768042484447,-0.03869768042484447,0,0.9414999034962599,TRUE,109
P. falciparum,model6,21019,Porto Franco,MA,2012,1,109,112995,0.8849949112792602,0.29106871218695535,0.5939261990923048,0,4.004601973538632,TRUE,109
P. falciparum,model6,21019,Porto Franco,MA,2012,2,110,112995,0,0.18747794681395624,-0.18747794681395624,0,2.6549847338377806,TRUE,109
P. falciparum,model6,21019,Porto Franco,MA,2012,3,111,112995,0,0.14775974436588185,-0.14775974436588185,0,2.6549847338377806,TRUE,109
P. falciparum,model6,21020,Gerais de Balsas,MA,2012,1,109,134229,0,0.0055133216918112,-0.0055133216918112,0,0.7449954927772686,TRUE,109
P. falciparum,model6,21020,Gerais de Balsas,MA,2012,2,110,134229,0,0.005058210758897861,-0.005058210758897861,0,0.7449954927772686,TRUE,109
P. falciparum,model6,21020,Gerais de Balsas,MA,2012,3,111,134229,0,0.005253086923835302,-0.005253086923835302,0,0.7449954927772686,TRUE,109
P. falciparum,model6,21021,Chapadas das Mangabeiras,MA,2012,1,109,69548,0,0.0017872882572932626,-0.0017872882572932626,0,0,TRUE,109
P. falciparum,model6,21021,Chapadas das Mangabeiras,MA,2012,2,110,69548,0,0.001445271095002524,-0.001445271095002524,0,0,TRUE,109
P. falciparum,model6,21021,Chapadas das Mangabeiras,MA,2012,3,111,69548,0,0.0014928068136449955,-0.0014928068136449955,0,0,TRUE,109
P. falciparum,model6,51001,Aripuanã,MT,2012,1,109,143796,0.695429636429386,6.971027940719308,-6.275598304289922,0,64.34462711062893,TRUE,109
P. falciparum,model6,51001,Aripuanã,MT,2012,2,110,143796,1.390859272858772,5.7119827088726645,-4.321123436013893,0,47.393529722662564,TRUE,109
P. falciparum,model6,51001,Aripuanã,MT,2012,3,111,143796,0.695429636429386,5.639943437052622,-4.944513800623236,0,49.37550418648642,TRUE,109
P. falciparum,model6,51002,Alta Floresta,MT,2012,1,109,100528,2.9842431959255133,1.6919500516890011,1.2922931442365122,0,19.89495463950342,TRUE,109
P. falciparum,model6,51002,Alta Floresta,MT,2012,2,110,100528,0,1.3014736264591862,-1.3014736264591862,0,12.931720515677224,TRUE,109
P. falciparum,model6,51002,Alta Floresta,MT,2012,3,111,100528,0.9947477319751712,1.0651727963868747,-0.07042506441170349,0,12.459215342988996,TRUE,109
P. falciparum,model6,51003,Colíder,MT,2012,1,109,145783,4.115706220889953,3.05156999005843,1.0641362308315228,0,27.43804147259969,TRUE,109
P. falciparum,model6,51003,Colíder,MT,2012,2,110,145783,4.115706220889953,2.546655266328133,1.5690509545618196,0,28.80994354622967,TRUE,109
P. falciparum,model6,51003,Colíder,MT,2012,3,111,145783,1.3719020736299843,2.254770467941056,-0.8828683943110716,0,21.62460643559261,TRUE,109
P. falciparum,model6,51004,Parecis,MT,2012,1,109,93467,1.0698963270459092,0.14261191080492366,0.9272844162409856,0,2.1397926540918184,TRUE,109
P. falciparum,model6,51004,Parecis,MT,2012,2,110,93467,1.0698963270459092,0.19439173994318965,0.8755045871027196,0,3.7713845528368055,TRUE,109
P. falciparum,model6,51004,Parecis,MT,2012,3,111,93467,0,0.30899458346280106,-0.30899458346280106,0,4.841280879882715,TRUE,109
P. falciparum,model6,51005,Arinos,MT,2012,1,109,76872,1.3008637735456343,0.13673005458695475,1.1641337189586796,0,2.6017275470912686,TRUE,109
P. falciparum,model6,51005,Arinos,MT,2012,2,110,76872,0,0.10069817131203473,-0.10069817131203473,0,2.6017275470912686,TRUE,109
P. falciparum,model6,51005,Arinos,MT,2012,3,111,76872,0,0.09737455767409682,-0.09737455767409682,0,2.6017275470912686,TRUE,109
P. falciparum,model6,51006,Alto Teles Pires,MT,2012,1,109,204751,0.9767962061235353,0.17852340465711625,0.7982728014664191,0,3.9071848244941414,TRUE,109
P. falciparum,model6,51006,Alto Teles Pires,MT,2012,2,110,204751,0,0.11329887970880227,-0.11329887970880227,0,1.9535924122470707,TRUE,109
P. falciparum,model6,51006,Alto Teles Pires,MT,2012,3,111,204751,0,0.06918466869250106,-0.06918466869250106,0,1.465194309185303,TRUE,109
P. falciparum,model6,51007,Sinop,MT,2012,1,109,179412,0,0.25045184284998206,-0.25045184284998206,0,3.079504158027321,TRUE,109
P. falciparum,model6,51007,Sinop,MT,2012,2,110,179412,0,0.22779511102654892,-0.22779511102654892,0,3.344257909169955,TRUE,109
P. falciparum,model6,51007,Sinop,MT,2012,3,111,179412,0,0.21216872414938057,-0.21216872414938057,0,2.7868815909749625,TRUE,109
P. falciparum,model6,51008,Paranatinga,MT,2012,1,109,33544,0,0.0033528521109923693,-0.0033528521109923693,0,0,TRUE,109
P. falciparum,model6,51008,Paranatinga,MT,2012,2,110,33544,0,0.003117186169771261,-0.003117186169771261,0,0,TRUE,109
P. falciparum,model6,51008,Paranatinga,MT,2012,3,111,33544,0,0.0030482546156134806,-0.0030482546156134806,0,0,TRUE,109
P. falciparum,model6,51009,Norte Araguaia,MT,2012,1,109,115959,0,0.005783493087877667,-0.005783493087877667,0,0.8623737700394105,TRUE,109
P. falciparum,model6,51009,Norte Araguaia,MT,2012,2,110,115959,0,0.005002244117441439,-0.005002244117441439,0,0,TRUE,109
P. falciparum,model6,51009,Norte Araguaia,MT,2012,3,111,115959,0,0.00439716107024508,-0.00439716107024508,0,0,TRUE,109
P. falciparum,model6,51010,Canarana,MT,2012,1,109,102483,0,0.005393702666837588,-0.005393702666837588,0,0.9757715913858884,TRUE,109
P. falciparum,model6,51010,Canarana,MT,2012,2,110,102483,0,0.004765519862500188,-0.004765519862500188,0,0.9757715913858884,TRUE,109
P. falciparum,model6,51010,Canarana,MT,2012,3,111,102483,0,0.004991053929292996,-0.004991053929292996,0,0.9757715913858884,TRUE,109
P. falciparum,model6,51011,Médio Araguaia,MT,2012,1,109,65908,0,4.037492603121497e-4,-4.037492603121497e-4,0,0,TRUE,109
P. falciparum,model6,51011,Médio Araguaia,MT,2012,2,110,65908,0,3.46882510498919e-4,-3.46882510498919e-4,0,0,TRUE,109
P. falciparum,model6,51011,Médio Araguaia,MT,2012,3,111,65908,0,3.3668913120846726e-4,-3.3668913120846726e-4,0,0,TRUE,109
P. falciparum,model6,51012,Alto Guaporé,MT,2012,1,109,69039,0,0.16435847449338312,-0.16435847449338312,0,2.896913338837469,TRUE,109
P. falciparum,model6,51012,Alto Guaporé,MT,2012,2,110,69039,0,0.1503022644075897,-0.1503022644075897,0,3.657353090282271,TRUE,109
P. falciparum,model6,51012,Alto Guaporé,MT,2012,3,111,69039,0,0.15780916167266104,-0.15780916167266104,0,2.896913338837469,TRUE,109
P. falciparum,model6,51013,Tangará da Serra,MT,2012,1,109,149801,2.0026568580984105,0.12701037285040145,1.875646485248009,0,2.670209144131214,TRUE,109
P. falciparum,model6,51013,Tangará da Serra,MT,2012,2,110,149801,0,0.12524422994566087,-0.12524422994566087,0,2.0026568580984105,TRUE,109
P. falciparum,model6,51013,Tangará da Serra,MT,2012,3,111,149801,0,0.13629995107047035,-0.13629995107047035,0,2.0026568580984105,TRUE,109
P. falciparum,model6,51014,Jauru,MT,2012,1,109,107679,0,0.07907065666245254,-0.07907065666245254,0,1.8573723753006623,TRUE,109
P. falciparum,model6,51014,Jauru,MT,2012,2,110,107679,0,0.06325192409351883,-0.06325192409351883,0,0.9286861876503312,TRUE,109
P. falciparum,model6,51014,Jauru,MT,2012,3,111,107679,0,0.059815275659645784,-0.059815275659645784,0,0.9286861876503312,TRUE,109
P. falciparum,model6,51015,Alto Paraguai,MT,2012,1,109,32743,3.0540878966496656,0.0063140357321510715,3.0477738609175145,0,0,FALSE,109
P. falciparum,model6,51015,Alto Paraguai,MT,2012,2,110,32743,0,0.006161863927311814,-0.006161863927311814,0,0,TRUE,109
P. falciparum,model6,51015,Alto Paraguai,MT,2012,3,111,32743,0,0.006401407157805426,-0.006401407157805426,0,0,TRUE,109
P. falciparum,model6,51016,Rosário Oeste,MT,2012,1,109,30778,0,0.0040987257931397805,-0.0040987257931397805,0,0,TRUE,109
P. falciparum,model6,51016,Rosário Oeste,MT,2012,2,110,30778,0,0.0031522251730780803,-0.0031522251730780803,0,0,TRUE,109
P. falciparum,model6,51016,Rosário Oeste,MT,2012,3,111,30778,0,0.0029498073786861714,-0.0029498073786861714,0,0,TRUE,109
P. falciparum,model6,51017,Cuiabá,MT,2012,1,109,868141,0,0.1534829016067166,-0.1534829016067166,0,1.4974526027454065,TRUE,109
P. falciparum,model6,51017,Cuiabá,MT,2012,2,110,868141,0,0.11370086128102327,-0.11370086128102327,0,1.0366979557468199,TRUE,109
P. falciparum,model6,51017,Cuiabá,MT,2012,3,111,868141,0,0.100916030220785,-0.100916030220785,0,1.1518866174964666,TRUE,109
P. falciparum,model6,51018,Alto Pantanal,MT,2012,1,109,133324,0,0.0758418450726914,-0.0758418450726914,0,1.5001050073505147,TRUE,109
P. falciparum,model6,51018,Alto Pantanal,MT,2012,2,110,133324,0,0.05996798331568389,-0.05996798331568389,0,1.5001050073505147,TRUE,109
P. falciparum,model6,51018,Alto Pantanal,MT,2012,3,111,133324,0,0.04928945969500408,-0.04928945969500408,0,1.5001050073505147,TRUE,109
P. falciparum,model6,51019,Primavera do Leste,MT,2012,1,109,87669,0,0.00809352187147311,-0.00809352187147311,0,1.1406540510328622,TRUE,109
P. falciparum,model6,51019,Primavera do Leste,MT,2012,2,110,87669,0,0.0070475259376810975,-0.0070475259376810975,0,1.1406540510328622,TRUE,109
P. falciparum,model6,51019,Primavera do Leste,MT,2012,3,111,87669,0,0.006816540990593205,-0.006816540990593205,0,1.1406540510328622,TRUE,109
P. falciparum,model6,51020,Tesouro,MT,2012,1,109,54567,0,0.0023924986003076654,-0.0023924986003076654,0,0,TRUE,109
P. falciparum,model6,51020,Tesouro,MT,2012,2,110,54567,0,0.002125577486586896,-0.002125577486586896,0,0,TRUE,109
P. falciparum,model6,51020,Tesouro,MT,2012,3,111,54567,0,0.002010965683030322,-0.002010965683030322,0,0,TRUE,109
P. falciparum,model6,51021,Rondonópolis,MT,2012,1,109,283538,0,0.024617630505606933,-0.024617630505606933,0,0.5378467789149874,TRUE,109
P. falciparum,model6,51021,Rondonópolis,MT,2012,2,110,283538,0,0.019114321565188,-0.019114321565188,0,0.35268641240327575,TRUE,109
P. falciparum,model6,51021,Rondonópolis,MT,2012,3,111,283538,0,0.014730281481158318,-0.014730281481158318,0,0.5378467789149874,TRUE,109
P. falciparum,model6,51022,Alto Araguaia,MT,2012,1,109,35554,0,0.0011224746617990158,-0.0011224746617990158,0,0,TRUE,109
P. falciparum,model6,51022,Alto Araguaia,MT,2012,2,110,35554,0,0.0011159054497407533,-0.0011159054497407533,0,0,TRUE,109
P. falciparum,model6,51022,Alto Araguaia,MT,2012,3,111,35554,0,0.0011476001025659125,-0.0011476001025659125,0,0,TRUE,109
P. falciparum,model6,11001,Porto Velho,RO,2013,1,121,613757,6.191375414048231,5.776637567792894,0.4147378462553375,1.2179087163160667,52.19899732304466,TRUE,121
P. falciparum,model6,11001,Porto Velho,RO,2013,2,122,613757,3.2586186389727527,4.646051032269931,-1.387432393297178,1.1405165236404635,40.948616471991244,TRUE,121
P. falciparum,model6,11001,Porto Velho,RO,2013,3,123,613757,1.792240251435014,5.116705527645119,-3.3244652762101055,0.8146546597431882,45.4903162000596,TRUE,121
P. falciparum,model6,11002,Guajará-Mirim,RO,2013,1,121,79879,0,1.3735718850325742,-1.3735718850325742,0,16.274615355725537,TRUE,121
P. falciparum,model6,11002,Guajará-Mirim,RO,2013,2,122,79879,5.007573955607858,1.099068372243122,3.9085055833647355,0,12.518934889019643,TRUE,121
P. falciparum,model6,11002,Guajará-Mirim,RO,2013,3,123,79879,0,1.2217585512652684,-1.2217585512652684,0,14.428072459595109,TRUE,121
P. falciparum,model6,11003,Ariquemes,RO,2013,1,121,192354,5.718622955592293,8.73514805938363,-3.016525103791336,1.5596244424342618,79.56684030485457,TRUE,121
P. falciparum,model6,11003,Ariquemes,RO,2013,2,122,192354,3.6391236990132776,7.1653533373488525,-3.526229638335575,1.0397496282895078,66.97287293219777,TRUE,121
P. falciparum,model6,11003,Ariquemes,RO,2013,3,123,192354,4.678873327302785,7.07168323131625,-2.3928099040134647,1.2866901650082667,62.24201212348056,TRUE,121
P. falciparum,model6,11004,Ji-Paraná,RO,2013,1,121,315964,0.6329835044498741,1.317902859650489,-0.6849193552006149,0,11.559861250015818,TRUE,121
P. falciparum,model6,11004,Ji-Paraná,RO,2013,2,122,315964,0.31649175222493703,1.0185044370115235,-0.7020126847865864,0,7.279310301173552,TRUE,121
P. falciparum,model6,11004,Ji-Paraná,RO,2013,3,123,315964,0.6329835044498741,1.1215576894528845,-0.4885741850030104,0,9.510577154359343,TRUE,121
P. falciparum,model6,11005,Alvorada D'Oeste,RO,2013,1,121,74999,1.3333511113481513,0.5374562067984019,0.7958949045497494,0,8.000106668088907,TRUE,121
P. falciparum,model6,11005,Alvorada D'Oeste,RO,2013,2,122,74999,1.3333511113481513,0.41394430325503917,0.9194068080931121,0,6.666755556740757,TRUE,121
P. falciparum,model6,11005,Alvorada D'Oeste,RO,2013,3,123,74999,1.3333511113481513,0.3917762897556375,0.9415748215925138,0,5.333404445392605,TRUE,121
P. falciparum,model6,11006,Cacoal,RO,2013,1,121,246464,0.4057387691508699,0.8478002844810949,-0.442061515330225,0,8.34807517527912,TRUE,121
P. falciparum,model6,11006,Cacoal,RO,2013,2,122,246464,0,0.6574262742086193,-0.6574262742086193,0,6.491820306413919,TRUE,121
P. falciparum,model6,11006,Cacoal,RO,2013,3,123,246464,0.8114775383017399,0.7059646205564589,0.10551291774528093,0,7.729323552324054,TRUE,121
P. falciparum,model6,11007,Vilhena,RO,2013,1,121,149595,0,0.41935867129949256,-0.41935867129949256,0,5.347772318593536,TRUE,121
P. falciparum,model6,11007,Vilhena,RO,2013,2,122,149595,0,0.30525148616064096,-0.30525148616064096,0,4.010829238945152,TRUE,121
P. falciparum,model6,11007,Vilhena,RO,2013,3,123,149595,0.668471539824192,0.34149838694228324,0.3269731528819088,0,3.693305257528646,TRUE,121
P. falciparum,model6,11008,Colorado do Oeste,RO,2013,1,121,55202,0,1.262075176524526,-1.262075176524526,0,16.303757110249627,TRUE,121
P. falciparum,model6,11008,Colorado do Oeste,RO,2013,2,122,55202,0,0.9838936310957103,-0.9838936310957103,0,12.6806999746386,TRUE,121
P. falciparum,model6,11008,Colorado do Oeste,RO,2013,3,123,55202,0,1.0884695625208114,-1.0884695625208114,0,13.631752472736455,TRUE,121
P. falciparum,model6,12001,Cruzeiro do Sul,AC,2013,1,121,138755,641.4183272674859,273.5273078153042,367.8910194521817,93.05970956001588,1915.4805232243875,TRUE,121
P. falciparum,model6,12001,Cruzeiro do Sul,AC,2013,2,122,138755,698.3532124968469,197.3501785139285,501.0030339829184,62.28604374617131,1377.4638751756645,TRUE,121
P. falciparum,model6,12001,Cruzeiro do Sul,AC,2013,3,123,138755,518.1795250621599,206.48729465592538,311.6922304062345,79.20435299628842,1565.7633959136608,TRUE,121
P. falciparum,model6,12002,Tarauacá,AC,2013,1,121,77129,6.482645956773717,4.039889363917258,2.442756592856459,0,32.41322978386858,TRUE,121
P. falciparum,model6,12002,Tarauacá,AC,2013,2,122,77129,9.075704339483204,3.045694449760267,6.030009889722937,0,27.227113018449607,TRUE,121
P. falciparum,model6,12002,Tarauacá,AC,2013,3,123,77129,5.186116765418974,2.9293465738847964,2.2567701915341773,0,24.63405463574012,TRUE,121
P. falciparum,model6,12003,Sena Madureira,AC,2013,1,121,54071,0,0.03214372679630855,-0.03214372679630855,0,1.8494202067651793,TRUE,121
P. falciparum,model6,12003,Sena Madureira,AC,2013,2,122,54071,0,0.029985929156323844,-0.029985929156323844,0,1.8494202067651793,TRUE,121
P. falciparum,model6,12003,Sena Madureira,AC,2013,3,123,54071,0,0.03186353838490705,-0.03186353838490705,0,1.8494202067651793,TRUE,121
P. falciparum,model6,12004,Rio Branco,AC,2013,1,121,444009,0.6756619798247333,0.40320267013626343,0.2724593096884699,0,3.6035305590652444,TRUE,121
P. falciparum,model6,12004,Rio Branco,AC,2013,2,122,444009,1.1261032997078888,0.29604469704648595,0.8300586026614029,0,2.7026479192989332,TRUE,121
P. falciparum,model6,12004,Rio Branco,AC,2013,3,123,444009,0.45044131988315556,0.32460787581978406,0.1258334440633715,0,3.49655074559299,TRUE,121
P. falciparum,model6,12005,Brasiléia,AC,2013,1,121,62499,0,0.037616364701875515,-0.037616364701875515,0,1.6000256004096065,TRUE,121
P. falciparum,model6,12005,Brasiléia,AC,2013,2,122,62499,0,0.022161655316928,-0.022161655316928,0,1.6000256004096065,TRUE,121
P. falciparum,model6,12005,Brasiléia,AC,2013,3,123,62499,0,0.07559301065489167,-0.07559301065489167,0,1.6000256004096065,TRUE,121
P. falciparum,model6,13001,Rio Negro,AM,2013,1,121,106390,42.297208384246645,18.242538921418554,24.05466946282809,3.759751856377479,136.97245981765184,TRUE,121
P. falciparum,model6,13001,Rio Negro,AM,2013,2,122,106390,46.05696024062412,14.564371108245368,31.492589132378754,1.3864084970391968,117.09277187705605,TRUE,121
P. falciparum,model6,13001,Rio Negro,AM,2013,3,123,106390,48.87677413290723,18.277382148845838,30.59939198406139,3.759751856377479,133.96465833255004,TRUE,121
P. falciparum,model6,13002,Japurá,AM,2013,1,121,24393,98.38888205632765,10.385468951200494,88.00341310512715,0,102.69339564629178,TRUE,121
P. falciparum,model6,13002,Japurá,AM,2013,2,122,24393,49.19444102816382,9.185151088660236,40.00928993950359,0,78.09617513220988,TRUE,121
P. falciparum,model6,13002,Japurá,AM,2013,3,123,24393,32.796294018775875,12.378210699681748,20.418083319094126,0,96.85155577419704,TRUE,121
P. falciparum,model6,13003,Alto Solimões,AM,2013,1,121,240175,48.298115957114604,26.556688254873354,21.74142770224125,8.941396898095139,195.91964192776084,TRUE,121
P. falciparum,model6,13003,Alto Solimões,AM,2013,2,122,240175,52.04538357447694,37.29777163729008,14.74761193718686,13.937753721244926,259.9250546476525,TRUE,121
P. falciparum,model6,13003,Alto Solimões,AM,2013,3,123,240175,72.03081086707608,49.772250238838,22.258560628238087,19.54824607057354,351.4312480482977,TRUE,121
P. falciparum,model6,13004,Juruá,AM,2013,1,121,139876,140.83902885412795,69.07918130550922,71.75984754861872,23.93191112127885,532.5609825845746,TRUE,121
P. falciparum,model6,13004,Juruá,AM,2013,2,122,139876,140.1241099259344,61.47417162582345,78.64993830011093,16.443135348451488,481.7659927364234,TRUE,121
P. falciparum,model6,13004,Juruá,AM,2013,3,123,139876,162.28659669993422,71.70725482052327,90.57934187941095,19.981984043009525,583.9993994681001,TRUE,121
P. falciparum,model6,13005,Tefé,AM,2013,1,121,90852,44.02764936380047,23.480463937604053,20.547185426196418,3.8249020384801673,181.61405362567692,TRUE,121
P. falciparum,model6,13005,Tefé,AM,2013,2,122,90852,16.510368511425174,20.05204607601782,-3.5416775645926464,3.302073702285035,160.7559547395764,TRUE,121
P. falciparum,model6,13005,Tefé,AM,2013,3,123,90852,27.51728085237529,26.227847944970026,1.2894329074052635,6.026284506670191,208.19574692907133,TRUE,121
P. falciparum,model6,13006,Coari,AM,2013,1,121,166344,1.2023277064396671,3.3236210439657254,-2.1212933375260583,0,29.457028807771845,TRUE,121
P. falciparum,model6,13006,Coari,AM,2013,2,122,166344,0,3.511268592955443,-3.511268592955443,0,27.052373394892513,TRUE,121
P. falciparum,model6,13006,Coari,AM,2013,3,123,166344,0,4.54421399037732,-4.54421399037732,0.6011638532198336,35.46866733997018,FALSE,121
P. falciparum,model6,13007,Manaus,AM,2013,1,121,2242712,2.0956770196084027,1.5614434287130265,0.5342335908953761,0.39907041118074915,15.278377250400382,TRUE,121
P. falciparum,model6,13007,Manaus,AM,2013,2,122,2242712,2.2294436378812796,1.1677379282652043,1.0617057096160754,0.22294436378812793,10.599889776306533,TRUE,121
P. falciparum,model6,13007,Manaus,AM,2013,3,123,2242712,1.203899564455891,1.2774463149385291,-0.07354675048263815,0.3567109820610047,12.328823317483455,TRUE,121
P. falciparum,model6,13008,Rio Preto da Eva,AM,2013,1,121,59977,0,1.9881085376889682,-1.9881085376889682,0,20.007669606682562,TRUE,121
P. falciparum,model6,13008,Rio Preto da Eva,AM,2013,2,122,59977,0,1.2200687579805125,-1.2200687579805125,0,15.005752205011921,TRUE,121
P. falciparum,model6,13008,Rio Preto da Eva,AM,2013,3,123,59977,0,1.1892572163876085,-1.1892572163876085,0,11.671140603898161,TRUE,121
P. falciparum,model6,13009,Itacoatiara,AM,2013,1,121,165918,0.602707361467713,0.31111848985395535,0.2915888716137576,0,3.013536807338565,TRUE,121
P. falciparum,model6,13009,Itacoatiara,AM,2013,2,122,165918,0,0.22666207387110016,-0.22666207387110016,0,2.410829445870852,TRUE,121
P. falciparum,model6,13009,Itacoatiara,AM,2013,3,123,165918,0,0.2094103776582768,-0.2094103776582768,0,2.410829445870852,TRUE,121
P. falciparum,model6,13010,Parintins,AM,2013,1,121,262719,6.090157164118317,1.88992567177989,4.2002314923384265,0,15.244424651433643,TRUE,121
P. falciparum,model6,13010,Parintins,AM,2013,2,122,262719,1.5225392910295792,1.4841340117149044,0.038405279314674745,0,12.960615714889274,TRUE,121
P. falciparum,model6,13010,Parintins,AM,2013,3,123,262719,1.1419044682721842,1.2438074616925805,-0.10190299342039633,0,11.799679505479238,TRUE,121
P. falciparum,model6,13011,Boca do Acre,AM,2013,1,121,51941,5.77578406268651,1.581924177452479,4.193859885234031,0,14.48759169057195,TRUE,121
P. falciparum,model6,13011,Boca do Acre,AM,2013,2,122,51941,19.252613542288366,1.164194803236092,18.088418739052273,0,13.476829479601856,FALSE,121
P. falciparum,model6,13011,Boca do Acre,AM,2013,3,123,51941,5.77578406268651,1.3726872730588258,4.403096789627684,0,13.476829479601856,TRUE,121
P. falciparum,model6,13012,Purus,AM,2013,1,121,74737,25.422481501799645,17.90044011568575,7.522041386113894,1.9735873797449743,139.92400016056294,TRUE,121
P. falciparum,model6,13012,Purus,AM,2013,2,122,74737,21.4084054751997,18.81205590125581,2.5963495739438898,0.635562037544993,146.5472256044529,TRUE,121
P. falciparum,model6,13012,Purus,AM,2013,3,123,74737,13.380253421999813,25.724171615783302,-12.34391819378349,6.690126710999906,185.41686179536234,TRUE,121
P. falciparum,model6,13013,Madeira,AM,2013,1,121,181887,4.948127133879826,4.5739972196982235,0.37412991418160235,0,38.82905320336246,TRUE,121
P. falciparum,model6,13013,Madeira,AM,2013,2,122,181887,2.1991676150577004,4.3018788652756115,-2.102711250217911,0,31.915420013524855,TRUE,121
P. falciparum,model6,13013,Madeira,AM,2013,3,123,181887,0.5497919037644251,5.451533387983489,-4.901741484219064,0.5497919037644251,41.83916387647271,TRUE,121
P. falciparum,model6,14001,Boa Vista,RR,2013,1,121,347279,64.2134998085113,21.322725358446068,42.89077445006524,6.896472288851328,160.17380837885304,TRUE,121
P. falciparum,model6,14001,Boa Vista,RR,2013,2,122,347279,42.32907834910835,15.67455045295388,26.65452789615447,4.031340795153176,117.08165480780566,TRUE,121
P. falciparum,model6,14001,Boa Vista,RR,2013,3,123,347279,49.23994828365665,16.16667019222155,33.0732780914351,5.5934853532750335,113.03591636695553,TRUE,121
P. falciparum,model6,14002,Nordeste de Roraima,RR,2013,1,121,45799,13.100722723203564,24.09345983891281,-10.992737115709247,2.1834537872005937,242.19961134522504,TRUE,121
P. falciparum,model6,14002,Nordeste de Roraima,RR,2013,2,122,45799,10.91726893600297,20.73959270180094,-9.822323765797972,0,203.27954758837507,TRUE,121
P. falciparum,model6,14002,Nordeste de Roraima,RR,2013,3,123,45799,4.366907574401187,19.62069235843781,-15.253784784036624,2.1834537872005937,184.6656040524901,TRUE,121
P. falciparum,model6,14003,Caracaraí,RR,2013,1,121,45348,44.10337831877922,21.755258072121617,22.348120246657604,0,173.16088912410686,TRUE,121
P. falciparum,model6,14003,Caracaraí,RR,2013,2,122,45348,17.64135132751169,18.32637289379175,-0.6850215662800601,2.205168915938961,151.10919996471725,TRUE,121
P. falciparum,model6,14003,Caracaraí,RR,2013,3,123,45348,28.667195907206494,21.06827952579309,7.598916381413403,0,201.82808503131338,TRUE,121
P. falciparum,model6,14004,Sudeste de Roraima,RR,2013,1,121,49646,36.25669741771744,19.374557858011205,16.882139559706236,0.9567739596342131,159.227329492809,TRUE,121
P. falciparum,model6,14004,Sudeste de Roraima,RR,2013,2,122,49646,24.171131611811624,14.247083668500094,9.92404794331153,0,110.98577931756822,TRUE,121
P. falciparum,model6,14004,Sudeste de Roraima,RR,2013,3,123,49646,34.24243645006647,13.339710807721334,20.90272564234514,0,119.14353623655454,TRUE,121
P. falciparum,model6,15001,Óbidos,PA,2013,1,121,193769,2.580392116386006,1.4502725308674655,1.1301195855185404,0,11.624666484318945,TRUE,121
P. falciparum,model6,15001,Óbidos,PA,2013,2,122,193769,1.0321568465544024,0.9783367336094154,0.05382011294498701,0,8.77333319571242,TRUE,121
P. falciparum,model6,15001,Óbidos,PA,2013,3,123,193769,2.580392116386006,1.047515725018502,1.5328763913675039,0,10.592509637764543,TRUE,121
P. falciparum,model6,15002,Santarém,PA,2013,1,121,499965,7.6005320372426075,2.577468400827154,5.023063636415454,0.2000140009800686,23.906673467142696,TRUE,121
P. falciparum,model6,15002,Santarém,PA,2013,2,122,499965,5.200364025481783,2.3092138177441055,2.891150207737678,0.2000140009800686,17.30621143480043,TRUE,121
P. falciparum,model6,15002,Santarém,PA,2013,3,123,499965,2.8001960137209605,2.395483014603472,0.4047129991174887,0.2000140009800686,20.716450151510593,TRUE,121
P. falciparum,model6,15003,Almeirim,PA,2013,1,121,70403,4.261182051901198,3.435357254025294,0.8258247978759039,0,32.74008209877414,TRUE,121
P. falciparum,model6,15003,Almeirim,PA,2013,2,122,70403,0,2.8491474941270005,-2.8491474941270005,0,34.231495816939486,TRUE,121
P. falciparum,model6,15003,Almeirim,PA,2013,3,123,70403,1.4203940173003993,2.4786414005154827,-1.0582473832150834,0,28.478900046872937,TRUE,121
P. falciparum,model6,15004,Portel,PA,2013,1,121,139347,4.305797756679369,4.3985752495825015,-0.09277749290313242,0,38.178073442556936,TRUE,121
P. falciparum,model6,15004,Portel,PA,2013,2,122,139347,2.870531837786246,5.189543887965273,-2.3190120501790275,0,45.21087644513337,TRUE,121
P. falciparum,model6,15004,Portel,PA,2013,3,123,139347,11.482127351144984,6.65449679279761,4.827630558347374,0.7176329594465615,52.11809367980645,TRUE,121
P. falciparum,model6,15005,Furos de Breves,PA,2013,1,121,214867,57.71011835228304,110.89177729603962,-53.18165894375658,40.93229765389753,765.9738349769857,TRUE,121
P. falciparum,model6,15005,Furos de Breves,PA,2013,2,122,214867,37.23233442082777,111.72238456004465,-74.49005013921688,34.416639130252676,807.7438601553506,TRUE,121
P. falciparum,model6,15005,Furos de Breves,PA,2013,3,123,214867,18.150763030153538,115.2327555433845,-97.08199251323096,40.83921681784547,866.6640293763112,FALSE,121
P. falciparum,model6,15006,Arari,PA,2013,1,121,162836,1.2282296298115896,9.842417984162628,-8.614188354351038,1.8423444447173845,76.47264732614408,FALSE,121
P. falciparum,model6,15006,Arari,PA,2013,2,122,162836,2.456459259623179,15.855862725024734,-13.399403465401555,1.8423444447173845,112.44442260925098,TRUE,121
P. falciparum,model6,15006,Arari,PA,2013,3,123,162836,1.8423444447173845,20.809202444023025,-18.966857999305642,3.362278611609227,143.11945761379545,FALSE,121
P. falciparum,model6,15007,Belém,PA,2013,1,121,2222335,0.2699862981953666,0.19650769180230354,0.07347860639306308,0,2.0721448386494363,TRUE,121
P. falciparum,model6,15007,Belém,PA,2013,2,122,2222335,0.3599817309271554,0.181259039441449,0.1787226914857064,0,1.7357869088143745,TRUE,121
P. falciparum,model6,15007,Belém,PA,2013,3,123,2222335,0.1349931490976833,0.16775823220820052,-0.03276508311051721,0,1.622167674990492,TRUE,121
P. falciparum,model6,15008,Castanhal,PA,2013,1,121,314158,0,0.09815024041995427,-0.09815024041995427,0,1.273244673062599,TRUE,121
P. falciparum,model6,15008,Castanhal,PA,2013,2,122,314158,0,0.07010465548384043,-0.07010465548384043,0,1.273244673062599,TRUE,121
P. falciparum,model6,15008,Castanhal,PA,2013,3,123,314158,0,0.053955601494450875,-0.053955601494450875,0,0.9549335047969493,TRUE,121
P. falciparum,model6,15009,Salgado,PA,2013,1,121,256020,0.7811889696117491,1.1640957014963216,-0.38290673188457247,0,9.1887352550581909,TRUE,121
P. falciparum,model6,15009,Salgado,PA,2013,2,122,256020,0,0.8814922139193841,-0.8814922139193841,0,7.831419420357767,TRUE,121
P. falciparum,model6,15009,Salgado,PA,2013,3,123,256020,0,0.6433258877073063,-0.6433258877073063,0,5.673384891805319,TRUE,121
P. falciparum,model6,15010,Bragantina,PA,2013,1,121,397869,1.0053560342725871,0.1313313494626587,0.8740246848099285,0,1.7593730599770276,TRUE,121
P. falciparum,model6,15010,Bragantina,PA,2013,2,122,397869,0,0.11864401685637178,-0.11864401685637178,0,1.7593730599770276,TRUE,121
P. falciparum,model6,15010,Bragantina,PA,2013,3,123,397869,0,0.12413385023788268,-0.12413385023788268,0,1.7593730599770276,TRUE,121
P. falciparum,model6,15011,Cametá,PA,2013,1,121,460628,3.47351876134321,4.987054044920911,-1.513535283577701,1.085474612919753,36.36882690587632,TRUE,121
P. falciparum,model6,15011,Cametá,PA,2013,2,122,460628,0.43418984516790127,5.023461043571268,-4.589271198403367,1.085474612919753,36.9061368392716,FALSE,121
P. falciparum,model6,15011,Cametá,PA,2013,3,123,460628,0.21709492258395063,4.699451043566225,-4.482356120982274,1.085474612919753,34.127321830197,FALSE,121
P. falciparum,model6,15012,Tomé-Açu,PA,2013,1,121,308695,1.6197217318064756,4.6133118098987556,-2.99359007809228,0.6478886927225902,35.54479340449304,TRUE,121
P. falciparum,model6,15012,Tomé-Açu,PA,2013,2,122,308695,0,3.1606268001937803,-3.1606268001937803,0,23.032443026288057,TRUE,121
P. falciparum,model6,15012,Tomé-Açu,PA,2013,3,123,308695,0,2.977227353636928,-2.977227353636928,0.4778179108829107,25.794068579018088,FALSE,121
P. falciparum,model6,15013,Guamá,PA,2013,1,121,450804,0,1.4411716259744605,-1.4411716259744605,0,17.30241967684404,TRUE,121
P. falciparum,model6,15013,Guamá,PA,2013,2,122,450804,0.2218258932928723,1.4767772199184577,-1.2549513266255854,0,16.121196795059458,TRUE,121
P. falciparum,model6,15013,Guamá,PA,2013,3,123,450804,0.8873035731714892,1.5206139891501629,-0.6333104159786737,0,18.00117124071656,TRUE,121
P. falciparum,model6,15014,Itaituba,PA,2013,1,121,212956,252.63434700125848,174.92527052484678,77.7090764764117,64.21514303424183,1353.7773061101811,TRUE,121
P. falciparum,model6,15014,Itaituba,PA,2013,2,122,212956,199.57174251958148,153.56361681130485,46.00812570827662,63.56946974961964,1119.4918199064575,TRUE,121
P. falciparum,model6,15014,Itaituba,PA,2013,3,123,212956,132.42172091887525,146.91478983624407,-14.493068917368817,57.51188038843705,1110.6167471214699,TRUE,121
P. falciparum,model6,15015,Altamira,PA,2013,1,121,287193,24.025655221401635,12.40582367429051,11.619831547111126,2.2545814138924003,92.27244396625267,TRUE,121
P. falciparum,model6,15015,Altamira,PA,2013,2,122,287193,9.401343347504987,10.17283135918607,-0.7714880116810825,2.2545814138924003,80.32055098835968,TRUE,121
P. falciparum,model6,15015,Altamira,PA,2013,3,123,287193,4.178374821113327,8.06439057848193,-3.886015757368603,1.1925778135260972,71.99862113630896,TRUE,121
P. falciparum,model6,15016,Tucuruí,PA,2013,1,121,350813,12.257242462508517,7.59577909957732,4.661463362931197,1.2756083725517589,58.17914387437179,TRUE,121
P. falciparum,model6,15016,Tucuruí,PA,2013,2,122,350813,5.98609515610881,6.1890573814914,-0.20296222538259023,0.990556222260863,45.47294427515513,TRUE,121
P. falciparum,model6,15016,Tucuruí,PA,2013,3,123,350813,1.7103129017453742,4.4660676387785845,-2.75575473703321,0.5701043005817915,34.384415628839264,TRUE,121
P. falciparum,model6,15017,Paragominas,PA,2013,1,121,316737,1.5785967537736356,4.373694770507928,-2.7950980167342925,0.3157193507547271,36.48926396347757,TRUE,121
P. falciparum,model6,15017,Paragominas,PA,2013,2,122,316737,0.6314387015094542,4.017975238079206,-3.3865365365697517,0.3157193507547271,33.79775649829352,TRUE,121
P. falciparum,model6,15017,Paragominas,PA,2013,3,123,316737,0,3.3949274154214573,-3.3949274154214573,0,26.6861781225433,TRUE,121
P. falciparum,model6,15018,São Félix do Xingu,PA,2013,1,121,187552,0,0.3106994782299117,-0.3106994782299117,0,4.798669169083774,TRUE,121
P. falciparum,model6,15018,São Félix do Xingu,PA,2013,2,122,187552,0.5331854632315305,0.2676841936302278,0.2655012696013027,0,5.078591537280316,TRUE,121
P. falciparum,model6,15018,São Félix do Xingu,PA,2013,3,123,187552,0,0.2521193792025066,-0.2521193792025066,0,3.732298242620713,TRUE,121
P. falciparum,model6,15019,Parauapebas,PA,2013,1,121,283946,0.35217963979066447,0.10054038235043543,0.251639257440229,0,1.4087185591626579,TRUE,121
P. falciparum,model6,15019,Parauapebas,PA,2013,2,122,283946,0,0.08873657155953968,-0.08873657155953968,0,1.7608981989533221,TRUE,121
P. falciparum,model6,15019,Parauapebas,PA,2013,3,123,283946,0,0.08096393707791096,-0.08096393707791096,0,1.0565389193719932,TRUE,121
P. falciparum,model6,15020,Marabá,PA,2013,1,121,304066,0.65775193543507,1.2401732570788693,-0.5824213216437992,0,10.52403096696112,TRUE,121
P. falciparum,model6,15020,Marabá,PA,2013,2,122,304066,0.65775193543507,1.0875308813061624,-0.42977894587109233,0,10.195154999243586,TRUE,121
P. falciparum,model6,15020,Marabá,PA,2013,3,123,304066,0.65775193543507,0.9312406507920314,-0.2734887153569614,0,9.38118697914268,TRUE,121
P. falciparum,model6,15021,Redenção,PA,2013,1,121,187783,0,0.16932280472029182,-0.16932280472029182,0,2.6626478435215115,TRUE,121
P. falciparum,model6,15021,Redenção,PA,2013,2,122,187783,0,0.18875190174726567,-0.18875190174726567,0,2.6626478435215115,TRUE,121
P. falciparum,model6,15021,Redenção,PA,2013,3,123,187783,0,0.2158704431985611,-0.2158704431985611,0,2.942225867091258,TRUE,121
P. falciparum,model6,15022,Conceição do Araguaia,PA,2013,1,121,146912,2.7227183620126336,0.09799927884235182,2.624719083170282,0,1.3613591810063168,FALSE,121
P. falciparum,model6,15022,Conceição do Araguaia,PA,2013,2,122,146912,0,0.11320864624135932,-0.11320864624135932,0,2.399395556523618,TRUE,121
P. falciparum,model6,15022,Conceição do Araguaia,PA,2013,3,123,146912,0,0.11686647750000632,-0.11686647750000632,0,2.7227183620126336,TRUE,121
P. falciparum,model6,16001,Oiapoque,AP,2013,1,121,32779,936.5752463467463,243.934122733519,692.6411236132274,67.1161414320144,1863.2356081637613,TRUE,121
P. falciparum,model6,16001,Oiapoque,AP,2013,2,122,32779,567.4364684706671,155.13497624459407,412.30149222607304,35.00716922419842,1396.5496201836534,TRUE,121
P. falciparum,model6,16001,Oiapoque,AP,2013,3,123,32779,366.088044174624,177.58132505505793,188.50671911956604,42.710271820372796,1673.174898563103,TRUE,121
P. falciparum,model6,16002,Amapá,AP,2013,1,121,27052,29.572674848440037,51.42837010148033,-21.855695253040295,7.393168712110009,575.8354280644676,TRUE,121
P. falciparum,model6,16002,Amapá,AP,2013,2,122,27052,29.572674848440037,42.97884841626685,-13.406173567826812,3.6965843560550047,429.35827295578827,TRUE,121
P. falciparum,model6,16002,Amapá,AP,2013,3,123,27052,14.786337424220019,31.897084301291454,-17.110746877071435,0,273.54724234807037,TRUE,121
P. falciparum,model6,16003,Macapá,AP,2013,1,121,598870,28.553776278658137,19.49609105404422,9.057685224613916,6.7585619583549015,144.26753719505058,TRUE,121
P. falciparum,model6,16003,Macapá,AP,2013,2,122,598870,29.22170086997178,18.863182217153263,10.358518652818518,5.502028820946116,136.43194683320252,TRUE,121
P. falciparum,model6,16003,Macapá,AP,2013,3,123,598870,15.863209043698966,14.120600218007839,1.7426088256911267,5.677359026165946,112.22802945547446,TRUE,121
P. falciparum,model6,16004,Mazagão,AP,2013,1,121,76295,74.71000720886035,37.679484590334454,37.03052261852589,13.729602201979162,286.552198702405,TRUE,121
P. falciparum,model6,16004,Mazagão,AP,2013,2,122,76295,82.57421849400353,34.26526714339243,48.3089513506111,11.108198440264765,239.4324660855886,TRUE,121
P. falciparum,model6,16004,Mazagão,AP,2013,3,123,76295,51.11737335343076,34.12283845022551,16.99453490320525,11.108198440264765,241.62789173602422,TRUE,121
P. falciparum,model6,17001,Bico do Papagaio,TO,2013,1,121,207214,0,0.08684634418390078,-0.08684634418390078,0,1.4477786249963807,TRUE,121
P. falciparum,model6,17001,Bico do Papagaio,TO,2013,2,122,207214,0.4825928749987935,0.07853612315585774,0.40405675184293577,0,1.4477786249963807,TRUE,121
P. falciparum,model6,17001,Bico do Papagaio,TO,2013,3,123,207214,0,0.07670288121881838,-0.07670288121881838,0,1.4477786249963807,TRUE,121
P. falciparum,model6,17002,Araguaína,TO,2013,1,121,298783,0,0.015203742879562238,-0.015203742879562238,0,0.33469106341391575,TRUE,121
P. falciparum,model6,17002,Araguaína,TO,2013,2,122,298783,0,0.013565612780669024,-0.013565612780669024,0,0.33469106341391575,TRUE,121
P. falciparum,model6,17002,Araguaína,TO,2013,3,123,298783,0,0.01222804669158792,-0.01222804669158792,0,0.33469106341391575,TRUE,121
P. falciparum,model6,17003,Miracema do Tocantins,TO,2013,1,121,147591,0,0.011775571232243539,-0.011775571232243539,0,0.677548088975615,TRUE,121
P. falciparum,model6,17003,Miracema do Tocantins,TO,2013,2,122,147591,0,0.012744329896007038,-0.012744329896007038,0,0.677548088975615,TRUE,121
P. falciparum,model6,17003,Miracema do Tocantins,TO,2013,3,123,147591,0,0.012983641500490604,-0.012983641500490604,0,0.677548088975615,TRUE,121
P. falciparum,model6,17004,Rio Formoso,TO,2013,1,121,122527,0,0.027088978757419394,-0.027088978757419394,0,0.8161466452292148,TRUE,121
P. falciparum,model6,17004,Rio Formoso,TO,2013,2,122,122527,0,0.022893746796919193,-0.022893746796919193,0,0.8161466452292148,TRUE,121
P. falciparum,model6,17004,Rio Formoso,TO,2013,3,123,122527,0,0.02252278027673352,-0.02252278027673352,0,0.8161466452292148,TRUE,121
P. falciparum,model6,17005,Gurupi,TO,2013,1,121,144769,0,0.003393664133066816,-0.003393664133066816,0,0.6907556175700599,TRUE,121
P. falciparum,model6,17005,Gurupi,TO,2013,2,122,144769,0,0.002829954283912507,-0.002829954283912507,0,0.36264669922426573,TRUE,121
P. falciparum,model6,17005,Gurupi,TO,2013,3,123,144769,0,0.0023166383993224494,-0.0023166383993224494,0,0,TRUE,121
P. falciparum,model6,17006,Porto Nacional,TO,2013,1,121,358276,0.27911442574998047,0.04311789171407593,0.23599653403590454,0,0.7047639250186943,TRUE,121
P. falciparum,model6,17006,Porto Nacional,TO,2013,2,122,358276,0,0.03831929670634302,-0.03831929670634302,0,0.5582288514999609,TRUE,121
P. falciparum,model6,17006,Porto Nacional,TO,2013,3,123,358276,0,0.031008801349047845,-0.031008801349047845,0,0.5582288514999609,TRUE,121
P. falciparum,model6,17007,Jalapão,TO,2013,1,121,76288,0,3.2617716389125894e-4,-3.2617716389125894e-4,0,0,TRUE,121
P. falciparum,model6,17007,Jalapão,TO,2013,2,122,76288,0,3.0830101106773557e-4,-3.0830101106773557e-4,0,0,TRUE,121
P. falciparum,model6,17007,Jalapão,TO,2013,3,123,76288,0,2.7059500729929614e-4,-2.7059500729929614e-4,0,0,TRUE,121
P. falciparum,model6,17008,Dianópolis,TO,2013,1,121,122716,0,8.068343187326394e-5,-8.068343187326394e-5,0,0,TRUE,121
P. falciparum,model6,17008,Dianópolis,TO,2013,2,122,122716,0,7.441333993839543e-5,-7.441333993839543e-5,0,0,TRUE,121
P. falciparum,model6,17008,Dianópolis,TO,2013,3,123,122716,0,6.548908573680257e-5,-6.548908573680257e-5,0,0,TRUE,121
P. falciparum,model6,21001,Litoral Ocidental Maranhense,MA,2013,1,121,186262,0,0.020153732675288853,-0.020153732675288853,0,0.5368781608701721,TRUE,121
P. falciparum,model6,21001,Litoral Ocidental Maranhense,MA,2013,2,122,186262,0,0.017646384621364534,-0.017646384621364534,0,0.5368781608701721,TRUE,121
P. falciparum,model6,21001,Litoral Ocidental Maranhense,MA,2013,3,123,186262,0,0.01827635447349222,-0.01827635447349222,0,0.5368781608701721,TRUE,121
P. falciparum,model6,21002,Aglomeração Urbana de São Luís,MA,2013,1,121,1366266,0.07319218951507248,0.029162561275176597,0.04402962823989588,0,0.36596094757536235,TRUE,121
P. falciparum,model6,21002,Aglomeração Urbana de São Luís,MA,2013,2,122,1366266,0.14638437903014495,0.025466062768114334,0.12091831626203062,0,0.36596094757536235,TRUE,121
P. falciparum,model6,21002,Aglomeração Urbana de São Luís,MA,2013,3,123,1366266,0.07319218951507248,0.02441016274761023,0.048782026767462246,0,0.4391531370904348,TRUE,121
P. falciparum,model6,21003,Rosário,MA,2013,1,121,168740,0,0.01818613961909708,-0.01818613961909708,0,0.592627711271779,TRUE,121
P. falciparum,model6,21003,Rosário,MA,2013,2,122,168740,0,0.01244938101245976,-0.01244938101245976,0,0.592627711271779,TRUE,121
P. falciparum,model6,21003,Rosário,MA,2013,3,123,168740,0,0.01121206756965254,-0.01121206756965254,0,0.592627711271779,TRUE,121
P. falciparum,model6,21004,Lençóis Maranhenses,MA,2013,1,121,186318,0,0.019407033668566998,-0.019407033668566998,0,0.5367167960154146,TRUE,121
P. falciparum,model6,21004,Lençóis Maranhenses,MA,2013,2,122,186318,0,0.013770092402422872,-0.013770092402422872,0,0.5367167960154146,TRUE,121
P. falciparum,model6,21004,Lençóis Maranhenses,MA,2013,3,123,186318,0,0.011714718574605569,-0.011714718574605569,0,0.5367167960154146,TRUE,121
P. falciparum,model6,21005,Baixada Maranhense,MA,2013,1,121,581920,3.436898542755018,0.3917429557392682,3.04515558701575,0,4.304715424800652,TRUE,121
P. falciparum,model6,21005,Baixada Maranhense,MA,2013,2,122,581920,2.2339840527907615,0.3322323290937157,1.9017517236970458,0,3.0932086884795162,TRUE,121
P. falciparum,model6,21005,Baixada Maranhense,MA,2013,3,123,581920,1.0310695628265054,0.33644870628539997,0.6946208565411054,0,3.3552722023645822,TRUE,121
P. falciparum,model6,21006,Itapecuru Mirim,MA,2013,1,121,223241,0,0.05238966035514192,-0.05238966035514192,0,1.1310646341845705,TRUE,121
P. falciparum,model6,21006,Itapecuru Mirim,MA,2013,2,122,223241,0,0.05123768961769049,-0.05123768961769049,0,1.3438391693282148,TRUE,121
P. falciparum,model6,21006,Itapecuru Mirim,MA,2013,3,123,223241,0,0.06168675722924295,-0.06168675722924295,0,1.3438391693282148,TRUE,121
P. falciparum,model6,21007,Gurupi,MA,2013,1,121,230990,4.32919173990216,0.570482627192648,3.7587091127095116,0,5.195030087882593,TRUE,121
P. falciparum,model6,21007,Gurupi,MA,2013,2,122,230990,1.2987575219706482,0.6130109208175651,0.6857466011530831,0,5.422312654227446,TRUE,121
P. falciparum,model6,21007,Gurupi,MA,2013,3,123,230990,1.731676695960864,0.7480718929249809,0.9836048030358832,0,6.926706783843456,TRUE,121
P. falciparum,model6,21008,Pindaré,MA,2013,1,121,642579,4.6686866517579935,1.007132811538777,3.6615538402192165,0,7.6333026756243125,TRUE,121
P. falciparum,model6,21008,Pindaré,MA,2013,2,122,642579,3.423703544622529,0.9396269341761536,2.484076610446375,0,6.617863328866953,TRUE,121
P. falciparum,model6,21008,Pindaré,MA,2013,3,123,642579,2.8012119910547963,0.9483516703695016,1.8528603206852947,0.07392087198616847,6.92910910565082,TRUE,121
P. falciparum,model6,21009,Imperatriz,MA,2013,1,121,580283,1.0339782485442448,0.29019337114193444,0.7437848774023104,0,2.8477484261989368,TRUE,121
P. falciparum,model6,21009,Imperatriz,MA,2013,2,122,580283,0.5169891242721224,0.2494707397156212,0.26751838455650123,0,2.5935621067651393,TRUE,121
P. falciparum,model6,21009,Imperatriz,MA,2013,3,123,580283,0.34465941618141493,0.22221833668816643,0.1224410794932485,0,2.0679564970884896,TRUE,121
P. falciparum,model6,21010,Médio Mearim,MA,2013,1,121,415203,1.2042302199165227,0.18926453902561363,1.014965680890909,0,2.167614395849741,TRUE,121
P. falciparum,model6,21010,Médio Mearim,MA,2013,2,122,415203,0.7225381319499136,0.21295993303415175,0.5095781989157618,0,2.167614395849741,TRUE,121
P. falciparum,model6,21010,Médio Mearim,MA,2013,3,123,415203,0.24084604398330456,0.29465602062905744,-0.05380997664575288,0,2.8901525277996543,TRUE,121
P. falciparum,model6,21011,Alto Mearim e Grajaú,MA,2013,1,121,320723,1.8707732217521038,0.6598557958014502,1.2109174259506537,0,6.23591073917368,TRUE,121
P. falciparum,model6,21011,Alto Mearim e Grajaú,MA,2013,2,122,320723,1.8707732217521038,0.571991024833757,1.2987821969183468,0,4.840625711283561,TRUE,121
P. falciparum,model6,21011,Alto Mearim e Grajaú,MA,2013,3,123,320723,0.9353866108760519,0.5312433808020185,0.4041432300740334,0,4.840625711283561,TRUE,121
P. falciparum,model6,21012,Presidente Dutra,MA,2013,1,121,194017,0,0.14025617979643665,-0.14025617979643665,0,2.061675007860136,TRUE,121
P. falciparum,model6,21012,Presidente Dutra,MA,2013,2,122,194017,0,0.15037423655098184,-0.15037423655098184,0,2.061675007860136,TRUE,121
P. falciparum,model6,21012,Presidente Dutra,MA,2013,3,123,194017,1.030837503930068,0.19666731301231757,0.8341701909177504,0,2.57709375982517,TRUE,121
P. falciparum,model6,21013,Baixo Parnaíba Maranhense,MA,2013,1,121,139621,2.148673910085159,0.10985269702476601,2.038821213060393,0,2.148673910085159,TRUE,121
P. falciparum,model6,21013,Baixo Parnaíba Maranhense,MA,2013,2,122,139621,0,0.08337005305317934,-0.08337005305317934,0,1.8084672076549926,TRUE,121
P. falciparum,model6,21013,Baixo Parnaíba Maranhense,MA,2013,3,123,139621,0,0.07496017761688246,-0.07496017761688246,0,1.4324492733901062,TRUE,121
P. falciparum,model6,21014,Chapadinha,MA,2013,1,121,234229,0,0.04301137664933249,-0.04301137664933249,0,0.8538652344500467,TRUE,121
P. falciparum,model6,21014,Chapadinha,MA,2013,2,122,234229,0,0.036308137495242435,-0.036308137495242435,0,0.8538652344500467,TRUE,121
P. falciparum,model6,21014,Chapadinha,MA,2013,3,123,234229,0,0.034162128612596904,-0.034162128612596904,0,0.8538652344500467,TRUE,121
P. falciparum,model6,21015,Codó,MA,2013,1,121,269763,0,0.12350036463005952,-0.12350036463005952,0,2.0480940677557626,TRUE,121
P. falciparum,model6,21015,Codó,MA,2013,2,122,269763,0,0.11101162702484556,-0.11101162702484556,0,1.853478794349114,TRUE,121
P. falciparum,model6,21015,Codó,MA,2013,3,123,269763,0.37069575886982276,0.11179947136887251,0.25889628750095023,0,1.853478794349114,TRUE,121
P. falciparum,model6,21016,Coelho Neto,MA,2013,1,121,90137,0,0.006854926400346008,-0.006854926400346008,0,1.1094223237959995,TRUE,121
P. falciparum,model6,21016,Coelho Neto,MA,2013,2,122,90137,0,0.00520531475148886,-0.00520531475148886,0,1.1094223237959995,TRUE,121
P. falciparum,model6,21016,Coelho Neto,MA,2013,3,123,90137,0,0.0043117551339322685,-0.0043117551339322685,0,0,TRUE,121
P. falciparum,model6,21017,Caxias,MA,2013,1,121,428592,0.4666442677418151,0.029399002253840963,0.43724526548797416,0,0.4666442677418151,TRUE,121
P. falciparum,model6,21017,Caxias,MA,2013,2,122,428592,0,0.03528901609027856,-0.03528901609027856,0,0.5891383880240363,TRUE,121
P. falciparum,model6,21017,Caxias,MA,2013,3,123,428592,0,0.045725012302299466,-0.045725012302299466,0,0.6999664016127226,TRUE,121
P. falciparum,model6,21018,Chapadas do Alto Itapecuru,MA,2013,1,121,214158,0.466944965866323,0.02485612177074422,0.4420888440955788,0,0.466944965866323,TRUE,121
P. falciparum,model6,21018,Chapadas do Alto Itapecuru,MA,2013,2,122,214158,0.933889931732646,0.030665343867955504,0.9032245878646905,0,0.466944965866323,FALSE,121
P. falciparum,model6,21018,Chapadas do Alto Itapecuru,MA,2013,3,123,214158,0,0.039815158920005,-0.039815158920005,0,0.933889931732646,TRUE,121
P. falciparum,model6,21019,Porto Franco,MA,2013,1,121,114767,0,0.0969292835225629,-0.0969292835225629,0,1.742661217945925,TRUE,121
P. falciparum,model6,21019,Porto Franco,MA,2013,2,122,114767,0.8713306089729626,0.06397817543931843,0.8073524335336442,0,0.8713306089729626,TRUE,121
P. falciparum,model6,21019,Porto Franco,MA,2013,3,123,114767,0,0.04580192355801155,-0.04580192355801155,0,0.8713306089729626,TRUE,121
P. falciparum,model6,21020,Gerais de Balsas,MA,2013,1,121,136434,0,0.0023094516818195176,-0.0023094516818195176,0,0,TRUE,121
P. falciparum,model6,21020,Gerais de Balsas,MA,2013,2,122,136434,0,0.0024123896788143906,-0.0024123896788143906,0,0.732955128487034,TRUE,121
P. falciparum,model6,21020,Gerais de Balsas,MA,2013,3,123,136434,0,0.002212195246402545,-0.002212195246402545,0,0.3848014424556762,TRUE,121
P. falciparum,model6,21021,Chapadas das Mangabeiras,MA,2013,1,121,70058,0,8.432588104365331e-4,-8.432588104365331e-4,0,0,TRUE,121
P. falciparum,model6,21021,Chapadas das Mangabeiras,MA,2013,2,122,70058,0,7.257504692480071e-4,-7.257504692480071e-4,0,0,TRUE,121
P. falciparum,model6,21021,Chapadas das Mangabeiras,MA,2013,3,123,70058,0,6.66790206585044e-4,-6.66790206585044e-4,0,0,TRUE,121
P. falciparum,model6,51001,Aripuanã,MT,2013,1,121,148922,2.6859698365587357,1.5562969256089123,1.1296729109498234,0,13.429849182793678,TRUE,121
P. falciparum,model6,51001,Aripuanã,MT,2013,2,122,148922,0,1.2325773762887562,-1.2325773762887562,0,12.439397805562628,TRUE,121
P. falciparum,model6,51001,Aripuanã,MT,2013,3,123,148922,4.028954754838103,1.234541414393746,2.7944133404443567,0,10.424920428143576,TRUE,121
P. falciparum,model6,51002,Alta Floresta,MT,2013,1,121,101672,3.934219844204894,1.2613177066779586,2.6729021375269353,0,13.769769454717128,TRUE,121
P. falciparum,model6,51002,Alta Floresta,MT,2013,2,122,101672,2.950664883153671,0.85385275741654,2.096812125737131,0,11.802659532614683,TRUE,121
P. falciparum,model6,51002,Alta Floresta,MT,2013,3,123,101672,0,0.7263501543268893,-0.7263501543268893,0,10.351915965064105,TRUE,121
P. falciparum,model6,51003,Colíder,MT,2013,1,121,147540,0.67778229632642,2.9309329629374563,-2.2531506666110364,0,25.78961637522025,TRUE,121
P. falciparum,model6,51003,Colíder,MT,2013,2,122,147540,1.35556459265284,2.3131593061425937,-0.9575947134897538,0,20.3334688897926,TRUE,121
P. falciparum,model6,51003,Colíder,MT,2013,3,123,147540,2.71112918530568,1.949055219785771,0.7620739655199089,0,21.400976006506664,TRUE,121
P. falciparum,model6,51004,Parecis,MT,2013,1,121,96914,0,0.17753249022095852,-0.17753249022095852,0,3.0955279938914915,TRUE,121
P. falciparum,model6,51004,Parecis,MT,2013,2,122,96914,0,0.2263584723001243,-0.2263584723001243,0,3.637245392822479,TRUE,121
P. falciparum,model6,51004,Parecis,MT,2013,3,123,96914,0,0.3656861206965188,-0.3656861206965188,0,5.1592133231524855,TRUE,121
P. falciparum,model6,51005,Arinos,MT,2013,1,121,77897,0,0.12695071675401987,-0.12695071675401987,0,2.5674929714879906,TRUE,121
P. falciparum,model6,51005,Arinos,MT,2013,2,122,77897,0,0.08962396848901329,-0.08962396848901329,0,1.2837464857439953,TRUE,121
P. falciparum,model6,51005,Arinos,MT,2013,3,123,77897,0,0.08826232594064878,-0.08826232594064878,0,2.5674929714879906,TRUE,121
P. falciparum,model6,51006,Alto Teles Pires,MT,2013,1,121,216083,0,0.22930466813902795,-0.22930466813902795,0,2.7767108009422303,TRUE,121
P. falciparum,model6,51006,Alto Teles Pires,MT,2013,2,122,216083,0,0.14076703100354115,-0.14076703100354115,0,2.7767108009422303,TRUE,121
P. falciparum,model6,51006,Alto Teles Pires,MT,2013,3,123,216083,0,0.0832229805848046,-0.0832229805848046,0,1.3883554004711152,TRUE,121
P. falciparum,model6,51007,Sinop,MT,2013,1,121,184603,0,0.25023446198599414,-0.25023446198599414,0,3.250218035459879,TRUE,121
P. falciparum,model6,51007,Sinop,MT,2013,2,122,184603,0,0.20972559529057247,-0.20972559529057247,0,2.166812023639919,TRUE,121
P. falciparum,model6,51007,Sinop,MT,2013,3,123,184603,0,0.20195635378154203,-0.20195635378154203,0,2.166812023639919,TRUE,121
P. falciparum,model6,51008,Paranatinga,MT,2013,1,121,34079,0,0.003295204364973078,-0.003295204364973078,0,0,TRUE,121
P. falciparum,model6,51008,Paranatinga,MT,2013,2,122,34079,0,0.00308048085545932,-0.00308048085545932,0,0,TRUE,121
P. falciparum,model6,51008,Paranatinga,MT,2013,3,123,34079,0,0.002942666500609401,-0.002942666500609401,0,0,TRUE,121
P. falciparum,model6,51009,Norte Araguaia,MT,2013,1,121,119054,0,0.003425102936373171,-0.003425102936373171,0,0,TRUE,121
P. falciparum,model6,51009,Norte Araguaia,MT,2013,2,122,119054,0,0.0030997145866490344,-0.0030997145866490344,0,0,TRUE,121
P. falciparum,model6,51009,Norte Araguaia,MT,2013,3,123,119054,0,0.0026416002308024956,-0.0026416002308024956,0,0,TRUE,121
P. falciparum,model6,51010,Canarana,MT,2013,1,121,105035,0,0.002810409544510007,-0.002810409544510007,0,0.4998333888703549,TRUE,121
P. falciparum,model6,51010,Canarana,MT,2013,2,122,105035,0,0.0026299242632014056,-0.0026299242632014056,0,0,TRUE,121
P. falciparum,model6,51010,Canarana,MT,2013,3,123,105035,0,0.002678654952899238,-0.002678654952899238,0,0,TRUE,121
P. falciparum,model6,51011,Médio Araguaia,MT,2013,1,121,66449,0,2.922693320775175e-4,-2.922693320775175e-4,0,0,TRUE,121
P. falciparum,model6,51011,Médio Araguaia,MT,2013,2,122,66449,0,2.7934821870955856e-4,-2.7934821870955856e-4,0,0,TRUE,121
P. falciparum,model6,51011,Médio Araguaia,MT,2013,3,123,66449,0,2.5156323376059275e-4,-2.5156323376059275e-4,0,0,TRUE,121
P. falciparum,model6,51012,Alto Guaporé,MT,2013,1,121,70085,0,0.09383918694892043,-0.09383918694892043,0,2.8536776771063708,TRUE,121
P. falciparum,model6,51012,Alto Guaporé,MT,2013,2,122,70085,0,0.08235962544602987,-0.08235962544602987,0,2.8536776771063708,TRUE,121
P. falciparum,model6,51012,Alto Guaporé,MT,2013,3,123,70085,0,0.08723279971705204,-0.08723279971705204,0,2.175929228793575,TRUE,121
P. falciparum,model6,51013,Tangará da Serra,MT,2013,1,121,153881,0,0.15402563493680957,-0.15402563493680957,0,1.949558425016734,TRUE,121
P. falciparum,model6,51013,Tangará da Serra,MT,2013,2,122,153881,0,0.14487358182708435,-0.14487358182708435,0,1.949558425016734,TRUE,121
P. falciparum,model6,51013,Tangará da Serra,MT,2013,3,123,153881,0,0.15751900493387824,-0.15751900493387824,0,2.2907311493946474,TRUE,121
P. falciparum,model6,51014,Jauru,MT,2013,1,121,107853,0,0.042475467591517393,-0.042475467591517393,0,0.9271879317218806,TRUE,121
P. falciparum,model6,51014,Jauru,MT,2013,2,122,107853,0,0.03254807395020438,-0.03254807395020438,0,0.9271879317218806,TRUE,121
P. falciparum,model6,51014,Jauru,MT,2013,3,123,107853,0,0.031155218142661978,-0.031155218142661978,0,0.9271879317218806,TRUE,121
P. falciparum,model6,51015,Alto Paraguai,MT,2013,1,121,32717,0,0.06058880540327778,-0.06058880540327778,0,3.056514961640737,TRUE,121
P. falciparum,model6,51015,Alto Paraguai,MT,2013,2,122,32717,0,0.05855485996949438,-0.05855485996949438,0,3.056514961640737,TRUE,121
P. falciparum,model6,51015,Alto Paraguai,MT,2013,3,123,32717,0,0.06269719892079428,-0.06269719892079428,0,3.056514961640737,TRUE,121
P. falciparum,model6,51016,Rosário Oeste,MT,2013,1,121,30675,0,0.003060962122497527,-0.003060962122497527,0,0,TRUE,121
P. falciparum,model6,51016,Rosário Oeste,MT,2013,2,122,30675,0,0.0023552519106793445,-0.0023552519106793445,0,0,TRUE,121
P. falciparum,model6,51016,Rosário Oeste,MT,2013,3,123,30675,0,0.0022245533121631163,-0.0022245533121631163,0,0,TRUE,121
P. falciparum,model6,51017,Cuiabá,MT,2013,1,121,881902,0,0.12093066081710467,-0.12093066081710467,0,1.4202258300808908,TRUE,121
P. falciparum,model6,51017,Cuiabá,MT,2013,2,122,881902,0.11339128383879388,0.08713185733506827,0.026259426503725605,0,0.9127998349022854,TRUE,121
P. falciparum,model6,51017,Cuiabá,MT,2013,3,123,881902,0,0.07923698355870443,-0.07923698355870443,0,0.907130270710351,TRUE,121
P. falciparum,model6,51018,Alto Pantanal,MT,2013,1,121,134262,0,0.05455171880354458,-0.05455171880354458,0,0.7448123817610344,TRUE,121
P. falciparum,model6,51018,Alto Pantanal,MT,2013,2,122,134262,0,0.04014167852214643,-0.04014167852214643,0,0.7448123817610344,TRUE,121
P. falciparum,model6,51018,Alto Pantanal,MT,2013,3,123,134262,0,0.03339181789074547,-0.03339181789074547,0,0.7448123817610344,TRUE,121
P. falciparum,model6,51019,Primavera do Leste,MT,2013,1,121,91029,0,0.005352529384332948,-0.005352529384332948,0,1.0985510112162058,TRUE,121
P. falciparum,model6,51019,Primavera do Leste,MT,2013,2,122,91029,0,0.004577657849999021,-0.004577657849999021,0,1.0985510112162058,TRUE,121
P. falciparum,model6,51019,Primavera do Leste,MT,2013,3,123,91029,0,0.004354161150641406,-0.004354161150641406,0,1.0985510112162058,TRUE,121
P. falciparum,model6,51020,Tesouro,MT,2013,1,121,54596,0,0.0017040628199233108,-0.0017040628199233108,0,0,TRUE,121
P. falciparum,model6,51020,Tesouro,MT,2013,2,122,54596,0,0.0015754830693118223,-0.0015754830693118223,0,0,TRUE,121
P. falciparum,model6,51020,Tesouro,MT,2013,3,123,54596,0,0.0014748307808055726,-0.0014748307808055726,0,0,TRUE,121
P. falciparum,model6,51021,Rondonópolis,MT,2013,1,121,290068,0,0.009995850371475235,-0.009995850371475235,0,0.34474674903815655,TRUE,121
P. falciparum,model6,51021,Rondonópolis,MT,2013,2,122,290068,0,0.007583407009956026,-0.007583407009956026,0,0.34474674903815655,TRUE,121
P. falciparum,model6,51021,Rondonópolis,MT,2013,3,123,290068,0,0.0333378687230365,-0.0333378687230365,0,0.34474674903815655,TRUE,121
P. falciparum,model6,51022,Alto Araguaia,MT,2013,1,121,36797,0,9.035578580220072e-4,-9.035578580220072e-4,0,0,TRUE,121
P. falciparum,model6,51022,Alto Araguaia,MT,2013,2,122,36797,0,8.370347709763241e-4,-8.370347709763241e-4,0,0,TRUE,121
P. falciparum,model6,51022,Alto Araguaia,MT,2013,3,123,36797,0,8.793198367759746e-4,-8.793198367759746e-4,0,0,TRUE,121
P. falciparum,model6,11001,Porto Velho,RO,2014,1,133,625834,4.4740298545620725,4.425203105765548,0.04882674879652438,0.8748326233474055,34.68971005090806,TRUE,133
P. falciparum,model6,11001,Porto Velho,RO,2014,2,134,625834,2.5565884883211845,3.522984156075926,-0.9663956677547416,0.7989339026003701,28.5499030094242,TRUE,133
P. falciparum,model6,11001,Porto Velho,RO,2014,3,135,625834,10.865501075365033,3.7634578471178646,7.102043228247169,0.7989339026003701,32.63245525171201,TRUE,133
P. falciparum,model6,11002,Guajará-Mirim,RO,2014,1,133,81101,0,1.2034549448057288,-1.2034549448057288,0,11.097273769743898,TRUE,133
P. falciparum,model6,11002,Guajará-Mirim,RO,2014,2,134,81101,1.2330304188604333,1.0377381446570113,0.195292274203422,0,12.330304188604334,TRUE,133
P. falciparum,model6,11002,Guajará-Mirim,RO,2014,3,135,81101,0,1.0923269339345079,-1.0923269339345079,0,11.744614739645598,TRUE,133
P. falciparum,model6,11003,Ariquemes,RO,2014,1,133,195532,2.04570095943375,3.8566147639999913,-1.8109138045662414,0,34.022564081582544,TRUE,133
P. falciparum,model6,11003,Ariquemes,RO,2014,2,134,195532,1.5342757195753127,2.919637951746222,-1.3853622321709094,0,31.273653417343382,TRUE,133
P. falciparum,model6,11003,Ariquemes,RO,2014,3,135,195532,0.5114252398584375,2.9331234786270137,-2.421698238768576,0,30.73665691549205,TRUE,133
P. falciparum,model6,11004,Ji-Paraná,RO,2014,1,133,316402,0.3160536279795956,0.48326156291794514,-0.16720793493834957,0,5.372911675653125,TRUE,133
P. falciparum,model6,11004,Ji-Paraná,RO,2014,2,134,316402,0,0.34202720999557645,-0.34202720999557645,0,3.0104108065056403,TRUE,133
P. falciparum,model6,11004,Ji-Paraná,RO,2014,3,135,316402,0,0.38109648047497385,-0.38109648047497385,0,3.642518062464832,TRUE,133
P. falciparum,model6,11005,Alvorada D'Oeste,RO,2014,1,133,75085,1.331823932876074,0.41953807939624815,0.9122858534798257,0,6.026503296264203,TRUE,133
P. falciparum,model6,11005,Alvorada D'Oeste,RO,2014,2,134,75085,0,0.30663423727256844,-0.30663423727256844,0,4.69467936338813,TRUE,133
P. falciparum,model6,11005,Alvorada D'Oeste,RO,2014,3,135,75085,0,0.30021541994728834,-0.30021541994728834,0,3.9954717986282215,TRUE,133
P. falciparum,model6,11006,Cacoal,RO,2014,1,133,247558,0,0.4021197348850974,-0.4021197348850974,0,4.655474676641424,TRUE,133
P. falciparum,model6,11006,Cacoal,RO,2014,2,134,247558,0,0.29480944675811044,-0.29480944675811044,0,2.423674452047601,TRUE,133
P. falciparum,model6,11006,Cacoal,RO,2014,3,135,247558,0,0.3267338481919683,-0.3267338481919683,0,3.6355116780714014,TRUE,133
P. falciparum,model6,11007,Vilhena,RO,2014,1,133,152211,0,0.23803242180180315,-0.23803242180180315,0,3.2849137053169613,TRUE,133
P. falciparum,model6,11007,Vilhena,RO,2014,2,134,152211,0,0.16996588215740088,-0.16996588215740088,0,1.9709482231901767,TRUE,133
P. falciparum,model6,11007,Vilhena,RO,2014,3,135,152211,0,0.19417317309298537,-0.19417317309298537,0,1.9709482231901767,TRUE,133
P. falciparum,model6,11008,Colorado do Oeste,RO,2014,1,133,54808,0,0.3253804153915778,-0.3253804153915778,0,5.473653481243614,TRUE,133
P. falciparum,model6,11008,Colorado do Oeste,RO,2014,2,134,54808,0,0.24543701401494228,-0.24543701401494228,0,3.649102320829076,TRUE,133
P. falciparum,model6,11008,Colorado do Oeste,RO,2014,3,135,54808,0,0.274242604254957,-0.274242604254957,0,3.649102320829076,TRUE,133
P. falciparum,model6,12001,Cruzeiro do Sul,AC,2014,1,133,141056,814.5700998185118,357.3029978523259,457.2671019661859,116.4962851633394,2486.6365131578937,TRUE,133
P. falciparum,model6,12001,Cruzeiro do Sul,AC,2014,2,134,141056,462.93670598911075,279.0391421233402,183.89756386577056,91.68344487295828,1933.0443228221397,TRUE,133
P. falciparum,model6,12001,Cruzeiro do Sul,AC,2014,3,135,141056,384.244555353902,278.17075240465647,106.07380294924553,86.31323729582579,1843.7180977767666,TRUE,133
P. falciparum,model6,12002,Tarauacá,AC,2014,1,133,77929,41.06301890182089,22.51379535021834,18.549223551602548,2.5664386813638056,166.20898510182343,TRUE,133
P. falciparum,model6,12002,Tarauacá,AC,2014,2,134,77929,23.097948132274247,16.053601812711477,7.04434631956277,0,151.80484800266873,TRUE,133
P. falciparum,model6,12002,Tarauacá,AC,2014,3,135,77929,19.24829011022854,15.643811871195062,3.6044782390334795,1.2832193406819028,137.43279138703167,TRUE,133
P. falciparum,model6,12003,Sena Madureira,AC,2014,1,133,55143,0,0.012870923044673542,-0.012870923044673542,0,1.8134668044901436,TRUE,133
P. falciparum,model6,12003,Sena Madureira,AC,2014,2,134,55143,0,0.01170874078891908,-0.01170874078891908,0,1.8134668044901436,TRUE,133
P. falciparum,model6,12003,Sena Madureira,AC,2014,3,135,55143,0,0.012718942039465317,-0.012718942039465317,0,1.8134668044901436,TRUE,133
P. falciparum,model6,12004,Rio Branco,AC,2014,1,133,452251,1.7689292008198987,0.3973950419473713,1.3715341588725274,0,4.201206851947259,TRUE,133
P. falciparum,model6,12004,Rio Branco,AC,2014,2,134,452251,1.1055807505124366,0.2981628612239408,0.8074178892884958,0,2.8745099513323353,TRUE,133
P. falciparum,model6,12004,Rio Branco,AC,2014,3,135,452251,0.6633484503074619,0.31717624889568075,0.3461722014117812,0,3.095626101434823,TRUE,133
P. falciparum,model6,12005,Brasiléia,AC,2014,1,133,63722,0,0.01776547607801275,-0.01776547607801275,0,1.5693167195003295,TRUE,133
P. falciparum,model6,12005,Brasiléia,AC,2014,2,134,63722,1.5693167195003295,0.011001088678211835,1.5583156308221175,0,1.5693167195003295,TRUE,133
P. falciparum,model6,12005,Brasiléia,AC,2014,3,135,63722,0,0.007828984654562205,-0.007828984654562205,0,1.5693167195003295,TRUE,133
P. falciparum,model6,13001,Rio Negro,AM,2014,1,133,108516,49.76224704191087,18.8378166195257,30.924430422385168,2.7645692801061594,162.71794021158166,TRUE,133
P. falciparum,model6,13001,Rio Negro,AM,2014,2,134,108516,38.703969921486234,16.491635717352942,22.212334204133292,1.8430461867374395,136.75402705591767,TRUE,133
P. falciparum,model6,13001,Rio Negro,AM,2014,3,135,108516,76.48641674960375,18.56352496268499,57.922891786918754,2.7645692801061594,149.28674112573262,TRUE,133
P. falciparum,model6,13002,Japurá,AM,2014,1,133,23966,75.1064007343737,26.965574667468957,48.14082606690474,0,219.79053659350683,TRUE,133
P. falciparum,model6,13002,Japurá,AM,2014,2,134,23966,37.55320036718685,22.552867303899696,15.000333063287151,0,179.42084619878162,TRUE,133
P. falciparum,model6,13002,Japurá,AM,2014,3,135,23966,41.72577818576316,26.759401036875623,14.966377148887538,0,204.4563131102395,TRUE,133
P. falciparum,model6,13003,Alto Solimões,AM,2014,1,133,242875,79.87647967061245,28.225253647796745,51.651226022815706,8.018528049408133,214.184251158003,TRUE,133
P. falciparum,model6,13003,Alto Solimões,AM,2014,2,134,242875,67.93618116314977,39.16066022160733,28.77552094154244,12.547606793618117,310.9624292331445,TRUE,133
P. falciparum,model6,13003,Alto Solimões,AM,2014,3,135,242875,65.87750900669069,53.275475498316766,12.602033508373921,17.704580545548122,397.3031394750383,TRUE,133
P. falciparum,model6,13004,Juruá,AM,2014,1,133,142338,93.43955935870954,85.09261109510938,8.346948263600169,21.076592336551027,627.4852815130175,TRUE,133
P. falciparum,model6,13004,Juruá,AM,2014,2,134,142338,118.73147016257079,73.96805766699313,44.763412495577654,23.078868608523383,519.0637777684095,TRUE,133
P. falciparum,model6,13004,Juruá,AM,2014,3,135,142338,153.15657097893745,89.06022322604312,64.09634775289433,27.364442383622084,591.7077660217226,TRUE,133
P. falciparum,model6,13005,Tefé,AM,2014,1,133,90982,30.775318194807767,28.52901265813491,2.246305536672857,6.017673825591876,234.6892791980831,TRUE,133
P. falciparum,model6,13005,Tefé,AM,2014,2,134,90982,56.05504385482843,25.11968127047777,30.935362584350663,6.017673825591876,198.00619902837911,TRUE,133
P. falciparum,model6,13005,Tefé,AM,2014,3,135,90982,49.4603328130839,31.654170638300894,17.806162174783008,7.116792332549297,247.87870128157215,TRUE,133
P. falciparum,model6,13006,Coari,AM,2014,1,133,169227,0.5909222523592571,0.29228063615906874,0.29864161620018836,0,2.9546112617962854,TRUE,133
P. falciparum,model6,13006,Coari,AM,2014,2,134,169227,0.5909222523592571,0.31656576692759875,0.27435648543165836,0,3.5455335141555424,TRUE,133
P. falciparum,model6,13006,Coari,AM,2014,3,135,169227,0,0.4048257486717952,-0.4048257486717952,0,4.727378018874057,TRUE,133
P. falciparum,model6,13007,Manaus,AM,2014,1,133,2285623,1.6625663987455501,1.221469445784016,0.44109695296153406,0.26251048401245525,11.267168732551255,TRUE,133
P. falciparum,model6,13007,Manaus,AM,2014,2,134,2285623,0.9625384413790026,0.9682375028045718,-0.005699061425569196,0.19578906932595624,9.145208986783889,TRUE,133
P. falciparum,model6,13007,Manaus,AM,2014,3,135,2285623,1.050041936049821,1.0646465806319632,-0.014604644582142168,0.21875873667704604,10.695114636140762,TRUE,133
P. falciparum,model6,13008,Rio Preto da Eva,AM,2014,1,133,61674,0,1.4166694200022034,-1.4166694200022034,0,16.214288030612575,TRUE,133
P. falciparum,model6,13008,Rio Preto da Eva,AM,2014,2,134,61674,0,0.9910891070387386,-0.9910891070387386,0,12.201251743035925,TRUE,133
P. falciparum,model6,13008,Rio Preto da Eva,AM,2014,3,135,61674,0,0.8746433486379097,-0.8746433486379097,0,10.579822939974669,TRUE,133
P. falciparum,model6,13009,Itacoatiara,AM,2014,1,133,168711,0,0.1391376520109535,-0.1391376520109535,0,2.3709183159367204,TRUE,133
P. falciparum,model6,13009,Itacoatiara,AM,2014,2,134,168711,0,0.09838438048956656,-0.09838438048956656,0,1.7781887369525402,TRUE,133
P. falciparum,model6,13009,Itacoatiara,AM,2014,3,135,168711,0,0.09975405220223378,-0.09975405220223378,0,1.1854591579683602,TRUE,133
P. falciparum,model6,13010,Parintins,AM,2014,1,133,266488,5.628771276755426,1.0630509400772805,4.565720336678146,0,8.82778961904475,TRUE,133
P. falciparum,model6,13010,Parintins,AM,2014,2,134,266488,0.37525141845036175,0.8021135147792847,-0.42686209632892297,0,7.523790939929735,TRUE,133
P. falciparum,model6,13010,Parintins,AM,2014,3,135,266488,1.501005673801447,0.7148077935136533,0.7861978802877937,0,6.004022695205788,TRUE,133
P. falciparum,model6,13011,Boca do Acre,AM,2014,1,133,52413,49.60601377520844,18.57049607671065,31.035517698497788,1.9079236067387861,173.81184057390325,TRUE,133
P. falciparum,model6,13011,Boca do Acre,AM,2014,2,134,52413,53.421860988686014,13.009600890706173,40.41226009797984,0,104.02953465743227,TRUE,133
P. falciparum,model6,13011,Boca do Acre,AM,2014,3,135,52413,78.22486787629023,15.26405515899002,62.960812717300215,0,140.75706408715348,TRUE,133
P. falciparum,model6,13012,Purus,AM,2014,1,133,75649,134.83324300387315,33.54562929491469,101.28761370895846,3.965683617760975,245.64105275681067,TRUE,133
P. falciparum,model6,13012,Purus,AM,2014,2,134,75649,118.97050853282924,33.29431374955359,85.67619478327566,8.559267141667439,242.23717431823258,TRUE,133
P. falciparum,model6,13012,Purus,AM,2014,3,135,75649,136.1551375431268,41.9691322132631,94.18600532986372,9.253261774775607,294.84857698052843,TRUE,133
P. falciparum,model6,13013,Madeira,AM,2014,1,133,185281,3.778045239393138,0.9501100003006733,2.8279352390924646,0,8.918885368710217,TRUE,133
P. falciparum,model6,13013,Madeira,AM,2014,2,134,185281,3.778045239393138,0.8767095982570126,2.901335641136125,0,7.016369730301542,TRUE,133
P. falciparum,model6,13013,Madeira,AM,2014,3,135,185281,1.6191622454542018,1.086638387717051,0.5325238577371509,0,8.918885368710217,TRUE,133
P. falciparum,model6,14001,Boa Vista,RR,2014,1,133,353589,30.543936604362692,32.50704454689749,-1.9631079425347977,9.035914578790631,219.88806212862943,TRUE,133
P. falciparum,model6,14001,Boa Vista,RR,2014,2,134,353589,15.83759675781769,25.506719907798953,-9.669123149981262,6.476445817036165,191.47937294429408,TRUE,133
P. falciparum,model6,14001,Boa Vista,RR,2014,3,135,353589,12.161011796181443,24.921368179737527,-12.760356383556084,5.642143844972553,170.63596435409465,TRUE,133
P. falciparum,model6,14002,Nordeste de Roraima,RR,2014,1,133,46668,17.142367360932543,12.164010686253674,4.978356674678869,0,100.81854804148443,TRUE,133
P. falciparum,model6,14002,Nordeste de Roraima,RR,2014,2,134,46668,10.71397960058284,10.79264197335876,-0.07866237277591992,0,85.92611639667419,TRUE,133
P. falciparum,model6,14002,Nordeste de Roraima,RR,2014,3,135,46668,2.142795920116568,9.94181849681599,-7.799022576699423,0,88.06891231679076,TRUE,133
P. falciparum,model6,14003,Caracaraí,RR,2014,1,133,46161,8.665323541517731,16.998284836845198,-8.332961295327467,0,128.24678841446203,TRUE,133
P. falciparum,model6,14003,Caracaraí,RR,2014,2,134,46161,4.3326617707588655,15.017737841222948,-10.685076070464081,0,123.48086046662768,TRUE,133
P. falciparum,model6,14003,Caracaraí,RR,2014,3,135,46161,2.1663308853794327,16.429177766225873,-14.26284688084644,0,138.86180975282144,TRUE,133
P. falciparum,model6,14004,Sudeste de Roraima,RR,2014,1,133,50518,41.56934162080842,19.325309034971443,22.24403258583698,1.9794924581337345,164.49582327091315,TRUE,133
P. falciparum,model6,14004,Sudeste de Roraima,RR,2014,2,134,50518,3.958984916267469,15.638325885601132,-11.679340969333662,0,120.8480145690644,TRUE,133
P. falciparum,model6,14004,Sudeste de Roraima,RR,2014,3,135,50518,3.958984916267469,13.31605790860317,-9.357072992335702,0,106.99156736212827,TRUE,133
P. falciparum,model6,15001,Óbidos,PA,2014,1,133,196298,0,0.6249860040357998,-0.6249860040357998,0,7.132013571202967,TRUE,133
P. falciparum,model6,15001,Óbidos,PA,2014,2,134,196298,1.018859081600424,0.44246150736137607,0.5763975742390479,0,5.094295408002119,TRUE,133
P. falciparum,model6,15001,Óbidos,PA,2014,3,135,196298,0,0.43836477997214407,-0.43836477997214407,0,5.094295408002119,TRUE,133
P. falciparum,model6,15002,Santarém,PA,2014,1,133,503673,1.9854151403787774,1.7603273551092369,0.22508778526954054,0,13.605057249445569,TRUE,133
P. falciparum,model6,15002,Santarém,PA,2014,2,134,503673,0.7941660561515109,1.5949927159828958,-0.8008266598313849,0,14.012067353223209,TRUE,133
P. falciparum,model6,15002,Santarém,PA,2014,3,135,503673,1.3897905982651444,1.5580941297117608,-0.16830353144661636,0,14.50345760046696,TRUE,133
P. falciparum,model6,15003,Almeirim,PA,2014,1,133,71135,7.028888732691362,1.0381715415519748,5.990717191139387,0,9.172699796162195,TRUE,133
P. falciparum,model6,15003,Almeirim,PA,2014,2,134,71135,4.217333239614817,0.8470199438387696,3.3703132957760475,0,9.840444225767905,TRUE,133
P. falciparum,model6,15003,Almeirim,PA,2014,3,135,71135,0,0.7391966213304492,-0.7391966213304492,0,9.172699796162195,TRUE,133
P. falciparum,model6,15004,Portel,PA,2014,1,133,142011,0,1.6060701962874606,-1.6060701962874606,0,14.45310574532957,TRUE,133
P. falciparum,model6,15004,Portel,PA,2014,2,134,142011,0,1.8797778985898213,-1.8797778985898213,0,13.379245269732628,TRUE,133
P. falciparum,model6,15004,Portel,PA,2014,3,135,142011,0,2.5588442979725836,-2.5588442979725836,0,20.121680714874152,TRUE,133
P. falciparum,model6,15005,Furos de Breves,PA,2014,1,133,217765,14.694739742382843,12.64681628072108,2.047923461661764,2.755263701696783,85.11468785158297,TRUE,133
P. falciparum,model6,15005,Furos de Breves,PA,2014,2,134,217765,18.82763529492802,11.737970982170225,7.089664312757794,2.755263701696783,74.04771198310094,TRUE,133
P. falciparum,model6,15005,Furos de Breves,PA,2014,3,135,217765,6.428948637292494,12.378715918551169,-5.949767281258675,2.755263701696783,88.40952402819553,TRUE,133
P. falciparum,model6,15006,Arari,PA,2014,1,133,165571,2.4158820083227135,0.9842944852733871,1.4315875230493265,0,7.24764602496814,TRUE,133
P. falciparum,model6,15006,Arari,PA,2014,2,134,165571,0,1.4082990597920844,-1.4082990597920844,0,11.47543953953289,TRUE,133
P. falciparum,model6,15006,Arari,PA,2014,3,135,165571,0.6039705020806784,1.9193450842641298,-1.3153745821834515,0,18.72308556450103,TRUE,133
P. falciparum,model6,15007,Belém,PA,2014,1,133,2242436,0.08918872155102754,0.05268777735913124,0.036500944191896305,0,0.558544368713309,TRUE,133
P. falciparum,model6,15007,Belém,PA,2014,2,134,2242436,0.04459436077551377,0.045185693025644964,-5.913322501311935e-4,0,0.49053796853065146,TRUE,133
P. falciparum,model6,15007,Belém,PA,2014,3,135,2242436,0.04459436077551377,0.043369859736292433,0.0012245010392213374,0,0.49053796853065146,TRUE,133
P. falciparum,model6,15008,Castanhal,PA,2014,1,133,319481,0,0.026032298775083156,-0.026032298775083156,0,0.6260153185948459,TRUE,133
P. falciparum,model6,15008,Castanhal,PA,2014,2,134,319481,0,0.01780381604703421,-0.01780381604703421,0,0.31300765929742297,TRUE,133
P. falciparum,model6,15008,Castanhal,PA,2014,3,135,319481,0,0.013964735201648436,-0.013964735201648436,0,0.31300765929742297,TRUE,133
P. falciparum,model6,15009,Salgado,PA,2014,1,133,258222,0.7745273446879041,0.16125857843673133,0.6132687662511728,0,1.9363183617197606,TRUE,133
P. falciparum,model6,15009,Salgado,PA,2014,2,134,258222,0,0.1121327619173871,-0.1121327619173871,0,1.7523681173563743,TRUE,133
P. falciparum,model6,15009,Salgado,PA,2014,3,135,258222,0,0.08668176061197257,-0.08668176061197257,0,1.1617910170318562,TRUE,133
P. falciparum,model6,15010,Bragantina,PA,2014,1,133,401712,0,0.07517608984239421,-0.07517608984239421,0,0.9957382403313818,TRUE,133
P. falciparum,model6,15010,Bragantina,PA,2014,2,134,401712,0,0.06544881707167298,-0.06544881707167298,0,0.9957382403313818,TRUE,133
P. falciparum,model6,15010,Bragantina,PA,2014,3,135,401712,0,0.06773761882190517,-0.06773761882190517,0,1.2446728004142271,TRUE,133
P. falciparum,model6,15011,Cametá,PA,2014,1,133,466929,0,0.3028191831435085,-0.3028191831435085,0,3.110751313368837,TRUE,133
P. falciparum,model6,15011,Cametá,PA,2014,2,134,466929,0,0.2786558326520332,-0.2786558326520332,0,2.784149196130461,TRUE,133
P. falciparum,model6,15011,Cametá,PA,2014,3,135,466929,0.21416532277926623,0.26633868579336084,-0.052173363014094615,0,2.5699838733511946,TRUE,133
P. falciparum,model6,15012,Tomé-Açu,PA,2014,1,133,314645,0,0.2672326870483847,-0.2672326870483847,0,3.4960034324397338,TRUE,133
P. falciparum,model6,15012,Tomé-Açu,PA,2014,2,134,314645,0.3178184938581576,0.17642423273249716,0.14139426112566042,0,2.2247294570071032,TRUE,133
P. falciparum,model6,15012,Tomé-Açu,PA,2014,3,135,314645,0,0.15999857292926187,-0.15999857292926187,0,2.073765672424471,TRUE,133
P. falciparum,model6,15013,Guamá,PA,2014,1,133,455970,0,0.18814439939847474,-0.18814439939847474,0,1.869640546527179,TRUE,133
P. falciparum,model6,15013,Guamá,PA,2014,2,134,455970,0,0.18952175246123656,-0.18952175246123656,0,1.7545013926354807,TRUE,133
P. falciparum,model6,15013,Guamá,PA,2014,3,135,455970,0,0.19949377744789756,-0.19949377744789756,0,2.1931267407943507,TRUE,133
P. falciparum,model6,15014,Itaituba,PA,2014,1,133,213536,121.7593286377941,92.91674126043294,28.842587377361156,28.94125580698337,737.674209500974,TRUE,133
P. falciparum,model6,15014,Itaituba,PA,2014,2,134,213536,68.37254608122284,75.01175354332797,-6.639207462105134,26.225086168140265,615.961711374194,TRUE,133
P. falciparum,model6,15014,Itaituba,PA,2014,3,135,213536,51.98186722613517,68.39753073331556,-16.41566350718039,18.70878915030721,544.9432414206501,TRUE,133
P. falciparum,model6,15015,Altamira,PA,2014,1,133,290730,3.4396175145323844,4.18300239615484,-0.7433848816224553,0.34396175145323843,34.267189488528835,TRUE,133
P. falciparum,model6,15015,Altamira,PA,2014,2,134,290730,3.0956557630791455,2.983372274863958,0.11228348821518752,0,23.750558937846094,TRUE,133
P. falciparum,model6,15015,Altamira,PA,2014,3,135,290730,2.407732260172669,2.3331387150285825,0.07459354514408645,0,20.293743335741066,TRUE,133
P. falciparum,model6,15016,Tucuruí,PA,2014,1,133,356928,0,1.7741569597141122,-1.7741569597141122,0,15.864544109736386,TRUE,133
P. falciparum,model6,15016,Tucuruí,PA,2014,2,134,356928,0,1.4013551379558387,-1.4013551379558387,0,12.474504662004655,TRUE,133
P. falciparum,model6,15016,Tucuruí,PA,2014,3,135,356928,0.2801685493993186,1.0660076497058082,-0.7858391003064895,0,10.08606777837547,TRUE,133
P. falciparum,model6,15017,Paragominas,PA,2014,1,133,322755,1.2393301420582175,0.9379097778873297,0.3014203641708878,0,8.985143529922077,TRUE,133
P. falciparum,model6,15017,Paragominas,PA,2014,2,134,322755,0.6196650710291087,0.8396182595415471,-0.2199531885124384,0,7.288810397979885,TRUE,133
P. falciparum,model6,15017,Paragominas,PA,2014,3,135,322755,0,0.7147626969206051,-0.7147626969206051,0,6.669145326950776,TRUE,133
P. falciparum,model6,15018,São Félix do Xingu,PA,2014,1,133,193850,0,0.09591302238689618,-0.09591302238689618,0,1.0317255610007738,TRUE,133
P. falciparum,model6,15018,São Félix do Xingu,PA,2014,2,134,193850,0,0.07893037370620558,-0.07893037370620558,0,1.0317255610007738,TRUE,133
P. falciparum,model6,15018,São Félix do Xingu,PA,2014,3,135,193850,0.5158627805003869,0.0738483850885876,0.4420143954117993,0,1.0317255610007738,TRUE,133
P. falciparum,model6,15019,Parauapebas,PA,2014,1,133,292211,0,0.1594667762107648,-0.1594667762107648,0,2.053310792543744,TRUE,133
P. falciparum,model6,15019,Parauapebas,PA,2014,2,134,292211,0.34221846542395734,0.1316358022985083,0.21058266312544904,0,1.7110923271197869,TRUE,133
P. falciparum,model6,15019,Parauapebas,PA,2014,3,135,292211,0,0.11920747066888279,-0.11920747066888279,0,1.5485385560433993,TRUE,133
P. falciparum,model6,15020,Marabá,PA,2014,1,133,309469,0,0.44682975103579475,-0.44682975103579475,0,4.84701214014974,TRUE,133
P. falciparum,model6,15020,Marabá,PA,2014,2,134,309469,0.32313414267664936,0.3627656180341116,-0.039631475357462254,0,3.5544755694431425,TRUE,133
P. falciparum,model6,15020,Marabá,PA,2014,3,135,309469,0.32313414267664936,0.31655145304741344,0.006582689629235916,0,3.2313414267664937,TRUE,133
P. falciparum,model6,15021,Redenção,PA,2014,1,133,188791,0.5296862668241601,0.043951505017791485,0.4857347618063686,0,1.0593725336483202,TRUE,133
P. falciparum,model6,15021,Redenção,PA,2014,2,134,188791,0.5296862668241601,0.04578582468345884,0.48390044214070127,0,1.0593725336483202,TRUE,133
P. falciparum,model6,15021,Redenção,PA,2014,3,135,188791,0,0.05175808983394378,-0.05175808983394378,0,1.0593725336483202,TRUE,133
P. falciparum,model6,15022,Conceição do Araguaia,PA,2014,1,133,149806,0,0.13741468236961976,-0.13741468236961976,0,2.0025900164212382,TRUE,133
P. falciparum,model6,15022,Conceição do Araguaia,PA,2014,2,134,149806,0,0.14468048925074017,-0.14468048925074017,0,2.6701200218949843,TRUE,133
P. falciparum,model6,15022,Conceição do Araguaia,PA,2014,3,135,149806,0,0.14599933729121153,-0.14599933729121153,0,2.6701200218949843,TRUE,133
P. falciparum,model6,16001,Oiapoque,AP,2014,1,133,33607,124.97396375755051,272.27238096264597,-147.29841720509546,80.34040527271104,2398.4586544469903,TRUE,133
P. falciparum,model6,16001,Oiapoque,AP,2014,2,134,33607,53.56027018180736,182.39517692003113,-128.83490673822376,53.411491653524564,1573.7048829112973,TRUE,133
P. falciparum,model6,16001,Oiapoque,AP,2014,3,135,33607,23.804564525247716,191.70958609804515,-167.90502157279744,54.973666200493945,1620.8676763769447,FALSE,133
P. falciparum,model6,16002,Amapá,AP,2014,1,133,27711,0,16.50128534843541,-16.50128534843541,0,131.80686370033553,TRUE,133
P. falciparum,model6,16002,Amapá,AP,2014,2,134,27711,3.6086752553137744,12.580381479902636,-8.97170622458886,0,124.58951318970799,TRUE,133
P. falciparum,model6,16002,Amapá,AP,2014,3,135,27711,0,9.706049127065475,-9.706049127065475,0,101.2233409115512,TRUE,133
P. falciparum,model6,16003,Macapá,AP,2014,1,133,611615,8.011575909681744,11.460632944079947,-3.449057034398203,4.087538729429461,83.99483335104583,TRUE,133
P. falciparum,model6,16003,Macapá,AP,2014,2,134,611615,4.905046475315354,10.85631251465193,-5.951266039336577,3.674697317757086,78.24366635873866,TRUE,133
P. falciparum,model6,16003,Macapá,AP,2014,3,135,611615,5.395551122846888,7.864059325293024,-2.4685082024461353,2.607849709375997,57.924511334744786,TRUE,133
P. falciparum,model6,16004,Mazagão,AP,2014,1,133,77979,43.60148245040331,26.27290247757896,17.32857997282435,6.411982713294605,243.5912232780609,TRUE,133
P. falciparum,model6,16004,Mazagão,AP,2014,2,134,77979,33.342310109131944,23.63514016195998,9.707169947171963,2.564793085317842,167.22450916272282,TRUE,133
P. falciparum,model6,16004,Mazagão,AP,2014,3,135,77979,30.777517023814106,23.07397543563516,7.703541588178947,3.8471896279767632,204.15752959129884,TRUE,133
P. falciparum,model6,17001,Bico do Papagaio,TO,2014,1,133,209048,0,0.06559854825759572,-0.06559854825759572,0,1.2078565688262874,TRUE,133
P. falciparum,model6,17001,Bico do Papagaio,TO,2014,2,134,209048,0,0.05729307336264674,-0.05729307336264674,0,1.43507711147679,TRUE,133
P. falciparum,model6,17001,Bico do Papagaio,TO,2014,3,135,209048,0,0.05735112809395625,-0.05735112809395625,0,1.43507711147679,TRUE,133
P. falciparum,model6,17002,Araguaína,TO,2014,1,133,302864,0,0.013744038652103843,-0.013744038652103843,0,0.3301812034444503,TRUE,133
P. falciparum,model6,17002,Araguaína,TO,2014,2,134,302864,0,0.011376615552151746,-0.011376615552151746,0,0.3301812034444503,TRUE,133
P. falciparum,model6,17002,Araguaína,TO,2014,3,135,302864,0,0.010229562248003784,-0.010229562248003784,0,0.3301812034444503,TRUE,133
P. falciparum,model6,17003,Miracema do Tocantins,TO,2014,1,133,148107,0,0.004539607777320606,-0.004539607777320606,0,0.6751875333373845,TRUE,133
P. falciparum,model6,17003,Miracema do Tocantins,TO,2014,2,134,148107,0,0.0044609959236964715,-0.0044609959236964715,0,0.6751875333373845,TRUE,133
P. falciparum,model6,17003,Miracema do Tocantins,TO,2014,3,135,148107,0,0.0044092756125256784,-0.0044092756125256784,0,0.6751875333373845,TRUE,133
P. falciparum,model6,17004,Rio Formoso,TO,2014,1,133,123649,0,0.008482851155828232,-0.008482851155828232,0,0.8087408713374148,TRUE,133
P. falciparum,model6,17004,Rio Formoso,TO,2014,2,134,123649,0,0.006528756986097918,-0.006528756986097918,0,0.8087408713374148,TRUE,133
P. falciparum,model6,17004,Rio Formoso,TO,2014,3,135,123649,0,0.006620850380303046,-0.006620850380303046,0,0.8087408713374148,TRUE,133
P. falciparum,model6,17005,Gurupi,TO,2014,1,133,146042,0,0.002107773173121879,-0.002107773173121879,0,0,TRUE,133
P. falciparum,model6,17005,Gurupi,TO,2014,2,134,146042,0,0.0015085977482355568,-0.0015085977482355568,0,0,TRUE,133
P. falciparum,model6,17005,Gurupi,TO,2014,3,135,146042,0,0.0012858430690097008,-0.0012858430690097008,0,0,TRUE,133
P. falciparum,model6,17006,Porto Nacional,TO,2014,1,133,366873,0,0.041759110642705426,-0.041759110642705426,0,0.8177216639000418,TRUE,133
P. falciparum,model6,17006,Porto Nacional,TO,2014,2,134,366873,0,0.031797653815038525,-0.031797653815038525,0,0.5451477759333612,TRUE,133
P. falciparum,model6,17006,Porto Nacional,TO,2014,3,135,366873,0,0.027539488911508883,-0.027539488911508883,0,0.5451477759333612,TRUE,133
P. falciparum,model6,17007,Jalapão,TO,2014,1,133,77087,0,2.2555517166103085e-4,-2.2555517166103085e-4,0,0,TRUE,133
P. falciparum,model6,17007,Jalapão,TO,2014,2,134,77087,0,1.8571385757335982e-4,-1.8571385757335982e-4,0,0,TRUE,133
P. falciparum,model6,17007,Jalapão,TO,2014,3,135,77087,0,1.6959831102069547e-4,-1.6959831102069547e-4,0,0,TRUE,133
P. falciparum,model6,17008,Dianópolis,TO,2014,1,133,123210,0,4.276455924739423e-5,-4.276455924739423e-5,0,0,TRUE,133
P. falciparum,model6,17008,Dianópolis,TO,2014,2,134,123210,0,3.456674677273537e-5,-3.456674677273537e-5,0,0,TRUE,133
P. falciparum,model6,17008,Dianópolis,TO,2014,3,135,123210,0,2.993338688630932e-5,-2.993338688630932e-5,0,0,TRUE,133
P. falciparum,model6,21001,Litoral Ocidental Maranhense,MA,2014,1,133,186768,0,0.0020341442964697943,-0.0020341442964697943,0,0.53542362717382,TRUE,133
P. falciparum,model6,21001,Litoral Ocidental Maranhense,MA,2014,2,134,186768,0,0.0016800900812255714,-0.0016800900812255714,0,0.53542362717382,TRUE,133
P. falciparum,model6,21001,Litoral Ocidental Maranhense,MA,2014,3,135,186768,0,0.001634310895631101,-0.001634310895631101,0,0.53542362717382,TRUE,133
P. falciparum,model6,21002,Aglomeração Urbana de São Luís,MA,2014,1,133,1381459,0,0.01035717204415964,-0.01035717204415964,0,0.14477447394385212,TRUE,133
P. falciparum,model6,21002,Aglomeração Urbana de São Luís,MA,2014,2,134,1381459,0,0.008902437636126352,-0.008902437636126352,0,0.21716171091577818,TRUE,133
P. falciparum,model6,21002,Aglomeração Urbana de São Luís,MA,2014,3,135,1381459,0,0.008719782307685492,-0.008719782307685492,0,0.14477447394385212,TRUE,133
P. falciparum,model6,21003,Rosário,MA,2014,1,133,170773,0,0.0040400219984402614,-0.0040400219984402614,0,0.5855726607836134,TRUE,133
P. falciparum,model6,21003,Rosário,MA,2014,2,134,170773,0.5855726607836134,0.0027902153606992656,0.5827824454229141,0,0,FALSE,133
P. falciparum,model6,21003,Rosário,MA,2014,3,135,170773,0,0.002493282240941353,-0.002493282240941353,0,0.3074256469113837,TRUE,133
P. falciparum,model6,21004,Lençóis Maranhenses,MA,2014,1,133,189098,0,0.004380139130088112,-0.004380139130088112,0,0.5288263228590466,TRUE,133
P. falciparum,model6,21004,Lençóis Maranhenses,MA,2014,2,134,189098,0,0.003128606427871987,-0.003128606427871987,0,0.5288263228590466,TRUE,133
P. falciparum,model6,21004,Lençóis Maranhenses,MA,2014,3,135,189098,0,0.0027025200257296297,-0.0027025200257296297,0,0.2776338195009875,TRUE,133
P. falciparum,model6,21005,Baixada Maranhense,MA,2014,1,133,585881,0.5120493752144207,0.5817148512887353,-0.06966547607431461,0,3.925711876643892,TRUE,133
P. falciparum,model6,21005,Baixada Maranhense,MA,2014,2,134,585881,0.17068312507147357,0.4810049687212977,-0.3103218436498242,0,4.2670781267868385,TRUE,133
P. falciparum,model6,21005,Baixada Maranhense,MA,2014,3,135,585881,0,0.5068523763653328,-0.5068523763653328,0,3.7635629078259845,TRUE,133
P. falciparum,model6,21006,Itapecuru Mirim,MA,2014,1,133,226672,0,0.018185173363098158,-0.018185173363098158,0,0.44116609020964215,TRUE,133
P. falciparum,model6,21006,Itapecuru Mirim,MA,2014,2,134,226672,0,0.018029255179132682,-0.018029255179132682,0,0.44116609020964215,TRUE,133
P. falciparum,model6,21006,Itapecuru Mirim,MA,2014,3,135,226672,0,0.02180975047046376,-0.02180975047046376,0,0.44116609020964215,TRUE,133
P. falciparum,model6,21007,Gurupi,MA,2014,1,133,233474,0.8566264337784935,1.4203706292825562,-0.5637441955040627,0,12.870812167521844,TRUE,133
P. falciparum,model6,21007,Gurupi,MA,2014,2,134,233474,1.2849396506677402,1.4496455271303859,-0.16470587646264567,0,10.932694861098014,TRUE,133
P. falciparum,model6,21007,Gurupi,MA,2014,3,135,233474,0.8566264337784935,1.823843617511191,-0.9672171837326975,0,13.93088737932274,TRUE,133
P. falciparum,model6,21008,Pindaré,MA,2014,1,133,648120,1.3886317348639141,1.36439845054686,0.02423328431705407,0,11.652934641733008,TRUE,133
P. falciparum,model6,21008,Pindaré,MA,2014,2,134,648120,1.2343393198790347,1.2617841062823056,-0.02744478640327097,0,9.647133246929577,TRUE,133
P. falciparum,model6,21008,Pindaré,MA,2014,3,135,648120,1.2343393198790347,1.297189198511805,-0.06284987863277025,0.15429241498487933,11.035764981793491,TRUE,133
P. falciparum,model6,21009,Imperatriz,MA,2014,1,133,583526,0.5141159091454366,0.2350421924752597,0.2790737166701769,0,2.831921799542776,TRUE,133
P. falciparum,model6,21009,Imperatriz,MA,2014,2,134,583526,0.342743939430291,0.190870669700355,0.15187326972993603,0,2.0564636365817464,TRUE,133
P. falciparum,model6,21009,Imperatriz,MA,2014,3,135,583526,0,0.17838669082309883,-0.17838669082309883,0,1.8850916668666007,TRUE,133
P. falciparum,model6,21010,Médio Mearim,MA,2014,1,133,415623,1.2030133077332101,0.195980665675438,1.0070326420577722,0,2.1654239539197784,TRUE,133
P. falciparum,model6,21010,Médio Mearim,MA,2014,2,134,415623,0.24060266154664203,0.22084810365890456,0.019754557887737473,0,2.29174035123176,TRUE,133
P. falciparum,model6,21010,Médio Mearim,MA,2014,3,135,415623,0.24060266154664203,0.30078418131402135,-0.060181519767379316,0,3.621070056276952,TRUE,133
P. falciparum,model6,21011,Alto Mearim e Grajaú,MA,2014,1,133,323562,1.5452988917116348,0.7530310626651919,0.7922678290464429,0,9.905365895871565,TRUE,133
P. falciparum,model6,21011,Alto Mearim e Grajaú,MA,2014,2,134,323562,1.2362391133693078,0.6438550051892744,0.5923841081800334,0,7.741947447475275,TRUE,133
P. falciparum,model6,21011,Alto Mearim e Grajaú,MA,2014,3,135,323562,0,0.6213936439960842,-0.6213936439960842,0,7.270631285503235,TRUE,133
P. falciparum,model6,21012,Presidente Dutra,MA,2014,1,133,194658,1.0274430025994308,0.1737868595939682,0.8536561430054626,0,2.0548860051988616,TRUE,133
P. falciparum,model6,21012,Presidente Dutra,MA,2014,2,134,194658,0.5137215012997154,0.18276672123291104,0.33095478006680434,0,2.568607506498577,TRUE,133
P. falciparum,model6,21012,Presidente Dutra,MA,2014,3,135,194658,1.0274430025994308,0.25405073084214125,0.7733922717572895,0,3.0823290077982923,TRUE,133
P. falciparum,model6,21013,Baixo Parnaíba Maranhense,MA,2014,1,133,141167,2.1251425616468436,0.19427674163870942,1.9308658200081341,0,2.1251425616468436,TRUE,133
P. falciparum,model6,21013,Baixo Parnaíba Maranhense,MA,2014,2,134,141167,0,0.1432924675382573,-0.1432924675382573,0,2.4970425099350253,TRUE,133
P. falciparum,model6,21013,Baixo Parnaíba Maranhense,MA,2014,3,135,141167,0,0.1279469400811109,-0.1279469400811109,0,1.788661656052744,TRUE,133
P. falciparum,model6,21014,Chapadinha,MA,2014,1,133,236667,0,0.07222640257663338,-0.07222640257663338,0,1.267603848445284,TRUE,133
P. falciparum,model6,21014,Chapadinha,MA,2014,2,134,236667,0.4225346161484279,0.059805078628614554,0.36272953751981335,0,1.267603848445284,TRUE,133
P. falciparum,model6,21014,Chapadinha,MA,2014,3,135,236667,0.8450692322968558,0.05717220377272775,0.787897028524128,0,0.8450692322968558,TRUE,133
P. falciparum,model6,21015,Codó,MA,2014,1,133,271051,0,0.052980414311723706,-0.052980414311723706,0,1.1068027788128434,TRUE,133
P. falciparum,model6,21015,Codó,MA,2014,2,134,271051,0.3689342596042811,0.04846818675597882,0.3204660728483023,0,0.9315590055008014,TRUE,133
P. falciparum,model6,21015,Codó,MA,2014,3,135,271051,0,0.05285675305765115,-0.05285675305765115,0,1.1068027788128434,TRUE,133
P. falciparum,model6,21016,Coelho Neto,MA,2014,1,133,90879,0,0.004052679266356537,-0.004052679266356537,0,1.1003642205570043,TRUE,133
P. falciparum,model6,21016,Coelho Neto,MA,2014,2,134,90879,0,0.0029933149727302205,-0.0029933149727302205,0,0,TRUE,133
P. falciparum,model6,21016,Coelho Neto,MA,2014,3,135,90879,0,0.0025989058322240135,-0.0025989058322240135,0,0,TRUE,133
P. falciparum,model6,21017,Caxias,MA,2014,1,133,431688,0,0.029747457745293273,-0.029747457745293273,0,0.46329756676117934,TRUE,133
P. falciparum,model6,21017,Caxias,MA,2014,2,134,431688,0,0.032311842145636455,-0.032311842145636455,0,0.46329756676117934,TRUE,133
P. falciparum,model6,21017,Caxias,MA,2014,3,135,431688,0,0.04506903148525952,-0.04506903148525952,0,0.6949463501417691,TRUE,133
P. falciparum,model6,21018,Chapadas do Alto Itapecuru,MA,2014,1,133,215316,0,0.07174384890142381,-0.07174384890142381,0,1.3933010087499305,TRUE,133
P. falciparum,model6,21018,Chapadas do Alto Itapecuru,MA,2014,2,134,215316,0,0.07886774373717935,-0.07886774373717935,0,1.3933010087499305,TRUE,133
P. falciparum,model6,21018,Chapadas do Alto Itapecuru,MA,2014,3,135,215316,0,0.10505598341202811,-0.10505598341202811,0,1.8577346783332405,TRUE,133
P. falciparum,model6,21019,Porto Franco,MA,2014,1,133,116059,0.8616307223050345,0.10324136034994398,0.7583893619550904,0,1.723261444610069,TRUE,133
P. falciparum,model6,21019,Porto Franco,MA,2014,2,134,116059,0,0.06676704933153613,-0.06676704933153613,0,1.723261444610069,TRUE,133
P. falciparum,model6,21019,Porto Franco,MA,2014,3,135,116059,0,0.04953033044834446,-0.04953033044834446,0,1.313986851515158,TRUE,133
P. falciparum,model6,21020,Gerais de Balsas,MA,2014,1,133,138048,0,0.0016264084471052905,-0.0016264084471052905,0,0,TRUE,133
P. falciparum,model6,21020,Gerais de Balsas,MA,2014,2,134,138048,0,0.0014764689932853133,-0.0014764689932853133,0,0,TRUE,133
P. falciparum,model6,21020,Gerais de Balsas,MA,2014,3,135,138048,0,0.0014498314200502636,-0.0014498314200502636,0,0,TRUE,133
P. falciparum,model6,21021,Chapadas das Mangabeiras,MA,2014,1,133,70395,0,6.079815491065721e-4,-6.079815491065721e-4,0,0,TRUE,133
P. falciparum,model6,21021,Chapadas das Mangabeiras,MA,2014,2,134,70395,0,4.7520546045729336e-4,-4.7520546045729336e-4,0,0,TRUE,133
P. falciparum,model6,21021,Chapadas das Mangabeiras,MA,2014,3,135,70395,0,4.6087548545515505e-4,-4.6087548545515505e-4,0,0,TRUE,133
P. falciparum,model6,51001,Aripuanã,MT,2014,1,133,152295,0,1.7561632675299985,-1.7561632675299985,0,19.419547588561628,TRUE,133
P. falciparum,model6,51001,Aripuanã,MT,2014,2,134,152295,0.6566203749302341,1.416780795804394,-0.76016042087416,0,14.133753570373273,TRUE,133
P. falciparum,model6,51001,Aripuanã,MT,2014,3,135,152295,0,1.3904081656730283,-1.3904081656730283,0,15.102268623395384,TRUE,133
P. falciparum,model6,51002,Alta Floresta,MT,2014,1,133,102328,2.9317488859354235,0.8330860610327604,2.098662824902663,0,8.331053084199805,TRUE,133
P. falciparum,model6,51002,Alta Floresta,MT,2014,2,134,102328,0,0.5697110715183489,-0.5697110715183489,0,7.353803455554665,TRUE,133
P. falciparum,model6,51002,Alta Floresta,MT,2014,3,135,102328,0,0.440336507156622,-0.440336507156622,0,4.886248143225706,TRUE,133
P. falciparum,model6,51003,Colíder,MT,2014,1,133,148564,2.6924423144234133,1.067286232792944,1.6251560816304693,0,9.776931154250004,TRUE,133
P. falciparum,model6,51003,Colíder,MT,2014,2,134,148564,0.6731105786058533,0.7974789994234902,-0.12436842081763688,0,6.764761314988796,TRUE,133
P. falciparum,model6,51003,Colíder,MT,2014,3,135,148564,0,0.7043759127324488,-0.7043759127324488,0,7.084488839826591,TRUE,133
P. falciparum,model6,51004,Parecis,MT,2014,1,133,99190,0,0.07410094922086354,-0.07410094922086354,0,1.0081661457808246,TRUE,133
P. falciparum,model6,51004,Parecis,MT,2014,2,134,99190,0,0.09362171330142612,-0.09362171330142612,0,2.0163322915616493,TRUE,133
P. falciparum,model6,51004,Parecis,MT,2014,3,135,99190,0,0.14315471256944834,-0.14315471256944834,0,2.0163322915616493,TRUE,133
P. falciparum,model6,51005,Arinos,MT,2014,1,133,78503,0,0.08277867707595886,-0.08277867707595886,0,1.9426009197100458,TRUE,133
P. falciparum,model6,51005,Arinos,MT,2014,2,134,78503,0,0.0578348160103055,-0.0578348160103055,0,1.2738366686623441,TRUE,133
P. falciparum,model6,51005,Arinos,MT,2014,3,135,78503,0,0.05623308043260223,-0.05623308043260223,0,1.2738366686623441,TRUE,133
P. falciparum,model6,51006,Alto Teles Pires,MT,2014,1,133,223705,0.44701727721776446,0.0583875016616008,0.3886297755561637,0,0.8940345544355289,TRUE,133
P. falciparum,model6,51006,Alto Teles Pires,MT,2014,2,134,223705,0.8940345544355289,0.0337300664760198,0.8603044879595091,0,0.8940345544355289,TRUE,133
P. falciparum,model6,51006,Alto Teles Pires,MT,2014,3,135,223705,0,0.021092605219525315,-0.021092605219525315,0,0.44701727721776446,TRUE,133
P. falciparum,model6,51007,Sinop,MT,2014,1,133,187978,0,0.0737670414719844,-0.0737670414719844,0,1.0639542925235932,TRUE,133
P. falciparum,model6,51007,Sinop,MT,2014,2,134,187978,0,0.06060217457447233,-0.06060217457447233,0,1.0639542925235932,TRUE,133
P. falciparum,model6,51007,Sinop,MT,2014,3,135,187978,0,0.056272137134407596,-0.056272137134407596,0,1.0639542925235932,TRUE,133
P. falciparum,model6,51008,Paranatinga,MT,2014,1,133,34407,0,0.0012968665678576173,-0.0012968665678576173,0,0,TRUE,133
P. falciparum,model6,51008,Paranatinga,MT,2014,2,134,34407,0,0.0011321292474766173,-0.0011321292474766173,0,0,TRUE,133
P. falciparum,model6,51008,Paranatinga,MT,2014,3,135,34407,0,0.0011017498515837323,-0.0011017498515837323,0,0,TRUE,133
P. falciparum,model6,51009,Norte Araguaia,MT,2014,1,133,121056,0,0.0013703003588224748,-0.0013703003588224748,0,0,TRUE,133
P. falciparum,model6,51009,Norte Araguaia,MT,2014,2,134,121056,0,0.0010829182038925443,-0.0010829182038925443,0,0,TRUE,133
P. falciparum,model6,51009,Norte Araguaia,MT,2014,3,135,121056,0,9.363754817370174e-4,-9.363754817370174e-4,0,0,TRUE,133
P. falciparum,model6,51010,Canarana,MT,2014,1,133,106676,0,0.0012706742217512138,-0.0012706742217512138,0,0,TRUE,133
P. falciparum,model6,51010,Canarana,MT,2014,2,134,106676,0,0.0010319527895334233,-0.0010319527895334233,0,0,TRUE,133
P. falciparum,model6,51010,Canarana,MT,2014,3,135,106676,0,0.0010917767454166171,-0.0010917767454166171,0,0,TRUE,133
P. falciparum,model6,51011,Médio Araguaia,MT,2014,1,133,66734,0,1.230299926309456e-4,-1.230299926309456e-4,0,0,TRUE,133
P. falciparum,model6,51011,Médio Araguaia,MT,2014,2,134,66734,0,9.620633663759916e-5,-9.620633663759916e-5,0,0,TRUE,133
P. falciparum,model6,51011,Médio Araguaia,MT,2014,3,135,66734,0,9.246149086537583e-5,-9.246149086537583e-5,0,0,TRUE,133
P. falciparum,model6,51012,Alto Guaporé,MT,2014,1,133,70719,0,0.0011845367663383965,-0.0011845367663383965,0,1.4140471443317921,TRUE,133
P. falciparum,model6,51012,Alto Guaporé,MT,2014,2,134,70719,0,0.0010209900156215787,-0.0010209900156215787,0,1.4140471443317921,TRUE,133
P. falciparum,model6,51012,Alto Guaporé,MT,2014,3,135,70719,0,0.0012988027703485388,-0.0012988027703485388,0,1.4140471443317921,TRUE,133
P. falciparum,model6,51013,Tangará da Serra,MT,2014,1,133,156519,0,0.09960072816131084,-0.09960072816131084,0,1.916700208920323,TRUE,133
P. falciparum,model6,51013,Tangará da Serra,MT,2014,2,134,156519,0,0.08864518759402934,-0.08864518759402934,0,1.916700208920323,TRUE,133
P. falciparum,model6,51013,Tangará da Serra,MT,2014,3,135,156519,0,0.09664662155575765,-0.09664662155575765,0,1.2778001392802152,TRUE,133
P. falciparum,model6,51014,Jauru,MT,2014,1,133,107828,0,0.022971487805350094,-0.022971487805350094,0,0.9274029009162741,TRUE,133
P. falciparum,model6,51014,Jauru,MT,2014,2,134,107828,0,0.017616320783617582,-0.017616320783617582,0,0.9274029009162741,TRUE,133
P. falciparum,model6,51014,Jauru,MT,2014,3,135,107828,0,0.016755609754378734,-0.016755609754378734,0,0.9274029009162741,TRUE,133
P. falciparum,model6,51015,Alto Paraguai,MT,2014,1,133,32657,0,0.012328370558507057,-0.012328370558507057,0,3.062130630492697,TRUE,133
P. falciparum,model6,51015,Alto Paraguai,MT,2014,2,134,32657,0,0.010925359371999661,-0.010925359371999661,0,0,TRUE,133
P. falciparum,model6,51015,Alto Paraguai,MT,2014,3,135,32657,0,0.011747071631298628,-0.011747071631298628,0,1.6076185810085963,TRUE,133
P. falciparum,model6,51016,Rosário Oeste,MT,2014,1,133,30560,0,0.007046541967535657,-0.007046541967535657,0,0,TRUE,133
P. falciparum,model6,51016,Rosário Oeste,MT,2014,2,134,30560,0,0.0051385674984098925,-0.0051385674984098925,0,0,TRUE,133
P. falciparum,model6,51016,Rosário Oeste,MT,2014,3,135,30560,0,0.005062880493839627,-0.005062880493839627,0,0,TRUE,133
P. falciparum,model6,51017,Cuiabá,MT,2014,1,133,890277,0,0.03565233174831687,-0.03565233174831687,0,0.3959441836641829,TRUE,133
P. falciparum,model6,51017,Cuiabá,MT,2014,2,134,890277,0,0.024512488949186274,-0.024512488949186274,0,0.33697377333122164,TRUE,133
P. falciparum,model6,51017,Cuiabá,MT,2014,3,135,890277,0,0.0234565163597482,-0.0234565163597482,0,0.33697377333122164,TRUE,133
P. falciparum,model6,51018,Alto Pantanal,MT,2014,1,133,134727,0,0.011570284971919476,-0.011570284971919476,0,0.7422417184380266,TRUE,133
P. falciparum,model6,51018,Alto Pantanal,MT,2014,2,134,134727,0,0.008040037207511425,-0.008040037207511425,0,0.7422417184380266,TRUE,133
P. falciparum,model6,51018,Alto Pantanal,MT,2014,3,135,134727,0,-9.693181366624649e-4,9.693181366624649e-4,0,0,TRUE,133
P. falciparum,model6,51019,Primavera do Leste,MT,2014,1,133,93250,0,0.0022112532869545897,-0.0022112532869545897,0,0,TRUE,133
P. falciparum,model6,51019,Primavera do Leste,MT,2014,2,134,93250,0,0.0017404170933102304,-0.0017404170933102304,0,0,TRUE,133
P. falciparum,model6,51019,Primavera do Leste,MT,2014,3,135,93250,0,0.001727858059813101,-0.001727858059813101,0,0,TRUE,133
P. falciparum,model6,51020,Tesouro,MT,2014,1,133,54544,0,6.748885856183691e-4,-6.748885856183691e-4,0,0,TRUE,133
P. falciparum,model6,51020,Tesouro,MT,2014,2,134,54544,0,5.47216119256204e-4,-5.47216119256204e-4,0,0,TRUE,133
P. falciparum,model6,51020,Tesouro,MT,2014,3,135,54544,0,5.158254401479017e-4,-5.158254401479017e-4,0,0,TRUE,133
P. falciparum,model6,51021,Rondonópolis,MT,2014,1,133,294225,0,0.0021877539417869195,-0.0021877539417869195,0,0.33987594527997284,TRUE,133
P. falciparum,model6,51021,Rondonópolis,MT,2014,2,134,294225,0,0.0015485422823695676,-0.0015485422823695676,0,0,TRUE,133
P. falciparum,model6,51021,Rondonópolis,MT,2014,3,135,294225,0,0.0012092427976307292,-0.0012092427976307292,0,0,TRUE,133
P. falciparum,model6,51022,Alto Araguaia,MT,2014,1,133,37615,0,4.120013388690866e-4,-4.120013388690866e-4,0,0,TRUE,133
P. falciparum,model6,51022,Alto Araguaia,MT,2014,2,134,37615,0,3.6955355535970403e-4,-3.6955355535970403e-4,0,0,TRUE,133
P. falciparum,model6,51022,Alto Araguaia,MT,2014,3,135,37615,0,3.7998838399502056e-4,-3.7998838399502056e-4,0,0,TRUE,133
P. falciparum,model6,11001,Porto Velho,RO,2015,1,145,637530,12.548429093532855,8.495467988940142,4.052961104592713,1.7254090003607674,63.31074616096495,TRUE,145
P. falciparum,model6,11001,Porto Velho,RO,2015,2,146,637530,10.666164729502926,6.736395448138844,3.9297692813640817,1.172493843426976,50.92701519928472,TRUE,145
P. falciparum,model6,11001,Porto Velho,RO,2015,3,147,637530,8.156478910796356,7.02746676878809,1.129012142008266,1.47836180258184,50.67212523332235,TRUE,145
P. falciparum,model6,11002,Guajará-Mirim,RO,2015,1,145,82285,0,0.6949873138955673,-0.6949873138955673,0,9.722306617244941,TRUE,145
P. falciparum,model6,11002,Guajará-Mirim,RO,2015,2,146,82285,0,0.5865736078165708,-0.5865736078165708,0,9.145044661845995,TRUE,145
P. falciparum,model6,11002,Guajará-Mirim,RO,2015,3,147,82285,0,0.621335158612186,-0.621335158612186,0,9.145044661845995,TRUE,145
P. falciparum,model6,11003,Ariquemes,RO,2015,1,145,198611,0,1.4203971706688148,-1.4203971706688148,0,13.090916414498693,TRUE,145
P. falciparum,model6,11003,Ariquemes,RO,2015,2,146,198611,0.5034967851730267,1.1474255035757868,-0.6439287184027601,0,10.33427151567636,TRUE,145
P. falciparum,model6,11003,Ariquemes,RO,2015,3,147,198611,0,1.0855608430331507,-1.0855608430331507,0,9.830774730503334,TRUE,145
P. falciparum,model6,11004,Ji-Paraná,RO,2015,1,145,316823,0.31563365033472945,0.22703696616225516,0.0885966841724743,0,2.5250692026778356,TRUE,145
P. falciparum,model6,11004,Ji-Paraná,RO,2015,2,146,316823,0,0.16586771430577604,-0.16586771430577604,0,2.0595095684341027,TRUE,145
P. falciparum,model6,11004,Ji-Paraná,RO,2015,3,147,316823,0,0.1794435688576533,-0.1794435688576533,0,1.893801902008377,TRUE,145
P. falciparum,model6,11005,Alvorada D'Oeste,RO,2015,1,145,75169,7.982013862097406,0.3116678849625398,7.6703459771348665,0,3.991006931048703,FALSE,145
P. falciparum,model6,11005,Alvorada D'Oeste,RO,2015,2,146,75169,0,0.23377279568431653,-0.23377279568431653,0,3.991006931048703,TRUE,145
P. falciparum,model6,11005,Alvorada D'Oeste,RO,2015,3,147,75169,3.991006931048703,0.2203180251543591,3.770688905894344,0,3.3590975002992947,FALSE,145
P. falciparum,model6,11006,Cacoal,RO,2015,1,145,248619,0.4022218736299317,0.15402003054368546,0.24820184308624627,0,2.222275851805364,TRUE,145
P. falciparum,model6,11006,Cacoal,RO,2015,2,146,248619,0,0.11668573664019014,-0.11668573664019014,0,2.0111093681496586,TRUE,145
P. falciparum,model6,11006,Cacoal,RO,2015,3,147,248619,0,0.12732562410896164,-0.12732562410896164,0,2.4133312417795905,TRUE,145
P. falciparum,model6,11007,Vilhena,RO,2015,1,145,154743,0.6462327859741636,0.23166132727111424,0.41457145870304934,0,3.2311639298708177,TRUE,145
P. falciparum,model6,11007,Vilhena,RO,2015,2,146,154743,0,0.1728122497999277,-0.1728122497999277,0,2.5849311438966542,TRUE,145
P. falciparum,model6,11007,Vilhena,RO,2015,3,147,154743,0,0.19687820346094675,-0.19687820346094675,0,2.9242033565330754,TRUE,145
P. falciparum,model6,11008,Colorado do Oeste,RO,2015,1,145,54424,0,0.27718520467285057,-0.27718520467285057,0,5.512273996766133,TRUE,145
P. falciparum,model6,11008,Colorado do Oeste,RO,2015,2,146,54424,0,0.2176095181070626,-0.2176095181070626,0,3.6748493311774215,TRUE,145
P. falciparum,model6,11008,Colorado do Oeste,RO,2015,3,147,54424,0,0.23461742572104366,-0.23461742572104366,0,3.6748493311774215,TRUE,145
P. falciparum,model6,12001,Cruzeiro do Sul,AC,2015,1,145,143320,385.1521071727603,312.30943339695006,72.84267377581023,111.76039631593638,2531.8343566843423,TRUE,145
P. falciparum,model6,12001,Cruzeiro do Sul,AC,2015,2,146,143320,260.95450739603683,233.30574225242563,27.6487651436112,87.84538096567123,1920.597264861843,TRUE,145
P. falciparum,model6,12001,Cruzeiro do Sul,AC,2015,3,147,143320,223.97432319285517,234.6918926384126,-10.717569445557444,86.27546748534749,2001.552469997206,TRUE,145
P. falciparum,model6,12002,Tarauacá,AC,2015,1,145,78713,0,16.842615451816698,-16.842615451816698,0,132.6972672874869,TRUE,145
P. falciparum,model6,12002,Tarauacá,AC,2015,2,146,78713,1.2704381741262563,12.044158533642008,-10.773720359515751,1.2704381741262563,102.30203397151675,TRUE,145
P. falciparum,model6,12002,Tarauacá,AC,2015,3,147,78713,0,11.103402410947863,-11.103402410947863,0.6034581327099735,89.66117413896043,FALSE,145
P. falciparum,model6,12003,Sena Madureira,AC,2015,1,145,56200,0,0.013091144915326102,-0.013091144915326102,0,1.779359430604982,TRUE,145
P. falciparum,model6,12003,Sena Madureira,AC,2015,2,146,56200,0,0.012509579297860183,-0.012509579297860183,0,1.779359430604982,TRUE,145
P. falciparum,model6,12003,Sena Madureira,AC,2015,3,147,56200,0,0.012872955145108255,-0.012872955145108255,0,1.779359430604982,TRUE,145
P. falciparum,model6,12004,Rio Branco,AC,2015,1,145,460354,0.8688965448328895,0.4583469290865612,0.41054961574632826,0,5.33828314731705,TRUE,145
P. falciparum,model6,12004,Rio Branco,AC,2015,2,146,460354,0.6516724086246671,0.3401761581605709,0.31149625046409624,0,3.8068529870490915,TRUE,145
P. falciparum,model6,12004,Rio Branco,AC,2015,3,147,460354,0.43444827241644474,0.36702969084610865,0.06741858157033609,0,4.024077123257314,TRUE,145
P. falciparum,model6,12005,Brasiléia,AC,2015,1,145,64926,0,0.09665872693595656,-0.09665872693595656,0,3.0804300280319135,TRUE,145
P. falciparum,model6,12005,Brasiléia,AC,2015,2,146,64926,0,0.059174576567633315,-0.059174576567633315,0,1.5402150140159567,TRUE,145
P. falciparum,model6,12005,Brasiléia,AC,2015,3,147,64926,0,0.04205776698740553,-0.04205776698740553,0,1.5402150140159567,TRUE,145
P. falciparum,model6,13001,Rio Negro,AM,2015,1,145,110602,67.81070866711272,24.858321129961972,42.95238753715075,5.4248566933690165,182.4786170232,TRUE,145
P. falciparum,model6,13001,Rio Negro,AM,2015,2,146,110602,136.5255601164536,22.59049429612033,113.93506582033326,3.616571128912678,170.7699679933452,TRUE,145
P. falciparum,model6,13001,Rio Negro,AM,2015,3,147,110602,92.22256378727329,25.405024038367106,66.81753974890619,4.950181732699228,176.8277246342742,TRUE,145
P. falciparum,model6,13002,Japurá,AM,2015,1,145,23548,8.493290300662476,22.858709638648868,-14.365419337986392,0,231.54832682181066,TRUE,145
P. falciparum,model6,13002,Japurá,AM,2015,2,146,23548,8.493290300662476,21.05785540515381,-12.564565104491333,0,214.5617462204857,TRUE,145
P. falciparum,model6,13002,Japurá,AM,2015,3,147,23548,72.19296755563104,24.52760213400375,47.66536542162729,0,282.72040088330186,TRUE,145
P. falciparum,model6,13003,Alto Solimões,AM,2015,1,145,245521,51.72673620586427,18.392048804427898,33.33468740143637,3.6656742193132157,134.46914927847305,TRUE,145
P. falciparum,model6,13003,Alto Solimões,AM,2015,2,146,245521,57.42889610257371,26.518354579226678,30.91054152334703,5.2948627612302,214.74741468143245,TRUE,145
P. falciparum,model6,13003,Alto Solimões,AM,2015,3,147,245521,67.20402735407562,35.125208862527685,32.078818491547935,11.597785932771535,286.6760888070671,TRUE,145
P. falciparum,model6,13004,Juruá,AM,2015,1,145,144754,73.91851002390263,56.05551456935445,17.862995454548177,17.89242438896335,517.6540890061755,TRUE,145
P. falciparum,model6,13004,Juruá,AM,2015,2,146,144754,48.357903753954986,54.77545994682649,-6.417556192871501,15.889025519156638,475.0300509830464,TRUE,145
P. falciparum,model6,13004,Juruá,AM,2015,3,147,144754,99.47911629385027,67.80163623527042,31.677480058579846,19.636763060088153,555.7359382124152,TRUE,145
P. falciparum,model6,13005,Tefé,AM,2015,1,145,91110,31.829656459225113,20.672009431614917,11.157647027610196,2.7164965426407655,166.9959389748654,TRUE,145
P. falciparum,model6,13005,Tefé,AM,2015,2,146,91110,24.14663593458457,20.190255493494476,3.9563804410900936,3.8140709033037004,177.23081988804645,TRUE,145
P. falciparum,model6,13005,Tefé,AM,2015,3,147,91110,31.829656459225113,23.909399578361718,7.920256880863395,5.4878718033146745,192.5694215783115,TRUE,145
P. falciparum,model6,13006,Coari,AM,2015,1,145,172058,0,0.23763145704060568,-0.23763145704060568,0,2.9059968150274904,TRUE,145
P. falciparum,model6,13006,Coari,AM,2015,2,146,172058,0.5811993630054981,0.26558967792583416,0.31560968507966397,0,3.4871961780329888,TRUE,145
P. falciparum,model6,13006,Coari,AM,2015,3,147,172058,0,0.3224580582352654,-0.3224580582352654,0,4.068395541038487,TRUE,145
P. falciparum,model6,13007,Manaus,AM,2015,1,145,2327732,0.6014438088233525,0.386265446793997,0.21517836202935547,0,2.841821996690335,TRUE,145
P. falciparum,model6,13007,Manaus,AM,2015,2,146,2327732,0.30072190441167623,0.3315859103938386,-0.03086400598216238,0,2.7580494661756516,TRUE,145
P. falciparum,model6,13007,Manaus,AM,2015,3,147,2327732,0.042960272058810894,0.34322569456777274,-0.3002654225089618,0,3.165098043932886,TRUE,145
P. falciparum,model6,13008,Rio Preto da Eva,AM,2015,1,145,63342,0,0.2596938052679535,-0.2596938052679535,0,4.7361939945060145,TRUE,145
P. falciparum,model6,13008,Rio Preto da Eva,AM,2015,2,146,63342,1.578731331502005,0.19728808627261135,1.3814432452293937,0,3.9862966120425263,TRUE,145
P. falciparum,model6,13008,Rio Preto da Eva,AM,2015,3,147,63342,1.578731331502005,0.16948578743837764,1.4092455440636273,0,3.15746266300401,TRUE,145
P. falciparum,model6,13009,Itacoatiara,AM,2015,1,145,171452,0,0.055617011656952056,-0.055617011656952056,0,1.1665072440099853,TRUE,145
P. falciparum,model6,13009,Itacoatiara,AM,2015,2,146,171452,0,0.04431704694665831,-0.04431704694665831,0,1.1665072440099853,TRUE,145
P. falciparum,model6,13009,Itacoatiara,AM,2015,3,147,171452,0,0.04168199483872769,-0.04168199483872769,0,1.1665072440099853,TRUE,145
P. falciparum,model6,13010,Parintins,AM,2015,1,145,270186,0.7402308039646761,0.7866099609757885,-0.04637915701111239,0,6.3104676037988465,TRUE,145
P. falciparum,model6,13010,Parintins,AM,2015,2,146,270186,0.37011540198233805,0.6468557956701395,-0.27674039368780146,0,7.2265032237051425,TRUE,145
P. falciparum,model6,13010,Parintins,AM,2015,3,147,270186,0.37011540198233805,0.5317342319704469,-0.16161882998810884,0,6.116157017758128,TRUE,145
P. falciparum,model6,13011,Boca do Acre,AM,2015,1,145,52876,52.954081246690365,28.225386209580847,24.728695037109517,3.782434374763598,246.5201603752169,TRUE,145
P. falciparum,model6,13011,Boca do Acre,AM,2015,2,146,52876,28.368257810726984,21.05179239291097,7.316465417816016,3.782434374763598,209.02677963537326,TRUE,145
P. falciparum,model6,13011,Boca do Acre,AM,2015,3,147,52876,18.91217187381799,25.623483949149346,-6.711312075331357,3.782434374763598,253.5176639685301,TRUE,145
P. falciparum,model6,13012,Purus,AM,2015,1,145,76545,61.40178979685152,61.123322587017334,0.27846720983418294,13.064210595074792,541.0542817950222,TRUE,145
P. falciparum,model6,13012,Purus,AM,2015,2,146,76545,91.44947416552354,64.11984364340088,27.329630522122656,18.910444836370765,586.354432033444,TRUE,145
P. falciparum,model6,13012,Purus,AM,2015,3,147,76545,82.30452674897118,80.45046104024304,1.8540657087281431,14.991181657848326,776.9286040890971,TRUE,145
P. falciparum,model6,13013,Madeira,AM,2015,1,145,188610,3.1811674884682675,3.782811714822213,-0.6016442263539457,0,35.827898838873836,TRUE,145
P. falciparum,model6,13013,Madeira,AM,2015,2,146,188610,2.65097290705689,3.5950449145220658,-0.9440720074651758,0,36.662955304596714,TRUE,145
P. falciparum,model6,13013,Madeira,AM,2015,3,147,188610,6.362334976936535,4.327181431578899,2.0351535453576357,0,35.01935210222149,TRUE,145
P. falciparum,model6,14001,Boa Vista,RR,2015,1,145,359804,12.784738357550223,16.801876217633218,-4.017137860082995,4.578881835666085,138.5546019499505,TRUE,145
P. falciparum,model6,14001,Boa Vista,RR,2015,2,146,359804,10.283376504986048,13.162571937511613,-2.879195432525565,3.467165456748675,101.0341741614879,TRUE,145
P. falciparum,model6,14001,Boa Vista,RR,2015,3,147,359804,10.005447410256695,12.440280446990455,-2.4348330367337603,3.7450945514780276,100.78403797623147,TRUE,145
P. falciparum,model6,14002,Nordeste de Roraima,RR,2015,1,145,47524,8.416799932665601,6.630401431146575,1.7863985015190256,0,78.96010436831912,TRUE,145
P. falciparum,model6,14002,Nordeste de Roraima,RR,2015,2,146,47524,0,5.880621382598695,-5.880621382598695,0,53.709704570322316,TRUE,145
P. falciparum,model6,14002,Nordeste de Roraima,RR,2015,3,147,47524,8.416799932665601,5.300528850289804,3.116271082375797,0,48.3965996128272,TRUE,145
P. falciparum,model6,14003,Caracaraí,RR,2015,1,145,46961,14.905985818019207,6.821563433587881,8.084422384431326,0,62.87131875385953,TRUE,145
P. falciparum,model6,14003,Caracaraí,RR,2015,2,146,46961,4.2588530908626305,6.167225325938936,-1.908372235076305,0,47.96533293584033,TRUE,145
P. falciparum,model6,14003,Caracaraí,RR,2015,3,147,46961,2.1294265454313153,6.580825164399922,-4.451398618968607,0,57.600988053916986,TRUE,145
P. falciparum,model6,14004,Sudeste de Roraima,RR,2015,1,145,51376,15.571473061351606,8.395065071408808,7.176407989942797,0,83.89131111803158,TRUE,145
P. falciparum,model6,14004,Sudeste de Roraima,RR,2015,2,146,51376,7.785736530675803,7.011531929045573,0.7742046016302302,0,76.93280909374022,TRUE,145
P. falciparum,model6,14004,Sudeste de Roraima,RR,2015,3,147,51376,3.8928682653379014,5.923671528421248,-2.0308032630833464,0,69.24439426969778,TRUE,145
P. falciparum,model6,15001,Óbidos,PA,2015,1,145,198751,0,0.11914896917095597,-0.11914896917095597,0,2.0125684902214327,TRUE,145
P. falciparum,model6,15001,Óbidos,PA,2015,2,146,198751,0,0.09261931520475679,-0.09261931520475679,0,1.5094263676660746,TRUE,145
P. falciparum,model6,15001,Óbidos,PA,2015,3,147,198751,0,0.08704899350095764,-0.08704899350095764,0,1.2704338594522682,TRUE,145
P. falciparum,model6,15002,Santarém,PA,2015,1,145,507271,0.5913998631894983,0.7370418860076227,-0.14564202281812433,0,7.313644974776778,TRUE,145
P. falciparum,model6,15002,Santarém,PA,2015,2,146,507271,0.19713328772983277,0.6882990108793329,-0.49116572314950013,0,7.500921598120128,TRUE,145
P. falciparum,model6,15002,Santarém,PA,2015,3,147,507271,0,0.639800252264867,-0.639800252264867,0,7.106655022660463,TRUE,145
P. falciparum,model6,15003,Almeirim,PA,2015,1,145,71843,1.3919240566234707,1.5740635214489753,-0.18213946482550458,0,18.16460893893623,TRUE,145
P. falciparum,model6,15003,Almeirim,PA,2015,2,146,71843,0,1.2469689515070321,-1.2469689515070321,0,12.527316509611236,TRUE,145
P. falciparum,model6,15003,Almeirim,PA,2015,3,147,71843,0,1.0440553899594398,-1.0440553899594398,0,11.135392452987766,TRUE,145
P. falciparum,model6,15004,Portel,PA,2015,1,145,144594,0,0.18640507167521533,-0.18640507167521533,0,3.8210437500864334,TRUE,145
P. falciparum,model6,15004,Portel,PA,2015,2,146,144594,0,0.23589109899988941,-0.23589109899988941,0,3.8210437500864334,TRUE,145
P. falciparum,model6,15004,Portel,PA,2015,3,147,144594,0,0.27969538571535235,-0.27969538571535235,0,4.149549773849538,TRUE,145
P. falciparum,model6,15005,Furos de Breves,PA,2015,1,145,220578,41.2552475768209,11.606610503985845,29.648637072835054,2.720126213856323,106.36826882100658,TRUE,145
P. falciparum,model6,15005,Furos de Breves,PA,2015,2,146,220578,50.322334956341976,11.112557260884113,39.20977769545786,1.8134174759042154,95.01174187815644,TRUE,145
P. falciparum,model6,15005,Furos de Breves,PA,2015,3,147,220578,43.975373790677224,10.423644509953942,33.55172928072328,2.720126213856323,90.73887695055711,TRUE,145
P. falciparum,model6,15006,Arari,PA,2015,1,145,168225,0.5944419676029128,0.28399823783128647,0.3104437297716263,0,3.8787338386089925,TRUE,145
P. falciparum,model6,15006,Arari,PA,2015,2,146,168225,0.5944419676029128,0.41244158280898713,0.18200038479392566,0,4.161093773220389,TRUE,145
P. falciparum,model6,15006,Arari,PA,2015,3,147,168225,0.5944419676029128,0.48265083487317567,0.11179113272973712,0,5.349977708426215,TRUE,145
P. falciparum,model6,15007,Belém,PA,2015,1,145,2261942,0,0.04227449480193509,-0.04227449480193509,0,0.5095179275153818,TRUE,145
P. falciparum,model6,15007,Belém,PA,2015,2,146,2261942,0,0.036935175791717546,-0.036935175791717546,0,0.3536783878631724,TRUE,145
P. falciparum,model6,15007,Belém,PA,2015,3,147,2261942,0,0.03173433379738711,-0.03173433379738711,0,0.39788818634606904,TRUE,145
P. falciparum,model6,15008,Castanhal,PA,2015,1,145,324645,0,0.015293170753453343,-0.015293170753453343,0,0.3080287698871075,TRUE,145
P. falciparum,model6,15008,Castanhal,PA,2015,2,146,324645,0,0.010216888446206454,-0.010216888446206454,0,0.3080287698871075,TRUE,145
P. falciparum,model6,15008,Castanhal,PA,2015,3,147,324645,0,0.007637187208778718,-0.007637187208778718,0,0.3080287698871075,TRUE,145
P. falciparum,model6,15009,Salgado,PA,2015,1,145,260362,0,0.07669546532778697,-0.07669546532778697,0,1.152241878615159,TRUE,145
P. falciparum,model6,15009,Salgado,PA,2015,2,146,260362,0,0.050559883075330034,-0.050559883075330034,0,0.7681612524101059,TRUE,145
P. falciparum,model6,15009,Salgado,PA,2015,3,147,260362,0,0.03551501846145693,-0.03551501846145693,0,0.7681612524101059,TRUE,145
P. falciparum,model6,15010,Bragantina,PA,2015,1,145,405443,0,0.02217671188433609,-0.02217671188433609,0,0.49328758913090126,TRUE,145
P. falciparum,model6,15010,Bragantina,PA,2015,2,146,405443,0,0.01818033610553161,-0.01818033610553161,0,0.49328758913090126,TRUE,145
P. falciparum,model6,15010,Bragantina,PA,2015,3,147,405443,0,0.018531509830988464,-0.018531509830988464,0,0.3761317867123066,TRUE,145
P. falciparum,model6,15011,Cametá,PA,2015,1,145,473045,0,0.07381126620255896,-0.07381126620255896,0,0.8455855151201259,TRUE,145
P. falciparum,model6,15011,Cametá,PA,2015,2,146,473045,0,0.07235181877095173,-0.07235181877095173,0,1.0569818939001574,TRUE,145
P. falciparum,model6,15011,Cametá,PA,2015,3,147,473045,0,0.06383568640177459,-0.06383568640177459,0,0.8455855151201259,TRUE,145
P. falciparum,model6,15012,Tomé-Açu,PA,2015,1,145,320418,0,0.06005277064528902,-0.06005277064528902,0,0.9362769881841844,TRUE,145
P. falciparum,model6,15012,Tomé-Açu,PA,2015,2,146,320418,0,0.04058490599784527,-0.04058490599784527,0,0.6241846587894563,TRUE,145
P. falciparum,model6,15012,Tomé-Açu,PA,2015,3,147,320418,0,0.035117632971902624,-0.035117632971902624,0,0.6241846587894563,TRUE,145
P. falciparum,model6,15013,Guamá,PA,2015,1,145,460985,0,0.039712415097989104,-0.039712415097989104,0,0.6507803941559921,TRUE,145
P. falciparum,model6,15013,Guamá,PA,2015,2,146,460985,0,0.03871387216385728,-0.03871387216385728,0,0.6507803941559921,TRUE,145
P. falciparum,model6,15013,Guamá,PA,2015,3,147,460985,0,0.03898323859680324,-0.03898323859680324,0,0.8677071922079894,TRUE,145
P. falciparum,model6,15014,Itaituba,PA,2015,1,145,214099,43.43784884562749,39.5878218005819,3.850027045045593,13.766995642202907,332.80164783581426,TRUE,145
P. falciparum,model6,15014,Itaituba,PA,2015,2,146,214099,26.623197679578137,33.41810870860705,-6.794911029028913,9.5399791685155,295.6109089720172,TRUE,145
P. falciparum,model6,15014,Itaituba,PA,2015,3,147,214099,23.820755818569914,29.453703233030275,-5.632947414460361,7.473178296021934,250.51494869196011,TRUE,145
P. falciparum,model6,15015,Altamira,PA,2015,1,145,294165,0.6798905376234426,0.9712767653929902,-0.2913862277695476,0,10.733771862730077,TRUE,145
P. falciparum,model6,15015,Altamira,PA,2015,2,146,294165,0,0.709771366428921,-0.709771366428921,0,8.031206975676877,TRUE,145
P. falciparum,model6,15015,Altamira,PA,2015,3,147,294165,0,0.5296366488187141,-0.5296366488187141,0,6.29748610473713,TRUE,145
P. falciparum,model6,15016,Tucuruí,PA,2015,1,145,362863,0.2755861027440108,0.29885755718766316,-0.023271454443652362,0,3.5826193356721405,TRUE,145
P. falciparum,model6,15016,Tucuruí,PA,2015,2,146,362863,0,0.22965211945033476,-0.22965211945033476,0,2.900543731380708,TRUE,145
P. falciparum,model6,15016,Tucuruí,PA,2015,3,147,362863,0.2755861027440108,0.16692260110399135,0.10866350164001945,0,2.073785423148675,TRUE,145
P. falciparum,model6,15017,Paragominas,PA,2015,1,145,328594,0.3043269201507027,0.21126828191328734,0.09305863823741534,0,2.7389422813563242,TRUE,145
P. falciparum,model6,15017,Paragominas,PA,2015,2,146,328594,0,0.18420768805900525,-0.18420768805900525,0,2.4346153612056214,TRUE,145
P. falciparum,model6,15017,Paragominas,PA,2015,3,147,328594,0,0.14754160064368493,-0.14754160064368493,0,1.8259615209042164,TRUE,145
P. falciparum,model6,15018,São Félix do Xingu,PA,2015,1,145,199960,0,0.0988398128304493,-0.0988398128304493,0,1.5003000600120024,TRUE,145
P. falciparum,model6,15018,São Félix do Xingu,PA,2015,2,146,199960,0,0.08075371407089786,-0.08075371407089786,0,1.5003000600120024,TRUE,145
P. falciparum,model6,15018,São Félix do Xingu,PA,2015,3,147,199960,0,0.07507021442436776,-0.07507021442436776,0,1.0002000400080016,TRUE,145
P. falciparum,model6,15019,Parauapebas,PA,2015,1,145,300231,0,0.08672809354982176,-0.08672809354982176,0,1.3323074565917579,TRUE,145
P. falciparum,model6,15019,Parauapebas,PA,2015,2,146,300231,0,0.07099683890016943,-0.07099683890016943,0,0.9992305924438182,TRUE,145
P. falciparum,model6,15019,Parauapebas,PA,2015,3,147,300231,0,0.06349315209012489,-0.06349315209012489,0,0.9992305924438182,TRUE,145
P. falciparum,model6,15020,Marabá,PA,2015,1,145,314713,0,0.14597455544700172,-0.14597455544700172,0,1.5887491142723689,TRUE,145
P. falciparum,model6,15020,Marabá,PA,2015,2,146,314713,0,0.1188776550044746,-0.1188776550044746,0,1.9064989371268426,TRUE,145
P. falciparum,model6,15020,Marabá,PA,2015,3,147,314713,0,0.1045385970799213,-0.1045385970799213,0,1.270999291417895,TRUE,145
P. falciparum,model6,15021,Redenção,PA,2015,1,145,189772,0.5269481272263559,0.06522766062496507,0.46172046660139077,0,1.5808443816790676,TRUE,145
P. falciparum,model6,15021,Redenção,PA,2015,2,146,189772,0,0.06705537060478416,-0.06705537060478416,0,1.5808443816790676,TRUE,145
P. falciparum,model6,15021,Redenção,PA,2015,3,147,189772,0,0.07380916510966343,-0.07380916510966343,0,1.5808443816790676,TRUE,145
P. falciparum,model6,15022,Conceição do Araguaia,PA,2015,1,145,152614,0,0.053078173679204206,-0.053078173679204206,0,1.3104957605462146,TRUE,145
P. falciparum,model6,15022,Conceição do Araguaia,PA,2015,2,146,152614,0,0.05592946597666817,-0.05592946597666817,0,1.3104957605462146,TRUE,145
P. falciparum,model6,15022,Conceição do Araguaia,PA,2015,3,147,152614,0,0.05714439985053535,-0.05714439985053535,0,1.3104957605462146,TRUE,145
P. falciparum,model6,16001,Oiapoque,AP,2015,1,145,34426,46.47650031952594,37.55103237846143,8.925467941064511,2.9047812699703712,313.86161622029846,TRUE,145
P. falciparum,model6,16001,Oiapoque,AP,2015,2,146,34426,5.8095625399407425,24.307867338743026,-18.498304798802284,0,201.95491779469,TRUE,145
P. falciparum,model6,16001,Oiapoque,AP,2015,3,147,34426,31.952593969674087,22.942228576635923,9.010365393038164,0,178.71666763492703,TRUE,145
P. falciparum,model6,16002,Amapá,AP,2015,1,145,28365,3.5254715318173804,4.369827267414215,-0.8443557355968347,0,49.35660144544333,TRUE,145
P. falciparum,model6,16002,Amapá,AP,2015,2,146,28365,0,3.359189660732493,-3.359189660732493,0,42.30565838180857,TRUE,145
P. falciparum,model6,16002,Amapá,AP,2015,3,147,28365,3.5254715318173804,2.3680900742599027,1.1573814575574777,0,24.678300722721666,TRUE,145
P. falciparum,model6,16003,Macapá,AP,2015,1,145,624241,7.368948851485244,7.268876869967165,0.10007198151807906,2.08252902324583,61.82708280936355,TRUE,145
P. falciparum,model6,16003,Macapá,AP,2015,2,146,624241,5.126225287989734,6.896335283358354,-1.7701099953686201,1.5178432688657106,61.75900012975758,TRUE,145
P. falciparum,model6,16003,Macapá,AP,2015,3,147,624241,4.16505804649166,4.818351094494484,-0.6532930480028245,1.441750862247113,46.93700029315601,TRUE,145
P. falciparum,model6,16004,Mazagão,AP,2015,1,145,79647,26.36634148178839,15.635298912182488,10.7310425696059,1.255540070561352,158.1666603889658,TRUE,145
P. falciparum,model6,16004,Mazagão,AP,2015,2,146,79647,27.62188155234974,13.880313794180688,13.741567758169053,2.511080141122704,122.44654538149581,TRUE,145
P. falciparum,model6,16004,Mazagão,AP,2015,3,147,79647,15.066480846736223,13.326020009068356,1.7404608376678663,0,123.76486245558519,TRUE,145
P. falciparum,model6,17001,Bico do Papagaio,TO,2015,1,145,210839,0,0.02355115757874142,-0.02355115757874142,0,0.9485911050612079,TRUE,145
P. falciparum,model6,17001,Bico do Papagaio,TO,2015,2,146,210839,0,0.019989630069182116,-0.019989630069182116,0,0.47429555253060396,TRUE,145
P. falciparum,model6,17001,Bico do Papagaio,TO,2015,3,147,210839,0,0.020582033839527464,-0.020582033839527464,0,0.47429555253060396,TRUE,145
P. falciparum,model6,17002,Araguaína,TO,2015,1,145,306848,0,0.012504833414793382,-0.012504833414793382,0,0.3258942538325164,TRUE,145
P. falciparum,model6,17002,Araguaína,TO,2015,2,146,306848,0,0.009647703441381475,-0.009647703441381475,0,0.49698873709458014,TRUE,145
P. falciparum,model6,17002,Araguaína,TO,2015,3,147,306848,0,0.008264831254747198,-0.008264831254747198,0,0.3258942538325164,TRUE,145
P. falciparum,model6,17003,Miracema do Tocantins,TO,2015,1,145,148608,0,0.001977256228384185,-0.001977256228384185,0,0,TRUE,145
P. falciparum,model6,17003,Miracema do Tocantins,TO,2015,2,146,148608,0,0.0018838706080332756,-0.0018838706080332756,0,0,TRUE,145
P. falciparum,model6,17003,Miracema do Tocantins,TO,2015,3,147,148608,0,0.0020172434154408668,-0.0020172434154408668,0,0.6729112833763996,TRUE,145
P. falciparum,model6,17004,Rio Formoso,TO,2015,1,145,124739,0,0.0034316074023785777,-0.0034316074023785777,0,0,TRUE,145
P. falciparum,model6,17004,Rio Formoso,TO,2015,2,146,124739,0,0.0025391557968125543,-0.0025391557968125543,0,0,TRUE,145
P. falciparum,model6,17004,Rio Formoso,TO,2015,3,147,124739,0,0.0025416033085446034,-0.0025416033085446034,0,0,TRUE,145
P. falciparum,model6,17005,Gurupi,TO,2015,1,145,147284,0,0.001039155354352953,-0.001039155354352953,0,0,TRUE,145
P. falciparum,model6,17005,Gurupi,TO,2015,2,146,147284,0,7.063912655080553e-4,-7.063912655080553e-4,0,0,TRUE,145
P. falciparum,model6,17005,Gurupi,TO,2015,3,147,147284,0,6.043806504416238e-4,-6.043806504416238e-4,0,0,TRUE,145
P. falciparum,model6,17006,Porto Nacional,TO,2015,1,145,375255,0,0.013474945822405512,-0.013474945822405512,0,0.2664854565562085,TRUE,145
P. falciparum,model6,17006,Porto Nacional,TO,2015,2,146,375255,0,0.00982891939033471,-0.00982891939033471,0,0.2664854565562085,TRUE,145
P. falciparum,model6,17006,Porto Nacional,TO,2015,3,147,375255,0,0.008663688423617814,-0.008663688423617814,0,0.2664854565562085,TRUE,145
P. falciparum,model6,17007,Jalapão,TO,2015,1,145,77860,0,1.8715163754929386e-4,-1.8715163754929386e-4,0,0,TRUE,145
P. falciparum,model6,17007,Jalapão,TO,2015,2,146,77860,0,1.551609507357844e-4,-1.551609507357844e-4,0,0,TRUE,145
P. falciparum,model6,17007,Jalapão,TO,2015,3,147,77860,0,1.4635742556457447e-4,-1.4635742556457447e-4,0,0,TRUE,145
P. falciparum,model6,17008,Dianópolis,TO,2015,1,145,123693,0,2.6887736758187077e-5,-2.6887736758187077e-5,0,0,TRUE,145
P. falciparum,model6,17008,Dianópolis,TO,2015,2,146,123693,0,2.0770474648554638e-5,-2.0770474648554638e-5,0,0,TRUE,145
P. falciparum,model6,17008,Dianópolis,TO,2015,3,147,123693,0,1.9642253760486334e-5,-1.9642253760486334e-5,0,0,TRUE,145
P. falciparum,model6,21001,Litoral Ocidental Maranhense,MA,2015,1,145,187243,0,0.0017671141465040482,-0.0017671141465040482,0,0,TRUE,145
P. falciparum,model6,21001,Litoral Ocidental Maranhense,MA,2015,2,146,187243,0,0.0014741554984430572,-0.0014741554984430572,0,0,TRUE,145
P. falciparum,model6,21001,Litoral Ocidental Maranhense,MA,2015,3,147,187243,0,0.0014726233263204938,-0.0014726233263204938,0,0.5340653589186244,TRUE,145
P. falciparum,model6,21002,Aglomeração Urbana de São Luís,MA,2015,1,145,1395792,0,0.003986064121714044,-0.003986064121714044,0,0.0716439125600376,TRUE,145
P. falciparum,model6,21002,Aglomeração Urbana de São Luís,MA,2015,2,146,1395792,0.21493173768011278,0.0033099347152396328,0.21162180296487315,0,0.0716439125600376,FALSE,145
P. falciparum,model6,21002,Aglomeração Urbana de São Luís,MA,2015,3,147,1395792,0,0.002998088257649038,-0.002998088257649038,0,0.0716439125600376,TRUE,145
P. falciparum,model6,21003,Rosário,MA,2015,1,145,172687,0,0.029415781459074683,-0.029415781459074683,0,0.5790823860510635,TRUE,145
P. falciparum,model6,21003,Rosário,MA,2015,2,146,172687,0,0.019480499780816618,-0.019480499780816618,0,0.5790823860510635,TRUE,145
P. falciparum,model6,21003,Rosário,MA,2015,3,147,172687,0,0.015579174872527832,-0.015579174872527832,0,0.5790823860510635,TRUE,145
P. falciparum,model6,21004,Lençóis Maranhenses,MA,2015,1,145,191719,0,0.0017808046245151074,-0.0017808046245151074,0,0,TRUE,145
P. falciparum,model6,21004,Lençóis Maranhenses,MA,2015,2,146,191719,0,0.0012173735303301757,-0.0012173735303301757,0,0,TRUE,145
P. falciparum,model6,21004,Lençóis Maranhenses,MA,2015,3,147,191719,0,9.834746530319595e-4,-9.834746530319595e-4,0,0,TRUE,145
P. falciparum,model6,21005,Baixada Maranhense,MA,2015,1,145,590620,0.6772544106193492,0.1309177957258024,0.5463366148935468,0,1.5238224238935356,TRUE,145
P. falciparum,model6,21005,Baixada Maranhense,MA,2015,2,146,590620,0.1693136026548373,0.10559699183997673,0.06371661081486057,0,1.2740848599776466,TRUE,145
P. falciparum,model6,21005,Baixada Maranhense,MA,2015,3,147,590620,0,0.09928541952447921,-0.09928541952447921,0,1.2740848599776466,TRUE,145
P. falciparum,model6,21006,Itapecuru Mirim,MA,2015,1,145,229914,0,0.0031808064166895457,-0.0031808064166895457,0,0.4349452403942343,TRUE,145
P. falciparum,model6,21006,Itapecuru Mirim,MA,2015,2,146,229914,0,0.003146366385483177,-0.003146366385483177,0,0.4349452403942343,TRUE,145
P. falciparum,model6,21006,Itapecuru Mirim,MA,2015,3,147,229914,0,0.0046317335170899384,-0.0046317335170899384,0,0.4349452403942343,TRUE,145
P. falciparum,model6,21007,Gurupi,MA,2015,1,145,235816,0.4240594361705737,0.31098761789933516,0.11307181827123852,0,3.3924754893645894,TRUE,145
P. falciparum,model6,21007,Gurupi,MA,2015,2,146,235816,0.4240594361705737,0.3236546190149254,0.10040481715564825,0,3.8165349255351626,TRUE,145
P. falciparum,model6,21007,Gurupi,MA,2015,3,147,235816,0,0.35978819242908944,-0.35978819242908944,0,3.8165349255351626,TRUE,145
P. falciparum,model6,21008,Pindaré,MA,2015,1,145,650498,1.076098619826656,0.554046796140164,0.522051823686492,0,6.076113992664078,TRUE,145
P. falciparum,model6,21008,Pindaré,MA,2015,2,146,650498,0.4611851227828525,0.5073141849998872,-0.04612906221703472,0,5.161430165811415,TRUE,145
P. falciparum,model6,21008,Pindaré,MA,2015,3,147,650498,0.3074567485219017,0.4949490923014918,-0.18749234377959012,0,4.3851018757936195,TRUE,145
P. falciparum,model6,21009,Imperatriz,MA,2015,1,145,586584,0,0.10589671340008268,-0.10589671340008268,0,1.5343071069105192,TRUE,145
P. falciparum,model6,21009,Imperatriz,MA,2015,2,146,586584,0,0.08519907877493342,-0.08519907877493342,0,1.2828512199446247,TRUE,145
P. falciparum,model6,21009,Imperatriz,MA,2015,3,147,586584,0,0.07679421131100629,-0.07679421131100629,0,1.193349972041515,TRUE,145
P. falciparum,model6,21010,Médio Mearim,MA,2015,1,145,416015,0,0.12432135014014688,-0.12432135014014688,0,1.5684530605867524,TRUE,145
P. falciparum,model6,21010,Médio Mearim,MA,2015,2,146,416015,0,0.12702581865737178,-0.12702581865737178,0,1.2018797399132242,TRUE,145
P. falciparum,model6,21010,Médio Mearim,MA,2015,3,147,416015,0,0.17448143944240724,-0.17448143944240724,0,1.9230075838611589,TRUE,145
P. falciparum,model6,21011,Alto Mearim e Grajaú,MA,2015,1,145,328081,0.6096055547258147,0.3659045695516985,0.2437009851741162,0,3.5128520091075,TRUE,145
P. falciparum,model6,21011,Alto Mearim e Grajaú,MA,2015,2,146,328081,0.30480277736290734,0.31181135605470917,-0.007008578691801826,0,3.6576333283548883,TRUE,145
P. falciparum,model6,21011,Alto Mearim e Grajaú,MA,2015,3,147,328081,0,0.2902841483694355,-0.2902841483694355,0,3.6576333283548883,TRUE,145
P. falciparum,model6,21012,Presidente Dutra,MA,2015,1,145,195258,0.512142908357148,0.11820943152034744,0.3939334768368006,0,2.317446660316083,TRUE,145
P. falciparum,model6,21012,Presidente Dutra,MA,2015,2,146,195258,0,0.12136206899081162,-0.12136206899081162,0,1.536428725071444,TRUE,145
P. falciparum,model6,21012,Presidente Dutra,MA,2015,3,147,195258,0,0.1633354171134348,-0.1633354171134348,0,2.5607145417857398,TRUE,145
P. falciparum,model6,21013,Baixo Parnaíba Maranhense,MA,2015,1,145,142624,0,0.14933918103158736,-0.14933918103158736,0,2.103432802333408,TRUE,145
P. falciparum,model6,21013,Baixo Parnaíba Maranhense,MA,2015,2,146,142624,0,0.10381965927079893,-0.10381965927079893,0,1.4022885348889387,TRUE,145
P. falciparum,model6,21013,Baixo Parnaíba Maranhense,MA,2015,3,147,142624,0,0.08700338737184433,-0.08700338737184433,0,1.4022885348889387,TRUE,145
P. falciparum,model6,21014,Chapadinha,MA,2015,1,145,238969,0,0.05925040083337909,-0.05925040083337909,0,1.6738572785591437,TRUE,145
P. falciparum,model6,21014,Chapadinha,MA,2015,2,146,238969,0,0.04968083342527584,-0.04968083342527584,0,1.2553929589193578,TRUE,145
P. falciparum,model6,21014,Chapadinha,MA,2015,3,147,238969,0,0.04686011286602193,-0.04686011286602193,0,0.8369286392795718,TRUE,145
P. falciparum,model6,21015,Codó,MA,2015,1,145,272267,0.36728652389015193,0.021137445125019125,0.3461490787651328,0,0.7345730477803039,TRUE,145
P. falciparum,model6,21015,Codó,MA,2015,2,146,272267,0,0.018582963639928292,-0.018582963639928292,0,0.7345730477803039,TRUE,145
P. falciparum,model6,21015,Codó,MA,2015,3,147,272267,0,0.019697115579629887,-0.019697115579629887,0,0.7345730477803039,TRUE,145
P. falciparum,model6,21016,Coelho Neto,MA,2015,1,145,91578,0,0.0016290003442772402,-0.0016290003442772402,0,0,TRUE,145
P. falciparum,model6,21016,Coelho Neto,MA,2015,2,146,91578,0,0.0012032523571113656,-0.0012032523571113656,0,0,TRUE,145
P. falciparum,model6,21016,Coelho Neto,MA,2015,3,147,91578,0,9.934202822295905e-4,-9.934202822295905e-4,0,0,TRUE,145
P. falciparum,model6,21017,Caxias,MA,2015,1,145,434610,0.23009134626446698,0.007574801779220144,0.22251654448524683,0,0.23009134626446698,TRUE,145
P. falciparum,model6,21017,Caxias,MA,2015,2,146,434610,0.23009134626446698,0.007830198333974624,0.22226114793049234,0,0.23009134626446698,TRUE,145
P. falciparum,model6,21017,Caxias,MA,2015,3,147,434610,0,0.0108999510681002,-0.0108999510681002,0,0.23009134626446698,TRUE,145
P. falciparum,model6,21018,Chapadas do Alto Itapecuru,MA,2015,1,145,216408,0.9241802521163729,0.016936056847694822,0.90724419526867806,0,0.46209012605818645,FALSE,145
P. falciparum,model6,21018,Chapadas do Alto Itapecuru,MA,2015,2,146,216408,0.46209012605818645,0.01844562976562116,0.4436444962925653,0,0.46209012605818645,TRUE,145
P. falciparum,model6,21018,Chapadas do Alto Itapecuru,MA,2015,3,147,216408,0,0.024069958312853953,-0.024069958312853953,0,0.46209012605818645,TRUE,145
P. falciparum,model6,21019,Porto Franco,MA,2015,1,145,117278,0,0.05631035069222708,-0.05631035069222708,0,1.7053496819522842,TRUE,145
P. falciparum,model6,21019,Porto Franco,MA,2015,2,146,117278,0,0.03569422452687535,-0.03569422452687535,0,0.8526748409761421,TRUE,145
P. falciparum,model6,21019,Porto Franco,MA,2015,3,147,117278,0,0.025943962766863407,-0.025943962766863407,0,0.8526748409761421,TRUE,145
P. falciparum,model6,21020,Gerais de Balsas,MA,2015,1,145,139570,0,6.57048356263532e-4,-6.57048356263532e-4,0,0,TRUE,145
P. falciparum,model6,21020,Gerais de Balsas,MA,2015,2,146,139570,0,5.827907116827768e-4,-5.827907116827768e-4,0,0,TRUE,145
P. falciparum,model6,21020,Gerais de Balsas,MA,2015,3,147,139570,0,5.823113808386255e-4,-5.823113808386255e-4,0,0,TRUE,145
P. falciparum,model6,21021,Chapadas das Mangabeiras,MA,2015,1,145,70710,0,2.558239616691932e-4,-2.558239616691932e-4,0,0,TRUE,145
P. falciparum,model6,21021,Chapadas das Mangabeiras,MA,2015,2,146,70710,0,2.000354930289865e-4,-2.000354930289865e-4,0,0,TRUE,145
P. falciparum,model6,21021,Chapadas das Mangabeiras,MA,2015,3,147,70710,0,1.926800295425696e-4,-1.926800295425696e-4,0,0,TRUE,145
P. falciparum,model6,51001,Aripuanã,MT,2015,1,145,155581,0,0.4916723470172281,-0.4916723470172281,0,6.427520069931418,TRUE,145
P. falciparum,model6,51001,Aripuanã,MT,2015,2,146,155581,0,0.3874631617352903,-0.3874631617352903,0,4.499264048951993,TRUE,145
P. falciparum,model6,51001,Aripuanã,MT,2015,3,147,155581,0,0.3693544130606667,-0.3693544130606667,0,4.499264048951993,TRUE,145
P. falciparum,model6,51002,Alta Floresta,MT,2015,1,145,102968,0,0.4922112529313103,-0.4922112529313103,0,7.308095719058327,TRUE,145
P. falciparum,model6,51002,Alta Floresta,MT,2015,2,146,102968,0,0.32466439081031095,-0.32466439081031095,0,3.884702043353275,TRUE,145
P. falciparum,model6,51002,Alta Floresta,MT,2015,3,147,102968,0,0.24685889969191446,-0.24685889969191446,0,4.8558775541915935,TRUE,145
P. falciparum,model6,51003,Colíder,MT,2015,1,145,149561,0.6686235047906874,0.5445105787334044,0.12411292605728308,0,7.705885892712658,TRUE,145
P. falciparum,model6,51003,Colíder,MT,2015,2,146,149561,0,0.3962091119802541,-0.3962091119802541,0,5.700015378340595,TRUE,145
P. falciparum,model6,51003,Colíder,MT,2015,3,147,149561,0,0.3451545371934546,-0.3451545371934546,0,4.680364533534812,TRUE,145
P. falciparum,model6,51004,Parecis,MT,2015,1,145,101405,0,0.057340505813455706,-0.057340505813455706,0,0.9861446674227109,TRUE,145
P. falciparum,model6,51004,Parecis,MT,2015,2,146,101405,0,0.0730472378500578,-0.0730472378500578,0,1.9722893348454218,TRUE,145
P. falciparum,model6,51004,Parecis,MT,2015,3,147,101405,0,0.10829207344534365,-0.10829207344534365,0,2.4900152852423227,TRUE,145
P. falciparum,model6,51005,Arinos,MT,2015,1,145,79094,0,0.017796393062590996,-0.017796393062590996,0,1.2643184059473538,TRUE,145
P. falciparum,model6,51005,Arinos,MT,2015,2,146,79094,0,0.012096802433404458,-0.012096802433404458,0,1.2643184059473538,TRUE,145
P. falciparum,model6,51005,Arinos,MT,2015,3,147,79094,0,0.011454165538689918,-0.011454165538689918,0,1.2643184059473538,TRUE,145
P. falciparum,model6,51006,Alto Teles Pires,MT,2015,1,145,231128,0,0.10670167606855245,-0.10670167606855245,0,2.3904503132463297,TRUE,145
P. falciparum,model6,51006,Alto Teles Pires,MT,2015,2,146,231128,0,0.06109494954669856,-0.06109494954669856,0,1.730642760721332,TRUE,145
P. falciparum,model6,51006,Alto Teles Pires,MT,2015,3,147,231128,0,0.036279819200476446,-0.036279819200476446,0,0.865321380360666,TRUE,145
P. falciparum,model6,51007,Sinop,MT,2015,1,145,191263,0,0.03241090247115471,-0.03241090247115471,0,0.5228402775236193,TRUE,145
P. falciparum,model6,51007,Sinop,MT,2015,2,146,191263,0,0.02514499821016033,-0.02514499821016033,0,0.5228402775236193,TRUE,145
P. falciparum,model6,51007,Sinop,MT,2015,3,147,191263,0,0.02319097924605715,-0.02319097924605715,0,0.5228402775236193,TRUE,145
P. falciparum,model6,51008,Paranatinga,MT,2015,1,145,34726,0,6.90532120621459e-4,-6.90532120621459e-4,0,0,TRUE,145
P. falciparum,model6,51008,Paranatinga,MT,2015,2,146,34726,0,5.88004894716395e-4,-5.88004894716395e-4,0,0,TRUE,145
P. falciparum,model6,51008,Paranatinga,MT,2015,3,147,34726,0,5.426461236837212e-4,-5.426461236837212e-4,0,0,TRUE,145
P. falciparum,model6,51009,Norte Araguaia,MT,2015,1,145,123004,0,8.784253618444328e-4,-8.784253618444328e-4,0,0,TRUE,145
P. falciparum,model6,51009,Norte Araguaia,MT,2015,2,146,123004,0,6.921109867275716e-4,-6.921109867275716e-4,0,0,TRUE,145
P. falciparum,model6,51009,Norte Araguaia,MT,2015,3,147,123004,0,5.950862863605974e-4,-5.950862863605974e-4,0,0,TRUE,145
P. falciparum,model6,51010,Canarana,MT,2015,1,145,108272,0,5.789791062577724e-4,-5.789791062577724e-4,0,0,TRUE,145
P. falciparum,model6,51010,Canarana,MT,2015,2,146,108272,0,4.6026535620534166e-4,-4.6026535620534166e-4,0,0,TRUE,145
P. falciparum,model6,51010,Canarana,MT,2015,3,147,108272,0,4.702484034938908e-4,-4.702484034938908e-4,0,0,TRUE,145
P. falciparum,model6,51011,Médio Araguaia,MT,2015,1,145,67011,0,8.1567043585721e-5,-8.1567043585721e-5,0,0,TRUE,145
P. falciparum,model6,51011,Médio Araguaia,MT,2015,2,146,67011,0,6.286297574736153e-5,-6.286297574736153e-5,0,0,TRUE,145
P. falciparum,model6,51011,Médio Araguaia,MT,2015,3,147,67011,0,5.991385553483012e-5,-5.991385553483012e-5,0,0,TRUE,145
P. falciparum,model6,51012,Alto Guaporé,MT,2015,1,145,71338,0,0.00870470800486391,-0.00870470800486391,0,1.401777453811433,TRUE,145
P. falciparum,model6,51012,Alto Guaporé,MT,2015,2,146,71338,0,0.007780544014744716,-0.007780544014744716,0,1.401777453811433,TRUE,145
P. falciparum,model6,51012,Alto Guaporé,MT,2015,3,147,71338,0,0.007882467231202787,-0.007882467231202787,0,1.401777453811433,TRUE,145
P. falciparum,model6,51013,Tangará da Serra,MT,2015,1,145,159087,0,0.03657917842015659,-0.03657917842015659,0,0.6285868738489003,TRUE,145
P. falciparum,model6,51013,Tangará da Serra,MT,2015,2,146,159087,0,0.03218552856747781,-0.03218552856747781,0,0.6285868738489003,TRUE,145
P. falciparum,model6,51013,Tangará da Serra,MT,2015,3,147,159087,0,0.03343777620823426,-0.03343777620823426,0,0.6285868738489003,TRUE,145
P. falciparum,model6,51014,Jauru,MT,2015,1,145,107801,0,0.004887120606427545,-0.004887120606427545,0,0,TRUE,145
P. falciparum,model6,51014,Jauru,MT,2015,2,146,107801,0,0.003852636424661178,-0.003852636424661178,0,0,TRUE,145
P. falciparum,model6,51014,Jauru,MT,2015,3,147,107801,0,0.003696393961319877,-0.003696393961319877,0,0.487008469309169,TRUE,145
P. falciparum,model6,51015,Alto Paraguai,MT,2015,1,145,32596,0,0.00464968482520337,-0.00464968482520337,0,0,TRUE,145
P. falciparum,model6,51015,Alto Paraguai,MT,2015,2,146,32596,0,0.004185978463493607,-0.004185978463493607,0,0,TRUE,145
P. falciparum,model6,51015,Alto Paraguai,MT,2015,3,147,32596,0,0.004241843560702836,-0.004241843560702836,0,0,TRUE,145
P. falciparum,model6,51016,Rosário Oeste,MT,2015,1,145,30448,0,0.0036322795053915255,-0.0036322795053915255,0,0,TRUE,145
P. falciparum,model6,51016,Rosário Oeste,MT,2015,2,146,30448,0,0.002638401974081928,-0.002638401974081928,0,0,TRUE,145
P. falciparum,model6,51016,Rosário Oeste,MT,2015,3,147,30448,0,0.0024797570389955346,-0.0024797570389955346,0,0,TRUE,145
P. falciparum,model6,51017,Cuiabá,MT,2015,1,145,898432,0,0.011921696185066322,-0.011921696185066322,0,0.2226100584128793,TRUE,145
P. falciparum,model6,51017,Cuiabá,MT,2015,2,146,898432,0,0.008176913177219663,-0.008176913177219663,0,0.2226100584128793,TRUE,145
P. falciparum,model6,51017,Cuiabá,MT,2015,3,147,898432,0,0.007224339219815273,-0.007224339219815273,0,0.2226100584128793,TRUE,145
P. falciparum,model6,51018,Alto Pantanal,MT,2015,1,145,135181,0,0.003949908282232948,-0.003949908282232948,0,0.7397489292134249,TRUE,145
P. falciparum,model6,51018,Alto Pantanal,MT,2015,2,146,135181,0,0.002795597077510758,-0.002795597077510758,0,0.7397489292134249,TRUE,145
P. falciparum,model6,51018,Alto Pantanal,MT,2015,3,147,135181,0,0.002255175429312361,-0.002255175429312361,0,0,TRUE,145
P. falciparum,model6,51019,Primavera do Leste,MT,2015,1,145,95412,0,0.0011366055688691286,-0.0011366055688691286,0,0,TRUE,145
P. falciparum,model6,51019,Primavera do Leste,MT,2015,2,146,95412,0,8.75392934452258e-4,-8.75392934452258e-4,0,0,TRUE,145
P. falciparum,model6,51019,Primavera do Leste,MT,2015,3,147,95412,0,8.468413980185901e-4,-8.468413980185901e-4,0,0,TRUE,145
P. falciparum,model6,51020,Tesouro,MT,2015,1,145,54493,0,3.506545872735344e-4,-3.506545872735344e-4,0,0,TRUE,145
P. falciparum,model6,51020,Tesouro,MT,2015,2,146,54493,0,2.744653906482525e-4,-2.744653906482525e-4,0,0,TRUE,145
P. falciparum,model6,51020,Tesouro,MT,2015,3,147,54493,0,2.4716813496588165e-4,-2.4716813496588165e-4,0,0,TRUE,145
P. falciparum,model6,51021,Rondonópolis,MT,2015,1,145,298273,0,0.0010934849994152912,-0.0010934849994152912,0,0.3352633325845786,TRUE,145
P. falciparum,model6,51021,Rondonópolis,MT,2015,2,146,298273,0,7.292708624411783e-4,-7.292708624411783e-4,0,0,TRUE,145
P. falciparum,model6,51021,Rondonópolis,MT,2015,3,147,298273,0,5.455820208472292e-4,-5.455820208472292e-4,0,0,TRUE,145
P. falciparum,model6,51022,Alto Araguaia,MT,2015,1,145,38412,0,2.2673207533658958e-4,-2.2673207533658958e-4,0,0,TRUE,145
P. falciparum,model6,51022,Alto Araguaia,MT,2015,2,146,38412,0,1.9403777009964742e-4,-1.9403777009964742e-4,0,0,TRUE,145
P. falciparum,model6,51022,Alto Araguaia,MT,2015,3,147,38412,0,1.8810284588372344e-4,-1.8810284588372344e-4,0,0,TRUE,145
P. falciparum,model6,11001,Porto Velho,RO,2016,1,157,648872,15.103132821265211,6.153646438521861,8.94948638274335,1.2329088017359358,53.80105783575188,TRUE,157
P. falciparum,model6,11001,Porto Velho,RO,2016,2,158,648872,9.863270413887486,4.838183749365285,5.025086664522201,1.3061127618390072,42.33885881961308,TRUE,157
P. falciparum,model6,11001,Porto Velho,RO,2016,3,159,648872,5.393976007594718,5.1251297519781405,0.2688462556165776,0.8437719611880312,40.95183641766015,TRUE,157
P. falciparum,model6,11002,Guajará-Mirim,RO,2016,1,157,83432,1.1985808802377984,0.25425397828319346,0.944326901954605,0,4.794323520951194,TRUE,157
P. falciparum,model6,11002,Guajará-Mirim,RO,2016,2,158,83432,0,0.20930312505452178,-0.20930312505452178,0,4.794323520951194,TRUE,157
P. falciparum,model6,11002,Guajará-Mirim,RO,2016,3,159,83432,0,0.2194415424358601,-0.2194415424358601,0,4.794323520951194,TRUE,157
P. falciparum,model6,11003,Ariquemes,RO,2016,1,157,201599,0,0.2741370608339845,-0.2741370608339845,0,2.9762052391132894,TRUE,157
P. falciparum,model6,11003,Ariquemes,RO,2016,2,158,201599,0.9920684130377632,0.22544121025425432,0.7666272027835088,0,2.9762052391132894,TRUE,157
P. falciparum,model6,11003,Ariquemes,RO,2016,3,159,201599,0.9920684130377632,0.20807215451224212,0.783996258525521,0,2.9762052391132894,TRUE,157
P. falciparum,model6,11004,Ji-Paraná,RO,2016,1,157,317230,0,0.11112333901509801,-0.11112333901509801,0,1.5761434921035211,TRUE,157
P. falciparum,model6,11004,Ji-Paraná,RO,2016,2,158,317230,0,0.07870649273109456,-0.07870649273109456,0,1.5761434921035211,TRUE,157
P. falciparum,model6,11004,Ji-Paraná,RO,2016,3,159,317230,0.3152286984207042,0.08496776221316628,0.23026093620753796,0,1.5761434921035211,TRUE,157
P. falciparum,model6,11005,Alvorada D'Oeste,RO,2016,1,157,75248,0,0.7048805039807877,-0.7048805039807877,0,10.631511800978098,TRUE,157
P. falciparum,model6,11005,Alvorada D'Oeste,RO,2016,2,158,75248,0,0.5046844278824048,-0.5046844278824048,0,7.973633850733574,TRUE,157
P. falciparum,model6,11005,Alvorada D'Oeste,RO,2016,3,159,75248,0,0.48174732681614624,-0.48174732681614624,0,7.342387837550469,TRUE,157
P. falciparum,model6,11006,Cacoal,RO,2016,1,157,249644,0,0.059444629217049884,-0.059444629217049884,0,0.8011408245341366,TRUE,157
P. falciparum,model6,11006,Cacoal,RO,2016,2,158,249644,0,0.045700290278372274,-0.045700290278372274,0,0.8011408245341366,TRUE,157
P. falciparum,model6,11006,Cacoal,RO,2016,3,159,249644,0,0.04775785347166543,-0.04775785347166543,0,0.8011408245341366,TRUE,157
P. falciparum,model6,11007,Vilhena,RO,2016,1,157,157201,0,0.06324358176470463,-0.06324358176470463,0,1.2722565378082835,TRUE,157
P. falciparum,model6,11007,Vilhena,RO,2016,2,158,157201,0.6361282689041418,0.04753794700516177,0.58859032189898,0,0.6361282689041418,TRUE,157
P. falciparum,model6,11007,Vilhena,RO,2016,3,159,157201,0,0.05027881265162652,-0.05027881265162652,0,0.9700956100788017,TRUE,157
P. falciparum,model6,11008,Colorado do Oeste,RO,2016,1,157,54053,0,0.07838631820641002,-0.07838631820641002,0,1.8500360757034762,TRUE,157
P. falciparum,model6,11008,Colorado do Oeste,RO,2016,2,158,54053,0,0.06199896375550235,-0.06199896375550235,0,1.8500360757034762,TRUE,157
P. falciparum,model6,11008,Colorado do Oeste,RO,2016,3,159,54053,0,0.06453419271669779,-0.06453419271669779,0,1.8500360757034762,TRUE,157
P. falciparum,model6,12001,Cruzeiro do Sul,AC,2016,1,157,145544,375.8313637113175,256.57289194660694,119.25847176471058,85.12889572912658,2728.161243335343,TRUE,157
P. falciparum,model6,12001,Cruzeiro do Sul,AC,2016,2,158,145544,355.9061177375914,181.08466124736805,174.82145649022334,55.58456549222228,1995.8053921838055,TRUE,157
P. falciparum,model6,12001,Cruzeiro do Sul,AC,2016,3,159,145544,289.2596053427142,180.62108115740912,108.6385241853051,53.23132523498049,1948.8608255922586,TRUE,157
P. falciparum,model6,12002,Tarauacá,AC,2016,1,157,79484,10.06491872578129,8.430195971378168,1.6347227544031213,0,81.30567158170183,TRUE,157
P. falciparum,model6,12002,Tarauacá,AC,2016,2,158,79484,8.806803885058628,5.852914554909339,2.9538893301492886,0,55.35705299179709,TRUE,157
P. falciparum,model6,12002,Tarauacá,AC,2016,3,159,79484,3.7743445221679837,5.609377786142583,-1.8350332639745996,0,52.840823310351766,TRUE,157
P. falciparum,model6,12003,Sena Madureira,AC,2016,1,157,57237,0,0.006462192061782104,-0.006462192061782104,0,1.7471216171357689,TRUE,157
P. falciparum,model6,12003,Sena Madureira,AC,2016,2,158,57237,0,0.00562492521758776,-0.00562492521758776,0,0,TRUE,157
P. falciparum,model6,12003,Sena Madureira,AC,2016,3,159,57237,0,0.005836964669566345,-0.005836964669566345,0,1.7471216171357689,TRUE,157
P. falciparum,model6,12004,Rio Branco,AC,2016,1,157,468316,0.6405931038017065,0.35635727221603436,0.28423583158567217,0,3.9556624159755325,TRUE,157
P. falciparum,model6,12004,Rio Branco,AC,2016,2,158,468316,1.281186207603413,0.25955152222745104,1.021634685375962,0,3.3150693121738266,TRUE,157
P. falciparum,model6,12004,Rio Branco,AC,2016,3,159,468316,0.6405931038017065,0.27106875275007347,0.36952435105163306,0,3.843558622810239,TRUE,157
P. falciparum,model6,12005,Brasiléia,AC,2016,1,157,66106,0,0.021089942598309958,-0.021089942598309958,0,1.5127219919523192,TRUE,157
P. falciparum,model6,12005,Brasiléia,AC,2016,2,158,66106,0,0.012189452646623293,-0.012189452646623293,0,0.7941790457749331,TRUE,157
P. falciparum,model6,12005,Brasiléia,AC,2016,3,159,66106,0,0.008881135843706315,-0.008881135843706315,0,1.5127219919523192,TRUE,157
P. falciparum,model6,13001,Rio Negro,AM,2016,1,157,112645,53.264681077722045,42.38897216805092,10.875708909671125,11.074614940743043,416.0415464512401,TRUE,157
P. falciparum,model6,13001,Rio Negro,AM,2016,2,158,112645,51.489191708464645,35.70122993394289,15.787961774521754,9.76519153091571,373.31883350348437,TRUE,157
P. falciparum,model6,13001,Rio Negro,AM,2016,3,159,112645,82.56025567046918,39.539840741600464,43.02041492886871,10.65293621554441,392.9157974166625,TRUE,157
P. falciparum,model6,13002,Japurá,AM,2016,1,157,23137,8.644163028914726,15.72853474470495,-7.084371715790224,0,149.21986428664036,TRUE,157
P. falciparum,model6,13002,Japurá,AM,2016,2,158,23137,0,12.485878396340013,-12.485878396340013,0,125.34036391926352,TRUE,157
P. falciparum,model6,13002,Japurá,AM,2016,3,159,23137,0,15.72851290618357,-15.72851290618357,0,188.1185979167566,TRUE,157
P. falciparum,model6,13003,Alto Solimões,AM,2016,1,157,248118,29.42148493861792,24.25258703021431,5.168897908403608,7.043019853456824,233.68921239087842,TRUE,157
P. falciparum,model6,13003,Alto Solimões,AM,2016,2,158,248118,37.885199783973754,31.991142238232907,5.894057545740846,9.461224094987063,298.8295891470992,TRUE,157
P. falciparum,model6,13003,Alto Solimões,AM,2016,3,159,248118,31.436655139893112,40.46824699660803,-9.031591856714918,11.284953127141119,398.82233453437345,TRUE,157
P. falciparum,model6,13004,Juruá,AM,2016,1,157,147121,27.86821731771807,49.16504812420938,-21.296830806491307,15.27654107843204,486.11347122436587,TRUE,157
P. falciparum,model6,13004,Juruá,AM,2016,2,158,147121,42.14218228532976,44.18618885688344,-2.0440065715536804,15.27654107843204,430.2410940654288,TRUE,157
P. falciparum,model6,13004,Juruá,AM,2016,3,159,147121,26.508792082707433,52.42406875889139,-25.915276676183954,18.352240672643607,543.3792592491889,TRUE,157
P. falciparum,model6,13005,Tefé,AM,2016,1,157,91235,23.017482325861785,22.83757365338647,0.17990867247531384,4.384282347783197,203.45810270181389,TRUE,157
P. falciparum,model6,13005,Tefé,AM,2016,2,158,91235,7.6724941086205956,19.528167589634023,-11.855673481013428,2.712774702690855,170.00054803529338,TRUE,157
P. falciparum,model6,13005,Tefé,AM,2016,3,159,91235,17.537129391132787,23.952694180283995,-6.415564789151208,3.808845289636654,207.78758152024983,TRUE,157
P. falciparum,model6,13006,Coari,AM,2016,1,157,174835,0.5719678554065262,0.1276498443871448,0.4443180110193814,0,2.0161866903079915,TRUE,157
P. falciparum,model6,13006,Coari,AM,2016,2,158,174835,0.5719678554065262,0.13251324938054082,0.43945460602598535,0,1.7159035662195785,TRUE,157
P. falciparum,model6,13006,Coari,AM,2016,3,159,174835,0,0.1588203457499423,-0.1588203457499423,0,2.0161866903079915,TRUE,157
P. falciparum,model6,13007,Manaus,AM,2016,1,157,2369017,0.2110580042270697,0.20186274893035877,0.009195255296710919,0,1.73278621470424,TRUE,157
P. falciparum,model6,13007,Manaus,AM,2016,2,158,2369017,0.37990440760872546,0.14856075335566368,0.23134365425306178,0,1.2484080950031142,TRUE,157
P. falciparum,model6,13007,Manaus,AM,2016,3,159,2369017,0.37990440760872546,0.15462634353340354,0.22527806407532192,0,1.3507712270532461,TRUE,157
P. falciparum,model6,13008,Rio Preto da Eva,AM,2016,1,157,64977,0,0.38677337680232543,-0.38677337680232543,0,6.156024439417024,TRUE,157
P. falciparum,model6,13008,Rio Preto da Eva,AM,2016,2,158,64977,0,0.24843113140013293,-0.24843113140013293,0,4.617018329562769,TRUE,157
P. falciparum,model6,13008,Rio Preto da Eva,AM,2016,3,159,64977,0,0.2314011692228032,-0.2314011692228032,0,4.617018329562769,TRUE,157
P. falciparum,model6,13009,Itacoatiara,AM,2016,1,157,174140,0.5742506029631331,0.03595142397237076,0.5382991789907624,0,1.1485012059262663,TRUE,157
P. falciparum,model6,13009,Itacoatiara,AM,2016,2,158,174140,0,0.025908412092123148,-0.025908412092123148,0,0.5742506029631331,TRUE,157
P. falciparum,model6,13009,Itacoatiara,AM,2016,3,159,174140,0,0.02528439170811127,-0.02528439170811127,0,0.875732169518765,TRUE,157
P. falciparum,model6,13010,Parintins,AM,2016,1,157,273814,0.3652114208915541,0.4373662637409157,-0.07215484284936158,0,4.939484467558261,TRUE,157
P. falciparum,model6,13010,Parintins,AM,2016,2,158,273814,0.7304228417831082,0.32869160747111004,0.4017312343119982,0,3.8438502048835987,TRUE,157
P. falciparum,model6,13010,Parintins,AM,2016,3,159,273814,0.7304228417831082,0.27570272684407987,0.45472011493902836,0,3.4786387839920447,TRUE,157
P. falciparum,model6,13011,Boca do Acre,AM,2016,1,157,53328,30.003000300030006,30.18962546486834,-0.18662516483833258,0.8907140714071434,274.855610561056,TRUE,157
P. falciparum,model6,13011,Boca do Acre,AM,2016,2,158,53328,41.254125412541256,21.555580456382536,19.69854495615872,0,227.2727272727269,TRUE,157
P. falciparum,model6,13011,Boca do Acre,AM,2016,3,159,53328,18.75187518751875,23.60493202880913,-4.853056841290382,2.765901590159019,247.61851185118505,TRUE,157
P. falciparum,model6,13012,Purus,AM,2016,1,157,77422,12.91622536230012,29.790513142087516,-16.874287779787394,5.780010849629306,238.27206737103035,TRUE,157
P. falciparum,model6,13012,Purus,AM,2016,2,158,77422,11.62460282607011,31.692089139294975,-20.067486313224865,2.5832450724600244,251.51119836738886,TRUE,157
P. falciparum,model6,13012,Purus,AM,2016,3,159,77422,7.749735217380073,38.564314986326416,-30.81457976894634,3.8748676086900367,302.0136395339822,TRUE,157
P. falciparum,model6,13013,Madeira,AM,2016,1,157,191878,10.423289798726275,2.8309496965091787,7.592340102217096,0,20.325415107516235,TRUE,157
P. falciparum,model6,13013,Madeira,AM,2016,2,158,191878,11.465618778598902,2.798708731467877,8.666910047131026,0,22.43613129175828,TRUE,157
P. falciparum,model6,13013,Madeira,AM,2016,3,159,191878,9.90212530878996,3.1774462127750343,6.724679096014926,0,22.43613129175828,TRUE,157
P. falciparum,model6,14001,Boa Vista,RR,2016,1,157,365901,17.764367957452972,10.418512340587107,7.345855616865865,2.316200283683292,90.07901044271499,TRUE,157
P. falciparum,model6,14001,Boa Vista,RR,2016,2,158,365901,31.42926638626295,8.140290196615068,23.288976189647883,1.7696043465308926,65.7349938917904,TRUE,157
P. falciparum,model6,14001,Boa Vista,RR,2016,3,159,365901,52.746507935206516,7.869406058428722,44.87710187677779,2.042902315107092,69.58849524871479,TRUE,157
P. falciparum,model6,14002,Nordeste de Roraima,RR,2016,1,157,48362,6.203217402092553,2.5309399863310404,3.672277415761512,0,38.30486745792146,TRUE,157
P. falciparum,model6,14002,Nordeste de Roraima,RR,2016,2,158,48362,2.0677391340308504,2.1977699400646724,-0.130030806033822,0,31.01608701046276,TRUE,157
P. falciparum,model6,14002,Nordeste de Roraima,RR,2016,3,159,48362,2.0677391340308504,2.0491661351655854,0.018572998865264978,0,26.88060874240106,TRUE,157
P. falciparum,model6,14003,Caracaraí,RR,2016,1,157,47747,10.471862106519781,4.597346083641073,5.8745160228787086,0,45.081366368567615,TRUE,157
P. falciparum,model6,14003,Caracaraí,RR,2016,2,158,47747,2.0943724213039565,4.003508277749643,-1.9091358564456864,0,41.887448426079125,TRUE,157
P. falciparum,model6,14003,Caracaraí,RR,2016,3,159,47747,16.754979370431652,4.367758678287068,12.387220692144584,0,51.36448363247948,TRUE,157
P. falciparum,model6,14004,Sudeste de Roraima,RR,2016,1,157,52219,7.660047109289723,10.040555922731684,-2.3805088134419616,0,83.35088760795875,TRUE,157
P. falciparum,model6,14004,Sudeste de Roraima,RR,2016,2,158,52219,3.8300235546448613,7.645759944979262,-3.8157363903344006,0,63.19538865164021,TRUE,157
P. falciparum,model6,14004,Sudeste de Roraima,RR,2016,3,159,52219,9.575058886612153,6.802720304662787,2.7723385819493656,0,59.55686627472741,TRUE,157
P. falciparum,model6,15001,Óbidos,PA,2016,1,157,201119,0,0.059517700783861933,-0.059517700783861933,0,0.9944361298534699,TRUE,157
P. falciparum,model6,15001,Óbidos,PA,2016,2,158,201119,0,0.041690783898839914,-0.041690783898839914,0,0.9944361298534699,TRUE,157
P. falciparum,model6,15001,Óbidos,PA,2016,3,159,201119,0,0.04120674100968499,-0.04120674100968499,0,0.9944361298534699,TRUE,157
P. falciparum,model6,15002,Santarém,PA,2016,1,157,510742,0.978967854611526,0.8561727600441869,0.12279509456733917,0,10.386848937428281,TRUE,157
P. falciparum,model6,15002,Santarém,PA,2016,2,158,510742,1.5663485673784414,0.7741086796797745,0.7922398876986669,0,9.985472117037565,TRUE,157
P. falciparum,model6,15002,Santarém,PA,2016,3,159,510742,2.1537292801453574,0.7046773943405936,1.4490518858047636,0,9.500883029004855,TRUE,157
P. falciparum,model6,15003,Almeirim,PA,2016,1,157,72528,2.757555702625193,0.5712329314185137,2.1863227712066795,0,6.238969777189467,TRUE,157
P. falciparum,model6,15003,Almeirim,PA,2016,2,158,72528,5.515111405250386,0.46340682941608935,5.051704575834297,0,6.893889256562983,TRUE,157
P. falciparum,model6,15003,Almeirim,PA,2016,3,159,72528,6.893889256562983,0.36237160476306235,6.531517651799921,0,4.1363335539377895,FALSE,157
P. falciparum,model6,15004,Portel,PA,2016,1,157,147088,0,0.0428325605879715,-0.0428325605879715,0,1.3597302295224627,TRUE,157
P. falciparum,model6,15004,Portel,PA,2016,2,158,147088,0,0.0529643631915397,-0.0529643631915397,0,1.3597302295224627,TRUE,157
P. falciparum,model6,15004,Portel,PA,2016,3,159,147088,0,0.06253940048502932,-0.06253940048502932,0,1.3597302295224627,TRUE,157
P. falciparum,model6,15005,Furos de Breves,PA,2016,1,157,223291,28.214303308239025,16.130681589432864,12.08362171880616,4.478460842577623,128.45345311723253,TRUE,157
P. falciparum,model6,15005,Furos de Breves,PA,2016,2,158,223291,18.361689454568253,15.878983422190995,2.4827060323772585,4.030614758319861,132.50646017976527,TRUE,157
P. falciparum,model6,15005,Furos de Breves,PA,2016,3,159,223291,8.061229516639722,14.66540485562958,-6.604175338989858,4.030614758319861,125.4192958963863,TRUE,157
P. falciparum,model6,15006,Arari,PA,2016,1,157,170786,0,1.595306088419754,-1.595306088419754,0,19.0443010551216,TRUE,157
P. falciparum,model6,15006,Arari,PA,2016,2,158,170786,0.585528087782371,2.4003507110912237,-1.8148226233088527,0,29.48133921984219,TRUE,157
P. falciparum,model6,15006,Arari,PA,2016,3,159,170786,1.171056175564742,3.0527065708503365,-1.8816503952855945,0,37.47379761807174,TRUE,157
P. falciparum,model6,15007,Belém,PA,2016,1,157,2280761,0,0.03854005299385944,-0.03854005299385944,0,0.4406423996201248,TRUE,157
P. falciparum,model6,15007,Belém,PA,2016,2,158,2280761,0.08769002977514961,0.034762957729869835,0.05292707204527978,0,0.39460513398817326,TRUE,157
P. falciparum,model6,15007,Belém,PA,2016,3,159,2280761,0,0.030503538105466004,-0.030503538105466004,0,0.41762376680414903,TRUE,157
P. falciparum,model6,15008,Castanhal,PA,2016,1,157,329626,0,0.0026386803773368406,-0.0026386803773368406,0,0.30337412704094946,TRUE,157
P. falciparum,model6,15008,Castanhal,PA,2016,2,158,329626,0,0.001857051223418924,-0.001857051223418924,0,0.30337412704094946,TRUE,157
P. falciparum,model6,15008,Castanhal,PA,2016,3,159,329626,0,0.0013848335043830091,-0.0013848335043830091,0,0.30337412704094946,TRUE,157
P. falciparum,model6,15009,Salgado,PA,2016,1,157,262427,0,0.022060012057694707,-0.022060012057694707,0,0.38105835146535993,TRUE,157
P. falciparum,model6,15009,Salgado,PA,2016,2,158,262427,0,0.01534964771683973,-0.01534964771683973,0,0.38105835146535993,TRUE,157
P. falciparum,model6,15009,Salgado,PA,2016,3,159,262427,0,0.010933185216828994,-0.010933185216828994,0,0.38105835146535993,TRUE,157
P. falciparum,model6,15010,Bragantina,PA,2016,1,157,409039,0,0.01641976655843564,-0.01641976655843564,0,0.48895093132928646,TRUE,157
P. falciparum,model6,15010,Bragantina,PA,2016,2,158,409039,0,0.014741994003704165,-0.014741994003704165,0,0.48895093132928646,TRUE,157
P. falciparum,model6,15010,Bragantina,PA,2016,3,159,409039,0,0.01544075120638938,-0.01544075120638938,0,0.48895093132928646,TRUE,157
P. falciparum,model6,15011,Cametá,PA,2016,1,157,478943,0.2087931131679553,0.02473565403415595,0.18405745913379934,0,0.5272026107490824,TRUE,157
P. falciparum,model6,15011,Cametá,PA,2016,2,158,478943,0,0.024339422744443208,-0.024339422744443208,0,0.6263793395038658,TRUE,157
P. falciparum,model6,15011,Cametá,PA,2016,3,159,478943,0,0.019386696989116593,-0.019386696989116593,0,0.4175862263359106,TRUE,157
P. falciparum,model6,15012,Tomé-Açu,PA,2016,1,157,325988,0,0.0257728012607705,-0.0257728012607705,0,0.6135195160558057,TRUE,157
P. falciparum,model6,15012,Tomé-Açu,PA,2016,2,158,325988,0,0.017583669847829695,-0.017583669847829695,0,0.30675975802790284,TRUE,157
P. falciparum,model6,15012,Tomé-Açu,PA,2016,3,159,325988,0,0.0144143465286818,-0.0144143465286818,0,0.30675975802790284,TRUE,157
P. falciparum,model6,15013,Guamá,PA,2016,1,157,465819,0,0.024922221596057018,-0.024922221596057018,0,0.644026971849581,TRUE,157
P. falciparum,model6,15013,Guamá,PA,2016,2,158,465819,0,0.02605210723761347,-0.02605210723761347,0,0.5420560346400591,TRUE,157
P. falciparum,model6,15013,Guamá,PA,2016,3,159,465819,0,0.025620099424783008,-0.025620099424783008,0,0.644026971849581,TRUE,157
P. falciparum,model6,15014,Itaituba,PA,2016,1,157,214640,31.680954155795753,18.555284074718056,13.125670081077697,3.727171077152441,164.25177040626141,TRUE,157
P. falciparum,model6,15014,Itaituba,PA,2016,2,158,214640,34.010436079016024,16.362272996217182,17.648163082798842,4.658963846440551,139.8155050316809,TRUE,157
P. falciparum,model6,15014,Itaituba,PA,2016,3,159,214640,33.54453969437197,13.890174963558655,19.654364730813313,2.795378307864331,109.31093924711138,TRUE,157
P. falciparum,model6,15015,Altamira,PA,2016,1,157,297477,0,0.20801820734613874,-0.20801820734613874,0,3.0254439839046383,TRUE,157
P. falciparum,model6,15015,Altamira,PA,2016,2,158,297477,0.3361604426560709,0.16231491302018256,0.17384552963588837,0,2.193446888330855,TRUE,157
P. falciparum,model6,15015,Altamira,PA,2016,3,159,297477,0.6723208853121418,0.11249658266886256,0.5598243026432793,0,1.521126003018713,TRUE,157
P. falciparum,model6,15016,Tucuruí,PA,2016,1,157,368588,0,0.08269136044412924,-0.08269136044412924,0,1.356528156098408,TRUE,157
P. falciparum,model6,15016,Tucuruí,PA,2016,2,158,368588,0.2713056312196816,0.06524872132835298,0.20605690989132863,0,0.8139168936590448,TRUE,157
P. falciparum,model6,15016,Tucuruí,PA,2016,3,159,368588,0.5426112624393632,0.047624927488098615,0.4949863349512646,0,1.0852225248787264,TRUE,157
P. falciparum,model6,15017,Paragominas,PA,2016,1,157,334228,0,0.052550279519028284,-0.052550279519028284,0,0.8975908661153464,TRUE,157
P. falciparum,model6,15017,Paragominas,PA,2016,2,158,334228,0,0.047277709923678,-0.047277709923678,0,0.5983939107435643,TRUE,157
P. falciparum,model6,15017,Paragominas,PA,2016,3,159,334228,0,0.038197557486033325,-0.038197557486033325,0,0.8975908661153464,TRUE,157
P. falciparum,model6,15018,São Félix do Xingu,PA,2016,1,157,205857,0.971548210651083,0.1685390070344049,0.803009203616678,0,2.4288705266277075,TRUE,157
P. falciparum,model6,15018,São Félix do Xingu,PA,2016,2,158,205857,0.4857741053255415,0.15196589309411773,0.33380821223142376,0,2.683901931923606,TRUE,157
P. falciparum,model6,15018,São Félix do Xingu,PA,2016,3,159,205857,0,0.1270458470221044,-0.1270458470221044,0,1.943096421302166,TRUE,157
P. falciparum,model6,15019,Parauapebas,PA,2016,1,157,307967,0,0.06824897139702937,-0.06824897139702937,0,0.9741303451343812,TRUE,157
P. falciparum,model6,15019,Parauapebas,PA,2016,2,158,307967,0,0.06029779335495461,-0.06029779335495461,0,0.9741303451343812,TRUE,157
P. falciparum,model6,15019,Parauapebas,PA,2016,3,159,307967,0,0.05217040790542411,-0.05217040790542411,0,0.9741303451343812,TRUE,157
P. falciparum,model6,15020,Marabá,PA,2016,1,157,319770,0,0.03299708322201573,-0.03299708322201573,0,0.6254495418582106,TRUE,157
P. falciparum,model6,15020,Marabá,PA,2016,2,158,319770,0.3127247709291053,0.028303650824826294,0.284421120104279,0,0.6254495418582106,TRUE,157
P. falciparum,model6,15020,Marabá,PA,2016,3,159,319770,0,0.02415086036174321,-0.02415086036174321,0,0.6254495418582106,TRUE,157
P. falciparum,model6,15021,Redenção,PA,2016,1,157,190717,0,0.04874047786080073,-0.04874047786080073,0,1.0486742136254241,TRUE,157
P. falciparum,model6,15021,Redenção,PA,2016,2,158,190717,0,0.053799998118721326,-0.053799998118721326,0,1.5730113204381362,TRUE,157
P. falciparum,model6,15021,Redenção,PA,2016,3,159,190717,0,0.0545533518266335,-0.0545533518266335,0,1.0486742136254241,TRUE,157
P. falciparum,model6,15022,Conceição do Araguaia,PA,2016,1,157,155323,0,0.008097408985310316,-0.008097408985310316,0,0.6438196532387348,TRUE,157
P. falciparum,model6,15022,Conceição do Araguaia,PA,2016,2,158,155323,0,0.010110202161179308,-0.010110202161179308,0,0.6438196532387348,TRUE,157
P. falciparum,model6,15022,Conceição do Araguaia,PA,2016,3,159,155323,0,0.00941882074917424,-0.00941882074917424,0,0.6438196532387348,TRUE,157
P. falciparum,model6,16001,Oiapoque,AP,2016,1,157,35237,28.379260436473025,21.2556949284919,7.123565507981127,0,180.5630445270593,TRUE,157
P. falciparum,model6,16001,Oiapoque,AP,2016,2,158,35237,42.56889065470954,13.609212531979416,28.959678122730125,0,127.99046456849308,TRUE,157
P. falciparum,model6,16001,Oiapoque,AP,2016,3,159,35237,39.730964611062234,12.900602665063827,26.830361945998405,0,119.33479013536895,TRUE,157
P. falciparum,model6,16002,Amapá,AP,2016,1,157,29010,0,2.243493008295957,-2.243493008295957,0,24.129610479145125,TRUE,157
P. falciparum,model6,16002,Amapá,AP,2016,2,158,29010,0,1.8054640997859066,-1.8054640997859066,0,29.386418476387373,TRUE,157
P. falciparum,model6,16002,Amapá,AP,2016,3,159,29010,0,1.1828933059264213,-1.1828933059264213,0,20.682523267838675,TRUE,157
P. falciparum,model6,16003,Macapá,AP,2016,1,157,636748,6.910112006633707,3.6772382547316043,3.2328737519021025,0.9422880009045964,39.81559423822297,TRUE,157
P. falciparum,model6,16003,Macapá,AP,2016,2,158,636748,13.034984012513583,3.5123294676144585,9.522654544899124,0.9422880009045964,39.811668038219125,TRUE,157
P. falciparum,model6,16003,Macapá,AP,2016,3,159,636748,4.39734400422145,2.3215353644358907,2.0758086397855595,0.4711440004522982,22.86226262194776,TRUE,157
P. falciparum,model6,16004,Mazagão,AP,2016,1,157,81300,61.50061500615006,17.536391905203452,43.96422310094661,3.690036900369004,131.02706027060268,TRUE,157
P. falciparum,model6,16004,Mazagão,AP,2016,2,158,81300,152.52152521525215,16.645121514322167,135.87640370092998,2.4600246002460024,135.6088560885606,FALSE,157
P. falciparum,model6,16004,Mazagão,AP,2016,3,159,81300,63.960639606396064,14.442176059310848,49.51846354708522,1.8142681426814287,120.54120541205413,TRUE,157
P. falciparum,model6,17001,Bico do Papagaio,TO,2016,1,157,212579,0,0.012346682375683603,-0.012346682375683603,0,0.4704133522125892,TRUE,157
P. falciparum,model6,17001,Bico do Papagaio,TO,2016,2,158,212579,0,0.40992711911211505,-0.40992711911211505,0,0.4704133522125892,TRUE,157
P. falciparum,model6,17001,Bico do Papagaio,TO,2016,3,159,212579,0,0.43415733261137857,-0.43415733261137857,0,0.4704133522125892,TRUE,157
P. falciparum,model6,17002,Araguaína,TO,2016,1,157,310729,0,0.002545449244235382,-0.002545449244235382,0,0.32182384006642445,TRUE,157
P. falciparum,model6,17002,Araguaína,TO,2016,2,158,310729,0,0.002386536329587597,-0.002386536329587597,0,0.32182384006642445,TRUE,157
P. falciparum,model6,17002,Araguaína,TO,2016,3,159,310729,0.32182384006642445,0.0020129739046914324,0.31981086616173304,0,0.32182384006642445,TRUE,157
P. falciparum,model6,17003,Miracema do Tocantins,TO,2016,1,157,149097,0,0.00102010706413607,-0.00102010706413607,0,0,TRUE,157
P. falciparum,model6,17003,Miracema do Tocantins,TO,2016,2,158,149097,0,0.0011290060776315094,-0.0011290060776315094,0,0,TRUE,157
P. falciparum,model6,17003,Miracema do Tocantins,TO,2016,3,159,149097,0.6707043065923526,0.0010846435981583837,0.6696196629941942,0,0,FALSE,157
P. falciparum,model6,17004,Rio Formoso,TO,2016,1,157,125805,0,0.00116316946910767,-0.00116316946910767,0,0,TRUE,157
P. falciparum,model6,17004,Rio Formoso,TO,2016,2,158,125805,0,0.001055875179596613,-0.001055875179596613,0,0,TRUE,157
P. falciparum,model6,17004,Rio Formoso,TO,2016,3,159,125805,0,9.96657970305261e-4,-9.96657970305261e-4,0,0,TRUE,157
P. falciparum,model6,17005,Gurupi,TO,2016,1,157,148490,0,3.1972037592371653e-4,-3.1972037592371653e-4,0,0,TRUE,157
P. falciparum,model6,17005,Gurupi,TO,2016,2,158,148490,0,2.6920653554173213e-4,-2.6920653554173213e-4,0,0,TRUE,157
P. falciparum,model6,17005,Gurupi,TO,2016,3,159,148490,0,2.1865379289983796e-4,-2.1865379289983796e-4,0,0,TRUE,157
P. falciparum,model6,17006,Porto Nacional,TO,2016,1,157,383420,0,0.03683076027223884,-0.03683076027223884,0,0.2608105993427573,TRUE,157
P. falciparum,model6,17006,Porto Nacional,TO,2016,2,158,383420,0,0.02960293549738737,-0.02960293549738737,0,0.2608105993427573,TRUE,157
P. falciparum,model6,17006,Porto Nacional,TO,2016,3,159,383420,0.2608105993427573,0.004680164395533522,0.25613043494722376,0,0.2608105993427573,TRUE,157
P. falciparum,model6,17007,Jalapão,TO,2016,1,157,78618,0,7.477417322413004e-5,-7.477417322413004e-5,0,0,TRUE,157
P. falciparum,model6,17007,Jalapão,TO,2016,2,158,78618,0,7.287438985444841e-5,-7.287438985444841e-5,0,0,TRUE,157
P. falciparum,model6,17007,Jalapão,TO,2016,3,159,78618,0,6.63216015949169e-5,-6.63216015949169e-5,0,0,TRUE,157
P. falciparum,model6,17008,Dianópolis,TO,2016,1,157,124164,0,2.025765205897156e-6,-2.025765205897156e-6,0,0,TRUE,157
P. falciparum,model6,17008,Dianópolis,TO,2016,2,158,124164,0,1.9598483418450837e-6,-1.9598483418450837e-6,0,0,TRUE,157
P. falciparum,model6,17008,Dianópolis,TO,2016,3,159,124164,0,1.7777564693375718e-6,-1.7777564693375718e-6,0,0,TRUE,157
P. falciparum,model6,21001,Litoral Ocidental Maranhense,MA,2016,1,157,187688,0,7.622427665550923e-4,-7.622427665550923e-4,0,0,TRUE,157
P. falciparum,model6,21001,Litoral Ocidental Maranhense,MA,2016,2,158,187688,0,6.83326403666125e-4,-6.83326403666125e-4,0,0,TRUE,157
P. falciparum,model6,21001,Litoral Ocidental Maranhense,MA,2016,3,159,187688,0.5327991134222753,6.908417360191015e-4,0.5321082716862562,0,0,FALSE,157
P. falciparum,model6,21002,Aglomeração Urbana de São Luís,MA,2016,1,157,1409162,0,0.005031517228125556,-0.005031517228125556,0,0.14192832335813768,TRUE,157
P. falciparum,model6,21002,Aglomeração Urbana de São Luís,MA,2016,2,158,1409162,0,0.004700779081615348,-0.004700779081615348,0,0.14192832335813768,TRUE,157
P. falciparum,model6,21002,Aglomeração Urbana de São Luís,MA,2016,3,159,1409162,0.07096416167906884,0.004276084751927092,0.06668807692714175,0,0.14192832335813768,TRUE,157
P. falciparum,model6,21003,Rosário,MA,2016,1,157,174476,0,0.004581037523945343,-0.004581037523945343,0,0.5731447305073477,TRUE,157
P. falciparum,model6,21003,Rosário,MA,2016,2,158,174476,0,0.0032568406823486186,-0.0032568406823486186,0,0.5731447305073477,TRUE,157
P. falciparum,model6,21003,Rosário,MA,2016,3,159,174476,0,0.0025291808778910036,-0.0025291808778910036,0,0.5731447305073477,TRUE,157
P. falciparum,model6,21004,Lençóis Maranhenses,MA,2016,1,157,194298,0,7.882689158815256e-4,-7.882689158815256e-4,0,0,TRUE,157
P. falciparum,model6,21004,Lençóis Maranhenses,MA,2016,2,158,194298,0,5.636383088600833e-4,-5.636383088600833e-4,0,0,TRUE,157
P. falciparum,model6,21004,Lençóis Maranhenses,MA,2016,3,159,194298,0,4.5743030695067906e-4,-4.5743030695067906e-4,0,0,TRUE,157
P. falciparum,model6,21005,Baixada Maranhense,MA,2016,1,157,595044,0.33610959861791734,0.0855570893439402,0.25055250927397715,0,1.2646123647999103,TRUE,157
P. falciparum,model6,21005,Baixada Maranhense,MA,2016,2,158,595044,0.16805479930895867,0.0711305072579719,0.09692429205098677,0,1.008328795853752,TRUE,157
P. falciparum,model6,21005,Baixada Maranhense,MA,2016,3,159,595044,0.16805479930895867,0.06733285511671291,0.10072194419224575,0,1.008328795853752,TRUE,157
P. falciparum,model6,21006,Itapecuru Mirim,MA,2016,1,157,232934,0,0.001411055269682686,-0.001411055269682686,0,0.22538573158060965,TRUE,157
P. falciparum,model6,21006,Itapecuru Mirim,MA,2016,2,158,232934,0,0.0014413765054702527,-0.0014413765054702527,0,0.429306155391656,TRUE,157
P. falciparum,model6,21006,Itapecuru Mirim,MA,2016,3,159,232934,0,0.0016390198568083214,-0.0016390198568083214,0,0.429306155391656,TRUE,157
P. falciparum,model6,21007,Gurupi,MA,2016,1,157,238005,0.42015924035209345,0.1291739763344469,0.29098526401764657,0,2.100796201760467,TRUE,157
P. falciparum,model6,21007,Gurupi,MA,2016,2,158,238005,1.2604777210562803,0.13638315236911835,1.124094568687162,0,1.6806369614083738,TRUE,157
P. falciparum,model6,21007,Gurupi,MA,2016,3,159,238005,0,0.16065025562621124,-0.16065025562621124,0,2.5209554421125606,TRUE,157
P. falciparum,model6,21008,Pindaré,MA,2016,1,157,654404,0.305621603779928,0.24577910800525363,0.05984249577467435,0,3.2090268396892436,TRUE,157
P. falciparum,model6,21008,Pindaré,MA,2016,2,158,654404,0.7640540094498199,0.2353449823375585,0.5287090271122614,0,2.903405235909316,TRUE,157
P. falciparum,model6,21008,Pindaré,MA,2016,3,159,654404,0.611243207559856,0.22877913501834665,0.38246407254150927,0,3.144082248885999,TRUE,157
P. falciparum,model6,21009,Imperatriz,MA,2016,1,157,589439,0,0.0418896996437395,-0.0418896996437395,0,0.8482641969737326,TRUE,157
P. falciparum,model6,21009,Imperatriz,MA,2016,2,158,589439,0.16965283939474654,0.03518407689428739,0.13446876250045914,0,0.50895851818423965,TRUE,157
P. falciparum,model6,21009,Imperatriz,MA,2016,3,159,589439,0,0.031379106741603074,-0.031379106741603074,0,0.50895851818423965,TRUE,157
P. falciparum,model6,21010,Médio Mearim,MA,2016,1,157,416384,0.2401629265293575,0.057775912473356096,0.1823870140560014,0,1.2008146326467874,TRUE,157
P. falciparum,model6,21010,Médio Mearim,MA,2016,2,158,416384,0.7204887795880726,0.06565828786232326,0.6548304917257493,0,0.96065170611743,TRUE,157
P. falciparum,model6,21010,Médio Mearim,MA,2016,3,159,416384,0.2401629265293575,0.08608681197707473,0.15407611455228276,0,1.4409775591761451,TRUE,157
P. falciparum,model6,21011,Alto Mearim e Grajaú,MA,2016,1,157,330611,0,0.12891231119472624,-0.12891231119472624,0,1.5123513736687526,TRUE,157
P. falciparum,model6,21011,Alto Mearim e Grajaú,MA,2016,2,158,330611,0,0.11882845864703992,-0.11882845864703992,0,1.3686779931702144,TRUE,157
P. falciparum,model6,21011,Alto Mearim e Grajaú,MA,2016,3,159,330611,0,0.10323438388691243,-0.10323438388691243,0,1.3686779931702144,TRUE,157
P. falciparum,model6,21012,Presidente Dutra,MA,2016,1,157,195820,0.5106730671024411,0.035197134276148144,0.47547593282629297,0,1.0213461342048822,TRUE,157
P. falciparum,model6,21012,Presidente Dutra,MA,2016,2,158,195820,0.5106730671024411,0.04131622449294746,0.4693568426094936,0,1.0213461342048822,TRUE,157
P. falciparum,model6,21012,Presidente Dutra,MA,2016,3,159,195820,0,0.05262347011440537,-0.05262347011440537,0,1.0213461342048822,TRUE,157
P. falciparum,model6,21013,Baixo Parnaíba Maranhense,MA,2016,1,157,143983,0,0.04542747383922951,-0.04542747383922951,0,0.6945264371488301,TRUE,157
P. falciparum,model6,21013,Baixo Parnaíba Maranhense,MA,2016,2,158,143983,0,0.03301204354690547,-0.03301204354690547,0,0.6945264371488301,TRUE,157
P. falciparum,model6,21013,Baixo Parnaíba Maranhense,MA,2016,3,159,143983,0,0.02739955593134955,-0.02739955593134955,0,0.6945264371488301,TRUE,157
P. falciparum,model6,21014,Chapadinha,MA,2016,1,157,240987,0,0.01978662281439645,-0.01978662281439645,0,0.632814218194333,TRUE,157
P. falciparum,model6,21014,Chapadinha,MA,2016,2,158,240987,0,0.017260450513700454,-0.017260450513700454,0,0.41496014307825735,TRUE,157
P. falciparum,model6,21014,Chapadinha,MA,2016,3,159,240987,0,0.015501433411419937,-0.015501433411419937,0,0.8299202861565147,TRUE,157
P. falciparum,model6,21015,Codó,MA,2016,1,157,273399,0,0.013732621882433217,-0.013732621882433217,0,0.3657657855368893,TRUE,157
P. falciparum,model6,21015,Codó,MA,2016,2,158,273399,0,0.01312736237865342,-0.01312736237865342,0,0.3657657855368893,TRUE,157
P. falciparum,model6,21015,Codó,MA,2016,3,159,273399,0,0.013430386250572874,-0.013430386250572874,0,0.3657657855368893,TRUE,157
P. falciparum,model6,21016,Coelho Neto,MA,2016,1,157,92230,0,0.003581313585349418,-0.003581313585349418,0,1.0842459069717012,TRUE,157
P. falciparum,model6,21016,Coelho Neto,MA,2016,2,158,92230,0,0.0028744924727059327,-0.0028744924727059327,0,1.0842459069717012,TRUE,157
P. falciparum,model6,21016,Coelho Neto,MA,2016,3,159,92230,0,0.0023191358192199527,-0.0023191358192199527,0,0,TRUE,157
P. falciparum,model6,21017,Caxias,MA,2016,1,157,437336,0,0.008781978207010498,-0.008781978207010498,0,0.22865714233449796,TRUE,157
P. falciparum,model6,21017,Caxias,MA,2016,2,158,437336,0.22865714233449796,0.010458330179920759,0.2181988121545772,0,0.3487021420601042,TRUE,157
P. falciparum,model6,21017,Caxias,MA,2016,3,159,437336,0.22865714233449796,0.013073281091715395,0.21558386124278256,0,0.3487021420601042,TRUE,157
P. falciparum,model6,21018,Chapadas do Alto Itapecuru,MA,2016,1,157,217425,0,0.05306374215316874,-0.05306374215316874,0,0.9198574220995746,TRUE,157
P. falciparum,model6,21018,Chapadas do Alto Itapecuru,MA,2016,2,158,217425,0,0.06459277755170571,-0.06459277755170571,0,0.9198574220995746,TRUE,157
P. falciparum,model6,21018,Chapadas do Alto Itapecuru,MA,2016,3,159,217425,0,0.0786267661751506,-0.0786267661751506,0,1.379786133149362,TRUE,157
P. falciparum,model6,21019,Porto Franco,MA,2016,1,157,118414,0,0.00973211822092168,-0.00973211822092168,0,0.8444947387977773,TRUE,157
P. falciparum,model6,21019,Porto Franco,MA,2016,2,158,118414,0,0.00676527514549796,-0.00676527514549796,0,0.8444947387977773,TRUE,157
P. falciparum,model6,21019,Porto Franco,MA,2016,3,159,118414,0,0.004797615885501034,-0.004797615885501034,0,0.8444947387977773,TRUE,157
P. falciparum,model6,21020,Gerais de Balsas,MA,2016,1,157,140990,0,2.8361723568220444e-4,-2.8361723568220444e-4,0,0,TRUE,157
P. falciparum,model6,21020,Gerais de Balsas,MA,2016,2,158,140990,0,2.9569793461648515e-4,-2.9569793461648515e-4,0,0,TRUE,157
P. falciparum,model6,21020,Gerais de Balsas,MA,2016,3,159,140990,0,2.826620094142102e-4,-2.826620094142102e-4,0,0,TRUE,157
P. falciparum,model6,21021,Chapadas das Mangabeiras,MA,2016,1,157,71007,0,1.1454122240316899e-4,-1.1454122240316899e-4,0,0,TRUE,157
P. falciparum,model6,21021,Chapadas das Mangabeiras,MA,2016,2,158,71007,0,1.0436642257359413e-4,-1.0436642257359413e-4,0,0,TRUE,157
P. falciparum,model6,21021,Chapadas das Mangabeiras,MA,2016,3,159,71007,0,9.865003397711397e-5,-9.865003397711397e-5,0,0,TRUE,157
P. falciparum,model6,51001,Aripuanã,MT,2016,1,157,158779,0,0.23813634970227635,-0.23813634970227635,0,3.4796793026785515,TRUE,157
P. falciparum,model6,51001,Aripuanã,MT,2016,2,158,158779,0,0.2043937915102192,-0.2043937915102192,0,3.4796793026785515,TRUE,157
P. falciparum,model6,51001,Aripuanã,MT,2016,3,159,158779,0,0.18662843804671767,-0.18662843804671767,0,2.5192248345184187,TRUE,157
P. falciparum,model6,51002,Alta Floresta,MT,2016,1,157,103591,0,0.14879346713472236,-0.14879346713472236,0,2.8960044791535946,TRUE,157
P. falciparum,model6,51002,Alta Floresta,MT,2016,2,158,103591,0,0.11003226424302687,-0.11003226424302687,0,1.9306696527690628,TRUE,157
P. falciparum,model6,51002,Alta Floresta,MT,2016,3,159,103591,0,0.07832619977860814,-0.07832619977860814,0,1.9306696527690628,TRUE,157
P. falciparum,model6,51003,Colíder,MT,2016,1,157,150531,0,0.20851393668008117,-0.20851393668008117,0,3.321574957982077,TRUE,157
P. falciparum,model6,51003,Colíder,MT,2016,2,158,150531,1.3286299831928308,0.17983051345615259,1.1487994697366781,0,3.321574957982077,TRUE,157
P. falciparum,model6,51003,Colíder,MT,2016,3,159,150531,0,0.1402734841452972,-0.1402734841452972,0,2.341710345377349,TRUE,157
P. falciparum,model6,51004,Parecis,MT,2016,1,157,103492,0,0.009171963639707079,-0.009171963639707079,0,0.9662582615081359,TRUE,157
P. falciparum,model6,51004,Parecis,MT,2016,2,158,103492,0,0.01240104206823443,-0.01240104206823443,0,1.9325165230162717,TRUE,157
P. falciparum,model6,51004,Parecis,MT,2016,3,159,103492,0,0.017330772309464233,-0.017330772309464233,0,1.9325165230162717,TRUE,157
P. falciparum,model6,51005,Arinos,MT,2016,1,157,79669,0,0.00716538248261346,-0.00716538248261346,0,1.255193362537499,TRUE,157
P. falciparum,model6,51005,Arinos,MT,2016,2,158,79669,0,0.005330767750374001,-0.005330767750374001,0,1.255193362537499,TRUE,157
P. falciparum,model6,51005,Arinos,MT,2016,3,159,79669,0,0.004575450805396914,-0.004575450805396914,0,1.255193362537499,TRUE,157
P. falciparum,model6,51006,Alto Teles Pires,MT,2016,1,157,238340,0,0.021415769193638294,-0.021415769193638294,0,0.839137366786943,TRUE,157
P. falciparum,model6,51006,Alto Teles Pires,MT,2016,2,158,238340,0,0.011635651180242677,-0.011635651180242677,0,0.4195686833934715,TRUE,157
P. falciparum,model6,51006,Alto Teles Pires,MT,2016,3,159,238340,0,0.006329898584788861,-0.006329898584788861,0,0.4195686833934715,TRUE,157
P. falciparum,model6,51007,Sinop,MT,2016,1,157,194473,0,0.005184652499505109,-0.005184652499505109,0,0.5142101988450839,TRUE,157
P. falciparum,model6,51007,Sinop,MT,2016,2,158,194473,0,0.004923526049992635,-0.004923526049992635,0,0.5142101988450839,TRUE,157
P. falciparum,model6,51007,Sinop,MT,2016,3,159,194473,0,0.004110886842191568,-0.004110886842191568,0,0.5142101988450839,TRUE,157
P. falciparum,model6,51008,Paranatinga,MT,2016,1,157,35035,0,3.7247572919996147e-4,-3.7247572919996147e-4,0,0,TRUE,157
P. falciparum,model6,51008,Paranatinga,MT,2016,2,158,35035,0,3.5663046857537314e-4,-3.5663046857537314e-4,0,0,TRUE,157
P. falciparum,model6,51008,Paranatinga,MT,2016,3,159,35035,0,3.232477668928209e-4,-3.232477668928209e-4,0,0,TRUE,157
P. falciparum,model6,51009,Norte Araguaia,MT,2016,1,157,124904,0,2.8160148131130475e-4,-2.8160148131130475e-4,0,0,TRUE,157
P. falciparum,model6,51009,Norte Araguaia,MT,2016,2,158,124904,0,2.711005813271744e-4,-2.711005813271744e-4,0,0,TRUE,157
P. falciparum,model6,51009,Norte Araguaia,MT,2016,3,159,124904,0,2.178589491430728e-4,-2.178589491430728e-4,0,0,TRUE,157
P. falciparum,model6,51010,Canarana,MT,2016,1,157,109827,0,2.4274081936146021e-4,-2.4274081936146021e-4,0,0,TRUE,157
P. falciparum,model6,51010,Canarana,MT,2016,2,158,109827,0,2.2787172112478333e-4,-2.2787172112478333e-4,0,0,TRUE,157
P. falciparum,model6,51010,Canarana,MT,2016,3,159,109827,0,2.2258946566649813e-4,-2.2258946566649813e-4,0,0,TRUE,157
P. falciparum,model6,51011,Médio Araguaia,MT,2016,1,157,67282,0,5.391901798462227e-6,-5.391901798462227e-6,0,0,TRUE,157
P. falciparum,model6,51011,Médio Araguaia,MT,2016,2,158,67282,0,4.958721146770427e-6,-4.958721146770427e-6,0,0,TRUE,157
P. falciparum,model6,51011,Médio Araguaia,MT,2016,3,159,67282,0,4.529307497102575e-6,-4.529307497102575e-6,0,0,TRUE,157
P. falciparum,model6,51012,Alto Guaporé,MT,2016,1,157,72021,0,0.003443253290576681,-0.003443253290576681,0,0,TRUE,157
P. falciparum,model6,51012,Alto Guaporé,MT,2016,2,158,72021,0,0.0033603738322320314,-0.0033603738322320314,0,1.3884839144138514,TRUE,157
P. falciparum,model6,51012,Alto Guaporé,MT,2016,3,159,72021,0,0.00330670603017388,-0.00330670603017388,0,0,TRUE,157
P. falciparum,model6,51013,Tangará da Serra,MT,2016,1,157,161588,0,0.017237999057389704,-0.017237999057389704,0,0.6188578359779192,TRUE,157
P. falciparum,model6,51013,Tangará da Serra,MT,2016,2,158,161588,0,0.016030097067140453,-0.016030097067140453,0,0.6188578359779192,TRUE,157
P. falciparum,model6,51013,Tangará da Serra,MT,2016,3,159,161588,0,0.07243268001218044,-0.07243268001218044,0,0.6188578359779192,TRUE,157
P. falciparum,model6,51014,Jauru,MT,2016,1,157,107801,0,0.002099054510869901,-0.002099054510869901,0,0,TRUE,157
P. falciparum,model6,51014,Jauru,MT,2016,2,158,107801,0,0.0016893738478009318,-0.0016893738478009318,0,0,TRUE,157
P. falciparum,model6,51014,Jauru,MT,2016,3,159,107801,0,0.0016048801805260296,-0.0016048801805260296,0,0,TRUE,157
P. falciparum,model6,51015,Alto Paraguai,MT,2016,1,157,32538,0,0.0017167442609573875,-0.0017167442609573875,0,0,TRUE,157
P. falciparum,model6,51015,Alto Paraguai,MT,2016,2,158,32538,0,0.001731749863539856,-0.001731749863539856,0,0,TRUE,157
P. falciparum,model6,51015,Alto Paraguai,MT,2016,3,159,32538,0,0.0016465154032617242,-0.0016465154032617242,0,0,TRUE,157
P. falciparum,model6,51016,Rosário Oeste,MT,2016,1,157,30278,0,0.001568621727535196,-0.001568621727535196,0,0,TRUE,157
P. falciparum,model6,51016,Rosário Oeste,MT,2016,2,158,30278,0,0.0013060185987544691,-0.0013060185987544691,0,0,TRUE,157
P. falciparum,model6,51016,Rosário Oeste,MT,2016,3,159,30278,0,0.0011564937097873285,-0.0011564937097873285,0,0,TRUE,157
P. falciparum,model6,51017,Cuiabá,MT,2016,1,157,906316,0,0.0017346776394779877,-0.0017346776394779877,0,0.11033679202397398,TRUE,157
P. falciparum,model6,51017,Cuiabá,MT,2016,2,158,906316,0.22067358404794796,0.0013285463561500508,0.21934503769179792,0,0.11033679202397398,FALSE,157
P. falciparum,model6,51017,Cuiabá,MT,2016,3,159,906316,0.11033679202397398,0.001104775052029378,0.1092320169719446,0,0.11033679202397398,TRUE,157
P. falciparum,model6,51018,Alto Pantanal,MT,2016,1,157,136000,0,0.001648160948293532,-0.001648160948293532,0,0.7352941176470589,TRUE,157
P. falciparum,model6,51018,Alto Pantanal,MT,2016,2,158,136000,0,0.001252280103374052,-0.001252280103374052,0,0,TRUE,157
P. falciparum,model6,51018,Alto Pantanal,MT,2016,3,159,136000,0,9.600701733699878e-4,-9.600701733699878e-4,0,0,TRUE,157
P. falciparum,model6,51019,Primavera do Leste,MT,2016,1,157,97184,0,5.188700607407521e-4,-5.188700607407521e-4,0,0,TRUE,157
P. falciparum,model6,51019,Primavera do Leste,MT,2016,2,158,97184,0,4.553845419680424e-4,-4.553845419680424e-4,0,0,TRUE,157
P. falciparum,model6,51019,Primavera do Leste,MT,2016,3,159,97184,0,4.081787957372465e-4,-4.081787957372465e-4,0,0,TRUE,157
P. falciparum,model6,51020,Tesouro,MT,2016,1,157,54436,0,1.906438163443193e-4,-1.906438163443193e-4,0,0,TRUE,157
P. falciparum,model6,51020,Tesouro,MT,2016,2,158,54436,1.837019619369535,1.7977238323138898e-4,1.8368398469863036,0,0,FALSE,157
P. falciparum,model6,51020,Tesouro,MT,2016,3,159,54436,0,1.5531923132352675e-4,-1.5531923132352675e-4,0,0,TRUE,157
P. falciparum,model6,51021,Rondonópolis,MT,2016,1,157,302259,0,4.5063598178399114e-4,-4.5063598178399114e-4,0,0,TRUE,157
P. falciparum,model6,51021,Rondonópolis,MT,2016,2,158,302259,0,3.573855100979799e-4,-3.573855100979799e-4,0,0,TRUE,157
P. falciparum,model6,51021,Rondonópolis,MT,2016,3,159,302259,0,2.666683367473808e-4,-2.666683367473808e-4,0,0,TRUE,157
P. falciparum,model6,51022,Alto Araguaia,MT,2016,1,157,39187,0,1.9871240158011177e-5,-1.9871240158011177e-5,0,0,TRUE,157
P. falciparum,model6,51022,Alto Araguaia,MT,2016,2,158,39187,0,1.9356861631155956e-5,-1.9356861631155956e-5,0,0,TRUE,157
P. falciparum,model6,51022,Alto Araguaia,MT,2016,3,159,39187,0,1.9285145739961907e-5,-1.9285145739961907e-5,0,0,TRUE,157
P. falciparum,model6,11001,Porto Velho,RO,2017,1,169,659874,13.487423356580194,5.947434966097341,7.539988390482853,1.4358801831864874,54.33991943916551,TRUE,169
P. falciparum,model6,11001,Porto Velho,RO,2017,2,170,659874,11.668894364681742,4.8683953004731455,6.800499064208597,1.1327920178700785,46.14138456735667,TRUE,169
P. falciparum,model6,11001,Porto Velho,RO,2017,3,171,659874,16.9729372577189,5.230331274837812,11.742605982881088,0.9812479352118741,48.72521117667918,TRUE,169
P. falciparum,model6,11002,Guajará-Mirim,RO,2017,1,169,84545,0,0.21883952078527108,-0.21883952078527108,0,3.5484061742267436,TRUE,169
P. falciparum,model6,11002,Guajará-Mirim,RO,2017,2,170,84545,0,0.18653541234166965,-0.18653541234166965,0,3.5484061742267436,TRUE,169
P. falciparum,model6,11002,Guajará-Mirim,RO,2017,3,171,84545,0,0.20052037468953157,-0.20052037468953157,0,3.5484061742267436,TRUE,169
P. falciparum,model6,11003,Ariquemes,RO,2017,1,169,204494,1.4670357076491243,0.6078059414516778,0.8592297661974465,0,5.868142830596497,TRUE,169
P. falciparum,model6,11003,Ariquemes,RO,2017,2,170,204494,0.48901190254970806,0.4931378720160701,-0.004125969466362067,0,5.635862176885375,TRUE,169
P. falciparum,model6,11003,Ariquemes,RO,2017,3,171,204494,0,0.4835866655601453,-0.4835866655601453,0,5.379130928046789,TRUE,169
P. falciparum,model6,11004,Ji-Paraná,RO,2017,1,169,317627,0,0.16332249367384388,-0.16332249367384388,0,2.0542963916795416,TRUE,169
P. falciparum,model6,11004,Ji-Paraná,RO,2017,2,170,317627,0,0.11558405875536719,-0.11558405875536719,0,1.5741734802142133,TRUE,169
P. falciparum,model6,11004,Ji-Paraná,RO,2017,3,171,317627,0.6296693920856854,0.12943305471893043,0.500236337366755,0,1.889008176257056,TRUE,169
P. falciparum,model6,11005,Alvorada D'Oeste,RO,2017,1,169,75328,2.655055225148683,0.6130609729013742,2.041994252247309,0,6.637638062871708,TRUE,169
P. falciparum,model6,11005,Alvorada D'Oeste,RO,2017,2,170,75328,2.655055225148683,0.4505096468166428,2.2045455783320405,0,6.637638062871708,TRUE,169
P. falciparum,model6,11005,Alvorada D'Oeste,RO,2017,3,171,75328,0,0.4302416460522619,-0.4302416460522619,0,6.637638062871708,TRUE,169
P. falciparum,model6,11006,Cacoal,RO,2017,1,169,250643,0,0.08111923804059279,-0.08111923804059279,0,0.7979476785707162,TRUE,169
P. falciparum,model6,11006,Cacoal,RO,2017,2,170,250643,0,0.06181540430471021,-0.06181540430471021,0,0.7979476785707162,TRUE,169
P. falciparum,model6,11006,Cacoal,RO,2017,3,171,250643,0,0.06667766521945974,-0.06667766521945974,0,0.7979476785707162,TRUE,169
P. falciparum,model6,11007,Vilhena,RO,2017,1,169,159583,0,0.11950672461608301,-0.11950672461608301,0,1.8798994880407058,TRUE,169
P. falciparum,model6,11007,Vilhena,RO,2017,2,170,159583,0,0.08797861278223704,-0.08797861278223704,0,1.8798994880407058,TRUE,169
P. falciparum,model6,11007,Vilhena,RO,2017,3,171,159583,0,0.09580915645119764,-0.09580915645119764,0,1.8798994880407058,TRUE,169
P. falciparum,model6,11008,Colorado do Oeste,RO,2017,1,169,53694,0,0.10782783470554258,-0.10782783470554258,0,3.724810965843483,TRUE,169
P. falciparum,model6,11008,Colorado do Oeste,RO,2017,2,170,53694,0,0.0840069106567726,-0.0840069106567726,0,1.8624054829217416,TRUE,169
P. falciparum,model6,11008,Colorado do Oeste,RO,2017,3,171,53694,0,0.09222423146374055,-0.09222423146374055,0,3.724810965843483,TRUE,169
P. falciparum,model6,12001,Cruzeiro do Sul,AC,2017,1,169,147727,476.55472594718634,188.329241336802,288.22548461038434,48.924705707149,1614.4983652277501,TRUE,169
P. falciparum,model6,12001,Cruzeiro do Sul,AC,2017,2,170,147727,282.2774442045124,149.26436112745927,133.01308307705312,38.51699418522004,1375.6794627928543,TRUE,169
P. falciparum,model6,12001,Cruzeiro do Sul,AC,2017,3,171,147727,246.4004548931475,148.17681570442002,98.22363918872747,47.993934758033404,1333.5409234601657,TRUE,169
P. falciparum,model6,12002,Tarauacá,AC,2017,1,169,80242,0,1.872744051464684,-1.872744051464684,0,19.939682460556817,TRUE,169
P. falciparum,model6,12002,Tarauacá,AC,2017,2,170,80242,1.246230153784801,1.37931510818404,-0.13308495439923895,0,13.116572368585004,TRUE,169
P. falciparum,model6,12002,Tarauacá,AC,2017,3,171,80242,0,1.2888069221878335,-1.2888069221878335,0,11.8703422148002,TRUE,169
P. falciparum,model6,12003,Sena Madureira,AC,2017,1,169,58255,0,0.0049499097203168805,-0.0049499097203168805,0,1.7165908505707665,TRUE,169
P. falciparum,model6,12003,Sena Madureira,AC,2017,2,170,58255,0,0.0047228536501531335,-0.0047228536501531335,0,0.9012101965496134,TRUE,169
P. falciparum,model6,12003,Sena Madureira,AC,2017,3,171,58255,0,0.0049095344936584025,-0.0049095344936584025,0,1.7165908505707665,TRUE,169
P. falciparum,model6,12004,Rio Branco,AC,2017,1,169,476130,1.4701867137126414,0.32707629354405304,1.1431104201685884,0,3.5809547812572102,TRUE,169
P. falciparum,model6,12004,Rio Branco,AC,2017,2,170,476130,0.21002667338752024,0.2502774977790766,-0.04025082439155636,0,2.840610757566206,TRUE,169
P. falciparum,model6,12004,Rio Branco,AC,2017,3,171,476130,1.050133366937601,0.26799602570679487,0.7821373412308061,0,3.470690777728767,TRUE,169
P. falciparum,model6,12005,Brasiléia,AC,2017,1,169,67265,0,0.009392063692225047,-0.009392063692225047,0,1.4866572511707425,TRUE,169
P. falciparum,model6,12005,Brasiléia,AC,2017,2,170,67265,0,0.006023198932062982,-0.006023198932062982,0,1.4866572511707425,TRUE,169
P. falciparum,model6,12005,Brasiléia,AC,2017,3,171,67265,0,0.004255362042219805,-0.004255362042219805,0,1.4866572511707425,TRUE,169
P. falciparum,model6,13001,Rio Negro,AM,2017,1,169,114647,211.08271476793988,42.66312052354899,168.41959424439088,11.753469345033015,416.4958524863272,TRUE,169
P. falciparum,model6,13001,Rio Negro,AM,2017,2,170,114647,240.73896395021237,39.887096397443685,200.85186755276868,11.339154099104206,391.397071009271,TRUE,169
P. falciparum,model6,13001,Rio Negro,AM,2017,3,171,114647,333.1966819890621,45.00432435774797,288.1923576313141,12.211396722112223,478.0761816706935,TRUE,169
P. falciparum,model6,13002,Japurá,AM,2017,1,169,22736,17.593244194229417,8.04929713302611,9.543947061203307,0,88.18613652357473,TRUE,169
P. falciparum,model6,13002,Japurá,AM,2017,2,170,22736,13.194933145672062,7.043917187877759,6.151015957794303,0,77.08040112596754,TRUE,169
P. falciparum,model6,13002,Japurá,AM,2017,3,171,22736,13.194933145672062,8.862602974061806,4.332330171610256,0,90.49524982406726,TRUE,169
P. falciparum,model6,13003,Alto Solimões,AM,2017,1,169,250657,26.330802650634137,13.733082991911362,12.597719658722776,3.191612442501107,100.38618510554258,TRUE,169
P. falciparum,model6,13003,Alto Solimões,AM,2017,2,170,250657,21.54338398688247,18.921857067404964,2.621526919477507,3.590563997813746,157.26670310424197,TRUE,169
P. falciparum,model6,13003,Alto Solimões,AM,2017,3,171,250657,10.771691993441236,24.436320684180004,-13.664628690738768,6.971678429088357,208.05323609554074,TRUE,169
P. falciparum,model6,13004,Juruá,AM,2017,1,169,149439,14.05255656154016,14.216750681697004,-0.16419412015684465,1.3383387201466819,129.5177296421948,TRUE,169
P. falciparum,model6,13004,Juruá,AM,2017,2,170,149439,19.40591144212689,13.804731497910558,5.601179944216332,2.3253635262548604,110.79771679414338,TRUE,169
P. falciparum,model6,13004,Juruá,AM,2017,3,171,149439,42.15766968462048,17.547801818356835,24.609867866263645,2.3253635262548604,138.1165559191373,TRUE,169
P. falciparum,model6,13005,Tefé,AM,2017,1,169,91357,10.94606871941942,9.602395619489018,1.3436730999304025,0,77.71708790787788,TRUE,169
P. falciparum,model6,13005,Tefé,AM,2017,2,170,91357,9.851461847477479,8.736170557761891,1.1152912897155876,0,79.03061615420802,TRUE,169
P. falciparum,model6,13005,Tefé,AM,2017,3,171,91357,3.2838206158258263,11.270989267505994,-7.987168651680168,0,99.19874776973838,TRUE,169
P. falciparum,model6,13006,Coari,AM,2017,1,169,177551,0,0.08171594640013616,-0.08171594640013616,0,1.6896553666270537,TRUE,169
P. falciparum,model6,13006,Coari,AM,2017,2,170,177551,0.5632184555423513,0.0871093337469264,0.47610912179542486,0,1.6896553666270537,TRUE,169
P. falciparum,model6,13006,Coari,AM,2017,3,171,177551,0,0.11180854458614134,-0.11180854458614134,0,1.9853450557867753,TRUE,169
P. falciparum,model6,13007,Manaus,AM,2017,1,169,2409396,0.4150417781053841,0.16063756765590217,0.2544042104494819,0,1.4547214322593693,TRUE,169
P. falciparum,model6,13007,Manaus,AM,2017,2,170,2409396,0.16601671124215364,0.1372575375184872,0.02875917372366643,0,1.411142045558306,TRUE,169
P. falciparum,model6,13007,Manaus,AM,2017,3,171,2409396,0.20752088905269206,0.14170350242333385,0.06581738662935821,0,1.3696378677477674,TRUE,169
P. falciparum,model6,13008,Rio Preto da Eva,AM,2017,1,169,66575,0,0.19365167245856102,-0.19365167245856102,0,3.0041306796845664,TRUE,169
P. falciparum,model6,13008,Rio Preto da Eva,AM,2017,2,170,66575,0,0.14430381160371789,-0.14430381160371789,0,3.0041306796845664,TRUE,169
P. falciparum,model6,13008,Rio Preto da Eva,AM,2017,3,171,66575,0,0.13046106772761856,-0.13046106772761856,0,3.0041306796845664,TRUE,169
P. falciparum,model6,13009,Itacoatiara,AM,2017,1,169,176769,0,0.03489562635267927,-0.03489562635267927,0,0.5657100509704756,TRUE,169
P. falciparum,model6,13009,Itacoatiara,AM,2017,2,170,176769,0,0.02681381376787737,-0.02681381376787737,0,0.5657100509704756,TRUE,169
P. falciparum,model6,13009,Itacoatiara,AM,2017,3,171,176769,0,0.027421861022799164,-0.027421861022799164,0,0.5657100509704756,TRUE,169
P. falciparum,model6,13010,Parintins,AM,2017,1,169,277360,1.0816267666570523,0.2721848951858761,0.8094418714711762,0,3.2629074127487576,TRUE,169
P. falciparum,model6,13010,Parintins,AM,2017,2,170,277360,0.36054225555235075,0.21672780752047377,0.14381444803187698,0,2.523795788866455,TRUE,169
P. falciparum,model6,13010,Parintins,AM,2017,3,171,277360,0,0.19710862346664862,-0.19710862346664862,0,2.35253821747908,TRUE,169
P. falciparum,model6,13011,Boca do Acre,AM,2017,1,169,53773,24.175701560262585,7.844164664146783,16.3315368961158,0,74.38677403157719,TRUE,169
P. falciparum,model6,13011,Boca do Acre,AM,2017,2,170,53773,7.438677403157718,5.755959158227488,1.6827182449302303,0,50.2110724713146,TRUE,169
P. falciparum,model6,13011,Boca do Acre,AM,2017,3,171,53773,3.719338701578859,6.564083094026522,-2.8447443924476628,0,68.99373291428766,TRUE,169
P. falciparum,model6,13012,Purus,AM,2017,1,169,78281,3.832347568375468,3.828774604600735,0.00357296377473304,0,31.32944137146942,TRUE,169
P. falciparum,model6,13012,Purus,AM,2017,2,170,78281,6.387245947292447,4.00367803285607,2.3835679144363775,0,38.45122060270041,TRUE,169
P. falciparum,model6,13012,Purus,AM,2017,3,171,78281,10.219593515667913,4.936917359552362,5.282676156115551,0,41.54903488713734,TRUE,169
P. falciparum,model6,13013,Madeira,AM,2017,1,169,195073,25.631430285072767,9.588441900690778,16.04298838438199,1.2687557991111027,88.46688162892863,TRUE,169
P. falciparum,model6,13013,Madeira,AM,2017,2,170,195073,25.118801679371312,9.046332601814255,16.07246907755706,1.0252572114029108,78.21430951489953,TRUE,169
P. falciparum,model6,13013,Madeira,AM,2017,3,171,195073,7.1768004798203755,11.27130055878796,-4.0945000789675845,1.7813844048125582,105.5758613442143,TRUE,169
P. falciparum,model6,14001,Boa Vista,RR,2017,1,169,371888,19.091769565030333,16.704013729836593,2.3877558351937402,4.302370606204018,135.79357225831433,TRUE,169
P. falciparum,model6,14001,Boa Vista,RR,2017,2,170,371888,15.327195284601817,13.679494202318697,1.6477010822831204,2.5478100933614423,115.115303532246,TRUE,169
P. falciparum,model6,14001,Boa Vista,RR,2017,3,171,371888,22.318547519683346,13.554165966761852,8.764381552921494,3.085606419136945,109.12559695392153,TRUE,169
P. falciparum,model6,14002,Nordeste de Roraima,RR,2017,1,169,49185,0,2.9176694443002575,-2.9176694443002575,0,32.53024296025211,TRUE,169
P. falciparum,model6,14002,Nordeste de Roraima,RR,2017,2,170,49185,0,2.5188665106549473,-2.5188665106549473,0,31.564501372369577,TRUE,169
P. falciparum,model6,14002,Nordeste de Roraima,RR,2017,3,171,49185,0,2.2409786696734906,-2.2409786696734906,0,28.4639625902206,TRUE,169
P. falciparum,model6,14003,Caracaraí,RR,2017,1,169,48518,45.343996042705804,5.450397825409945,39.89359821729586,0,47.4050867719197,TRUE,169
P. falciparum,model6,14003,Caracaraí,RR,2017,2,170,48518,4.1221814584278,4.9643353887405315,-0.8421539303127314,0,54.67043159239865,TRUE,169
P. falciparum,model6,14003,Caracaraí,RR,2017,3,171,48518,6.1832721876417,5.359139606058698,0.8241325815830018,0,51.5272682303475,TRUE,169
P. falciparum,model6,14004,Sudeste de Roraima,RR,2017,1,169,53045,3.7703836365350174,6.518824644804291,-2.748441008269274,0,58.53520595720606,TRUE,169
P. falciparum,model6,14004,Sudeste de Roraima,RR,2017,2,170,53045,1.8851918182675087,5.387874041655168,-3.5026822233876596,0,51.88990479781314,TRUE,169
P. falciparum,model6,14004,Sudeste de Roraima,RR,2017,3,171,53045,0,4.5886250555843695,-4.5886250555843695,0,41.47422000188519,TRUE,169
P. falciparum,model6,15001,Óbidos,PA,2017,1,169,203396,0.983303506460304,0.06665734263197538,0.9166461638283285,0,1.474955259690456,TRUE,169
P. falciparum,model6,15001,Óbidos,PA,2017,2,170,203396,0,0.04892009878991012,-0.04892009878991012,0,0.983303506460304,TRUE,169
P. falciparum,model6,15001,Óbidos,PA,2017,3,171,203396,0,0.04672797113056207,-0.04672797113056207,0,0.983303506460304,TRUE,169
P. falciparum,model6,15002,Santarém,PA,2017,1,169,514081,1.3616531247021384,1.249436489533991,0.1122166351681475,0,10.830005388255906,TRUE,169
P. falciparum,model6,15002,Santarém,PA,2017,2,170,514081,1.1671312497446902,1.1686060098225226,-0.0014747600778324266,0,10.329111560240488,TRUE,169
P. falciparum,model6,15002,Santarém,PA,2017,3,171,514081,2.3342624994893804,1.106330322869686,1.2279321766196944,0,10.708429216407522,TRUE,169
P. falciparum,model6,15003,Almeirim,PA,2017,1,169,73186,0,1.674239924840306,-1.674239924840306,0,17.831279206405533,TRUE,169
P. falciparum,model6,15003,Almeirim,PA,2017,2,170,73186,1.3663815483835706,1.442561466534019,-0.07617991815044833,0,15.030197032219277,TRUE,169
P. falciparum,model6,15003,Almeirim,PA,2017,3,171,73186,0,1.159475478331728,-1.159475478331728,0,13.663815483835705,TRUE,169
P. falciparum,model6,15004,Portel,PA,2017,1,169,149485,0,0.049744825196585865,-0.049744825196585865,0,0.6689634411479413,TRUE,169
P. falciparum,model6,15004,Portel,PA,2017,2,170,149485,0,0.06260455342858434,-0.06260455342858434,0,1.3379268822958825,TRUE,169
P. falciparum,model6,15004,Portel,PA,2017,3,171,149485,0,0.07634765765933607,-0.07634765765933607,0,1.3379268822958825,TRUE,169
P. falciparum,model6,15005,Furos de Breves,PA,2017,1,169,225900,9.296148738379813,5.700194148997616,3.595954589382197,0.652943780433821,45.82779991146524,TRUE,169
P. falciparum,model6,15005,Furos de Breves,PA,2017,2,170,225900,7.082779991146525,5.5236530824946035,1.5591269086519217,0,54.017264276228204,TRUE,169
P. falciparum,model6,15005,Furos de Breves,PA,2017,3,171,225900,4.426737494466578,5.429118239686486,-1.0023807452199076,0.4426737494466578,43.404161133244784,TRUE,169
P. falciparum,model6,15006,Arari,PA,2017,1,169,173249,0,1.5802454136053983,-1.5802454136053983,0,18.282933812027686,TRUE,169
P. falciparum,model6,15006,Arari,PA,2017,2,170,173249,0.5772039088248705,2.413193352783285,-1.8359894439584146,0,21.68843687409447,TRUE,169
P. falciparum,model6,15006,Arari,PA,2017,3,171,173249,0,2.9311849672850494,-2.9311849672850494,0,28.586023584551704,TRUE,169
P. falciparum,model6,15007,Belém,PA,2017,1,169,2298862,0.08699956761214897,0.011061083339358617,0.07593848427279035,0,0.21749891903037244,TRUE,169
P. falciparum,model6,15007,Belém,PA,2017,2,170,2298862,0.08699956761214897,0.01011407718302259,0.07688549042912637,0,0.19683652172248606,TRUE,169
P. falciparum,model6,15007,Belém,PA,2017,3,171,2298862,0,0.009228303254641801,-0.009228303254641801,0,0.17399913522429794,TRUE,169
P. falciparum,model6,15008,Castanhal,PA,2017,1,169,334419,0,0.0019717225862658145,-0.0019717225862658145,0,0.29902607208322496,TRUE,169
P. falciparum,model6,15008,Castanhal,PA,2017,2,170,334419,0,0.0013735265901725704,-0.0013735265901725704,0,0.29902607208322496,TRUE,169
P. falciparum,model6,15008,Castanhal,PA,2017,3,171,334419,0,0.0010371814863173628,-0.0010371814863173628,0,0.1569886878436863,TRUE,169
P. falciparum,model6,15009,Salgado,PA,2017,1,169,264414,0,0.006049930043728749,-0.006049930043728749,0,0.37819480057788163,TRUE,169
P. falciparum,model6,15009,Salgado,PA,2017,2,170,264414,0,0.003810102112663108,-0.003810102112663108,0,0.37819480057788163,TRUE,169
P. falciparum,model6,15009,Salgado,PA,2017,3,171,264414,0,0.002987799806127566,-0.002987799806127566,0,0.37819480057788163,TRUE,169
P. falciparum,model6,15010,Bragantina,PA,2017,1,169,412502,0,0.017513492848972714,-0.017513492848972714,0,0.4848461340793499,TRUE,169
P. falciparum,model6,15010,Bragantina,PA,2017,2,170,412502,0,0.014222621247150935,-0.014222621247150935,0,0.24242306703967495,TRUE,169
P. falciparum,model6,15010,Bragantina,PA,2017,3,171,412502,0,0.01414839672732847,-0.01414839672732847,0,0.4848461340793499,TRUE,169
P. falciparum,model6,15011,Cametá,PA,2017,1,169,484618,0,0.015204263290684542,-0.015204263290684542,0,0.4126961854491579,TRUE,169
P. falciparum,model6,15011,Cametá,PA,2017,2,170,484618,0,0.015146991327794079,-0.015146991327794079,0,0.4126961854491579,TRUE,169
P. falciparum,model6,15011,Cametá,PA,2017,3,171,484618,0,0.013355235226097264,-0.013355235226097264,0,0.3146808414049782,TRUE,169
P. falciparum,model6,15012,Tomé-Açu,PA,2017,1,169,331346,0,0.014548051269845442,-0.014548051269845442,0,0.3017993275910981,TRUE,169
P. falciparum,model6,15012,Tomé-Açu,PA,2017,2,170,331346,0.3017993275910981,0.009738860609387967,0.2920604669817102,0,0.3017993275910981,TRUE,169
P. falciparum,model6,15012,Tomé-Açu,PA,2017,3,171,331346,0,0.008880288591193886,-0.008880288591193886,0,0.3017993275910981,TRUE,169
P. falciparum,model6,15013,Guamá,PA,2017,1,169,470473,0,0.014480924568660236,-0.014480924568660236,0,0.21255204868292124,TRUE,169
P. falciparum,model6,15013,Guamá,PA,2017,2,170,470473,0,0.013439076425437835,-0.013439076425437835,0,0.21255204868292124,TRUE,169
P. falciparum,model6,15013,Guamá,PA,2017,3,171,470473,0,0.014689353828613133,-0.014689353828613133,0,0.21255204868292124,TRUE,169
P. falciparum,model6,15014,Itaituba,PA,2017,1,169,215162,24.16783632797613,12.376267976373732,11.791568351602397,2.323830416151551,79.25423634284864,TRUE,169
P. falciparum,model6,15014,Itaituba,PA,2017,2,170,215162,17.661111162751787,9.864970110538556,7.7961410522132315,1.8590643329212408,72.77074948178578,TRUE,169
P. falciparum,model6,15014,Itaituba,PA,2017,3,171,215162,14.872514663369927,9.7275232845652,5.144991378804727,0.6855299727647082,70.02862959072691,TRUE,169
P. falciparum,model6,15015,Altamira,PA,2017,1,169,300663,0,0.10641951021283522,-0.10641951021283522,0,1.6629914555499012,TRUE,169
P. falciparum,model6,15015,Altamira,PA,2017,2,170,300663,0,0.07539704176699413,-0.07539704176699413,0,1.172408976162673,TRUE,169
P. falciparum,model6,15015,Altamira,PA,2017,3,171,300663,0,0.06240710153667054,-0.06240710153667054,0,0.6651965822199606,TRUE,169
P. falciparum,model6,15016,Tucuruí,PA,2017,1,169,374094,0,0.13920122807726576,-0.13920122807726576,0,2.4058124428619543,TRUE,169
P. falciparum,model6,15016,Tucuruí,PA,2017,2,170,374094,0,0.10179604224127112,-0.10179604224127112,0,1.8711874555592978,TRUE,169
P. falciparum,model6,15016,Tucuruí,PA,2017,3,171,374094,0,0.08441092867705924,-0.08441092867705924,0,1.6038749619079697,TRUE,169
P. falciparum,model6,15017,Paragominas,PA,2017,1,169,339647,0,0.0264186874374826,-0.0264186874374826,0,0.5888466554982084,TRUE,169
P. falciparum,model6,15017,Paragominas,PA,2017,2,170,339647,0,0.021994557909480388,-0.021994557909480388,0,0.5888466554982084,TRUE,169
P. falciparum,model6,15017,Paragominas,PA,2017,3,171,339647,0.2944233277491042,0.02020192217428741,0.2742214055748168,0,0.5888466554982084,TRUE,169
P. falciparum,model6,15018,São Félix do Xingu,PA,2017,1,169,211528,0,0.12241012116260316,-0.12241012116260316,0,1.8910026095836012,TRUE,169
P. falciparum,model6,15018,São Félix do Xingu,PA,2017,2,170,211528,0,0.09771268023553695,-0.09771268023553695,0,1.4182519571877008,TRUE,169
P. falciparum,model6,15018,São Félix do Xingu,PA,2017,3,171,211528,0,0.0947115138214638,-0.0947115138214638,0,1.4182519571877008,TRUE,169
P. falciparum,model6,15019,Parauapebas,PA,2017,1,169,315410,0.317047652262135,0.07703992438917559,0.2400077278729594,0,0.951142956786405,TRUE,169
P. falciparum,model6,15019,Parauapebas,PA,2017,2,170,315410,0,0.06330775926168643,-0.06330775926168643,0,0.951142956786405,TRUE,169
P. falciparum,model6,15019,Parauapebas,PA,2017,3,171,315410,0,0.06028586127444897,-0.06028586127444897,0,0.63409530452427,TRUE,169
P. falciparum,model6,15020,Marabá,PA,2017,1,169,324637,0,0.08543136153875318,-0.08543136153875318,0,1.2321454424480267,TRUE,169
P. falciparum,model6,15020,Marabá,PA,2017,2,170,324637,0,0.06776109981136495,-0.06776109981136495,0,1.540181803060033,TRUE,169
P. falciparum,model6,15020,Marabá,PA,2017,3,171,324637,0,0.06273582567129884,-0.06273582567129884,0,1.393864531769323,TRUE,169
P. falciparum,model6,15021,Redenção,PA,2017,1,169,191626,0,0.026491998750067348,-0.026491998750067348,0,0.5218498533601912,TRUE,169
P. falciparum,model6,15021,Redenção,PA,2017,2,170,191626,0,0.028236840951162898,-0.028236840951162898,0,0.5218498533601912,TRUE,169
P. falciparum,model6,15021,Redenção,PA,2017,3,171,191626,0,0.030893705038323505,-0.030893705038323505,0,0.5218498533601912,TRUE,169
P. falciparum,model6,15022,Conceição do Araguaia,PA,2017,1,169,157930,0,0.007505507781397935,-0.007505507781397935,0,0.6331919204710947,TRUE,169
P. falciparum,model6,15022,Conceição do Araguaia,PA,2017,2,170,157930,0,0.0077419920650864645,-0.0077419920650864645,0,0.6331919204710947,TRUE,169
P. falciparum,model6,15022,Conceição do Araguaia,PA,2017,3,171,157930,0,0.008512167348826878,-0.008512167348826878,0,0.6331919204710947,TRUE,169
P. falciparum,model6,16001,Oiapoque,AP,2017,1,169,36039,11.099087100086017,18.280133085952574,-7.181045985866557,0,145.88362607175543,TRUE,169
P. falciparum,model6,16001,Oiapoque,AP,2017,2,170,36039,2.774771775021504,12.785252373218215,-10.010480598196711,0,100.03052248952511,TRUE,169
P. falciparum,model6,16001,Oiapoque,AP,2017,3,171,36039,2.774771775021504,12.650606254327505,-9.875834479306,0,109.95033158522679,TRUE,169
P. falciparum,model6,16002,Amapá,AP,2017,1,169,29648,3.3729087965461413,1.0931534701636179,2.2797553263825234,0,16.86454398273071,TRUE,169
P. falciparum,model6,16002,Amapá,AP,2017,2,170,29648,0,0.9152639413787659,-0.9152639413787659,0,13.491635186184565,TRUE,169
P. falciparum,model6,16002,Amapá,AP,2017,3,171,29648,0,0.5793895512048257,-0.5793895512048257,0,10.118726389638423,TRUE,169
P. falciparum,model6,16003,Macapá,AP,2017,1,169,649103,27.26839962224793,5.802021440007129,21.466378182240803,1.6946463042074986,44.61926689600878,TRUE,169
P. falciparum,model6,16003,Macapá,AP,2017,2,170,649103,12.632817904092262,5.670223484406428,6.962594419685834,0.9166495918213293,43.694914366441054,TRUE,169
P. falciparum,model6,16003,Macapá,AP,2017,3,171,649103,10.167877825244993,3.8308073831981475,6.337070442046846,1.078411284495681,32.05192396276091,TRUE,169
P. falciparum,model6,16004,Mazagão,AP,2017,1,169,82932,157.96073891863213,41.910422387996995,116.05031653063514,13.203588482129941,391.616022765639,TRUE,169
P. falciparum,model6,16004,Mazagão,AP,2017,2,170,82932,113.34587372787344,42.43083488739338,70.91503884048007,11.425022910336182,404.33728838084124,TRUE,169
P. falciparum,model6,16004,Mazagão,AP,2017,3,171,82932,62.70197270052574,37.44619773471635,25.255774965809387,10.852264505860223,312.3643466936767,TRUE,169
P. falciparum,model6,17001,Bico do Papagaio,TO,2017,1,169,214274,0,0.00414950204597948,-0.00414950204597948,0,0.4666921791724614,TRUE,169
P. falciparum,model6,17001,Bico do Papagaio,TO,2017,2,170,214274,0,0.0034575989410196594,-0.0034575989410196594,0,0.4666921791724614,TRUE,169
P. falciparum,model6,17001,Bico do Papagaio,TO,2017,3,171,214274,0.4666921791724614,0.0037033177588265973,0.4629888614136348,0,0.4666921791724614,TRUE,169
P. falciparum,model6,17002,Araguaína,TO,2017,1,169,314505,0,0.0020063332374659674,-0.0020063332374659674,0,0.31795996883992306,TRUE,169
P. falciparum,model6,17002,Araguaína,TO,2017,2,170,314505,0,0.0016711712279680582,-0.0016711712279680582,0,0.31795996883992306,TRUE,169
P. falciparum,model6,17002,Araguaína,TO,2017,3,171,314505,0,0.0015138227654231439,-0.0015138227654231439,0,0.31795996883992306,TRUE,169
P. falciparum,model6,17003,Miracema do Tocantins,TO,2017,1,169,149576,0,0.003916793965525562,-0.003916793965525562,0,0.6685564529068835,TRUE,169
P. falciparum,model6,17003,Miracema do Tocantins,TO,2017,2,170,149576,0,0.003558124406192408,-0.003558124406192408,0,0,TRUE,169
P. falciparum,model6,17003,Miracema do Tocantins,TO,2017,3,171,149576,0,0.0041876968004487865,-0.0041876968004487865,0,0.6685564529068835,TRUE,169
P. falciparum,model6,17004,Rio Formoso,TO,2017,1,169,126840,0,0.0013834739208392136,-0.0013834739208392136,0,0,TRUE,169
P. falciparum,model6,17004,Rio Formoso,TO,2017,2,170,126840,0,9.981370650396632e-4,-9.981370650396632e-4,0,0,TRUE,169
P. falciparum,model6,17004,Rio Formoso,TO,2017,3,171,126840,0,0.0010810715774786882,-0.0010810715774786882,0,0,TRUE,169
P. falciparum,model6,17005,Gurupi,TO,2017,1,169,149665,0,2.8160820110462056e-4,-2.8160820110462056e-4,0,0,TRUE,169
P. falciparum,model6,17005,Gurupi,TO,2017,2,170,149665,0,1.87449977613458e-4,-1.87449977613458e-4,0,0,TRUE,169
P. falciparum,model6,17005,Gurupi,TO,2017,3,171,149665,0,1.750931557119453e-4,-1.750931557119453e-4,0,0,TRUE,169
P. falciparum,model6,17006,Porto Nacional,TO,2017,1,169,391361,0,0.010641493303832789,-0.010641493303832789,0,0.2555185621459471,TRUE,169
P. falciparum,model6,17006,Porto Nacional,TO,2017,2,170,391361,0,0.007489516929678831,-0.007489516929678831,0,0.2555185621459471,TRUE,169
P. falciparum,model6,17006,Porto Nacional,TO,2017,3,171,391361,0,0.007296389693120503,-0.007296389693120503,0,0.2555185621459471,TRUE,169
P. falciparum,model6,17007,Jalapão,TO,2017,1,169,79352,0,0.0015218201777962071,-0.0015218201777962071,0,0,TRUE,169
P. falciparum,model6,17007,Jalapão,TO,2017,2,170,79352,0,1.914879942327993e-5,-1.914879942327993e-5,0,0,TRUE,169
P. falciparum,model6,17007,Jalapão,TO,2017,3,171,79352,0,1.8796386598685882e-5,-1.8796386598685882e-5,0,0,TRUE,169
P. falciparum,model6,17008,Dianópolis,TO,2017,1,169,124621,0,2.137560434087306e-6,-2.137560434087306e-6,0,0,TRUE,169
P. falciparum,model6,17008,Dianópolis,TO,2017,2,170,124621,0,1.705292765404425e-6,-1.705292765404425e-6,0,0,TRUE,169
P. falciparum,model6,17008,Dianópolis,TO,2017,3,171,124621,0,1.6839632276536102e-6,-1.6839632276536102e-6,0,0,TRUE,169
P. falciparum,model6,21001,Litoral Ocidental Maranhense,MA,2017,1,169,188098,0,0.0023830219772738837,-0.0023830219772738837,0,0.5316377632936022,TRUE,169
P. falciparum,model6,21001,Litoral Ocidental Maranhense,MA,2017,2,170,188098,0,0.0019955544350761583,-0.0019955544350761583,0,0.5316377632936022,TRUE,169
P. falciparum,model6,21001,Litoral Ocidental Maranhense,MA,2017,3,171,188098,0,0.0020725044021424666,-0.0020725044021424666,0,0.5316377632936022,TRUE,169
P. falciparum,model6,21002,Aglomeração Urbana de São Luís,MA,2017,1,169,1421569,0,0.00904689078982173,-0.00904689078982173,0,0.2110344274530466,TRUE,169
P. falciparum,model6,21002,Aglomeração Urbana de São Luís,MA,2017,2,170,1421569,0,0.007577771638215384,-0.007577771638215384,0,0.14068961830203106,TRUE,169
P. falciparum,model6,21002,Aglomeração Urbana de São Luís,MA,2017,3,171,1421569,0.4220688549060932,0.007041802079028277,0.4150270528270649,0,0.14068961830203106,FALSE,169
P. falciparum,model6,21003,Rosário,MA,2017,1,169,176135,0,0.002668434054951307,-0.002668434054951307,0,0.5677463309393364,TRUE,169
P. falciparum,model6,21003,Rosário,MA,2017,2,170,176135,0,0.0016184739687885123,-0.0016184739687885123,0,0,TRUE,169
P. falciparum,model6,21003,Rosário,MA,2017,3,171,176135,0,0.0014439510778901175,-0.0014439510778901175,0,0,TRUE,169
P. falciparum,model6,21004,Lençóis Maranhenses,MA,2017,1,169,196569,0,5.969437327975204e-4,-5.969437327975204e-4,0,0,TRUE,169
P. falciparum,model6,21004,Lençóis Maranhenses,MA,2017,2,170,196569,0,3.966204141791481e-4,-3.966204141791481e-4,0,0,TRUE,169
P. falciparum,model6,21004,Lençóis Maranhenses,MA,2017,3,171,196569,0,3.2954045080789125e-4,-3.2954045080789125e-4,0,0,TRUE,169
P. falciparum,model6,21005,Baixada Maranhense,MA,2017,1,169,599144,0.3338095683174662,0.07349220133685884,0.26031736698060737,0,1.0014287049523989,TRUE,169
P. falciparum,model6,21005,Baixada Maranhense,MA,2017,2,170,599144,0,0.05713718125745707,-0.05713718125745707,0,0.8345239207936656,TRUE,169
P. falciparum,model6,21005,Baixada Maranhense,MA,2017,3,171,599144,0.1669047841587331,0.05846401164353613,0.10844077251519699,0,0.6676191366349324,TRUE,169
P. falciparum,model6,21006,Itapecuru Mirim,MA,2017,1,169,235736,0,0.0029706988853379266,-0.0029706988853379266,0,0.42420334611599414,TRUE,169
P. falciparum,model6,21006,Itapecuru Mirim,MA,2017,2,170,235736,0,0.00294874467394026,-0.00294874467394026,0,0.42420334611599414,TRUE,169
P. falciparum,model6,21006,Itapecuru Mirim,MA,2017,3,171,235736,0,0.0034417705305795736,-0.0034417705305795736,0,0.42420334611599414,TRUE,169
P. falciparum,model6,21007,Gurupi,MA,2017,1,169,240034,0.8332152944999458,0.10486753696447536,0.7283477575354704,0,1.885149603806118,TRUE,169
P. falciparum,model6,21007,Gurupi,MA,2017,2,170,240034,0,0.10291738101712901,-0.10291738101712901,0,1.6664305889998916,TRUE,169
P. falciparum,model6,21007,Gurupi,MA,2017,3,171,240034,0,0.12425209304608249,-0.12425209304608249,0,2.0830382362498647,TRUE,169
P. falciparum,model6,21008,Pindaré,MA,2017,1,169,658029,1.0637829031851178,0.3342284192431672,0.7295544839419505,0,3.6548541173717197,TRUE,169
P. falciparum,model6,21008,Pindaré,MA,2017,2,170,658029,0.4559069585079077,0.3039670905918407,0.151939867916067,0,3.343317695724657,TRUE,169
P. falciparum,model6,21008,Pindaré,MA,2017,3,171,658029,0.4559069585079077,0.3022536470388047,0.153653311469103,0,3.0393797233860513,TRUE,169
P. falciparum,model6,21009,Imperatriz,MA,2017,1,169,592084,0,0.04597471186808934,-0.04597471186808934,0,0.7642496672769366,TRUE,169
P. falciparum,model6,21009,Imperatriz,MA,2017,2,170,592084,0.33778990818870297,0.037405247628517206,0.30038466056018576,0,0.6755798163774059,TRUE,169
P. falciparum,model6,21009,Imperatriz,MA,2017,3,171,592084,0.16889495409435148,0.03582216587353908,0.13307278822081242,0,0.5066848622830544,TRUE,169
P. falciparum,model6,21010,Médio Mearim,MA,2017,1,169,416725,0.23996640470334152,0.11907029223600071,0.1208961124673408,0,1.439798428220049,TRUE,169
P. falciparum,model6,21010,Médio Mearim,MA,2017,2,170,416725,0,0.13094299016915664,-0.13094299016915664,0,1.9197312376267321,TRUE,169
P. falciparum,model6,21010,Médio Mearim,MA,2017,3,171,416725,0.23996640470334152,0.16984376310665247,0.07012264159668904,0,2.3996640470334154,TRUE,169
P. falciparum,model6,21011,Alto Mearim e Grajaú,MA,2017,1,169,332957,0.6006781656490178,0.09321140453211323,0.5074667611169046,0,1.5016954141225443,TRUE,169
P. falciparum,model6,21011,Alto Mearim e Grajaú,MA,2017,2,170,332957,2.402712662596071,0.08046579376465417,2.322246868831417,0,1.3590343497808957,FALSE,169
P. falciparum,model6,21011,Alto Mearim e Grajaú,MA,2017,3,171,332957,1.8020344969470532,0.07403420843073216,1.728000288516321,0,0.9010172484735266,FALSE,169
P. falciparum,model6,21012,Presidente Dutra,MA,2017,1,169,196340,0,0.08841567849504002,-0.08841567849504002,0,2.037282265457879,TRUE,169
P. falciparum,model6,21012,Presidente Dutra,MA,2017,2,170,196340,1.0186411327289395,0.0956248980326889,0.9230162346962506,0,1.7953549964347444,TRUE,169
P. falciparum,model6,21012,Presidente Dutra,MA,2017,3,171,196340,0,0.12254510092000886,-0.12254510092000886,0,2.572068860140549,TRUE,169
P. falciparum,model6,21013,Baixo Parnaíba Maranhense,MA,2017,1,169,145247,0,0.012566217722418461,-0.012566217722418461,0,0.6884823782935275,TRUE,169
P. falciparum,model6,21013,Baixo Parnaíba Maranhense,MA,2017,2,170,145247,0,0.009009750297287641,-0.009009750297287641,0,0.6884823782935275,TRUE,169
P. falciparum,model6,21013,Baixo Parnaíba Maranhense,MA,2017,3,171,145247,0,0.007415256904784817,-0.007415256904784817,0,0.3614532486040863,TRUE,169
P. falciparum,model6,21014,Chapadinha,MA,2017,1,169,242977,0,0.004503070144577055,-0.004503070144577055,0,0.4115615881338563,TRUE,169
P. falciparum,model6,21014,Chapadinha,MA,2017,2,170,242977,0,0.003756276668510805,-0.003756276668510805,0,0.4115615881338563,TRUE,169
P. falciparum,model6,21014,Chapadinha,MA,2017,3,171,242977,0,0.0035655400701834657,-0.0035655400701834657,0,0.4115615881338563,TRUE,169
P. falciparum,model6,21015,Codó,MA,2017,1,169,274452,0,2.4641741877059244e-4,-2.4641741877059244e-4,0,0.36436243860492906,TRUE,169
P. falciparum,model6,21015,Codó,MA,2017,2,170,274452,0,1.898397253861997e-4,-1.898397253861997e-4,0,0.36436243860492906,TRUE,169
P. falciparum,model6,21015,Codó,MA,2017,3,171,274452,0,2.2363459287254685e-4,-2.2363459287254685e-4,0,0.36436243860492906,TRUE,169
P. falciparum,model6,21016,Coelho Neto,MA,2017,1,169,92837,0,0.001862076292333893,-0.001862076292333893,0,0,TRUE,169
P. falciparum,model6,21016,Coelho Neto,MA,2017,2,170,92837,0,0.0014367540647207255,-0.0014367540647207255,0,0,TRUE,169
P. falciparum,model6,21016,Coelho Neto,MA,2017,3,171,92837,0,0.0011702202818254144,-0.0011702202818254144,0,0,TRUE,169
P. falciparum,model6,21017,Caxias,MA,2017,1,169,439865,0,0.013902714038543628,-0.013902714038543628,0,0.34669728212064554,TRUE,169
P. falciparum,model6,21017,Caxias,MA,2017,2,170,439865,0,0.015474525927560916,-0.015474525927560916,0,0.4546849601582304,TRUE,169
P. falciparum,model6,21017,Caxias,MA,2017,3,171,439865,0,0.020195701264471205,-0.020195701264471205,0,0.4546849601582304,TRUE,169
P. falciparum,model6,21018,Chapadas do Alto Itapecuru,MA,2017,1,169,218371,0,0.018164348856496468,-0.018164348856496468,0,0.45793626443071656,TRUE,169
P. falciparum,model6,21018,Chapadas do Alto Itapecuru,MA,2017,2,170,218371,0,0.019328103134591455,-0.019328103134591455,0,0.45793626443071656,TRUE,169
P. falciparum,model6,21018,Chapadas do Alto Itapecuru,MA,2017,3,171,218371,0,0.024753033642140133,-0.024753033642140133,0,0.45793626443071656,TRUE,169
P. falciparum,model6,21019,Porto Franco,MA,2017,1,169,119470,0,0.00317237994244997,-0.00317237994244997,0,0.8370302167908261,TRUE,169
P. falciparum,model6,21019,Porto Franco,MA,2017,2,170,119470,0,0.007847228026945024,-0.007847228026945024,0,0.8370302167908261,TRUE,169
P. falciparum,model6,21019,Porto Franco,MA,2017,3,171,119470,0,0.006294826036706509,-0.006294826036706509,0,0.8370302167908261,TRUE,169
P. falciparum,model6,21020,Gerais de Balsas,MA,2017,1,169,142308,0,2.5523056044971496e-4,-2.5523056044971496e-4,0,0,TRUE,169
P. falciparum,model6,21020,Gerais de Balsas,MA,2017,2,170,142308,0,2.2438283002299868e-4,-2.2438283002299868e-4,0,0,TRUE,169
P. falciparum,model6,21020,Gerais de Balsas,MA,2017,3,171,142308,0,2.3502288186308826e-4,-2.3502288186308826e-4,0,0,TRUE,169
P. falciparum,model6,21021,Chapadas das Mangabeiras,MA,2017,1,169,71282,0,9.268214213278093e-5,-9.268214213278093e-5,0,0,TRUE,169
P. falciparum,model6,21021,Chapadas das Mangabeiras,MA,2017,2,170,71282,0,7.446948461155735e-5,-7.446948461155735e-5,0,0,TRUE,169
P. falciparum,model6,21021,Chapadas das Mangabeiras,MA,2017,3,171,71282,0,7.3914923379621e-5,-7.3914923379621e-5,0,0,TRUE,169
P. falciparum,model6,51001,Aripuanã,MT,2017,1,169,161895,0,0.1287256293714264,-0.1287256293714264,0,2.4707372062139044,TRUE,169
P. falciparum,model6,51001,Aripuanã,MT,2017,2,170,161895,0,0.10143876433934457,-0.10143876433934457,0,1.8530529046604283,TRUE,169
P. falciparum,model6,51001,Aripuanã,MT,2017,3,171,161895,0,0.10114634781297516,-0.10114634781297516,0,1.8530529046604283,TRUE,169
P. falciparum,model6,51002,Alta Floresta,MT,2017,1,169,104198,0,0.08468243490228802,-0.08468243490228802,0,1.9194226376705887,TRUE,169
P. falciparum,model6,51002,Alta Floresta,MT,2017,2,170,104198,0,0.05661662842472262,-0.05661662842472262,0,1.9194226376705887,TRUE,169
P. falciparum,model6,51002,Alta Floresta,MT,2017,3,171,104198,0,0.043092762684277086,-0.043092762684277086,0,0.9597113188352944,TRUE,169
P. falciparum,model6,51003,Colíder,MT,2017,1,169,151479,0,0.3009341248814416,-0.3009341248814416,0,3.300787567913704,TRUE,169
P. falciparum,model6,51003,Colíder,MT,2017,2,170,151479,0,0.22153574336941792,-0.22153574336941792,0,3.300787567913704,TRUE,169
P. falciparum,model6,51003,Colíder,MT,2017,3,171,151479,0,0.19997566232283934,-0.19997566232283934,0,2.6406300543309635,TRUE,169
P. falciparum,model6,51004,Parecis,MT,2017,1,169,105594,0,0.0074326860872438345,-0.0074326860872438345,0,0.9470235051233973,TRUE,169
P. falciparum,model6,51004,Parecis,MT,2017,2,170,105594,0,0.009203139660248964,-0.009203139660248964,0,0.9470235051233973,TRUE,169
P. falciparum,model6,51004,Parecis,MT,2017,3,171,105594,0,0.013751041189817383,-0.013751041189817383,0,0.9470235051233973,TRUE,169
P. falciparum,model6,51005,Arinos,MT,2017,1,169,80229,0,0.006565787075596994,-0.006565787075596994,0,1.2464320881476774,TRUE,169
P. falciparum,model6,51005,Arinos,MT,2017,2,170,80229,0,0.004458432425819616,-0.004458432425819616,0,0.6543768462775023,TRUE,169
P. falciparum,model6,51005,Arinos,MT,2017,3,171,80229,0,0.004440575670985697,-0.004440575670985697,0,1.2464320881476774,TRUE,169
P. falciparum,model6,51006,Alto Teles Pires,MT,2017,1,169,245379,0,0.022253138658360858,-0.022253138658360858,0,0.8150656739166758,TRUE,169
P. falciparum,model6,51006,Alto Teles Pires,MT,2017,2,170,245379,0.4075328369583379,0.012910445080911815,0.3946223918774261,0,0.4075328369583379,TRUE,169
P. falciparum,model6,51006,Alto Teles Pires,MT,2017,3,171,245379,0,0.04025852327268649,-0.04025852327268649,0,0.4075328369583379,TRUE,169
P. falciparum,model6,51007,Sinop,MT,2017,1,169,197588,0,0.0037134037522145807,-0.0037134037522145807,0,0.5061036095309431,TRUE,169
P. falciparum,model6,51007,Sinop,MT,2017,2,170,197588,0,0.002964615775513446,-0.002964615775513446,0,0.5061036095309431,TRUE,169
P. falciparum,model6,51007,Sinop,MT,2017,3,171,197588,0,0.0027491674898266175,-0.0027491674898266175,0,0.5061036095309431,TRUE,169
P. falciparum,model6,51008,Paranatinga,MT,2017,1,169,35339,0,3.590100851338335e-4,-3.590100851338335e-4,0,0,TRUE,169
P. falciparum,model6,51008,Paranatinga,MT,2017,2,170,35339,0,2.992538937406889e-4,-2.992538937406889e-4,0,0,TRUE,169
P. falciparum,model6,51008,Paranatinga,MT,2017,3,171,35339,0,3.0330605571861715e-4,-3.0330605571861715e-4,0,0,TRUE,169
P. falciparum,model6,51009,Norte Araguaia,MT,2017,1,169,126751,0,3.643300593631389e-4,-3.643300593631389e-4,0,0,TRUE,169
P. falciparum,model6,51009,Norte Araguaia,MT,2017,2,170,126751,0,2.8038738715679127e-4,-2.8038738715679127e-4,0,0,TRUE,169
P. falciparum,model6,51009,Norte Araguaia,MT,2017,3,171,126751,0,2.5533799869143306e-4,-2.5533799869143306e-4,0,0,TRUE,169
P. falciparum,model6,51010,Canarana,MT,2017,1,169,111341,0,3.0781224107825233e-4,-3.0781224107825233e-4,0,0,TRUE,169
P. falciparum,model6,51010,Canarana,MT,2017,2,170,111341,0,2.4009299825087074e-4,-2.4009299825087074e-4,0,0,TRUE,169
P. falciparum,model6,51010,Canarana,MT,2017,3,171,111341,0,2.6475377630492573e-4,-2.6475377630492573e-4,0,0,TRUE,169
P. falciparum,model6,51011,Médio Araguaia,MT,2017,1,169,67545,0,7.5718654942076246e-6,-7.5718654942076246e-6,0,0,TRUE,169
P. falciparum,model6,51011,Médio Araguaia,MT,2017,2,170,67545,0,5.719142816699915e-6,-5.719142816699915e-6,0,0,TRUE,169
P. falciparum,model6,51011,Médio Araguaia,MT,2017,3,171,67545,0,5.721849440272454e-6,-5.721849440272454e-6,0,0,TRUE,169
P. falciparum,model6,51012,Alto Guaporé,MT,2017,1,169,72605,0,0.002858270851199279,-0.002858270851199279,0,0,TRUE,169
P. falciparum,model6,51012,Alto Guaporé,MT,2017,2,170,72605,0,0.0025555106347158085,-0.0025555106347158085,0,0,TRUE,169
P. falciparum,model6,51012,Alto Guaporé,MT,2017,3,171,72605,0,0.0026794570975181833,-0.0026794570975181833,0,0,TRUE,169
P. falciparum,model6,51013,Tangará da Serra,MT,2017,1,169,164025,0,0.01768167338887902,-0.01768167338887902,0,0.6096631611034904,TRUE,169
P. falciparum,model6,51013,Tangará da Serra,MT,2017,2,170,164025,0,0.014929396413192863,-0.014929396413192863,0,0.6096631611034904,TRUE,169
P. falciparum,model6,51013,Tangará da Serra,MT,2017,3,171,164025,0,0.015388897444372818,-0.015388897444372818,0,0.6096631611034904,TRUE,169
P. falciparum,model6,51014,Jauru,MT,2017,1,169,107777,0,0.0021831988079784805,-0.0021831988079784805,0,0.9278417473115786,TRUE,169
P. falciparum,model6,51014,Jauru,MT,2017,2,170,107777,0,0.0017452489182194397,-0.0017452489182194397,0,0.9278417473115786,TRUE,169
P. falciparum,model6,51014,Jauru,MT,2017,3,171,107777,0,0.00166970781701206,-0.00166970781701206,0,0.9278417473115786,TRUE,169
P. falciparum,model6,51015,Alto Paraguai,MT,2017,1,169,32480,0,0.0019548760346696043,-0.0019548760346696043,0,0,TRUE,169
P. falciparum,model6,51015,Alto Paraguai,MT,2017,2,170,32480,0,0.0018013740318243597,-0.0018013740318243597,0,0,TRUE,169
P. falciparum,model6,51015,Alto Paraguai,MT,2017,3,171,32480,0,0.0018337026423295205,-0.0018337026423295205,0,0,TRUE,169
P. falciparum,model6,51016,Rosário Oeste,MT,2017,1,169,30173,0,0.0012048528310817867,-0.0012048528310817867,0,0,TRUE,169
P. falciparum,model6,51016,Rosário Oeste,MT,2017,2,170,30173,0,8.917643889375021e-4,-8.917643889375021e-4,0,0,TRUE,169
P. falciparum,model6,51016,Rosário Oeste,MT,2017,3,171,30173,0,8.433955745537226e-4,-8.433955745537226e-4,0,0,TRUE,169
P. falciparum,model6,51017,Cuiabá,MT,2017,1,169,914056,0,0.01455379590408964,-0.01455379590408964,0,0.32820746212485885,TRUE,169
P. falciparum,model6,51017,Cuiabá,MT,2017,2,170,914056,0,0.01072815156286832,-0.01072815156286832,0,0.32820746212485885,TRUE,169
P. falciparum,model6,51017,Cuiabá,MT,2017,3,171,914056,0,0.009623553801800987,-0.009623553801800987,0,0.21880497474990593,TRUE,169
P. falciparum,model6,51018,Alto Pantanal,MT,2017,1,169,136433,0,0.001477939584675622,-0.001477939584675622,0,0.3848042628982557,TRUE,169
P. falciparum,model6,51018,Alto Pantanal,MT,2017,2,170,136433,0,0.001069390548568682,-0.001069390548568682,0,0,TRUE,169
P. falciparum,model6,51018,Alto Pantanal,MT,2017,3,171,136433,0,8.684301816987854e-4,-8.684301816987854e-4,0,0,TRUE,169
P. falciparum,model6,51019,Primavera do Leste,MT,2017,1,169,99226,0,4.1174743533445296e-4,-4.1174743533445296e-4,0,0,TRUE,169
P. falciparum,model6,51019,Primavera do Leste,MT,2017,2,170,99226,0,3.509729699555895e-4,-3.509729699555895e-4,0,0,TRUE,169
P. falciparum,model6,51019,Primavera do Leste,MT,2017,3,171,99226,0,3.218275698662891e-4,-3.218275698662891e-4,0,0,TRUE,169
P. falciparum,model6,51020,Tesouro,MT,2017,1,169,54389,0,0.002918198019527189,-0.002918198019527189,0,0,TRUE,169
P. falciparum,model6,51020,Tesouro,MT,2017,2,170,54389,0,0.0023904697759378735,-0.0023904697759378735,0,0,TRUE,169
P. falciparum,model6,51020,Tesouro,MT,2017,3,171,54389,0,0.0023055638434440868,-0.0023055638434440868,0,0.965268712423426,TRUE,169
P. falciparum,model6,51021,Rondonópolis,MT,2017,1,169,306100,0,4.638842951922241e-4,-4.638842951922241e-4,0,0,TRUE,169
P. falciparum,model6,51021,Rondonópolis,MT,2017,2,170,306100,0,3.33551158922499e-4,-3.33551158922499e-4,0,0,TRUE,169
P. falciparum,model6,51021,Rondonópolis,MT,2017,3,171,306100,0,2.5444334781463753e-4,-2.5444334781463753e-4,0,0,TRUE,169
P. falciparum,model6,51022,Alto Araguaia,MT,2017,1,169,39942,0,2.0537549796865864e-5,-2.0537549796865864e-5,0,0,TRUE,169
P. falciparum,model6,51022,Alto Araguaia,MT,2017,2,170,39942,0,1.8700240719711122e-5,-1.8700240719711122e-5,0,0,TRUE,169
P. falciparum,model6,51022,Alto Araguaia,MT,2017,3,171,39942,0,1.8364018405606485e-5,-1.8364018405606485e-5,0,0,TRUE,169
P. falciparum,model6,11001,Porto Velho,RO,2018,1,181,662715,8.75187674943226,10.166357465378452,-1.4144807159461923,2.7802298122118865,92.99623518405343,TRUE,181
P. falciparum,model6,11001,Porto Velho,RO,2018,2,182,662715,7.846510189146163,8.347469450687298,-0.5009592615411345,2.184196826690206,76.08096994937489,TRUE,181
P. falciparum,model6,11001,Porto Velho,RO,2018,3,183,662715,7.393826909003116,8.810786696305275,-1.4169597873021589,1.8824079732615078,73.94958617203466,TRUE,181
P. falciparum,model6,11002,Guajará-Mirim,RO,2018,1,181,83480,0,0.3180221423814874,-0.3180221423814874,0,5.989458552946814,TRUE,181
P. falciparum,model6,11002,Guajará-Mirim,RO,2018,2,182,83480,1.1978917105893627,0.2714101850767487,0.926481525512614,0,4.222568279827477,TRUE,181
P. falciparum,model6,11002,Guajará-Mirim,RO,2018,3,183,83480,1.1978917105893627,0.28929739317453645,0.9085943174148263,0,3.593675131768088,TRUE,181
P. falciparum,model6,11003,Ariquemes,RO,2018,1,181,202900,1.4785608674223756,0.8301855530031891,0.6483753144191865,0,7.651552488910783,TRUE,181
P. falciparum,model6,11003,Ariquemes,RO,2018,2,182,202900,1.4785608674223756,0.6773734041913667,0.8011874632310089,0,6.172991621488407,TRUE,181
P. falciparum,model6,11003,Ariquemes,RO,2018,3,183,202900,0,0.65027223724569,-0.65027223724569,0,6.172991621488407,TRUE,181
P. falciparum,model6,11004,Ji-Paraná,RO,2018,1,181,295352,0.677158102873859,0.26628800020361487,0.41087010267024415,0,3.385790514369295,TRUE,181
P. falciparum,model6,11004,Ji-Paraná,RO,2018,2,182,295352,0,0.19273075744320523,-0.19273075744320523,0,2.708632411495436,TRUE,181
P. falciparum,model6,11004,Ji-Paraná,RO,2018,3,183,295352,0,0.21564840429901488,-0.21564840429901488,0,3.0472114629323652,TRUE,181
P. falciparum,model6,11005,Alvorada D'Oeste,RO,2018,1,181,69972,0,0.5221004413136475,-0.5221004413136475,0,7.145715429028754,TRUE,181
P. falciparum,model6,11005,Alvorada D'Oeste,RO,2018,2,182,69972,0,0.3858383463647163,-0.3858383463647163,0,5.037729377465238,TRUE,181
P. falciparum,model6,11005,Alvorada D'Oeste,RO,2018,3,183,69972,0,0.35447668661835846,-0.35447668661835846,0,5.037729377465238,TRUE,181
P. falciparum,model6,11006,Cacoal,RO,2018,1,181,236369,0.42306732270306174,0.0746915381481938,0.34837578455486795,0,1.2692019681091853,TRUE,181
P. falciparum,model6,11006,Cacoal,RO,2018,2,182,236369,0.42306732270306174,0.0582447361307206,0.3648225865723411,0,0.8461346454061235,TRUE,181
P. falciparum,model6,11006,Cacoal,RO,2018,3,183,236369,0.42306732270306174,0.062213078362999115,0.36085424434006264,0,1.2692019681091853,TRUE,181
P. falciparum,model6,11007,Vilhena,RO,2018,1,181,158934,0,0.19612237269731203,-0.19612237269731203,0,3.1459599582216518,TRUE,181
P. falciparum,model6,11007,Vilhena,RO,2018,2,182,158934,0,0.1497520438342276,-0.1497520438342276,0,2.5167679665773215,TRUE,181
P. falciparum,model6,11007,Vilhena,RO,2018,3,183,158934,1.887575974932991,0.16133094040815718,1.726245034524834,0,1.887575974932991,TRUE,181
P. falciparum,model6,11008,Colorado do Oeste,RO,2018,1,181,47867,0,0.13440888511075025,-0.13440888511075025,0,2.089121942047757,TRUE,181
P. falciparum,model6,11008,Colorado do Oeste,RO,2018,2,182,47867,0,0.10517678713209076,-0.10517678713209076,0,2.089121942047757,TRUE,181
P. falciparum,model6,11008,Colorado do Oeste,RO,2018,3,183,47867,0,0.11580737429489546,-0.11580737429489546,0,2.089121942047757,TRUE,181
P. falciparum,model6,12001,Cruzeiro do Sul,AC,2018,1,181,154965,567.8701642306328,312.79553084811454,255.07463338251824,93.8437711741361,2224.066724744293,TRUE,181
P. falciparum,model6,12001,Cruzeiro do Sul,AC,2018,2,182,154965,447.8430613364308,227.3488738253903,220.4941875110405,73.16168167005452,1672.684154486496,TRUE,181
P. falciparum,model6,12001,Cruzeiro do Sul,AC,2018,3,183,154965,347.175168586455,227.09529280410462,120.0798757823504,64.49843513051334,1621.7532991320618,TRUE,181
P. falciparum,model6,12002,Tarauacá,AC,2018,1,181,84810,0,0.9124258188294799,-0.9124258188294799,0,11.791062374719962,TRUE,181
P. falciparum,model6,12002,Tarauacá,AC,2018,2,182,84810,2.358212474943992,0.6291267304741129,1.729085744469879,0,7.693668199504748,TRUE,181
P. falciparum,model6,12002,Tarauacá,AC,2018,3,183,84810,4.716424949887984,0.5952678905538642,4.12115705933412,0,7.074637424831977,TRUE,181
P. falciparum,model6,12003,Sena Madureira,AC,2018,1,181,60875,0,0.018976174609447265,-0.018976174609447265,0,1.642710472279261,TRUE,181
P. falciparum,model6,12003,Sena Madureira,AC,2018,2,182,60875,0,0.01637752647825451,-0.01637752647825451,0,1.642710472279261,TRUE,181
P. falciparum,model6,12003,Sena Madureira,AC,2018,3,183,60875,0,0.01811155052112896,-0.01811155052112896,0,1.642710472279261,TRUE,181
P. falciparum,model6,12004,Rio Branco,AC,2018,1,181,498297,1.8061517528702762,0.6393718628570253,1.1667798900132509,0,5.4184552586108286,TRUE,181
P. falciparum,model6,12004,Rio Branco,AC,2018,2,182,498297,1.0034176404834867,0.47850401837591056,0.5249136221075761,0,4.836473027130388,TRUE,181
P. falciparum,model6,12004,Rio Branco,AC,2018,3,183,498297,0.20068352809669734,0.5377271530282423,-0.33704362493154494,0,5.4284894350156545,TRUE,181
P. falciparum,model6,12005,Brasiléia,AC,2018,1,181,70318,0,0.009087019463331493,-0.009087019463331493,0,1.4221109815409996,TRUE,181
P. falciparum,model6,12005,Brasiléia,AC,2018,2,182,70318,0,0.005264019313349804,-0.005264019313349804,0,0.7466082653089925,TRUE,181
P. falciparum,model6,12005,Brasiléia,AC,2018,3,183,70318,1.4221109815409996,0.004088928049015367,1.4180220534919843,0,1.4221109815409996,TRUE,181
P. falciparum,model6,13001,Rio Negro,AM,2018,1,181,115590,582.2302967384721,187.31982769773666,394.9104690407355,45.85171727658102,1627.3250281166188,TRUE,181
P. falciparum,model6,13001,Rio Negro,AM,2018,2,182,115590,497.44787611385067,172.87748395783393,324.57039215601674,53.18366640712864,1567.912449173802,TRUE,181
P. falciparum,model6,13001,Rio Negro,AM,2018,3,183,115590,551.0857340600397,200.53810443491756,350.54762962512217,54.78415087810365,1760.5978025780764,TRUE,181
P. falciparum,model6,13002,Japurá,AM,2018,1,181,21451,9.323574658524079,6.991923964286376,2.3316506942377027,0,74.58859726819263,TRUE,181
P. falciparum,model6,13002,Japurá,AM,2018,2,182,21451,4.661787329262039,6.155569291944524,-1.493781962682485,0,67.71246095753101,TRUE,181
P. falciparum,model6,13002,Japurá,AM,2018,3,183,21451,0,8.010507527824535,-8.010507527824535,0,86.59269964104206,TRUE,181
P. falciparum,model6,13003,Alto Solimões,AM,2018,1,181,249343,29.67799376762131,9.946073541277551,19.73192022634376,1.7947165150014242,97.42603562161345,TRUE,181
P. falciparum,model6,13003,Alto Solimões,AM,2018,2,182,249343,34.49064140561396,12.787747314376073,21.702894091237884,2.195770484834145,126.54255383146872,TRUE,181
P. falciparum,model6,13003,Alto Solimões,AM,2018,3,183,249343,23.662184220130502,16.735330744459063,6.9268534756714395,4.602094303830467,166.83845145041167,TRUE,181
P. falciparum,model6,13004,Juruá,AM,2018,1,181,150133,78.59697734675255,26.975863016905528,51.621114329847025,6.6607607920976735,244.59978818780638,TRUE,181
P. falciparum,model6,13004,Juruá,AM,2018,2,182,150133,69.2719122378158,25.2372316527099,44.034680585105896,4.312842612883244,245.08269334523334,TRUE,181
P. falciparum,model6,13004,Juruá,AM,2018,3,183,150133,44.62709730705441,32.5272560362264,12.099841270828016,6.9771469297223145,278.76949105126783,TRUE,181
P. falciparum,model6,13005,Tefé,AM,2018,1,181,89401,8.948445766825875,7.650939550871568,1.2975062159543072,0,85.17801814297364,TRUE,181
P. falciparum,model6,13005,Tefé,AM,2018,2,182,89401,2.237111441706469,6.992909207050724,-4.755797765344255,0,88.95314370085345,TRUE,181
P. falciparum,model6,13005,Tefé,AM,2018,3,183,89401,7.82989004597264,8.847413759052191,-1.0175237130795516,1.1185557208532344,95.24501963065275,TRUE,181
P. falciparum,model6,13006,Coari,AM,2018,1,181,178314,0.5608084614780668,0.1507309537021776,0.41007750777588925,0,2.2432338459122674,TRUE,181
P. falciparum,model6,13006,Coari,AM,2018,2,182,178314,0.5608084614780668,0.1613566169095971,0.3994518445684697,0,2.2432338459122674,TRUE,181
P. falciparum,model6,13006,Coari,AM,2018,3,183,178314,0,0.20816518001236417,-0.20816518001236417,0,3.098466749666306,TRUE,181
P. falciparum,model6,13007,Manaus,AM,2018,1,181,2426207,0.6594655773394438,0.3642892636793169,0.29517631366012687,0,3.9176376953821315,TRUE,181
P. falciparum,model6,13007,Manaus,AM,2018,2,182,2426207,0.3297327886697219,0.2977711751496087,0.031961613520113175,0,3.5394754033765325,TRUE,181
P. falciparum,model6,13007,Manaus,AM,2018,3,183,2426207,0.6182489787557286,0.3272359875970081,0.2910129911587205,0.019577884327264795,3.4426163967048145,TRUE,181
P. falciparum,model6,13008,Rio Preto da Eva,AM,2018,1,181,67929,0,0.18329974971857055,-0.18329974971857055,0,3.717116400948015,TRUE,181
P. falciparum,model6,13008,Rio Preto da Eva,AM,2018,2,182,67929,0,0.13897656230038719,-0.13897656230038719,0,2.944250614612316,TRUE,181
P. falciparum,model6,13008,Rio Preto da Eva,AM,2018,3,183,67929,5.888501229224632,0.12939381453043367,5.759107414694198,0,2.944250614612316,FALSE,181
P. falciparum,model6,13009,Itacoatiara,AM,2018,1,181,177387,0,0.06337249097872673,-0.06337249097872673,0,1.127478338322425,TRUE,181
P. falciparum,model6,13009,Itacoatiara,AM,2018,2,182,177387,0,0.04582886841297837,-0.04582886841297837,0,0.8597022329708361,TRUE,181
P. falciparum,model6,13009,Itacoatiara,AM,2018,3,183,177387,0.5637391691612125,0.04879257412713489,0.5149465950340776,0,1.127478338322425,TRUE,181
P. falciparum,model6,13010,Parintins,AM,2018,1,181,277264,5.410006347740781,2.2235938438853156,3.1864125038554656,0.1713168676784586,21.829375613134044,TRUE,181
P. falciparum,model6,13010,Parintins,AM,2018,2,182,277264,1.4426683593975418,1.7101095936171522,-0.2674412342196104,0,15.012767614980625,TRUE,181
P. falciparum,model6,13010,Parintins,AM,2018,3,183,277264,1.8033354492469271,1.5837610117065943,0.2195744375403328,0,15.508684863523573,TRUE,181
P. falciparum,model6,13011,Boca do Acre,AM,2018,1,181,53305,0,5.088296567798555,-5.088296567798555,0,52.527905449770195,TRUE,181
P. falciparum,model6,13011,Boca do Acre,AM,2018,2,182,53305,3.7519932464121566,3.7477531498264822,0.004240096585674369,0,38.50483069130471,TRUE,181
P. falciparum,model6,13011,Boca do Acre,AM,2018,3,183,53305,0,4.2438835126640875,-4.2438835126640875,0,46.899915580151955,TRUE,181
P. falciparum,model6,13012,Purus,AM,2018,1,181,77994,8.975049362771495,15.600980700293377,-6.625931337521882,1.2821499089673565,138.1195989435082,TRUE,181
P. falciparum,model6,13012,Purus,AM,2018,2,182,77994,5.128599635869426,15.945693445640563,-10.817093809771137,1.8911711157268525,146.9023258199348,TRUE,181
P. falciparum,model6,13012,Purus,AM,2018,3,183,77994,14.10364899864092,20.52874653289802,-6.425097534257098,2.564299817934713,195.6881298561426,TRUE,181
P. falciparum,model6,13013,Madeira,AM,2018,1,181,196293,4.075540136428706,11.285673735174699,-7.210133598745993,2.037770068214353,101.32811664195829,TRUE,181
P. falciparum,model6,13013,Madeira,AM,2018,2,182,196293,4.584982653482294,10.290500201279482,-5.705517547797188,1.0188850341071765,89.52178630924169,TRUE,181
P. falciparum,model6,13013,Madeira,AM,2018,3,183,196293,2.5472125852679413,12.686321183998471,-10.13910859873053,2.279755263814808,117.54112474718904,TRUE,181
P. falciparum,model6,14001,Boa Vista,RR,2018,1,181,418986,67.54402295064752,18.620312177387977,48.92371077325954,5.0121006429809105,156.74151403626846,TRUE,181
P. falciparum,model6,14001,Boa Vista,RR,2018,2,182,418986,53.462406858463055,14.690520768801564,38.77188608966149,3.9321122901481194,127.82646675545243,TRUE,181
P. falciparum,model6,14001,Boa Vista,RR,2018,3,183,418986,79.71626736931545,14.979798291869402,64.73646907744605,3.9321122901481194,138.21464201667834,TRUE,181
P. falciparum,model6,14002,Nordeste de Roraima,RR,2018,1,181,51495,9.709680551509855,6.813641967756676,2.896038583753179,0,79.61938052238081,TRUE,181
P. falciparum,model6,14002,Nordeste de Roraima,RR,2018,2,182,51495,11.651616661811826,5.890845900412857,5.760770761398969,0,78.79405767550234,TRUE,181
P. falciparum,model6,14002,Nordeste de Roraima,RR,2018,3,183,51495,3.883872220603942,5.471191925048543,-1.5873197044446008,0,58.258083309059124,TRUE,181
P. falciparum,model6,14003,Caracaraí,RR,2018,1,181,50692,45.37205081669691,7.831947596700666,37.54010321999625,0,76.9352166022252,TRUE,181
P. falciparum,model6,14003,Caracaraí,RR,2018,2,182,50692,7.890791446382072,6.752919327701741,1.1378721186803311,0,72.98982087903417,TRUE,181
P. falciparum,model6,14003,Caracaraí,RR,2018,3,183,50692,5.918093584786554,7.286645174545448,-1.3685515897588942,0,70.08009153318073,TRUE,181
P. falciparum,model6,14004,Sudeste de Roraima,RR,2018,1,181,55395,1.8052170773535516,4.573265436672827,-2.768048359319275,0,44.27294882209581,TRUE,181
P. falciparum,model6,14004,Sudeste de Roraima,RR,2018,2,182,55395,23.467822005596172,3.797263656779403,19.67055834881677,0,35.24686343532806,TRUE,181
P. falciparum,model6,14004,Sudeste de Roraima,RR,2018,3,183,55395,108.3130246412131,3.289027759128576,105.02399688208453,0,34.29912446971748,FALSE,181
P. falciparum,model6,15001,Óbidos,PA,2018,1,181,206970,0,0.0637823158963593,-0.0637823158963593,0,0.9663236217809344,TRUE,181
P. falciparum,model6,15001,Óbidos,PA,2018,2,182,206970,0,0.04703602516679734,-0.04703602516679734,0,0.9663236217809344,TRUE,181
P. falciparum,model6,15001,Óbidos,PA,2018,3,183,206970,0.4831618108904672,0.04611082480461467,0.4370509860858526,0,0.9663236217809344,TRUE,181
P. falciparum,model6,15002,Santarém,PA,2018,1,181,525029,2.0951223646693804,1.7426396596728204,0.35248270499656,0,15.737225943709754,TRUE,181
P. falciparum,model6,15002,Santarém,PA,2018,2,182,525029,3.999779059823362,1.488332013197048,2.511447046626314,0,13.332596866077873,TRUE,181
P. falciparum,model6,15002,Santarém,PA,2018,3,183,525029,6.475832763523538,1.6186599714985965,4.857172792024942,0.3809313390307964,15.727702660233994,TRUE,181
P. falciparum,model6,15003,Almeirim,PA,2018,1,181,74600,1.3404825737265416,1.438289426031752,-0.09780685230521047,0,16.0857908847185,TRUE,181
P. falciparum,model6,15003,Almeirim,PA,2018,2,182,74600,5.361930294906166,1.163047080853431,4.198883214052735,0,12.064343163538874,TRUE,181
P. falciparum,model6,15003,Almeirim,PA,2018,3,183,74600,1.3404825737265416,1.058674633515516,0.2818079402110256,0,12.768096514745277,TRUE,181
P. falciparum,model6,15004,Portel,PA,2018,1,181,151541,0,0.03031477909673818,-0.03031477909673818,0,0.6598874232056011,TRUE,181
P. falciparum,model6,15004,Portel,PA,2018,2,182,151541,0,0.03785137655661662,-0.03785137655661662,0,1.0063283203885267,TRUE,181
P. falciparum,model6,15004,Portel,PA,2018,3,183,151541,0,0.04866167994347538,-0.04866167994347538,0,0.6598874232056011,TRUE,181
P. falciparum,model6,15005,Furos de Breves,PA,2018,1,181,229807,13.489580387020412,10.052450497113494,3.4371298899069185,1.9472862010295602,82.6998307275235,TRUE,181
P. falciparum,model6,15005,Furos de Breves,PA,2018,2,182,229807,16.100466913540494,9.814091727927176,6.286375185613318,1.7405910176800532,93.65467544504708,TRUE,181
P. falciparum,model6,15005,Furos de Breves,PA,2018,3,183,229807,16.535614667960505,9.820465609865412,6.715149058095093,3.046034280940093,80.77430191421493,TRUE,181
P. falciparum,model6,15006,Arari,PA,2018,1,181,175883,0.5685597812181962,0.4446218856020611,0.12393789561613505,0,4.846972134885109,TRUE,181
P. falciparum,model6,15006,Arari,PA,2018,2,182,175883,0,0.6505168372087046,-0.6505168372087046,0,5.685597812181962,TRUE,181
P. falciparum,model6,15006,Arari,PA,2018,3,183,175883,0,0.8954229913948286,-0.8954229913948286,0,9.096956499491139,TRUE,181
P. falciparum,model6,15007,Belém,PA,2018,1,181,2345306,0.04263835934415381,0.031130689791212612,0.011507669552941198,0,0.4690219527856919,TRUE,181
P. falciparum,model6,15007,Belém,PA,2018,2,182,2345306,0.08527671868830762,0.025561186014672062,0.05971553267363556,0,0.3411068747532305,TRUE,181
P. falciparum,model6,15007,Belém,PA,2018,3,183,2345306,0,0.02708511456703134,-0.02708511456703134,0,0.42638359344153814,TRUE,181
P. falciparum,model6,15008,Castanhal,PA,2018,1,181,339469,0,0.001354023019293397,-0.001354023019293397,0,0.29457770812651524,TRUE,181
P. falciparum,model6,15008,Castanhal,PA,2018,2,182,339469,0,7.954411551774274e-4,-7.954411551774274e-4,0,0,TRUE,181
P. falciparum,model6,15008,Castanhal,PA,2018,3,183,339469,0,7.636102067964659e-4,-7.636102067964659e-4,0,0,TRUE,181
P. falciparum,model6,15009,Salgado,PA,2018,1,181,269829,0,0.005055052873949838,-0.005055052873949838,0,0.37060508692542316,TRUE,181
P. falciparum,model6,15009,Salgado,PA,2018,2,182,269829,0,0.0032836757383589025,-0.0032836757383589025,0,0.37060508692542316,TRUE,181
P. falciparum,model6,15009,Salgado,PA,2018,3,183,269829,0,0.0026817055210353008,-0.0026817055210353008,0,0.37060508692542316,TRUE,181
P. falciparum,model6,15010,Bragantina,PA,2018,1,181,420667,0,0.019207698011926306,-0.019207698011926306,0,0.7131531591496362,TRUE,181
P. falciparum,model6,15010,Bragantina,PA,2018,2,182,420667,0,0.014228965902653623,-0.014228965902653623,0,0.2377177197165454,TRUE,181
P. falciparum,model6,15010,Bragantina,PA,2018,3,183,420667,0,0.017931163419634327,-0.017931163419634327,0,0.4754354394330908,TRUE,181
P. falciparum,model6,15011,Cametá,PA,2018,1,181,492940,0,0.05600504215611625,-0.05600504215611625,0,0.8114577839087921,TRUE,181
P. falciparum,model6,15011,Cametá,PA,2018,2,182,492940,0,0.052726094953417985,-0.052726094953417985,0,0.8114577839087921,TRUE,181
P. falciparum,model6,15011,Cametá,PA,2018,3,183,492940,0,0.05052502496462584,-0.05052502496462584,0,0.7150971720696184,TRUE,181
P. falciparum,model6,15012,Tomé-Açu,PA,2018,1,181,335866,0,0.023198079676643713,-0.023198079676643713,0,0.7517879154186423,TRUE,181
P. falciparum,model6,15012,Tomé-Açu,PA,2018,2,182,335866,0,0.014977434061023313,-0.014977434061023313,0,0.4540501271340288,TRUE,181
P. falciparum,model6,15012,Tomé-Açu,PA,2018,3,183,335866,0,0.014825126911742073,-0.014825126911742073,0,0.2977377882846135,TRUE,181
P. falciparum,model6,15013,Guamá,PA,2018,1,181,479227,0,0.029273561797500305,-0.029273561797500305,0,0.4173387559549024,TRUE,181
P. falciparum,model6,15013,Guamá,PA,2018,2,182,479227,0,0.026800727975563026,-0.026800727975563026,0,0.6260081339323535,TRUE,181
P. falciparum,model6,15013,Guamá,PA,2018,3,183,479227,0,0.030786975221453235,-0.030786975221453235,0,0.6260081339323535,TRUE,181
P. falciparum,model6,15014,Itaituba,PA,2018,1,181,220435,25.4043141969288,18.488306944090045,6.916007252838757,4.536484678023,178.2384829995233,TRUE,181
P. falciparum,model6,15014,Itaituba,PA,2018,2,182,220435,30.3944473427541,15.639831593527276,14.754615749226822,4.0828362102207,149.72667679814907,TRUE,181
P. falciparum,model6,15014,Itaituba,PA,2018,3,183,220435,14.9703994374759,14.637388325660831,0.33301111181506826,3.1755392746161,138.97520811123445,TRUE,181
P. falciparum,model6,15015,Altamira,PA,2018,1,181,306088,0,0.17756962533606524,-0.17756962533606524,0,2.6136274535427724,TRUE,181
P. falciparum,model6,15015,Altamira,PA,2018,2,182,306088,0.32670343169284655,0.1274566928620379,0.19924673883080865,0,1.960220590157079,TRUE,181
P. falciparum,model6,15015,Altamira,PA,2018,3,183,306088,0,0.10233014211228873,-0.10233014211228873,0,1.6335171584642327,TRUE,181
P. falciparum,model6,15016,Tucuruí,PA,2018,1,181,379626,0,0.07635245558487379,-0.07635245558487379,0,1.3170857633565667,TRUE,181
P. falciparum,model6,15016,Tucuruí,PA,2018,2,182,379626,0,0.054667403045210394,-0.054667403045210394,0,1.0536686106852533,TRUE,181
P. falciparum,model6,15016,Tucuruí,PA,2018,3,183,379626,0,0.04181118947419677,-0.04181118947419677,0,0.79025145801394,TRUE,181
P. falciparum,model6,15017,Paragominas,PA,2018,1,181,344335,0,0.02994460291968799,-0.02994460291968799,0,0.580829715248232,TRUE,181
P. falciparum,model6,15017,Paragominas,PA,2018,2,182,344335,0,0.02418770639403391,-0.02418770639403391,0,0.580829715248232,TRUE,181
P. falciparum,model6,15017,Paragominas,PA,2018,3,183,344335,0,0.0231909014192863,-0.0231909014192863,0,0.580829715248232,TRUE,181
P. falciparum,model6,15018,São Félix do Xingu,PA,2018,1,181,212630,0,0.08511112971455585,-0.08511112971455585,0,1.4109015661007385,TRUE,181
P. falciparum,model6,15018,São Félix do Xingu,PA,2018,2,182,212630,0,0.06565823086902726,-0.06565823086902726,0,1.4109015661007385,TRUE,181
P. falciparum,model6,15018,São Félix do Xingu,PA,2018,3,183,212630,0,0.06329186150841591,-0.06329186150841591,0,0.9406010440671589,TRUE,181
P. falciparum,model6,15019,Parauapebas,PA,2018,1,181,317861,0,0.04976787614730998,-0.04976787614730998,0,0.9438087717587248,TRUE,181
P. falciparum,model6,15019,Parauapebas,PA,2018,2,182,317861,0,0.03802322768423698,-0.03802322768423698,0,0.7943723828969196,TRUE,181
P. falciparum,model6,15019,Parauapebas,PA,2018,3,183,317861,0,0.03597318613172648,-0.03597318613172648,0,0.6292058478391498,TRUE,181
P. falciparum,model6,15020,Marabá,PA,2018,1,181,329372,0,0.06584702936363195,-0.06584702936363195,0,1.2144323136150006,TRUE,181
P. falciparum,model6,15020,Marabá,PA,2018,2,182,329372,0,0.050849327640949814,-0.050849327640949814,0,0.9108242352112504,TRUE,181
P. falciparum,model6,15020,Marabá,PA,2018,3,183,329372,0.30360807840375015,0.04777391767308163,0.2558341607306685,0,0.9108242352112504,TRUE,181
P. falciparum,model6,15021,Redenção,PA,2018,1,181,195973,0,0.012706228583491313,-0.012706228583491313,0,0.5102743745311854,TRUE,181
P. falciparum,model6,15021,Redenção,PA,2018,2,182,195973,0,0.011617285644856347,-0.011617285644856347,0,0.5102743745311854,TRUE,181
P. falciparum,model6,15021,Redenção,PA,2018,3,183,195973,0,0.01390241950269635,-0.01390241950269635,0,0.5102743745311854,TRUE,181
P. falciparum,model6,15022,Conceição do Araguaia,PA,2018,1,181,160043,0,0.006861355726416664,-0.006861355726416664,0,0.624832076379473,TRUE,181
P. falciparum,model6,15022,Conceição do Araguaia,PA,2018,2,182,160043,0,0.007086360959579586,-0.007086360959579586,0,0.624832076379473,TRUE,181
P. falciparum,model6,15022,Conceição do Araguaia,PA,2018,3,183,160043,0,0.007433115612035185,-0.007433115612035185,0,0.624832076379473,TRUE,181
P. falciparum,model6,16001,Oiapoque,AP,2018,1,181,37553,0,9.438672867730844,-9.438672867730844,0,99.92543871328516,TRUE,181
P. falciparum,model6,16001,Oiapoque,AP,2018,2,182,37553,7.988709290868906,6.136065493124216,1.8526437977446903,0,69.23548052086385,TRUE,181
P. falciparum,model6,16001,Oiapoque,AP,2018,3,183,37553,5.325806193912603,6.264404413975539,-0.9385982200629357,0,61.37991638484264,TRUE,181
P. falciparum,model6,16002,Amapá,AP,2018,1,181,30877,3.238656605240146,2.4173449414623445,0.8213116637778017,0,35.62522265764161,TRUE,181
P. falciparum,model6,16002,Amapá,AP,2018,2,182,30877,3.238656605240146,1.8955469271663297,1.3431096780738165,0,25.90925284192117,TRUE,181
P. falciparum,model6,16002,Amapá,AP,2018,3,183,30877,6.477313210480292,1.4422383396454124,5.03507487083488,0,19.43193963144088,TRUE,181
P. falciparum,model6,16003,Macapá,AP,2018,1,181,674807,9.928764817199584,7.796268119654257,2.132496697545327,3.112000912853601,70.5905540398958,TRUE,181
P. falciparum,model6,16003,Macapá,AP,2018,2,182,674807,6.224001825707202,7.1001308864236625,-0.8761290607164609,2.3710483145551247,66.33378136267109,TRUE,181
P. falciparum,model6,16003,Macapá,AP,2018,3,183,674807,12.448003651414403,5.334654611452331,7.113349039962072,1.630095716256648,45.43150856467108,TRUE,181
P. falciparum,model6,16004,Mazagão,AP,2018,1,181,86257,11.59326199612785,38.977601770237214,-27.384339774109364,6.95595719767671,360.66638069953626,TRUE,181
P. falciparum,model6,16004,Mazagão,AP,2018,2,182,86257,42.89506938567305,36.164993533725735,6.730075851947312,6.95595719767671,374.0565983050644,TRUE,181
P. falciparum,model6,16004,Mazagão,AP,2018,3,183,86257,26.66450259109406,33.05831283673429,-6.393810245640228,6.95595719767671,309.1343311267484,TRUE,181
P. falciparum,model6,17001,Bico do Papagaio,TO,2018,1,181,214202,0,0.011543493983457784,-0.011543493983457784,0,0.4668490490284871,TRUE,181
P. falciparum,model6,17001,Bico do Papagaio,TO,2018,2,182,214202,0,0.009553786826892355,-0.009553786826892355,0,0.4668490490284871,TRUE,181
P. falciparum,model6,17001,Bico do Papagaio,TO,2018,3,183,214202,0,0.010243731845252893,-0.010243731845252893,0,0.4668490490284871,TRUE,181
P. falciparum,model6,17002,Araguaína,TO,2018,1,181,315817,0,0.0027720970020709435,-0.0027720970020709435,0,0.31663906629472127,TRUE,181
P. falciparum,model6,17002,Araguaína,TO,2018,2,182,315817,0,0.0021609368067574547,-0.0021609368067574547,0,0.31663906629472127,TRUE,181
P. falciparum,model6,17002,Araguaína,TO,2018,3,183,315817,0,0.0021267299265839267,-0.0021267299265839267,0,0.31663906629472127,TRUE,181
P. falciparum,model6,17003,Miracema do Tocantins,TO,2018,1,181,148745,0,0.004001765024352266,-0.004001765024352266,0,0.6722915055968267,TRUE,181
P. falciparum,model6,17003,Miracema do Tocantins,TO,2018,2,182,148745,0,0.0036614858910675456,-0.0036614858910675456,0,0.6722915055968267,TRUE,181
P. falciparum,model6,17003,Miracema do Tocantins,TO,2018,3,183,148745,0,0.004227157553304929,-0.004227157553304929,0,0.6722915055968267,TRUE,181
P. falciparum,model6,17004,Rio Formoso,TO,2018,1,181,126836,0,0.0012707713550121707,-0.0012707713550121707,0,0,TRUE,181
P. falciparum,model6,17004,Rio Formoso,TO,2018,2,182,126836,0,9.233801084059738e-4,-9.233801084059738e-4,0,0,TRUE,181
P. falciparum,model6,17004,Rio Formoso,TO,2018,3,183,126836,0,9.854963596476584e-4,-9.854963596476584e-4,0,0,TRUE,181
P. falciparum,model6,17005,Gurupi,TO,2018,1,181,149602,0,3.3577412305434785e-4,-3.3577412305434785e-4,0,0,TRUE,181
P. falciparum,model6,17005,Gurupi,TO,2018,2,182,149602,0,2.272986124632969e-4,-2.272986124632969e-4,0,0,TRUE,181
P. falciparum,model6,17005,Gurupi,TO,2018,3,183,149602,0,2.017696607623095e-4,-2.017696607623095e-4,0,0,TRUE,181
P. falciparum,model6,17006,Porto Nacional,TO,2018,1,181,396590,0,0.0030466071830100284,-0.0030466071830100284,0,0.25214957512796593,TRUE,181
P. falciparum,model6,17006,Porto Nacional,TO,2018,2,182,396590,0,0.0023303064235148923,-0.0023303064235148923,0,0.25214957512796593,TRUE,181
P. falciparum,model6,17006,Porto Nacional,TO,2018,3,183,396590,0,0.002205835957266613,-0.002205835957266613,0,0.25214957512796593,TRUE,181
P. falciparum,model6,17007,Jalapão,TO,2018,1,181,79443,0,1.3107139563288484e-5,-1.3107139563288484e-5,0,0,TRUE,181
P. falciparum,model6,17007,Jalapão,TO,2018,2,182,79443,0,1.0547050031739901e-5,-1.0547050031739901e-5,0,0,TRUE,181
P. falciparum,model6,17007,Jalapão,TO,2018,3,183,79443,0,9.948617328693458e-6,-9.948617328693458e-6,0,0,TRUE,181
P. falciparum,model6,17008,Dianópolis,TO,2018,1,181,123994,0,2.217349452906706e-6,-2.217349452906706e-6,0,0,TRUE,181
P. falciparum,model6,17008,Dianópolis,TO,2018,2,182,123994,0,1.7851260968496586e-6,-1.7851260968496586e-6,0,0,TRUE,181
P. falciparum,model6,17008,Dianópolis,TO,2018,3,183,123994,0,1.6743162451030015e-6,-1.6743162451030015e-6,0,0,TRUE,181
P. falciparum,model6,21001,Litoral Ocidental Maranhense,MA,2018,1,181,190870,0.5239168020118405,0.001829279516388284,0.5220875224954522,0,0,FALSE,181
P. falciparum,model6,21001,Litoral Ocidental Maranhense,MA,2018,2,182,190870,0,0.0015588812887099384,-0.0015588812887099384,0,0.5239168020118405,TRUE,181
P. falciparum,model6,21001,Litoral Ocidental Maranhense,MA,2018,3,183,190870,0,0.0017488539467437802,-0.0017488539467437802,0,0.5239168020118405,TRUE,181
P. falciparum,model6,21002,Aglomeração Urbana de São Luís,MA,2018,1,181,1421946,0.07032615865862699,0.03122247045147687,0.039103688207150114,0,0.5292043439061664,TRUE,181
P. falciparum,model6,21002,Aglomeração Urbana de São Luís,MA,2018,2,182,1421946,0,0.028895131338344034,-0.028895131338344034,0,0.3885520265889124,TRUE,181
P. falciparum,model6,21002,Aglomeração Urbana de São Luís,MA,2018,3,183,1421946,0,0.02886352785372553,-0.02886352785372553,0,0.4922831106103888,TRUE,181
P. falciparum,model6,21003,Rosário,MA,2018,1,181,177073,0,0.0020183118015561345,-0.0020183118015561345,0,0,TRUE,181
P. falciparum,model6,21003,Rosário,MA,2018,2,182,177073,0,0.0013291417717556742,-0.0013291417717556742,0,0,TRUE,181
P. falciparum,model6,21003,Rosário,MA,2018,3,183,177073,0,0.0012158589781280096,-0.0012158589781280096,0,0,TRUE,181
P. falciparum,model6,21004,Lençóis Maranhenses,MA,2018,1,181,195389,0,5.536143479880974e-4,-5.536143479880974e-4,0,0,TRUE,181
P. falciparum,model6,21004,Lençóis Maranhenses,MA,2018,2,182,195389,0,3.6791578174990577e-4,-3.6791578174990577e-4,0,0,TRUE,181
P. falciparum,model6,21004,Lençóis Maranhenses,MA,2018,3,183,195389,0,3.3663240560933975e-4,-3.3663240560933975e-4,0,0,TRUE,181
P. falciparum,model6,21005,Baixada Maranhense,MA,2018,1,181,601025,0.16638243001539038,0.05158757866865972,0.11479485134673066,0,0.831912150076952,TRUE,181
P. falciparum,model6,21005,Baixada Maranhense,MA,2018,2,182,601025,0,0.04124014196242113,-0.04124014196242113,0,0.5864980658042473,TRUE,181
P. falciparum,model6,21005,Baixada Maranhense,MA,2018,3,183,601025,0,0.04473280759674347,-0.04473280759674347,0,0.6655297200615615,TRUE,181
P. falciparum,model6,21006,Itapecuru Mirim,MA,2018,1,181,233753,0,0.002177165594829272,-0.002177165594829272,0,0.42780199612411396,TRUE,181
P. falciparum,model6,21006,Itapecuru Mirim,MA,2018,2,182,233753,0,0.002115977388048506,-0.002115977388048506,0,0.42780199612411396,TRUE,181
P. falciparum,model6,21006,Itapecuru Mirim,MA,2018,3,183,233753,0,0.0025930640124003706,-0.0025930640124003706,0,0.42780199612411396,TRUE,181
P. falciparum,model6,21007,Gurupi,MA,2018,1,181,240239,0,0.08867796808877658,-0.08867796808877658,0,1.467288824878549,TRUE,181
P. falciparum,model6,21007,Gurupi,MA,2018,2,182,240239,0,0.0801595973550439,-0.0801595973550439,0,1.2487564467051562,TRUE,181
P. falciparum,model6,21007,Gurupi,MA,2018,3,183,240239,0,0.11100907903087856,-0.11100907903087856,0,1.6650085956068748,TRUE,181
P. falciparum,model6,21008,Pindaré,MA,2018,1,181,662890,1.2068367300758798,0.2986184408228139,0.9082182892530659,0,2.6437267118224708,TRUE,181
P. falciparum,model6,21008,Pindaré,MA,2018,2,182,662890,0.4525637737784549,0.25907964325813737,0.19348413052031754,0,2.6437267118224708,TRUE,181
P. falciparum,model6,21008,Pindaré,MA,2018,3,183,662890,0.4525637737784549,0.2655862040224662,0.18697756975598873,0,2.4136734601517595,TRUE,181
P. falciparum,model6,21009,Imperatriz,MA,2018,1,181,597823,0.16727359101272452,0.07898667127100938,0.08828691974171514,0,1.003641546076347,TRUE,181
P. falciparum,model6,21009,Imperatriz,MA,2018,2,182,597823,0,0.05894875989933933,-0.05894875989933933,0,0.9241865903452992,TRUE,181
P. falciparum,model6,21009,Imperatriz,MA,2018,3,183,597823,0.16727359101272452,0.057368116536664265,0.10990547447606025,0,0.8363679550636226,TRUE,181
P. falciparum,model6,21010,Médio Mearim,MA,2018,1,181,424133,1.6504256919409714,0.10737122875339632,1.543054463187575,0,1.3026574211391186,FALSE,181
P. falciparum,model6,21010,Médio Mearim,MA,2018,2,182,424133,0.47155019769742035,0.11071047190317274,0.3608397257942476,0,1.6504256919409714,TRUE,181
P. falciparum,model6,21010,Médio Mearim,MA,2018,3,183,424133,0.23577509884871017,0.1600056557579698,0.07576944309074038,0,1.8862007907896814,TRUE,181
P. falciparum,model6,21011,Alto Mearim e Grajaú,MA,2018,1,181,334288,0.29914325372134204,0.4322860073954984,-0.13314275367415634,0,4.644199014023829,TRUE,181
P. falciparum,model6,21011,Alto Mearim e Grajaú,MA,2018,2,182,334288,0,0.3502610712760181,-0.3502610712760181,0,3.7467692528598024,TRUE,181
P. falciparum,model6,21011,Alto Mearim e Grajaú,MA,2018,3,183,334288,0.29914325372134204,0.3447641407619379,-0.04562088704059586,0,3.7467692528598024,TRUE,181
P. falciparum,model6,21012,Presidente Dutra,MA,2018,1,181,199032,0.5024317697656658,0.0941524271957264,0.4082793425699394,0,2.0097270790626633,TRUE,181
P. falciparum,model6,21012,Presidente Dutra,MA,2018,2,182,199032,0,0.09288305170742919,-0.09288305170742919,0,1.5072953092969974,TRUE,181
P. falciparum,model6,21012,Presidente Dutra,MA,2018,3,183,199032,0,0.12944105023277933,-0.12944105023277933,0,2.0097270790626633,TRUE,181
P. falciparum,model6,21013,Baixo Parnaíba Maranhense,MA,2018,1,181,145296,0,0.020995039004566056,-0.020995039004566056,0,0.6882501927100539,TRUE,181
P. falciparum,model6,21013,Baixo Parnaíba Maranhense,MA,2018,2,182,145296,0,0.014188752114602328,-0.014188752114602328,0,0.6882501927100539,TRUE,181
P. falciparum,model6,21013,Baixo Parnaíba Maranhense,MA,2018,3,183,145296,0,0.012868288745996508,-0.012868288745996508,0,0.6882501927100539,TRUE,181
P. falciparum,model6,21014,Chapadinha,MA,2018,1,181,243323,0,0.0035236339175476333,-0.0035236339175476333,0,0.4109763565302088,TRUE,181
P. falciparum,model6,21014,Chapadinha,MA,2018,2,182,243323,0,0.002942254878551746,-0.002942254878551746,0,0.4109763565302088,TRUE,181
P. falciparum,model6,21014,Chapadinha,MA,2018,3,183,243323,0,0.002900550963262575,-0.002900550963262575,0,0.4109763565302088,TRUE,181
P. falciparum,model6,21015,Codó,MA,2018,1,181,277501,0,0.007841121040815932,-0.007841121040815932,0,0.3603590617691468,TRUE,181
P. falciparum,model6,21015,Codó,MA,2018,2,182,277501,0,0.0066769222777293405,-0.0066769222777293405,0,0.3603590617691468,TRUE,181
P. falciparum,model6,21015,Codó,MA,2018,3,183,277501,0,0.0076146311191768986,-0.0076146311191768986,0,0.3603590617691468,TRUE,181
P. falciparum,model6,21016,Coelho Neto,MA,2018,1,181,93313,0,0.006973756212251455,-0.006973756212251455,0,1.0716620406588577,TRUE,181
P. falciparum,model6,21016,Coelho Neto,MA,2018,2,182,93313,0,0.005269627725294717,-0.005269627725294717,0,1.0716620406588577,TRUE,181
P. falciparum,model6,21016,Coelho Neto,MA,2018,3,183,93313,0,0.005112940830411843,-0.005112940830411843,0,1.0716620406588577,TRUE,181
P. falciparum,model6,21017,Caxias,MA,2018,1,181,442882,0,0.007784965163093861,-0.007784965163093861,0,0.22579377802665268,TRUE,181
P. falciparum,model6,21017,Caxias,MA,2018,2,182,442882,0,0.00816751842905291,-0.00816751842905291,0,0.22579377802665268,TRUE,181
P. falciparum,model6,21017,Caxias,MA,2018,3,183,442882,0,0.011628511708825088,-0.011628511708825088,0,0.22579377802665268,TRUE,181
P. falciparum,model6,21018,Chapadas do Alto Itapecuru,MA,2018,1,181,220558,0,0.01784457964275442,-0.01784457964275442,0,0.453395478740286,TRUE,181
P. falciparum,model6,21018,Chapadas do Alto Itapecuru,MA,2018,2,182,220558,0,0.018461302993938212,-0.018461302993938212,0,0.453395478740286,TRUE,181
P. falciparum,model6,21018,Chapadas do Alto Itapecuru,MA,2018,3,183,220558,0,0.023915657740345535,-0.023915657740345535,0,0.6914281050789259,TRUE,181
P. falciparum,model6,21019,Porto Franco,MA,2018,1,181,119474,0,0.008505763640850553,-0.008505763640850553,0,0.8370021929457456,TRUE,181
P. falciparum,model6,21019,Porto Franco,MA,2018,2,182,119474,0,0.00504842853214598,-0.00504842853214598,0,0.8370021929457456,TRUE,181
P. falciparum,model6,21019,Porto Franco,MA,2018,3,183,119474,0,0.00390996103782027,-0.00390996103782027,0,0.8370021929457456,TRUE,181
P. falciparum,model6,21020,Gerais de Balsas,MA,2018,1,181,142177,0,2.5481163455857845e-4,-2.5481163455857845e-4,0,0,TRUE,181
P. falciparum,model6,21020,Gerais de Balsas,MA,2018,2,182,142177,0,2.2669648035928024e-4,-2.2669648035928024e-4,0,0,TRUE,181
P. falciparum,model6,21020,Gerais de Balsas,MA,2018,3,183,142177,0,2.2823444788277705e-4,-2.2823444788277705e-4,0,0,TRUE,181
P. falciparum,model6,21021,Chapadas das Mangabeiras,MA,2018,1,181,72070,0,9.476652083627815e-5,-9.476652083627815e-5,0,0,TRUE,181
P. falciparum,model6,21021,Chapadas das Mangabeiras,MA,2018,2,182,72070,0,7.156168785578145e-5,-7.156168785578145e-5,0,0,TRUE,181
P. falciparum,model6,21021,Chapadas das Mangabeiras,MA,2018,3,183,72070,0,7.106072318826372e-5,-7.106072318826372e-5,0,0,TRUE,181
P. falciparum,model6,51001,Aripuanã,MT,2018,1,181,166705,0.5998620317327015,0.053734173934734196,0.5461278577979672,0,1.199724063465403,TRUE,181
P. falciparum,model6,51001,Aripuanã,MT,2018,2,182,166705,0,0.04360923433437376,-0.04360923433437376,0,1.7995860951981044,TRUE,181
P. falciparum,model6,51001,Aripuanã,MT,2018,3,183,166705,0,0.04260280149029589,-0.04260280149029589,0,1.199724063465403,TRUE,181
P. falciparum,model6,51002,Alta Floresta,MT,2018,1,181,107187,0,0.3069683640700202,-0.3069683640700202,0,4.66474479181244,TRUE,181
P. falciparum,model6,51002,Alta Floresta,MT,2018,2,182,107187,0,0.1949250667539901,-0.1949250667539901,0,3.731795833449952,TRUE,181
P. falciparum,model6,51002,Alta Floresta,MT,2018,3,183,107187,0,0.15542137049803578,-0.15542137049803578,0,3.731795833449952,TRUE,181
P. falciparum,model6,51003,Colíder,MT,2018,1,181,155831,0,0.12934818186975205,-0.12934818186975205,0,2.5668833544031675,TRUE,181
P. falciparum,model6,51003,Colíder,MT,2018,2,182,155831,1.2834416772015838,0.09466934464439848,1.1887723325571853,0,1.9251625158023757,TRUE,181
P. falciparum,model6,51003,Colíder,MT,2018,3,183,155831,0,0.08640758712978375,-0.08640758712978375,0,1.9251625158023757,TRUE,181
P. falciparum,model6,51004,Parecis,MT,2018,1,181,108739,0,0.0055709752962066535,-0.0055709752962066535,0,0.9196332502597965,TRUE,181
P. falciparum,model6,51004,Parecis,MT,2018,2,182,108739,0,0.006805987932733018,-0.006805987932733018,0,0.9196332502597965,TRUE,181
P. falciparum,model6,51004,Parecis,MT,2018,3,183,108739,0,0.010511127216189431,-0.010511127216189431,0,0.9196332502597965,TRUE,181
P. falciparum,model6,51005,Arinos,MT,2018,1,181,82534,0,0.005784800572398537,-0.005784800572398537,0,1.2116218770446119,TRUE,181
P. falciparum,model6,51005,Arinos,MT,2018,2,182,82534,0,0.003882722567779437,-0.003882722567779437,0,1.2116218770446119,TRUE,181
P. falciparum,model6,51005,Arinos,MT,2018,3,183,82534,0,0.0037430967302846344,-0.0037430967302846344,0,1.2116218770446119,TRUE,181
P. falciparum,model6,51006,Alto Teles Pires,MT,2018,1,181,252848,0,0.04662953561657105,-0.04662953561657105,0,0.7909890527115104,TRUE,181
P. falciparum,model6,51006,Alto Teles Pires,MT,2018,2,182,252848,0,0.027018846586107353,-0.027018846586107353,0,0.3954945263557552,TRUE,181
P. falciparum,model6,51006,Alto Teles Pires,MT,2018,3,183,252848,0,0.016905724564290046,-0.016905724564290046,0,0.3954945263557552,TRUE,181
P. falciparum,model6,51007,Sinop,MT,2018,1,181,203408,0,0.0029940003351376847,-0.0029940003351376847,0,0.49162274836781245,TRUE,181
P. falciparum,model6,51007,Sinop,MT,2018,2,182,203408,0,0.0024669929406499324,-0.0024669929406499324,0,0.49162274836781245,TRUE,181
P. falciparum,model6,51007,Sinop,MT,2018,3,183,203408,0,0.002329725806336568,-0.002329725806336568,0,0.49162274836781245,TRUE,181
P. falciparum,model6,51008,Paranatinga,MT,2018,1,181,36363,0,3.3586963475688256e-4,-3.3586963475688256e-4,0,0,TRUE,181
P. falciparum,model6,51008,Paranatinga,MT,2018,2,182,36363,0,2.9444069113438397e-4,-2.9444069113438397e-4,0,0,TRUE,181
P. falciparum,model6,51008,Paranatinga,MT,2018,3,183,36363,0,2.8486433738244497e-4,-2.8486433738244497e-4,0,0,TRUE,181
P. falciparum,model6,51009,Norte Araguaia,MT,2018,1,181,130472,0,3.181627982047298e-4,-3.181627982047298e-4,0,0,TRUE,181
P. falciparum,model6,51009,Norte Araguaia,MT,2018,2,182,130472,0,2.421219385072629e-4,-2.421219385072629e-4,0,0,TRUE,181
P. falciparum,model6,51009,Norte Araguaia,MT,2018,3,183,130472,0,2.2234071523635583e-4,-2.2234071523635583e-4,0,0,TRUE,181
P. falciparum,model6,51010,Canarana,MT,2018,1,181,114602,0,2.938992097123914e-4,-2.938992097123914e-4,0,0,TRUE,181
P. falciparum,model6,51010,Canarana,MT,2018,2,182,114602,0,2.4179518855597915e-4,-2.4179518855597915e-4,0,0,TRUE,181
P. falciparum,model6,51010,Canarana,MT,2018,3,183,114602,0,2.484830417832312e-4,-2.484830417832312e-4,0,0,TRUE,181
P. falciparum,model6,51011,Médio Araguaia,MT,2018,1,181,69471,0,5.9768180334748e-6,-5.9768180334748e-6,0,0,TRUE,181
P. falciparum,model6,51011,Médio Araguaia,MT,2018,2,182,69471,0,4.71411564729992e-6,-4.71411564729992e-6,0,0,TRUE,181
P. falciparum,model6,51011,Médio Araguaia,MT,2018,3,183,69471,0,4.588379589932175e-6,-4.588379589932175e-6,0,0,TRUE,181
P. falciparum,model6,51012,Alto Guaporé,MT,2018,1,181,74703,0,0.011575737361495555,-0.011575737361495555,0,1.3386343252613684,TRUE,181
P. falciparum,model6,51012,Alto Guaporé,MT,2018,2,182,74703,0,0.01039368176944346,-0.01039368176944346,0,1.3386343252613684,TRUE,181
P. falciparum,model6,51012,Alto Guaporé,MT,2018,3,183,74703,0,0.010796806019084185,-0.010796806019084185,0,1.3386343252613684,TRUE,181
P. falciparum,model6,51013,Tangará da Serra,MT,2018,1,181,168844,0,0.02471025634069812,-0.02471025634069812,0,0.5922626803439861,TRUE,181
P. falciparum,model6,51013,Tangará da Serra,MT,2018,2,182,168844,0,0.021191736224923197,-0.021191736224923197,0,0.5922626803439861,TRUE,181
P. falciparum,model6,51013,Tangará da Serra,MT,2018,3,183,168844,0,0.021468791782525642,-0.021468791782525642,0,0.5922626803439861,TRUE,181
P. falciparum,model6,51014,Jauru,MT,2018,1,181,110817,0,0.0015577037484386597,-0.0015577037484386597,0,0,TRUE,181
P. falciparum,model6,51014,Jauru,MT,2018,2,182,110817,0,0.001212222349074397,-0.001212222349074397,0,0,TRUE,181
P. falciparum,model6,51014,Jauru,MT,2018,3,183,110817,0,0.0011849979044385205,-0.0011849979044385205,0,0,TRUE,181
P. falciparum,model6,51015,Alto Paraguai,MT,2018,1,181,33393,0,0.0021161429164233657,-0.0021161429164233657,0,0,TRUE,181
P. falciparum,model6,51015,Alto Paraguai,MT,2018,2,182,33393,0,0.0019888992422586447,-0.0019888992422586447,0,0,TRUE,181
P. falciparum,model6,51015,Alto Paraguai,MT,2018,3,183,33393,0,0.0020314711776670976,-0.0020314711776670976,0,0,TRUE,181
P. falciparum,model6,51016,Rosário Oeste,MT,2018,1,181,31027,0,0.001164553211906387,-0.001164553211906387,0,0,TRUE,181
P. falciparum,model6,51016,Rosário Oeste,MT,2018,2,182,31027,0,8.448681979434647e-4,-8.448681979434647e-4,0,0,TRUE,181
P. falciparum,model6,51016,Rosário Oeste,MT,2018,3,183,31027,0,8.155928873285249e-4,-8.155928873285249e-4,0,0,TRUE,181
P. falciparum,model6,51017,Cuiabá,MT,2018,1,181,938414,0,0.01571801585821489,-0.01571801585821489,0,0.2690710070395345,TRUE,181
P. falciparum,model6,51017,Cuiabá,MT,2018,2,182,938414,0,0.011243380932074245,-0.011243380932074245,0,0.21312555013032627,TRUE,181
P. falciparum,model6,51017,Cuiabá,MT,2018,3,183,938414,0,0.010375247771335671,-0.010375247771335671,0,0.21312555013032627,TRUE,181
P. falciparum,model6,51018,Alto Pantanal,MT,2018,1,181,140405,0,0.001281320640184643,-0.001281320640184643,0,0,TRUE,181
P. falciparum,model6,51018,Alto Pantanal,MT,2018,2,182,140405,0,9.383945327131208e-4,-9.383945327131208e-4,0,0,TRUE,181
P. falciparum,model6,51018,Alto Pantanal,MT,2018,3,183,140405,0,7.826339465175321e-4,-7.826339465175321e-4,0,0,TRUE,181
P. falciparum,model6,51019,Primavera do Leste,MT,2018,1,181,103909,0,4.1880630482064033e-4,-4.1880630482064033e-4,0,0,TRUE,181
P. falciparum,model6,51019,Primavera do Leste,MT,2018,2,182,103909,0,3.3864369587629996e-4,-3.3864369587629996e-4,0,0,TRUE,181
P. falciparum,model6,51019,Primavera do Leste,MT,2018,3,183,103909,0,3.2565785231671913e-4,-3.2565785231671913e-4,0,0,TRUE,181
P. falciparum,model6,51020,Tesouro,MT,2018,1,181,55925,0,0.0022074596115731126,-0.0022074596115731126,0,0,TRUE,181
P. falciparum,model6,51020,Tesouro,MT,2018,2,182,55925,0,0.0019818159315079637,-0.0019818159315079637,0,0,TRUE,181
P. falciparum,model6,51020,Tesouro,MT,2018,3,183,55925,0,0.0018064268443699842,-0.0018064268443699842,0,0,TRUE,181
P. falciparum,model6,51021,Rondonópolis,MT,2018,1,181,315273,0,3.571760968843207e-4,-3.571760968843207e-4,0,0,TRUE,181
P. falciparum,model6,51021,Rondonópolis,MT,2018,2,182,315273,0,2.6480321833271273e-4,-2.6480321833271273e-4,0,0,TRUE,181
P. falciparum,model6,51021,Rondonópolis,MT,2018,3,183,315273,0,2.0295045159113756e-4,-2.0295045159113756e-4,0,0,TRUE,181
P. falciparum,model6,51022,Alto Araguaia,MT,2018,1,181,41128,0,1.624573820192065e-5,-1.624573820192065e-5,0,0,TRUE,181
P. falciparum,model6,51022,Alto Araguaia,MT,2018,2,182,41128,0,1.5000935335552666e-5,-1.5000935335552666e-5,0,0,TRUE,181
P. falciparum,model6,51022,Alto Araguaia,MT,2018,3,183,41128,0,1.5033096444988423e-5,-1.5033096444988423e-5,0,0,TRUE,181
P. falciparum,model6,11001,Porto Velho,RO,2019,1,193,676286,8.576253241971592,8.64126212319703,-0.06500888122543813,2.2179965280961014,78.43205389435818,TRUE,193
P. falciparum,model6,11001,Porto Velho,RO,2019,2,194,676286,10.498516899654879,6.905143980719667,3.593372918935212,1.9222636576832879,65.89298018885499,TRUE,193
P. falciparum,model6,11001,Porto Velho,RO,2019,3,195,676286,5.47105810263705,7.4917719350410605,-2.0207138324040104,2.2179965280961014,64.14815625341937,TRUE,193
P. falciparum,model6,11002,Guajará-Mirim,RO,2019,1,193,84771,0,0.2144197087299065,-0.2144197087299065,0,3.538946101850869,TRUE,193
P. falciparum,model6,11002,Guajará-Mirim,RO,2019,2,194,84771,0,0.18542418407802874,-0.18542418407802874,0,2.978612969057788,TRUE,193
P. falciparum,model6,11002,Guajará-Mirim,RO,2019,3,195,84771,0,0.19551450767556883,-0.19551450767556883,0,2.3592974012339125,TRUE,193
P. falciparum,model6,11003,Ariquemes,RO,2019,1,193,206332,3.877246379621193,3.416609249319519,0.4606371303016741,0,32.726382722990124,TRUE,193
P. falciparum,model6,11003,Ariquemes,RO,2019,2,194,206332,1.9386231898105966,2.8040969959068174,-0.8654738060962208,0,27.87982474846363,TRUE,193
P. falciparum,model6,11003,Ariquemes,RO,2019,3,195,206332,3.877246379621193,2.7378277943132825,1.1394185853079106,0,24.232789872632456,TRUE,193
P. falciparum,model6,11004,Ji-Paraná,RO,2019,1,193,294493,0,0.44322044286076284,-0.44322044286076284,0,4.753933030666263,TRUE,193
P. falciparum,model6,11004,Ji-Paraná,RO,2019,2,194,294493,0,0.31951887277126106,-0.31951887277126106,0,3.7352330955234927,TRUE,193
P. falciparum,model6,11004,Ji-Paraná,RO,2019,3,195,294493,0.6791332900951805,0.35633340457666207,0.32279988551851846,0,3.7352330955234927,TRUE,193
P. falciparum,model6,11005,Alvorada D'Oeste,RO,2019,1,193,69746,0,0.16036480527948416,-0.16036480527948416,0,2.8675479597396265,TRUE,193
P. falciparum,model6,11005,Alvorada D'Oeste,RO,2019,2,194,69746,0,0.11718121474831975,-0.11718121474831975,0,2.8675479597396265,TRUE,193
P. falciparum,model6,11005,Alvorada D'Oeste,RO,2019,3,195,69746,0,0.10873121883642975,-0.10873121883642975,0,2.8675479597396265,TRUE,193
P. falciparum,model6,11006,Cacoal,RO,2019,1,193,236722,0,0.1556220384913173,-0.1556220384913173,0,2.534618666621607,TRUE,193
P. falciparum,model6,11006,Cacoal,RO,2019,2,194,236722,0,0.11735801732052285,-0.11735801732052285,0,1.6897457777477378,TRUE,193
P. falciparum,model6,11006,Cacoal,RO,2019,3,195,236722,0,0.12836514636842475,-0.12836514636842475,0,2.112182222184672,TRUE,193
P. falciparum,model6,11007,Vilhena,RO,2019,1,193,161798,0,0.1647738738845848,-0.1647738738845848,0,2.4722184452218197,TRUE,193
P. falciparum,model6,11007,Vilhena,RO,2019,2,194,161798,0,0.12619511940024378,-0.12619511940024378,0,1.854163833916365,TRUE,193
P. falciparum,model6,11007,Vilhena,RO,2019,3,195,161798,0,0.144449208718589,-0.144449208718589,0,2.1786425048517146,TRUE,193
P. falciparum,model6,11008,Colorado do Oeste,RO,2019,1,193,47077,0,0.051521266790252235,-0.051521266790252235,0,2.1241795356543536,TRUE,193
P. falciparum,model6,11008,Colorado do Oeste,RO,2019,2,194,47077,2.1241795356543536,0.040926763302156506,2.083252772352197,0,2.1241795356543536,TRUE,193
P. falciparum,model6,11008,Colorado do Oeste,RO,2019,3,195,47077,0,0.04563623091532789,-0.04563623091532789,0,2.1241795356543536,TRUE,193
P. falciparum,model6,12001,Cruzeiro do Sul,AC,2019,1,193,157132,206.19606445536238,176.66341051153347,29.532653943828905,55.03334775857242,1484.3571010360713,TRUE,193
P. falciparum,model6,12001,Cruzeiro do Sul,AC,2019,2,194,157132,150.19219509711579,130.67816469499428,19.514030402121506,47.33281572181351,1085.2818012880884,TRUE,193
P. falciparum,model6,12001,Cruzeiro do Sul,AC,2019,3,195,157132,129.19074408777334,130.16527319276935,-0.9745291049960088,41.60514726472012,1075.974340045312,TRUE,193
P. falciparum,model6,12002,Tarauacá,AC,2019,1,193,85664,1.1673515128875607,0.5287965625720373,0.6385549503155233,0,7.616968621591306,TRUE,193
P. falciparum,model6,12002,Tarauacá,AC,2019,2,194,85664,0,0.3931507690423311,-0.3931507690423311,0,5.2822655958161855,TRUE,193
P. falciparum,model6,12002,Tarauacá,AC,2019,3,195,85664,0,0.36082898022206394,-0.36082898022206394,0,4.114914082928625,TRUE,193
P. falciparum,model6,12003,Sena Madureira,AC,2019,1,193,61847,3.2337866024221062,0.009495205533276343,3.22429139688883,0,1.6168933012110531,FALSE,193
P. falciparum,model6,12003,Sena Madureira,AC,2019,2,194,61847,0,0.008698978947501367,-0.008698978947501367,0,1.6168933012110531,TRUE,193
P. falciparum,model6,12003,Sena Madureira,AC,2019,3,195,61847,0,0.009034344695684647,-0.009034344695684647,0,1.6168933012110531,TRUE,193
P. falciparum,model6,12004,Rio Branco,AC,2019,1,193,505863,0.5930459432692251,0.3940319976711758,0.1990139455980493,0,4.4527866240464276,TRUE,193
P. falciparum,model6,12004,Rio Branco,AC,2019,2,194,505863,0.3953639621794834,0.30655068052384854,0.08881328165563485,0,3.775725838814048,TRUE,193
P. falciparum,model6,12004,Rio Branco,AC,2019,3,195,505863,0.9884099054487084,0.3057185465216418,0.6826913589270667,0,3.3803618766345647,TRUE,193
P. falciparum,model6,12005,Brasiléia,AC,2019,1,193,71429,0,0.07508916017229299,-0.07508916017229299,0,1.3999916000503996,TRUE,193
P. falciparum,model6,12005,Brasiléia,AC,2019,2,194,71429,0,0.048589273056107246,-0.048589273056107246,0,1.3999916000503996,TRUE,193
P. falciparum,model6,12005,Brasiléia,AC,2019,3,195,71429,0,0.035738762160422176,-0.035738762160422176,0,1.3999916000503996,TRUE,193
P. falciparum,model6,13001,Rio Negro,AM,2019,1,193,117676,458.8871137700126,215.62212833405528,243.26498543595733,85.82888609402087,1630.7488357863956,TRUE,193
P. falciparum,model6,13001,Rio Negro,AM,2019,2,194,117676,364.5603181617322,196.93300358025058,167.6273145814816,72.635881573133,1578.9328325231966,TRUE,193
P. falciparum,model6,13001,Rio Negro,AM,2019,3,195,117676,226.04439307930252,236.53742020426526,-10.493027124962737,91.33128250450389,1989.3606172881418,TRUE,193
P. falciparum,model6,13002,Japurá,AM,2019,1,193,20979,28.6000286000286,5.634191831382791,22.96583676864581,0,45.4025454025453,TRUE,193
P. falciparum,model6,13002,Japurá,AM,2019,2,194,20979,95.333428666762,4.9888372279693,90.3445914387927,0,47.666714333381,FALSE,193
P. falciparum,model6,13002,Japurá,AM,2019,3,195,20979,81.0334143667477,6.397488980266304,74.6359253864814,0,69.2359025692358,FALSE,193
P. falciparum,model6,13003,Alto Solimões,AM,2019,1,193,251867,28.189480956218958,10.779358290626545,17.41012266559241,2.5708012562185605,73.947758142194,TRUE,193
P. falciparum,model6,13003,Alto Solimões,AM,2019,2,194,251867,15.08732783572282,14.432277987922351,0.6550498478004698,3.573314487408037,113.1251811471926,TRUE,193
P. falciparum,model6,13003,Alto Solimões,AM,2019,3,195,251867,15.881397721813498,17.767819367812567,-1.8864216459990697,5.74708080058126,133.06626116164477,TRUE,193
P. falciparum,model6,13004,Juruá,AM,2019,1,193,152530,9.178522257916475,15.483571451510933,-6.305049193594458,2.6224349308332786,165.75427784698073,TRUE,193
P. falciparum,model6,13004,Juruá,AM,2019,2,194,152530,9.834130990624795,14.681459638629532,-4.847328648004737,2.9338490788697316,140.95587753228872,TRUE,193
P. falciparum,model6,13004,Juruá,AM,2019,3,195,152530,7.2116960597915165,17.67036946035372,-10.458673400562201,3.2780436635415984,180.01376778338684,TRUE,193
P. falciparum,model6,13005,Tefé,AM,2019,1,193,89430,2.2363860002236384,3.9975267040809896,-1.7611407038573512,0,41.96019232919599,TRUE,193
P. falciparum,model6,13005,Tefé,AM,2019,2,194,89430,3.354579000335458,3.4869199731382983,-0.13234097280284018,0,37.48742032874872,TRUE,193
P. falciparum,model6,13005,Tefé,AM,2019,3,195,89430,1.1181930001118192,4.517278496053483,-3.3990854959416636,0,41.96019232919599,TRUE,193
P. falciparum,model6,13006,Coari,AM,2019,1,193,181118,1.104252476286178,0.3543070209780341,0.7499454553081439,0,4.417009905144712,TRUE,193
P. falciparum,model6,13006,Coari,AM,2019,2,194,181118,0.552126238143089,0.39569259530257284,0.1564336428405162,0,4.706876180169822,TRUE,193
P. falciparum,model6,13006,Coari,AM,2019,3,195,181118,0.552126238143089,0.5190399926956158,0.033086245447473184,0,4.969136143287801,TRUE,193
P. falciparum,model6,13007,Manaus,AM,2019,1,193,2468200,0.52669961915566,0.15145563105038637,0.3752439881052736,0,1.460578559273963,TRUE,193
P. falciparum,model6,13007,Manaus,AM,2019,2,194,2468200,0.2025767765983308,0.12352449520224579,0.079052281396085,0,1.1749453042703184,TRUE,193
P. falciparum,model6,13007,Manaus,AM,2019,3,195,2468200,0.36463819787699536,0.14293112329751886,0.2217070745794765,0,1.2964913702293168,TRUE,193
P. falciparum,model6,13008,Rio Preto da Eva,AM,2019,1,193,69626,1.4362450808605982,0.44479813710456567,0.9914469437560325,0,7.181225404302991,TRUE,193
P. falciparum,model6,13008,Rio Preto da Eva,AM,2019,2,194,69626,0,0.31916242248901516,-0.31916242248901516,0,5.744980323442393,TRUE,193
P. falciparum,model6,13008,Rio Preto da Eva,AM,2019,3,195,69626,0,0.31721848937660696,-0.31721848937660696,0,5.744980323442393,TRUE,193
P. falciparum,model6,13009,Itacoatiara,AM,2019,1,193,180099,0,0.04888146206589184,-0.04888146206589184,0,1.1105003359263517,TRUE,193
P. falciparum,model6,13009,Itacoatiara,AM,2019,2,194,180099,0,0.037969621388522126,-0.037969621388522126,0,1.1105003359263517,TRUE,193
P. falciparum,model6,13009,Itacoatiara,AM,2019,3,195,180099,0,0.03858875230372267,-0.03858875230372267,0,0.5552501679631758,TRUE,193
P. falciparum,model6,13010,Parintins,AM,2019,1,193,280875,1.068090787716956,1.4801382561534455,-0.41204746843648943,0,15.140186915887844,TRUE,193
P. falciparum,model6,13010,Parintins,AM,2019,2,194,280875,1.4241210502892745,1.175449242050733,0.24867180823854151,0,11.579884290164655,TRUE,193
P. falciparum,model6,13010,Parintins,AM,2019,3,195,280875,2.136181575433912,1.1262654646869288,1.0099161107469834,0,12.291944815309293,TRUE,193
P. falciparum,model6,13011,Boca do Acre,AM,2019,1,193,53734,0,0.748447534720549,-0.748447534720549,0,12.143149588714738,TRUE,193
P. falciparum,model6,13011,Boca do Acre,AM,2019,2,194,53734,0,0.5657315286543579,-0.5657315286543579,0,9.305095470279525,TRUE,193
P. falciparum,model6,13011,Boca do Acre,AM,2019,3,195,53734,1.8610190940559053,0.6138295123200612,1.247189581735844,0,9.305095470279525,TRUE,193
P. falciparum,model6,13012,Purus,AM,2019,1,193,78854,3.8044994546884117,5.9448349861187975,-2.140335531430386,0,49.52190123519409,TRUE,193
P. falciparum,model6,13012,Purus,AM,2019,2,194,78854,2.5363329697922743,6.583649526344649,-4.047316556552374,0,54.5311588505339,TRUE,193
P. falciparum,model6,13012,Purus,AM,2019,3,195,78854,0,8.506468038537149,-8.506468038537149,0.6023790803256669,66.67385294341433,FALSE,193
P. falciparum,model6,13013,Madeira,AM,2019,1,193,199609,10.019588295116954,3.15601243168841,6.863575863428544,0,27.55386781157162,TRUE,193
P. falciparum,model6,13013,Madeira,AM,2019,2,194,199609,8.015670636093562,3.0405580320709995,4.975112604022563,0,28.580875611821085,TRUE,193
P. falciparum,model6,13013,Madeira,AM,2019,3,195,199609,6.011752977070172,3.6962718913324957,2.315481085737676,0,27.55386781157162,TRUE,193
P. falciparum,model6,14001,Boa Vista,RR,2019,1,193,444920,17.980760586172796,23.987613457246514,-6.006852871073718,8.198103029758158,208.57682279960443,TRUE,193
P. falciparum,model6,14001,Boa Vista,RR,2019,2,194,444920,13.935089454283917,19.571783271547194,-5.636693817263277,5.7257484491594,164.15872516407427,TRUE,193
P. falciparum,model6,14001,Boa Vista,RR,2019,3,195,444920,12.361772902993797,20.738801078234662,-8.377028175240865,5.95050795648656,162.81578710779456,TRUE,193
P. falciparum,model6,14002,Nordeste de Roraima,RR,2019,1,193,52593,1.9013937215979313,4.121598596301702,-2.2202048747037706,0,39.0261061357975,TRUE,193
P. falciparum,model6,14002,Nordeste de Roraima,RR,2019,2,194,52593,1.9013937215979313,3.5787833151306057,-1.6773895935326744,0,38.12294411803843,TRUE,193
P. falciparum,model6,14002,Nordeste de Roraima,RR,2019,3,195,52593,0,3.2867444111522977,-3.2867444111522977,0,34.32015667484257,TRUE,193
P. falciparum,model6,14003,Caracaraí,RR,2019,1,193,51729,25.13097102205726,10.296716997752979,14.83425402430428,0,111.20454677260332,TRUE,193
P. falciparum,model6,14003,Caracaraí,RR,2019,2,194,51729,7.732606468325311,8.684928449161605,-0.9523219808362944,0,99.60563707011536,TRUE,193
P. falciparum,model6,14003,Caracaraí,RR,2019,3,195,51729,1.9331516170813277,9.4223850267698,-7.489233409688473,0,91.87303060179005,TRUE,193
P. falciparum,model6,14004,Sudeste de Roraima,RR,2019,1,193,56519,33.61701374758931,31.26420568414787,2.35280806344144,3.538633026062032,324.9792105309716,TRUE,193
P. falciparum,model6,14004,Sudeste de Roraima,RR,2019,2,194,56519,8.84658256515508,26.22944161890069,-17.382859053745612,3.538633026062032,291.3621967833823,TRUE,193
P. falciparum,model6,14004,Sudeste de Roraima,RR,2019,3,195,56519,8.84658256515508,24.108114155281072,-15.261531590125992,3.538633026062032,262.7877350979316,TRUE,193
P. falciparum,model6,15001,Óbidos,PA,2019,1,193,209139,0,0.05375240857447703,-0.05375240857447703,0,0.9563017897187995,TRUE,193
P. falciparum,model6,15001,Óbidos,PA,2019,2,194,209139,0,0.04043923312826877,-0.04043923312826877,0,0.9563017897187995,TRUE,193
P. falciparum,model6,15001,Óbidos,PA,2019,3,195,209139,0,0.04147344467932227,-0.04147344467932227,0,0.9563017897187995,TRUE,193
P. falciparum,model6,15002,Santarém,PA,2019,1,193,528467,3.784531484463552,1.6046528199362746,2.179878664527277,0,15.526040415011714,TRUE,193
P. falciparum,model6,15002,Santarém,PA,2019,2,194,528467,4.5414377813562625,1.483368203662446,3.0580695776938165,0,12.68764180166405,TRUE,193
P. falciparum,model6,15002,Santarém,PA,2019,3,195,528467,0.946132871115888,1.581516410249894,-0.635383539134006,0,14.967822021053333,TRUE,193
P. falciparum,model6,15003,Almeirim,PA,2019,1,193,75244,0,1.2427071394242057,-1.2427071394242057,0,16.645845515921504,TRUE,193
P. falciparum,model6,15003,Almeirim,PA,2019,2,194,75244,0,1.059445592267496,-1.059445592267496,0,14.619105842326299,TRUE,193
P. falciparum,model6,15003,Almeirim,PA,2019,3,195,75244,0,0.9500591529578943,-0.9500591529578943,0,13.290096220296634,TRUE,193
P. falciparum,model6,15004,Portel,PA,2019,1,193,153746,0,0.028258730902945884,-0.028258730902945884,0,0.6504234256500981,TRUE,193
P. falciparum,model6,15004,Portel,PA,2019,2,194,153746,0,0.03513572315545791,-0.03513572315545791,0,0.9918957241163848,TRUE,193
P. falciparum,model6,15004,Portel,PA,2019,3,195,153746,0,0.04420802178231299,-0.04420802178231299,0,1.3008468513001963,TRUE,193
P. falciparum,model6,15005,Furos de Breves,PA,2019,1,193,232284,1.722029928880164,4.92317816128488,-3.201148232404716,0.2044910540545201,41.41481978956786,TRUE,193
P. falciparum,model6,15005,Furos de Breves,PA,2019,2,194,232284,4.30507482220041,4.417179742931759,-0.11210492073134848,0,33.170601505054144,TRUE,193
P. falciparum,model6,15005,Furos de Breves,PA,2019,3,195,232284,3.013552375540287,4.889380985011206,-1.875828609470919,0.430507482220041,35.775171772485365,TRUE,193
P. falciparum,model6,15006,Arari,PA,2019,1,193,178169,0,0.10446940281259896,-0.10446940281259896,0,1.6837945995094543,TRUE,193
P. falciparum,model6,15006,Arari,PA,2019,2,194,178169,0,0.14026551789394814,-0.14026551789394814,0,2.2450594660126058,TRUE,193
P. falciparum,model6,15006,Arari,PA,2019,3,195,178169,0,0.20330807647025204,-0.20330807647025204,0,2.8063243325157576,TRUE,193
P. falciparum,model6,15007,Belém,PA,2019,1,193,2363360,0,0.010934173366678374,-0.010934173366678374,0,0.2115631981585539,TRUE,193
P. falciparum,model6,15007,Belém,PA,2019,2,194,2363360,0.08462527926342157,0.008517061937388123,0.07610821732603346,0,0.16925055852684315,TRUE,193
P. falciparum,model6,15007,Belém,PA,2019,3,195,2363360,0,0.008646622082502215,-0.008646622082502215,0,0.16925055852684315,TRUE,193
P. falciparum,model6,15008,Castanhal,PA,2019,1,193,343919,0,0.001005064470686951,-0.001005064470686951,0,0,TRUE,193
P. falciparum,model6,15008,Castanhal,PA,2019,2,194,343919,0,6.245242667187136e-4,-6.245242667187136e-4,0,0,TRUE,193
P. falciparum,model6,15008,Castanhal,PA,2019,3,195,343919,0,5.265042952251002e-4,-5.265042952251002e-4,0,0,TRUE,193
P. falciparum,model6,15009,Salgado,PA,2019,1,193,271823,0,-0.001446963847921068,0.001446963847921068,0,0.367886455524367,TRUE,193
P. falciparum,model6,15009,Salgado,PA,2019,2,194,271823,0,0.0019404158266263622,-0.0019404158266263622,0,0.367886455524367,TRUE,193
P. falciparum,model6,15009,Salgado,PA,2019,3,195,271823,0,0.0016128825643678376,-0.0016128825643678376,0,0.367886455524367,TRUE,193
P. falciparum,model6,15010,Bragantina,PA,2019,1,193,424088,0,0.007749047751678459,-0.007749047751678459,0,0.235800116956858,TRUE,193
P. falciparum,model6,15010,Bragantina,PA,2019,2,194,424088,0,0.005592122407817955,-0.005592122407817955,0,0.235800116956858,TRUE,193
P. falciparum,model6,15010,Bragantina,PA,2019,3,195,424088,0,0.005925171427350076,-0.005925171427350076,0,0.235800116956858,TRUE,193
P. falciparum,model6,15011,Cametá,PA,2019,1,193,498315,0,0.018298556313035633,-0.018298556313035633,0,0.40135255812086734,TRUE,193
P. falciparum,model6,15011,Cametá,PA,2019,2,194,498315,0,0.017756683964674648,-0.017756683964674648,0,0.40135255812086734,TRUE,193
P. falciparum,model6,15011,Cametá,PA,2019,3,195,498315,0,0.015133371752835629,-0.015133371752835629,0,0.20067627906043367,TRUE,193
P. falciparum,model6,15012,Tomé-Açu,PA,2019,1,193,340789,0,0.01206400787566991,-0.01206400787566991,0,0.29343670130197863,TRUE,193
P. falciparum,model6,15012,Tomé-Açu,PA,2019,2,194,340789,0,0.008119178179830133,-0.008119178179830133,0,0.29343670130197863,TRUE,193
P. falciparum,model6,15012,Tomé-Açu,PA,2019,3,195,340789,0,0.007114162601871555,-0.007114162601871555,0,0.29343670130197863,TRUE,193
P. falciparum,model6,15013,Guamá,PA,2019,1,193,483723,0,0.023264940671251802,-0.023264940671251802,0,0.41345976933079465,TRUE,193
P. falciparum,model6,15013,Guamá,PA,2019,2,194,483723,0,0.02187824405022816,-0.02187824405022816,0,0.41345976933079465,TRUE,193
P. falciparum,model6,15013,Guamá,PA,2019,3,195,483723,0,0.023718056103956466,-0.023718056103956466,0,0.41345976933079465,TRUE,193
P. falciparum,model6,15014,Itaituba,PA,2019,1,193,221135,37.98584575033351,10.5238205828731,27.46202516746041,1.8088497976349287,87.08481244488658,TRUE,193
P. falciparum,model6,15014,Itaituba,PA,2019,2,194,221135,16.731860628123094,8.637556542995517,8.094304085127577,1.3566373482261966,75.11248784679039,TRUE,193
P. falciparum,model6,15014,Itaituba,PA,2019,3,195,221135,20.34956022339295,7.936201625579481,12.413358597813467,1.3566373482261966,69.0189250910077,TRUE,193
P. falciparum,model6,15015,Altamira,PA,2019,1,193,309141,0.32347698946435444,0.10724339052207504,0.2162335989422794,0,1.9408619367861266,TRUE,193
P. falciparum,model6,15015,Altamira,PA,2019,2,194,309141,0,0.0778183619436161,-0.0778183619436161,0,1.4637333773261965,TRUE,193
P. falciparum,model6,15015,Altamira,PA,2019,3,195,309141,0,0.06093181267374173,-0.06093181267374173,0,0.9704309683930633,TRUE,193
P. falciparum,model6,15016,Tucuruí,PA,2019,1,193,384726,0,0.09445989892436224,-0.09445989892436224,0,1.2996262274969719,TRUE,193
P. falciparum,model6,15016,Tucuruí,PA,2019,2,194,384726,0.25992524549939433,0.07062336986691364,0.1893018756324807,0,1.1761617358847536,TRUE,193
P. falciparum,model6,15016,Tucuruí,PA,2019,3,195,384726,0,0.05124371243617347,-0.05124371243617347,0,0.7797757364981831,TRUE,193
P. falciparum,model6,15017,Paragominas,PA,2019,1,193,349321,0,0.016983099306313563,-0.016983099306313563,0,0.5725392976660435,TRUE,193
P. falciparum,model6,15017,Paragominas,PA,2019,2,194,349321,0,0.014679198190838834,-0.014679198190838834,0,0.28626964883302175,TRUE,193
P. falciparum,model6,15017,Paragominas,PA,2019,3,195,349321,0,0.01240418660236767,-0.01240418660236767,0,0.28626964883302175,TRUE,193
P. falciparum,model6,15018,São Félix do Xingu,PA,2019,1,193,217674,1.8376103714729366,0.18102464389834197,1.6565857275745945,0,2.756415557209405,TRUE,193
P. falciparum,model6,15018,São Félix do Xingu,PA,2019,2,194,217674,0,0.14240243878002015,-0.14240243878002015,0,2.078796732728749,TRUE,193
P. falciparum,model6,15018,São Félix do Xingu,PA,2019,3,195,217674,2.2970129643411705,0.13215687381092125,2.1648560905302494,0,1.8376103714729366,FALSE,193
P. falciparum,model6,15019,Parauapebas,PA,2019,1,193,324525,0,0.05291127393317081,-0.05291127393317081,0,0.924428010168708,TRUE,193
P. falciparum,model6,15019,Parauapebas,PA,2019,2,194,324525,0,0.04294228408731251,-0.04294228408731251,0,0.924428010168708,TRUE,193
P. falciparum,model6,15019,Parauapebas,PA,2019,3,195,324525,0,0.03884247141963283,-0.03884247141963283,0,0.924428010168708,TRUE,193
P. falciparum,model6,15020,Marabá,PA,2019,1,193,333871,0.29951687927373144,0.0626492684007659,0.23686761087296554,0,0.8985506378211945,TRUE,193
P. falciparum,model6,15020,Marabá,PA,2019,2,194,333871,0,0.05058388280698518,-0.05058388280698518,0,0.8985506378211945,TRUE,193
P. falciparum,model6,15020,Marabá,PA,2019,3,195,333871,0,0.04327413487355964,-0.04327413487355964,0,0.5990337585474629,TRUE,193
P. falciparum,model6,15021,Redenção,PA,2019,1,193,196972,0,0.005279544159081874,-0.005279544159081874,0,0.507686371667039,TRUE,193
P. falciparum,model6,15021,Redenção,PA,2019,2,194,196972,0,0.005621475375646454,-0.005621475375646454,0,0.507686371667039,TRUE,193
P. falciparum,model6,15021,Redenção,PA,2019,3,195,196972,0,0.0057973118116155095,-0.0057973118116155095,0,0.507686371667039,TRUE,193
P. falciparum,model6,15022,Conceição do Araguaia,PA,2019,1,193,162434,0,0.005209298851383636,-0.005209298851383636,0,0.6156346577686937,TRUE,193
P. falciparum,model6,15022,Conceição do Araguaia,PA,2019,2,194,162434,0,0.005804821844779037,-0.005804821844779037,0,0.6156346577686937,TRUE,193
P. falciparum,model6,15022,Conceição do Araguaia,PA,2019,3,195,162434,0,0.005694672487868343,-0.005694672487868343,0,0.6156346577686937,TRUE,193
P. falciparum,model6,16001,Oiapoque,AP,2019,1,193,38387,7.8151457524682835,17.123651726598755,-9.308505974130473,0,180.52986688201662,TRUE,193
P. falciparum,model6,16001,Oiapoque,AP,2019,2,194,38387,0,12.611222503489339,-12.611222503489339,0,148.61802172610507,TRUE,193
P. falciparum,model6,16001,Oiapoque,AP,2019,3,195,38387,0,12.003071671507469,-12.003071671507469,0,141.19363326125986,TRUE,193
P. falciparum,model6,16002,Amapá,AP,2019,1,193,31544,3.17017499365965,2.5354130071309267,0.6347619865287233,0,30.195916814608097,TRUE,193
P. falciparum,model6,16002,Amapá,AP,2019,2,194,31544,0,2.187825161141163,-2.187825161141163,0,28.531574942936853,TRUE,193
P. falciparum,model6,16002,Amapá,AP,2019,3,195,31544,0,1.6094211834749,-1.6094211834749,0,19.0210499619579,TRUE,193
P. falciparum,model6,16003,Macapá,AP,2019,1,193,687827,4.652332635968056,4.506223297872826,0.14610933809523008,0.7269269743700087,37.88379926929299,TRUE,193
P. falciparum,model6,16003,Macapá,AP,2019,2,194,687827,18.46394514899822,4.362591573554986,14.101353575443234,0.7269269743700087,39.995522129837866,TRUE,193
P. falciparum,model6,16003,Macapá,AP,2019,3,195,687827,9.013894482188109,3.2007354905934355,5.813158991594673,0.8723123692440105,28.441017872226574,TRUE,193
P. falciparum,model6,16004,Mazagão,AP,2019,1,193,87973,23.870960408307095,13.41990356662776,10.451056841679335,1.136712400395576,122.4523433326132,TRUE,193
P. falciparum,model6,16004,Mazagão,AP,2019,2,194,87973,13.640548804746912,13.656929635708757,-0.01638083096184495,0,126.28874768394839,TRUE,193
P. falciparum,model6,16004,Mazagão,AP,2019,3,195,87973,9.093699203164608,12.072134720502296,-2.9784355173376884,1.6766507905834762,131.3755356757186,TRUE,193
P. falciparum,model6,17001,Bico do Papagaio,TO,2019,1,193,215893,0,0.0054544003542695875,-0.0054544003542695875,0,0.46319241476101586,TRUE,193
P. falciparum,model6,17001,Bico do Papagaio,TO,2019,2,194,215893,0,0.004716368923937936,-0.004716368923937936,0,0.46319241476101586,TRUE,193
P. falciparum,model6,17001,Bico do Papagaio,TO,2019,3,195,215893,0,0.004874514630756443,-0.004874514630756443,0,0.46319241476101586,TRUE,193
P. falciparum,model6,17002,Araguaína,TO,2019,1,193,319685,0,0.006840938255001422,-0.006840938255001422,0,0.3128079202965419,TRUE,193
P. falciparum,model6,17002,Araguaína,TO,2019,2,194,319685,0,0.005921391603817584,-0.005921391603817584,0,0.3128079202965419,TRUE,193
P. falciparum,model6,17002,Araguaína,TO,2019,3,195,319685,0,0.005232282362923549,-0.005232282362923549,0,0.3128079202965419,TRUE,193
P. falciparum,model6,17003,Miracema do Tocantins,TO,2019,1,193,149165,0,0.0026824346137536907,-0.0026824346137536907,0,0.6703985519391278,TRUE,193
P. falciparum,model6,17003,Miracema do Tocantins,TO,2019,2,194,149165,0,0.002613874477459285,-0.002613874477459285,0,0.35195923976802684,TRUE,193
P. falciparum,model6,17003,Miracema do Tocantins,TO,2019,3,195,149165,0,0.0027600072269258927,-0.0027600072269258927,0,0.6703985519391278,TRUE,193
P. falciparum,model6,17004,Rio Formoso,TO,2019,1,193,127871,0,0.0010883805402476532,-0.0010883805402476532,0,0,TRUE,193
P. falciparum,model6,17004,Rio Formoso,TO,2019,2,194,127871,0,8.552851741561292e-4,-8.552851741561292e-4,0,0,TRUE,193
P. falciparum,model6,17004,Rio Formoso,TO,2019,3,195,127871,0,8.37982718344216e-4,-8.37982718344216e-4,0,0,TRUE,193
P. falciparum,model6,17005,Gurupi,TO,2019,1,193,150776,0,2.956892527314463e-4,-2.956892527314463e-4,0,0,TRUE,193
P. falciparum,model6,17005,Gurupi,TO,2019,2,194,150776,0,2.0970879186878985e-4,-2.0970879186878985e-4,0,0,TRUE,193
P. falciparum,model6,17005,Gurupi,TO,2019,3,195,150776,0,1.7451535626470746e-4,-1.7451535626470746e-4,0,0,TRUE,193
P. falciparum,model6,17006,Porto Nacional,TO,2019,1,193,404882,0,0.0019867693201452872,-0.0019867693201452872,0,0.24698554146640256,TRUE,193
P. falciparum,model6,17006,Porto Nacional,TO,2019,2,194,404882,0,0.001547155306493149,-0.001547155306493149,0,0.24698554146640256,TRUE,193
P. falciparum,model6,17006,Porto Nacional,TO,2019,3,195,404882,0,0.001400131955104505,-0.001400131955104505,0,0.24698554146640256,TRUE,193
P. falciparum,model6,17007,Jalapão,TO,2019,1,193,80184,0,1.0789279680371254e-5,-1.0789279680371254e-5,0,0,TRUE,193
P. falciparum,model6,17007,Jalapão,TO,2019,2,194,80184,0,8.94286715189795e-6,-8.94286715189795e-6,0,0,TRUE,193
P. falciparum,model6,17007,Jalapão,TO,2019,3,195,80184,0,7.945374827215989e-6,-7.945374827215989e-6,0,0,TRUE,193
P. falciparum,model6,17008,Dianópolis,TO,2019,1,193,124410,0,1.954553020259828e-6,-1.954553020259828e-6,0,0,TRUE,193
P. falciparum,model6,17008,Dianópolis,TO,2019,2,194,124410,0,1.5998344857226675e-6,-1.5998344857226675e-6,0,0,TRUE,193
P. falciparum,model6,17008,Dianópolis,TO,2019,3,195,124410,0,1.4177779712285429e-6,-1.4177779712285429e-6,0,0,TRUE,193
P. falciparum,model6,21001,Litoral Ocidental Maranhense,MA,2019,1,193,191282,0,0.0045140952898983155,-0.0045140952898983155,0,0.5227883439110841,TRUE,193
P. falciparum,model6,21001,Litoral Ocidental Maranhense,MA,2019,2,194,191282,0,0.0034741682358081227,-0.0034741682358081227,0,0.5227883439110841,TRUE,193
P. falciparum,model6,21001,Litoral Ocidental Maranhense,MA,2019,3,195,191282,0,0.0037673465861018073,-0.0037673465861018073,0,0.5227883439110841,TRUE,193
P. falciparum,model6,21002,Aglomeração Urbana de São Luís,MA,2019,1,193,1432529,0,0.009474834285253819,-0.009474834285253819,0,0.13961322947039814,TRUE,193
P. falciparum,model6,21002,Aglomeração Urbana de São Luís,MA,2019,2,194,1432529,0,0.007905015448177531,-0.007905015448177531,0,0.13961322947039814,TRUE,193
P. falciparum,model6,21002,Aglomeração Urbana de São Luís,MA,2019,3,195,1432529,0,0.007180583439192487,-0.007180583439192487,0,0.13961322947039814,TRUE,193
P. falciparum,model6,21003,Rosário,MA,2019,1,193,178491,0,0.0013695223635314634,-0.0013695223635314634,0,0.5602523376528789,TRUE,193
P. falciparum,model6,21003,Rosário,MA,2019,2,194,178491,0,9.058733799546978e-4,-9.058733799546978e-4,0,0,TRUE,193
P. falciparum,model6,21003,Rosário,MA,2019,3,195,178491,0,6.957739894248432e-4,-6.957739894248432e-4,0,0,TRUE,193
P. falciparum,model6,21004,Lençóis Maranhenses,MA,2019,1,193,197301,0,0.0023995551802202565,-0.0023995551802202565,0,0.5068398031434205,TRUE,193
P. falciparum,model6,21004,Lençóis Maranhenses,MA,2019,2,194,197301,0,0.0016434878370525446,-0.0016434878370525446,0,0.26609089665028424,TRUE,193
P. falciparum,model6,21004,Lençóis Maranhenses,MA,2019,3,195,197301,0,0.0013752046628088186,-0.0013752046628088186,0,0.26609089665028424,TRUE,193
P. falciparum,model6,21005,Baixada Maranhense,MA,2019,1,193,604575,0.3308109002191622,0.03026257860173849,0.30054832161742373,0,0.4962163503287433,TRUE,193
P. falciparum,model6,21005,Baixada Maranhense,MA,2019,2,194,604575,0,0.024239088776758743,-0.024239088776758743,0,0.3308109002191622,TRUE,193
P. falciparum,model6,21005,Baixada Maranhense,MA,2019,3,195,604575,0,0.022004301573340233,-0.022004301573340233,0,0.3308109002191622,TRUE,193
P. falciparum,model6,21006,Itapecuru Mirim,MA,2019,1,193,236106,0,0.0015464727724166006,-0.0015464727724166006,0,0,TRUE,193
P. falciparum,model6,21006,Itapecuru Mirim,MA,2019,2,194,236106,0,0.00147724378967244,-0.00147724378967244,0,0.42353858012926393,TRUE,193
P. falciparum,model6,21006,Itapecuru Mirim,MA,2019,3,195,236106,0,0.0016120187303494801,-0.0016120187303494801,0,0.42353858012926393,TRUE,193
P. falciparum,model6,21007,Gurupi,MA,2019,1,193,241976,0,0.03277600322168755,-0.03277600322168755,0,0.8265282507356101,TRUE,193
P. falciparum,model6,21007,Gurupi,MA,2019,2,194,241976,0,0.0312957871903841,-0.0312957871903841,0,0.41326412536780505,TRUE,193
P. falciparum,model6,21007,Gurupi,MA,2019,3,195,241976,0.41326412536780505,0.039657410047931003,0.37360671531987405,0,0.8265282507356101,TRUE,193
P. falciparum,model6,21008,Pindaré,MA,2019,1,193,666083,0.15013144007578635,0.27786697347406336,-0.127735533398277,0,3.6031545618188727,TRUE,193
P. falciparum,model6,21008,Pindaré,MA,2019,2,194,666083,0.15013144007578635,0.24248401157850596,-0.09235257150271961,0,3.160266813595296,TRUE,193
P. falciparum,model6,21008,Pindaré,MA,2019,3,195,666083,0,0.24169741580612575,-0.24169741580612575,0,2.9313163674797247,TRUE,193
P. falciparum,model6,21009,Imperatriz,MA,2019,1,193,600199,0,0.04798082197447713,-0.04798082197447713,0,0.7539166176551406,TRUE,193
P. falciparum,model6,21009,Imperatriz,MA,2019,2,194,600199,0,0.03969709427877313,-0.03969709427877313,0,0.666445628866426,TRUE,193
P. falciparum,model6,21009,Imperatriz,MA,2019,3,195,600199,0.1666114072166065,0.035837194375717626,0.13077421284088886,0,0.4998342216498195,TRUE,193
P. falciparum,model6,21010,Médio Mearim,MA,2019,1,193,424583,0,0.21683870264262686,-0.21683870264262686,0,3.061827722730302,TRUE,193
P. falciparum,model6,21010,Médio Mearim,MA,2019,2,194,424583,0,0.22791041662341963,-0.22791041662341963,0,2.7144280388051283,TRUE,193
P. falciparum,model6,21010,Médio Mearim,MA,2019,3,195,424583,0,0.3029183809721283,-0.3029183809721283,0,3.297352932171095,TRUE,193
P. falciparum,model6,21011,Alto Mearim e Grajaú,MA,2019,1,193,336315,0,0.18819120454584373,-0.18819120454584373,0,2.3787223287691597,TRUE,193
P. falciparum,model6,21011,Alto Mearim e Grajaú,MA,2019,2,194,336315,0,0.1624698555369446,-0.1624698555369446,0,2.081382037673015,TRUE,193
P. falciparum,model6,21011,Alto Mearim e Grajaú,MA,2019,3,195,336315,0,0.14660990198810656,-0.14660990198810656,0,2.081382037673015,TRUE,193
P. falciparum,model6,21012,Presidente Dutra,MA,2019,1,193,199535,0.5011652091111836,0.09601628956253995,0.4051489195486436,0,1.5034956273335505,TRUE,193
P. falciparum,model6,21012,Presidente Dutra,MA,2019,2,194,199535,0,0.10181593605484558,-0.10181593605484558,0,1.5034956273335505,TRUE,193
P. falciparum,model6,21012,Presidente Dutra,MA,2019,3,195,199535,0,0.12667065528057583,-0.12667065528057583,0,2.0046608364447343,TRUE,193
P. falciparum,model6,21013,Baixo Parnaíba Maranhense,MA,2019,1,193,146372,0,0.007499147943216426,-0.007499147943216426,0,0.6831907741917853,TRUE,193
P. falciparum,model6,21013,Baixo Parnaíba Maranhense,MA,2019,2,194,146372,0,0.005220403285903675,-0.005220403285903675,0,0.6831907741917853,TRUE,193
P. falciparum,model6,21013,Baixo Parnaíba Maranhense,MA,2019,3,195,146372,0,0.004387337819762083,-0.004387337819762083,0,0.6831907741917853,TRUE,193
P. falciparum,model6,21014,Chapadinha,MA,2019,1,193,245029,0,0.002108607558551025,-0.002108607558551025,0,0.4081149578213191,TRUE,193
P. falciparum,model6,21014,Chapadinha,MA,2019,2,194,245029,0,0.0017793954289239853,-0.0017793954289239853,0,0,TRUE,193
P. falciparum,model6,21014,Chapadinha,MA,2019,3,195,245029,0,0.0015992658468907397,-0.0015992658468907397,0,0.4081149578213191,TRUE,193
P. falciparum,model6,21015,Codó,MA,2019,1,193,278462,0,0.002895501413694515,-0.002895501413694515,0,0.3591154268805079,TRUE,193
P. falciparum,model6,21015,Codó,MA,2019,2,194,278462,0,0.00258277599367369,-0.00258277599367369,0,0.3591154268805079,TRUE,193
P. falciparum,model6,21015,Codó,MA,2019,3,195,278462,0,0.002716047517063199,-0.002716047517063199,0,0.3591154268805079,TRUE,193
P. falciparum,model6,21016,Coelho Neto,MA,2019,1,193,93840,0,0.004028178358021244,-0.004028178358021244,0,1.0656436487638534,TRUE,193
P. falciparum,model6,21016,Coelho Neto,MA,2019,2,194,93840,0,0.0032624187658654223,-0.0032624187658654223,0,0,TRUE,193
P. falciparum,model6,21016,Coelho Neto,MA,2019,3,195,93840,0,0.002695716786621103,-0.002695716786621103,0,0,TRUE,193
P. falciparum,model6,21017,Caxias,MA,2019,1,193,445103,0,0.002788069475902221,-0.002788069475902221,0,0.2246670995252784,TRUE,193
P. falciparum,model6,21017,Caxias,MA,2019,2,194,445103,0,0.0030738983579523364,-0.0030738983579523364,0,0.2246670995252784,TRUE,193
P. falciparum,model6,21017,Caxias,MA,2019,3,195,445103,0,0.00397801368995044,-0.00397801368995044,0,0.2246670995252784,TRUE,193
P. falciparum,model6,21018,Chapadas do Alto Itapecuru,MA,2019,1,193,221411,0,0.015386847173030408,-0.015386847173030408,0,0.4516487437390193,TRUE,193
P. falciparum,model6,21018,Chapadas do Alto Itapecuru,MA,2019,2,194,221411,0,0.016351600543265628,-0.016351600543265628,0,0.4516487437390193,TRUE,193
P. falciparum,model6,21018,Chapadas do Alto Itapecuru,MA,2019,3,195,221411,0,0.020288021550964066,-0.020288021550964066,0,0.4516487437390193,TRUE,193
P. falciparum,model6,21019,Porto Franco,MA,2019,1,193,120372,0,0.005300303623356297,-0.005300303623356297,0,0.8307579835842224,TRUE,193
P. falciparum,model6,21019,Porto Franco,MA,2019,2,194,120372,0,0.00344603149035163,-0.00344603149035163,0,0.8307579835842224,TRUE,193
P. falciparum,model6,21019,Porto Franco,MA,2019,3,195,120372,0,0.0025352458272935,-0.0025352458272935,0,0.8307579835842224,TRUE,193
P. falciparum,model6,21020,Gerais de Balsas,MA,2019,1,193,143297,0,0.0015654906375875638,-0.0015654906375875638,0,0,TRUE,193
P. falciparum,model6,21020,Gerais de Balsas,MA,2019,2,194,143297,0,0.0014482556749148595,-0.0014482556749148595,0,0.3663719407942785,TRUE,193
P. falciparum,model6,21020,Gerais de Balsas,MA,2019,3,195,143297,0,0.0014181224897409455,-0.0014181224897409455,0,0.6978513157986559,TRUE,193
P. falciparum,model6,21021,Chapadas das Mangabeiras,MA,2019,1,193,72320,0,8.377014545318004e-5,-8.377014545318004e-5,0,0,TRUE,193
P. falciparum,model6,21021,Chapadas das Mangabeiras,MA,2019,2,194,72320,0,6.746562663252001e-5,-6.746562663252001e-5,0,0,TRUE,193
P. falciparum,model6,21021,Chapadas das Mangabeiras,MA,2019,3,195,72320,0,6.367117328929878e-5,-6.367117328929878e-5,0,0,TRUE,193
P. falciparum,model6,51001,Aripuanã,MT,2019,1,193,169973,1.1766574691274496,0.34128680212408097,0.8353706670033687,0,3.8388449930282906,TRUE,193
P. falciparum,model6,51001,Aripuanã,MT,2019,2,194,169973,1.7649862036911745,0.2706133525801835,1.494372851110991,0,3.529972407382349,TRUE,193
P. falciparum,model6,51001,Aripuanã,MT,2019,3,195,169973,3.529972407382349,0.2763416720522715,3.2536307353300775,0,3.529972407382349,TRUE,193
P. falciparum,model6,51002,Alta Floresta,MT,2019,1,193,107911,0,0.14463130769973703,-0.14463130769973703,0,2.7800687603673397,TRUE,193
P. falciparum,model6,51002,Alta Floresta,MT,2019,2,194,107911,0,0.09925421832022019,-0.09925421832022019,0,1.8533791735782266,TRUE,193
P. falciparum,model6,51002,Alta Floresta,MT,2019,3,195,107911,0,0.0744540280522645,-0.0744540280522645,0,0.9266895867891133,TRUE,193
P. falciparum,model6,51003,Colíder,MT,2019,1,193,156947,0,0.16688465903503405,-0.16688465903503405,0,1.9114732999037891,TRUE,193
P. falciparum,model6,51003,Colíder,MT,2019,2,194,156947,0,0.12659474475489377,-0.12659474475489377,0,1.9114732999037891,TRUE,193
P. falciparum,model6,51003,Colíder,MT,2019,3,195,156947,0,0.10542194981851676,-0.10542194981851676,0,1.274315533269193,TRUE,193
P. falciparum,model6,51004,Parecis,MT,2019,1,193,110936,0,0.010442123415250984,-0.010442123415250984,0,0.9014206389269489,TRUE,193
P. falciparum,model6,51004,Parecis,MT,2019,2,194,110936,0.9014206389269489,0.013092607745567461,0.8883280311813815,0,0.9014206389269489,TRUE,193
P. falciparum,model6,51004,Parecis,MT,2019,3,195,110936,0.9014206389269489,0.018773317459122574,0.8826473214678263,0,1.3746664743635766,TRUE,193
P. falciparum,model6,51005,Arinos,MT,2019,1,193,83182,0,0.0052198442157998706,-0.0052198442157998706,0,1.2021831646269625,TRUE,193
P. falciparum,model6,51005,Arinos,MT,2019,2,194,83182,0,0.003708868569134865,-0.003708868569134865,0,0,TRUE,193
P. falciparum,model6,51005,Arinos,MT,2019,3,195,83182,0,0.0036055475684074116,-0.0036055475684074116,0,1.2021831646269625,TRUE,193
P. falciparum,model6,51006,Alto Teles Pires,MT,2019,1,193,260081,0,0.05176837914821788,-0.05176837914821788,0,0.7689911988957285,TRUE,193
P. falciparum,model6,51006,Alto Teles Pires,MT,2019,2,194,260081,0,0.030829545111656555,-0.030829545111656555,0,0.7689911988957285,TRUE,193
P. falciparum,model6,51006,Alto Teles Pires,MT,2019,3,195,260081,0,0.018441514769960247,-0.018441514769960247,0,0.38449559944786427,TRUE,193
P. falciparum,model6,51007,Sinop,MT,2019,1,193,206715,0.4837578308298866,0.007116115760495474,0.4766417150693911,0,0.4837578308298866,TRUE,193
P. falciparum,model6,51007,Sinop,MT,2019,2,194,206715,0,0.005739819926868704,-0.005739819926868704,0,0.4837578308298866,TRUE,193
P. falciparum,model6,51007,Sinop,MT,2019,3,195,206715,0,0.005142929885911236,-0.005142929885911236,0,0.4837578308298866,TRUE,193
P. falciparum,model6,51008,Paranatinga,MT,2019,1,193,36702,0,3.23441905445409e-4,-3.23441905445409e-4,0,0,TRUE,193
P. falciparum,model6,51008,Paranatinga,MT,2019,2,194,36702,0,2.8527193063630746e-4,-2.8527193063630746e-4,0,0,TRUE,193
P. falciparum,model6,51008,Paranatinga,MT,2019,3,195,36702,0,2.692876366410082e-4,-2.692876366410082e-4,0,0,TRUE,193
P. falciparum,model6,51009,Norte Araguaia,MT,2019,1,193,132443,0,3.6489710333762165e-4,-3.6489710333762165e-4,0,0,TRUE,193
P. falciparum,model6,51009,Norte Araguaia,MT,2019,2,194,132443,0,2.9097795755402483e-4,-2.9097795755402483e-4,0,0,TRUE,193
P. falciparum,model6,51009,Norte Araguaia,MT,2019,3,195,132443,0,2.463620102456704e-4,-2.463620102456704e-4,0,0,TRUE,193
P. falciparum,model6,51010,Canarana,MT,2019,1,193,116230,0,2.4431553005682585e-4,-2.4431553005682585e-4,0,0,TRUE,193
P. falciparum,model6,51010,Canarana,MT,2019,2,194,116230,0,2.0290259886836828e-4,-2.0290259886836828e-4,0,0,TRUE,193
P. falciparum,model6,51010,Canarana,MT,2019,3,195,116230,0,2.022115493020468e-4,-2.022115493020468e-4,0,0,TRUE,193
P. falciparum,model6,51011,Médio Araguaia,MT,2019,1,193,69812,0,5.2661131350690935e-6,-5.2661131350690935e-6,0,0,TRUE,193
P. falciparum,model6,51011,Médio Araguaia,MT,2019,2,194,69812,0,4.271264181487763e-6,-4.271264181487763e-6,0,0,TRUE,193
P. falciparum,model6,51011,Médio Araguaia,MT,2019,3,195,69812,0,3.9413255760899815e-6,-3.9413255760899815e-6,0,0,TRUE,193
P. falciparum,model6,51012,Alto Guaporé,MT,2019,1,193,75369,0,0.007681384516653613,-0.007681384516653613,0,1.3268054505167908,TRUE,193
P. falciparum,model6,51012,Alto Guaporé,MT,2019,2,194,75369,0,0.006927702339057965,-0.006927702339057965,0,1.3268054505167908,TRUE,193
P. falciparum,model6,51012,Alto Guaporé,MT,2019,3,195,75369,0,0.0070399703266832,-0.0070399703266832,0,1.3268054505167908,TRUE,193
P. falciparum,model6,51013,Tangará da Serra,MT,2019,1,193,171442,0,0.004888854353602861,-0.004888854353602861,0,0.5832876424680067,TRUE,193
P. falciparum,model6,51013,Tangará da Serra,MT,2019,2,194,171442,0,0.00428175488389683,-0.00428175488389683,0,0.5832876424680067,TRUE,193
P. falciparum,model6,51013,Tangará da Serra,MT,2019,3,195,171442,0,0.004379314838205571,-0.004379314838205571,0,0.5832876424680067,TRUE,193
P. falciparum,model6,51014,Jauru,MT,2019,1,193,110923,0,0.0011694297603973478,-0.0011694297603973478,0,0,TRUE,193
P. falciparum,model6,51014,Jauru,MT,2019,2,194,110923,0,9.324331004053929e-4,-9.324331004053929e-4,0,0,TRUE,193
P. falciparum,model6,51014,Jauru,MT,2019,3,195,110923,0,9.14536299418578e-4,-9.14536299418578e-4,0,0,TRUE,193
P. falciparum,model6,51015,Alto Paraguai,MT,2019,1,193,33376,0,0.0015825347511268235,-0.0015825347511268235,0,0,TRUE,193
P. falciparum,model6,51015,Alto Paraguai,MT,2019,2,194,33376,0,0.0014470992630810074,-0.0014470992630810074,0,0,TRUE,193
P. falciparum,model6,51015,Alto Paraguai,MT,2019,3,195,33376,0,0.0014946255357827407,-0.0014946255357827407,0,0,TRUE,193
P. falciparum,model6,51016,Rosário Oeste,MT,2019,1,193,30959,0,9.399385355030681e-4,-9.399385355030681e-4,0,0,TRUE,193
P. falciparum,model6,51016,Rosário Oeste,MT,2019,2,194,30959,0,7.015652022751815e-4,-7.015652022751815e-4,0,0,TRUE,193
P. falciparum,model6,51016,Rosário Oeste,MT,2019,3,195,30959,0,6.783333354057134e-4,-6.783333354057134e-4,0,0,TRUE,193
P. falciparum,model6,51017,Cuiabá,MT,2019,1,193,947114,0,0.012999663321677603,-0.012999663321677603,0,0.31675173210405505,TRUE,193
P. falciparum,model6,51017,Cuiabá,MT,2019,2,194,947114,0,0.009471372402249505,-0.009471372402249505,0,0.2111678214027034,TRUE,193
P. falciparum,model6,51017,Cuiabá,MT,2019,3,195,947114,0,0.008810146264854615,-0.008810146264854615,0,0.2111678214027034,TRUE,193
P. falciparum,model6,51018,Alto Pantanal,MT,2019,1,193,141002,0,9.977881360830076e-4,-9.977881360830076e-4,0,0,TRUE,193
P. falciparum,model6,51018,Alto Pantanal,MT,2019,2,194,141002,0,7.433272639619233e-4,-7.433272639619233e-4,0,0,TRUE,193
P. falciparum,model6,51018,Alto Pantanal,MT,2019,3,195,141002,0,6.065184992473922e-4,-6.065184992473922e-4,0,0,TRUE,193
P. falciparum,model6,51019,Primavera do Leste,MT,2019,1,193,106060,0,3.5596986586854134e-4,-3.5596986586854134e-4,0,0,TRUE,193
P. falciparum,model6,51019,Primavera do Leste,MT,2019,2,194,106060,0,2.9177025487948515e-4,-2.9177025487948515e-4,0,0,TRUE,193
P. falciparum,model6,51019,Primavera do Leste,MT,2019,3,195,106060,0,2.815084566085042e-4,-2.815084566085042e-4,0,0,TRUE,193
P. falciparum,model6,51020,Tesouro,MT,2019,1,193,55941,0,0.0015209522812598569,-0.0015209522812598569,0,0,TRUE,193
P. falciparum,model6,51020,Tesouro,MT,2019,2,194,55941,0,0.0012666684920839772,-0.0012666684920839772,0,0,TRUE,193
P. falciparum,model6,51020,Tesouro,MT,2019,3,195,55941,0,0.001186097548451301,-0.001186097548451301,0,0,TRUE,193
P. falciparum,model6,51021,Rondonópolis,MT,2019,1,193,319427,0.6261211481809615,3.149798818843058e-4,0.6258061682990772,0,0,FALSE,193
P. falciparum,model6,51021,Rondonópolis,MT,2019,2,194,319427,0,2.2240331834512766e-4,-2.2240331834512766e-4,0,0,TRUE,193
P. falciparum,model6,51021,Rondonópolis,MT,2019,3,195,319427,0,1.747202765024088e-4,-1.747202765024088e-4,0,0,TRUE,193
P. falciparum,model6,51022,Alto Araguaia,MT,2019,1,193,41921,0,1.4522537108542603e-5,-1.4522537108542603e-5,0,0,TRUE,193
P. falciparum,model6,51022,Alto Araguaia,MT,2019,2,194,41921,0,1.2906439980998691e-5,-1.2906439980998691e-5,0,0,TRUE,193
P. falciparum,model6,51022,Alto Araguaia,MT,2019,3,195,41921,0,1.3314124834071264e-5,-1.3314124834071264e-5,0,0,TRUE,193
P. falciparum,model6,11001,Porto Velho,RO,2020,1,205,689580,12.181327764726355,8.423619980748153,3.7577077839782014,2.175237100843992,69.91937121146177,TRUE,205
P. falciparum,model6,11001,Porto Velho,RO,2020,2,206,689580,9.135995823544766,6.875573903482536,2.26042192006223,2.175237100843992,55.52292699904272,TRUE,205
P. falciparum,model6,11001,Porto Velho,RO,2020,3,207,689580,9.86107485715943,7.465763717814485,2.395311139344945,1.8090721888685868,59.561617216276545,TRUE,205
P. falciparum,model6,11002,Guajará-Mirim,RO,2020,1,205,86035,0,0.1957570698431401,-0.1957570698431401,0,3.4869529842505957,TRUE,205
P. falciparum,model6,11002,Guajará-Mirim,RO,2020,2,206,86035,0,0.15668329168231282,-0.15668329168231282,0,2.32463532283373,TRUE,205
P. falciparum,model6,11002,Guajará-Mirim,RO,2020,3,207,86035,0,0.17338713113775692,-0.17338713113775692,0,2.934852095077558,TRUE,205
P. falciparum,model6,11003,Ariquemes,RO,2020,1,205,209694,5.722624395547798,6.34786592840301,-0.6252415328552123,0,64.04570469350564,TRUE,205
P. falciparum,model6,11003,Ariquemes,RO,2020,2,206,209694,6.676395128139098,4.952255489144438,1.72413963899466,0.47688536629564987,47.98658998349971,TRUE,205
P. falciparum,model6,11003,Ariquemes,RO,2020,3,207,209694,8.583936593321697,4.7715975087212845,3.8123390846004126,0.47688536629564987,49.19072553339621,TRUE,205
P. falciparum,model6,11004,Ji-Paraná,RO,2020,1,205,293651,1.362161204967802,0.5445642705890511,0.8175969343787509,0,6.649049381749075,TRUE,205
P. falciparum,model6,11004,Ji-Paraná,RO,2020,2,206,293651,1.7027015062097524,0.3771935600259413,1.325507946183811,0,4.086483614903406,TRUE,205
P. falciparum,model6,11004,Ji-Paraná,RO,2020,3,207,293651,0.3405403012419505,0.43321266689242716,-0.09267236565047665,0,5.108104518629258,TRUE,205
P. falciparum,model6,11005,Alvorada D'Oeste,RO,2020,1,205,69523,0,0.12934354095324896,-0.12934354095324896,0,2.876745825122621,TRUE,205
P. falciparum,model6,11005,Alvorada D'Oeste,RO,2020,2,206,69523,0,0.09277771960526729,-0.09277771960526729,0,1.4383729125613105,TRUE,205
P. falciparum,model6,11005,Alvorada D'Oeste,RO,2020,3,207,69523,1.4383729125613105,0.08691659549285234,1.3514563170684581,0,2.193518691655966,TRUE,205
P. falciparum,model6,11006,Cacoal,RO,2020,1,205,237069,0,0.2532450989583853,-0.2532450989583853,0,2.530908722776913,TRUE,205
P. falciparum,model6,11006,Cacoal,RO,2020,2,206,237069,0,0.18685947455101468,-0.18685947455101468,0,2.1090906023140943,TRUE,205
P. falciparum,model6,11006,Cacoal,RO,2020,3,207,237069,0,0.20721640055178878,-0.20721640055178878,0,2.1090906023140943,TRUE,205
P. falciparum,model6,11007,Vilhena,RO,2020,1,205,164604,0,0.09964821909480837,-0.09964821909480837,0,1.8225559524677406,TRUE,205
P. falciparum,model6,11007,Vilhena,RO,2020,2,206,164604,0,0.07338627743267612,-0.07338627743267612,0,1.2150373016451606,TRUE,205
P. falciparum,model6,11007,Vilhena,RO,2020,3,207,164604,0,0.08467985312289697,-0.08467985312289697,0,1.8225559524677406,TRUE,205
P. falciparum,model6,11008,Colorado do Oeste,RO,2020,1,205,46304,0,0.17550007143645144,-0.17550007143645144,0,4.319281271596406,TRUE,205
P. falciparum,model6,11008,Colorado do Oeste,RO,2020,2,206,46304,0,0.13290823442601207,-0.13290823442601207,0,4.319281271596406,TRUE,205
P. falciparum,model6,11008,Colorado do Oeste,RO,2020,3,207,46304,0,0.14629896836689704,-0.14629896836689704,0,4.319281271596406,TRUE,205
P. falciparum,model6,12001,Cruzeiro do Sul,AC,2020,1,205,159274,187.7268104022,129.66717831341498,58.05963208878501,45.80157464495147,1329.9408566369898,TRUE,205
P. falciparum,model6,12001,Cruzeiro do Sul,AC,2020,2,206,159274,199.02808995818526,97.67194776410979,101.35614219407547,32.19295051295253,1053.4833054986996,TRUE,205
P. falciparum,model6,12001,Cruzeiro do Sul,AC,2020,3,207,159274,194.63314790863544,89.10856335357391,105.52458455506152,30.733201903637756,981.4847369941107,TRUE,205
P. falciparum,model6,12002,Tarauacá,AC,2020,1,205,86508,0,1.6496787904402992,-1.6496787904402992,0,20.258242012299416,TRUE,205
P. falciparum,model6,12002,Tarauacá,AC,2020,2,206,86508,0,1.1323401736599104,-1.1323401736599104,0,13.871549452073797,TRUE,205
P. falciparum,model6,12002,Tarauacá,AC,2020,3,207,86508,0,1.0681407842231416,-1.0681407842231416,0,14.478429740602,TRUE,205
P. falciparum,model6,12003,Sena Madureira,AC,2020,1,205,62809,0,0.1764279726283716,-0.1764279726283716,0,3.184257033227722,TRUE,205
P. falciparum,model6,12003,Sena Madureira,AC,2020,2,206,62809,0,0.15217968936075651,-0.15217968936075651,0,3.184257033227722,TRUE,205
P. falciparum,model6,12003,Sena Madureira,AC,2020,3,207,62809,0,0.15232699812469022,-0.15232699812469022,0,3.184257033227722,TRUE,205
P. falciparum,model6,12004,Rio Branco,AC,2020,1,205,513351,3.506372832623293,2.589198857583847,0.9171739750394456,0.482126264485703,28.542848850007104,TRUE,205
P. falciparum,model6,12004,Rio Branco,AC,2020,2,206,513351,7.012745665246586,1.8784693367720862,5.134276328474499,0,17.254276313867106,TRUE,205
P. falciparum,model6,12004,Rio Branco,AC,2020,3,207,513351,6.038753211740116,1.9745974882747688,4.064155723465348,0.09252928308311495,20.21521337252674,TRUE,205
P. falciparum,model6,12005,Brasiléia,AC,2020,1,205,72528,1.3787778513125966,0.1879937373372826,1.190784113975314,0,4.8601919258768715,TRUE,205
P. falciparum,model6,12005,Brasiléia,AC,2020,2,206,72528,0,0.11443040223893526,-0.11443040223893526,0,2.757555702625193,TRUE,205
P. falciparum,model6,12005,Brasiléia,AC,2020,3,207,72528,0,0.08483949763103533,-0.08483949763103533,0,2.757555702625193,TRUE,205
P. falciparum,model6,13001,Rio Negro,AM,2020,1,205,119734,333.2386790719428,183.03183453625533,150.20684453568745,71.38740875607596,1843.9206908647443,TRUE,205
P. falciparum,model6,13001,Rio Negro,AM,2020,2,206,119734,302.33684667680023,162.44089753343758,139.89594914336266,60.53000818480966,1630.9068435030972,TRUE,205
P. falciparum,model6,13001,Rio Negro,AM,2020,3,207,119734,376.668281357008,179.22608341117527,197.44219794583276,68.84009554512502,1959.1552942355547,TRUE,205
P. falciparum,model6,13002,Japurá,AM,2020,1,205,20512,160.8814352574103,42.9624722025575,117.91896305485278,0,463.874804992199,TRUE,205
P. falciparum,model6,13002,Japurá,AM,2020,2,206,20512,112.12948517940718,38.37018762998856,73.75929754941862,0,475.6971528861152,TRUE,205
P. falciparum,model6,13002,Japurá,AM,2020,3,207,20512,92.62870514820594,47.71207144583299,44.91663370237295,0,593.433112324492,TRUE,205
P. falciparum,model6,13003,Alto Solimões,AM,2020,1,205,254355,11.008236519824655,11.893522466570346,-0.8852859467456913,2.7520591299561636,105.10900119911136,TRUE,205
P. falciparum,model6,13003,Alto Solimões,AM,2020,2,206,254355,12.580841736942462,15.244396611934581,-2.663554874992119,4.11825991232726,134.14322502014895,TRUE,205
P. falciparum,model6,13003,Alto Solimões,AM,2020,3,207,254355,12.580841736942462,18.711049034321018,-6.130207297378556,4.11825991232726,169.8610210139372,TRUE,205
P. falciparum,model6,13004,Juruá,AM,2020,1,205,154894,17.431275582010922,9.697703682607807,7.733571899403115,1.2912055986674758,87.52759951967147,TRUE,205
P. falciparum,model6,13004,Juruá,AM,2020,2,206,154894,45.192195953361654,9.308775438890665,35.88342051447099,0.9522641290172642,86.94655700027106,TRUE,205
P. falciparum,model6,13004,Juruá,AM,2020,3,207,154894,52.29382674603277,11.488682409200955,40.805144336831816,1.9368083980012138,113.99731429235472,TRUE,205
P. falciparum,model6,13005,Tefé,AM,2020,1,205,89457,0,2.8459519197761463,-2.8459519197761463,0,33.64745073051847,TRUE,205
P. falciparum,model6,13005,Tefé,AM,2020,2,206,89457,6.7071330359837695,2.5092908071491586,4.197842228834611,0,27.415406284583632,TRUE,205
P. falciparum,model6,13005,Tefé,AM,2020,3,207,89457,4.471422023989179,3.124532808035177,1.3468892159540022,0,42.00342063784827,TRUE,205
P. falciparum,model6,13006,Coari,AM,2020,1,205,183887,4.350497860098865,1.6549749153914128,2.6955229447074522,0,17.97299428453341,TRUE,205
P. falciparum,model6,13006,Coari,AM,2020,2,206,183887,6.525746790148299,1.8199264430332598,4.705820347115039,0,19.862741792513866,TRUE,205
P. falciparum,model6,13006,Coari,AM,2020,3,207,183887,7.069559022660656,2.175990334031973,4.893568688628683,0,18.231305094976793,TRUE,205
P. falciparum,model6,13007,Manaus,AM,2020,1,205,2509626,0.2390794484915282,0.27504833289559616,-0.03596888440406795,0,2.4933994148928935,TRUE,205
P. falciparum,model6,13007,Manaus,AM,2020,2,206,2509626,0.3586191727372923,0.22345059762536568,0.13516857511192665,0,1.9126355879322257,TRUE,205
P. falciparum,model6,13007,Manaus,AM,2020,3,207,2509626,0.3586191727372923,0.22290766910159782,0.1357115036356945,0,1.9126355879322257,TRUE,205
P. falciparum,model6,13008,Rio Preto da Eva,AM,2020,1,205,71299,0,0.25519591610243747,-0.25519591610243747,0,4.207632645619153,TRUE,205
P. falciparum,model6,13008,Rio Preto da Eva,AM,2020,2,206,71299,0,0.18472234526765893,-0.18472234526765893,0,4.207632645619153,TRUE,205
P. falciparum,model6,13008,Rio Preto da Eva,AM,2020,3,207,71299,0,0.15911642894024264,-0.15911642894024264,0,2.8050884304127686,TRUE,205
P. falciparum,model6,13009,Itacoatiara,AM,2020,1,205,182772,0,0.06122172078879681,-0.06122172078879681,0,1.0942595145864793,TRUE,205
P. falciparum,model6,13009,Itacoatiara,AM,2020,2,206,182772,0,0.04643164621488084,-0.04643164621488084,0,1.0942595145864793,TRUE,205
P. falciparum,model6,13009,Itacoatiara,AM,2020,3,207,182772,0.5471297572932396,0.04309223873173709,0.5040375185615026,0,1.0942595145864793,TRUE,205
P. falciparum,model6,13010,Parintins,AM,2020,1,205,284437,6.328290623231155,2.1003873533354636,4.227903269895691,0,18.83545389664493,TRUE,205
P. falciparum,model6,13010,Parintins,AM,2020,2,206,284437,3.515717012906197,1.659563733383257,1.85615327952294,0,15.117583155496648,TRUE,205
P. falciparum,model6,13010,Parintins,AM,2020,3,207,284437,5.9767189219405354,1.4065237363366891,4.570195185603846,0,11.953437843881071,TRUE,205
P. falciparum,model6,13011,Boca do Acre,AM,2020,1,205,54157,44.31560093801355,11.027001225295198,33.28859971271835,0,88.72352604464788,TRUE,205
P. falciparum,model6,13011,Boca do Acre,AM,2020,2,206,54157,22.157800469006776,7.9932105713365775,14.164589897670199,0,71.22809609099458,TRUE,205
P. falciparum,model6,13011,Boca do Acre,AM,2020,3,207,54157,20.311317096589544,8.900953793824245,11.4103633027653,0,68.31988477943756,TRUE,205
P. falciparum,model6,13012,Purus,AM,2020,1,205,79704,11.29177958446251,5.321848201407438,5.969931383055072,0,46.01400180668453,TRUE,205
P. falciparum,model6,13012,Purus,AM,2020,2,206,79704,22.58355916892502,5.23108042419483,17.352478744730192,0,50.1856870420556,TRUE,205
P. falciparum,model6,13012,Purus,AM,2020,3,207,79704,33.87533875338753,6.751047313851905,27.124291439535625,0,74.74530763826148,TRUE,205
P. falciparum,model6,13013,Madeira,AM,2020,1,205,202880,2.4645110410094637,4.083477732863356,-1.6189666918538923,0,33.54199526813878,TRUE,205
P. falciparum,model6,13013,Madeira,AM,2020,2,206,202880,0.9858044164037856,3.8335798355185657,-2.84777541911478,0,33.02444794952682,TRUE,205
P. falciparum,model6,13013,Madeira,AM,2020,3,207,202880,2.4645110410094637,4.3520050440196805,-1.8874940030102167,0,36.05579652996839,TRUE,205
P. falciparum,model6,14001,Boa Vista,RR,2020,1,205,467130,38.105024297304816,15.403228732164555,22.70179556514026,3.955001819621947,116.35947166741582,TRUE,205
P. falciparum,model6,14001,Boa Vista,RR,2020,2,206,467130,35.964292595209045,12.209005000164922,23.755287595044123,2.3548048723053543,92.14779611671261,TRUE,205
P. falciparum,model6,14001,Boa Vista,RR,2020,3,207,467130,55.4449510842806,12.746994487872632,42.69795659640797,2.873932310063581,104.04491255110987,TRUE,205
P. falciparum,model6,14002,Nordeste de Roraima,RR,2020,1,205,53677,9.314976619408686,1.8575949053725465,7.457381714036139,0,21.47102110773698,TRUE,205
P. falciparum,model6,14002,Nordeste de Roraima,RR,2020,2,206,53677,16.766957914935634,1.6126393073743006,15.154318607561335,0,17.745030459973506,TRUE,205
P. falciparum,model6,14002,Nordeste de Roraima,RR,2020,3,207,53677,18.62995323881737,1.4697339986145133,17.16021924020286,0,18.62995323881737,TRUE,205
P. falciparum,model6,14003,Caracaraí,RR,2020,1,205,52751,43.60106917404409,6.456419882236199,37.144649291807895,0,63.553297567818575,TRUE,205
P. falciparum,model6,14003,Caracaraí,RR,2020,2,206,52751,3.791397319482095,5.387701665829632,-1.5963043463475373,0,53.07956247274933,TRUE,205
P. falciparum,model6,14003,Caracaraí,RR,2020,3,207,52751,34.12257587533886,5.7207715077929695,28.401804367545893,0,50.28340694963124,TRUE,205
P. falciparum,model6,14004,Sudeste de Roraima,RR,2020,1,205,57623,8.677090745015011,6.999058735258981,1.6780320097560306,0,73.79865678635264,TRUE,205
P. falciparum,model6,14004,Sudeste de Roraima,RR,2020,2,206,57623,1.7354181490030023,5.804488192780753,-4.069070043777751,0,66.94375509779069,TRUE,205
P. falciparum,model6,14004,Sudeste de Roraima,RR,2020,3,207,57623,1.7354181490030023,5.199939297775753,-3.464521148772751,0,57.268798917099076,TRUE,205
P. falciparum,model6,15001,Óbidos,PA,2020,1,205,211269,0,0.08360230142840797,-0.08360230142840797,0,1.4199906280618548,TRUE,205
P. falciparum,model6,15001,Óbidos,PA,2020,2,206,211269,0,0.06296171187567937,-0.06296171187567937,0,0.9466604187079032,TRUE,205
P. falciparum,model6,15001,Óbidos,PA,2020,3,207,211269,0,0.06138267733523825,-0.06138267733523825,0,0.9466604187079032,TRUE,205
P. falciparum,model6,15002,Santarém,PA,2020,1,205,531849,0.18802329232545326,0.747969618739261,-0.5599463264138078,0,7.05557404451263,TRUE,205
P. falciparum,model6,15002,Santarém,PA,2020,2,206,531849,0.18802329232545326,0.6860370339348262,-0.49801374160937295,0,6.204768646739958,TRUE,205
P. falciparum,model6,15002,Santarém,PA,2020,3,207,531849,0.3760465846509065,0.6681022214259423,-0.2920556367750358,0,7.718356149959848,TRUE,205
P. falciparum,model6,15003,Almeirim,PA,2020,1,205,75877,0,0.2948095132648742,-0.2948095132648742,0,5.271689708343767,TRUE,205
P. falciparum,model6,15003,Almeirim,PA,2020,2,206,75877,0,0.24960028704770387,-0.24960028704770387,0,3.953767281257825,TRUE,205
P. falciparum,model6,15003,Almeirim,PA,2020,3,207,75877,0,0.21105832571424074,-0.21105832571424074,0,3.953767281257825,TRUE,205
P. falciparum,model6,15004,Portel,PA,2020,1,205,155915,0.6413751082320495,0.01850043782398268,0.6228746704080668,0,0.6413751082320495,TRUE,205
P. falciparum,model6,15004,Portel,PA,2020,2,206,155915,0,0.022063761732077445,-0.022063761732077445,0,0.6413751082320495,TRUE,205
P. falciparum,model6,15004,Portel,PA,2020,3,207,155915,0,0.028341834650098215,-0.028341834650098215,0,0.6413751082320495,TRUE,205
P. falciparum,model6,15005,Furos de Breves,PA,2020,1,205,234720,25.988411724608046,10.591789984717831,15.396621739890215,1.9065269256987056,116.54311520109044,TRUE,205
P. falciparum,model6,15005,Furos de Breves,PA,2020,2,206,234720,25.56237218813906,9.932615874816788,15.629756313322273,1.9065269256987056,104.65661213360576,TRUE,205
P. falciparum,model6,15005,Furos de Breves,PA,2020,3,207,234720,21.301976823449216,10.10081639348429,11.201160429964926,2.1088957055214737,96.18907634628482,TRUE,205
P. falciparum,model6,15006,Arari,PA,2020,1,205,180421,1.1085184097194893,0.10982996552059879,0.9986884441988906,0,1.6627776145792341,TRUE,205
P. falciparum,model6,15006,Arari,PA,2020,2,206,180421,0.5542592048597447,0.15861323612510525,0.3956459687346394,0,3.062282106850077,TRUE,205
P. falciparum,model6,15006,Arari,PA,2020,3,207,180421,2.7712960242987235,0.2028286302785163,2.568467394020207,0,3.062282106850077,TRUE,205
P. falciparum,model6,15007,Belém,PA,2020,1,205,2381117,0,0.017090865883255483,-0.017090865883255483,0,0.2519825779245623,TRUE,205
P. falciparum,model6,15007,Belém,PA,2020,2,206,2381117,0.04199709632076038,0.014657837307967858,0.02733925901279252,0,0.23203395717220016,TRUE,205
P. falciparum,model6,15007,Belém,PA,2020,3,207,2381117,0.08399419264152076,0.01346687308674215,0.07052731955477862,0,0.16798838528304152,TRUE,205
P. falciparum,model6,15008,Castanhal,PA,2020,1,205,348294,0,9.503950923212876e-4,-9.503950923212876e-4,0,0.28711376021407203,TRUE,205
P. falciparum,model6,15008,Castanhal,PA,2020,2,206,348294,0.28711376021407203,6.742410190860152e-4,0.286439519194986,0,0.28711376021407203,TRUE,205
P. falciparum,model6,15008,Castanhal,PA,2020,3,207,348294,0,5.078839404203231e-4,-5.078839404203231e-4,0,0,TRUE,205
P. falciparum,model6,15009,Salgado,PA,2020,1,205,273785,0,0.004928757530740325,-0.004928757530740325,0,0.3652501050094052,TRUE,205
P. falciparum,model6,15009,Salgado,PA,2020,2,206,273785,0,0.003464903174051597,-0.003464903174051597,0,0.3652501050094052,TRUE,205
P. falciparum,model6,15009,Salgado,PA,2020,3,207,273785,0,0.0025482063984051517,-0.0025482063984051517,0,0.3652501050094052,TRUE,205
P. falciparum,model6,15010,Bragantina,PA,2020,1,205,427450,0,0.0029783541791295466,-0.0029783541791295466,0,0.23394549070066675,TRUE,205
P. falciparum,model6,15010,Bragantina,PA,2020,2,206,427450,0,0.0025120252838244676,-0.0025120252838244676,0,0.23394549070066675,TRUE,205
P. falciparum,model6,15010,Bragantina,PA,2020,3,207,427450,0,0.002419200743910863,-0.002419200743910863,0,0.23394549070066675,TRUE,205
P. falciparum,model6,15011,Cametá,PA,2020,1,205,503601,0,0.009854402027994707,-0.009854402027994707,0,0.1985698995832018,TRUE,205
P. falciparum,model6,15011,Cametá,PA,2020,2,206,503601,0,0.00955372041661212,-0.00955372041661212,0,0.3028190968643782,TRUE,205
P. falciparum,model6,15011,Cametá,PA,2020,3,207,503601,0,0.007887740873579269,-0.007887740873579269,0,0.1985698995832018,TRUE,205
P. falciparum,model6,15012,Tomé-Açu,PA,2020,1,205,345631,0,0.01511743236474956,-0.01511743236474956,0,0.5786517991731066,TRUE,205
P. falciparum,model6,15012,Tomé-Açu,PA,2020,2,206,345631,0.5786517991731066,0.01019406136759119,0.5684577378055155,0,0.2893258995865533,FALSE,205
P. falciparum,model6,15012,Tomé-Açu,PA,2020,3,207,345631,0,0.008830355538952029,-0.008830355538952029,0,0.2893258995865533,TRUE,205
P. falciparum,model6,15013,Guamá,PA,2020,1,205,488143,0.20485800267544552,0.02247874972841929,0.18237925294702623,0,0.5172664567554952,TRUE,205
P. falciparum,model6,15013,Guamá,PA,2020,2,206,488143,0,0.022631779733104127,-0.022631779733104127,0,0.6145740080263365,TRUE,205
P. falciparum,model6,15013,Guamá,PA,2020,3,207,488143,0,0.022273697476019566,-0.022273697476019566,0,0.6145740080263365,TRUE,205
P. falciparum,model6,15014,Itaituba,PA,2020,1,205,221823,13.07348651853054,13.199022632240782,-0.12553611371024154,3.155669159645303,142.5235435459803,TRUE,205
P. falciparum,model6,15014,Itaituba,PA,2020,2,206,221823,27.04859279695974,10.83123954213657,16.217353254823166,1.352429639847987,110.13285367162094,TRUE,205
P. falciparum,model6,15014,Itaituba,PA,2020,3,207,221823,13.52429639847987,10.018661844349399,3.50563455413047,1.352429639847987,116.35403001492136,TRUE,205
P. falciparum,model6,15015,Altamira,PA,2020,1,205,312142,0.3203670124494621,0.20342065497591666,0.11694635747354543,0,3.051495793581119,TRUE,205
P. falciparum,model6,15015,Altamira,PA,2020,2,206,312142,0.3203670124494621,0.15654083191216667,0.16382618053729542,0,2.2425690871462347,TRUE,205
P. falciparum,model6,15015,Altamira,PA,2020,3,207,312142,0.9611010373483863,0.11134924273853919,0.8497517946098471,0,1.6018350622473103,TRUE,205
P. falciparum,model6,15016,Tucuruí,PA,2020,1,205,389741,0,0.11970382411178389,-0.11970382411178389,0,2.052645218234674,TRUE,205
P. falciparum,model6,15016,Tucuruí,PA,2020,2,206,389741,0.25658065227933424,0.08613050565078378,0.17045014662855046,0,1.5394839136760052,TRUE,205
P. falciparum,model6,15016,Tucuruí,PA,2020,3,207,389741,0.25658065227933424,0.06697561912334268,0.18960503315599156,0,1.1610274515639816,TRUE,205
P. falciparum,model6,15017,Paragominas,PA,2020,1,205,354221,0,0.040408423393426124,-0.040408423393426124,0,0.5646192631153997,TRUE,205
P. falciparum,model6,15017,Paragominas,PA,2020,2,206,354221,0.28230963155769984,0.039507919609163986,0.24280171194853584,0,0.28230963155769984,TRUE,205
P. falciparum,model6,15017,Paragominas,PA,2020,3,207,354221,0,0.029174822109870456,-0.029174822109870456,0,0.28230963155769984,TRUE,205
P. falciparum,model6,15018,São Félix do Xingu,PA,2020,1,205,222632,14.373495274713429,0.8394035261244218,13.534091748589008,0,9.21924970354665,FALSE,205
P. falciparum,model6,15018,São Félix do Xingu,PA,2020,2,206,222632,4.4917172733479465,0.6611773708810139,3.8305399024669327,0,6.288404182687125,TRUE,205
P. falciparum,model6,15018,São Félix do Xingu,PA,2020,3,207,222632,1.7966869093391786,0.5667977695181056,1.229889139821073,0,6.310862769053843,TRUE,205
P. falciparum,model6,15019,Parauapebas,PA,2020,1,205,331080,0,0.025680990347416756,-0.025680990347416756,0,0.3020418025854778,TRUE,205
P. falciparum,model6,15019,Parauapebas,PA,2020,2,206,331080,0.3020418025854778,0.02106777663382615,0.28097402595165166,0,0.4606137489428468,TRUE,205
P. falciparum,model6,15019,Parauapebas,PA,2020,3,207,331080,0,0.018741228377602656,-0.018741228377602656,0,0.3020418025854778,TRUE,205
P. falciparum,model6,15020,Marabá,PA,2020,1,205,338296,0,0.06182935146670166,-0.06182935146670166,0,0.8867973608910541,TRUE,205
P. falciparum,model6,15020,Marabá,PA,2020,2,206,338296,0.295599120297018,0.049431605455439565,0.24616751484157845,0,0.8867973608910541,TRUE,205
P. falciparum,model6,15020,Marabá,PA,2020,3,207,338296,0,0.04465866576587847,-0.04465866576587847,0,0.8867973608910541,TRUE,205
P. falciparum,model6,15021,Redenção,PA,2020,1,205,197953,0,0.004305748803480666,-0.004305748803480666,0,0.505170419240931,TRUE,205
P. falciparum,model6,15021,Redenção,PA,2020,2,206,197953,0,0.004431516868584689,-0.004431516868584689,0,0.505170419240931,TRUE,205
P. falciparum,model6,15021,Redenção,PA,2020,3,207,197953,0,0.004697590130298772,-0.004697590130298772,0,0.505170419240931,TRUE,205
P. falciparum,model6,15022,Conceição do Araguaia,PA,2020,1,205,164785,0,0.00467365288863819,-0.00467365288863819,0,0.606851351761386,TRUE,205
P. falciparum,model6,15022,Conceição do Araguaia,PA,2020,2,206,164785,0,0.00519545263980452,-0.00519545263980452,0,0.606851351761386,TRUE,205
P. falciparum,model6,15022,Conceição do Araguaia,PA,2020,3,207,164785,0,0.00513790864626399,-0.00513790864626399,0,0.606851351761386,TRUE,205
P. falciparum,model6,16001,Oiapoque,AP,2020,1,205,39212,2.550239722533918,2.9915274263001956,-0.4412877037662777,0,38.25359583800877,TRUE,205
P. falciparum,model6,16001,Oiapoque,AP,2020,2,206,39212,20.401917780271344,2.148565148951407,18.253352631319938,0,28.0526369478731,TRUE,205
P. falciparum,model6,16001,Oiapoque,AP,2020,3,207,39212,0,1.9828861026709936,-1.9828861026709936,0,22.952157502805264,TRUE,205
P. falciparum,model6,16002,Amapá,AP,2020,1,205,32202,3.1053971802993603,1.1642226959552697,1.9411744843440906,0,15.526985901496802,TRUE,205
P. falciparum,model6,16002,Amapá,AP,2020,2,206,32202,0,1.0102531425613501,-1.0102531425613501,0,21.737780262095523,TRUE,205
P. falciparum,model6,16002,Amapá,AP,2020,3,207,32202,0,0.6936696729017016,-0.6936696729017016,0,12.421588721197441,TRUE,205
P. falciparum,model6,16003,Macapá,AP,2020,1,205,700690,7.135823259929499,6.298089037913209,0.83773422201629,2.06582083374959,49.611811214659824,TRUE,205
P. falciparum,model6,16003,Macapá,AP,2020,2,206,700690,3.282478699567569,6.0917814826327135,-2.8093027830651445,1.3522385077566401,54.77814725484875,TRUE,205
P. falciparum,model6,16003,Macapá,AP,2020,3,207,700690,2.7116128387732092,4.24176556193242,-1.5301527231592105,1.2095220425580502,36.95286075154485,TRUE,205
P. falciparum,model6,16004,Mazagão,AP,2020,1,205,89669,3.3456378458553124,5.276064063305253,-1.930426217449941,0,50.24032831859389,TRUE,205
P. falciparum,model6,16004,Mazagão,AP,2020,2,206,89669,1.115212615285104,5.2272631274895165,-4.112050512204412,0,56.34611738727986,TRUE,205
P. falciparum,model6,16004,Mazagão,AP,2020,3,207,89669,6.691275691710625,4.3992310449052,2.292044646805425,0,45.77947785745347,TRUE,205
P. falciparum,model6,17001,Bico do Papagaio,TO,2020,1,205,217560,0,0.06961177533786432,-0.06961177533786432,0,0.7009560580989048,TRUE,205
P. falciparum,model6,17001,Bico do Papagaio,TO,2020,2,206,217560,0,0.059817121210317827,-0.059817121210317827,0,0.45964331678617393,TRUE,205
P. falciparum,model6,17001,Bico do Papagaio,TO,2020,3,207,217560,0,0.06054214639979221,-0.06054214639979221,0,0.7009560580989048,TRUE,205
P. falciparum,model6,17002,Araguaína,TO,2020,1,205,323491,0,0.014110734209063839,-0.014110734209063839,0,0.30912761096908414,TRUE,205
P. falciparum,model6,17002,Araguaína,TO,2020,2,206,323491,0,0.011790546614398278,-0.011790546614398278,0,0.30912761096908414,TRUE,205
P. falciparum,model6,17002,Araguaína,TO,2020,3,207,323491,0,0.010705360255564796,-0.010705360255564796,0,0.30912761096908414,TRUE,205
P. falciparum,model6,17003,Miracema do Tocantins,TO,2020,1,205,149583,0,0.0013941391103781276,-0.0013941391103781276,0,0,TRUE,205
P. falciparum,model6,17003,Miracema do Tocantins,TO,2020,2,206,149583,0,0.0014141861747006814,-0.0014141861747006814,0,0,TRUE,205
P. falciparum,model6,17003,Miracema do Tocantins,TO,2020,3,207,149583,0,0.0014784795003828157,-0.0014784795003828157,0,0,TRUE,205
P. falciparum,model6,17004,Rio Formoso,TO,2020,1,205,128892,0,0.001019949159187629,-0.001019949159187629,0,0,TRUE,205
P. falciparum,model6,17004,Rio Formoso,TO,2020,2,206,128892,0,8.368258595700222e-4,-8.368258595700222e-4,0,0,TRUE,205
P. falciparum,model6,17004,Rio Formoso,TO,2020,3,207,128892,0,7.939650851577939e-4,-7.939650851577939e-4,0,0,TRUE,205
P. falciparum,model6,17005,Gurupi,TO,2020,1,205,151930,0,3.512385448395932e-4,-3.512385448395932e-4,0,0,TRUE,205
P. falciparum,model6,17005,Gurupi,TO,2020,2,206,151930,0,2.633656639942582e-4,-2.633656639942582e-4,0,0,TRUE,205
P. falciparum,model6,17005,Gurupi,TO,2020,3,207,151930,0,2.205648704056531e-4,-2.205648704056531e-4,0,0,TRUE,205
P. falciparum,model6,17006,Porto Nacional,TO,2020,1,205,413057,0.24209733765557778,0.004750199839969364,0.23734713781560843,0,0.24209733765557778,TRUE,205
P. falciparum,model6,17006,Porto Nacional,TO,2020,2,206,413057,0,0.001145905329629259,-0.001145905329629259,0,0.24209733765557778,TRUE,205
P. falciparum,model6,17006,Porto Nacional,TO,2020,3,207,413057,0,0.0010831615250645624,-0.0010831615250645624,0,0.24209733765557778,TRUE,205
P. falciparum,model6,17007,Jalapão,TO,2020,1,205,80915,0,1.035538973214361e-5,-1.035538973214361e-5,0,0,TRUE,205
P. falciparum,model6,17007,Jalapão,TO,2020,2,206,80915,0,8.602615396979716e-6,-8.602615396979716e-6,0,0,TRUE,205
P. falciparum,model6,17007,Jalapão,TO,2020,3,207,80915,0,7.86749979740431e-6,-7.86749979740431e-6,0,0,TRUE,205
P. falciparum,model6,17008,Dianópolis,TO,2020,1,205,124820,0,2.2689415321247314e-6,-2.2689415321247314e-6,0,0,TRUE,205
P. falciparum,model6,17008,Dianópolis,TO,2020,2,206,124820,0,1.9197226281432133e-6,-1.9197226281432133e-6,0,0,TRUE,205
P. falciparum,model6,17008,Dianópolis,TO,2020,3,207,124820,0,1.735151956082097e-6,-1.735151956082097e-6,0,0,TRUE,205
P. falciparum,model6,21001,Litoral Ocidental Maranhense,MA,2020,1,205,191685,0,0.0026305657517000434,-0.0026305657517000434,0,0.5216892297258523,TRUE,205
P. falciparum,model6,21001,Litoral Ocidental Maranhense,MA,2020,2,206,191685,0,0.002274972566763078,-0.002274972566763078,0,0.2738868456060606,TRUE,205
P. falciparum,model6,21001,Litoral Ocidental Maranhense,MA,2020,3,207,191685,0,0.002072879354205092,-0.002072879354205092,0,0.2738868456060606,TRUE,205
P. falciparum,model6,21002,Aglomeração Urbana de São Luís,MA,2020,1,205,1442927,0,0.005233854923037137,-0.005233854923037137,0,0.13860715060429252,TRUE,205
P. falciparum,model6,21002,Aglomeração Urbana de São Luís,MA,2020,2,206,1442927,0,0.00468566878646628,-0.00468566878646628,0,0.06930357530214626,TRUE,205
P. falciparum,model6,21002,Aglomeração Urbana de São Luís,MA,2020,3,207,1442927,0,0.004463861579825343,-0.004463861579825343,0,0.06930357530214626,TRUE,205
P. falciparum,model6,21003,Rosário,MA,2020,1,205,179884,0,9.630664606472274e-4,-9.630664606472274e-4,0,0,TRUE,205
P. falciparum,model6,21003,Rosário,MA,2020,2,206,179884,0,6.711070269960755e-4,-6.711070269960755e-4,0,0,TRUE,205
P. falciparum,model6,21003,Rosário,MA,2020,3,207,179884,0,5.341518919836232e-4,-5.341518919836232e-4,0,0,TRUE,205
P. falciparum,model6,21004,Lençóis Maranhenses,MA,2020,1,205,199178,0,0.0012696071281423815,-0.0012696071281423815,0,0,TRUE,205
P. falciparum,model6,21004,Lençóis Maranhenses,MA,2020,2,206,199178,0,9.026567570299723e-4,-9.026567570299723e-4,0,0,TRUE,205
P. falciparum,model6,21004,Lençóis Maranhenses,MA,2020,3,207,199178,0,7.454929386341665e-4,-7.454929386341665e-4,0,0,TRUE,205
P. falciparum,model6,21005,Baixada Maranhense,MA,2020,1,205,608061,0,0.02452727656926039,-0.02452727656926039,0,0.41525439059567665,TRUE,205
P. falciparum,model6,21005,Baixada Maranhense,MA,2020,2,206,608061,0,0.019871955947477205,-0.019871955947477205,0,0.3289143687886577,TRUE,205
P. falciparum,model6,21005,Baixada Maranhense,MA,2020,3,207,608061,0.4933715531829866,0.018158878937972512,0.47521267424501407,0,0.3289143687886577,FALSE,205
P. falciparum,model6,21006,Itapecuru Mirim,MA,2020,1,205,238418,0,0.0011178929182306778,-0.0011178929182306778,0,0,TRUE,205
P. falciparum,model6,21006,Itapecuru Mirim,MA,2020,2,206,238418,0,0.0011123377902097747,-0.0011123377902097747,0,0.41943141876871715,TRUE,205
P. falciparum,model6,21006,Itapecuru Mirim,MA,2020,3,207,238418,0,0.001270676176188806,-0.001270676176188806,0,0.41943141876871715,TRUE,205
P. falciparum,model6,21007,Gurupi,MA,2020,1,205,243679,0,0.07573272516245733,-0.07573272516245733,0,1.2311278362107527,TRUE,205
P. falciparum,model6,21007,Gurupi,MA,2020,2,206,243679,0,0.07786552505774343,-0.07786552505774343,0,1.2311278362107527,TRUE,205
P. falciparum,model6,21007,Gurupi,MA,2020,3,207,243679,0,0.09413546557395247,-0.09413546557395247,0,1.2311278362107527,TRUE,205
P. falciparum,model6,21008,Pindaré,MA,2020,1,205,669222,0.8965634722110152,0.15454437671590163,0.7420190954951136,0,1.7931269444220304,TRUE,205
P. falciparum,model6,21008,Pindaré,MA,2020,2,206,669222,0.2988544907370051,0.14308858318511827,0.15576590755188682,0,1.7221490028719881,TRUE,205
P. falciparum,model6,21008,Pindaré,MA,2020,3,207,669222,0.4482817361055076,0.1352488372801286,0.313032898825379,0,1.8005983066904485,TRUE,205
P. falciparum,model6,21009,Imperatriz,MA,2020,1,205,602537,0.3319298233967375,0.03213521632888738,0.2997946070678501,0,0.4978947350951062,TRUE,205
P. falciparum,model6,21009,Imperatriz,MA,2020,2,206,602537,0,0.02697673628109863,-0.02697673628109863,0,0.4978947350951062,TRUE,205
P. falciparum,model6,21009,Imperatriz,MA,2020,3,207,602537,0.16596491169836874,0.024519660438561377,0.14144525125980736,0,0.4978947350951062,TRUE,205
P. falciparum,model6,21010,Médio Mearim,MA,2020,1,205,424432,0.2356090021487541,0.12209610327210814,0.11351289887664597,0,1.6492630150412788,TRUE,205
P. falciparum,model6,21010,Médio Mearim,MA,2020,2,206,424432,0,0.12802726136319284,-0.12802726136319284,0,1.8848720171900328,TRUE,205
P. falciparum,model6,21010,Médio Mearim,MA,2020,3,207,424432,0,0.16286011433054928,-0.16286011433054928,0,2.120481019338787,TRUE,205
P. falciparum,model6,21011,Alto Mearim e Grajaú,MA,2020,1,205,338308,0,0.0893643834993056,-0.0893643834993056,0,1.4779431760407677,TRUE,205
P. falciparum,model6,21011,Alto Mearim e Grajaú,MA,2020,2,206,338308,0,0.07882036884677984,-0.07882036884677984,0,1.4779431760407677,TRUE,205
P. falciparum,model6,21011,Alto Mearim e Grajaú,MA,2020,3,207,338308,0,0.06997768648674692,-0.06997768648674692,0,1.1823545408326142,TRUE,205
P. falciparum,model6,21012,Presidente Dutra,MA,2020,1,205,200027,0,0.04948197044583511,-0.04948197044583511,0,0.9998650182225399,TRUE,205
P. falciparum,model6,21012,Presidente Dutra,MA,2020,2,206,200027,0,0.051407428881600964,-0.051407428881600964,0,0.9998650182225399,TRUE,205
P. falciparum,model6,21012,Presidente Dutra,MA,2020,3,207,200027,0,0.06298863112051716,-0.06298863112051716,0,1.2623295855059453,TRUE,205
P. falciparum,model6,21013,Baixo Parnaíba Maranhense,MA,2020,1,205,147430,0.6782880010852608,0.004907203247535736,0.6733807978377251,0,0.6782880010852608,TRUE,205
P. falciparum,model6,21013,Baixo Parnaíba Maranhense,MA,2020,2,206,147430,0,0.003470264805863506,-0.003470264805863506,0,0.6782880010852608,TRUE,205
P. falciparum,model6,21013,Baixo Parnaíba Maranhense,MA,2020,3,207,147430,0,0.0027958014149477416,-0.0027958014149477416,0,0,TRUE,205
P. falciparum,model6,21014,Chapadinha,MA,2020,1,205,246702,0,0.004556544164894437,-0.004556544164894437,0,0.4053473421374776,TRUE,205
P. falciparum,model6,21014,Chapadinha,MA,2020,2,206,246702,0,0.003862676302700028,-0.003862676302700028,0,0.4053473421374776,TRUE,205
P. falciparum,model6,21014,Chapadinha,MA,2020,3,207,246702,0,0.003543369228022853,-0.003543369228022853,0,0.4053473421374776,TRUE,205
P. falciparum,model6,21015,Codó,MA,2020,1,205,280000,0.35714285714285715,0.0019669825024061656,0.355175874640451,0,0.35714285714285715,TRUE,205
P. falciparum,model6,21015,Codó,MA,2020,2,206,280000,0,0.0017929226357529901,-0.0017929226357529901,0,0.35714285714285715,TRUE,205
P. falciparum,model6,21015,Codó,MA,2020,3,207,280000,0,0.0018189697012365089,-0.0018189697012365089,0,0.35714285714285715,TRUE,205
P. falciparum,model6,21016,Coelho Neto,MA,2020,1,205,94357,0,0.0026952443902672728,-0.0026952443902672728,0,1.0598047839587947,TRUE,205
P. falciparum,model6,21016,Coelho Neto,MA,2020,2,206,94357,0,0.002148432482405508,-0.002148432482405508,0,0,TRUE,205
P. falciparum,model6,21016,Coelho Neto,MA,2020,3,207,94357,0,0.0018695100080039424,-0.0018695100080039424,0,0,TRUE,205
P. falciparum,model6,21017,Caxias,MA,2020,1,205,447282,0,0.0012406766285193024,-0.0012406766285193024,0,0,TRUE,205
P. falciparum,model6,21017,Caxias,MA,2020,2,206,447282,0,0.0013946929799445885,-0.0013946929799445885,0,0.22357260073063528,TRUE,205
P. falciparum,model6,21017,Caxias,MA,2020,3,207,447282,0,0.0017421087477274167,-0.0017421087477274167,0,0.22357260073063528,TRUE,205
P. falciparum,model6,21018,Chapadas do Alto Itapecuru,MA,2020,1,205,222247,0,0.013415939674881331,-0.013415939674881331,0,0.44994983059388877,TRUE,205
P. falciparum,model6,21018,Chapadas do Alto Itapecuru,MA,2020,2,206,222247,0,0.014191169906181618,-0.014191169906181618,0,0.44994983059388877,TRUE,205
P. falciparum,model6,21018,Chapadas do Alto Itapecuru,MA,2020,3,207,222247,0,0.017282704491847045,-0.017282704491847045,0,0.44994983059388877,TRUE,205
P. falciparum,model6,21019,Porto Franco,MA,2020,1,205,121114,0,0.004449001682041497,-0.004449001682041497,0,0.8256683785524381,TRUE,205
P. falciparum,model6,21019,Porto Franco,MA,2020,2,206,121114,0,0.00285415201530827,-0.00285415201530827,0,0.8256683785524381,TRUE,205
P. falciparum,model6,21019,Porto Franco,MA,2020,3,207,121114,0,0.0020420654715674644,-0.0020420654715674644,0,0,TRUE,205
P. falciparum,model6,21020,Gerais de Balsas,MA,2020,1,205,144541,0,0.0048378284805597,-0.0048378284805597,0,0.691845220387295,TRUE,205
P. falciparum,model6,21020,Gerais de Balsas,MA,2020,2,206,144541,0,0.004223862822467669,-0.004223862822467669,0,0.691845220387295,TRUE,205
P. falciparum,model6,21020,Gerais de Balsas,MA,2020,3,207,144541,0,0.0039944466975249645,-0.0039944466975249645,0,0.691845220387295,TRUE,205
P. falciparum,model6,21021,Chapadas das Mangabeiras,MA,2020,1,205,72567,0,7.74474559893108e-5,-7.74474559893108e-5,0,0,TRUE,205
P. falciparum,model6,21021,Chapadas das Mangabeiras,MA,2020,2,206,72567,0,5.964304565607082e-5,-5.964304565607082e-5,0,0,TRUE,205
P. falciparum,model6,21021,Chapadas das Mangabeiras,MA,2020,3,207,72567,0,5.61395700517842e-5,-5.61395700517842e-5,0,0,TRUE,205
P. falciparum,model6,51001,Aripuanã,MT,2020,1,205,173174,0.577453890306859,4.259220496453124,-3.681766606146265,0,36.10530449143634,TRUE,205
P. falciparum,model6,51001,Aripuanã,MT,2020,2,206,173174,6.351992793375449,3.2991390092100294,3.0528537841654195,0,29.175857807754035,TRUE,205
P. falciparum,model6,51001,Aripuanã,MT,2020,3,207,173174,2.8872694515342947,3.199403351631561,-0.31213390009726627,0,28.87269451534295,TRUE,205
P. falciparum,model6,51002,Alta Floresta,MT,2020,1,205,108647,0,0.07330978554004183,-0.07330978554004183,0,1.8408239528012738,TRUE,205
P. falciparum,model6,51002,Alta Floresta,MT,2020,2,206,108647,0,0.04983859064290498,-0.04983859064290498,0,1.8408239528012738,TRUE,205
P. falciparum,model6,51002,Alta Floresta,MT,2020,3,207,108647,0,0.037126229732993045,-0.037126229732993045,0,0.9204119764006369,TRUE,205
P. falciparum,model6,51003,Colíder,MT,2020,1,205,158041,0,0.09333898310651072,-0.09333898310651072,0,1.2654943970235573,TRUE,205
P. falciparum,model6,51003,Colíder,MT,2020,2,206,158041,0,0.06998813543177446,-0.06998813543177446,0,1.2654943970235573,TRUE,205
P. falciparum,model6,51003,Colíder,MT,2020,3,207,158041,0,0.059666625960372977,-0.059666625960372977,0,1.2654943970235573,TRUE,205
P. falciparum,model6,51004,Parecis,MT,2020,1,205,113087,0.8842749387639606,0.10556682825478617,0.7787081105091744,0,1.7685498775279211,TRUE,205
P. falciparum,model6,51004,Parecis,MT,2020,2,206,113087,0,0.128261782129446,-0.128261782129446,0,2.6528248162918815,TRUE,205
P. falciparum,model6,51004,Parecis,MT,2020,3,207,113087,0,0.19061546729865247,-0.19061546729865247,0,3.5370997550558423,TRUE,205
P. falciparum,model6,51005,Arinos,MT,2020,1,205,83825,0,0.004845994567918327,-0.004845994567918327,0,1.1929615269907545,TRUE,205
P. falciparum,model6,51005,Arinos,MT,2020,2,206,83825,0,0.003422933355380313,-0.003422933355380313,0,0,TRUE,205
P. falciparum,model6,51005,Arinos,MT,2020,3,207,83825,0,0.0032618890698575442,-0.0032618890698575442,0,0,TRUE,205
P. falciparum,model6,51006,Alto Teles Pires,MT,2020,1,205,267191,0,0.05072309778061695,-0.05072309778061695,0,0.7485282064141382,TRUE,205
P. falciparum,model6,51006,Alto Teles Pires,MT,2020,2,206,267191,0,0.0296415670976541,-0.0296415670976541,0,0.7485282064141382,TRUE,205
P. falciparum,model6,51006,Alto Teles Pires,MT,2020,3,207,267191,0,0.017952269189046566,-0.017952269189046566,0,0.3742641032070691,TRUE,205
P. falciparum,model6,51007,Sinop,MT,2020,1,205,209969,0,0.07833929073017926,-0.07833929073017926,0,0.4762607813534379,TRUE,205
P. falciparum,model6,51007,Sinop,MT,2020,2,206,209969,0,0.06730535041434414,-0.06730535041434414,0,0.4762607813534379,TRUE,205
P. falciparum,model6,51007,Sinop,MT,2020,3,207,209969,0,0.08355357226956102,-0.08355357226956102,0,0.4762607813534379,TRUE,205
P. falciparum,model6,51008,Paranatinga,MT,2020,1,205,37097,0,3.5186712183952416e-4,-3.5186712183952416e-4,0,0,TRUE,205
P. falciparum,model6,51008,Paranatinga,MT,2020,2,206,37097,0,2.9071980519207766e-4,-2.9071980519207766e-4,0,0,TRUE,205
P. falciparum,model6,51008,Paranatinga,MT,2020,3,207,37097,0,2.8730164422428726e-4,-2.8730164422428726e-4,0,0,TRUE,205
P. falciparum,model6,51009,Norte Araguaia,MT,2020,1,205,134387,0,4.302401743863602e-4,-4.302401743863602e-4,0,0,TRUE,205
P. falciparum,model6,51009,Norte Araguaia,MT,2020,2,206,134387,0,3.51547167901719e-4,-3.51547167901719e-4,0,0,TRUE,205
P. falciparum,model6,51009,Norte Araguaia,MT,2020,3,207,134387,0,2.966055472377137e-4,-2.966055472377137e-4,0,0,TRUE,205
P. falciparum,model6,51010,Canarana,MT,2020,1,205,118050,0,2.0144879993636721e-4,-2.0144879993636721e-4,0,0,TRUE,205
P. falciparum,model6,51010,Canarana,MT,2020,2,206,118050,0,1.6333125301860654e-4,-1.6333125301860654e-4,0,0,TRUE,205
P. falciparum,model6,51010,Canarana,MT,2020,3,207,118050,0,1.6633310061579682e-4,-1.6633310061579682e-4,0,0,TRUE,205
P. falciparum,model6,51011,Médio Araguaia,MT,2020,1,205,69925,0,5.1981916863831776e-6,-5.1981916863831776e-6,0,0,TRUE,205
P. falciparum,model6,51011,Médio Araguaia,MT,2020,2,206,69925,0,4.178242370264362e-6,-4.178242370264362e-6,0,0,TRUE,205
P. falciparum,model6,51011,Médio Araguaia,MT,2020,3,207,69925,0,3.977571938111378e-6,-3.977571938111378e-6,0,0,TRUE,205
P. falciparum,model6,51012,Alto Guaporé,MT,2020,1,205,76023,0,0.006475426800573033,-0.006475426800573033,0,1.315391394709496,TRUE,205
P. falciparum,model6,51012,Alto Guaporé,MT,2020,2,206,76023,0,0.005451315084910384,-0.005451315084910384,0,1.315391394709496,TRUE,205
P. falciparum,model6,51012,Alto Guaporé,MT,2020,3,207,76023,0,0.0058097549881163555,-0.0058097549881163555,0,1.315391394709496,TRUE,205
P. falciparum,model6,51013,Tangará da Serra,MT,2020,1,205,174002,0,0.04869970550815996,-0.04869970550815996,0,1.1494120757232675,TRUE,205
P. falciparum,model6,51013,Tangará da Serra,MT,2020,2,206,174002,0,0.03897835693847114,-0.03897835693847114,0,1.1494120757232675,TRUE,205
P. falciparum,model6,51013,Tangará da Serra,MT,2020,3,207,174002,0,0.041947487317786906,-0.041947487317786906,0,1.1494120757232675,TRUE,205
P. falciparum,model6,51014,Jauru,MT,2020,1,205,111030,0,0.0011249362068761616,-0.0011249362068761616,0,0,TRUE,205
P. falciparum,model6,51014,Jauru,MT,2020,2,206,111030,0,8.262582665268294e-4,-8.262582665268294e-4,0,0,TRUE,205
P. falciparum,model6,51014,Jauru,MT,2020,3,207,111030,0,8.378424562663274e-4,-8.378424562663274e-4,0,0,TRUE,205
P. falciparum,model6,51015,Alto Paraguai,MT,2020,1,205,33357,0,0.0015556030318172429,-0.0015556030318172429,0,0,TRUE,205
P. falciparum,model6,51015,Alto Paraguai,MT,2020,2,206,33357,0,0.0013290264311581826,-0.0013290264311581826,0,0,TRUE,205
P. falciparum,model6,51015,Alto Paraguai,MT,2020,3,207,33357,0,0.001434125444700815,-0.001434125444700815,0,0,TRUE,205
P. falciparum,model6,51016,Rosário Oeste,MT,2020,1,205,30839,0,9.648850208910576e-4,-9.648850208910576e-4,0,0,TRUE,205
P. falciparum,model6,51016,Rosário Oeste,MT,2020,2,206,30839,0,6.892606554333454e-4,-6.892606554333454e-4,0,0,TRUE,205
P. falciparum,model6,51016,Rosário Oeste,MT,2020,3,207,30839,0,6.702643579759606e-4,-6.702643579759606e-4,0,0,TRUE,205
P. falciparum,model6,51017,Cuiabá,MT,2020,1,205,955206,0,0.007524148238382403,-0.007524148238382403,0,0.20937891931164587,TRUE,205
P. falciparum,model6,51017,Cuiabá,MT,2020,2,206,955206,0,0.005275881951763234,-0.005275881951763234,0,0.10468945965582294,TRUE,205
P. falciparum,model6,51017,Cuiabá,MT,2020,3,207,955206,0,0.00489465831319653,-0.00489465831319653,0,0.10468945965582294,TRUE,205
P. falciparum,model6,51018,Alto Pantanal,MT,2020,1,205,141581,0,9.509979872378253e-4,-9.509979872378253e-4,0,0,TRUE,205
P. falciparum,model6,51018,Alto Pantanal,MT,2020,2,206,141581,0,6.563139037418881e-4,-6.563139037418881e-4,0,0,TRUE,205
P. falciparum,model6,51018,Alto Pantanal,MT,2020,3,207,141581,0,5.59778425348463e-4,-5.59778425348463e-4,0,0,TRUE,205
P. falciparum,model6,51019,Primavera do Leste,MT,2020,1,205,108832,0,0.003917466098142544,-0.003917466098142544,0,0.9188473978241692,TRUE,205
P. falciparum,model6,51019,Primavera do Leste,MT,2020,2,206,108832,0,0.0031614622331738113,-0.0031614622331738113,0,0.48239488385766793,TRUE,205
P. falciparum,model6,51019,Primavera do Leste,MT,2020,3,207,108832,0,0.0032237283787993117,-0.0032237283787993117,0,0.9188473978241692,TRUE,205
P. falciparum,model6,51020,Tesouro,MT,2020,1,205,55885,0,0.0013258874044831202,-0.0013258874044831202,0,0,TRUE,205
P. falciparum,model6,51020,Tesouro,MT,2020,2,206,55885,0,0.001070489636179581,-0.001070489636179581,0,0,TRUE,205
P. falciparum,model6,51020,Tesouro,MT,2020,3,207,55885,0,0.0010199836045099724,-0.0010199836045099724,0,0,TRUE,205
P. falciparum,model6,51021,Rondonópolis,MT,2020,1,205,323403,0.3092117265455175,0.04993327699161336,0.2592784495539041,0,1.23684690618207,TRUE,205
P. falciparum,model6,51021,Rondonópolis,MT,2020,2,206,323403,0,0.03372500870927353,-0.03372500870927353,0,0.618423453091035,TRUE,205
P. falciparum,model6,51021,Rondonópolis,MT,2020,3,207,323403,0,0.027883605783764653,-0.027883605783764653,0,0.618423453091035,TRUE,205
P. falciparum,model6,51022,Alto Araguaia,MT,2020,1,205,42669,0,1.4561830802293203e-5,-1.4561830802293203e-5,0,0,TRUE,205
P. falciparum,model6,51022,Alto Araguaia,MT,2020,2,206,42669,0,1.2137355778003979e-5,-1.2137355778003979e-5,0,0,TRUE,205
P. falciparum,model6,51022,Alto Araguaia,MT,2020,3,207,42669,0,1.3268326719081638e-5,-1.3268326719081638e-5,0,0,TRUE,205
