especie,modelo,codMicroRes,nomeMicroRes,siglaUF,ano,mes,idMes,populacao,real_taxa,pred_taxa,residual,ci_low,ci_high,covered,test_start
P. vivax,paper_replica_corrigido,11001,Porto Velho,RO,2012,1,109,559543,340.992559999857,1549.5095219937825,-1208.5169619939256,768.2501273552771,11865.564525080179,FALSE,109
P. vivax,paper_replica_corrigido,11001,Porto Velho,RO,2012,2,110,559543,263.2505455344808,1429.8026351002702,-1166.5520895657894,639.4706253572494,9252.41736710511,FALSE,109
P. vivax,paper_replica_corrigido,11001,Porto Velho,RO,2012,3,111,559543,284.1604666665475,1470.9821119780304,-1186.8216453114828,514.6324787097936,8554.026335311424,FALSE,109
P. vivax,paper_replica_corrigido,11002,Guajará-Mirim,RO,2012,1,109,73193,91.53880835599033,586.3815945843701,-494.84278622837974,169.64905452575357,3733.1525537726275,FALSE,109
P. vivax,paper_replica_corrigido,11002,Guajará-Mirim,RO,2012,2,110,73193,94.27131009796018,541.081265572693,-446.8099554747329,126.41802132614067,3339.2698068428217,FALSE,109
P. vivax,paper_replica_corrigido,11002,Guajará-Mirim,RO,2012,3,111,73193,94.27131009796018,556.6655167254639,-462.39420662750376,187.55281574983567,3752.148007754278,FALSE,109
P. vivax,paper_replica_corrigido,11003,Ariquemes,RO,2012,1,109,176003,136.3613120230905,1221.172029925481,-1084.8107179023905,469.15717661561507,7769.831220698933,FALSE,109
P. vivax,paper_replica_corrigido,11003,Ariquemes,RO,2012,2,110,176003,110.79356601876106,1126.830934756408,-1016.0373687376468,364.7386062444214,7182.18166640122,FALSE,109
P. vivax,paper_replica_corrigido,11003,Ariquemes,RO,2012,3,111,176003,111.92991028562012,1159.2847941179457,-1047.3548838323256,449.63544389404404,7697.373812736994,FALSE,109
P. vivax,paper_replica_corrigido,11004,Ji-Paraná,RO,2012,1,109,294157,22.097043415590996,168.0752379765162,-145.9781945609252,48.84054225197407,1036.6798968322237,FALSE,109
P. vivax,paper_replica_corrigido,11004,Ji-Paraná,RO,2012,2,110,294157,21.75708890150498,155.09071149426202,-133.33362259275705,54.32763320575536,1115.020343914923,FALSE,109
P. vivax,paper_replica_corrigido,11004,Ji-Paraná,RO,2012,3,111,294157,20.737225359246935,159.55757893633526,-138.82035357708833,51.01364758020428,954.2648772590916,FALSE,109
P. vivax,paper_replica_corrigido,11005,Alvorada D'Oeste,RO,2012,1,109,69841,25.772826849558285,98.94012328227709,-73.1672964327188,4.3475353791784634,755.7847030224427,TRUE,109
P. vivax,paper_replica_corrigido,11005,Alvorada D'Oeste,RO,2012,2,110,69841,14.31823713864349,91.29685543236525,-76.97861829372175,0,521.7042455014141,TRUE,109
P. vivax,paper_replica_corrigido,11005,Alvorada D'Oeste,RO,2012,3,111,69841,28.63647427728698,93.92671332809479,-65.29023905080781,4.3475353791784634,577.993387779197,TRUE,109
P. vivax,paper_replica_corrigido,11006,Cacoal,RO,2012,1,109,228654,11.370892265169209,79.72926497674945,-68.35837271158024,23.693044384558867,471.13513922215725,FALSE,109
P. vivax,paper_replica_corrigido,11006,Cacoal,RO,2012,2,110,228654,9.184182214175127,73.56994791256281,-64.38576569838769,15.306126018343342,522.155559283301,FALSE,109
P. vivax,paper_replica_corrigido,11006,Cacoal,RO,2012,3,111,228654,11.370892265169209,75.68901550800047,-64.31812324283126,19.56947618783623,579.1167131871819,FALSE,109
P. vivax,paper_replica_corrigido,11007,Vilhena,RO,2012,1,109,136730,4.388210341549038,46.297294626232265,-41.909084284683225,2.2206993228786884,268.93837589178133,TRUE,109
P. vivax,paper_replica_corrigido,11007,Vilhena,RO,2012,2,110,136730,6.582315512323557,42.720847518175376,-36.138532005851815,4.675156469218278,287.63900176865445,TRUE,109
P. vivax,paper_replica_corrigido,11007,Vilhena,RO,2012,3,111,136730,7.31368390258173,43.95148353483865,-36.63779963225692,4.675156469218278,304.1189283226488,TRUE,109
P. vivax,paper_replica_corrigido,11008,Colorado do Oeste,RO,2012,1,109,51890,7.708614376565812,50.95949633562696,-43.25088195906115,0,357.2516896714249,TRUE,109
P. vivax,paper_replica_corrigido,11008,Colorado do Oeste,RO,2012,2,110,51890,0,47.02299098993195,-47.02299098993195,0,307.9755945443318,TRUE,109
P. vivax,paper_replica_corrigido,11008,Colorado do Oeste,RO,2012,3,111,51890,3.854307188282906,48.377691915685595,-44.523384727402686,0,357.2516896714249,TRUE,109
P. vivax,paper_replica_corrigido,12001,Cruzeiro do Sul,AC,2012,1,109,135803,1572.1302180364205,3183.825465347341,-1611.6952473109204,1202.538551782008,22183.947316541424,TRUE,109
P. vivax,paper_replica_corrigido,12001,Cruzeiro do Sul,AC,2012,2,110,135803,1248.131484576924,2937.8600751643357,-1689.7285905874116,877.5154105723099,21033.539558226443,TRUE,109
P. vivax,paper_replica_corrigido,12001,Cruzeiro do Sul,AC,2012,3,111,135803,1029.4323394917635,3022.473227503931,-1993.0408880121674,1359.4016391218088,19365.707197486026,FALSE,109
P. vivax,paper_replica_corrigido,12002,Tarauacá,AC,2012,1,109,76221,17.05566707337873,326.4738525638086,-309.41818549042983,96.23610032426194,2243.6220252068124,FALSE,109
P. vivax,paper_replica_corrigido,12002,Tarauacá,AC,2012,2,110,76221,13.11974390259902,301.25264026372446,-288.13289636112546,92.25247089907462,1864.7579004008373,FALSE,109
P. vivax,paper_replica_corrigido,12002,Tarauacá,AC,2012,3,111,76221,7.871846341559412,309.92950894546357,-302.05766260390413,91.83314148589703,1711.702664591011,FALSE,109
P. vivax,paper_replica_corrigido,12003,Sena Madureira,AC,2012,1,109,52651,1.8992991586104728,1.574998090985252,0.32430106762522093,0,12.392927009933292,TRUE,109
P. vivax,paper_replica_corrigido,12003,Sena Madureira,AC,2012,2,110,52651,0,1.4533768293547338,-1.4533768293547338,0,13.295094110273311,TRUE,109
P. vivax,paper_replica_corrigido,12003,Sena Madureira,AC,2012,3,111,52651,7.59719663444189,1.4952779868917447,6.1019186475501455,0,18.99299158610473,TRUE,109
P. vivax,paper_replica_corrigido,12004,Rio Branco,AC,2012,1,109,433224,24.467711853452258,140.23649384516384,-115.76878199171158,47.21689613031339,758.0156238920384,FALSE,109
P. vivax,paper_replica_corrigido,12004,Rio Branco,AC,2012,2,110,433224,21.46695473934962,129.4026452769547,-107.93569053760508,38.36372810587962,914.1633749229885,FALSE,109
P. vivax,paper_replica_corrigido,12004,Rio Branco,AC,2012,3,111,433224,12.695510867357305,133.12969584950793,-120.43418498215063,46.44224392817543,886.1652310457172,FALSE,109
P. vivax,paper_replica_corrigido,12005,Brasiléia,AC,2012,1,109,60887,13.139093731009902,27.399003689715773,-14.25990995870587,0,194.48835577825926,TRUE,109
P. vivax,paper_replica_corrigido,12005,Brasiléia,AC,2012,2,110,60887,9.854320298257427,25.282661925936004,-15.428341627678577,0,215.48574911464357,TRUE,109
P. vivax,paper_replica_corrigido,12005,Brasiléia,AC,2012,3,111,60887,1.6423867163762378,26.011232097634707,-24.36884538125847,0,220.47263003203506,TRUE,109
P. vivax,paper_replica_corrigido,13001,Rio Negro,AM,2012,1,109,99826,1045.8197263238037,1730.6327486827831,-684.8130223589794,806.5187470334511,13198.540019436265,TRUE,109
P. vivax,paper_replica_corrigido,13001,Rio Negro,AM,2012,2,110,99826,1017.7709214032416,1596.933335841275,-579.1624144380335,620.4975513103725,10741.523399851229,TRUE,109
P. vivax,paper_replica_corrigido,13001,Rio Negro,AM,2012,3,111,99826,897.5617574579769,1642.9269453801721,-745.3651879221952,563.18637397056,11128.453890438728,TRUE,109
P. vivax,paper_replica_corrigido,13002,Japurá,AM,2012,1,109,25044,43.9226960549433,394.5577946053391,-350.6350985503958,76.57332822666689,2196.3782979682273,FALSE,109
P. vivax,paper_replica_corrigido,13002,Japurá,AM,2012,2,110,25044,107.81025395304265,364.077187452903,-256.26693349986033,51.04888548444459,2158.729744923449,TRUE,109
P. vivax,paper_replica_corrigido,13002,Japurá,AM,2012,3,111,25044,143.74700527072352,374.5653129459885,-230.818307675265,63.172995787000204,2209.778630407893,TRUE,109
P. vivax,paper_replica_corrigido,13003,Alto Solimões,AM,2012,1,109,231482,292.89534391442965,454.47752934406134,-161.5821854296317,126.89025029360421,3099.6982306488144,TRUE,109
P. vivax,paper_replica_corrigido,13003,Alto Solimões,AM,2012,2,110,231482,447.5509974857656,419.367487141177,28.183510344588626,153.05532366753022,2947.816538240803,TRUE,109
P. vivax,paper_replica_corrigido,13003,Alto Solimões,AM,2012,3,111,231482,834.1901314141056,431.44590857893144,402.7442228351742,165.27489619308403,2805.0477473772744,TRUE,109
P. vivax,paper_replica_corrigido,13004,Juruá,AM,2012,1,109,131695,532.2905197615703,643.148195440742,-110.85767567917173,244.27243478205344,4989.928857760948,TRUE,109
P. vivax,paper_replica_corrigido,13004,Juruá,AM,2012,2,110,131695,527.7345381373628,593.4624275496998,-65.72788941233694,179.5942391840234,3452.820595771756,TRUE,109
P. vivax,paper_replica_corrigido,13004,Juruá,AM,2012,3,111,131695,981.0547097460042,610.555304022149,370.49940572385515,251.91732469326527,4213.062425831153,TRUE,109
P. vivax,paper_replica_corrigido,13005,Tefé,AM,2012,1,109,87520,286.79159049360146,996.6819497836223,-709.8903592900208,415.5898399869817,5931.832839111197,FALSE,109
P. vivax,paper_replica_corrigido,13005,Tefé,AM,2012,2,110,87520,294.7897623400366,919.684241818909,-624.8944794788724,309.501220904189,5855.5074642805375,FALSE,109
P. vivax,paper_replica_corrigido,13005,Tefé,AM,2012,3,111,87520,298.217550274223,946.1726747635878,-647.9551244893648,317.1702777053547,5488.4883173676135,FALSE,109
P. vivax,paper_replica_corrigido,13006,Coari,AM,2012,1,109,156671,72.12566460927677,602.9097155305476,-530.7840509212708,189.62288390374158,4828.906372720281,FALSE,109
P. vivax,paper_replica_corrigido,13006,Coari,AM,2012,2,110,156671,103.40139528055606,556.3325472460261,-452.93115196547006,228.48588485442772,4518.104367741973,FALSE,109
P. vivax,paper_replica_corrigido,13006,Coari,AM,2012,3,111,156671,132.12400508071053,572.3558569881711,-440.2318519074606,183.60472890087945,3773.485189421731,FALSE,109
P. vivax,paper_replica_corrigido,13007,Manaus,AM,2012,1,109,2106861,74.37605043711949,441.4840603901413,-367.1080099530218,144.18608826097704,3430.7702617985196,FALSE,109
P. vivax,paper_replica_corrigido,13007,Manaus,AM,2012,2,110,2106861,57.09916316263864,407.37735890570684,-350.2781957430682,154.20606945897538,2385.9084676989987,FALSE,109
P. vivax,paper_replica_corrigido,13007,Manaus,AM,2012,3,111,2106861,50.12195868640599,419.1101541422243,-368.9881954558183,135.3493902324622,2735.9554868560235,FALSE,109
P. vivax,paper_replica_corrigido,13008,Rio Preto da Eva,AM,2012,1,109,55600,303.9568345323741,1695.1476905223708,-1391.1908559899966,591.8089489975571,10487.291462881878,FALSE,109
P. vivax,paper_replica_corrigido,13008,Rio Preto da Eva,AM,2012,2,110,55600,212.23021582733813,1564.1898748899896,-1351.9596590626516,515.6412115112275,10295.578704755942,FALSE,109
P. vivax,paper_replica_corrigido,13008,Rio Preto da Eva,AM,2012,3,111,55600,197.84172661870505,1609.2402057617214,-1411.3984791430164,516.7909132091344,11269.950893731988,FALSE,109
P. vivax,paper_replica_corrigido,13009,Itacoatiara,AM,2012,1,109,156384,23.02025782688766,356.3538395523517,-333.33358172546406,124.3650170880771,2195.8549607137215,FALSE,109
P. vivax,paper_replica_corrigido,13009,Itacoatiara,AM,2012,2,110,156384,18.544096582770617,328.8240287038611,-310.27993212109044,108.0146450797843,2111.446165220905,FALSE,109
P. vivax,paper_replica_corrigido,13009,Itacoatiara,AM,2012,3,111,156384,7.033967669326786,338.2946188749088,-331.260651205582,126.71538306426918,2602.4682745949494,FALSE,109
P. vivax,paper_replica_corrigido,13010,Parintins,AM,2012,1,109,248506,20.12023854554819,79.18848748125886,-59.06824893571067,24.372624865166795,465.5235656964168,FALSE,109
P. vivax,paper_replica_corrigido,13010,Parintins,AM,2012,2,110,248506,14.084166981883737,73.0708888858747,-58.986721903990954,16.655698786486017,492.7900378410898,FALSE,109
P. vivax,paper_replica_corrigido,13010,Parintins,AM,2012,3,111,248506,19.71783377463723,75.17558117188712,-55.45774739724989,23.15077823604233,508.609736302385,FALSE,109
P. vivax,paper_replica_corrigido,13011,Boca do Acre,AM,2012,1,109,49500,68.68686868686869,558.3752808259973,-489.68841213912856,206.62113746625135,3205.2103949452217,FALSE,109
P. vivax,paper_replica_corrigido,13011,Boca do Acre,AM,2012,2,110,49500,58.58585858585859,515.2387247949335,-456.65286620907494,161.09991811821786,3255.2514516753254,FALSE,109
P. vivax,paper_replica_corrigido,13011,Boca do Acre,AM,2012,3,111,49500,133.33333333333334,530.0789465199413,-396.7456131866079,154.9658530996885,2919.1692577653816,FALSE,109
P. vivax,paper_replica_corrigido,13012,Purus,AM,2012,1,109,70911,277.81303323884873,1204.8156677157442,-927.0026344768955,436.0811681932551,8746.864237682994,FALSE,109
P. vivax,paper_replica_corrigido,13012,Purus,AM,2012,2,110,70911,315.8889311954422,1111.7388702383005,-795.8499390428583,423.6860962291056,8838.8131351625,FALSE,109
P. vivax,paper_replica_corrigido,13012,Purus,AM,2012,3,111,70911,492.1662365500416,1143.759505470893,-651.5932689208513,531.4105398448038,7595.0240047963225,FALSE,109
P. vivax,paper_replica_corrigido,13013,Madeira,AM,2012,1,109,170985,162.0025148404831,1192.5808154033675,-1030.5783005628844,448.4377903157822,7077.428769043822,FALSE,109
P. vivax,paper_replica_corrigido,13013,Madeira,AM,2012,2,110,170985,103.51785244319676,1100.4487542818042,-996.9309018386075,278.4277151627167,6270.74544928236,FALSE,109
P. vivax,paper_replica_corrigido,13013,Madeira,AM,2012,3,111,170985,106.44208556306108,1132.1429901283461,-1025.700904565285,434.51173138350794,5884.180484558293,FALSE,109
P. vivax,paper_replica_corrigido,14001,Boa Vista,RR,2012,1,109,334076,144.27854739640082,351.04312994591584,-206.764582549515,121.35988692841434,1898.5144629148233,TRUE,109
P. vivax,paper_replica_corrigido,14001,Boa Vista,RR,2012,2,110,334076,124.82189681389862,323.92350936406064,-199.10161255016203,122.46011451980318,1977.0133097613052,TRUE,109
P. vivax,paper_replica_corrigido,14001,Boa Vista,RR,2012,3,111,334076,122.72656521270608,333.2528853947552,-210.52632018204912,120.25965933702547,2080.004179511751,TRUE,109
P. vivax,paper_replica_corrigido,14002,Nordeste de Roraima,RR,2012,1,109,44023,545.1695704518092,1468.0023195049348,-922.8327490531256,450.1342131413731,8263.955937228508,TRUE,109
P. vivax,paper_replica_corrigido,14002,Nordeste de Roraima,RR,2012,2,110,44023,436.1356563614474,1354.593445458245,-918.4577890967976,526.7296316678489,8336.195218208448,FALSE,109
P. vivax,paper_replica_corrigido,14002,Nordeste de Roraima,RR,2012,3,111,44023,367.9894600549713,1393.6073741889247,-1025.6179141339535,522.7365055835301,8806.295061771401,FALSE,109
P. vivax,paper_replica_corrigido,14003,Caracaraí,RR,2012,1,109,43635,435.4302738627249,1421.2976331356338,-985.8673592729089,373.19788746012557,8358.6804568228,TRUE,109
P. vivax,paper_replica_corrigido,14003,Caracaraí,RR,2012,2,110,43635,359.80291050762,1311.496081835913,-951.6931713282929,454.13678160015286,7200.997903082417,FALSE,109
P. vivax,paper_replica_corrigido,14003,Caracaraí,RR,2012,3,111,43635,263.54990260112294,1349.2688341692783,-1085.7189315681553,424.10515572014276,7193.3068769424135,FALSE,109
P. vivax,paper_replica_corrigido,14004,Sudeste de Roraima,RR,2012,1,109,47790,257.37602008788446,1075.2865103680615,-817.9104902801771,421.0063754664128,7005.29194570761,FALSE,109
P. vivax,paper_replica_corrigido,14004,Sudeste de Roraima,RR,2012,2,110,47790,259.46850805607863,992.2162385222239,-732.7477304661452,399.9393368211516,6269.617580317531,FALSE,109
P. vivax,paper_replica_corrigido,14004,Sudeste de Roraima,RR,2012,3,111,47790,280.3933877380205,1020.7936642613215,-740.400276523301,294.2697461560312,7800.823452645335,FALSE,109
P. vivax,paper_replica_corrigido,15001,Óbidos,PA,2012,1,109,189429,3.695315923116313,84.05211279872111,-80.3567968756048,13.498126348895156,496.3935964806191,FALSE,109
P. vivax,paper_replica_corrigido,15001,Óbidos,PA,2012,2,110,189429,2.6395113736545093,77.55892024043729,-74.91940886678277,23.621721110566526,530.1389123528569,FALSE,109
P. vivax,paper_replica_corrigido,15001,Óbidos,PA,2012,3,111,189429,2.6395113736545093,79.7929453273535,-77.15343395369898,20.247189523342733,435.3145747518688,FALSE,109
P. vivax,paper_replica_corrigido,15002,Santarém,PA,2012,1,109,492734,40.18395320801893,126.56708807004779,-86.38313486202887,51.2117447463126,773.4627540912365,FALSE,109
P. vivax,paper_replica_corrigido,15002,Santarém,PA,2012,2,110,492734,34.907272483733614,116.78928380465561,-81.882011320922,31.622198307571118,701.2344098543538,TRUE,109
P. vivax,paper_replica_corrigido,15002,Santarém,PA,2012,3,111,492734,31.45713508708553,120.15297858347867,-88.69584349639314,30.45460944698387,745.1162911980906,TRUE,109
P. vivax,paper_replica_corrigido,15003,Almeirim,PA,2012,1,109,69092,144.73455682278703,225.58910627565584,-80.85454945286881,59.90622767664121,1734.042428153579,TRUE,109
P. vivax,paper_replica_corrigido,15003,Almeirim,PA,2012,2,110,69092,150.5239390956985,208.16181208965608,-57.637872993957586,32.15044651371864,1409.0684903710326,TRUE,109
P. vivax,paper_replica_corrigido,15003,Almeirim,PA,2012,3,111,69092,108.55091761709026,214.15724169653052,-105.60632407944026,27.75578116292256,1428.0349408323627,TRUE,109
P. vivax,paper_replica_corrigido,15004,Portel,PA,2012,1,109,135041,479.1137506386949,296.43300489077996,182.68074574791495,111.12196689338904,1892.3869782664356,TRUE,109
P. vivax,paper_replica_corrigido,15004,Portel,PA,2012,2,110,135041,593.8937063558475,273.53281109245336,320.3608952633941,80.47171191427535,1745.1710817644382,TRUE,109
P. vivax,paper_replica_corrigido,15004,Portel,PA,2012,3,111,135041,388.7708177516458,281.41130498908905,107.35951276255673,92.18744644297134,2246.3441699364307,TRUE,109
P. vivax,paper_replica_corrigido,15005,Furos de Breves,PA,2012,1,109,209923,1253.3166923109902,1266.4771090607946,-13.160416749804426,522.1565757378181,8568.651070902688,TRUE,109
P. vivax,paper_replica_corrigido,15005,Furos de Breves,PA,2012,2,110,209923,1816.8566569646969,1168.636313933053,648.2203430316438,462.701219905884,7966.104154885077,TRUE,109
P. vivax,paper_replica_corrigido,15005,Furos de Breves,PA,2012,3,111,209923,1729.2054705773069,1202.294240171235,526.9112304060718,345.54143421401903,8179.336487388588,TRUE,109
P. vivax,paper_replica_corrigido,15006,Arari,PA,2012,1,109,158333,50.52642216088876,113.57332203697896,-63.04689987609021,24.021796827038468,866.0968007261217,TRUE,109
P. vivax,paper_replica_corrigido,15006,Arari,PA,2012,2,110,158333,209.68465196768835,104.79982324047452,104.88482872721383,28.260937443574655,778.2860308121567,TRUE,109
P. vivax,paper_replica_corrigido,15006,Arari,PA,2012,3,111,158333,248.211048865366,107.81857106393876,140.39247780142722,28.260937443574655,686.7407798788638,TRUE,109
P. vivax,paper_replica_corrigido,15007,Belém,PA,2012,1,109,2185084,5.079896241975137,1.804857469110574,3.2750387728645625,0.4336217738082381,11.238698374982375,TRUE,109
P. vivax,paper_replica_corrigido,15007,Belém,PA,2012,2,110,2185084,4.3934237768433615,1.665426253094752,2.7279975237486096,0.5949428031142052,10.159792483950234,TRUE,109
P. vivax,paper_replica_corrigido,15007,Belém,PA,2012,3,111,2185084,3.432362325658876,1.7133952522966822,1.7189670733621936,0.38785694279945304,11.46180192615019,TRUE,109
P. vivax,paper_replica_corrigido,15008,Castanhal,PA,2012,1,109,305405,2.6194725037245625,17.552708464392122,-14.93323596066756,0,106.95589384669714,TRUE,109
P. vivax,paper_replica_corrigido,15008,Castanhal,PA,2012,2,110,305405,2.6194725037245625,16.196769434906816,-13.577296931182254,0,95.28702675872589,TRUE,109
P. vivax,paper_replica_corrigido,15008,Castanhal,PA,2012,3,111,305405,1.3097362518622813,16.663348279923486,-15.353612028061205,0,117.316591978618,TRUE,109
P. vivax,paper_replica_corrigido,15009,Salgado,PA,2012,1,109,251888,40.09718605094328,84.10556736409085,-44.00838131314757,22.839941943744584,654.9987795200527,TRUE,109
P. vivax,paper_replica_corrigido,15009,Salgado,PA,2012,2,110,251888,27.79012894619831,77.60818464304856,-49.81805569685025,22.839941943744584,486.0466534195201,TRUE,109
P. vivax,paper_replica_corrigido,15009,Salgado,PA,2012,3,111,251888,17.071079209807532,79.84365033029584,-62.77257112048831,20.302170616661854,510.02859246045097,FALSE,109
P. vivax,paper_replica_corrigido,15010,Bragantina,PA,2012,1,109,390863,1.0233764771799838,66.98662070882979,-65.96324423164981,17.989872626465967,464.7928909492385,FALSE,109
P. vivax,paper_replica_corrigido,15010,Bragantina,PA,2012,2,110,390863,2.0467529543599676,61.81166645311848,-59.76491349875851,22.89620152459305,404.1997290573691,FALSE,109
P. vivax,paper_replica_corrigido,15010,Bragantina,PA,2012,3,111,390863,1.5350647157699755,63.592078491390794,-62.05701377562082,19.625315592508322,502.40807916821285,FALSE,109
P. vivax,paper_replica_corrigido,15011,Cametá,PA,2012,1,109,449907,404.97258322275496,58.018172465919264,346.9544107568357,19.145468043146693,390.19103238212676,FALSE,109
P. vivax,paper_replica_corrigido,15011,Cametá,PA,2012,2,110,449907,686.3640707968536,53.53614197369597,632.8279288231577,14.883026178253184,412.10708763745436,FALSE,109
P. vivax,paper_replica_corrigido,15011,Cametá,PA,2012,3,111,449907,368.0760690542712,55.0781846087947,312.99788444547653,14.883026178253184,419.886044040885,TRUE,109
P. vivax,paper_replica_corrigido,15012,Tomé-Açu,PA,2012,1,109,299079,63.86272523313238,119.34152145981021,-55.47879622667783,52.311448397534996,713.4982333526905,TRUE,109
P. vivax,paper_replica_corrigido,15012,Tomé-Açu,PA,2012,2,110,299079,33.77034161542603,110.12184539226672,-76.3515037768407,27.7854475655957,769.1759955899034,TRUE,109
P. vivax,paper_replica_corrigido,15012,Tomé-Açu,PA,2012,3,111,299079,34.43906125137505,113.2935479665147,-78.85448671513964,34.197473926887014,875.2950318692754,TRUE,109
P. vivax,paper_replica_corrigido,15013,Guamá,PA,2012,1,109,441719,45.50404216255131,221.71479389910826,-176.21075173655694,78.83355707219481,1348.129801368147,FALSE,109
P. vivax,paper_replica_corrigido,15013,Guamá,PA,2012,2,110,441719,43.240159467897016,204.58637886610308,-161.34621939820607,75.93925483916335,1319.0782427040942,FALSE,109
P. vivax,paper_replica_corrigido,15013,Guamá,PA,2012,3,111,441719,33.73185215034898,210.47875445274812,-176.74690230239915,75.25185805881836,1296.104718729406,FALSE,109
P. vivax,paper_replica_corrigido,15014,Itaituba,PA,2012,1,109,213017,615.9132839163071,818.9936341325398,-203.08035021623266,339.0971531666126,5232.149038970327,TRUE,109
P. vivax,paper_replica_corrigido,15014,Itaituba,PA,2012,2,110,213017,547.3741532365962,755.7226472960346,-208.3484940594384,265.35102450228067,4911.132065872999,TRUE,109
P. vivax,paper_replica_corrigido,15014,Itaituba,PA,2012,3,111,213017,587.2770717830033,777.4882224745023,-190.21115069149903,275.17884022458736,4653.808341235504,TRUE,109
P. vivax,paper_replica_corrigido,15015,Altamira,PA,2012,1,109,281058,407.033423706139,738.4462251286733,-331.4128014225343,260.0190833099941,4992.673441548355,TRUE,109
P. vivax,paper_replica_corrigido,15015,Altamira,PA,2012,2,110,281058,293.5337190188502,681.3978709341453,-387.8641519152951,228.17769108309773,4318.03394374098,TRUE,109
P. vivax,paper_replica_corrigido,15015,Altamira,PA,2012,3,111,281058,258.3096727365882,701.0226681548442,-442.71299541825596,282.0237597239384,4180.490501246594,FALSE,109
P. vivax,paper_replica_corrigido,15016,Tucuruí,PA,2012,1,109,340793,107.10313885555162,633.8834512335213,-526.7803123779697,180.9606243258924,3712.8111924402315,FALSE,109
P. vivax,paper_replica_corrigido,15016,Tucuruí,PA,2012,2,110,340793,121.7748017124765,584.9130416730017,-463.13823996052514,236.24763548946515,3698.7901438075705,FALSE,109
P. vivax,paper_replica_corrigido,15016,Tucuruí,PA,2012,3,111,340793,89.20371017010326,601.7590073523261,-512.5552971822228,186.21265592073567,4027.27658418147,FALSE,109
P. vivax,paper_replica_corrigido,15017,Paragominas,PA,2012,1,109,306994,125.73535639133011,320.4774267167818,-194.74207032545166,137.4276158699851,2120.0291984549267,FALSE,109
P. vivax,paper_replica_corrigido,15017,Paragominas,PA,2012,2,110,306994,103.91082561874174,295.7191189158491,-191.80829329710735,111.34760240374928,1697.5433914849286,FALSE,109
P. vivax,paper_replica_corrigido,15017,Paragominas,PA,2012,3,111,306994,74.92003101037805,304.2361227268184,-229.31609171644033,123.84102202829337,1506.966686295529,FALSE,109
P. vivax,paper_replica_corrigido,15018,São Félix do Xingu,PA,2012,1,109,177935,8.992047657852586,50.957810606363196,-41.96576294851061,8.891474451286332,338.59453213484215,TRUE,109
P. vivax,paper_replica_corrigido,15018,São Félix do Xingu,PA,2012,2,110,177935,13.48807148677888,47.02136150440599,-33.53329001762711,3.5925149298126566,361.13756331941727,TRUE,109
P. vivax,paper_replica_corrigido,15018,São Félix do Xingu,PA,2012,3,111,177935,12.364065529547307,48.37599865606279,-36.01193312651549,10.777544789437972,323.68559517612005,TRUE,109
P. vivax,paper_replica_corrigido,15019,Parauapebas,PA,2012,1,109,271172,6.637853465697048,36.544870765015744,-29.907017299318696,7.07190429730446,257.063721207017,FALSE,109
P. vivax,paper_replica_corrigido,15019,Parauapebas,PA,2012,2,110,271172,5.90031419173071,33.721720594425555,-27.821406402694844,7.07190429730446,211.50887102521378,FALSE,109
P. vivax,paper_replica_corrigido,15019,Parauapebas,PA,2012,3,111,271172,3.687696369831694,34.69304484565479,-31.005348475823094,5.834321045276185,191.05928109884212,FALSE,109
P. vivax,paper_replica_corrigido,15020,Marabá,PA,2012,1,109,295238,15.241940400625936,121.6373519895725,-106.39541158894656,42.16626909512086,851.2281743130554,FALSE,109
P. vivax,paper_replica_corrigido,15020,Marabá,PA,2012,2,110,295238,16.59677954734824,112.24038905538052,-95.64360950803228,34.64237769047156,654.0372650530736,FALSE,109
P. vivax,paper_replica_corrigido,15020,Marabá,PA,2012,3,111,295238,14.225811040584205,115.47313630949787,-101.24732526891367,35.670823278157435,758.9387149970338,FALSE,109
P. vivax,paper_replica_corrigido,15021,Redenção,PA,2012,1,109,185608,1.6163096418257832,22.864747876854988,-21.248438235029205,0,161.86804862776447,TRUE,109
P. vivax,paper_replica_corrigido,15021,Redenção,PA,2012,2,110,185608,2.1550795224343777,21.098471615603117,-18.94339209316874,0,165.31204966239775,TRUE,109
P. vivax,paper_replica_corrigido,15021,Redenção,PA,2012,3,111,185608,8.620318089737511,21.706293737546822,-13.085975647809311,0,163.84834922267837,TRUE,109
P. vivax,paper_replica_corrigido,15022,Conceição do Araguaia,PA,2012,1,109,142249,0,70.0913723825887,-70.0913723825887,8.987537965626684,424.7735131004311,FALSE,109
P. vivax,paper_replica_corrigido,15022,Conceição do Araguaia,PA,2012,2,110,142249,0.7029926396670627,64.6769931354337,-63.97400049576664,6.628309249649686,448.1411118110597,FALSE,109
P. vivax,paper_replica_corrigido,15022,Conceição do Araguaia,PA,2012,3,111,142249,0,66.54025454025331,-66.54025454025331,8.987537965626684,523.6364307223247,FALSE,109
P. vivax,paper_replica_corrigido,16001,Oiapoque,AP,2012,1,109,31004,841.8268610501871,3090.9913701007035,-2249.1645090505162,1164.3900233661868,18785.904732892443,FALSE,109
P. vivax,paper_replica_corrigido,16001,Oiapoque,AP,2012,2,110,31004,845.05225132241,2852.1986967163652,-2007.1464453939552,1223.150741676831,20327.08497630315,FALSE,109
P. vivax,paper_replica_corrigido,16001,Oiapoque,AP,2012,3,111,31004,780.5444458779513,2934.3457624677944,-2153.8013165898433,1193.770382521509,17927.173533721092,FALSE,109
P. vivax,paper_replica_corrigido,16002,Amapá,AP,2012,1,109,25619,199.07100199071004,372.30860829391406,-173.23760630320402,74.85469503527247,2359.794260986963,TRUE,109
P. vivax,paper_replica_corrigido,16002,Amapá,AP,2012,2,110,25619,160.03747218861,343.54730433747767,-183.50983214886767,24.951565011757488,2347.9422676063773,TRUE,109
P. vivax,paper_replica_corrigido,16002,Amapá,AP,2012,3,111,25619,187.36094305008,353.44237107099076,-166.08142802091075,49.903130023514976,2509.503651057508,TRUE,109
P. vivax,paper_replica_corrigido,16003,Macapá,AP,2012,1,109,569504,135.5565544754734,253.33666673525286,-117.78011225977946,99.7849275945727,1849.248175874559,TRUE,109
P. vivax,paper_replica_corrigido,16003,Macapá,AP,2012,2,110,569504,111.32494240602348,233.765269647508,-122.44032724148452,98.66248746415008,1499.580014244647,TRUE,109
P. vivax,paper_replica_corrigido,16003,Macapá,AP,2012,3,111,569504,80.59644883969209,240.49788669613184,-159.90143785643977,69.59128808620368,1523.7405380519936,TRUE,109
P. vivax,paper_replica_corrigido,16004,Mazagão,AP,2012,1,109,72475,292.5146602276647,424.7213939742823,-132.2067337466176,154.13061975899083,2744.3629377974235,TRUE,109
P. vivax,paper_replica_corrigido,16004,Mazagão,AP,2012,2,110,72475,190.4104863746119,391.9100853703698,-201.4995989957579,118.85036344792,2532.019895125162,TRUE,109
P. vivax,paper_replica_corrigido,16004,Mazagão,AP,2012,3,111,72475,211.10727837185237,403.1978637593836,-192.09058538753123,105.84076893321259,2426.620129395837,TRUE,109
P. vivax,paper_replica_corrigido,17001,Bico do Papagaio,TO,2012,1,109,199722,1.0013919347893572,0.8797480706908997,0.12164386409845751,0,6.771912959013016,TRUE,109
P. vivax,paper_replica_corrigido,17001,Bico do Papagaio,TO,2012,2,110,199722,1.0013919347893572,0.8117985194260274,0.18959341536332974,0,5.507655641341464,TRUE,109
P. vivax,paper_replica_corrigido,17001,Bico do Papagaio,TO,2012,3,111,199722,0,0.8351925727495191,-0.8351925727495191,0,7.272608926407695,TRUE,109
P. vivax,paper_replica_corrigido,17002,Araguaína,TO,2012,1,109,286178,0.6988657409025152,0.7293870541794668,-0.030521313276951623,0,5.774378184207023,TRUE,109
P. vivax,paper_replica_corrigido,17002,Araguaína,TO,2012,2,110,286178,1.048298611353773,0.6730497310929693,0.3752488802608036,0,5.2414930567688645,TRUE,109
P. vivax,paper_replica_corrigido,17002,Araguaína,TO,2012,3,111,286178,0.3494328704512576,0.6924454902319757,-0.34301261978071806,0,4.8920601863176065,TRUE,109
P. vivax,paper_replica_corrigido,17003,Miracema do Tocantins,TO,2012,1,109,143238,0,1.0329532177617156,-1.0329532177617156,0,8.046049232745485,TRUE,109
P. vivax,paper_replica_corrigido,17003,Miracema do Tocantins,TO,2012,2,110,143238,0,0.953174802034172,-0.953174802034172,0,6.981387620603471,TRUE,109
P. vivax,paper_replica_corrigido,17003,Miracema do Tocantins,TO,2012,3,111,143238,0,0.9806497498408104,-0.9806497498408104,0,8.046049232745485,TRUE,109
P. vivax,paper_replica_corrigido,17004,Rio Formoso,TO,2012,1,109,118053,0.8470771602585279,0.613157389567832,0.23391977069069592,0,5.082462961551168,TRUE,109
P. vivax,paper_replica_corrigido,17004,Rio Formoso,TO,2012,2,110,118053,0.8470771602585279,0.5658120323502293,0.2812651279082986,0,5.929540121809695,TRUE,109
P. vivax,paper_replica_corrigido,17004,Rio Formoso,TO,2012,3,111,118053,0,0.5821292935436919,-0.5821292935436919,0,5.929540121809695,TRUE,109
P. vivax,paper_replica_corrigido,17005,Gurupi,TO,2012,1,109,139542,0,0.14175937241929382,-0.14175937241929382,0,1.433260237061243,TRUE,109
P. vivax,paper_replica_corrigido,17005,Gurupi,TO,2012,2,110,139542,0,0.13082128346255964,-0.13082128346255964,0,1.433260237061243,TRUE,109
P. vivax,paper_replica_corrigido,17005,Gurupi,TO,2012,3,111,139542,0,0.1346050405981738,-0.1346050405981738,0,1.433260237061243,TRUE,109
P. vivax,paper_replica_corrigido,17006,Porto Nacional,TO,2012,1,109,338559,0.5907389849332022,0.3892411447061427,0.20149784022705952,0,2.6583254321994096,TRUE,109
P. vivax,paper_replica_corrigido,17006,Porto Nacional,TO,2012,2,110,338559,0.2953694924666011,0.3591820986277179,-0.06381260616111678,0,2.362955939732809,TRUE,109
P. vivax,paper_replica_corrigido,17006,Porto Nacional,TO,2012,3,111,338559,0,0.3695383599013418,-0.3695383599013418,0,2.953694924666011,TRUE,109
P. vivax,paper_replica_corrigido,17007,Jalapão,TO,2012,1,109,73385,0,0.02241951892214594,-0.02241951892214594,0,0,TRUE,109
P. vivax,paper_replica_corrigido,17007,Jalapão,TO,2012,2,110,73385,0,0.02070285434192674,-0.02070285434192674,0,0,TRUE,109
P. vivax,paper_replica_corrigido,17007,Jalapão,TO,2012,3,111,73385,0,0.02131406851090751,-0.02131406851090751,0,0,TRUE,109
P. vivax,paper_replica_corrigido,17008,Dianópolis,TO,2012,1,109,119017,0,0.04020494515395111,-0.04020494515395111,0,0.8402161035818412,TRUE,109
P. vivax,paper_replica_corrigido,17008,Dianópolis,TO,2012,2,110,119017,0,0.0371106155286388,-0.0371106155286388,0,0.8402161035818412,TRUE,109
P. vivax,paper_replica_corrigido,17008,Dianópolis,TO,2012,3,111,119017,0,0.03819134444284891,-0.03819134444284891,0,0.8402161035818412,TRUE,109
P. vivax,paper_replica_corrigido,21001,Litoral Ocidental Maranhense,MA,2012,1,109,185387,14.024715864650704,39.209883123218006,-25.185167258567304,5.08595728100362,241.36746418322247,TRUE,109
P. vivax,paper_replica_corrigido,21001,Litoral Ocidental Maranhense,MA,2012,2,110,185387,10.248830824167822,36.18087164414249,-25.93204081997467,5.08595728100362,255.33229603953725,TRUE,109
P. vivax,paper_replica_corrigido,21001,Litoral Ocidental Maranhense,MA,2012,3,111,185387,2.6970607432020586,37.223225077421105,-34.52616433421905,3.448106631188892,235.16087224708178,FALSE,109
P. vivax,paper_replica_corrigido,21002,Aglomeração Urbana de São Luís,MA,2012,1,109,1345368,0.2973164219752514,0.515023478303222,-0.21770705632797066,0,3.943159046446768,TRUE,109
P. vivax,paper_replica_corrigido,21002,Aglomeração Urbana de São Luís,MA,2012,2,110,1345368,0.2973164219752514,0.4752390499573773,-0.17792262798212594,0,3.68114894958108,TRUE,109
P. vivax,paper_replica_corrigido,21002,Aglomeração Urbana de São Luís,MA,2012,3,111,1345368,0.1486582109876257,0.4889316291428959,-0.34027341815527024,0,3.3132198773867025,TRUE,109
P. vivax,paper_replica_corrigido,21003,Rosário,MA,2012,1,109,165969,0.6025221577523513,20.148292129508228,-19.545769971755877,0,123.44145181546354,TRUE,109
P. vivax,paper_replica_corrigido,21003,Rosário,MA,2012,2,110,165969,1.2050443155047026,18.591921652433392,-17.386877336928688,0,157.91262166720784,TRUE,109
P. vivax,paper_replica_corrigido,21003,Rosário,MA,2012,3,111,165969,0,19.127615954438536,-19.127615954438536,0,125.27092731038857,TRUE,109
P. vivax,paper_replica_corrigido,21004,Lençóis Maranhenses,MA,2012,1,109,183427,0.5451760100748527,0.9438002405961632,-0.39862423052131046,0,7.37350553626237,TRUE,109
P. vivax,paper_replica_corrigido,21004,Lençóis Maranhenses,MA,2012,2,110,183427,0.5451760100748527,0.8709120543137844,-0.32573604423893165,0,6.542112120898231,TRUE,109
P. vivax,paper_replica_corrigido,21004,Lençóis Maranhenses,MA,2012,3,111,183427,0,0.8960198387580105,-0.8960198387580105,0,7.6324641410479375,TRUE,109
P. vivax,paper_replica_corrigido,21005,Baixada Maranhense,MA,2012,1,109,576587,11.966971159599506,26.50338821949293,-14.536417059893424,6.651910057315359,169.42969241820296,TRUE,109
P. vivax,paper_replica_corrigido,21005,Baixada Maranhense,MA,2012,2,110,576587,6.4170714913794455,24.455933820988758,-18.038862329609312,7.760561733534583,155.43296500593536,FALSE,109
P. vivax,paper_replica_corrigido,21005,Baixada Maranhense,MA,2012,3,111,576587,5.8967683974838145,25.160347583585217,-19.263579186101403,5.543258381096131,176.49734685410067,TRUE,109
P. vivax,paper_replica_corrigido,21006,Itapecuru Mirim,MA,2012,1,109,218636,0.91476243619532,1.177729805545381,-0.26296736935006104,0,7.31809948956256,TRUE,109
P. vivax,paper_replica_corrigido,21006,Itapecuru Mirim,MA,2012,2,110,218636,0,1.0867664132796953,-1.0867664132796953,0,7.7983497685650836,TRUE,109
P. vivax,paper_replica_corrigido,21006,Itapecuru Mirim,MA,2012,3,111,218636,0,1.1180895253430665,-1.1180895253430665,0,9.1476243619532,TRUE,109
P. vivax,paper_replica_corrigido,21007,Gurupi,MA,2012,1,109,227567,21.971551235460325,169.968171403835,-147.99662016837465,57.5141347345683,944.6643961531282,FALSE,109
P. vivax,paper_replica_corrigido,21007,Gurupi,MA,2012,2,110,227567,11.864637667148576,156.83761908707,-144.97298141992144,44.94389039087144,1004.0746012635612,FALSE,109
P. vivax,paper_replica_corrigido,21007,Gurupi,MA,2012,3,111,227567,20.2138271366235,161.35493128262408,-141.14110414600057,39.325904092012514,1000.2824605118324,FALSE,109
P. vivax,paper_replica_corrigido,21008,Pindaré,MA,2012,1,109,634376,15.29061629065412,33.96578134309281,-18.675165052438686,7.0032241148021,205.66302760159817,TRUE,109
P. vivax,paper_replica_corrigido,21008,Pindaré,MA,2012,2,110,634376,6.935949657616303,31.341816761408804,-24.405867103792502,7.05360702210283,233.9782215046109,FALSE,109
P. vivax,paper_replica_corrigido,21008,Pindaré,MA,2012,3,111,634376,8.19703141354654,32.244553839632566,-24.047522426086026,7.05360702210283,224.1535545809674,TRUE,109
P. vivax,paper_replica_corrigido,21009,Imperatriz,MA,2012,1,109,575448,5.73466238478542,1.6843296816908622,4.050332703094558,0.17377764802380058,11.139147238325602,TRUE,109
P. vivax,paper_replica_corrigido,21009,Imperatriz,MA,2012,2,110,575448,2.432887072333208,1.5542143826967492,0.8786726896364587,0.08254438281130552,11.925491095633296,TRUE,109
P. vivax,paper_replica_corrigido,21009,Imperatriz,MA,2012,3,111,575448,2.606664720357009,1.598984015384438,1.0076807049725711,0,10.774214177475637,TRUE,109
P. vivax,paper_replica_corrigido,21010,Médio Mearim,MA,2012,1,109,414136,2.4146657136785983,1.612379762277727,0.8022859514008713,0,12.200098518361113,TRUE,109
P. vivax,paper_replica_corrigido,21010,Médio Mearim,MA,2012,2,110,414136,2.897598856414318,1.4878243648970717,1.4097744915172463,0,12.683031661096832,TRUE,109
P. vivax,paper_replica_corrigido,21010,Médio Mearim,MA,2012,3,111,414136,3.3805319991500378,1.530688536226581,1.8498434629234568,0,9.900129426082254,TRUE,109
P. vivax,paper_replica_corrigido,21011,Alto Mearim e Grajaú,MA,2012,1,109,316734,7.261613846318992,1.5405446559571754,5.721069190361817,0,11.366004281194945,TRUE,109
P. vivax,paper_replica_corrigido,21011,Alto Mearim e Grajaú,MA,2012,2,110,316734,5.0515574583088645,1.4215415461579466,3.6300159121509177,0,11.050281940050642,TRUE,109
P. vivax,paper_replica_corrigido,21011,Alto Mearim e Grajaú,MA,2012,3,111,316734,3.472945752587345,1.462496952064801,2.010448800522544,0,10.268869145718485,TRUE,109
P. vivax,paper_replica_corrigido,21012,Presidente Dutra,MA,2012,1,109,192964,5.700545179411704,1.1559164817339798,4.544628697677725,0,9.328164839037331,TRUE,109
P. vivax,paper_replica_corrigido,21012,Presidente Dutra,MA,2012,2,110,192964,1.0364627598930372,1.0666342412960297,-0.030171481402992528,0,7.527310793723171,TRUE,109
P. vivax,paper_replica_corrigido,21012,Presidente Dutra,MA,2012,3,111,192964,0.5182313799465186,1.0973766432163554,-0.5791452632698368,0,7.7734706991977776,TRUE,109
P. vivax,paper_replica_corrigido,21013,Baixo Parnaíba Maranhense,MA,2012,1,109,141956,1.4088872608413874,0.9421167893147696,0.46677047152661777,0,6.339992673786244,TRUE,109
P. vivax,paper_replica_corrigido,21013,Baixo Parnaíba Maranhense,MA,2012,2,110,141956,3.522218152103469,0.8693560232798796,2.6528621288235894,0,7.044436304206938,TRUE,109
P. vivax,paper_replica_corrigido,21013,Baixo Parnaíba Maranhense,MA,2012,3,111,141956,1.4088872608413874,0.8944152984477918,0.5144719623935956,0,9.15776719546902,TRUE,109
P. vivax,paper_replica_corrigido,21014,Chapadinha,MA,2012,1,109,225548,0.4433646053168283,0.5980932466015833,-0.15472864128475494,0,4.877010658485111,TRUE,109
P. vivax,paper_replica_corrigido,21014,Chapadinha,MA,2012,2,110,225548,0.4433646053168283,0.551901762663965,-0.10853715734713665,0,4.877010658485111,TRUE,109
P. vivax,paper_replica_corrigido,21014,Chapadinha,MA,2012,3,111,225548,0.8867292106336567,0.5678103207187988,0.31891888991485795,0,5.763739869118768,TRUE,109
P. vivax,paper_replica_corrigido,21015,Codó,MA,2012,1,109,267789,1.4937133340055042,1.0419922100438703,0.4517211239616339,0,8.411473212118487,TRUE,109
P. vivax,paper_replica_corrigido,21015,Codó,MA,2012,2,110,267789,0.37342833350137605,0.9615064068601988,-0.5880780733588228,0,6.917759878112983,TRUE,109
P. vivax,paper_replica_corrigido,21015,Codó,MA,2012,3,111,267789,0.7468566670027521,0.989218498092467,-0.24236183108971487,0,7.487238086702574,TRUE,109
P. vivax,paper_replica_corrigido,21016,Coelho Neto,MA,2012,1,109,89087,0,0.13211127751354962,-0.13211127751354962,0,1.1224982320652843,TRUE,109
P. vivax,paper_replica_corrigido,21016,Coelho Neto,MA,2012,2,110,89087,0,0.12192433991159424,-0.12192433991159424,0,1.1224982320652843,TRUE,109
P. vivax,paper_replica_corrigido,21016,Coelho Neto,MA,2012,3,111,89087,0,0.12545316661651854,-0.12545316661651854,0,2.2449964641305686,TRUE,109
P. vivax,paper_replica_corrigido,21017,Caxias,MA,2012,1,109,424136,1.178867155817945,0.31022621208493006,0.868640943733015,0,2.5935077427994795,TRUE,109
P. vivax,paper_replica_corrigido,21017,Caxias,MA,2012,2,110,424136,0.4715468623271781,0.2862663664296544,0.18528049589752366,0,1.8861874493087123,TRUE,109
P. vivax,paper_replica_corrigido,21017,Caxias,MA,2012,3,111,424136,0.7073202934907671,0.2945180593786557,0.41280223411211137,0,2.8292811739630683,TRUE,109
P. vivax,paper_replica_corrigido,21018,Chapadas do Alto Itapecuru,MA,2012,1,109,212427,0.47074995174812995,0.2861301837862303,0.18461976796189966,0,2.600893483408407,TRUE,109
P. vivax,paper_replica_corrigido,21018,Chapadas do Alto Itapecuru,MA,2012,2,110,212427,0,0.2640342801001924,-0.2640342801001924,0,2.35374975874065,TRUE,109
P. vivax,paper_replica_corrigido,21018,Chapadas do Alto Itapecuru,MA,2012,3,111,212427,0.47074995174812995,0.27165090678611487,0.19909904496201508,0,2.35374975874065,TRUE,109
P. vivax,paper_replica_corrigido,21019,Porto Franco,MA,2012,1,109,112995,1.7699898225585204,0.6651585618952095,1.1048312606633108,0,5.309969467675561,TRUE,109
P. vivax,paper_replica_corrigido,21019,Porto Franco,MA,2012,2,110,112995,1.7699898225585204,0.6137911080517248,1.1561987145067958,0,6.194964378954821,TRUE,109
P. vivax,paper_replica_corrigido,21019,Porto Franco,MA,2012,3,111,112995,0,0.6314900921154616,-0.6314900921154616,0,5.309969467675561,TRUE,109
P. vivax,paper_replica_corrigido,21020,Gerais de Balsas,MA,2012,1,109,134229,0,0.08399491726063958,-0.08399491726063958,0,1.4899909855545372,TRUE,109
P. vivax,paper_replica_corrigido,21020,Gerais de Balsas,MA,2012,2,110,134229,0,0.07751734683552362,-0.07751734683552362,0,0.7449954927772686,TRUE,109
P. vivax,paper_replica_corrigido,21020,Gerais de Balsas,MA,2012,3,111,134229,0,0.07976203256915856,-0.07976203256915856,0,1.4899909855545372,TRUE,109
P. vivax,paper_replica_corrigido,21021,Chapadas das Mangabeiras,MA,2012,1,109,69548,0,0.04481670282215971,-0.04481670282215971,0,1.4378558693276586,TRUE,109
P. vivax,paper_replica_corrigido,21021,Chapadas das Mangabeiras,MA,2012,2,110,69548,0,0.0413730414939166,-0.0413730414939166,0,1.4378558693276586,TRUE,109
P. vivax,paper_replica_corrigido,21021,Chapadas das Mangabeiras,MA,2012,3,111,69548,0,0.042582657391653,-0.042582657391653,0,1.4378558693276586,TRUE,109
P. vivax,paper_replica_corrigido,51001,Aripuanã,MT,2012,1,109,143796,33.38062254861053,321.84274934387224,-288.4621267952617,84.46304999226743,2215.376892823497,FALSE,109
P. vivax,paper_replica_corrigido,51001,Aripuanã,MT,2012,2,110,143796,25.730896547887284,296.9791605380043,-271.24826399011704,117.69259202869895,1661.254830637383,FALSE,109
P. vivax,paper_replica_corrigido,51001,Aripuanã,MT,2012,3,111,143796,15.99488163787588,305.53265037409443,-289.53776873621854,102.24474472748163,1711.5992538564592,FALSE,109
P. vivax,paper_replica_corrigido,51002,Alta Floresta,MT,2012,1,109,100528,13.926468247652394,24.59608920727328,-10.669620959620886,0,182.0197096633434,TRUE,109
P. vivax,paper_replica_corrigido,51002,Alta Floresta,MT,2012,2,110,100528,11.936972783702052,22.69610872871513,-10.75913594501308,0,181.70177130585313,TRUE,109
P. vivax,paper_replica_corrigido,51002,Alta Floresta,MT,2012,3,111,100528,4.973738659875855,23.349951379979675,-18.37621272010382,0,172.32258975988154,TRUE,109
P. vivax,paper_replica_corrigido,51003,Colíder,MT,2012,1,109,145783,22.63638421489474,24.13677642777439,-1.5003922128796496,0,166.84290473222498,TRUE,109
P. vivax,paper_replica_corrigido,51003,Colíder,MT,2012,2,110,145783,26.066139398969703,22.272240567435404,3.7938988315342996,0,138.2318678497607,TRUE,109
P. vivax,paper_replica_corrigido,51003,Colíder,MT,2012,3,111,145783,16.46282488355981,22.9138771654512,-6.451052281891389,0,157.85399659290687,TRUE,109
P. vivax,paper_replica_corrigido,51004,Parecis,MT,2012,1,109,93467,4.279585308183637,1.81634515140746,2.463240156776177,0,12.83875592455091,TRUE,109
P. vivax,paper_replica_corrigido,51004,Parecis,MT,2012,2,110,93467,1.0698963270459092,1.6760689227003809,-0.6061725956544717,0,13.90865225159682,TRUE,109
P. vivax,paper_replica_corrigido,51004,Parecis,MT,2012,3,111,93467,3.2096889811377274,1.7243849951495724,1.485303985988155,0,11.768859597505005,TRUE,109
P. vivax,paper_replica_corrigido,51005,Arinos,MT,2012,1,109,76872,1.3008637735456343,0.6809545594300729,0.6199092141155614,0,5.886408575293966,TRUE,109
P. vivax,paper_replica_corrigido,51005,Arinos,MT,2012,2,110,76872,2.6017275470912686,0.6283748715463309,1.9733526755449378,0,5.886408575293966,TRUE,109
P. vivax,paper_replica_corrigido,51005,Arinos,MT,2012,3,111,76872,0,0.6465063468660609,-0.6465063468660609,0,6.504318867728172,TRUE,109
P. vivax,paper_replica_corrigido,51006,Alto Teles Pires,MT,2012,1,109,204751,2.4419905153088384,1.9149951054966583,0.5269954098121801,0,14.651943091853031,TRUE,109
P. vivax,paper_replica_corrigido,51006,Alto Teles Pires,MT,2012,2,110,204751,0.9767962061235352,1.7670822791334042,-0.790286073009869,0,14.676362997006098,TRUE,109
P. vivax,paper_replica_corrigido,51006,Alto Teles Pires,MT,2012,3,111,204751,0.4883981030617677,1.8180027837522763,-1.3296046806905086,0,13.748406601188696,TRUE,109
P. vivax,paper_replica_corrigido,51007,Sinop,MT,2012,1,109,179412,2.7868815909749625,27.714513550527847,-24.927631959552883,0,176.4545904587962,TRUE,109
P. vivax,paper_replica_corrigido,51007,Sinop,MT,2012,2,110,179412,0.5573763181949926,25.5736349416703,-25.016258623475306,3.5629397366743314,178.3251338205501,FALSE,109
P. vivax,paper_replica_corrigido,51007,Sinop,MT,2012,3,111,179412,2.2295052727799702,26.310415311718145,-24.080910038938175,0,187.14340966881917,TRUE,109
P. vivax,paper_replica_corrigido,51008,Paranatinga,MT,2012,1,109,33544,0,14.333998755519628,-14.333998755519628,0,105.28764147984957,TRUE,109
P. vivax,paper_replica_corrigido,51008,Paranatinga,MT,2012,2,110,33544,0,13.227179229685904,-13.227179229685904,0,133.39610685229866,TRUE,109
P. vivax,paper_replica_corrigido,51008,Paranatinga,MT,2012,3,111,33544,0,13.608641615163215,-13.608641615163215,0,124.34422817303508,TRUE,109
P. vivax,paper_replica_corrigido,51009,Norte Araguaia,MT,2012,1,109,115959,0.8623737700394105,0.8596060834197772,0.002767686619633336,0,7.761363930354694,TRUE,109
P. vivax,paper_replica_corrigido,51009,Norte Araguaia,MT,2012,2,110,115959,0,0.7932237810332803,-0.7932237810332803,0,6.489362619546545,TRUE,109
P. vivax,paper_replica_corrigido,51009,Norte Araguaia,MT,2012,3,111,115959,0,0.8160991616154187,-0.8160991616154187,0,8.214110159625365,TRUE,109
P. vivax,paper_replica_corrigido,51010,Canarana,MT,2012,1,109,102483,0,0.619906875586666,-0.619906875586666,0,7.806172731087107,TRUE,109
P. vivax,paper_replica_corrigido,51010,Canarana,MT,2012,2,110,102483,0,0.5720438708455683,-0.5720438708455683,0,5.85462954831533,TRUE,109
P. vivax,paper_replica_corrigido,51010,Canarana,MT,2012,3,111,102483,0,0.5885423204341176,-0.5885423204341176,0,5.85462954831533,TRUE,109
P. vivax,paper_replica_corrigido,51011,Médio Araguaia,MT,2012,1,109,65908,0,0.1339120889791848,-0.1339120889791848,0,1.5172664926867756,TRUE,109
P. vivax,paper_replica_corrigido,51011,Médio Araguaia,MT,2012,2,110,65908,0,0.12359016350110771,-0.12359016350110771,0,1.5172664926867756,TRUE,109
P. vivax,paper_replica_corrigido,51011,Médio Araguaia,MT,2012,3,111,65908,0,0.12717188963372902,-0.12717188963372902,0,1.5172664926867756,TRUE,109
P. vivax,paper_replica_corrigido,51012,Alto Guaporé,MT,2012,1,109,69039,4.345370008256203,1.9379067739550888,2.407463234301114,0,15.93302336360608,TRUE,109
P. vivax,paper_replica_corrigido,51012,Alto Guaporé,MT,2012,2,110,69039,2.896913338837469,1.7882397701596324,1.1086735686778364,0,15.93302336360608,TRUE,109
P. vivax,paper_replica_corrigido,51012,Alto Guaporé,MT,2012,3,111,69039,0,1.8397850552590436,-1.8397850552590436,0,18.141919784469614,TRUE,109
P. vivax,paper_replica_corrigido,51013,Tangará da Serra,MT,2012,1,109,149801,1.335104572065607,0.3294046865707935,1.0056998854948134,0,2.670209144131214,TRUE,109
P. vivax,paper_replica_corrigido,51013,Tangará da Serra,MT,2012,2,110,149801,1.335104572065607,0.3039720266474642,1.0311325454181428,0,3.0206740942984207,TRUE,109
P. vivax,paper_replica_corrigido,51013,Tangará da Serra,MT,2012,3,111,149801,0.6675522860328035,0.31274189289315685,0.35481039313964663,0,3.3377614301640177,TRUE,109
P. vivax,paper_replica_corrigido,51014,Jauru,MT,2012,1,109,107679,4.643430938251655,0.26125673331459454,4.382174204937061,0,2.786058562950993,FALSE,109
P. vivax,paper_replica_corrigido,51014,Jauru,MT,2012,2,110,107679,0,0.2410895446317054,-0.2410895446317054,0,2.786058562950993,TRUE,109
P. vivax,paper_replica_corrigido,51014,Jauru,MT,2012,3,111,107679,0,0.2480513939745468,-0.2480513939745468,0,2.786058562950993,TRUE,109
P. vivax,paper_replica_corrigido,51015,Alto Paraguai,MT,2012,1,109,32743,0,0.31889041150058517,-0.31889041150058517,0,3.0540878966496656,TRUE,109
P. vivax,paper_replica_corrigido,51015,Alto Paraguai,MT,2012,2,110,32743,0,0.2943025891060688,-0.2943025891060688,0,3.0540878966496656,TRUE,109
P. vivax,paper_replica_corrigido,51015,Alto Paraguai,MT,2012,3,111,32743,3.0540878966496656,0.30282826037845895,2.7512596362712065,0,6.108175793299331,TRUE,109
P. vivax,paper_replica_corrigido,51016,Rosário Oeste,MT,2012,1,109,30778,0,0.24049781592906905,-0.24049781592906905,0,3.249074013906037,TRUE,109
P. vivax,paper_replica_corrigido,51016,Rosário Oeste,MT,2012,2,110,30778,0,0.22196108783344423,-0.22196108783344423,0,3.249074013906037,TRUE,109
P. vivax,paper_replica_corrigido,51016,Rosário Oeste,MT,2012,3,111,30778,0,0.22839553378794236,-0.22839553378794236,0,3.249074013906037,TRUE,109
P. vivax,paper_replica_corrigido,51017,Cuiabá,MT,2012,1,109,868141,1.2670752792461133,0.28384790885662087,0.9832273703894925,0,1.9582072497439933,TRUE,109
P. vivax,paper_replica_corrigido,51017,Cuiabá,MT,2012,2,110,868141,0.5759433087482333,0.2619221198783891,0.3140211888698442,0,1.9582072497439933,TRUE,109
P. vivax,paper_replica_corrigido,51017,Cuiabá,MT,2012,3,111,868141,1.03669795574682,0.2694694816107082,0.767228474136112,0,1.8430185879943464,TRUE,109
P. vivax,paper_replica_corrigido,51018,Alto Pantanal,MT,2012,1,109,133324,0,0.2036778309325324,-0.2036778309325324,0,2.250157511025772,TRUE,109
P. vivax,paper_replica_corrigido,51018,Alto Pantanal,MT,2012,2,110,133324,0,0.1879592914977012,-0.1879592914977012,0,1.893882571780008,TRUE,109
P. vivax,paper_replica_corrigido,51018,Alto Pantanal,MT,2012,3,111,133324,0,0.1933881410625887,-0.1933881410625887,0,2.250157511025772,TRUE,109
P. vivax,paper_replica_corrigido,51019,Primavera do Leste,MT,2012,1,109,87669,0,0.2811440521240354,-0.2811440521240354,0,3.421962153098587,TRUE,109
P. vivax,paper_replica_corrigido,51019,Primavera do Leste,MT,2012,2,110,87669,1.1406540510328622,0.25944932143740185,0.8812047295954604,0,2.880151478857951,TRUE,109
P. vivax,paper_replica_corrigido,51019,Primavera do Leste,MT,2012,3,111,87669,1.1406540510328622,0.26694450298602723,0.873709548046835,0,2.2813081020657244,TRUE,109
P. vivax,paper_replica_corrigido,51020,Tesouro,MT,2012,1,109,54567,0,0.06610808779574943,-0.06610808779574943,0,1.8326094525995564,TRUE,109
P. vivax,paper_replica_corrigido,51020,Tesouro,MT,2012,2,110,54567,0,0.06102372544578062,-0.06102372544578062,0,1.8326094525995564,TRUE,109
P. vivax,paper_replica_corrigido,51020,Tesouro,MT,2012,3,111,54567,0,0.06280384654681392,-0.06280384654681392,0,1.8326094525995564,TRUE,109
P. vivax,paper_replica_corrigido,51021,Rondonópolis,MT,2012,1,109,283538,0.35268641240327575,0.1910214967573274,0.16166491564594834,0,1.9485924285280904,TRUE,109
P. vivax,paper_replica_corrigido,51021,Rondonópolis,MT,2012,2,110,283538,0,0.17627300065915358,-0.17627300065915358,0,1.7634320620163788,TRUE,109
P. vivax,paper_replica_corrigido,51021,Rondonópolis,MT,2012,3,111,283538,0,0.1813573819785881,-0.1813573819785881,0,1.410745649613103,TRUE,109
P. vivax,paper_replica_corrigido,51022,Alto Araguaia,MT,2012,1,109,35554,0,0.01930305972187756,-0.01930305972187756,0,0,TRUE,109
P. vivax,paper_replica_corrigido,51022,Alto Araguaia,MT,2012,2,110,35554,0,0.01783960634420565,-0.01783960634420565,0,0,TRUE,109
P. vivax,paper_replica_corrigido,51022,Alto Araguaia,MT,2012,3,111,35554,2.8126230522585365,0.01838009642794641,2.79424295583059,0,0,FALSE,109
P. vivax,paper_replica_corrigido,11001,Porto Velho,RO,2013,1,121,613757,233.80588734629504,965.7058441208675,-731.8999567745725,325.7843743607456,6010.346763302397,FALSE,121
P. vivax,paper_replica_corrigido,11001,Porto Velho,RO,2013,2,122,613757,167.16713617930225,892.5727030484763,-725.4055668691741,328.5183384998023,5766.529237605945,FALSE,121
P. vivax,paper_replica_corrigido,11001,Porto Velho,RO,2013,3,123,613757,164.56024126812403,912.8592245385448,-748.2989832704208,289.33151917332196,5544.843802558997,FALSE,121
P. vivax,paper_replica_corrigido,11002,Guajará-Mirim,RO,2013,1,121,79879,95.14390515654928,360.9511290158537,-265.80722385930443,147.84675335280957,2478.18367223444,FALSE,121
P. vivax,paper_replica_corrigido,11002,Guajará-Mirim,RO,2013,2,122,79879,71.35792886741197,333.61655508994767,-262.25862622253567,80.02530628027581,2869.107293413588,FALSE,121
P. vivax,paper_replica_corrigido,11002,Guajará-Mirim,RO,2013,3,123,79879,76.36550282301981,341.1995101112699,-264.83400728825006,91.82903895661649,2193.493645142359,FALSE,121
P. vivax,paper_replica_corrigido,11003,Ariquemes,RO,2013,1,121,192354,86.81909396217391,706.9977275468575,-620.1786335846836,269.01444191299174,5253.175775836461,FALSE,121
P. vivax,paper_replica_corrigido,11003,Ariquemes,RO,2013,2,122,192354,54.586855485199166,653.456776767891,-598.8699212826918,238.7731643168432,4187.419981871072,FALSE,121
P. vivax,paper_replica_corrigido,11003,Ariquemes,RO,2013,3,123,192354,58.22597918421244,668.3088303310022,-610.0828511467898,245.7519206851852,4399.358166342996,FALSE,121
P. vivax,paper_replica_corrigido,11004,Ji-Paraná,RO,2013,1,121,315964,14.87511235457204,98.54214762118718,-83.66703526661514,20.231233432802952,561.2144154259531,FALSE,121
P. vivax,paper_replica_corrigido,11004,Ji-Paraná,RO,2013,2,122,315964,8.228785557848362,91.07960501214468,-82.85081945429633,29.18355422681826,558.6855112468533,FALSE,121
P. vivax,paper_replica_corrigido,11004,Ji-Paraná,RO,2013,3,123,315964,8.861769062298237,93.14977800475361,-84.28800894245538,26.30060346264383,654.8850262198303,FALSE,121
P. vivax,paper_replica_corrigido,11005,Alvorada D'Oeste,RO,2013,1,121,74999,6.666755556740757,59.044802744207416,-52.37804718746666,0,400.59207149031465,TRUE,121
P. vivax,paper_replica_corrigido,11005,Alvorada D'Oeste,RO,2013,2,122,74999,4.000053334044454,54.5735799785887,-50.573526644544245,0,370.9738279067221,TRUE,121
P. vivax,paper_replica_corrigido,11005,Alvorada D'Oeste,RO,2013,3,123,74999,6.666755556740757,55.8142696967207,-49.14751413997995,0,388.02029903396954,TRUE,121
P. vivax,paper_replica_corrigido,11006,Cacoal,RO,2013,1,121,246464,12.577901843676967,47.030327994913996,-34.45242615123703,5.057560458609052,335.93872738530064,TRUE,121
P. vivax,paper_replica_corrigido,11006,Cacoal,RO,2013,2,122,246464,7.709036613866528,43.468820144684116,-35.759783530817586,5.1872414960092765,280.111040784501,TRUE,121
P. vivax,paper_replica_corrigido,11006,Cacoal,RO,2013,3,123,246464,5.274603998961309,44.456918879877165,-39.182314880915854,5.1872414960092765,324.72131765018014,TRUE,121
P. vivax,paper_replica_corrigido,11007,Vilhena,RO,2013,1,121,149595,6.68471539824192,28.26844938211968,-21.58373398387776,0,179.68378459656282,TRUE,121
P. vivax,paper_replica_corrigido,11007,Vilhena,RO,2013,2,122,149595,1.336943079648384,26.127846100348396,-24.79090302070001,0,233.41799604250258,TRUE,121
P. vivax,paper_replica_corrigido,11007,Vilhena,RO,2013,3,123,149595,3.34235769912096,26.721854092159603,-23.379496393038643,0,205.32237455088813,TRUE,121
P. vivax,paper_replica_corrigido,11008,Colorado do Oeste,RO,2013,1,121,55202,10.869171406833086,29.786108606842106,-18.91693720000902,0,289.4977283595772,TRUE,121
P. vivax,paper_replica_corrigido,11008,Colorado do Oeste,RO,2013,2,122,55202,3.623057135611029,27.530661203719358,-23.90760406810833,0,237.67763498321258,TRUE,121
P. vivax,paper_replica_corrigido,11008,Colorado do Oeste,RO,2013,3,123,55202,5.434585703416543,28.156700961017634,-22.72211525760109,0,208.43836441889553,TRUE,121
P. vivax,paper_replica_corrigido,12001,Cruzeiro do Sul,AC,2013,1,121,138755,1669.1290403949406,2106.1198636631552,-436.9908232682146,824.6399177145507,13668.636982464383,TRUE,121
P. vivax,paper_replica_corrigido,12001,Cruzeiro do Sul,AC,2013,2,122,138755,1491.11743720947,1946.6229996132347,-455.50556240376477,743.4428308446126,11755.49540800122,TRUE,121
P. vivax,paper_replica_corrigido,12001,Cruzeiro do Sul,AC,2013,3,123,138755,1169.6875788259883,1990.8663849063646,-821.1788060803763,621.935133471868,12035.942083927894,TRUE,121
P. vivax,paper_replica_corrigido,12002,Tarauacá,AC,2013,1,121,77129,111.50151045650792,198.71683188946963,-87.21532143296172,28.800304042913147,1231.3683951585085,TRUE,121
P. vivax,paper_replica_corrigido,12002,Tarauacá,AC,2013,2,122,77129,75.1986930985751,183.66822626894228,-108.46953317036717,33.15142911414463,1256.6463598580438,TRUE,121
P. vivax,paper_replica_corrigido,12002,Tarauacá,AC,2013,3,123,77129,53.15769684554448,187.84298606615238,-134.6852892206079,33.15142911414463,1537.6047216004201,TRUE,121
P. vivax,paper_replica_corrigido,12003,Sena Madureira,AC,2013,1,121,54071,1.8494202067651793,0.9659904813496232,0.8834297254155561,0,9.247101033825896,TRUE,121
P. vivax,paper_replica_corrigido,12003,Sena Madureira,AC,2013,2,122,54071,3.6988404135303585,0.8928730364085271,2.8059673771218314,0,10.218046642377573,TRUE,121
P. vivax,paper_replica_corrigido,12003,Sena Madureira,AC,2013,3,123,54071,1.8494202067651793,0.9131990877477508,0.9362211190174284,0,9.247101033825896,TRUE,121
P. vivax,paper_replica_corrigido,12004,Rio Branco,AC,2013,1,121,444009,19.14375609503411,83.83753640518054,-64.69378031014644,25.914372439864668,559.7144525171323,FALSE,121
P. vivax,paper_replica_corrigido,12004,Rio Branco,AC,2013,2,122,444009,20.495080054683577,77.48856152003961,-56.993481465356034,21.52332599866538,566.6609440183734,FALSE,121
P. vivax,paper_replica_corrigido,12004,Rio Branco,AC,2013,3,123,444009,14.1889015763194,79.24981971164438,-65.06091813532498,22.279161861494767,559.606475965299,FALSE,121
P. vivax,paper_replica_corrigido,12005,Brasiléia,AC,2013,1,121,62499,11.200179202867249,16.750506914721118,-5.550327711853869,0,169.01621194256612,TRUE,121
P. vivax,paper_replica_corrigido,12005,Brasiléia,AC,2013,2,122,62499,4.800076801228819,15.482247701465015,-10.682170900236196,0,122.7349194136639,TRUE,121
P. vivax,paper_replica_corrigido,12005,Brasiléia,AC,2013,3,123,62499,3.200051200819213,15.834398343860984,-12.634347143041772,0,153.4186492670799,TRUE,121
P. vivax,paper_replica_corrigido,13001,Rio Negro,AM,2013,1,121,106390,831.8450982235173,1119.2620102763035,-287.4169120527862,393.40027804089846,7045.90562889057,TRUE,121
P. vivax,paper_replica_corrigido,13001,Rio Negro,AM,2013,2,122,106390,990.6946141554656,1034.5001876681433,-43.80557351267771,351.04102702618553,6013.060912659478,TRUE,121
P. vivax,paper_replica_corrigido,13001,Rio Negro,AM,2013,3,123,106390,887.3014381050851,1058.012861441358,-170.7114233362728,333.31623404839775,6635.8320286417575,TRUE,121
P. vivax,paper_replica_corrigido,13002,Japurá,AM,2013,1,121,24393,159.8819333415324,272.3153246922304,-112.43339135069797,0,1704.6767953739093,TRUE,121
P. vivax,paper_replica_corrigido,13002,Japurá,AM,2013,2,122,24393,135.2847128274505,251.69365331444885,-116.40894048699835,0,1521.237324695702,TRUE,121
P. vivax,paper_replica_corrigido,13002,Japurá,AM,2013,3,123,24393,131.1851760751035,257.41574168622134,-126.23056561111784,0,1718.4347556747741,TRUE,121
P. vivax,paper_replica_corrigido,13003,Alto Solimões,AM,2013,1,121,240175,286.4577911939211,337.2411250764773,-50.783333882556235,99.74102028836126,1860.9452004168663,TRUE,121
P. vivax,paper_replica_corrigido,13003,Alto Solimões,AM,2013,2,122,240175,341.41771624856875,311.7020915083121,29.715624740256658,116.97445875045968,1763.5995615363668,TRUE,121
P. vivax,paper_replica_corrigido,13003,Alto Solimões,AM,2013,3,123,240175,543.7701675861351,318.78671210688384,224.9834554792513,94.41795049311851,2547.4215888858625,TRUE,121
P. vivax,paper_replica_corrigido,13004,Juruá,AM,2013,1,121,139876,571.2202236266407,485.8756271743169,85.34459645232386,129.90241745710068,2634.9511467133793,TRUE,121
P. vivax,paper_replica_corrigido,13004,Juruá,AM,2013,2,122,139876,514.7416282993509,449.0804722378204,65.66115606153045,139.270929534042,2742.117784861804,TRUE,121
P. vivax,paper_replica_corrigido,13004,Juruá,AM,2013,3,123,139876,993.7373101890246,459.2876949847153,534.4496152043093,143.84093542523286,3449.89744725999,TRUE,121
P. vivax,paper_replica_corrigido,13005,Tefé,AM,2013,1,121,90852,157.39884647558668,661.3756342974084,-503.97678782182174,235.5299054683694,3824.2387414397463,FALSE,121
P. vivax,paper_replica_corrigido,13005,Tefé,AM,2013,2,122,90852,112.27050587769118,611.2899826127117,-499.01947673502053,210.7280259530296,3607.178320716841,FALSE,121
P. vivax,paper_replica_corrigido,13005,Tefé,AM,2013,3,123,90852,186.01681856205695,625.1839985925349,-439.1671800304779,228.49391127962056,4310.60183973701,FALSE,121
P. vivax,paper_replica_corrigido,13006,Coari,AM,2013,1,121,166344,85.9664310104362,384.36312799524137,-298.3966969848052,107.40750688820886,2506.0150421993962,FALSE,121
P. vivax,paper_replica_corrigido,13006,Coari,AM,2013,2,122,166344,62.52104073486269,355.2555276228492,-292.73448688798646,132.48206797749552,2453.7523554845634,FALSE,121
P. vivax,paper_replica_corrigido,13006,Coari,AM,2013,3,123,166344,55.30707449622469,363.33014812371033,-308.02307362748564,116.91854730138657,2561.159862372769,FALSE,121
P. vivax,paper_replica_corrigido,13007,Manaus,AM,2013,1,121,2242712,52.39192549021007,261.9601449692947,-209.5682194790846,116.56191397005509,1820.9966599036222,FALSE,121
P. vivax,paper_replica_corrigido,13007,Manaus,AM,2013,2,122,2242712,38.79231929913426,242.1218493464063,-203.32953004727204,101.62648349681658,1585.2078267168556,FALSE,121
P. vivax,paper_replica_corrigido,13007,Manaus,AM,2013,3,123,2242712,27.332979000424487,247.62482943321658,-220.2918504327921,82.6294140112947,1304.8977294094793,FALSE,121
P. vivax,paper_replica_corrigido,13008,Rio Preto da Eva,AM,2013,1,121,59977,498.5244343665072,1000.0452346729053,-501.5208003063981,341.05561480499,6236.788106047172,TRUE,121
P. vivax,paper_replica_corrigido,13008,Rio Preto da Eva,AM,2013,2,122,59977,301.78234990079534,924.3119056947555,-622.5295557939602,217.15650473911478,5999.64787387809,TRUE,121
P. vivax,paper_replica_corrigido,13008,Rio Preto da Eva,AM,2013,3,123,59977,248.42856428297517,945.3202143414985,-696.8916500585233,335.46017112459566,7620.461393298994,FALSE,121
P. vivax,paper_replica_corrigido,13009,Itacoatiara,AM,2013,1,121,165918,12.05414722935426,190.7154356202381,-178.66128839088384,48.06257275793937,1410.4775861067415,FALSE,121
P. vivax,paper_replica_corrigido,13009,Itacoatiara,AM,2013,2,122,165918,9.643317783483408,176.27273239718133,-166.62941461369792,51.91528400106076,1226.317988685538,FALSE,121
P. vivax,paper_replica_corrigido,13009,Itacoatiara,AM,2013,3,123,165918,7.835195699080268,180.2792585795173,-172.44406288043703,46.2325349174567,1214.7598549561737,FALSE,121
P. vivax,paper_replica_corrigido,13010,Parintins,AM,2013,1,121,262719,12.560949150994029,47.39481250480842,-34.833863353814394,12.165738755784982,322.4529057220809,TRUE,121
P. vivax,paper_replica_corrigido,13010,Parintins,AM,2013,2,122,262719,7.993331277905291,43.805687689991665,-35.81235641208637,7.29944325347099,323.97362306655384,TRUE,121
P. vivax,paper_replica_corrigido,13010,Parintins,AM,2013,3,123,262719,18.270471492354947,44.8014571281795,-26.530985635824553,12.165738755784982,329.20489073154107,TRUE,121
P. vivax,paper_replica_corrigido,13011,Boca do Acre,AM,2013,1,121,51941,80.86097687761114,357.6440887106166,-276.7831118330055,86.14849556715322,2147.866598408202,FALSE,121
P. vivax,paper_replica_corrigido,13011,Boca do Acre,AM,2013,2,122,51941,63.53362468955161,330.560078472334,-267.02645378278237,73.84156762898849,2589.3776381898583,FALSE,121
P. vivax,paper_replica_corrigido,13011,Boca do Acre,AM,2013,3,123,51941,125.14198802487438,338.07386412798024,-212.93187610310588,73.84156762898849,3048.11837708494,TRUE,121
P. vivax,paper_replica_corrigido,13012,Purus,AM,2013,1,121,74737,385.35129855359463,809.4490838826968,-424.0977853291021,209.3374857873124,5118.611577912842,TRUE,121
P. vivax,paper_replica_corrigido,13012,Purus,AM,2013,2,122,74737,351.90066499859506,748.1499000375102,-396.2492350389151,264.71890439703037,4957.171535247459,TRUE,121
P. vivax,paper_replica_corrigido,13012,Purus,AM,2013,3,123,74737,382.67524786919466,765.1549661219951,-382.47971825280047,256.16578955383073,5534.29295929235,TRUE,121
P. vivax,paper_replica_corrigido,13013,Madeira,AM,2013,1,121,181887,98.96254267759652,681.7775813259041,-582.8150386483076,284.49534029222326,3976.433017586608,FALSE,121
P. vivax,paper_replica_corrigido,13013,Madeira,AM,2013,2,122,181887,83.0185774684282,630.146648780046,-547.1280713116178,244.1669396763707,4593.396044001665,FALSE,121
P. vivax,paper_replica_corrigido,13013,Madeira,AM,2013,3,123,181887,63.226068932908895,644.4689979968912,-581.2429290639823,227.91257341507946,5062.751852476369,FALSE,121
P. vivax,paper_replica_corrigido,14001,Boa Vista,RR,2013,1,121,347279,149.44756233460703,223.19857876840655,-73.75101643379952,78.18344981394854,1610.238537898579,TRUE,121
P. vivax,paper_replica_corrigido,14001,Boa Vista,RR,2013,2,122,347279,110.86187186671236,206.29578641078592,-95.43391454407356,81.86483650324571,1443.8398595423475,TRUE,121
P. vivax,paper_replica_corrigido,14001,Boa Vista,RR,2013,3,123,347279,119.78841219883724,210.98459916967667,-91.19618697083943,79.9321084913647,1421.1072967359382,TRUE,121
P. vivax,paper_replica_corrigido,14002,Nordeste de Roraima,RR,2013,1,121,45799,137.5575885936374,904.8358382228744,-767.2782496292369,285.7773990511039,6435.051029670886,FALSE,121
P. vivax,paper_replica_corrigido,14002,Nordeste de Roraima,RR,2013,2,122,45799,100.43887421122731,836.3133057354432,-735.8744315242159,243.90525266998975,5309.388161125264,FALSE,121
P. vivax,paper_replica_corrigido,14002,Nordeste de Roraima,RR,2013,3,123,45799,128.82377344483504,855.3217050763985,-726.4979316315635,257.86263479702774,4922.419741653138,FALSE,121
P. vivax,paper_replica_corrigido,14003,Caracaraí,RR,2013,1,121,45348,205.08070918232335,851.6717185083046,-646.5910093259813,204.04238852704012,5863.663735235607,TRUE,121
P. vivax,paper_replica_corrigido,14003,Caracaraí,RR,2013,2,122,45348,110.25844579694804,787.1749309982947,-676.9164852013466,267.8276602427469,5356.553204854926,FALSE,121
P. vivax,paper_replica_corrigido,14003,Caracaraí,RR,2013,3,123,45348,121.28429037664284,805.0665316116678,-683.7822412350249,260.42715910446054,5801.640487600451,FALSE,121
P. vivax,paper_replica_corrigido,14004,Sudeste de Roraima,RR,2013,1,121,49646,338.3958425653628,673.1071766484765,-334.71133408311374,218.88934553872733,4417.058234532965,TRUE,121
P. vivax,paper_replica_corrigido,14004,Sudeste de Roraima,RR,2013,2,122,49646,308.18192805059823,622.1331547448533,-313.95122669425507,186.37783980429873,3773.2660417720017,TRUE,121
P. vivax,paper_replica_corrigido,14004,Sudeste de Roraima,RR,2013,3,123,49646,350.48140837126857,636.2736796963391,-285.7922713250705,179.61802178030865,3867.9034941078594,TRUE,121
P. vivax,paper_replica_corrigido,15001,Óbidos,PA,2013,1,121,193769,4.12862738621761,45.69823381204185,-41.56960642582424,3.298949491591612,303.9981956501666,TRUE,121
P. vivax,paper_replica_corrigido,15001,Óbidos,PA,2013,2,122,193769,5.160784232772012,42.237659061750996,-37.07687482897899,3.298949491591612,310.26619968419095,TRUE,121
P. vivax,paper_replica_corrigido,15001,Óbidos,PA,2013,3,123,193769,5.676862656049213,43.197825630290694,-37.520962974241485,1.5670010085060206,292.3693986923063,TRUE,121
P. vivax,paper_replica_corrigido,15002,Santarém,PA,2013,1,121,499965,16.801176082325764,78.50967243614926,-61.70849635382349,17.8998090196454,471.3083642761988,FALSE,121
P. vivax,paper_replica_corrigido,15002,Santarém,PA,2013,2,122,499965,18.20127408918624,72.56418664283628,-54.362912553650034,22.342797329878813,492.5004595976717,FALSE,121
P. vivax,paper_replica_corrigido,15002,Santarém,PA,2013,3,123,499965,13.600952066644664,74.21349043358694,-60.612538366942275,25.5072278529947,516.6012738848374,FALSE,121
P. vivax,paper_replica_corrigido,15003,Almeirim,PA,2013,1,121,70403,31.24866838060878,140.76044179636753,-109.51177341575875,27.23893061529545,1076.1647503926306,TRUE,121
P. vivax,paper_replica_corrigido,15003,Almeirim,PA,2013,2,122,70403,51.13418462281437,130.1010379948422,-78.96685337202783,9.079643538431817,831.0143748549717,TRUE,121
P. vivax,paper_replica_corrigido,15003,Almeirim,PA,2013,3,123,70403,72.44009488232035,133.05823409779651,-60.61813921547616,31.55176129605058,939.9700973161536,TRUE,121
P. vivax,paper_replica_corrigido,15004,Portel,PA,2013,1,121,139347,42.34034460734713,199.55630329136716,-157.21595868402002,38.877832825298896,1348.7970261307946,TRUE,121
P. vivax,paper_replica_corrigido,15004,Portel,PA,2013,2,122,139347,68.17513114742334,184.44431471741586,-116.26918356999252,50.46090396203984,1352.6962778005893,TRUE,121
P. vivax,paper_replica_corrigido,15004,Portel,PA,2013,3,123,139347,71.04566298520959,188.6367646795198,-117.59110169431023,52.63989754221884,1103.3735386790577,TRUE,121
P. vivax,paper_replica_corrigido,15005,Furos de Breves,PA,2013,1,121,214867,282.0349332377703,879.4177923705611,-597.3828591327908,321.97180226986643,5702.3742388613155,FALSE,121
P. vivax,paper_replica_corrigido,15005,Furos de Breves,PA,2013,2,122,214867,221.53238980392524,812.8196019057256,-591.2872121018004,300.03101186339603,5055.75311413639,FALSE,121
P. vivax,paper_replica_corrigido,15005,Furos de Breves,PA,2013,3,123,214867,160.56444218981974,831.2936644014652,-670.7292222116455,277.9414703355257,6129.587459521541,FALSE,121
P. vivax,paper_replica_corrigido,15006,Arari,PA,2013,1,121,162836,23.3363629664202,77.71220229716393,-54.37583933074373,7.8512631609252885,544.1906778416335,TRUE,121
P. vivax,paper_replica_corrigido,15006,Arari,PA,2013,2,122,162836,15.966985187550664,71.82743966837232,-55.86045448082166,7.8512631609252885,669.6146068374153,TRUE,121
P. vivax,paper_replica_corrigido,15006,Arari,PA,2013,3,123,162836,12.896411113021689,73.46024021147215,-60.56382909845047,19.62815790231322,648.7106186714509,FALSE,121
P. vivax,paper_replica_corrigido,15007,Belém,PA,2013,1,121,2222335,1.5299223564404107,1.131499964380701,0.39842239205970964,0.2699862981953666,7.7441069865704275,TRUE,121
P. vivax,paper_replica_corrigido,15007,Belém,PA,2013,2,122,2222335,1.3049337746109384,1.045813206440758,0.2591205681701805,0.314984014561261,8.136712061862848,TRUE,121
P. vivax,paper_replica_corrigido,15007,Belém,PA,2013,3,123,2222335,0.9449520436837828,1.0695848944228312,-0.1246328507390484,0.1799908654635777,6.799154942886645,TRUE,121
P. vivax,paper_replica_corrigido,15008,Castanhal,PA,2013,1,121,314158,0.9549335047969492,1.581457981732456,-0.626524476935507,0,11.626315420902852,TRUE,121
P. vivax,paper_replica_corrigido,15008,Castanhal,PA,2013,2,122,314158,0.6366223365312995,1.4617048188884914,-0.8250824823571918,0,13.066673457304908,TRUE,121
P. vivax,paper_replica_corrigido,15008,Castanhal,PA,2013,3,123,314158,1.273244673062599,1.4949375036355814,-0.2216928305729824,0,10.185957384500792,TRUE,121
P. vivax,paper_replica_corrigido,15009,Salgado,PA,2013,1,121,256020,10.155456604952738,54.54488364367751,-44.38942703872477,17.477693181210476,398.3041435332286,FALSE,121
P. vivax,paper_replica_corrigido,15009,Salgado,PA,2013,2,122,256020,14.842590422623232,50.41430967761282,-35.57171925498959,8.676426257815203,380.13982669132724,TRUE,121
P. vivax,paper_replica_corrigido,15009,Salgado,PA,2013,3,123,256020,25.77923599718772,51.560310965687506,-25.781074968499787,7.49043993480449,337.8188410596818,TRUE,121
P. vivax,paper_replica_corrigido,15010,Bragantina,PA,2013,1,121,397869,0.7540170257044404,34.99858702473003,-34.244569999025586,7.189735301222421,255.53684908590512,FALSE,121
P. vivax,paper_replica_corrigido,15010,Bragantina,PA,2013,2,122,397869,1.0053560342725871,32.348226973760625,-31.342870939488037,8.033223800248512,225.17126312096562,FALSE,121
P. vivax,paper_replica_corrigido,15010,Bragantina,PA,2013,3,123,397869,0.7540170257044404,33.08357126017537,-32.329554234470926,10.403024821321827,218.50368736675955,FALSE,121
P. vivax,paper_replica_corrigido,15011,Cametá,PA,2013,1,121,460628,15.413739503460492,44.62482679333257,-29.211087289872083,11.761137774314466,310.5426083123559,TRUE,121
P. vivax,paper_replica_corrigido,15011,Cametá,PA,2013,2,122,460628,14.54535981312469,41.24549393065252,-26.70013411752783,8.326469220753603,284.5223919975006,TRUE,121
P. vivax,paper_replica_corrigido,15011,Cametá,PA,2013,3,123,460628,8.900891825941976,42.18304760133585,-33.282155775393875,11.101958961004806,250.48794905767028,FALSE,121
P. vivax,paper_replica_corrigido,15012,Tomé-Açu,PA,2013,1,121,308695,11.661996469006626,73.92323263805493,-62.2612361690483,17.54971531999846,552.5313026853785,FALSE,121
P. vivax,paper_replica_corrigido,15012,Tomé-Açu,PA,2013,2,122,308695,6.154942580864608,68.32506053850194,-62.17011795763734,13.408189580765784,424.35108105612704,FALSE,121
P. vivax,paper_replica_corrigido,15012,Tomé-Açu,PA,2013,3,123,308695,4.211276502696837,69.8780600889363,-65.66678358623946,18.53332768306622,513.2903463061488,FALSE,121
P. vivax,paper_replica_corrigido,15013,Guamá,PA,2013,1,121,450804,3.1055625061002123,125.79565089238294,-122.69008838628272,26.94175015458622,686.2347361743147,FALSE,121
P. vivax,paper_replica_corrigido,15013,Guamá,PA,2013,2,122,450804,1.5527812530501062,116.2692231510282,-114.7164418979781,33.21634196690433,787.7980443228547,FALSE,121
P. vivax,paper_replica_corrigido,15013,Guamá,PA,2013,3,123,450804,0.6654776798786168,118.91191316771325,-118.24643548783463,38.95918871038192,985.6426596027819,FALSE,121
P. vivax,paper_replica_corrigido,15014,Itaituba,PA,2013,1,121,212956,652.2474126110558,576.7318911781141,75.51552143294168,194.96167121448644,3923.247179019765,TRUE,121
P. vivax,paper_replica_corrigido,15014,Itaituba,PA,2013,2,122,212956,537.6697533762842,533.0559312032731,4.613822173011158,160.36685580652713,3924.5979527233258,TRUE,121
P. vivax,paper_replica_corrigido,15014,Itaituba,PA,2013,3,123,212956,486.4854711771446,545.1714053568642,-58.685934179719595,205.54273189240894,3643.0366785136466,TRUE,121
P. vivax,paper_replica_corrigido,15015,Altamira,PA,2013,1,121,287193,112.11972436654096,460.9427639808995,-348.82303961435855,185.798644721226,2963.8751160321585,FALSE,121
P. vivax,paper_replica_corrigido,15015,Altamira,PA,2013,2,122,287193,68.94318454836991,426.035539650333,-357.0923551019631,133.32541262415617,2787.2578958029953,FALSE,121
P. vivax,paper_replica_corrigido,15015,Altamira,PA,2013,3,123,287193,43.87293562168995,435.7185671164057,-391.8456314947158,151.35439162675493,2702.0654055160235,FALSE,121
P. vivax,paper_replica_corrigido,15016,Tucuruí,PA,2013,1,121,350813,62.99652521428795,374.0548718247189,-311.05834661043093,111.1511910510988,2285.068051436565,FALSE,121
P. vivax,paper_replica_corrigido,15016,Tucuruí,PA,2013,2,122,350813,37.62688383839824,345.72769073246644,-308.1008068940682,133.79141316273657,2089.141300325591,FALSE,121
P. vivax,paper_replica_corrigido,15016,Tucuruí,PA,2013,3,123,350813,24.22943277472614,353.58547940298706,-329.3560466282609,133.7003056290881,3096.1073159749903,FALSE,121
P. vivax,paper_replica_corrigido,15017,Paragominas,PA,2013,1,121,316737,22.100354552830897,193.86722285396672,-171.76686830113582,58.527390791256586,1156.6223331885913,FALSE,121
P. vivax,paper_replica_corrigido,15017,Paragominas,PA,2013,2,122,316737,24.941828709623444,179.18570517869364,-154.2438764690702,52.27101453426021,1140.1236635431244,FALSE,121
P. vivax,paper_replica_corrigido,15017,Paragominas,PA,2013,3,123,316737,9.155861171887086,183.258333265332,-174.1024720934449,61.50421497805327,1053.7957621260196,FALSE,121
P. vivax,paper_replica_corrigido,15018,São Félix do Xingu,PA,2013,1,121,187552,3.732298242620713,32.940900953016694,-29.20860271039598,0,226.7373924672048,TRUE,121
P. vivax,paper_replica_corrigido,15018,São Félix do Xingu,PA,2013,2,122,187552,3.732298242620713,30.44648133751808,-26.714183094897365,0,204.66862709741667,TRUE,121
P. vivax,paper_replica_corrigido,15018,São Félix do Xingu,PA,2013,3,123,187552,3.732298242620713,31.138715787992037,-27.406417545371326,5.027247709720068,201.08990838880254,FALSE,121
P. vivax,paper_replica_corrigido,15019,Parauapebas,PA,2013,1,121,283946,5.987053876441295,21.129573047870608,-15.142519171429313,0,148.69522801374902,TRUE,121
P. vivax,paper_replica_corrigido,15019,Parauapebas,PA,2013,2,122,283946,4.226155677487973,19.529515564694908,-15.303359887206934,0,150.9464805196347,TRUE,121
P. vivax,paper_replica_corrigido,15019,Parauapebas,PA,2013,3,123,283946,1.0565389193719932,19.97347073936977,-18.916931819997778,2.2512525058856796,185.89717567350982,FALSE,121
P. vivax,paper_replica_corrigido,15020,Marabá,PA,2013,1,121,304066,3.28875967717535,68.48357621136395,-65.1948165341886,24.12374880064055,517.6357340686452,FALSE,121
P. vivax,paper_replica_corrigido,15020,Marabá,PA,2013,2,122,304066,3.617635644892885,63.297405368446334,-59.67976972355345,11.510023937560524,407.160527142837,FALSE,121
P. vivax,paper_replica_corrigido,15020,Marabá,PA,2013,3,123,304066,1.644379838587675,64.73615214246128,-63.091772303873604,17.816886369100537,396.8593185046548,FALSE,121
P. vivax,paper_replica_corrigido,15021,Redenção,PA,2013,1,121,187783,14.378298355016163,13.832447216579554,0.5458511384366087,0,91.91099241666078,TRUE,121
P. vivax,paper_replica_corrigido,15021,Redenção,PA,2013,2,122,187783,9.05300266797314,12.785014709652879,-3.7320120416797398,0,107.31459392352699,TRUE,121
P. vivax,paper_replica_corrigido,15021,Redenção,PA,2013,3,123,187783,6.390354824451627,13.075718928021498,-6.685364103569871,0,95.31510324690748,TRUE,121
P. vivax,paper_replica_corrigido,15022,Conceição do Araguaia,PA,2013,1,121,146912,4.08407754301895,36.621482864947545,-32.537405321928595,0,250.51667558051787,TRUE,121
P. vivax,paper_replica_corrigido,15022,Conceição do Araguaia,PA,2013,2,122,146912,0.6806795905031584,33.848459585459814,-33.16777999495665,0,239.53005628671326,TRUE,121
P. vivax,paper_replica_corrigido,15022,Conceição do Araguaia,PA,2013,3,123,146912,1.3613591810063168,34.618089627908596,-33.25673044690228,2.0667897681414935,261.28573805662364,FALSE,121
P. vivax,paper_replica_corrigido,16001,Oiapoque,AP,2013,1,121,32779,1418.591171176668,1963.8160847596494,-545.2249135829813,603.5662087898,13156.085738443258,TRUE,121
P. vivax,paper_replica_corrigido,16001,Oiapoque,AP,2013,2,122,32779,1226.3949479849905,1815.0966124670274,-588.7016644820369,407.5778275834192,12991.787020864773,TRUE,121
P. vivax,paper_replica_corrigido,16001,Oiapoque,AP,2013,3,123,32779,985.3869855700297,1856.3514048345694,-870.9644192645397,593.3280097715565,11971.379852046435,TRUE,121
P. vivax,paper_replica_corrigido,16002,Amapá,AP,2013,1,121,27052,236.5813987875203,240.0053015270271,-3.4239027395067865,34.85399831633218,1681.2623594623917,TRUE,121
P. vivax,paper_replica_corrigido,16002,Amapá,AP,2013,2,122,27052,203.31213958302527,221.83059021667165,-18.51845063364638,0,1560.7502296906694,TRUE,121
P. vivax,paper_replica_corrigido,16002,Amapá,AP,2013,3,123,27052,147.86337424220022,226.87300422153098,-79.00962997933075,0,1890.386349360388,TRUE,121
P. vivax,paper_replica_corrigido,16003,Macapá,AP,2013,1,121,598870,104.8641608362416,166.58981324115524,-61.725652404913646,59.77442861727593,939.7927799300104,TRUE,121
P. vivax,paper_replica_corrigido,16003,Macapá,AP,2013,2,122,598870,84.32547965334713,153.97396770456191,-69.64848805121478,46.912252459451395,1110.1232164764713,TRUE,121
P. vivax,paper_replica_corrigido,16003,Macapá,AP,2013,3,123,598870,58.27642059211515,157.47351744288025,-99.19709685076509,46.912252459451395,1089.9760318309166,TRUE,121
P. vivax,paper_replica_corrigido,16004,Mazagão,AP,2013,1,121,76295,247.7226554820106,288.55940241952135,-40.83674693751075,75.4060855406768,2337.798113109693,TRUE,121
P. vivax,paper_replica_corrigido,16004,Mazagão,AP,2013,2,122,76295,233.30493479258143,266.70705156753127,-33.40211677494983,41.892269744820446,1914.6861886870179,TRUE,121
P. vivax,paper_replica_corrigido,16004,Mazagão,AP,2013,3,123,76295,169.08054263057866,272.7691602122081,-103.68861758162942,66.60870889426454,1994.4909625509008,TRUE,121
P. vivax,paper_replica_corrigido,17001,Bico do Papagaio,TO,2013,1,121,207214,2.8955572499927613,0.5266014330664011,2.36895581692636,0,5.079290009362291,TRUE,121
P. vivax,paper_replica_corrigido,17001,Bico do Papagaio,TO,2013,2,122,207214,2.4129643749939675,0.48673267923217545,1.9262316957617922,0,4.825928749987935,TRUE,121
P. vivax,paper_replica_corrigido,17001,Bico do Papagaio,TO,2013,3,123,207214,1.930371499995174,0.497804844663182,1.432566655331992,0,4.596697134363497,TRUE,121
P. vivax,paper_replica_corrigido,17002,Araguaína,TO,2013,1,121,298783,0,0.427512508744331,-0.427512508744331,0,4.01629276096699,TRUE,121
P. vivax,paper_replica_corrigido,17002,Araguaína,TO,2013,2,122,298783,0,0.3951452094516874,-0.3951452094516874,0,3.522623442431456,TRUE,121
P. vivax,paper_replica_corrigido,17002,Araguaína,TO,2013,3,123,298783,0,0.4041339963700888,-0.4041339963700888,0,3.522623442431456,TRUE,121
P. vivax,paper_replica_corrigido,17003,Miracema do Tocantins,TO,2013,1,121,147591,0,0.5724946381310042,-0.5724946381310042,0,4.742836622829305,TRUE,121
P. vivax,paper_replica_corrigido,17003,Miracema do Tocantins,TO,2013,2,122,147591,0,0.5291549704369416,-0.5291549704369416,0,4.742836622829305,TRUE,121
P. vivax,paper_replica_corrigido,17003,Miracema do Tocantins,TO,2013,3,123,147591,0,0.5411973969430622,-0.5411973969430622,0,5.7760974585171025,TRUE,121
P. vivax,paper_replica_corrigido,17004,Rio Formoso,TO,2013,1,121,122527,0,0.35025138600799577,-0.35025138600799577,0,3.6930635696621783,TRUE,121
P. vivax,paper_replica_corrigido,17004,Rio Formoso,TO,2013,2,122,122527,0,0.3237426093980332,-0.3237426093980332,0,3.264586580916859,TRUE,121
P. vivax,paper_replica_corrigido,17004,Rio Formoso,TO,2013,3,123,122527,0,0.33111493954620985,-0.33111493954620985,0,3.264586580916859,TRUE,121
P. vivax,paper_replica_corrigido,17005,Gurupi,TO,2013,1,121,144769,0,0.08167597205703324,-0.08167597205703324,0,1.3815112351401198,TRUE,121
P. vivax,paper_replica_corrigido,17005,Gurupi,TO,2013,2,122,144769,0,0.07549979608091048,-0.07549979608091048,0,0.6907556175700599,TRUE,121
P. vivax,paper_replica_corrigido,17005,Gurupi,TO,2013,3,123,144769,0,0.07722611264121552,-0.07722611264121552,0,1.0534023167943256,TRUE,121
P. vivax,paper_replica_corrigido,17006,Porto Nacional,TO,2013,1,121,358276,0.8373432772499414,0.23248133926269032,0.6048619379872511,0,2.2329154059998437,TRUE,121
P. vivax,paper_replica_corrigido,17006,Porto Nacional,TO,2013,2,122,358276,0.5582288514999609,0.21488302936515535,0.3433458221348056,0,1.6746865544998828,TRUE,121
P. vivax,paper_replica_corrigido,17006,Porto Nacional,TO,2013,3,123,358276,0,0.21977430962758016,-0.21977430962758016,0,2.1003360537685967,TRUE,121
P. vivax,paper_replica_corrigido,17007,Jalapão,TO,2013,1,121,76288,0,0.01313415486465728,-0.01313415486465728,0,0,TRUE,121
P. vivax,paper_replica_corrigido,17007,Jalapão,TO,2013,2,122,76288,0,0.01214976978768725,-0.01214976978768725,0,0,TRUE,121
P. vivax,paper_replica_corrigido,17007,Jalapão,TO,2013,3,123,76288,0,0.01243591290738565,-0.01243591290738565,0,0,TRUE,121
P. vivax,paper_replica_corrigido,17008,Dianópolis,TO,2013,1,121,122716,0,0.02352008163409096,-0.02352008163409096,0,0.8148896639395026,TRUE,121
P. vivax,paper_replica_corrigido,17008,Dianópolis,TO,2013,2,122,122716,0,0.02174677723923206,-0.02174677723923206,0,0.8148896639395026,TRUE,121
P. vivax,paper_replica_corrigido,17008,Dianópolis,TO,2013,3,123,122716,0,0.02224897862490272,-0.02224897862490272,0,0.8148896639395026,TRUE,121
P. vivax,paper_replica_corrigido,21001,Litoral Ocidental Maranhense,MA,2013,1,121,186262,1.6106344826105163,23.194303214580778,-21.58366873197026,0,152.80572668183774,TRUE,121
P. vivax,paper_replica_corrigido,21001,Litoral Ocidental Maranhense,MA,2013,2,122,186262,0.5368781608701721,21.43790538109492,-20.901027220224748,0,132.21427558490282,TRUE,121
P. vivax,paper_replica_corrigido,21001,Litoral Ocidental Maranhense,MA,2013,3,123,186262,0,21.92533281831776,-21.92533281831776,0,149.5454135914896,TRUE,121
P. vivax,paper_replica_corrigido,21002,Aglomeração Urbana de São Luís,MA,2013,1,121,1366266,0.3659609475753623,0.29719638226258716,0.06876456531277514,0,2.272617484442997,TRUE,121
P. vivax,paper_replica_corrigido,21002,Aglomeração Urbana de São Luís,MA,2013,2,122,1366266,0.4391531370904348,0.2746921945245354,0.16446094256589938,0,2.053040915897779,TRUE,121
P. vivax,paper_replica_corrigido,21002,Aglomeração Urbana de São Luís,MA,2013,3,123,1366266,0.14638437903014495,0.2809387949255472,-0.13455441589540224,0,1.902996927391884,TRUE,121
P. vivax,paper_replica_corrigido,21003,Rosário,MA,2013,1,121,168740,0.592627711271779,1.7305310520177926,-1.1379033407460135,0,12.756311485125032,TRUE,121
P. vivax,paper_replica_corrigido,21003,Rosário,MA,2013,2,122,168740,0.592627711271779,1.5994975749080125,-1.0068698636362334,0,10.385800640037914,TRUE,121
P. vivax,paper_replica_corrigido,21003,Rosário,MA,2013,3,123,168740,0,1.6358737339539466,-1.6358737339539466,0,14.815692781794477,TRUE,121
P. vivax,paper_replica_corrigido,21004,Lençóis Maranhenses,MA,2013,1,121,186318,0,0.5250531194203558,-0.5250531194203558,0,4.830451164138731,TRUE,121
P. vivax,paper_replica_corrigido,21004,Lençóis Maranhenses,MA,2013,2,122,186318,0,0.4853068557839808,-0.4853068557839808,0,4.293734368123316,TRUE,121
P. vivax,paper_replica_corrigido,21004,Lençóis Maranhenses,MA,2013,3,123,186318,0,0.4963525931448331,-0.4963525931448331,0,5.367167960154145,TRUE,121
P. vivax,paper_replica_corrigido,21005,Baixada Maranhense,MA,2013,1,121,581920,5.499037668408028,16.30058197808383,-10.801544309675801,3.2954743471759786,140.6618300519613,TRUE,121
P. vivax,paper_replica_corrigido,21005,Baixada Maranhense,MA,2013,2,122,581920,3.436898542755018,15.066176754124276,-11.629278211369257,0,96.14546407885913,TRUE,121
P. vivax,paper_replica_corrigido,21005,Baixada Maranhense,MA,2013,3,123,581920,3.093208688479516,15.408649124854435,-12.315440436374919,1.0984914490586593,108.2288700185044,TRUE,121
P. vivax,paper_replica_corrigido,21006,Itapecuru Mirim,MA,2013,1,121,223241,1.3438391693282148,0.6594927300229024,0.6843464393053124,0,5.162582142169215,TRUE,121
P. vivax,paper_replica_corrigido,21006,Itapecuru Mirim,MA,2013,2,122,223241,0,0.6095631905163666,-0.6095631905163666,0,5.162582142169215,TRUE,121
P. vivax,paper_replica_corrigido,21006,Itapecuru Mirim,MA,2013,3,123,223241,0.8958927795521432,0.6234323301738217,0.2724604493783215,0,4.714635752393143,TRUE,121
P. vivax,paper_replica_corrigido,21007,Gurupi,MA,2013,1,121,230990,10.390060175765186,100.1311984230808,-89.74113824731562,27.6736717622501,575.7507410136133,FALSE,121
P. vivax,paper_replica_corrigido,21007,Gurupi,MA,2013,2,122,230990,11.255898523745618,92.54842182852495,-81.29252330477934,17.918702466056946,588.826550921276,FALSE,121
P. vivax,paper_replica_corrigido,21007,Gurupi,MA,2013,3,123,230990,7.359625957833672,94.65208025964392,-87.29245430181025,30.302670579663868,626.8778495943704,FALSE,121
P. vivax,paper_replica_corrigido,21008,Pindaré,MA,2013,1,121,642579,10.893602187435318,21.241069089377383,-10.347466901942065,5.968767831219648,165.90687584194256,TRUE,121
P. vivax,paper_replica_corrigido,21008,Pindaré,MA,2013,2,122,642579,10.737979299043388,19.632512859852287,-8.894533560808899,1.9895892770732164,132.0341183997711,TRUE,121
P. vivax,paper_replica_corrigido,21008,Pindaré,MA,2013,3,123,642579,6.380538424069258,20.07876987856773,-13.698231454498472,3.4569113689147146,149.7414629657229,TRUE,121
P. vivax,paper_replica_corrigido,21009,Imperatriz,MA,2013,1,121,580283,3.791253577995565,1.0337732137392637,2.7574803642563013,0,7.328320836557331,TRUE,121
P. vivax,paper_replica_corrigido,21009,Imperatriz,MA,2013,2,122,580283,1.2063079566349522,0.9554902725085276,0.2508176841264246,0,6.212485976669996,TRUE,121
P. vivax,paper_replica_corrigido,21009,Imperatriz,MA,2013,3,123,580283,2.240286205179197,0.977211988291706,1.263074216887491,0,7.763453349486364,TRUE,121
P. vivax,paper_replica_corrigido,21010,Médio Mearim,MA,2013,1,121,415203,3.853536703732873,1.014231160154612,2.839305543578261,0,6.021151099582614,TRUE,121
P. vivax,paper_replica_corrigido,21010,Médio Mearim,MA,2013,2,122,415203,2.8901525277996543,0.9374298502741896,1.9527226775254647,0,5.425057140723929,TRUE,121
P. vivax,paper_replica_corrigido,21010,Médio Mearim,MA,2013,3,123,415203,3.371844615766264,0.9587450310805964,2.4130995846856678,0,7.110979448607061,TRUE,121
P. vivax,paper_replica_corrigido,21011,Alto Mearim e Grajaú,MA,2013,1,121,320723,6.859501813091048,0.9973204857343064,5.862181327356741,0,9.205763228705138,TRUE,121
P. vivax,paper_replica_corrigido,21011,Alto Mearim e Grajaú,MA,2013,2,122,320723,4.988728591338944,0.9218015174538094,4.066927073885134,0,7.646785543911717,TRUE,121
P. vivax,paper_replica_corrigido,21011,Alto Mearim e Grajaú,MA,2013,3,123,320723,2.806159832628156,0.9427618308843508,1.863398001743805,0,7.794888423967099,TRUE,121
P. vivax,paper_replica_corrigido,21012,Presidente Dutra,MA,2013,1,121,194017,2.061675007860136,0.688406813736427,1.3732681941237088,0,5.15418751965034,TRUE,121
P. vivax,paper_replica_corrigido,21012,Presidente Dutra,MA,2013,2,122,194017,1.546256255895102,0.6362852202410592,0.9099710356540429,0,5.669606271615374,TRUE,121
P. vivax,paper_replica_corrigido,21012,Presidente Dutra,MA,2013,3,123,194017,2.061675007860136,0.6507611081039935,1.4109138997561423,0,5.669606271615374,TRUE,121
P. vivax,paper_replica_corrigido,21013,Baixo Parnaíba Maranhense,MA,2013,1,121,139621,2.148673910085159,0.5632310775420674,1.5854428325430914,0,5.729797093560425,TRUE,121
P. vivax,paper_replica_corrigido,21013,Baixo Parnaíba Maranhense,MA,2013,2,122,139621,0.7162246366950531,0.520593443321066,0.19563119337398704,0,4.297347820170318,TRUE,121
P. vivax,paper_replica_corrigido,21013,Baixo Parnaíba Maranhense,MA,2013,3,123,139621,0.7162246366950531,0.5324400280119221,0.18378460868313096,0,4.6733657544352045,TRUE,121
P. vivax,paper_replica_corrigido,21014,Chapadinha,MA,2013,1,121,234229,0,0.3539848095847018,-0.3539848095847018,0,2.9885283205751634,TRUE,121
P. vivax,paper_replica_corrigido,21014,Chapadinha,MA,2013,2,122,234229,0,0.3271872680092756,-0.3271872680092756,0,2.9885283205751634,TRUE,121
P. vivax,paper_replica_corrigido,21014,Chapadinha,MA,2013,3,123,234229,0,0.3346331570558744,-0.3346331570558744,0,3.415460937800187,TRUE,121
P. vivax,paper_replica_corrigido,21015,Codó,MA,2013,1,121,269763,0.3706957588698227,0.6099883967689997,-0.23929263789917704,0,5.560436383047342,TRUE,121
P. vivax,paper_replica_corrigido,21015,Codó,MA,2013,2,122,269763,0.7413915177396455,0.5638028687457552,0.17758864899389026,0,4.642964379844521,TRUE,121
P. vivax,paper_replica_corrigido,21015,Codó,MA,2013,3,123,269763,0.7413915177396455,0.576629920237461,0.16476159750218455,0,5.578971170990815,TRUE,121
P. vivax,paper_replica_corrigido,21016,Coelho Neto,MA,2013,1,121,90137,1.1094223237959997,0.08104774002965304,1.0283745837663467,0,1.1094223237959997,TRUE,121
P. vivax,paper_replica_corrigido,21016,Coelho Neto,MA,2013,2,122,90137,0,0.07492329826942698,-0.07492329826942698,0,1.1094223237959997,TRUE,121
P. vivax,paper_replica_corrigido,21016,Coelho Neto,MA,2013,3,123,90137,1.1094223237959997,0.07663841450523702,1.0327839092907627,0,1.1094223237959997,TRUE,121
P. vivax,paper_replica_corrigido,21017,Caxias,MA,2013,1,121,428592,1.3999328032254452,0.18957359949745237,1.2103592037279929,0,1.6332549370963527,TRUE,121
P. vivax,paper_replica_corrigido,21017,Caxias,MA,2013,2,122,428592,0.4666442677418151,0.17522170810610177,0.29142255963571334,0,1.289104789636759,TRUE,121
P. vivax,paper_replica_corrigido,21017,Caxias,MA,2013,3,123,428592,0,0.17920902015785783,-0.17920902015785783,0,1.5224269235076662,TRUE,121
P. vivax,paper_replica_corrigido,21018,Chapadas do Alto Itapecuru,MA,2013,1,121,214158,1.4008348975989688,0.17105634514346285,1.229778552455506,0,1.4008348975989688,TRUE,121
P. vivax,paper_replica_corrigido,21018,Chapadas do Alto Itapecuru,MA,2013,2,122,214158,0.933889931732646,0.15810887253873537,0.7757810591939106,0,1.4008348975989688,TRUE,121
P. vivax,paper_replica_corrigido,21018,Chapadas do Alto Itapecuru,MA,2013,3,123,214158,0.933889931732646,0.16171080384109782,0.7721791278915482,0,1.867779863465292,TRUE,121
P. vivax,paper_replica_corrigido,21019,Porto Franco,MA,2013,1,121,114767,0,0.40700942457911377,-0.40700942457911377,0,3.48532243589185,TRUE,121
P. vivax,paper_replica_corrigido,21019,Porto Franco,MA,2013,2,122,114767,0,0.37620090122103333,-0.37620090122103333,0,4.356653044864813,TRUE,121
P. vivax,paper_replica_corrigido,21019,Porto Franco,MA,2013,3,123,114767,1.742661217945925,0.38476601390262866,1.3578952040432966,0,3.48532243589185,TRUE,121
P. vivax,paper_replica_corrigido,21020,Gerais de Balsas,MA,2013,1,121,136434,0,0.04871606299912599,-0.04871606299912599,0,0.732955128487034,TRUE,121
P. vivax,paper_replica_corrigido,21020,Gerais de Balsas,MA,2013,2,122,136434,0,0.04503473031443778,-0.04503473031443778,0,0.732955128487034,TRUE,121
P. vivax,paper_replica_corrigido,21020,Gerais de Balsas,MA,2013,3,123,136434,0,0.04606652679327299,-0.04606652679327299,0,0.732955128487034,TRUE,121
P. vivax,paper_replica_corrigido,21021,Chapadas das Mangabeiras,MA,2013,1,121,70058,0,0.0286236043601595,-0.0286236043601595,0,0,TRUE,121
P. vivax,paper_replica_corrigido,21021,Chapadas das Mangabeiras,MA,2013,2,122,70058,0,0.02646882941492404,-0.02646882941492404,0,1.4273887350481032,TRUE,121
P. vivax,paper_replica_corrigido,21021,Chapadas das Mangabeiras,MA,2013,3,123,70058,0,0.02708293753011152,-0.02708293753011152,0,1.4273887350481032,TRUE,121
P. vivax,paper_replica_corrigido,51001,Aripuanã,MT,2013,1,121,148922,41.6325324666604,190.40742473325403,-148.77489226659364,62.13262133817847,1044.5577480238833,FALSE,121
P. vivax,paper_replica_corrigido,51001,Aripuanã,MT,2013,2,122,148922,27.53119082472704,175.98800950084296,-148.45681867611592,47.00187935426974,1227.5216847796587,FALSE,121
P. vivax,paper_replica_corrigido,51001,Aripuanã,MT,2013,3,123,148922,24.845220988168304,179.98805935921388,-155.14283837104557,47.216499807942185,1355.2208547147761,FALSE,121
P. vivax,paper_replica_corrigido,51002,Alta Floresta,MT,2013,1,121,101672,8.851994649461012,15.697636616745772,-6.8456419672847595,0,113.16994445522732,TRUE,121
P. vivax,paper_replica_corrigido,51002,Alta Floresta,MT,2013,2,122,101672,10.81910457156346,14.50899295594127,-3.6898883843778094,0,110.18351536543645,TRUE,121
P. vivax,paper_replica_corrigido,51002,Alta Floresta,MT,2013,3,123,101672,14.753324415768352,14.838885736160725,-0.08556132039237241,0,113.16994445522732,TRUE,121
P. vivax,paper_replica_corrigido,51003,Colíder,MT,2013,1,121,147540,22.36681577877186,16.82487228410663,5.5419434946652295,0,160.30678683299416,TRUE,121
P. vivax,paper_replica_corrigido,51003,Colíder,MT,2013,2,122,147540,17.62233970448692,15.550833527605315,2.071506176881604,0,147.3089392519406,TRUE,121
P. vivax,paper_replica_corrigido,51003,Colíder,MT,2013,3,123,147540,18.97790429713976,15.904397406505815,3.0735068906339436,0,149.80019337164222,TRUE,121
P. vivax,paper_replica_corrigido,51004,Parecis,MT,2013,1,121,96914,1.0318426646304972,1.0975699772438785,-0.06572731261338127,0,9.82830138060546,TRUE,121
P. vivax,paper_replica_corrigido,51004,Parecis,MT,2013,2,122,96914,1.0318426646304972,1.0144796998907788,0.017362964739718434,0,9.286583981674474,TRUE,121
P. vivax,paper_replica_corrigido,51004,Parecis,MT,2013,3,123,96914,0,1.0375662002595905,-1.0375662002595905,0,10.318426646304973,TRUE,121
P. vivax,paper_replica_corrigido,51005,Arinos,MT,2013,1,121,77897,2.5674929714879906,0.4332281804094987,2.134264791078492,0,5.134985942975981,TRUE,121
P. vivax,paper_replica_corrigido,51005,Arinos,MT,2013,2,122,77897,0,0.40043960264420553,-0.40043960264420553,0,5.134985942975981,TRUE,121
P. vivax,paper_replica_corrigido,51005,Arinos,MT,2013,3,123,77897,0,0.40956333257135863,-0.40956333257135863,0,5.134985942975981,TRUE,121
P. vivax,paper_replica_corrigido,51006,Alto Teles Pires,MT,2013,1,121,216083,0.4627851334903717,1.09311692766806,-0.6303317941776883,0,9.278841926481933,TRUE,121
P. vivax,paper_replica_corrigido,51006,Alto Teles Pires,MT,2013,2,122,216083,1.8511405339614868,1.0103535251507396,0.8407870088107472,0,9.0358797313995,TRUE,121
P. vivax,paper_replica_corrigido,51006,Alto Teles Pires,MT,2013,3,123,216083,0,1.033334562664803,-1.033334562664803,0,10.424235131870612,TRUE,121
P. vivax,paper_replica_corrigido,51007,Sinop,MT,2013,1,121,184603,10.292357112289617,17.37500060940421,-7.082643497114594,0,130.11285278224483,TRUE,121
P. vivax,paper_replica_corrigido,51007,Sinop,MT,2013,2,122,184603,8.125545088649696,16.059311830007168,-7.933766741357472,0,124.83215815834805,TRUE,121
P. vivax,paper_replica_corrigido,51007,Sinop,MT,2013,3,123,184603,3.250218035459879,16.424468642205376,-13.174250606745497,0,131.75765930444229,TRUE,121
P. vivax,paper_replica_corrigido,51008,Paranatinga,MT,2013,1,121,34079,0,1.2505676726917054,-1.2505676726917054,0,11.737433610141142,TRUE,121
P. vivax,paper_replica_corrigido,51008,Paranatinga,MT,2013,2,122,34079,0,1.155920116002677,-1.155920116002677,0,11.737433610141142,TRUE,121
P. vivax,paper_replica_corrigido,51008,Paranatinga,MT,2013,3,123,34079,0,1.1822466742352915,-1.1822466742352915,0,14.671792012676429,TRUE,121
P. vivax,paper_replica_corrigido,51009,Norte Araguaia,MT,2013,1,121,119054,0.8399549784131571,0.48591086115145393,0.3540441172617032,0,4.199774892065785,TRUE,121
P. vivax,paper_replica_corrigido,51009,Norte Araguaia,MT,2013,2,122,119054,0,0.44913045755926967,-0.44913045755926967,0,4.640751255732674,TRUE,121
P. vivax,paper_replica_corrigido,51009,Norte Araguaia,MT,2013,3,123,119054,0,0.4593579410801038,-0.4593579410801038,0,5.039729870478943,TRUE,121
P. vivax,paper_replica_corrigido,51010,Canarana,MT,2013,1,121,105035,0.9520635978483364,0.3465424836752155,0.6055211141731209,0,3.808254391393345,TRUE,121
P. vivax,paper_replica_corrigido,51010,Canarana,MT,2013,2,122,105035,0,0.32031684294542434,-0.32031684294542434,0,2.856190793545009,TRUE,121
P. vivax,paper_replica_corrigido,51010,Canarana,MT,2013,3,123,105035,0,0.3276129349378356,-0.3276129349378356,0,2.856190793545009,TRUE,121
P. vivax,paper_replica_corrigido,51011,Médio Araguaia,MT,2013,1,121,66449,0,0.07773965815557606,-0.07773965815557606,0,1.5049135427169709,TRUE,121
P. vivax,paper_replica_corrigido,51011,Médio Araguaia,MT,2013,2,122,66449,0,0.07186831616202796,-0.07186831616202796,0,1.5049135427169709,TRUE,121
P. vivax,paper_replica_corrigido,51011,Médio Araguaia,MT,2013,3,123,66449,0,0.07351693826635539,-0.07351693826635539,0,1.5049135427169709,TRUE,121
P. vivax,paper_replica_corrigido,51012,Alto Guaporé,MT,2013,1,121,70085,0,1.1389748776759527,-1.1389748776759527,0,12.84154954697867,TRUE,121
P. vivax,paper_replica_corrigido,51012,Alto Guaporé,MT,2013,2,122,70085,0,1.0527512253612774,-1.0527512253612774,0,7.134194192765928,TRUE,121
P. vivax,paper_replica_corrigido,51012,Alto Guaporé,MT,2013,3,123,70085,0,1.076707360850647,-1.076707360850647,0,8.561033031319113,TRUE,121
P. vivax,paper_replica_corrigido,51013,Tangará da Serra,MT,2013,1,121,153881,1.2997056166778225,0.203126649854748,1.0965789668230745,0,2.599411233355645,TRUE,121
P. vivax,paper_replica_corrigido,51013,Tangará da Serra,MT,2013,2,122,153881,0,0.18775456630600812,-0.18775456630600812,0,1.949558425016734,TRUE,121
P. vivax,paper_replica_corrigido,51013,Tangará da Serra,MT,2013,3,123,153881,0.6498528083389112,0.1920322336724559,0.4578205746664553,0,1.949558425016734,TRUE,121
P. vivax,paper_replica_corrigido,51014,Jauru,MT,2013,1,121,107853,0,0.16226976196993426,-0.16226976196993426,0,1.8543758634437613,TRUE,121
P. vivax,paper_replica_corrigido,51014,Jauru,MT,2013,2,122,107853,0,0.14999211644504756,-0.14999211644504756,0,1.8543758634437613,TRUE,121
P. vivax,paper_replica_corrigido,51014,Jauru,MT,2013,3,123,107853,0,0.1534137339140739,-0.1534137339140739,0,1.8543758634437613,TRUE,121
P. vivax,paper_replica_corrigido,51015,Alto Paraguai,MT,2013,1,121,32717,0,0.1906171234397193,-0.1906171234397193,0,3.056514961640737,TRUE,121
P. vivax,paper_replica_corrigido,51015,Alto Paraguai,MT,2013,2,122,32717,0,0.17621501552367155,-0.17621501552367155,0,3.056514961640737,TRUE,121
P. vivax,paper_replica_corrigido,51015,Alto Paraguai,MT,2013,3,123,32717,0,0.1802542033230237,-0.1802542033230237,0,3.056514961640737,TRUE,121
P. vivax,paper_replica_corrigido,51016,Rosário Oeste,MT,2013,1,121,30675,0,0.14535561794168295,-0.14535561794168295,0,3.2599837000814995,TRUE,121
P. vivax,paper_replica_corrigido,51016,Rosário Oeste,MT,2013,2,122,30675,0,0.1343776724761117,-0.1343776724761117,0,3.2599837000814995,TRUE,121
P. vivax,paper_replica_corrigido,51016,Rosário Oeste,MT,2013,3,123,30675,0,0.137460959369114,-0.137460959369114,0,3.2599837000814995,TRUE,121
P. vivax,paper_replica_corrigido,51017,Cuiabá,MT,2013,1,121,881902,1.3606954060655263,0.19157815791002333,1.169117248155503,0,1.5874779737431144,TRUE,121
P. vivax,paper_replica_corrigido,51017,Cuiabá,MT,2013,2,122,881902,0.4535651353551755,0.1770719828543746,0.2764931525008009,0,1.4740866899043206,TRUE,121
P. vivax,paper_replica_corrigido,51017,Cuiabá,MT,2013,3,123,881902,1.0205215545491448,0.1810992833194104,0.8394222712297345,0,1.3606954060655263,TRUE,121
P. vivax,paper_replica_corrigido,51018,Alto Pantanal,MT,2013,1,121,134262,0.7448123817610344,0.12411298678930822,0.6206993949717261,0,1.4896247635220687,TRUE,121
P. vivax,paper_replica_corrigido,51018,Alto Pantanal,MT,2013,2,122,134262,0.7448123817610344,0.11472502934039452,0.6300873524206398,0,1.4896247635220687,TRUE,121
P. vivax,paper_replica_corrigido,51018,Alto Pantanal,MT,2013,3,123,134262,0.7448123817610344,0.11734309861313026,0.6274692831479041,0,1.4896247635220687,TRUE,121
P. vivax,paper_replica_corrigido,51019,Primavera do Leste,MT,2013,1,121,91029,0,0.17235491507511325,-0.17235491507511325,0,3.2956530336486174,TRUE,121
P. vivax,paper_replica_corrigido,51019,Primavera do Leste,MT,2013,2,122,91029,1.0985510112162058,0.15931967836614264,0.9392313328500632,0,2.1971020224324116,TRUE,121
P. vivax,paper_replica_corrigido,51019,Primavera do Leste,MT,2013,3,123,91029,0,0.162956581470266,-0.162956581470266,0,2.1971020224324116,TRUE,121
P. vivax,paper_replica_corrigido,51020,Tesouro,MT,2013,1,121,54596,1.831636017290644,0.04192042003266129,1.7897155972579828,0,1.831636017290644,TRUE,121
P. vivax,paper_replica_corrigido,51020,Tesouro,MT,2013,2,122,54596,0,0.0387617360513004,-0.0387617360513004,0,1.831636017290644,TRUE,121
P. vivax,paper_replica_corrigido,51020,Tesouro,MT,2013,3,123,54596,0,0.03965848803165862,-0.03965848803165862,0,1.831636017290644,TRUE,121
P. vivax,paper_replica_corrigido,51021,Rondonópolis,MT,2013,1,121,290068,1.0342402471144698,0.1177903871137531,0.9164498600007167,0,1.3789869961526262,TRUE,121
P. vivax,paper_replica_corrigido,51021,Rondonópolis,MT,2013,2,122,290068,0.6894934980763131,0.10887612606992256,0.5806173720063905,0,1.215232290359494,TRUE,121
P. vivax,paper_replica_corrigido,51021,Rondonópolis,MT,2013,3,123,290068,1.3789869961526262,0.11135618046912026,1.2676308156835059,0,1.0342402471144698,FALSE,121
P. vivax,paper_replica_corrigido,51022,Alto Araguaia,MT,2013,1,121,36797,0,0.0161481672291935,-0.0161481672291935,0,0,TRUE,121
P. vivax,paper_replica_corrigido,51022,Alto Araguaia,MT,2013,2,122,36797,0,0.01494659365230642,-0.01494659365230642,0,0,TRUE,121
P. vivax,paper_replica_corrigido,51022,Alto Araguaia,MT,2013,3,123,36797,0,0.01530689829210212,-0.01530689829210212,0,0,TRUE,121
P. vivax,paper_replica_corrigido,11001,Porto Velho,RO,2014,1,133,625834,109.45394465625073,630.0404659902889,-520.5865213340381,218.47995380459744,3920.892934407227,FALSE,133
P. vivax,paper_replica_corrigido,11001,Porto Velho,RO,2014,2,134,625834,85.16635401719945,578.14916207089,-492.9828080536906,227.468376401514,4624.466820239176,FALSE,133
P. vivax,paper_replica_corrigido,11001,Porto Velho,RO,2014,3,135,625834,100.34609816660648,587.0050294736218,-486.65893130701534,187.58225112769665,4120.987478354505,FALSE,133
P. vivax,paper_replica_corrigido,11002,Guajará-Mirim,RO,2014,1,133,81101,43.15606466011516,238.4833802843863,-195.32731562427114,55.173660105960536,1881.2247608271605,FALSE,133
P. vivax,paper_replica_corrigido,11002,Guajará-Mirim,RO,2014,2,134,81101,43.15606466011516,218.84171228097915,-175.685647620864,47.29170866225189,1699.9398776218616,FALSE,133
P. vivax,paper_replica_corrigido,11002,Guajará-Mirim,RO,2014,3,135,81101,33.2918213092317,222.19417410227717,-188.90235279304548,43.15368415430486,1431.9535285357676,FALSE,133
P. vivax,paper_replica_corrigido,11003,Ariquemes,RO,2014,1,133,195532,66.99670642145531,440.57408875613976,-373.57738233468444,129.95088898717123,3226.705092587118,FALSE,133
P. vivax,paper_replica_corrigido,11003,Ariquemes,RO,2014,2,134,195532,52.165374465560625,404.28770641201737,-352.12233194645677,132.32106243410698,2901.991330356903,FALSE,133
P. vivax,paper_replica_corrigido,11003,Ariquemes,RO,2014,3,135,195532,32.21979011108156,410.4805829927806,-378.26079288169905,115.81157842441607,2959.7745243908266,FALSE,133
P. vivax,paper_replica_corrigido,11004,Ji-Paraná,RO,2014,1,133,316402,9.165555211408272,62.613646261887055,-53.44809105047878,15.101912208743023,474.9778675953822,FALSE,133
P. vivax,paper_replica_corrigido,11004,Ji-Paraná,RO,2014,2,134,316402,6.321072559591911,57.45672489085975,-51.13565233126784,17.12223491225379,401.0845647144759,FALSE,133
P. vivax,paper_replica_corrigido,11004,Ji-Paraná,RO,2014,3,135,316402,5.056858047673529,58.33689815487714,-53.28004010720361,12.12193622106463,352.6978359653928,FALSE,133
P. vivax,paper_replica_corrigido,11005,Alvorada D'Oeste,RO,2014,1,133,75085,6.659119664380368,37.47375200213228,-30.81463233775191,0,366.0793526477625,TRUE,133
P. vivax,paper_replica_corrigido,11005,Alvorada D'Oeste,RO,2014,2,134,75085,1.331823932876074,34.387534276868415,-33.05571034399234,0,281.37029313973335,TRUE,133
P. vivax,paper_replica_corrigido,11005,Alvorada D'Oeste,RO,2014,3,135,75085,1.331823932876074,34.91450248110388,-33.582678548227804,0,293.92766628288354,TRUE,133
P. vivax,paper_replica_corrigido,11006,Cacoal,RO,2014,1,133,247558,5.655240388111069,30.15414048837021,-24.498900100259142,2.5821591062951517,292.171302877296,TRUE,133
P. vivax,paper_replica_corrigido,11006,Cacoal,RO,2014,2,134,247558,6.463131872126936,27.670666998441046,-21.20753512631411,2.5821591062951517,200.18188471553157,TRUE,133
P. vivax,paper_replica_corrigido,11006,Cacoal,RO,2014,3,135,247558,5.655240388111069,28.094600219829815,-22.439359831718747,0,227.4882172646026,TRUE,133
P. vivax,paper_replica_corrigido,11007,Vilhena,RO,2014,1,133,152211,7.2268101516973156,18.528574674722222,-11.301764523024907,0,168.40628585221938,TRUE,133
P. vivax,paper_replica_corrigido,11007,Vilhena,RO,2014,2,134,152211,4.598879187443746,17.002633519901565,-12.403754332457819,0,149.1928504962619,TRUE,133
P. vivax,paper_replica_corrigido,11007,Vilhena,RO,2014,3,135,152211,4.598879187443746,17.26319260598191,-12.664313418538164,0,163.7866620507873,TRUE,133
P. vivax,paper_replica_corrigido,11008,Colorado do Oeste,RO,2014,1,133,54808,1.824551160414538,18.88250012440477,-17.057948963990235,0,139.95784791334444,TRUE,133
P. vivax,paper_replica_corrigido,11008,Colorado do Oeste,RO,2014,2,134,54808,0,17.327492209058605,-17.327492209058605,0,139.95784791334444,TRUE,133
P. vivax,paper_replica_corrigido,11008,Colorado do Oeste,RO,2014,3,135,54808,0,17.593127984726824,-17.593127984726824,0,163.28415589890182,TRUE,133
P. vivax,paper_replica_corrigido,12001,Cruzeiro do Sul,AC,2014,1,133,141056,1877.268602540835,1537.9800022453483,339.28860029548673,586.5250616201165,11461.766937219227,TRUE,133
P. vivax,paper_replica_corrigido,12001,Cruzeiro do Sul,AC,2014,2,134,141056,1232.8436932849363,1411.3092062490084,-178.4655129640721,488.7520022849493,10094.190344826626,TRUE,133
P. vivax,paper_replica_corrigido,12001,Cruzeiro do Sul,AC,2014,3,135,141056,1018.0353901996368,1432.9272564784324,-414.89186627879553,586.2984728383433,11506.065044055898,TRUE,133
P. vivax,paper_replica_corrigido,12002,Tarauacá,AC,2014,1,133,77929,114.20652132068932,144.83733646734316,-30.630815146653845,24.608328505545373,1117.6282529601838,TRUE,133
P. vivax,paper_replica_corrigido,12002,Tarauacá,AC,2014,2,134,77929,102.65754725455224,132.9084554898042,-30.250908235251956,20.301871017074944,935.5266220191495,TRUE,133
P. vivax,paper_replica_corrigido,12002,Tarauacá,AC,2014,3,135,77929,60.31130901204943,134.94451845364574,-74.6332094415963,32.8111046740605,1001.5589701756959,TRUE,133
P. vivax,paper_replica_corrigido,12003,Sena Madureira,AC,2014,1,133,55143,3.6269336089802873,0.6282949869294666,2.9986386220508208,0,7.2538672179605745,TRUE,133
P. vivax,paper_replica_corrigido,12003,Sena Madureira,AC,2014,2,134,55143,3.6269336089802873,0.5765723700711871,3.0503612389091,0,7.2538672179605745,TRUE,133
P. vivax,paper_replica_corrigido,12003,Sena Madureira,AC,2014,3,135,55143,0,0.5854258591093838,-0.5854258591093838,0,7.2538672179605745,TRUE,133
P. vivax,paper_replica_corrigido,12004,Rio Branco,AC,2014,1,133,452251,19.458221209018888,57.2252882977103,-37.76706708869141,15.547949223768144,430.43083976072666,TRUE,133
P. vivax,paper_replica_corrigido,12004,Rio Branco,AC,2014,2,134,452251,16.583711257686552,52.51215331965854,-35.928442061971985,14.134499294334676,413.1514143734022,TRUE,133
P. vivax,paper_replica_corrigido,12004,Rio Branco,AC,2014,3,135,452251,13.045852856046752,53.31656856333099,-40.27071570728424,13.392438081382107,401.31377121439675,FALSE,133
P. vivax,paper_replica_corrigido,12005,Brasiléia,AC,2014,1,133,63722,6.277266878001318,1.721187583276954,4.556079294724364,0,14.123850475502964,TRUE,133
P. vivax,paper_replica_corrigido,12005,Brasiléia,AC,2014,2,134,63722,1.5693167195003297,1.5794556230211922,-0.010138903520862552,0,11.809108314239944,TRUE,133
P. vivax,paper_replica_corrigido,12005,Brasiléia,AC,2014,3,135,63722,1.5693167195003297,1.6036772638763594,-0.034360544376029756,0,12.554533756002636,TRUE,133
P. vivax,paper_replica_corrigido,13001,Rio Negro,AM,2014,1,133,108516,772.2363522429872,801.0216569247727,-28.785304681785533,297.3325907721254,5678.183606934528,TRUE,133
P. vivax,paper_replica_corrigido,13001,Rio Negro,AM,2014,2,134,108516,634.929411331048,735.0481672766916,-100.11875594564367,211.1812457489985,5732.0834227951555,TRUE,133
P. vivax,paper_replica_corrigido,13001,Rio Negro,AM,2014,3,135,108516,579.6380257289247,746.3075946603026,-166.66956893137785,229.73692006167192,5903.649776559163,TRUE,133
P. vivax,paper_replica_corrigido,13002,Japurá,AM,2014,1,133,23966,91.79671200867897,207.35004932160015,-115.55333731292119,0,1855.7421168037897,TRUE,133
P. vivax,paper_replica_corrigido,13002,Japurá,AM,2014,2,134,23966,83.45155637152632,190.27293071110884,-106.82137433958252,0,1482.3265273642915,TRUE,133
P. vivax,paper_replica_corrigido,13002,Japurá,AM,2014,3,135,23966,179.42084619878162,193.18847663478357,-13.767630436001951,0,1589.0166957755766,TRUE,133
P. vivax,paper_replica_corrigido,13003,Alto Solimões,AM,2014,1,133,242875,262.2748327328873,263.6001526167397,-1.3253198838523872,101.1325660714012,1968.8938025728928,TRUE,133
P. vivax,paper_replica_corrigido,13003,Alto Solimões,AM,2014,2,134,242875,221.51312403499745,241.8897588333423,-20.376634798344867,77.57663981664412,1882.368542726509,TRUE,133
P. vivax,paper_replica_corrigido,13003,Alto Solimões,AM,2014,3,135,242875,287.39063304168815,245.59507559076712,41.795557450921024,77.44504246326561,1854.9304945470853,TRUE,133
P. vivax,paper_replica_corrigido,13004,Juruá,AM,2014,1,133,142338,480.5463052733634,393.91488548909405,86.63141978426933,130.237815460736,3484.8720293842953,TRUE,133
P. vivax,paper_replica_corrigido,13004,Juruá,AM,2014,2,134,142338,425.7471651983307,361.4715480326848,64.27561716564594,114.40718444352584,2329.460513085644,TRUE,133
P. vivax,paper_replica_corrigido,13004,Juruá,AM,2014,3,135,142338,645.6462785763464,367.0087311264156,278.63754744993076,87.46142952061494,2907.222408224393,TRUE,133
P. vivax,paper_replica_corrigido,13005,Tefé,AM,2014,1,133,90982,228.6166494471434,482.84243869932305,-254.22578925217965,171.9599005878785,3442.3596851085163,TRUE,133
P. vivax,paper_replica_corrigido,13005,Tefé,AM,2014,2,134,90982,223.1210569123563,443.0749346885612,-219.9538777762049,126.46693403807207,3629.42535837317,TRUE,133
P. vivax,paper_replica_corrigido,13005,Tefé,AM,2014,3,135,90982,298.9602338924183,449.8621461703353,-150.901912277917,129.45295886952655,2857.450115182435,TRUE,133
P. vivax,paper_replica_corrigido,13006,Coari,AM,2014,1,133,169227,91.0020268633256,263.0657678584132,-172.0637409950876,71.77015923397619,1820.6956184619185,TRUE,133
P. vivax,paper_replica_corrigido,13006,Coari,AM,2014,2,134,169227,128.82105101431804,241.39936561654915,-112.5783146022311,67.99278243218797,2064.903028697528,TRUE,133
P. vivax,paper_replica_corrigido,13006,Coari,AM,2014,3,135,169227,105.18416091994776,245.09721836582023,-139.91305744587248,54.67752920588449,1707.563183248365,TRUE,133
P. vivax,paper_replica_corrigido,13007,Manaus,AM,2014,1,133,2285623,54.33967019057823,166.7595440062138,-112.41987381563555,53.27130659137491,1203.3553961834568,TRUE,133
P. vivax,paper_replica_corrigido,13007,Manaus,AM,2014,2,134,2285623,40.64537327459516,153.02492391512297,-112.37955064052781,52.01975600995265,1126.675199387603,FALSE,133
P. vivax,paper_replica_corrigido,13007,Manaus,AM,2014,3,135,2285623,32.3325412808674,155.36890027373107,-123.03635899286367,52.13861835567432,1178.240481722737,FALSE,133
P. vivax,paper_replica_corrigido,13008,Rio Preto da Eva,AM,2014,1,133,61674,116.74287382041054,648.6988429784591,-531.9559691580486,222.06426591393313,4733.570606436084,FALSE,133
P. vivax,paper_replica_corrigido,13008,Rio Preto da Eva,AM,2014,2,134,61674,74.58572494081785,595.2711582097753,-520.6854332689575,196.92980407770028,4317.685954403569,FALSE,133
P. vivax,paper_replica_corrigido,13008,Rio Preto da Eva,AM,2014,3,135,61674,77.82858254694037,604.3896531853794,-526.5610706384391,181.12359611883224,4947.083972962437,FALSE,133
P. vivax,paper_replica_corrigido,13009,Itacoatiara,AM,2014,1,133,168711,4.14910705288926,112.1533434971403,-108.00423644425103,18.944649253344927,944.4854885255086,FALSE,133
P. vivax,paper_replica_corrigido,13009,Itacoatiara,AM,2014,2,134,168711,9.483673263746882,102.9163697377144,-93.43269647396752,18.944649253344927,646.4861557703952,FALSE,133
P. vivax,paper_replica_corrigido,13009,Itacoatiara,AM,2014,3,135,168711,5.927295789841801,104.49295006537314,-98.56565427553133,26.52250895468289,734.0104353208485,FALSE,133
P. vivax,paper_replica_corrigido,13010,Parintins,AM,2014,1,133,266488,9.006034042808682,31.902390779984348,-22.896356737175665,1.1393992165395932,259.063400813212,TRUE,133
P. vivax,paper_replica_corrigido,13010,Parintins,AM,2014,2,134,266488,15.01005673801447,29.274921022455327,-14.264864284440858,2.3987351927149256,200.83410401005665,TRUE,133
P. vivax,paper_replica_corrigido,13010,Parintins,AM,2014,3,135,266488,7.880279787457596,29.72344060530454,-21.843160817846943,0,206.41116333311925,TRUE,133
P. vivax,paper_replica_corrigido,13011,Boca do Acre,AM,2014,1,133,52413,106.84372197737204,253.04218663255813,-146.1984646551861,60.98049568200781,2012.9661624630776,TRUE,133
P. vivax,paper_replica_corrigido,13011,Boca do Acre,AM,2014,2,134,52413,164.0814301795356,232.2015066860533,-68.1200765065177,36.58829740920469,1725.7480278008156,TRUE,133
P. vivax,paper_replica_corrigido,13011,Boca do Acre,AM,2014,3,135,52413,131.64672886497624,235.75883464698057,-104.11210578200433,54.577543635397014,2043.1515078256718,TRUE,133
P. vivax,paper_replica_corrigido,13012,Purus,AM,2014,1,133,75649,482.4915068275853,593.4832860665019,-110.99177923891665,189.91377793776434,5129.573254599325,TRUE,133
P. vivax,paper_replica_corrigido,13012,Purus,AM,2014,2,134,75649,466.6287723565414,544.6032838316953,-77.97451147515392,152.10002237507268,3404.2942507976304,TRUE,133
P. vivax,paper_replica_corrigido,13012,Purus,AM,2014,3,135,75649,799.7461962484633,552.9459013986458,246.80029484981753,173.01377545164516,3783.6993066110067,TRUE,133
P. vivax,paper_replica_corrigido,13013,Madeira,AM,2014,1,133,185281,58.28984083635127,423.5073048333135,-365.21746399696224,143.09203924796404,3291.461910633844,FALSE,133
P. vivax,paper_replica_corrigido,13013,Madeira,AM,2014,2,134,185281,38.32017314241612,388.6266443354199,-350.30647119300374,137.83066830515162,2823.286148706203,FALSE,133
P. vivax,paper_replica_corrigido,13013,Madeira,AM,2014,3,135,185281,41.55849763332452,394.57966294403633,-353.0211653107118,115.49140479386608,3140.089681049655,FALSE,133
P. vivax,paper_replica_corrigido,14001,Boa Vista,RR,2014,1,133,353589,122.17574641745075,160.07378481854883,-37.89803840109808,50.52927077995134,1092.8423680315032,TRUE,133
P. vivax,paper_replica_corrigido,14001,Boa Vista,RR,2014,2,134,353589,93.89432363563346,146.88987527125377,-52.995551635620316,49.67054435345842,935.7858242387229,TRUE,133
P. vivax,paper_replica_corrigido,14001,Boa Vista,RR,2014,3,135,353589,106.05533543181492,149.13994328698573,-43.0846078551708,58.709769895489075,1088.1871668773592,TRUE,133
P. vivax,paper_replica_corrigido,14002,Nordeste de Roraima,RR,2014,1,133,46668,122.13936744664436,564.4933331011724,-442.35396565452805,163.684923742881,4313.6798836591415,FALSE,133
P. vivax,paper_replica_corrigido,14002,Nordeste de Roraima,RR,2014,2,134,46668,122.13936744664436,518.0012276376531,-395.8618601910087,123.27734842560078,4096.917212677464,FALSE,133
P. vivax,paper_replica_corrigido,14002,Nordeste de Roraima,RR,2014,3,135,46668,111.42538784606154,525.9362712725873,-414.51088342652577,129.78365292584084,4394.49503429369,FALSE,133
P. vivax,paper_replica_corrigido,14003,Caracaraí,RR,2014,1,133,46161,262.1260371309114,550.3652499318238,-288.23921280091236,124.63134022932641,4205.269138237853,TRUE,133
P. vivax,paper_replica_corrigido,14003,Caracaraí,RR,2014,2,134,46161,242.6290591624965,505.03651258035717,-262.40745341786067,131.20910540809643,3539.183864345566,TRUE,133
P. vivax,paper_replica_corrigido,14003,Caracaraí,RR,2014,3,135,46161,186.3044561426312,512.7729110870171,-326.4684549443858,166.17512030576853,4362.443106193721,TRUE,133
P. vivax,paper_replica_corrigido,14004,Sudeste de Roraima,RR,2014,1,133,50518,401.8369690011481,470.0904691683766,-68.25350016722854,81.93200606980669,3949.185960523035,TRUE,133
P. vivax,paper_replica_corrigido,14004,Sudeste de Roraima,RR,2014,2,134,50518,296.92386872006017,431.3733582777408,-134.44948955768064,119.89278108284451,4005.1781036672664,TRUE,133
P. vivax,paper_replica_corrigido,14004,Sudeste de Roraima,RR,2014,3,135,50518,261.29300447365296,437.9814019226827,-176.68839744902976,119.89278108284451,3255.769136951542,TRUE,133
P. vivax,paper_replica_corrigido,15001,Óbidos,PA,2014,1,133,196298,2.037718163200848,27.79428699643757,-25.756568833236724,0,203.7722063549609,TRUE,133
P. vivax,paper_replica_corrigido,15001,Óbidos,PA,2014,2,134,196298,1.5282886224006358,25.505219916457662,-23.976931294057025,3.2564475646018565,195.3868538761114,FALSE,133
P. vivax,paper_replica_corrigido,15001,Óbidos,PA,2014,3,135,196298,1.5282886224006358,25.89602356330576,-24.367734940905123,0,234.62704702956356,TRUE,133
P. vivax,paper_replica_corrigido,15002,Santarém,PA,2014,1,133,503673,12.111032356310542,50.03773424399639,-37.92670188768585,13.294295423378568,345.9372386661014,FALSE,133
P. vivax,paper_replica_corrigido,15002,Santarém,PA,2014,2,134,503673,7.544577533439355,45.916589304703876,-38.372011771264525,11.422306330349127,330.16811020448046,FALSE,133
P. vivax,paper_replica_corrigido,15002,Santarém,PA,2014,3,135,503673,7.94166056151511,46.619965979919066,-38.67830541840396,7.551413629508594,333.81690250445257,TRUE,133
P. vivax,paper_replica_corrigido,15003,Almeirim,PA,2014,1,133,71135,19.68088845153581,92.61384454881258,-72.93295609727677,0,680.031543543129,TRUE,133
P. vivax,paper_replica_corrigido,15003,Almeirim,PA,2014,2,134,71135,11.24622197230618,84.98633183857952,-73.74010986627334,0,651.7249778059534,TRUE,133
P. vivax,paper_replica_corrigido,15003,Almeirim,PA,2014,3,135,71135,21.086666198074084,86.28835396819863,-65.20168777012455,4.268450388939384,593.0899487789442,TRUE,133
P. vivax,paper_replica_corrigido,15004,Portel,PA,2014,1,133,142011,7.74587884037152,130.93286131770756,-123.18698247733604,24.64461864643076,963.7283748312004,FALSE,133
P. vivax,paper_replica_corrigido,15004,Portel,PA,2014,2,134,142011,22.53346571744442,120.14931877458261,-97.6158530571382,31.509101465756213,1033.8361255925076,FALSE,133
P. vivax,paper_replica_corrigido,15004,Portel,PA,2014,3,135,142011,26.758490539465257,121.98998744158651,-95.23149690212125,22.506501046968726,929.6310257450431,TRUE,133
P. vivax,paper_replica_corrigido,15005,Furos de Breves,PA,2014,1,133,217765,74.39211994581315,561.8149270612244,-487.4228071154112,206.7277321596696,3842.626024616479,FALSE,133
P. vivax,paper_replica_corrigido,15005,Furos de Breves,PA,2014,2,134,217765,89.086859688196,515.5430147034158,-426.4561550152198,128.42510872538938,2796.5851676040766,FALSE,133
P. vivax,paper_replica_corrigido,15005,Furos de Breves,PA,2014,3,135,217765,78.52501549835831,523.4400310186975,-444.9150155203392,168.71389997695437,3362.2427322071017,FALSE,133
P. vivax,paper_replica_corrigido,15006,Arari,PA,2014,1,133,165571,3.62382301248407,48.53316731168618,-44.90934429920211,3.8607856692066553,310.88976601286583,FALSE,133
P. vivax,paper_replica_corrigido,15006,Arari,PA,2014,2,134,165571,3.019852510403392,44.53612930449724,-41.51627679409385,3.8607856692066553,350.65585840569327,FALSE,133
P. vivax,paper_replica_corrigido,15006,Arari,PA,2014,3,135,165571,3.019852510403392,45.218502979061505,-42.198650468658116,5.694658862079822,374.8822884799659,FALSE,133
P. vivax,paper_replica_corrigido,15007,Belém,PA,2014,1,133,2242436,0.5797266900816791,0.7364800730335123,-0.15675338295183316,0.17837744310205508,6.1540217870209,TRUE,133
P. vivax,paper_replica_corrigido,15007,Belém,PA,2014,2,134,2242436,0.5797266900816791,0.6758236635732415,-0.09609697349156243,0.13378308232654132,5.290006046995316,TRUE,133
P. vivax,paper_replica_corrigido,15007,Belém,PA,2014,3,135,2242436,0.8472928547347617,0.6861772804614318,0.1611155742733299,0.13378308232654132,5.8831110453096365,TRUE,133
P. vivax,paper_replica_corrigido,15008,Castanhal,PA,2014,1,133,319481,0.31300765929742297,0.96586777573544,-0.652860116438017,0,7.512183823138153,TRUE,133
P. vivax,paper_replica_corrigido,15008,Castanhal,PA,2014,2,134,319481,0.6260153185948459,0.8863250946680985,-0.26030977607325256,0,6.4244822070796,TRUE,133
P. vivax,paper_replica_corrigido,15008,Castanhal,PA,2014,3,135,319481,0,0.8999094486632984,-0.8999094486632984,0,9.077222119625269,TRUE,133
P. vivax,paper_replica_corrigido,15009,Salgado,PA,2014,1,133,258222,3.0981093787516163,34.80127767631128,-31.703168297559664,3.6513943910798385,250.15145980923205,FALSE,133
P. vivax,paper_replica_corrigido,15009,Salgado,PA,2014,2,134,258222,0,31.935087719255527,-31.935087719255527,2.475521621071074,234.741337718064,FALSE,133
P. vivax,paper_replica_corrigido,15009,Salgado,PA,2014,3,135,258222,1.9363183617197608,32.42438670369245,-30.48806834197269,1.175872770008764,260.17732237456977,TRUE,133
P. vivax,paper_replica_corrigido,15010,Bragantina,PA,2014,1,133,401712,0.24893456008284545,20.096232239196365,-19.84729767911352,0,156.85990398188218,TRUE,133
P. vivax,paper_replica_corrigido,15010,Bragantina,PA,2014,2,134,401712,0,18.441144415124146,-18.441144415124146,1.5912747043558948,156.18361223253083,FALSE,133
P. vivax,paper_replica_corrigido,15010,Bragantina,PA,2014,3,135,401712,0.7468036802485363,18.723707288482643,-17.976903608234107,0.7558554845690523,142.61799537789685,FALSE,133
P. vivax,paper_replica_corrigido,15011,Cametá,PA,2014,1,133,466929,2.3558185505719287,27.511339649461288,-25.15552109888936,5.476071471561759,175.95302147061875,FALSE,133
P. vivax,paper_replica_corrigido,15011,Cametá,PA,2014,2,134,466929,0.21416532277926623,25.245544713767746,-25.03137939098848,4.107053603671319,198.13111093044364,FALSE,133
P. vivax,paper_replica_corrigido,15011,Cametá,PA,2014,3,135,466929,0.6424959683377987,25.632332080956967,-24.98983611261917,3.38831922302884,176.80865763805014,FALSE,133
P. vivax,paper_replica_corrigido,15012,Tomé-Açu,PA,2014,1,133,314645,2.2247294570071032,43.23806049629574,-41.01333103928864,5.02822071378739,364.01270561327357,FALSE,133
P. vivax,paper_replica_corrigido,15012,Tomé-Açu,PA,2014,2,134,314645,1.2712739754326303,39.67695859027004,-38.40568461483741,10.158021644014923,303.8772174807063,FALSE,133
P. vivax,paper_replica_corrigido,15012,Tomé-Açu,PA,2014,3,135,314645,0.3178184938581576,40.28479777419458,-39.966979280336425,8.126417315211938,323.02508827967455,FALSE,133
P. vivax,paper_replica_corrigido,15013,Guamá,PA,2014,1,133,455970,0.43862534815887017,68.20515971208293,-67.76653436392407,17.488970649059773,471.11571836605486,FALSE,133
P. vivax,paper_replica_corrigido,15013,Guamá,PA,2014,2,134,455970,0.21931267407943508,62.58774895054495,-62.368436276465516,18.224979433889946,521.2694598466247,FALSE,133
P. vivax,paper_replica_corrigido,15013,Guamá,PA,2014,3,135,455970,0.21931267407943508,63.5465371961232,-63.327224522043764,14.68512765923055,493.896942658417,FALSE,133
P. vivax,paper_replica_corrigido,15014,Itaituba,PA,2014,1,133,213536,289.41255806983366,425.3822979606953,-135.96973989086166,125.72977881725346,3275.7097731137965,TRUE,133
P. vivax,paper_replica_corrigido,15014,Itaituba,PA,2014,2,134,213536,256.16289524951293,390.34708252049074,-134.18418727097782,135.6833863069527,2489.5244597356736,TRUE,133
P. vivax,paper_replica_corrigido,15014,Itaituba,PA,2014,3,135,213536,214.9520455567211,396.32633384113296,-181.37428828441188,121.16459041972224,2220.777057513792,TRUE,133
P. vivax,paper_replica_corrigido,15015,Altamira,PA,2014,1,133,290730,45.74691294328071,275.11514255446133,-229.36822961118062,108.67178333501852,2058.9922408513517,FALSE,133
P. vivax,paper_replica_corrigido,15015,Altamira,PA,2014,2,134,290730,30.95655763079146,252.45625530337446,-221.499697672583,69.20474214405075,1858.5788255557131,FALSE,133
P. vivax,paper_replica_corrigido,15015,Altamira,PA,2014,3,135,290730,26.14109311044612,256.3233550634274,-230.1822619529813,82.39706789033524,2049.207932589519,FALSE,133
P. vivax,paper_replica_corrigido,15016,Tucuruí,PA,2014,1,133,356928,11.486910525372064,215.3514766865974,-203.86456616122535,70.69708130443561,1354.482649538813,FALSE,133
P. vivax,paper_replica_corrigido,15016,Tucuruí,PA,2014,2,134,356928,10.646404877174108,197.6148309210059,-186.96842604383178,68.90614827582421,1652.2700388711744,FALSE,133
P. vivax,paper_replica_corrigido,15016,Tucuruí,PA,2014,3,135,356928,13.167921821767976,200.64189204255146,-187.47397022078349,74.18940071022789,1363.4373146818698,FALSE,133
P. vivax,paper_replica_corrigido,15017,Paragominas,PA,2014,1,133,322755,2.478660284116435,111.06302690511377,-108.58436662099734,27.628747220973192,901.1526871356846,FALSE,133
P. vivax,paper_replica_corrigido,15017,Paragominas,PA,2014,2,134,322755,1.5491626775727718,101.91579042573707,-100.3666277481643,38.571315564763644,757.5624238008769,FALSE,133
P. vivax,paper_replica_corrigido,15017,Paragominas,PA,2014,3,135,322755,0.9294976065436632,103.47698036085822,-102.54748275431456,31.68888570147462,785.7358237448427,FALSE,133
P. vivax,paper_replica_corrigido,15018,São Félix do Xingu,PA,2014,1,133,193850,4.642765024503482,20.069133124164143,-15.42636809966066,0,154.9858383786542,TRUE,133
P. vivax,paper_replica_corrigido,15018,São Félix do Xingu,PA,2014,2,134,193850,18.571060098013927,18.416341823145988,0.154718274867939,0,123.9062314271898,TRUE,133
P. vivax,paper_replica_corrigido,15018,São Félix do Xingu,PA,2014,3,135,193850,17.539334537013154,18.698590971397927,-1.1592564343847727,0,150.12192111038783,TRUE,133
P. vivax,paper_replica_corrigido,15019,Parauapebas,PA,2014,1,133,292211,2.053310792543744,13.061397126063117,-11.008086333519373,0,95.21430103307627,TRUE,133
P. vivax,paper_replica_corrigido,15019,Parauapebas,PA,2014,2,134,292211,0.6844369308479147,1.8750096555425275,-1.1905727246946127,0,14.048068005653434,TRUE,133
P. vivax,paper_replica_corrigido,15019,Parauapebas,PA,2014,3,135,292211,0.6844369308479147,1.9037393633160864,-1.2193024324681718,0,12.319864755262463,TRUE,133
P. vivax,paper_replica_corrigido,15020,Marabá,PA,2014,1,133,309469,2.2619389987365457,39.28259718063431,-37.020658181897765,7.1779036043217515,339.9434491169069,FALSE,133
P. vivax,paper_replica_corrigido,15020,Marabá,PA,2014,2,134,309469,2.2619389987365457,36.047305403098655,-33.78536640436211,4.1311675420556835,341.8541141051069,FALSE,133
P. vivax,paper_replica_corrigido,15020,Marabá,PA,2014,3,135,309469,0.969402428029948,36.59954955502263,-35.63014712699268,6.196751313083524,294.5006061542944,FALSE,133
P. vivax,paper_replica_corrigido,15021,Redenção,PA,2014,1,133,188791,2.6484313341208003,1.3982136764808035,1.2502176576399968,0,12.209268450296864,TRUE,133
P. vivax,paper_replica_corrigido,15021,Redenção,PA,2014,2,134,188791,4.237490134593281,1.2830660388275437,2.954424095765737,0,10.342124359741714,TRUE,133
P. vivax,paper_replica_corrigido,15021,Redenção,PA,2014,3,135,188791,5.296862668241601,1.3027327645872475,3.994129903654353,0,11.679582183472704,TRUE,133
P. vivax,paper_replica_corrigido,15022,Conceição do Araguaia,PA,2014,1,133,149806,0,20.974280596354834,-20.974280596354834,0,162.57573720531713,TRUE,133
P. vivax,paper_replica_corrigido,15022,Conceição do Araguaia,PA,2014,2,134,149806,0.6675300054737461,19.247003633889488,-18.57947362841574,0,141.02698463610858,TRUE,133
P. vivax,paper_replica_corrigido,15022,Conceição do Araguaia,PA,2014,3,135,149806,0.6675300054737461,19.542024622402504,-18.874494616928757,0,130.2526083515043,TRUE,133
P. vivax,paper_replica_corrigido,16001,Oiapoque,AP,2014,1,133,33607,785.5506293331746,1374.3674333312374,-588.8168039980628,397.53603744329746,9768.639733490003,TRUE,133
P. vivax,paper_replica_corrigido,16001,Oiapoque,AP,2014,2,134,33607,586.187401434225,1261.1726008692401,-674.9851994350151,455.5496697017691,10516.63517236358,TRUE,133
P. vivax,paper_replica_corrigido,16001,Oiapoque,AP,2014,3,135,33607,428.4821614544589,1280.4914466511952,-852.0092851967363,332.3895815464891,8996.868215821976,TRUE,133
P. vivax,paper_replica_corrigido,16002,Amapá,AP,2014,1,133,27711,317.56342246761216,182.2233408566108,135.34008161100135,0,1085.3439600484965,TRUE,133
P. vivax,paper_replica_corrigido,16002,Amapá,AP,2014,2,134,27711,176.82508751037494,167.21574599507042,9.609341515304521,0,1337.937294002399,TRUE,133
P. vivax,paper_replica_corrigido,16002,Amapá,AP,2014,3,135,27711,191.25978853163,169.77754109149814,21.482247440131857,23.067884379351707,1467.6941436362495,TRUE,133
P. vivax,paper_replica_corrigido,16003,Macapá,AP,2014,1,133,611615,99.73594499807884,119.00142590666199,-19.265480908583157,34.98665495714183,1000.5556223105535,TRUE,133
P. vivax,paper_replica_corrigido,16003,Macapá,AP,2014,2,134,611615,78.80774670340001,109.20027705726757,-30.392530353867556,36.031812685510516,771.483177195347,TRUE,133
P. vivax,paper_replica_corrigido,16003,Macapá,AP,2014,3,135,611615,52.48399728587428,110.87297484655791,-58.38897756068363,39.16728587061658,940.4067950429351,TRUE,133
P. vivax,paper_replica_corrigido,16004,Mazagão,AP,2014,1,133,77979,292.386411726234,218.44530464476767,73.9411070814663,36.68388661770558,1557.5281468969963,TRUE,133
P. vivax,paper_replica_corrigido,16004,Mazagão,AP,2014,2,134,77979,192.35948139883817,200.45398177283718,-8.094500373999011,40.57770698494809,1607.1231221008215,TRUE,133
P. vivax,paper_replica_corrigido,16004,Mazagão,AP,2014,3,135,77979,157.73477474704728,203.52469971363425,-45.789924966586966,65.58013250092615,1549.1256924203117,TRUE,133
P. vivax,paper_replica_corrigido,17001,Bico do Papagaio,TO,2014,1,133,209048,0,0.34835402364308005,-0.34835402364308005,0,3.82687229727144,TRUE,133
P. vivax,paper_replica_corrigido,17001,Bico do Papagaio,TO,2014,2,134,209048,0,0.3196705422829888,-0.3196705422829888,0,3.3485132601125103,TRUE,133
P. vivax,paper_replica_corrigido,17001,Bico do Papagaio,TO,2014,3,135,209048,1.91343614863572,0.32457382161492615,1.588862327020794,0,2.87015422295358,TRUE,133
P. vivax,paper_replica_corrigido,17002,Araguaína,TO,2014,1,133,302864,0.6603624068889006,0.2607677639954921,0.39959464289340846,0,2.8147947593639313,TRUE,133
P. vivax,paper_replica_corrigido,17002,Araguaína,TO,2014,2,134,302864,0,0.23929610968144985,-0.23929610968144985,0,2.6414496275556023,TRUE,133
P. vivax,paper_replica_corrigido,17002,Araguaína,TO,2014,3,135,302864,0.6603624068889006,0.2429669859102455,0.4173954209786551,0,2.311268424111152,TRUE,133
P. vivax,paper_replica_corrigido,17003,Miracema do Tocantins,TO,2014,1,133,148107,0,0.34410729775809484,-0.34410729775809484,0,3.3759376666869225,TRUE,133
P. vivax,paper_replica_corrigido,17003,Miracema do Tocantins,TO,2014,2,134,148107,0,0.31577639402820595,-0.31577639402820595,0,3.3759376666869225,TRUE,133
P. vivax,paper_replica_corrigido,17003,Miracema do Tocantins,TO,2014,3,135,148107,0,0.32062374561639606,-0.32062374561639606,0,4.051125200024306,TRUE,133
P. vivax,paper_replica_corrigido,17004,Rio Formoso,TO,2014,1,133,123649,0,0.21962344337547052,-0.21962344337547052,0,3.234963485349659,TRUE,133
P. vivax,paper_replica_corrigido,17004,Rio Formoso,TO,2014,2,134,123649,0,0.2015451040197648,-0.2015451040197648,0,1.6174817426748296,TRUE,133
P. vivax,paper_replica_corrigido,17004,Rio Formoso,TO,2014,3,135,123649,0,0.20464166634575048,-0.20464166634575048,0,2.042070700126954,TRUE,133
P. vivax,paper_replica_corrigido,17005,Gurupi,TO,2014,1,133,146042,0,0.05094964617536137,-0.05094964617536137,0,0.6847345284233303,TRUE,133
P. vivax,paper_replica_corrigido,17005,Gurupi,TO,2014,2,134,146042,0,0.04675933569240548,-0.04675933569240548,0,0.6847345284233303,TRUE,133
P. vivax,paper_replica_corrigido,17005,Gurupi,TO,2014,3,135,146042,0,0.0474820932096868,-0.0474820932096868,0,0.6847345284233303,TRUE,133
P. vivax,paper_replica_corrigido,17006,Porto Nacional,TO,2014,1,133,366873,0.2725738879666806,0.1495703261009621,0.12300356186571848,0,1.362869439833403,TRUE,133
P. vivax,paper_replica_corrigido,17006,Porto Nacional,TO,2014,2,134,366873,0,0.13725633063578346,-0.13725633063578346,0,1.362869439833403,TRUE,133
P. vivax,paper_replica_corrigido,17006,Porto Nacional,TO,2014,3,135,366873,0,0.1393634352360504,-0.1393634352360504,0,1.362869439833403,TRUE,133
P. vivax,paper_replica_corrigido,17007,Jalapão,TO,2014,1,133,77087,0,0.00841892037484931,-0.00841892037484931,0,0,TRUE,133
P. vivax,paper_replica_corrigido,17007,Jalapão,TO,2014,2,134,77087,0,0.00773199050016101,-0.00773199050016101,0,0,TRUE,133
P. vivax,paper_replica_corrigido,17007,Jalapão,TO,2014,3,135,77087,0,0.00785668185547781,-0.00785668185547781,0,0,TRUE,133
P. vivax,paper_replica_corrigido,17008,Dianópolis,TO,2014,1,133,123210,0,0.01488789454118478,-0.01488789454118478,0,0.8116224332440548,TRUE,133
P. vivax,paper_replica_corrigido,17008,Dianópolis,TO,2014,2,134,123210,0,0.01366678094004393,-0.01366678094004393,0,0,TRUE,133
P. vivax,paper_replica_corrigido,17008,Dianópolis,TO,2014,3,135,123210,0,0.01388117146238367,-0.01388117146238367,0,0.8116224332440548,TRUE,133
P. vivax,paper_replica_corrigido,21001,Litoral Ocidental Maranhense,MA,2014,1,133,186768,0,13.73554062548305,-13.73554062548305,0,118.33676288257138,TRUE,133
P. vivax,paper_replica_corrigido,21001,Litoral Ocidental Maranhense,MA,2014,2,134,186768,0,1.9717876080436056,-1.9717876080436056,0,15.2729589651332,TRUE,133
P. vivax,paper_replica_corrigido,21001,Litoral Ocidental Maranhense,MA,2014,3,135,186768,0,12.797524327475594,-12.797524327475594,0,96.00422845570871,TRUE,133
P. vivax,paper_replica_corrigido,21002,Aglomeração Urbana de São Luís,MA,2014,1,133,1381459,0,0.18913295049068388,-0.18913295049068388,0,1.9924586976522631,TRUE,133
P. vivax,paper_replica_corrigido,21002,Aglomeração Urbana de São Luís,MA,2014,2,134,1381459,0.07238723697192606,0.17355743964497208,-0.10117020267304602,0,1.5201319764104473,TRUE,133
P. vivax,paper_replica_corrigido,21002,Aglomeração Urbana de São Luís,MA,2014,3,135,1381459,0.07238723697192606,0.17621800524558917,-0.10383076827366311,0,1.6685258122028923,TRUE,133
P. vivax,paper_replica_corrigido,21003,Rosário,MA,2014,1,133,170773,0,1.0371933266839508,-1.0371933266839508,0,11.125880554888653,TRUE,133
P. vivax,paper_replica_corrigido,21003,Rosário,MA,2014,2,134,170773,0,0.9517818296123948,-0.9517818296123948,0,7.612444590186973,TRUE,133
P. vivax,paper_replica_corrigido,21003,Rosário,MA,2014,3,135,170773,0,0.9663751589351296,-0.9663751589351296,0,9.98401386636058,TRUE,133
P. vivax,paper_replica_corrigido,21004,Lençóis Maranhenses,MA,2014,1,133,189098,0,0.3159824498406969,-0.3159824498406969,0,2.644131614295233,TRUE,133
P. vivax,paper_replica_corrigido,21004,Lençóis Maranhenses,MA,2014,2,134,189098,0,0.28996789395034267,-0.28996789395034267,0,3.4505917566552675,TRUE,133
P. vivax,paper_replica_corrigido,21004,Lençóis Maranhenses,MA,2014,3,135,189098,0,0.29441947553275655,-0.29441947553275655,0,3.17295793715428,TRUE,133
P. vivax,paper_replica_corrigido,21005,Baixada Maranhense,MA,2014,1,133,585881,3.072296251286524,1.732797698737394,1.33949855254913,0,12.459868130217568,TRUE,133
P. vivax,paper_replica_corrigido,21005,Baixada Maranhense,MA,2014,2,134,585881,1.536148125643262,1.590085748541687,-0.053937622898424964,0.25175760948042375,13.825333130789357,TRUE,133
P. vivax,paper_replica_corrigido,21005,Baixada Maranhense,MA,2014,3,135,585881,2.5602468760721036,1.61444696367072,0.9457999124013836,0,13.671718318225016,TRUE,133
P. vivax,paper_replica_corrigido,21006,Itapecuru Mirim,MA,2014,1,133,226672,0,0.41730838040026885,-0.41730838040026885,0,3.970494811886779,TRUE,133
P. vivax,paper_replica_corrigido,21006,Itapecuru Mirim,MA,2014,2,134,226672,0,0.3829470643529683,-0.3829470643529683,0,3.970494811886779,TRUE,133
P. vivax,paper_replica_corrigido,21006,Itapecuru Mirim,MA,2014,3,135,226672,1.3234982706289264,0.3888225894436569,0.9346756811852696,0,3.529328721677137,TRUE,133
P. vivax,paper_replica_corrigido,21007,Gurupi,MA,2014,1,133,233474,5.996385036449455,62.53009502010079,-56.533709983651335,10.951697303103815,428.96429374094714,FALSE,133
P. vivax,paper_replica_corrigido,21007,Gurupi,MA,2014,2,134,233474,3.426505735113974,57.3801229389257,-53.95361720381173,8.213772977327862,469.6224699787205,FALSE,133
P. vivax,paper_replica_corrigido,21007,Gurupi,MA,2014,3,135,233474,4.7114453857817145,58.25917200256388,-53.547726616782164,9.514287032071444,404.1860785926749,FALSE,133
P. vivax,paper_replica_corrigido,21008,Pindaré,MA,2014,1,133,648120,14.50348700857866,14.690339990249862,-0.186852981671203,2.958869394724195,104.07823095942355,TRUE,133
P. vivax,paper_replica_corrigido,21008,Pindaré,MA,2014,2,134,648120,8.640375239153244,13.480442841900224,-4.840067602746981,0.9862897982413983,107.03710035414774,TRUE,133
P. vivax,paper_replica_corrigido,21008,Pindaré,MA,2014,3,135,648120,8.023205579213725,13.686961166654331,-5.6637555874406065,0.9862897982413983,94.88107859082234,TRUE,133
P. vivax,paper_replica_corrigido,21009,Imperatriz,MA,2014,1,133,583526,1.885091666866601,0.6934412476271513,1.1916504192394495,0,5.312531061169511,TRUE,133
P. vivax,paper_replica_corrigido,21009,Imperatriz,MA,2014,2,134,583526,1.885091666866601,0.6363316015630871,1.2487600653035138,0,5.1582962884258645,TRUE,133
P. vivax,paper_replica_corrigido,21009,Imperatriz,MA,2014,3,135,583526,1.713719697151455,0.6460826182005927,1.0676370789508622,0,4.97835572022497,TRUE,133
P. vivax,paper_replica_corrigido,21010,Médio Mearim,MA,2014,1,133,415623,2.4060266154664203,0.6921259544512768,1.7139006610151435,0,5.660177612884748,TRUE,133
P. vivax,paper_replica_corrigido,21010,Médio Mearim,MA,2014,2,134,415623,1.9248212923731365,0.6351259153563453,1.2896953770167912,0,6.255669200212692,TRUE,133
P. vivax,paper_replica_corrigido,21010,Médio Mearim,MA,2014,3,135,415623,1.6842186308264944,0.6448605482053431,1.0393580826211513,0,5.305288687103445,TRUE,133
P. vivax,paper_replica_corrigido,21011,Alto Mearim e Grajaú,MA,2014,1,133,323562,6.490255345188865,0.7353084831251768,5.754946862063688,0,7.123827890790622,TRUE,133
P. vivax,paper_replica_corrigido,21011,Alto Mearim e Grajaú,MA,2014,2,134,323562,6.181195566846539,0.6747529330736656,5.506442633772874,0,5.578528999078987,FALSE,133
P. vivax,paper_replica_corrigido,21011,Alto Mearim e Grajaú,MA,2014,3,135,323562,7.417434680215846,0.6850946790893676,6.732340001126479,0,5.887588777421314,FALSE,133
P. vivax,paper_replica_corrigido,21012,Presidente Dutra,MA,2014,1,133,194658,3.5960505090980077,0.4552937421897938,3.140756766908214,0,4.623493511697439,TRUE,133
P. vivax,paper_replica_corrigido,21012,Presidente Dutra,MA,2014,2,134,194658,1.5411645038991462,0.41780293807829,1.1233615658208562,0,4.623493511697439,TRUE,133
P. vivax,paper_replica_corrigido,21012,Presidente Dutra,MA,2014,3,135,194658,1.5411645038991462,0.42421187857396736,1.1169526253251787,0,4.893197299879778,TRUE,133
P. vivax,paper_replica_corrigido,21013,Baixo Parnaíba Maranhense,MA,2014,1,133,141167,1.416761707764563,0.3726430104678361,1.0441186972967267,0,4.958665977175969,TRUE,133
P. vivax,paper_replica_corrigido,21013,Baixo Parnaíba Maranhense,MA,2014,2,134,141167,1.416761707764563,0.34196205675799696,1.074799651006566,0,3.5419042694114067,TRUE,133
P. vivax,paper_replica_corrigido,21013,Baixo Parnaíba Maranhense,MA,2014,3,135,141167,0.7083808538822813,0.3472099984689265,0.36117085541335486,0,4.250285123293687,TRUE,133
P. vivax,paper_replica_corrigido,21014,Chapadinha,MA,2014,1,133,236667,0.8450692322968558,0.22318050105590956,0.6218887312409462,0,1.9119691380716264,TRUE,133
P. vivax,paper_replica_corrigido,21014,Chapadinha,MA,2014,2,134,236667,0.8450692322968558,0.20480547346899416,0.6402637588278617,0,2.1126730807421397,TRUE,133
P. vivax,paper_replica_corrigido,21014,Chapadinha,MA,2014,3,135,236667,0.4225346161484279,0.20794894598370564,0.21458567016472227,0,2.535207696890568,TRUE,133
P. vivax,paper_replica_corrigido,21015,Codó,MA,2014,1,133,271051,16.233107422588372,0.4102620301044389,15.822845392483933,0,3.689342596042811,FALSE,133
P. vivax,paper_replica_corrigido,21015,Codó,MA,2014,2,134,271051,7.747619451689904,0.3764784090052381,7.371141042684666,0,3.5140988227307695,FALSE,133
P. vivax,paper_replica_corrigido,21015,Codó,MA,2014,3,135,271051,3.689342596042811,0.38225322917129273,3.3070893668715184,0,3.3204083364385304,FALSE,133
P. vivax,paper_replica_corrigido,21016,Coelho Neto,MA,2014,1,133,90879,0,0.05559047987182733,-0.05559047987182733,0,1.1003642205570043,TRUE,133
P. vivax,paper_replica_corrigido,21016,Coelho Neto,MA,2014,2,134,90879,0,0.05102085653159687,-0.05102085653159687,0,1.1003642205570043,TRUE,133
P. vivax,paper_replica_corrigido,21016,Coelho Neto,MA,2014,3,135,90879,0,0.05181072042027474,-0.05181072042027474,0,1.1003642205570043,TRUE,133
P. vivax,paper_replica_corrigido,21017,Caxias,MA,2014,1,133,431688,1.8531902670447171,0.12253739871343076,1.7306528683312863,0,1.6215414836641278,FALSE,133
P. vivax,paper_replica_corrigido,21017,Caxias,MA,2014,2,134,431688,2.7797854005670763,0.11244796879770295,2.6673374317693734,0,0.9265951335223588,FALSE,133
P. vivax,paper_replica_corrigido,21017,Caxias,MA,2014,3,135,431688,1.3898927002835382,0.11417347609793432,1.275719224185604,0,1.1582439169029484,FALSE,133
P. vivax,paper_replica_corrigido,21018,Chapadas do Alto Itapecuru,MA,2014,1,133,215316,0,0.119244996501787,-0.119244996501787,0,1.3933010087499305,TRUE,133
P. vivax,paper_replica_corrigido,21018,Chapadas do Alto Itapecuru,MA,2014,2,134,215316,0.4644336695833101,0.10942848966192478,0.35500517992138536,0,1.3933010087499305,TRUE,133
P. vivax,paper_replica_corrigido,21018,Chapadas do Alto Itapecuru,MA,2014,3,135,215316,0.4644336695833101,0.1111102380526536,0.3533234315306565,0,1.3933010087499305,TRUE,133
P. vivax,paper_replica_corrigido,21019,Porto Franco,MA,2014,1,133,116059,0.8616307223050345,0.26705878804694755,0.5945719342580869,0,2.5848921669151035,TRUE,133
P. vivax,paper_replica_corrigido,21019,Porto Franco,MA,2014,2,134,116059,0.8616307223050345,0.24507346934345783,0.6165572529615766,0,2.5848921669151035,TRUE,133
P. vivax,paper_replica_corrigido,21019,Porto Franco,MA,2014,3,135,116059,0.8616307223050345,0.2488378054520312,0.6127929168530033,0,3.037248296125227,TRUE,133
P. vivax,paper_replica_corrigido,21020,Gerais de Balsas,MA,2014,1,133,138048,0,0.03060078235675605,-0.03060078235675605,0,0.7243857209086694,TRUE,133
P. vivax,paper_replica_corrigido,21020,Gerais de Balsas,MA,2014,2,134,138048,0,0.02808570477351815,-0.02808570477351815,0,0.7243857209086694,TRUE,133
P. vivax,paper_replica_corrigido,21020,Gerais de Balsas,MA,2014,3,135,138048,0,0.02852125553012706,-0.02852125553012706,0,0.7243857209086694,TRUE,133
P. vivax,paper_replica_corrigido,21021,Chapadas das Mangabeiras,MA,2014,1,133,70395,0,0.01981297431170454,-0.01981297431170454,0,0,TRUE,133
P. vivax,paper_replica_corrigido,21021,Chapadas das Mangabeiras,MA,2014,2,134,70395,0,0.01818965745993309,-0.01818965745993309,0,0,TRUE,133
P. vivax,paper_replica_corrigido,21021,Chapadas das Mangabeiras,MA,2014,3,135,70395,0,0.01847649978267972,-0.01847649978267972,0,0,TRUE,133
P. vivax,paper_replica_corrigido,51001,Aripuanã,MT,2014,1,133,152295,38.08398174595358,125.21685447031446,-87.13287272436088,33.57873306602134,942.0933295835596,TRUE,133
P. vivax,paper_replica_corrigido,51001,Aripuanã,MT,2014,2,134,152295,17.72875012311632,114.903895029983,-97.17514490686668,20.98670816626334,920.0572860089842,FALSE,133
P. vivax,paper_replica_corrigido,51001,Aripuanã,MT,2014,3,135,152295,12.475787123674449,116.66408263433561,-104.18829551066116,24.97418271785339,967.6971135464004,FALSE,133
P. vivax,paper_replica_corrigido,51002,Alta Floresta,MT,2014,1,133,102328,25.408490344773668,1.9182835958685585,23.49020674890511,0,17.59049331561254,FALSE,133
P. vivax,paper_replica_corrigido,51002,Alta Floresta,MT,2014,2,134,102328,15.635994058322256,1.7603068624117937,13.875687195910462,0,14.194550856070652,FALSE,133
P. vivax,paper_replica_corrigido,51002,Alta Floresta,MT,2014,3,135,102328,13.681494801031976,1.7872860294412092,11.894208771590767,0,15.635994058322256,TRUE,133
P. vivax,paper_replica_corrigido,51003,Colíder,MT,2014,1,133,148564,10.769769257693651,1.9638941996915635,8.805875058002087,0,18.847096200963893,TRUE,133
P. vivax,paper_replica_corrigido,51003,Colíder,MT,2014,2,134,148564,6.057995207452681,1.8021574485922496,4.255837758860431,0,12.789100993511216,TRUE,133
P. vivax,paper_replica_corrigido,51003,Colíder,MT,2014,3,135,148564,8.750437521876094,1.8297761469042584,6.920661374971836,0,14.842088258259036,TRUE,133
P. vivax,paper_replica_corrigido,51004,Parecis,MT,2014,1,133,99190,4.032664583123299,0.706542846752414,3.326121736370885,0,7.057163020465773,TRUE,133
P. vivax,paper_replica_corrigido,51004,Parecis,MT,2014,2,134,99190,1.0081661457808246,0.6483694719821698,0.3597966737986549,0,5.040830728904123,TRUE,133
P. vivax,paper_replica_corrigido,51004,Parecis,MT,2014,3,135,99190,1.0081661457808246,0.6583194419809154,0.34984670379990923,0,7.586450247000682,TRUE,133
P. vivax,paper_replica_corrigido,51005,Arinos,MT,2014,1,133,78503,0,0.27513543999731854,-0.27513543999731854,0,3.821510005987032,TRUE,133
P. vivax,paper_replica_corrigido,51005,Arinos,MT,2014,2,134,78503,0,0.25248800019762374,-0.25248800019762374,0,3.21643758837239,TRUE,133
P. vivax,paper_replica_corrigido,51005,Arinos,MT,2014,3,135,78503,0,0.2563701534548537,-0.2563701534548537,0,3.821510005987032,TRUE,133
P. vivax,paper_replica_corrigido,51006,Alto Teles Pires,MT,2014,1,133,223705,0.44701727721776446,0.6684615583830071,-0.22144428116524267,0,6.045908674370255,TRUE,133
P. vivax,paper_replica_corrigido,51006,Alto Teles Pires,MT,2014,2,134,223705,1.3410518316532931,0.6134181681146019,0.7276336635386912,0,5.598891397152489,TRUE,133
P. vivax,paper_replica_corrigido,51006,Alto Teles Pires,MT,2014,3,135,223705,1.3410518316532931,0.6228251660738209,0.7182266655794722,0,6.045908674370255,TRUE,133
P. vivax,paper_replica_corrigido,51007,Sinop,MT,2014,1,133,187978,0.5319771462617966,1.7204649720651777,-1.188487825803381,0,15.7332241006926,TRUE,133
P. vivax,paper_replica_corrigido,51007,Sinop,MT,2014,2,134,187978,1.59593143878539,1.578778210850635,0.017153227934755044,0,12.76745151028312,TRUE,133
P. vivax,paper_replica_corrigido,51007,Sinop,MT,2014,3,135,187978,0.5319771462617966,1.6029771464495892,-1.0710000001877926,0,11.982785219546956,TRUE,133
P. vivax,paper_replica_corrigido,51008,Paranatinga,MT,2014,1,133,34407,0,0.7504949619597053,-0.7504949619597053,0,8.719155985700585,TRUE,133
P. vivax,paper_replica_corrigido,51008,Paranatinga,MT,2014,2,134,34407,0,0.6887209083585082,-0.6887209083585082,0,8.719155985700585,TRUE,133
P. vivax,paper_replica_corrigido,51008,Paranatinga,MT,2014,3,135,34407,0,0.6993062425238977,-0.6993062425238977,0,8.719155985700585,TRUE,133
P. vivax,paper_replica_corrigido,51009,Norte Araguaia,MT,2014,1,133,121056,0,0.29314625507268527,-0.29314625507268527,0,3.304255881575469,TRUE,133
P. vivax,paper_replica_corrigido,51009,Norte Araguaia,MT,2014,2,134,121056,0,0.26901384783529053,-0.26901384783529053,0,3.304255881575469,TRUE,133
P. vivax,paper_replica_corrigido,51009,Norte Araguaia,MT,2014,3,135,121056,0,0.27314705470087774,-0.27314705470087774,0,2.9118754956383635,TRUE,133
P. vivax,paper_replica_corrigido,51010,Canarana,MT,2014,1,133,106676,0,0.21245338802110672,-0.21245338802110672,0,2.812253927781319,TRUE,133
P. vivax,paper_replica_corrigido,51010,Canarana,MT,2014,2,134,106676,0,0.1949667675899985,-0.1949667675899985,0,1.8748359518542128,TRUE,133
P. vivax,paper_replica_corrigido,51010,Canarana,MT,2014,3,135,106676,0,0.19796354314172332,-0.19796354314172332,0,1.8748359518542128,TRUE,133
P. vivax,paper_replica_corrigido,51011,Médio Araguaia,MT,2014,1,133,66734,0,0.05069428569937991,-0.05069428569937991,0,1.4984865286061078,TRUE,133
P. vivax,paper_replica_corrigido,51011,Médio Araguaia,MT,2014,2,134,66734,0,0.04652949344188856,-0.04652949344188856,0,1.4984865286061078,TRUE,133
P. vivax,paper_replica_corrigido,51011,Médio Araguaia,MT,2014,3,135,66734,0,0.04725220173658565,-0.04725220173658565,0,1.4984865286061078,TRUE,133
P. vivax,paper_replica_corrigido,51012,Alto Guaporé,MT,2014,1,133,70719,0,0.7074204195769555,-0.7074204195769555,0,7.07023572165896,TRUE,133
P. vivax,paper_replica_corrigido,51012,Alto Guaporé,MT,2014,2,134,70719,0,0.6491768596327351,-0.6491768596327351,0,5.6561885773271685,TRUE,133
P. vivax,paper_replica_corrigido,51012,Alto Guaporé,MT,2014,3,135,70719,0,0.6591403014946237,-0.6591403014946237,0,7.07023572165896,TRUE,133
P. vivax,paper_replica_corrigido,51013,Tangará da Serra,MT,2014,1,133,156519,0,0.14212493675024396,-0.14212493675024396,0,1.916700208920323,TRUE,133
P. vivax,paper_replica_corrigido,51013,Tangará da Serra,MT,2014,2,134,156519,0,0.13042651427129864,-0.13042651427129864,0,1.6132226758412571,TRUE,133
P. vivax,paper_replica_corrigido,51013,Tangará da Serra,MT,2014,3,135,156519,0,0.13243153531527102,-0.13243153531527102,0,1.916700208920323,TRUE,133
P. vivax,paper_replica_corrigido,51014,Jauru,MT,2014,1,133,107828,0,0.10138106432521891,-0.10138106432521891,0,1.854805801832548,TRUE,133
P. vivax,paper_replica_corrigido,51014,Jauru,MT,2014,2,134,107828,0,0.0930387295718004,-0.0930387295718004,0,0.927402900916274,TRUE,133
P. vivax,paper_replica_corrigido,51014,Jauru,MT,2014,3,135,107828,0,0.09447212401406266,-0.09447212401406266,0,0.927402900916274,TRUE,133
P. vivax,paper_replica_corrigido,51015,Alto Paraguai,MT,2014,1,133,32657,0,0.12346807144670598,-0.12346807144670598,0,3.062130630492697,TRUE,133
P. vivax,paper_replica_corrigido,51015,Alto Paraguai,MT,2014,2,134,32657,0,0.1133211267488692,-0.1133211267488692,0,3.062130630492697,TRUE,133
P. vivax,paper_replica_corrigido,51015,Alto Paraguai,MT,2014,3,135,32657,0,0.11507917814047024,-0.11507917814047024,0,3.062130630492697,TRUE,133
P. vivax,paper_replica_corrigido,51016,Rosário Oeste,MT,2014,1,133,30560,0,0.09147184459199956,-0.09147184459199956,0,3.272251308900524,TRUE,133
P. vivax,paper_replica_corrigido,51016,Rosário Oeste,MT,2014,2,134,30560,0,0.08395771168927871,-0.08395771168927871,0,3.272251308900524,TRUE,133
P. vivax,paper_replica_corrigido,51016,Rosário Oeste,MT,2014,3,135,30560,0,0.08526278295752915,-0.08526278295752915,0,3.272251308900524,TRUE,133
P. vivax,paper_replica_corrigido,51017,Cuiabá,MT,2014,1,133,890277,0.22464918222081445,0.13357185076516906,0.0910773314556454,0,1.4068655036578477,TRUE,133
P. vivax,paper_replica_corrigido,51017,Cuiabá,MT,2014,2,134,890277,0.6739475466624433,0.12257214738436636,0.5513753992780769,0,1.2355705022144794,TRUE,133
P. vivax,paper_replica_corrigido,51017,Cuiabá,MT,2014,3,135,890277,0.22464918222081445,0.12445163099007596,0.1001975512307385,0,1.123245911104072,TRUE,133
P. vivax,paper_replica_corrigido,51018,Alto Pantanal,MT,2014,1,133,134727,0,0.08238386316569879,-0.08238386316569879,0,1.484483436876053,TRUE,133
P. vivax,paper_replica_corrigido,51018,Alto Pantanal,MT,2014,2,134,134727,0,0.07560596345771241,-0.07560596345771241,0,1.484483436876053,TRUE,133
P. vivax,paper_replica_corrigido,51018,Alto Pantanal,MT,2014,3,135,134727,0,0.07677102564589627,-0.07677102564589627,0,0.7422417184380266,TRUE,133
P. vivax,paper_replica_corrigido,51019,Primavera do Leste,MT,2014,1,133,93250,0,0.11817487675602796,-0.11817487675602796,0,2.1447721179624666,TRUE,133
P. vivax,paper_replica_corrigido,51019,Primavera do Leste,MT,2014,2,134,93250,0,0.10845335745657682,-0.10845335745657682,0,2.1447721179624666,TRUE,133
P. vivax,paper_replica_corrigido,51019,Primavera do Leste,MT,2014,3,135,93250,0,0.11012511669191544,-0.11012511669191544,0,1.0723860589812333,TRUE,133
P. vivax,paper_replica_corrigido,51020,Tesouro,MT,2014,1,133,54544,0,0.02862627591638761,-0.02862627591638761,0,1.8333822235259607,TRUE,133
P. vivax,paper_replica_corrigido,51020,Tesouro,MT,2014,2,134,54544,0,0.02627913651324866,-0.02627913651324866,0,0,TRUE,133
P. vivax,paper_replica_corrigido,51020,Tesouro,MT,2014,3,135,54544,0,0.02669204590628638,-0.02669204590628638,0,0,TRUE,133
P. vivax,paper_replica_corrigido,51021,Rondonópolis,MT,2014,1,133,294225,0.33987594527997284,0.08943459998821623,0.2504413452917566,0,1.0196278358399185,TRUE,133
P. vivax,paper_replica_corrigido,51021,Rondonópolis,MT,2014,2,134,294225,0,0.08207283783702309,-0.08207283783702309,0,1.0196278358399185,TRUE,133
P. vivax,paper_replica_corrigido,51021,Rondonópolis,MT,2014,3,135,294225,0,0.08333393033585315,-0.08333393033585315,0,1.0196278358399185,TRUE,133
P. vivax,paper_replica_corrigido,51022,Alto Araguaia,MT,2014,1,133,37615,0,0.01050515903674789,-0.01050515903674789,0,0,TRUE,133
P. vivax,paper_replica_corrigido,51022,Alto Araguaia,MT,2014,2,134,37615,0,0.00965294835567816,-0.00965294835567816,0,0,TRUE,133
P. vivax,paper_replica_corrigido,51022,Alto Araguaia,MT,2014,3,135,37615,0,0.00981330281343472,-0.00981330281343472,0,0,TRUE,133
P. vivax,paper_replica_corrigido,11001,Porto Velho,RO,2015,1,145,637530,66.34981883205496,482.667267077571,-416.31744824551606,160.2772856558734,3431.447949328091,FALSE,145
P. vivax,paper_replica_corrigido,11001,Porto Velho,RO,2015,2,146,637530,57.87962919392029,441.917884784037,-384.03825559011676,175.81871779641796,3077.9555686088042,FALSE,145
P. vivax,paper_replica_corrigido,11001,Porto Velho,RO,2015,3,147,637530,67.44780637773908,446.4394770081298,-378.99167063039073,148.9972139409621,3732.2247948996946,FALSE,145
P. vivax,paper_replica_corrigido,11002,Guajará-Mirim,RO,2015,1,145,82285,59.54912803062527,183.0735414156183,-123.52441338499304,38.84268967832625,1426.1093515397479,TRUE,145
P. vivax,paper_replica_corrigido,11002,Guajará-Mirim,RO,2015,2,146,82285,36.45864981466853,167.61769831004352,-131.15904849537498,38.84268967832625,1197.5201227827974,FALSE,145
P. vivax,paper_replica_corrigido,11002,Guajará-Mirim,RO,2015,3,147,82285,47.39624475906909,169.33295322011463,-121.93670846104554,34.764207262102005,1359.8825656382014,TRUE,145
P. vivax,paper_replica_corrigido,11003,Ariquemes,RO,2015,1,145,198611,19.132877836575013,321.94183566559957,-302.80895782902456,114.17711637162459,2383.3970148300855,FALSE,145
P. vivax,paper_replica_corrigido,11003,Ariquemes,RO,2015,2,146,198611,34.237781391765814,294.7618683037456,-260.5240869119798,85.21040608706868,1951.390716169583,FALSE,145
P. vivax,paper_replica_corrigido,11003,Ariquemes,RO,2015,3,147,198611,25.67833604382436,297.7779032596101,-272.0995672157858,107.7400696417233,2337.4525937954118,FALSE,145
P. vivax,paper_replica_corrigido,11004,Ji-Paraná,RO,2015,1,145,316823,5.997039356359861,46.146497670578476,-40.14945831421861,8.070552252029872,382.6954996009412,FALSE,145
P. vivax,paper_replica_corrigido,11004,Ji-Paraná,RO,2015,2,146,316823,2.8407028530125653,42.25060848591759,-39.40990563290502,9.028930331958422,347.58859730461023,FALSE,145
P. vivax,paper_replica_corrigido,11004,Ji-Paraná,RO,2015,3,147,316823,6.62830665702932,42.68296419737542,-36.0546575403461,10.088190315037341,330.1360280595968,FALSE,145
P. vivax,paper_replica_corrigido,11005,Alvorada D'Oeste,RO,2015,1,145,75169,0,29.391324954405075,-29.391324954405075,0,229.60691094703682,TRUE,145
P. vivax,paper_replica_corrigido,11005,Alvorada D'Oeste,RO,2015,2,146,75169,6.6516782184145065,26.91008362913781,-20.258405410723302,0,225.56753010630172,TRUE,145
P. vivax,paper_replica_corrigido,11005,Alvorada D'Oeste,RO,2015,3,147,75169,10.64268514946321,27.185588317392842,-16.54290316792963,0,242.5754494357118,TRUE,145
P. vivax,paper_replica_corrigido,11006,Cacoal,RO,2015,1,145,248619,4.826662483559181,23.371135331793088,-18.54447284823391,2.571139551024721,201.89873324421615,TRUE,145
P. vivax,paper_replica_corrigido,11006,Cacoal,RO,2015,2,146,248619,7.642215598968703,21.398080637002618,-13.755865038033914,0,158.18936087679592,TRUE,145
P. vivax,paper_replica_corrigido,11006,Cacoal,RO,2015,3,147,248619,6.8377718517088395,21.61708278740733,-14.77931093569849,0,199.45615067074255,TRUE,145
P. vivax,paper_replica_corrigido,11007,Vilhena,RO,2015,1,145,154743,5.1698622877933085,14.568125052655256,-9.398262764861947,0,132.19009977290656,TRUE,145
P. vivax,paper_replica_corrigido,11007,Vilhena,RO,2015,2,146,154743,3.877396715844982,13.338285476218957,-9.460888760373974,0,148.92040927541487,TRUE,145
P. vivax,paper_replica_corrigido,11007,Vilhena,RO,2015,3,147,154743,3.2311639298708177,13.47484681072685,-10.243682880856033,0,113.70414050778908,TRUE,145
P. vivax,paper_replica_corrigido,11008,Colorado do Oeste,RO,2015,1,145,54424,3.6748493311774215,14.215557788556346,-10.540708457378924,0,135.36626322977665,TRUE,145
P. vivax,paper_replica_corrigido,11008,Colorado do Oeste,RO,2015,2,146,54424,0,13.015548145380734,-13.015548145380734,0,140.94535000063541,TRUE,145
P. vivax,paper_replica_corrigido,11008,Colorado do Oeste,RO,2015,3,147,54424,0,13.148883685612883,-13.148883685612883,0,135.36626322977665,TRUE,145
P. vivax,paper_replica_corrigido,12001,Cruzeiro do Sul,AC,2015,1,145,143320,1263.6059168294726,1336.2280900298003,-72.62217320032778,445.57278111371676,9606.575921939704,TRUE,145
P. vivax,paper_replica_corrigido,12001,Cruzeiro do Sul,AC,2015,2,146,143320,962.8802679319006,1223.4165505042552,-260.5362825723546,401.41691992226737,8541.48302774598,TRUE,145
P. vivax,paper_replica_corrigido,12001,Cruzeiro do Sul,AC,2015,3,147,143320,894.5018141222439,1235.93432990432,-341.43251578207617,378.44695172671544,9067.450697544118,TRUE,145
P. vivax,paper_replica_corrigido,12002,Tarauacá,AC,2015,1,145,78713,40.6540215720402,122.70638589440726,-82.05236432236705,7.7150208584910525,1032.1885801202202,TRUE,145
P. vivax,paper_replica_corrigido,12002,Tarauacá,AC,2015,2,146,78713,24.13832530839887,112.34700881993388,-88.20868351153501,20.099659605016114,1023.6614518029409,TRUE,145
P. vivax,paper_replica_corrigido,12002,Tarauacá,AC,2015,3,147,78713,19.05657261189384,113.49668266955301,-94.44011005765917,16.24214917577059,1291.453886338455,TRUE,145
P. vivax,paper_replica_corrigido,12003,Sena Madureira,AC,2015,1,145,56200,0,0.4979531868459796,-0.4979531868459796,0,7.117437722419928,TRUE,145
P. vivax,paper_replica_corrigido,12003,Sena Madureira,AC,2015,2,146,56200,0,0.45593140499834994,-0.45593140499834994,0,5.338078291814947,TRUE,145
P. vivax,paper_replica_corrigido,12003,Sena Madureira,AC,2015,3,147,56200,0,0.4606119579733372,-0.4606119579733372,0,7.117437722419928,TRUE,145
P. vivax,paper_replica_corrigido,12004,Rio Branco,AC,2015,1,145,460354,16.074586079408455,45.58758542650785,-29.512999347099395,11.10856678184554,352.03742417092377,TRUE,145
P. vivax,paper_replica_corrigido,12004,Rio Branco,AC,2015,2,146,460354,13.250672308701564,41.73887145001495,-28.488199141313384,9.719995934114847,302.18773073739175,TRUE,145
P. vivax,paper_replica_corrigido,12004,Rio Branco,AC,2015,3,147,460354,13.467896444909789,42.16597313943485,-28.698076694525056,9.719995934114847,421.46596655745833,TRUE,145
P. vivax,paper_replica_corrigido,12005,Brasiléia,AC,2015,1,145,64926,3.0804300280319135,1.3205352758412998,1.7598947521906136,0,13.86193512614361,TRUE,145
P. vivax,paper_replica_corrigido,12005,Brasiléia,AC,2015,2,146,64926,1.5402150140159567,1.2090690449768435,0.3311459690391132,0,13.86193512614361,TRUE,145
P. vivax,paper_replica_corrigido,12005,Brasiléia,AC,2015,3,147,64926,1.5402150140159567,1.221460561189185,0.31875445282677184,0,13.130332994485997,TRUE,145
P. vivax,paper_replica_corrigido,13001,Rio Negro,AM,2015,1,145,110602,700.7106562268314,692.001709426912,8.708946799919318,230.3166365874322,5447.98543445993,TRUE,145
P. vivax,paper_replica_corrigido,13001,Rio Negro,AM,2015,2,146,110602,903.2386394459412,633.5792831486646,269.65935629727664,193.47175432281787,5729.451437014706,TRUE,145
P. vivax,paper_replica_corrigido,13001,Rio Negro,AM,2015,3,147,110602,832.7155024321441,640.0620588148868,192.65344361725738,181.91257557313494,5974.072557304871,TRUE,145
P. vivax,paper_replica_corrigido,13002,Japurá,AM,2015,1,145,23548,233.5654832682181,176.4777606172486,57.08772265096948,0,1561.5739823205054,TRUE,145
P. vivax,paper_replica_corrigido,13002,Japurá,AM,2015,2,146,23548,191.09903176490573,161.57904571442148,29.51998605048425,0,1385.8035949145894,TRUE,145
P. vivax,paper_replica_corrigido,13002,Japurá,AM,2015,3,147,23548,191.09903176490573,163.23305445478096,27.865977310124777,0,1344.4059361047027,TRUE,145
P. vivax,paper_replica_corrigido,13003,Alto Solimões,AM,2015,1,145,245521,197.13181357195515,236.66857536732715,-39.536761795372,55.91193113085121,2168.784103934764,TRUE,145
P. vivax,paper_replica_corrigido,13003,Alto Solimões,AM,2015,2,146,245521,220.75504742975144,216.6878736620389,4.067173767712546,71.5334252768399,1991.0245184652003,TRUE,145
P. vivax,paper_replica_corrigido,13003,Alto Solimões,AM,2015,3,147,245521,298.9560974417667,218.90506868836005,80.05102875340665,88.52180016060261,1691.2220099801011,TRUE,145
P. vivax,paper_replica_corrigido,13004,Juruá,AM,2015,1,145,144754,304.65479364991637,359.2929055614393,-54.63811191152291,96.71047262523395,2526.2850971269704,TRUE,145
P. vivax,paper_replica_corrigido,13004,Juruá,AM,2015,2,146,144754,442.1294057504456,328.9596183405915,113.16978740985411,72.75365463473649,2166.4912269378865,TRUE,145
P. vivax,paper_replica_corrigido,13004,Juruá,AM,2015,3,147,144754,847.6449700871825,332.3256604580538,515.3193096291287,88.32006632441455,2929.5765999808286,TRUE,145
P. vivax,paper_replica_corrigido,13005,Tefé,AM,2015,1,145,91110,200.8561080013171,418.4995652951591,-217.64345729384198,80.50940404802513,3371.7478736714306,TRUE,145
P. vivax,paper_replica_corrigido,13005,Tefé,AM,2015,2,146,91110,155.85555921413675,383.16779497013147,-227.31223575599472,80.50940404802513,2653.828503805271,TRUE,145
P. vivax,paper_replica_corrigido,13005,Tefé,AM,2015,3,147,91110,245.8566567884974,387.088535839439,-141.2318790509416,136.63796460438252,2818.8815521913093,TRUE,145
P. vivax,paper_replica_corrigido,13006,Coari,AM,2015,1,145,172058,66.25672738262678,216.1705480745426,-149.91382069191582,48.29792205227769,1781.5431593937278,TRUE,145
P. vivax,paper_replica_corrigido,13006,Coari,AM,2015,2,146,172058,86.59870508781923,197.92040228338354,-111.32169719556431,48.29792205227769,1640.5503792488093,TRUE,145
P. vivax,paper_replica_corrigido,13006,Coari,AM,2015,3,147,172058,74.39351846470376,199.94560508197685,-125.55208661727309,51.82738558686723,1467.2351435765966,TRUE,145
P. vivax,paper_replica_corrigido,13007,Manaus,AM,2015,1,145,2327732,38.19168186028288,130.65317296991208,-92.46149110962921,41.165047432878296,965.4425667446756,FALSE,145
P. vivax,paper_replica_corrigido,13007,Manaus,AM,2015,2,146,2327732,29.556667176461897,119.62272824232592,-90.06606106586402,38.309033468222296,1027.354907930416,FALSE,145
P. vivax,paper_replica_corrigido,13007,Manaus,AM,2015,3,147,2327732,34.96966145587207,120.84667534742762,-85.87701389155555,37.47831786792571,950.3386467392834,FALSE,145
P. vivax,paper_replica_corrigido,13008,Rio Preto da Eva,AM,2015,1,145,63342,86.83022323261028,486.06034448059955,-399.23012124798925,146.07865610375762,4210.799257982234,FALSE,145
P. vivax,paper_replica_corrigido,13008,Rio Preto da Eva,AM,2015,2,146,63342,94.7238798901203,445.0247879918383,-350.300908101718,121.10147656270057,4098.275802676058,FALSE,145
P. vivax,paper_replica_corrigido,13008,Rio Preto da Eva,AM,2015,3,147,63342,107.35373054213632,449.5784683186714,-342.2247377765351,135.98686639019922,3379.4880803278506,FALSE,145
P. vivax,paper_replica_corrigido,13009,Itacoatiara,AM,2015,1,145,171452,5.832536220049926,81.9882237235828,-76.15568750353287,14.913425192735346,819.2130876184427,FALSE,145
P. vivax,paper_replica_corrigido,13009,Itacoatiara,AM,2015,2,146,171452,2.916268110024963,75.06648884139692,-72.15022073137196,14.913425192735346,619.1867722208785,FALSE,145
P. vivax,paper_replica_corrigido,13009,Itacoatiara,AM,2015,3,147,171452,5.832536220049926,75.83465409551107,-70.00211787546114,12.956038136188836,611.4504329021493,FALSE,145
P. vivax,paper_replica_corrigido,13010,Parintins,AM,2015,1,145,270186,50.33569466959798,28.16931477870957,22.166379890888408,4.731808043615991,292.72147509819376,TRUE,145
P. vivax,paper_replica_corrigido,13010,Parintins,AM,2015,2,146,270186,36.27130939426913,25.791163012053378,10.480146382215754,0,212.9313619627196,TRUE,145
P. vivax,paper_replica_corrigido,13010,Parintins,AM,2015,3,147,270186,18.13565469713457,26.055114948198227,-7.919460251063658,1.1238044103588012,200.45121824768196,TRUE,145
P. vivax,paper_replica_corrigido,13011,Boca do Acre,AM,2015,1,145,52876,132.38520311672593,224.9207206917519,-92.53551757502598,36.26791799887747,2158.847818883181,TRUE,145
P. vivax,paper_replica_corrigido,13011,Boca do Acre,AM,2015,2,146,52876,83.21355624479915,205.93197526737168,-122.71841902257253,42.010338348699754,1621.780399849803,TRUE,145
P. vivax,paper_replica_corrigido,13011,Boca do Acre,AM,2015,3,147,52876,88.88720780694455,208.0394070930683,-119.15219928612375,24.17861199925165,1572.2142452513378,TRUE,145
P. vivax,paper_replica_corrigido,13012,Purus,AM,2015,1,145,76545,516.0363185054543,541.5293778005359,-25.493059295081594,116.91525268152084,3931.066594179205,TRUE,145
P. vivax,paper_replica_corrigido,13012,Purus,AM,2015,2,146,76545,411.522633744856,495.81081234052516,-84.28817859566914,141.9685211132753,3854.654125462348,TRUE,145
P. vivax,paper_replica_corrigido,13012,Purus,AM,2015,3,147,76545,617.9371611470377,500.88422559016306,117.05293555687467,145.93528861496978,4091.407512142432,TRUE,145
P. vivax,paper_replica_corrigido,13013,Madeira,AM,2015,1,145,188610,65.74412809501086,329.16095544675625,-263.4168273517454,81.34043506107396,3952.0436589100655,FALSE,145
P. vivax,paper_replica_corrigido,13013,Madeira,AM,2015,2,146,188610,52.48926355972642,301.3715169495533,-248.8822533898269,88.11880464949682,2258.0443691433516,FALSE,145
P. vivax,paper_replica_corrigido,13013,Madeira,AM,2015,3,147,188610,46.12692858278988,304.45519027386985,-258.32826169107994,77.95125026686257,2349.8912770664842,FALSE,145
P. vivax,paper_replica_corrigido,14001,Boa Vista,RR,2015,1,145,359804,82.26701203988839,136.0405612571932,-53.773549217304804,39.84065124348847,1213.518699302778,TRUE,145
P. vivax,paper_replica_corrigido,14001,Boa Vista,RR,2015,2,146,359804,73.3732810085491,124.55533090148077,-51.18204989293167,28.337051832046424,1090.443510232869,TRUE,145
P. vivax,paper_replica_corrigido,14001,Boa Vista,RR,2015,3,147,359804,95.32967949216795,125.82979905129866,-30.50011955913071,34.51079823432613,926.5505302011292,TRUE,145
P. vivax,paper_replica_corrigido,14002,Nordeste de Roraima,RR,2015,1,145,47524,96.7931992256544,427.9668344293692,-331.1736352037148,107.60611800963137,2656.8623074815537,FALSE,145
P. vivax,paper_replica_corrigido,14002,Nordeste de Roraima,RR,2015,2,146,47524,65.2301994781584,391.8360753257352,-326.6058758475768,53.80305900481569,2901.6662259534633,TRUE,145
P. vivax,paper_replica_corrigido,14002,Nordeste de Roraima,RR,2015,3,147,47524,46.29239962966081,395.8456723265043,-349.5532726968435,94.15535325842744,3673.4038535537898,FALSE,145
P. vivax,paper_replica_corrigido,14003,Caracaraí,RR,2015,1,145,46961,202.29552181597495,445.32703060211037,-243.03150878613542,108.89617240454251,3771.8911716623406,TRUE,145
P. vivax,paper_replica_corrigido,14003,Caracaraí,RR,2015,2,146,46961,159.70699090734863,407.7304242405725,-248.0234333332239,88.1378395399266,3141.9948744098115,TRUE,145
P. vivax,paper_replica_corrigido,14003,Caracaraí,RR,2015,3,147,46961,161.83641745277998,411.90254804824093,-250.06613059546095,115.36188264106225,3736.499915630859,TRUE,145
P. vivax,paper_replica_corrigido,14004,Sudeste de Roraima,RR,2015,1,145,51376,471.037060105886,401.93734256853224,69.09971753735374,105.44825153197847,3421.313624189465,TRUE,145
P. vivax,paper_replica_corrigido,14004,Sudeste de Roraima,RR,2015,2,146,51376,525.5372158206167,368.0039225981823,157.53329322243434,74.65362940317057,3037.7806031306804,TRUE,145
P. vivax,paper_replica_corrigido,14004,Sudeste de Roraima,RR,2015,3,147,51376,548.8944254126441,371.7695552001487,177.12487021249535,87.09590097036565,3581.818927406283,TRUE,145
P. vivax,paper_replica_corrigido,15001,Óbidos,PA,2015,1,145,198751,1.5094263676660746,19.97169135000982,-18.462264982343747,1.527721714191139,151.16404329891222,FALSE,145
P. vivax,paper_replica_corrigido,15001,Óbidos,PA,2015,2,146,198751,0,18.28566900620061,-18.28566900620061,0,208.01137234802394,TRUE,145
P. vivax,paper_replica_corrigido,15001,Óbidos,PA,2015,3,147,198751,2.0125684902214327,18.472859255239264,-16.46029076501783,0,156.2296468775458,TRUE,145
P. vivax,paper_replica_corrigido,15002,Santarém,PA,2015,1,145,507271,4.534065617786154,37.08441567001453,-32.550350052228374,9.419571051116089,246.45252285244524,FALSE,145
P. vivax,paper_replica_corrigido,15002,Santarém,PA,2015,2,146,507271,2.759866028217659,33.95359180431786,-31.1937257761002,7.560859706581475,289.67543750840235,FALSE,145
P. vivax,paper_replica_corrigido,15002,Santarém,PA,2015,3,147,507271,3.7455324668668224,34.3010333066893,-30.555500839822475,8.82100299101172,294.27496049657304,FALSE,145
P. vivax,paper_replica_corrigido,15003,Almeirim,PA,2015,1,145,71843,20.878860849352066,69.47134669684294,-48.59248584749088,4.226385568770835,557.2155710405732,TRUE,145
P. vivax,paper_replica_corrigido,15003,Almeirim,PA,2015,2,146,71843,13.919240566234706,63.60643776945106,-49.68719720321636,0,485.14457502574527,TRUE,145
P. vivax,paper_replica_corrigido,15003,Almeirim,PA,2015,3,147,71843,5.567696226493883,64.2574384441441,-58.68974221765022,0,539.8651460740399,TRUE,145
P. vivax,paper_replica_corrigido,15004,Portel,PA,2015,1,145,144594,8.299099547699075,97.48022974025422,-89.18113019255514,17.68355931881586,825.4906534514719,FALSE,145
P. vivax,paper_replica_corrigido,15004,Portel,PA,2015,2,146,144594,10.373874434623843,89.25068692925394,-78.8768124946301,19.78348198792525,612.4037636597417,FALSE,145
P. vivax,paper_replica_corrigido,15004,Portel,PA,2015,3,147,144594,22.822523756172455,90.16408363824883,-67.34155988207637,22.104449148519826,796.0917360839392,TRUE,145
P. vivax,paper_replica_corrigido,15005,Furos de Breves,PA,2015,1,145,220578,121.49897088558242,427.7892787569359,-306.2903078713535,147.5079923267205,3231.2654507719712,FALSE,145
P. vivax,paper_replica_corrigido,15005,Furos de Breves,PA,2015,2,146,220578,127.8459320512472,391.6731374014078,-263.8272053501606,134.68436038083172,3391.452175248577,FALSE,145
P. vivax,paper_replica_corrigido,15005,Furos de Breves,PA,2015,3,147,220578,141.89991748950484,395.6807244365794,-253.78080694707455,118.67293292297062,2856.192328829219,TRUE,145
P. vivax,paper_replica_corrigido,15006,Arari,PA,2015,1,145,168225,3.566651805617477,34.26745395174496,-30.700802146127486,0,245.1870004097891,TRUE,145
P. vivax,paper_replica_corrigido,15006,Arari,PA,2015,2,146,168225,8.916629514043692,31.374581201000023,-22.45795168695633,0,237.58724836299206,TRUE,145
P. vivax,paper_replica_corrigido,15006,Arari,PA,2015,3,147,168225,3.566651805617477,31.69573702208886,-28.12908521647138,3.799876023398515,308.35993929878896,FALSE,145
P. vivax,paper_replica_corrigido,15007,Belém,PA,2015,1,145,2261942,0.7515665742092414,0.5423449166887591,0.20922165752048238,0.06520945276227247,6.791730291934978,TRUE,145
P. vivax,paper_replica_corrigido,15007,Belém,PA,2015,2,146,2261942,0.39788818634606904,0.4965584982223965,-0.09867031187632747,0.04420979848289655,3.764464340818636,TRUE,145
P. vivax,paper_replica_corrigido,15007,Belém,PA,2015,3,147,2261942,0.3536783878631724,0.5016405026251853,-0.14796211476201293,0.0884195969657931,4.444189992493175,TRUE,145
P. vivax,paper_replica_corrigido,15008,Castanhal,PA,2015,1,145,324645,0.616057539774215,0.7260626650102745,-0.11000512523605954,0,6.630319271819982,TRUE,145
P. vivax,paper_replica_corrigido,15008,Castanhal,PA,2015,2,146,324645,0.616057539774215,0.664770652643586,-0.04871311286937108,0,4.782146652497337,TRUE,145
P. vivax,paper_replica_corrigido,15008,Castanhal,PA,2015,3,147,324645,0,0.6715783724181067,-0.6715783724181067,0,6.322290501932874,TRUE,145
P. vivax,paper_replica_corrigido,15009,Salgado,PA,2015,1,145,260362,0.7681612524101059,24.250351936588434,-23.482190684178327,2.455174503330805,182.9718798607282,FALSE,145
P. vivax,paper_replica_corrigido,15009,Salgado,PA,2015,2,146,260362,0,22.203083129956507,-22.203083129956507,0,218.63328952160808,TRUE,145
P. vivax,paper_replica_corrigido,15009,Salgado,PA,2015,3,147,260362,0.7681612524101059,22.430361735100984,-21.662200482690878,0,174.31738973648717,TRUE,145
P. vivax,paper_replica_corrigido,15010,Bragantina,PA,2015,1,145,405443,0.24664379456545063,13.680401943050445,-13.433758148484994,0,81.98483014846276,TRUE,145
P. vivax,paper_replica_corrigido,15010,Bragantina,PA,2015,2,146,405443,0.24664379456545063,1.9594523586041757,-1.712808564038725,0,14.798627673927038,TRUE,145
P. vivax,paper_replica_corrigido,15010,Bragantina,PA,2015,3,147,405443,0.7399313836963519,1.9795119219892856,-1.2395805382929337,0,14.564316069089848,TRUE,145
P. vivax,paper_replica_corrigido,15011,Cametá,PA,2015,1,145,473045,0.8455855151201259,18.73350981915355,-17.887924304033426,2.7026356648361785,173.03624844113628,FALSE,145
P. vivax,paper_replica_corrigido,15011,Cametá,PA,2015,2,146,473045,0.42279275756006296,17.151988297876514,-16.72919554031645,1.9931938028166836,185.26567482451995,FALSE,145
P. vivax,paper_replica_corrigido,15011,Cametá,PA,2015,3,147,473045,0.42279275756006296,17.327548399984828,-16.904755642424764,1.3513178324180892,150.97598482691077,FALSE,145
P. vivax,paper_replica_corrigido,15012,Tomé-Açu,PA,2015,1,145,320418,0.31209232939472814,29.782075639311877,-29.46998330991715,3.9900014608181507,234.46246084132653,FALSE,145
P. vivax,paper_replica_corrigido,15012,Tomé-Açu,PA,2015,2,146,320418,0.9362769881841844,27.2677721683042,-26.33149518012002,1.9950007304090753,217.5548296511096,FALSE,145
P. vivax,paper_replica_corrigido,15012,Tomé-Açu,PA,2015,3,147,320418,0.9362769881841844,27.546835554474484,-26.6105585662903,3.9900014608181507,216.50745426764485,FALSE,145
P. vivax,paper_replica_corrigido,15013,Guamá,PA,2015,1,145,460985,0.4338535961039947,44.32540410533496,-43.89155050923097,9.637357616954342,314.3927921876216,FALSE,145
P. vivax,paper_replica_corrigido,15013,Guamá,PA,2015,2,146,460985,0.21692679805199735,40.583298846884304,-40.366372048832304,14.52536993346715,280.6620405282812,FALSE,145
P. vivax,paper_replica_corrigido,15013,Guamá,PA,2015,3,147,460985,0.21692679805199735,40.99862280690529,-40.78169600885329,6.93335080356427,277.8193666988199,FALSE,145
P. vivax,paper_replica_corrigido,15014,Itaituba,PA,2015,1,145,214099,187.29653104404971,351.70008379677205,-164.40355275272233,105.9175019952673,2729.8948558653274,TRUE,145
P. vivax,paper_replica_corrigido,15014,Itaituba,PA,2015,2,146,214099,130.78062018038386,322.0077061635435,-191.22708598315964,123.8316672375958,2596.285040099635,TRUE,145
P. vivax,paper_replica_corrigido,15014,Itaituba,PA,2015,3,147,214099,136.3855039024003,325.3024499224643,-188.916946020064,99.9461135811578,2607.2574663105597,TRUE,145
P. vivax,paper_replica_corrigido,15015,Altamira,PA,2015,1,145,294165,12.917920214845411,197.72293609892515,-184.80501588407972,58.672248190565874,1594.7443015130186,FALSE,145
P. vivax,paper_replica_corrigido,15015,Altamira,PA,2015,2,146,294165,23.11627827919705,181.03018637318132,-157.91390809398428,61.877491378754186,1249.7732126147837,FALSE,145
P. vivax,paper_replica_corrigido,15015,Altamira,PA,2015,3,147,294165,14.277701290092294,182.882498243946,-168.6047969538537,55.35835269091354,2229.5454312415027,FALSE,145
P. vivax,paper_replica_corrigido,15016,Tucuruí,PA,2015,1,145,362863,8.8187552878083455,147.67836092685565,-138.8596056390473,37.83122898498254,1019.5494190946972,FALSE,145
P. vivax,paper_replica_corrigido,15016,Tucuruí,PA,2015,2,146,362863,8.543169185064336,135.21065836435437,-126.66748917929004,44.8777908448163,1157.0894983963267,FALSE,145
P. vivax,paper_replica_corrigido,15016,Tucuruí,PA,2015,3,147,362863,7.165238671344281,136.5941847090207,-129.42894603767644,40.51773069404417,942.653812799262,FALSE,145
P. vivax,paper_replica_corrigido,15017,Paragominas,PA,2015,1,145,328594,2.1302884410549185,73.04503440589203,-70.91474596483711,16.486939416748097,466.25453742880205,FALSE,145
P. vivax,paper_replica_corrigido,15017,Paragominas,PA,2015,2,146,328594,0.9129807604521082,66.87828668651447,-65.96530592606236,16.389671337593246,486.2917617347018,FALSE,145
P. vivax,paper_replica_corrigido,15017,Paragominas,PA,2015,3,147,328594,0.6086538403014053,67.56265834619303,-66.95400450589163,14.541577833650974,717.4979858857948,FALSE,145
P. vivax,paper_replica_corrigido,15018,São Félix do Xingu,PA,2015,1,145,199960,5.501100220044009,16.88351107462027,-11.38241085457626,0,151.92839915643683,TRUE,145
P. vivax,paper_replica_corrigido,15018,São Félix do Xingu,PA,2015,2,146,199960,1.0002000400080016,15.45822324171452,-14.458023201706519,0,144.17613470710762,TRUE,145
P. vivax,paper_replica_corrigido,15018,São Félix do Xingu,PA,2015,3,147,199960,5.001000200040008,15.616495401488368,-10.615495201448361,0,136.104189249559,TRUE,145
P. vivax,paper_replica_corrigido,15019,Parauapebas,PA,2015,1,145,300231,1.9984611848876364,1.4997236264193627,0.4987375584682736,0,11.849209442062923,TRUE,145
P. vivax,paper_replica_corrigido,15019,Parauapebas,PA,2015,2,146,300231,1.665384320739697,1.3731163823201142,0.29226793841958276,0,13.51459376280262,TRUE,145
P. vivax,paper_replica_corrigido,15019,Parauapebas,PA,2015,3,147,300231,0.6661537282958789,1.3871728552407288,-0.7210191269448498,0,12.49870932715142,TRUE,145
P. vivax,paper_replica_corrigido,15020,Marabá,PA,2015,1,145,314713,2.859748405690264,28.211839145938033,-25.352090740247768,4.06233072060077,216.7761230780582,FALSE,145
P. vivax,paper_replica_corrigido,15020,Marabá,PA,2015,2,146,314713,2.859748405690264,25.83011416779455,-22.970365762104286,2.031165360300385,213.27236283154045,TRUE,145
P. vivax,paper_replica_corrigido,15020,Marabá,PA,2015,3,147,314713,3.812997874253685,26.09446039527232,-22.281462521018636,2.031165360300385,238.81426723731764,TRUE,145
P. vivax,paper_replica_corrigido,15021,Redenção,PA,2015,1,145,189772,0,1.109971312388521,-1.109971312388521,0,9.76171405686823,TRUE,145
P. vivax,paper_replica_corrigido,15021,Redenção,PA,2015,2,146,189772,0.5269481272263559,1.0162712537619545,-0.4893231265355986,0,9.76171405686823,TRUE,145
P. vivax,paper_replica_corrigido,15021,Redenção,PA,2015,3,147,189772,1.5808443816790676,1.0266796940704346,0.554164687608633,0,11.368905844908593,TRUE,145
P. vivax,paper_replica_corrigido,15022,Conceição do Araguaia,PA,2015,1,145,152614,0,14.335993224743202,-14.335993224743202,0,136.4426084237335,TRUE,145
P. vivax,paper_replica_corrigido,15022,Conceição do Araguaia,PA,2015,2,146,152614,0,13.125819879556781,-13.125819879556781,0,106.91320276334004,TRUE,145
P. vivax,paper_replica_corrigido,15022,Conceição do Araguaia,PA,2015,3,147,152614,0,13.260263663355696,-13.260263663355696,0,125.65704536337724,TRUE,145
P. vivax,paper_replica_corrigido,16001,Oiapoque,AP,2015,1,145,34426,1010.8638819496892,1119.706299196664,-108.84241724697483,221.89182656227192,9658.329170407169,TRUE,145
P. vivax,paper_replica_corrigido,16001,Oiapoque,AP,2015,2,146,34426,726.1953174925927,1025.1751043434544,-298.97978685086173,268.7769196225009,6461.3228743101645,TRUE,145
P. vivax,paper_replica_corrigido,16001,Oiapoque,AP,2015,3,147,34426,461.86022192528907,1035.6649127115948,-573.8046907863056,287.34527330972026,7266.725215493308,TRUE,145
P. vivax,paper_replica_corrigido,16002,Amapá,AP,2015,1,145,28365,179.7990481226864,160.1537049108447,19.64534321184169,0,1307.0890306398899,TRUE,145
P. vivax,paper_replica_corrigido,16002,Amapá,AP,2015,2,146,28365,222.10470650449497,146.6331593572001,75.47154714729487,0,1207.3671520091725,TRUE,145
P. vivax,paper_replica_corrigido,16002,Amapá,AP,2015,3,147,28365,165.69716199541688,148.1338469289294,17.56331506648749,0,1142.012700477176,TRUE,145
P. vivax,paper_replica_corrigido,16003,Macapá,AP,2015,1,145,624241,162.5974583534244,103.72429952548053,58.87315882794387,33.74139962929908,845.9158330431935,TRUE,145
P. vivax,paper_replica_corrigido,16003,Macapá,AP,2015,2,146,624241,123.99057415325171,94.96735407233665,29.023220080915067,26.624473152102464,756.8006493485105,TRUE,145
P. vivax,paper_replica_corrigido,16003,Macapá,AP,2015,3,147,624241,88.26719167757325,95.93904325296549,-7.671851575392239,38.37508197596307,849.2694926421602,TRUE,145
P. vivax,paper_replica_corrigido,16004,Mazagão,AP,2015,1,145,79647,277.4743555940588,190.90968049480642,86.56467509925238,56.180885761591846,1531.9323671062605,TRUE,145
P. vivax,paper_replica_corrigido,16004,Mazagão,AP,2015,2,146,79647,200.8864112898163,174.79223294371675,26.09417834609954,56.180885761591846,1641.6857403619406,TRUE,145
P. vivax,paper_replica_corrigido,16004,Mazagão,AP,2015,3,147,79647,143.13156804399412,176.58084337745538,-33.44927533346126,40.129204115422745,1554.0034293697447,TRUE,145
P. vivax,paper_replica_corrigido,17001,Bico do Papagaio,TO,2015,1,145,210839,0,0.26756284829343585,-0.26756284829343585,0,2.8457733151836235,TRUE,145
P. vivax,paper_replica_corrigido,17001,Bico do Papagaio,TO,2015,2,146,210839,0,0.24497947028196224,-0.24497947028196224,0,2.3714777626530195,TRUE,145
P. vivax,paper_replica_corrigido,17001,Bico do Papagaio,TO,2015,3,147,210839,0,0.24749134076689852,-0.24749134076689852,0,2.3714777626530195,TRUE,145
P. vivax,paper_replica_corrigido,17002,Araguaína,TO,2015,1,145,306848,0.3258942538325164,0.19646571499557444,0.12942853883694197,0,2.4523542600896784,TRUE,145
P. vivax,paper_replica_corrigido,17002,Araguaína,TO,2015,2,146,306848,0.6517885076650328,0.17988308978409348,0.4719054178809393,0,1.9553655229950984,TRUE,145
P. vivax,paper_replica_corrigido,17002,Araguaína,TO,2015,3,147,306848,0,0.18172765841082356,-0.18172765841082356,0,2.126460006257162,TRUE,145
P. vivax,paper_replica_corrigido,17003,Miracema do Tocantins,TO,2015,1,145,148608,0,0.24754843797595907,-0.24754843797595907,0,2.6916451335055984,TRUE,145
P. vivax,paper_replica_corrigido,17003,Miracema do Tocantins,TO,2015,2,146,148608,0,0.22665661838255777,-0.22665661838255777,0,2.6916451335055984,TRUE,145
P. vivax,paper_replica_corrigido,17003,Miracema do Tocantins,TO,2015,3,147,148608,0,0.2289831824063922,-0.2289831824063922,0,2.6916451335055984,TRUE,145
P. vivax,paper_replica_corrigido,17004,Rio Formoso,TO,2015,1,145,124739,0,0.15953670576265963,-0.15953670576265963,0,2.405021685278862,TRUE,145
P. vivax,paper_replica_corrigido,17004,Rio Formoso,TO,2015,2,146,124739,0,0.1460749738586901,-0.1460749738586901,0,2.405021685278862,TRUE,145
P. vivax,paper_replica_corrigido,17004,Rio Formoso,TO,2015,3,147,124739,0,0.14757620801576124,-0.14757620801576124,0,2.405021685278862,TRUE,145
P. vivax,paper_replica_corrigido,17005,Gurupi,TO,2015,1,145,147284,0,0.03805886515916265,-0.03805886515916265,0,0.678960375872464,TRUE,145
P. vivax,paper_replica_corrigido,17005,Gurupi,TO,2015,2,146,147284,0,0.03484999497404761,-0.03484999497404761,0,0.678960375872464,TRUE,145
P. vivax,paper_replica_corrigido,17005,Gurupi,TO,2015,3,147,147284,0,0.0352110913179697,-0.0352110913179697,0,0.678960375872464,TRUE,145
P. vivax,paper_replica_corrigido,17006,Porto Nacional,TO,2015,1,145,375255,0,0.1112719131214678,-0.1112719131214678,0,1.3324272827810422,TRUE,145
P. vivax,paper_replica_corrigido,17006,Porto Nacional,TO,2015,2,146,375255,0,0.10188118167487532,-0.10188118167487532,0,1.3324272827810422,TRUE,145
P. vivax,paper_replica_corrigido,17006,Porto Nacional,TO,2015,3,147,375255,0,0.10292690909023568,-0.10292690909023568,0,1.065941826224834,TRUE,145
P. vivax,paper_replica_corrigido,17007,Jalapão,TO,2015,1,145,77860,0,0.00642609486390855,-0.00642609486390855,0,0,TRUE,145
P. vivax,paper_replica_corrigido,17007,Jalapão,TO,2015,2,146,77860,0,0.00588798828842973,-0.00588798828842973,0,0,TRUE,145
P. vivax,paper_replica_corrigido,17007,Jalapão,TO,2015,3,147,77860,0,0.00595247847941569,-0.00595247847941569,0,0,TRUE,145
P. vivax,paper_replica_corrigido,17008,Dianópolis,TO,2015,1,145,123693,0,0.01125614604555696,-0.01125614604555696,0,0,TRUE,145
P. vivax,paper_replica_corrigido,17008,Dianópolis,TO,2015,2,146,123693,0,0.01030940351436744,-0.01030940351436744,0,0,TRUE,145
P. vivax,paper_replica_corrigido,17008,Dianópolis,TO,2015,3,147,123693,0,0.01041838756615138,-0.01041838756615138,0,0,TRUE,145
P. vivax,paper_replica_corrigido,21001,Litoral Ocidental Maranhense,MA,2015,1,145,187243,0,1.5312708149450702,-1.5312708149450702,0,13.351633972965612,TRUE,145
P. vivax,paper_replica_corrigido,21001,Litoral Ocidental Maranhense,MA,2015,2,146,187243,0,1.402003158829668,-1.402003158829668,0,10.681307178372489,TRUE,145
P. vivax,paper_replica_corrigido,21001,Litoral Ocidental Maranhense,MA,2015,3,147,187243,0,1.4163611125574742,-1.4163611125574742,0,13.097952927479252,TRUE,145
P. vivax,paper_replica_corrigido,21002,Aglomeração Urbana de São Luís,MA,2015,1,145,1395792,0.0716439125600376,0.14214977043078242,-0.07050585787074481,0,1.074658688400564,TRUE,145
P. vivax,paper_replica_corrigido,21002,Aglomeração Urbana de São Luís,MA,2015,2,146,1395792,0.0716439125600376,0.13015009963035978,-0.05850618707032218,0,1.1839156550546197,TRUE,145
P. vivax,paper_replica_corrigido,21002,Aglomeração Urbana de São Luís,MA,2015,3,147,1395792,0,0.13148326068885152,-0.13148326068885152,0,1.217946513520639,TRUE,145
P. vivax,paper_replica_corrigido,21003,Rosário,MA,2015,1,145,172687,0,0.7366581370445586,-0.7366581370445586,0,6.948988632612761,TRUE,145
P. vivax,paper_replica_corrigido,21003,Rosário,MA,2015,2,146,172687,0,0.674475533229629,-0.674475533229629,0,6.369906246561699,TRUE,145
P. vivax,paper_replica_corrigido,21003,Rosário,MA,2015,3,147,172687,0,0.6813868064047014,-0.6813868064047014,0,6.673924499238494,TRUE,145
P. vivax,paper_replica_corrigido,21004,Lençóis Maranhenses,MA,2015,1,145,191719,0,0.22828757979358413,-0.22828757979358413,0,2.6079835592716423,TRUE,145
P. vivax,paper_replica_corrigido,21004,Lençóis Maranhenses,MA,2015,2,146,191719,0,0.20902154658417196,-0.20902154658417196,0,2.0863868474173137,TRUE,145
P. vivax,paper_replica_corrigido,21004,Lençóis Maranhenses,MA,2015,3,147,191719,0,0.21116712681677952,-0.21116712681677952,0,2.881821832995153,TRUE,145
P. vivax,paper_replica_corrigido,21005,Baixada Maranhense,MA,2015,1,145,590620,0.8465680132741865,1.3396822163869335,-0.493114203112747,0,10.41701940333886,TRUE,145
P. vivax,paper_replica_corrigido,21005,Baixada Maranhense,MA,2015,2,146,590620,1.5238224238935356,1.2265825584508991,0.2972398654426365,0,8.893196979445325,TRUE,145
P. vivax,paper_replica_corrigido,21005,Baixada Maranhense,MA,2015,3,147,590620,0.6772544106193492,1.2391366901483434,-0.5618822795289942,0,9.93447563577255,TRUE,145
P. vivax,paper_replica_corrigido,21006,Itapecuru Mirim,MA,2015,1,145,229914,0,0.305411148115031,-0.305411148115031,0,3.2729629339666033,TRUE,145
P. vivax,paper_replica_corrigido,21006,Itapecuru Mirim,MA,2015,2,146,229914,0,0.2796332890701535,-0.2796332890701535,0,2.609671442365406,TRUE,145
P. vivax,paper_replica_corrigido,21006,Itapecuru Mirim,MA,2015,3,147,229914,0,0.28250149974913663,-0.28250149974913663,0,3.2729629339666033,TRUE,145
P. vivax,paper_replica_corrigido,21007,Gurupi,MA,2015,1,145,235816,8.0571292872409,48.21144903097037,-40.154319743729474,2.710732707009767,410.40493184127774,TRUE,145
P. vivax,paper_replica_corrigido,21007,Gurupi,MA,2015,2,146,235816,5.088713234046884,44.141259158320025,-39.05254592427314,6.709063449849176,309.15906523446375,FALSE,145
P. vivax,paper_replica_corrigido,21007,Gurupi,MA,2015,3,147,235816,2.968416053194016,44.59299025094303,-41.62457419774901,9.419796156858943,375.7753215092286,FALSE,145
P. vivax,paper_replica_corrigido,21008,Pindaré,MA,2015,1,145,650498,5.995406596177083,1.8722290063516471,4.123177589825436,0.3804777262958535,13.78559196185074,TRUE,145
P. vivax,paper_replica_corrigido,21008,Pindaré,MA,2015,2,146,650498,3.996937730784722,1.7141686066888708,2.282769124095851,0,11.149150343275457,TRUE,145
P. vivax,paper_replica_corrigido,21008,Pindaré,MA,2015,3,147,650498,3.074567485219017,1.7317110841478216,1.3428564010711954,0.15372837426095085,13.916261079972571,TRUE,145
P. vivax,paper_replica_corrigido,21009,Imperatriz,MA,2015,1,145,586584,2.0457428092140257,0.546099804877611,1.4996430043364146,0,4.943878455600562,TRUE,145
P. vivax,paper_replica_corrigido,21009,Imperatriz,MA,2015,2,146,586584,0.8523928371725106,0.49999792547226496,0.3523949117002456,0,3.669551164027655,TRUE,145
P. vivax,paper_replica_corrigido,21009,Imperatriz,MA,2015,3,147,586584,1.193349972041515,0.505116733666299,0.6882332383752161,0,4.0914856184280515,TRUE,145
P. vivax,paper_replica_corrigido,21010,Médio Mearim,MA,2015,1,145,416015,0.9615037919305794,0.5474483551337512,0.4140554367968282,0,5.414468228309071,TRUE,145
P. vivax,paper_replica_corrigido,21010,Médio Mearim,MA,2015,2,146,416015,2.6441354278090934,0.5012335264251486,2.1429019013839445,0,4.464983233777611,TRUE,145
P. vivax,paper_replica_corrigido,21010,Médio Mearim,MA,2015,3,147,416015,1.442255687895869,0.5063664035926182,0.9358892843032508,0,3.8460151677223178,TRUE,145
P. vivax,paper_replica_corrigido,21011,Alto Mearim e Grajaú,MA,2015,1,145,328081,1.5240138868145363,0.6482238567011748,0.8757900301133615,0,5.806492908763371,TRUE,145
P. vivax,paper_replica_corrigido,21011,Alto Mearim e Grajaú,MA,2015,2,146,328081,1.5240138868145363,0.5935019127948972,0.9305119740196391,0,6.256077005373665,TRUE,145
P. vivax,paper_replica_corrigido,21011,Alto Mearim e Grajaú,MA,2015,3,147,328081,2.4384222189032587,0.599579183562156,1.8388430353411027,0,5.341668673284944,TRUE,145
P. vivax,paper_replica_corrigido,21012,Presidente Dutra,MA,2015,1,145,195258,0,0.357669194899656,-0.357669194899656,0,4.366018293744675,TRUE,145
P. vivax,paper_replica_corrigido,21012,Presidente Dutra,MA,2015,2,146,195258,1.024285816714296,0.3274788152764701,0.696807001437826,0,3.5850003585000354,TRUE,145
P. vivax,paper_replica_corrigido,21012,Presidente Dutra,MA,2015,3,147,195258,0.512142908357148,0.3308361841833528,0.18130672417379523,0,3.853875385387527,TRUE,145
P. vivax,paper_replica_corrigido,21013,Baixo Parnaíba Maranhense,MA,2015,1,145,142624,0.7011442674444693,0.29877227556300856,0.4023719918814608,0,3.505721337222347,TRUE,145
P. vivax,paper_replica_corrigido,21013,Baixo Parnaíba Maranhense,MA,2015,2,146,142624,0,0.27355612258055,-0.27355612258055,0,2.804577069777878,TRUE,145
P. vivax,paper_replica_corrigido,21013,Baixo Parnaíba Maranhense,MA,2015,3,147,142624,0.7011442674444693,0.2763622281832191,0.42478203926125024,0,2.804577069777878,TRUE,145
P. vivax,paper_replica_corrigido,21014,Chapadinha,MA,2015,1,145,238969,0,0.17452333706105955,-0.17452333706105955,0,2.312015366009808,TRUE,145
P. vivax,paper_replica_corrigido,21014,Chapadinha,MA,2015,2,146,238969,0.4184643196397859,0.15979397003519993,0.258670349604586,0,1.6738572785591437,TRUE,145
P. vivax,paper_replica_corrigido,21014,Chapadinha,MA,2015,3,147,238969,0.8369286392795718,0.1614335316877466,0.6754951075918252,0,2.0923215981989296,TRUE,145
P. vivax,paper_replica_corrigido,21015,Codó,MA,2015,1,145,272267,0.36728652389015193,0.3446318130218962,0.022654710868255712,0,3.305578715011367,TRUE,145
P. vivax,paper_replica_corrigido,21015,Codó,MA,2015,2,146,272267,0,0.31554110752670655,-0.31554110752670655,0,3.131117616163537,TRUE,145
P. vivax,paper_replica_corrigido,21015,Codó,MA,2015,3,147,272267,0,0.3187754120008656,-0.3187754120008656,0,3.131117616163537,TRUE,145
P. vivax,paper_replica_corrigido,21016,Coelho Neto,MA,2015,1,145,91578,0,0.04312351383922582,-0.04312351383922582,0,1.091965319181463,TRUE,145
P. vivax,paper_replica_corrigido,21016,Coelho Neto,MA,2015,2,146,91578,0,0.03948919570822142,-0.03948919570822142,0,1.091965319181463,TRUE,145
P. vivax,paper_replica_corrigido,21016,Coelho Neto,MA,2015,3,147,91578,0,0.03989922770571252,-0.03989922770571252,0,1.091965319181463,TRUE,145
P. vivax,paper_replica_corrigido,21017,Caxias,MA,2015,1,145,434610,0,0.10131121753181488,-0.10131121753181488,0,1.1504567313223348,TRUE,145
P. vivax,paper_replica_corrigido,21017,Caxias,MA,2015,2,146,434610,0,0.09276031086775004,-0.09276031086775004,0,1.1504567313223348,TRUE,145
P. vivax,paper_replica_corrigido,21017,Caxias,MA,2015,3,147,434610,0,0.09371164019109691,-0.09371164019109691,0,1.1504567313223348,TRUE,145
P. vivax,paper_replica_corrigido,21018,Chapadas do Alto Itapecuru,MA,2015,1,145,216408,0.9241802521163728,0.09381187634493648,0.8303683757714363,0,1.3862703781745591,TRUE,145
P. vivax,paper_replica_corrigido,21018,Chapadas do Alto Itapecuru,MA,2015,2,146,216408,0,0.08589541205884875,-0.08589541205884875,0,1.3862703781745591,TRUE,145
P. vivax,paper_replica_corrigido,21018,Chapadas do Alto Itapecuru,MA,2015,3,147,216408,0,0.08677832102283879,-0.08677832102283879,0,0.9241802521163728,TRUE,145
P. vivax,paper_replica_corrigido,21019,Porto Franco,MA,2015,1,145,117278,0,0.2089410129027984,-0.2089410129027984,0,2.5580245229284264,TRUE,145
P. vivax,paper_replica_corrigido,21019,Porto Franco,MA,2015,2,146,117278,0,0.19130872111155592,-0.19130872111155592,0,2.5580245229284264,TRUE,145
P. vivax,paper_replica_corrigido,21019,Porto Franco,MA,2015,3,147,117278,0,0.19327384493329272,-0.19327384493329272,0,2.1530039734647395,TRUE,145
P. vivax,paper_replica_corrigido,21020,Gerais de Balsas,MA,2015,1,145,139570,0,0.02299226738385768,-0.02299226738385768,0,0.7164863509350147,TRUE,145
P. vivax,paper_replica_corrigido,21020,Gerais de Balsas,MA,2015,2,146,139570,0,0.02105489382129048,-0.02105489382129048,0,0.7164863509350147,TRUE,145
P. vivax,paper_replica_corrigido,21020,Gerais de Balsas,MA,2015,3,147,139570,0,0.02127408674483435,-0.02127408674483435,0,0.7164863509350147,TRUE,145
P. vivax,paper_replica_corrigido,21021,Chapadas das Mangabeiras,MA,2015,1,145,70710,0,0.01505848820150502,-0.01505848820150502,0,0,TRUE,145
P. vivax,paper_replica_corrigido,21021,Chapadas das Mangabeiras,MA,2015,2,146,70710,0,0.01379313168991444,-0.01379313168991444,0,0,TRUE,145
P. vivax,paper_replica_corrigido,21021,Chapadas das Mangabeiras,MA,2015,3,147,70710,1.414227124876255,0.01393997846748063,1.4002871464087745,0,0,FALSE,145
P. vivax,paper_replica_corrigido,51001,Aripuanã,MT,2015,1,145,155581,35.3513603846228,99.4162703741932,-64.0649099895704,20.54345145089102,786.9169078263805,TRUE,145
P. vivax,paper_replica_corrigido,51001,Aripuanã,MT,2015,2,146,155581,26.995584293711957,91.02309711246119,-64.02751281874923,28.760832031247425,870.2206034597407,FALSE,145
P. vivax,paper_replica_corrigido,51001,Aripuanã,MT,2015,3,147,155581,28.28108830769824,91.95451394944395,-63.67342564174571,20.54345145089102,756.409882421807,TRUE,145
P. vivax,paper_replica_corrigido,51002,Alta Floresta,MT,2015,1,145,102968,9.711755108383189,1.6326399994788099,8.079115108904379,0,17.99102633827983,TRUE,145
P. vivax,paper_replica_corrigido,51002,Alta Floresta,MT,2015,2,146,102968,10.682930619221509,1.4948171098531229,9.188113509368385,0,17.481159195089738,TRUE,145
P. vivax,paper_replica_corrigido,51002,Alta Floresta,MT,2015,3,147,102968,6.798228575868231,1.5101242487783697,5.2881043270898616,0,15.5388081734131,TRUE,145
P. vivax,paper_replica_corrigido,51003,Colíder,MT,2015,1,145,149561,3.343117523953437,1.537367043028535,1.8057504809249019,0,13.054873931038156,TRUE,145
P. vivax,paper_replica_corrigido,51003,Colíder,MT,2015,2,146,149561,2.005870514372062,1.40758464327677,0.5982858710952921,0,13.405901271053253,TRUE,145
P. vivax,paper_replica_corrigido,51003,Colíder,MT,2015,3,147,149561,2.6744940191627498,1.42199768392728,1.2524963352354697,0,15.06074444541022,TRUE,145
P. vivax,paper_replica_corrigido,51004,Parecis,MT,2015,1,145,101405,1.9722893348454216,0.5579167524065608,1.4143725824388609,0,4.930723337113554,TRUE,145
P. vivax,paper_replica_corrigido,51004,Parecis,MT,2015,2,146,101405,0,0.5108276897550859,-0.5108276897550859,0,6.434593954933167,TRUE,145
P. vivax,paper_replica_corrigido,51004,Parecis,MT,2015,3,147,101405,0,0.5160674098374936,-0.5160674098374936,0,6.434593954933167,TRUE,145
P. vivax,paper_replica_corrigido,51005,Arinos,MT,2015,1,145,79094,0,0.20624897649232027,-0.20624897649232027,0,2.5286368118947076,TRUE,145
P. vivax,paper_replica_corrigido,51005,Arinos,MT,2015,2,146,79094,0,0.18884600252085396,-0.18884600252085396,0,2.5286368118947076,TRUE,145
P. vivax,paper_replica_corrigido,51005,Arinos,MT,2015,3,147,79094,0,0.19078860661461036,-0.19078860661461036,0,2.5286368118947076,TRUE,145
P. vivax,paper_replica_corrigido,51006,Alto Teles Pires,MT,2015,1,145,231128,0.865321380360666,0.4991261787983378,0.36619520156232815,0,4.986414454328328,TRUE,145
P. vivax,paper_replica_corrigido,51006,Alto Teles Pires,MT,2015,2,146,231128,0,0.4569962608172607,-0.4569962608172607,0,4.986414454328328,TRUE,145
P. vivax,paper_replica_corrigido,51006,Alto Teles Pires,MT,2015,3,147,231128,0,0.46168002765622496,-0.46168002765622496,0,4.32660690180333,TRUE,145
P. vivax,paper_replica_corrigido,51007,Sinop,MT,2015,1,145,191263,0.5228402775236193,1.2474262229545254,-0.7245859454309062,0,13.071006938090482,TRUE,145
P. vivax,paper_replica_corrigido,51007,Sinop,MT,2015,2,146,191263,2.091361110094477,1.1421228240112915,0.9492382860831856,0,9.411124995425148,TRUE,145
P. vivax,paper_replica_corrigido,51007,Sinop,MT,2015,3,147,191263,1.568520832570858,1.153820109343109,0.41470072322774887,0,10.979645827996006,TRUE,145
P. vivax,paper_replica_corrigido,51008,Paranatinga,MT,2015,1,145,34726,0,0.540884428738102,-0.540884428738102,0,5.759373380176237,TRUE,145
P. vivax,paper_replica_corrigido,51008,Paranatinga,MT,2015,2,146,34726,0,0.49524716524638634,-0.49524716524638634,0,7.271208892472433,TRUE,145
P. vivax,paper_replica_corrigido,51008,Paranatinga,MT,2015,3,147,34726,0,0.5003398006914712,-0.5003398006914712,0,7.271208892472433,TRUE,145
P. vivax,paper_replica_corrigido,51009,Norte Araguaia,MT,2015,1,145,123004,0,0.21269978873138048,-0.21269978873138048,0,2.4389450749569117,TRUE,145
P. vivax,paper_replica_corrigido,51009,Norte Araguaia,MT,2015,2,146,123004,0,0.1947509423552812,-0.1947509423552812,0,2.4389450749569117,TRUE,145
P. vivax,paper_replica_corrigido,51009,Norte Araguaia,MT,2015,3,147,123004,0,0.19675241654846415,-0.19675241654846415,0,2.4389450749569117,TRUE,145
P. vivax,paper_replica_corrigido,51010,Canarana,MT,2015,1,145,108272,0,0.1579538633366713,-0.1579538633366713,0,2.770799468006502,TRUE,145
P. vivax,paper_replica_corrigido,51010,Canarana,MT,2015,2,146,108272,0,0.14462659922623333,-0.14462659922623333,0,1.847199645337668,TRUE,145
P. vivax,paper_replica_corrigido,51010,Canarana,MT,2015,3,147,108272,0,0.14611373833326344,-0.14611373833326344,0,1.847199645337668,TRUE,145
P. vivax,paper_replica_corrigido,51011,Médio Araguaia,MT,2015,1,145,67011,2.984584620435451,0.03807256495228809,2.9465120554831628,0,1.4922923102177257,FALSE,145
P. vivax,paper_replica_corrigido,51011,Médio Araguaia,MT,2015,2,146,67011,0,0.0348657044954093,-0.0348657044954093,0,1.4922923102177257,TRUE,145
P. vivax,paper_replica_corrigido,51011,Médio Araguaia,MT,2015,3,147,67011,0,0.03522949150990609,-0.03522949150990609,0,1.4922923102177257,TRUE,145
P. vivax,paper_replica_corrigido,51012,Alto Guaporé,MT,2015,1,145,71338,0,0.5199182477783334,-0.5199182477783334,0,6.343042978496702,TRUE,145
P. vivax,paper_replica_corrigido,51012,Alto Guaporé,MT,2015,2,146,71338,0,0.4760391084820672,-0.4760391084820672,0,5.607109815245732,TRUE,145
P. vivax,paper_replica_corrigido,51012,Alto Guaporé,MT,2015,3,147,71338,0,0.48092406840353985,-0.48092406840353985,0,5.607109815245732,TRUE,145
P. vivax,paper_replica_corrigido,51013,Tangará da Serra,MT,2015,1,145,159087,0,0.10686202035352638,-0.10686202035352638,0,1.8857606215467009,TRUE,145
P. vivax,paper_replica_corrigido,51013,Tangará da Serra,MT,2015,2,146,159087,0,0.09784540484567827,-0.09784540484567827,0,1.2571737476978009,TRUE,145
P. vivax,paper_replica_corrigido,51013,Tangará da Serra,MT,2015,3,147,159087,0,0.0988517081895542,-0.0988517081895542,0,1.2571737476978009,TRUE,145
P. vivax,paper_replica_corrigido,51014,Jauru,MT,2015,1,145,107801,0,0.07585174394180247,-0.07585174394180247,0,0.9276351796365526,TRUE,145
P. vivax,paper_replica_corrigido,51014,Jauru,MT,2015,2,146,107801,0,0.06945349170014731,-0.06945349170014731,0,0.9276351796365526,TRUE,145
P. vivax,paper_replica_corrigido,51014,Jauru,MT,2015,3,147,107801,0,0.07017001032148448,-0.07017001032148448,0,0.9276351796365526,TRUE,145
P. vivax,paper_replica_corrigido,51015,Alto Paraguai,MT,2015,1,145,32596,0,0.0958732411773051,-0.0958732411773051,0,3.067861087249969,TRUE,145
P. vivax,paper_replica_corrigido,51015,Alto Paraguai,MT,2015,2,146,32596,0,0.08779502242312763,-0.08779502242312763,0,3.067861087249969,TRUE,145
P. vivax,paper_replica_corrigido,51015,Alto Paraguai,MT,2015,3,147,32596,0,0.08870915200144444,-0.08870915200144444,0,3.067861087249969,TRUE,145
P. vivax,paper_replica_corrigido,51016,Rosário Oeste,MT,2015,1,145,30448,0,0.06874008829650963,-0.06874008829650963,0,3.284287966368891,TRUE,145
P. vivax,paper_replica_corrigido,51016,Rosário Oeste,MT,2015,2,146,30448,0,0.06295067704575612,-0.06295067704575612,0,1.724251182343593,TRUE,145
P. vivax,paper_replica_corrigido,51016,Rosário Oeste,MT,2015,3,147,30448,0,0.06360823712631893,-0.06360823712631893,0,3.284287966368891,TRUE,145
P. vivax,paper_replica_corrigido,51017,Cuiabá,MT,2015,1,145,898432,0.4452201168257586,0.10608364266995177,0.33913647415580683,0,1.1714854323977748,TRUE,145
P. vivax,paper_replica_corrigido,51017,Cuiabá,MT,2015,2,146,898432,0.11130502920643966,0.09712874871714708,0.014176280489292578,0,1.0017452628579568,TRUE,145
P. vivax,paper_replica_corrigido,51017,Cuiabá,MT,2015,3,147,898432,0.11130502920643966,0.09812395250792769,0.01318107669851197,0,1.0017452628579568,TRUE,145
P. vivax,paper_replica_corrigido,51018,Alto Pantanal,MT,2015,1,145,135181,0,0.06548914891088493,-0.06548914891088493,0,1.1281171170504565,TRUE,145
P. vivax,paper_replica_corrigido,51018,Alto Pantanal,MT,2015,2,146,135181,0,0.05996554394789246,-0.05996554394789246,0,0.7397489292134249,TRUE,145
P. vivax,paper_replica_corrigido,51018,Alto Pantanal,MT,2015,3,147,135181,0,0.06058410901721532,-0.06058410901721532,0,0.7397489292134249,TRUE,145
P. vivax,paper_replica_corrigido,51019,Primavera do Leste,MT,2015,1,145,95412,0,0.08857151317694835,-0.08857151317694835,0,1.0480861946086446,TRUE,145
P. vivax,paper_replica_corrigido,51019,Primavera do Leste,MT,2015,2,146,95412,0,0.08110200675738083,-0.08110200675738083,0,1.0480861946086446,TRUE,145
P. vivax,paper_replica_corrigido,51019,Primavera do Leste,MT,2015,3,147,95412,0,0.0819392729946955,-0.0819392729946955,0,1.0480861946086446,TRUE,145
P. vivax,paper_replica_corrigido,51020,Tesouro,MT,2015,1,145,54493,0,0.02327215842832022,-0.02327215842832022,0,0,TRUE,145
P. vivax,paper_replica_corrigido,51020,Tesouro,MT,2015,2,146,54493,0,0.02131502258091816,-0.02131502258091816,0,0,TRUE,145
P. vivax,paper_replica_corrigido,51020,Tesouro,MT,2015,3,147,54493,0,0.02154053082066406,-0.02154053082066406,0,0,TRUE,145
P. vivax,paper_replica_corrigido,51021,Rondonópolis,MT,2015,1,145,298273,0,0.07100169639726168,-0.07100169639726168,0,1.0057899977537357,TRUE,145
P. vivax,paper_replica_corrigido,51021,Rondonópolis,MT,2015,2,146,298273,0,0.0650104157274292,-0.0650104157274292,0,1.0057899977537357,TRUE,145
P. vivax,paper_replica_corrigido,51021,Rondonópolis,MT,2015,3,147,298273,0,0.06567849839070422,-0.06567849839070422,0,0.6705266651691572,TRUE,145
P. vivax,paper_replica_corrigido,51022,Alto Araguaia,MT,2015,1,145,38412,0,0.00810652901667892,-0.00810652901667892,0,0,TRUE,145
P. vivax,paper_replica_corrigido,51022,Alto Araguaia,MT,2015,2,146,38412,0,0.00743073656351257,-0.00743073656351257,0,0,TRUE,145
P. vivax,paper_replica_corrigido,51022,Alto Araguaia,MT,2015,3,147,38412,0,0.00751497954406163,-0.00751497954406163,0,0,TRUE,145
P. vivax,paper_replica_corrigido,11001,Porto Velho,RO,2016,1,157,648872,48.85401126878645,430.3393882573928,-381.48537698860633,183.08952408045127,4125.351286322801,FALSE,157
P. vivax,paper_replica_corrigido,11001,Porto Velho,RO,2016,2,158,648872,44.38471686249368,393.88621220278844,-349.50149534029475,116.8384049283913,2761.711150556537,FALSE,157
P. vivax,paper_replica_corrigido,11001,Porto Velho,RO,2016,3,159,648872,38.220172853814,397.1139074553662,-358.8937346015522,132.65001031709858,4373.386610107341,FALSE,157
P. vivax,paper_replica_corrigido,11002,Guajará-Mirim,RO,2016,1,157,83432,93.48930865854828,174.91511957738183,-81.42581091883355,41.9480168112748,2054.4951064736674,TRUE,157
P. vivax,paper_replica_corrigido,11002,Guajará-Mirim,RO,2016,2,158,83432,104.27653658068849,160.09858923268956,-55.82205265200108,22.985214691109473,1373.7496647053074,TRUE,157
P. vivax,paper_replica_corrigido,11002,Guajará-Mirim,RO,2016,3,159,83432,83.90066161664589,161.41071251998864,-77.51005090334274,22.985214691109473,1378.346707643525,TRUE,157
P. vivax,paper_replica_corrigido,11003,Ariquemes,RO,2016,1,157,201599,80.85357566257768,285.5244208609049,-204.67084519832724,96.63073993176384,1858.2590693030413,FALSE,157
P. vivax,paper_replica_corrigido,11003,Ariquemes,RO,2016,2,158,201599,68.94875470612453,261.33833200227997,-192.38957729615544,74.27645883188083,1923.657232095252,FALSE,157
P. vivax,paper_replica_corrigido,11003,Ariquemes,RO,2016,3,159,201599,65.47651526049236,263.4799576926819,-198.00344243218956,77.60581984675702,2162.3407086617312,FALSE,157
P. vivax,paper_replica_corrigido,11004,Ji-Paraná,RO,2016,1,157,317230,13.870062730510986,41.88513681433511,-28.015074083824125,12.090296832636543,364.87508316160927,TRUE,157
P. vivax,paper_replica_corrigido,11004,Ji-Paraná,RO,2016,2,158,317230,12.609147936828167,38.33717092428158,-25.728022987453414,8.060197888424362,315.15373743739184,TRUE,157
P. vivax,paper_replica_corrigido,11004,Ji-Paraná,RO,2016,3,159,317230,11.033004444724648,38.65137905273202,-27.61837460800737,6.0451484163182725,300.2423713438075,TRUE,157
P. vivax,paper_replica_corrigido,11005,Alvorada D'Oeste,RO,2016,1,157,75248,3.986816925366787,26.49989140546696,-22.513074480100173,0,277.15040863785674,TRUE,157
P. vivax,paper_replica_corrigido,11005,Alvorada D'Oeste,RO,2016,2,158,75248,2.6578779502445244,24.25527669716114,-21.597398746916614,0,216.8356836929138,TRUE,157
P. vivax,paper_replica_corrigido,11005,Alvorada D'Oeste,RO,2016,3,159,75248,7.973633850733574,24.454189371720652,-16.480555520987078,0,242.32077874007308,TRUE,157
P. vivax,paper_replica_corrigido,11006,Cacoal,RO,2016,1,157,249644,4.406274534937752,21.33959915566465,-16.9333246207269,0,157.53985960739342,TRUE,157
P. vivax,paper_replica_corrigido,11006,Cacoal,RO,2016,2,158,249644,1.6022816490682732,19.532025104511206,-17.92974345544293,0,158.75613645929937,TRUE,157
P. vivax,paper_replica_corrigido,11006,Cacoal,RO,2016,3,159,249644,2.40342247360241,19.69213515544676,-17.28871268184435,1.2162768519059264,180.585105222453,TRUE,157
P. vivax,paper_replica_corrigido,11007,Vilhena,RO,2016,1,157,157201,3.1806413445207093,13.114255980821216,-9.933614636300508,0,120.05895702107007,TRUE,157
P. vivax,paper_replica_corrigido,11007,Vilhena,RO,2016,2,158,157201,2.544513075616567,1.8777853560588729,0.6667277195576942,0,15.903206722603546,TRUE,157
P. vivax,paper_replica_corrigido,11007,Vilhena,RO,2016,3,159,157201,0.6361282689041418,1.8931844197937824,-1.2570561508896407,0,14.32878925706578,TRUE,157
P. vivax,paper_replica_corrigido,11008,Colorado do Oeste,RO,2016,1,157,54053,0,1.9626980774975429,-1.9626980774975429,0,18.592862560819853,TRUE,157
P. vivax,paper_replica_corrigido,11008,Colorado do Oeste,RO,2016,2,158,54053,0,1.7964619213705155,-1.7964619213705155,0,23.171701848185997,TRUE,157
P. vivax,paper_replica_corrigido,11008,Colorado do Oeste,RO,2016,3,159,54053,3.700072151406952,1.8112052906201348,1.888866860786817,0,25.021737923889475,TRUE,157
P. vivax,paper_replica_corrigido,12001,Cruzeiro do Sul,AC,2016,1,157,145544,1775.4081240037376,1370.6199510048934,404.7881729988442,507.17008452826593,10077.850588494875,TRUE,157
P. vivax,paper_replica_corrigido,12001,Cruzeiro do Sul,AC,2016,2,158,145544,1712.8840762930795,1254.5175556775457,458.3665206155338,355.7547248044126,11600.458850489551,TRUE,157
P. vivax,paper_replica_corrigido,12001,Cruzeiro do Sul,AC,2016,3,159,145544,1578.2168966085856,1264.7977283007876,313.4191683077979,342.3590222037526,10435.25232591412,TRUE,157
P. vivax,paper_replica_corrigido,12002,Tarauacá,AC,2016,1,157,79484,81.77746464697299,117.9680760695331,-36.19061142256011,19.904691591888096,844.4414614740397,TRUE,157
P. vivax,paper_replica_corrigido,12002,Tarauacá,AC,2016,2,158,79484,67.9382013990237,107.97537307211215,-40.03717167308845,0,1085.509392975792,TRUE,157
P. vivax,paper_replica_corrigido,12002,Tarauacá,AC,2016,3,159,79484,79.26123496552766,108.86032015448637,-29.59908518895871,8.042299633086095,1255.4029727247387,TRUE,157
P. vivax,paper_replica_corrigido,12003,Sena Madureira,AC,2016,1,157,57237,5.241364851407306,0.45295733704947144,4.788407514357835,0,6.158603700403546,TRUE,157
P. vivax,paper_replica_corrigido,12003,Sena Madureira,AC,2016,2,158,57237,5.241364851407306,0.41460309984178706,4.8267617515655195,0,5.241364851407306,TRUE,157
P. vivax,paper_replica_corrigido,12003,Sena Madureira,AC,2016,3,159,57237,1.7471216171357689,0.4180136015061268,1.329108015629642,0,5.241364851407306,TRUE,157
P. vivax,paper_replica_corrigido,12004,Rio Branco,AC,2016,1,157,468316,19.431324148651765,42.754226506274804,-23.32290235762304,13.581384648742182,368.6765822738955,TRUE,157
P. vivax,paper_replica_corrigido,12004,Rio Branco,AC,2016,2,158,468316,20.28544828705404,39.132635398619485,-18.847187111565443,10.919706250244966,322.98443643302676,TRUE,157
P. vivax,paper_replica_corrigido,12004,Rio Branco,AC,2016,3,159,468316,21.35310346005689,39.45334137978527,-18.100237919728382,6.824816406403103,303.1583447724257,TRUE,157
P. vivax,paper_replica_corrigido,12005,Brasiléia,AC,2016,1,157,66106,3.0254439839046383,1.1799639704397986,1.8454800134648397,0,13.614497927570872,TRUE,157
P. vivax,paper_replica_corrigido,12005,Brasiléia,AC,2016,2,158,66106,3.0254439839046383,1.0800295634822492,1.945414420422389,0,12.101775935618551,TRUE,157
P. vivax,paper_replica_corrigido,12005,Brasiléia,AC,2016,3,159,66106,1.5127219919523192,1.088897799770442,0.42382419218187706,0,14.408676973345806,TRUE,157
P. vivax,paper_replica_corrigido,13001,Rio Negro,AM,2016,1,157,112645,1328.0660482045364,717.4538234764656,610.6122247280708,204.00787853967717,5098.210794994317,TRUE,157
P. vivax,paper_replica_corrigido,13001,Rio Negro,AM,2016,2,158,112645,1206.4450264104044,656.6798486032891,549.7651778071153,226.70694708373028,5596.455349536289,TRUE,157
P. vivax,paper_replica_corrigido,13001,Rio Negro,AM,2016,3,159,112645,1360.0248568511695,662.0611088340967,697.9637480170728,226.9906854405309,5978.509046968378,TRUE,157
P. vivax,paper_replica_corrigido,13002,Japurá,AM,2016,1,157,23137,172.8832605782945,194.29493535340353,-21.41167477510902,0,1603.8182159010357,TRUE,157
P. vivax,paper_replica_corrigido,13002,Japurá,AM,2016,2,158,23137,168.56117906383716,177.8370439278628,-9.275864864025635,0,1424.9254863926938,TRUE,157
P. vivax,paper_replica_corrigido,13002,Japurá,AM,2016,3,159,23137,99.40787483251935,179.29496508365366,-79.88709025113431,0,1589.313399994955,TRUE,157
P. vivax,paper_replica_corrigido,13003,Alto Solimões,AM,2016,1,157,248118,196.6806116444595,254.55334642815163,-57.872734783692124,82.44259831676415,2462.521766753783,TRUE,157
P. vivax,paper_replica_corrigido,13003,Alto Solimões,AM,2016,2,158,248118,218.04141577797665,232.9907593372511,-14.949343559274439,93.97168042512412,1986.4801697544058,TRUE,157
P. vivax,paper_replica_corrigido,13003,Alto Solimões,AM,2016,3,159,248118,182.17138619527807,234.90007811732275,-52.728691922044675,73.3610308459331,2199.478351499358,TRUE,157
P. vivax,paper_replica_corrigido,13004,Juruá,AM,2016,1,157,147121,419.3826850007817,399.42088002284373,19.96180497793796,128.06755252796975,4051.2361654649353,TRUE,157
P. vivax,paper_replica_corrigido,13004,Juruá,AM,2016,2,158,147121,432.29722473338273,365.586884426729,66.71034030665373,106.34277686588841,3232.429370761086,TRUE,157
P. vivax,paper_replica_corrigido,13004,Juruá,AM,2016,3,159,147121,396.2724560056009,368.5828472735427,27.68960873205816,106.34277686588841,3560.7993548934496,TRUE,157
P. vivax,paper_replica_corrigido,13005,Tefé,AM,2016,1,157,91235,252.09623499753383,433.8628498198917,-181.7666148223579,108.42492879882096,4563.83121139463,TRUE,157
P. vivax,paper_replica_corrigido,13005,Tefé,AM,2016,2,158,91235,200.5809174110813,397.1113893450835,-196.53047193400224,98.09040408293981,3205.6294377176455,TRUE,157
P. vivax,paper_replica_corrigido,13005,Tefé,AM,2016,3,159,91235,145.7773880637913,400.3657278561285,-254.5883397923372,111.75299608020644,2677.5177085925307,TRUE,157
P. vivax,paper_replica_corrigido,13006,Coari,AM,2016,1,157,174835,85.2232104555724,210.06805308165207,-124.84484262607967,45.4284567715273,1786.7002907707113,TRUE,157
P. vivax,paper_replica_corrigido,13006,Coari,AM,2016,2,158,174835,76.64369262447451,192.27373137205527,-115.63003874758076,67.54855041078203,1760.284145887465,TRUE,157
P. vivax,paper_replica_corrigido,13006,Coari,AM,2016,3,159,174835,75.49975691366146,193.84941802905348,-118.34966111539202,45.6112674627608,1733.77659565861,TRUE,157
P. vivax,paper_replica_corrigido,13007,Manaus,AM,2016,1,157,2369017,81.34175482911267,123.8911299720736,-42.549375142960926,38.55884494825286,1283.8422415783023,TRUE,157
P. vivax,paper_replica_corrigido,13007,Manaus,AM,2016,2,158,2369017,59.60278039372449,113.3965639321245,-53.79378353840001,39.12548997548401,1271.558186880829,TRUE,157
P. vivax,paper_replica_corrigido,13007,Manaus,AM,2016,3,159,2369017,50.40065140942424,114.32578681772428,-63.92513540830004,38.28901398290469,966.8852981320812,TRUE,157
P. vivax,paper_replica_corrigido,13008,Rio Preto da Eva,AM,2016,1,157,64977,229.31191036828417,432.1042759776443,-202.79236560936013,108.21637786291096,2996.8558278626583,TRUE,157
P. vivax,paper_replica_corrigido,13008,Rio Preto da Eva,AM,2016,2,158,64977,184.68073318251072,395.501888905659,-210.82115572314825,108.21637786291096,3497.356575478618,TRUE,157
P. vivax,paper_replica_corrigido,13008,Rio Preto da Eva,AM,2016,3,159,64977,293.95016698216295,398.7431074540341,-104.79294047187113,88.54067279692715,3582.4539998889927,TRUE,157
P. vivax,paper_replica_corrigido,13009,Itacoatiara,AM,2016,1,157,174140,9.18800964741013,69.10809779065275,-59.92008814324262,11.012417779422565,571.0856320112216,FALSE,157
P. vivax,paper_replica_corrigido,13009,Itacoatiara,AM,2016,2,158,174140,41.92029401630872,63.25422990106343,-21.33393588475471,3.670805926474188,586.5030169024126,TRUE,157
P. vivax,paper_replica_corrigido,13009,Itacoatiara,AM,2016,3,159,174140,24.11852532445159,63.77268289611982,-39.65415757166823,14.683223705896753,633.6728730576064,TRUE,157
P. vivax,paper_replica_corrigido,13010,Parintins,AM,2016,1,157,273814,12.782399731204393,29.444312299530843,-16.66191256832645,3.4434702478814754,263.9215671342375,TRUE,157
P. vivax,paper_replica_corrigido,13010,Parintins,AM,2016,2,158,273814,8.7650741013973,26.95019284046793,-18.18511873907063,0,276.70326178315344,TRUE,157
P. vivax,paper_replica_corrigido,13010,Parintins,AM,2016,3,159,273814,6.573805576047974,27.171087066867013,-20.59728149081904,4.66911220051725,221.25755440201058,TRUE,157
P. vivax,paper_replica_corrigido,13011,Boca do Acre,AM,2016,1,157,53328,106.88568856885688,224.91073873759396,-118.02505016873708,35.96051665370247,1636.5031787155765,TRUE,157
P. vivax,paper_replica_corrigido,13011,Boca do Acre,AM,2016,2,158,53328,84.38343834383438,205.8592430103478,-121.47580466651341,29.667426239304554,1439.0200080923269,TRUE,157
P. vivax,paper_replica_corrigido,13011,Boca do Acre,AM,2016,3,159,53328,58.130813081308126,207.54647637760033,-149.4156632962922,35.96051665370247,2225.656309892067,TRUE,157
P. vivax,paper_replica_corrigido,13012,Purus,AM,2016,1,157,77422,343.57159463718324,569.2720980573908,-225.7005034202076,181.23000518709054,6300.116421777172,TRUE,157
P. vivax,paper_replica_corrigido,13012,Purus,AM,2016,2,158,77422,262.19937485469245,521.0504320153291,-258.85105716063663,99.07790716378527,4168.49653160967,TRUE,157
P. vivax,paper_replica_corrigido,13012,Purus,AM,2016,3,159,77422,348.7380847821033,525.3204796460207,-176.5823948639174,119.09990090313356,4985.063616484527,TRUE,157
P. vivax,paper_replica_corrigido,13013,Madeira,AM,2016,1,157,191878,28.142882456560937,290.9439538131749,-262.801071356614,71.54313284054308,2654.924849310815,FALSE,157
P. vivax,paper_replica_corrigido,13013,Madeira,AM,2016,2,158,191878,39.08733674522352,266.29879197155833,-227.2114552263348,66.46265425698877,2139.9642086203867,FALSE,157
P. vivax,paper_replica_corrigido,13013,Madeira,AM,2016,3,159,191878,26.579388986752,268.48108312488705,-241.90169413813504,63.13119289072369,2393.0719859223764,FALSE,157
P. vivax,paper_replica_corrigido,14001,Boa Vista,RR,2016,1,157,365901,115.05844477058002,136.9520478873079,-21.89360311672789,48.82903934619532,1260.8199533505947,TRUE,157
P. vivax,paper_replica_corrigido,14001,Boa Vista,RR,2016,2,158,365901,115.33174273915624,125.35116002564129,-10.019417286485051,27.952222881542937,1099.745268995704,TRUE,157
P. vivax,paper_replica_corrigido,14001,Boa Vista,RR,2016,3,159,365901,171.35782629727711,126.37839032734246,44.979435969934656,28.78205449833875,1047.5969031823254,TRUE,157
P. vivax,paper_replica_corrigido,14002,Nordeste de Roraima,RR,2016,1,157,48362,62.03217402092552,381.5523261001476,-319.52015207922204,105.08067170687548,3140.8546684712283,FALSE,157
P. vivax,paper_replica_corrigido,14002,Nordeste de Roraima,RR,2016,2,158,48362,59.96443488689467,349.23222860747165,-289.267793720577,85.58457223924763,3266.753209101164,FALSE,157
P. vivax,paper_replica_corrigido,14002,Nordeste de Roraima,RR,2016,3,159,48362,35.151565278524465,352.09436607368986,-316.9428007951654,45.93148857627576,2486.5787880321864,FALSE,157
P. vivax,paper_replica_corrigido,14003,Caracaraí,RR,2016,1,157,47747,286.929021718642,435.682982046802,-148.75396032816002,100.07487856139043,3421.9583893366334,TRUE,157
P. vivax,paper_replica_corrigido,14003,Caracaraí,RR,2016,2,158,47747,129.85109012084527,398.7774331311849,-268.9263430103397,73.29899132088464,3091.6108805068952,TRUE,157
P. vivax,paper_replica_corrigido,14003,Caracaraí,RR,2016,3,159,47747,236.66408360734707,402.04549642434665,-165.38141281699959,73.29899132088464,2905.853162775891,TRUE,157
P. vivax,paper_replica_corrigido,14004,Sudeste de Roraima,RR,2016,1,157,52219,473.00790899864035,421.00478995019284,52.0031190484475,91.50453334362415,2792.877495966265,TRUE,157
P. vivax,paper_replica_corrigido,14004,Sudeste de Roraima,RR,2016,2,158,52219,325.5520021448132,385.34259391333063,-59.79059176851746,61.207045714798745,4412.1098903512575,TRUE,157
P. vivax,paper_replica_corrigido,14004,Sudeste de Roraima,RR,2016,3,159,52219,448.1127558934488,388.5005371237338,59.612218769715014,79.26312420066438,4137.902325548964,TRUE,157
P. vivax,paper_replica_corrigido,15001,Óbidos,PA,2016,1,157,201119,2.4860903246336745,17.39702531015782,-14.910934985524143,0,187.68379022040918,TRUE,157
P. vivax,paper_replica_corrigido,15001,Óbidos,PA,2016,2,158,201119,5.469398714194084,15.923438222682867,-10.454039508488783,0,157.40964793676153,TRUE,157
P. vivax,paper_replica_corrigido,15001,Óbidos,PA,2016,3,159,201119,3.4805264544871446,16.054010325855522,-12.573483871368378,0,147.87448501277797,TRUE,157
P. vivax,paper_replica_corrigido,15002,Santarém,PA,2016,1,157,510742,6.852774982280682,31.88385460318339,-25.03107962090271,4.349238266141904,310.57941748003236,TRUE,157
P. vivax,paper_replica_corrigido,15002,Santarém,PA,2016,2,158,510742,2.5453164219899675,29.18307670932525,-26.637760287335283,3.7547380714894123,239.4897099931648,FALSE,157
P. vivax,paper_replica_corrigido,15002,Santarém,PA,2016,3,159,510742,4.307458560290715,29.422254216700015,-25.1147956564093,8.103976337631316,268.33861417577623,FALSE,157
P. vivax,paper_replica_corrigido,15003,Almeirim,PA,2016,1,157,72528,22.060445621001545,60.605085496386394,-38.544639875384846,0,596.4616520192307,TRUE,157
P. vivax,paper_replica_corrigido,15003,Almeirim,PA,2016,2,158,72528,38.6057798367527,55.471569946013894,-16.86579010926119,0,520.0035089639407,TRUE,157
P. vivax,paper_replica_corrigido,15003,Almeirim,PA,2016,3,159,72528,39.984557688065294,55.92631054125263,-15.941752853187339,0,472.6303079354451,TRUE,157
P. vivax,paper_replica_corrigido,15004,Portel,PA,2016,1,157,147088,3.399325573806157,84.64936103184873,-81.25003545804257,17.383719787779157,780.3117219739348,FALSE,157
P. vivax,paper_replica_corrigido,15004,Portel,PA,2016,2,158,147088,29.91406504949418,77.47910816493606,-47.56504311544188,15.102106565633145,756.4091072657402,TRUE,157
P. vivax,paper_replica_corrigido,15004,Portel,PA,2016,3,159,147088,27.874469705210487,78.11419540195057,-50.23972569674008,17.383719787779157,839.8509622470793,TRUE,157
P. vivax,paper_replica_corrigido,15005,Furos de Breves,PA,2016,1,157,223291,149.13274605783485,398.25288989647885,-249.120143838644,132.90479749242598,2951.889269022675,TRUE,157
P. vivax,paper_replica_corrigido,15005,Furos de Breves,PA,2016,2,158,223291,177.79489545033164,364.51780373841643,-186.7229082880848,114.08198556969684,2694.7395989148204,TRUE,157
P. vivax,paper_replica_corrigido,15005,Furos de Breves,PA,2016,3,159,223291,167.04658942814532,367.50490546624786,-200.45831603810254,102.34456672814711,4033.1631949869034,TRUE,157
P. vivax,paper_replica_corrigido,15006,Arari,PA,2016,1,157,170786,2.342112351129484,29.40646009438951,-27.064347743260026,0,305.51384192472443,TRUE,157
P. vivax,paper_replica_corrigido,15006,Arari,PA,2016,2,158,170786,6.44080896560608,26.915639634070097,-20.474830668464016,0,258.44693151488195,TRUE,157
P. vivax,paper_replica_corrigido,15006,Arari,PA,2016,3,159,170786,5.855280877823709,27.136305364729125,-21.281024486905416,0,281.2785938210478,TRUE,157
P. vivax,paper_replica_corrigido,15007,Belém,PA,2016,1,157,2280761,0.43845014887574807,0.4777457305055988,-0.03929558162985075,0.04384501488757481,4.5829001811237555,TRUE,157
P. vivax,paper_replica_corrigido,15007,Belém,PA,2016,2,158,2280761,0.30691510421302365,0.43727794770042344,-0.1303628434873998,0,3.1403991913225404,TRUE,157
P. vivax,paper_replica_corrigido,15007,Belém,PA,2016,3,159,2280761,0.17538005955029923,0.4408623640038129,-0.2654823044535137,0.08769002977514961,4.409712372317832,TRUE,157
P. vivax,paper_replica_corrigido,15008,Castanhal,PA,2016,1,157,329626,0.30337412704094946,0.6306335346124926,-0.32725940757154315,0,7.743624592720227,TRUE,157
P. vivax,paper_replica_corrigido,15008,Castanhal,PA,2016,2,158,329626,0.30337412704094946,0.5772191515784727,-0.27384502453752324,0,5.6200057034335815,TRUE,157
P. vivax,paper_replica_corrigido,15008,Castanhal,PA,2016,3,159,329626,0.6067482540818989,0.5819541473615927,0.02479410672030624,0,6.992773628293871,TRUE,157
P. vivax,paper_replica_corrigido,15009,Salgado,PA,2016,1,157,262427,0,19.932477358158177,-19.932477358158177,0,208.02202479429528,TRUE,157
P. vivax,paper_replica_corrigido,15009,Salgado,PA,2016,2,158,262427,0.38105835146535993,18.24410590843173,-17.86304755696637,0,154.73769467280638,TRUE,157
P. vivax,paper_replica_corrigido,15009,Salgado,PA,2016,3,159,262427,1.1431750543960797,18.393694125860897,-17.25051907146482,0,140.3661496343243,TRUE,157
P. vivax,paper_replica_corrigido,15010,Bragantina,PA,2016,1,157,409039,0.24447546566464323,1.7567231608347027,-1.5122476951700594,0,15.401954336872524,TRUE,157
P. vivax,paper_replica_corrigido,15010,Bragantina,PA,2016,2,158,409039,0,1.6079231671502354,-1.6079231671502354,0,14.796877559352524,TRUE,157
P. vivax,paper_replica_corrigido,15010,Bragantina,PA,2016,3,159,409039,0,1.6211086353962267,-1.6211086353962267,0,16.893254677426825,TRUE,157
P. vivax,paper_replica_corrigido,15011,Cametá,PA,2016,1,157,478943,1.4615517921756869,15.460222384208476,-13.99867059203279,1.334676869765745,188.95687783708524,TRUE,157
P. vivax,paper_replica_corrigido,15011,Cametá,PA,2016,2,158,478943,2.7143104711834187,14.150670108083327,-11.436359636899908,0,116.45055688706096,TRUE,157
P. vivax,paper_replica_corrigido,15011,Cametá,PA,2016,3,159,478943,1.2527586790077316,14.2666804598434,-13.013921780835668,1.334676869765745,124.12494888821426,FALSE,157
P. vivax,paper_replica_corrigido,15012,Tomé-Açu,PA,2016,1,157,325988,1.8405585481674176,24.406814533061606,-22.566255984894187,1.9609131134772295,227.56396681903237,FALSE,157
P. vivax,paper_replica_corrigido,15012,Tomé-Açu,PA,2016,2,158,325988,0.30675975802790284,22.339427471874302,-22.0326677138464,1.9609131134772295,197.21883638797223,FALSE,157
P. vivax,paper_replica_corrigido,15012,Tomé-Açu,PA,2016,3,159,325988,0.9202792740837088,22.522552926437083,-21.602273652353375,0,210.84718252663907,TRUE,157
P. vivax,paper_replica_corrigido,15013,Guamá,PA,2016,1,157,465819,0.4293513145663874,34.6782929911934,-34.24894167662701,8.23368060173005,291.26645128620027,FALSE,157
P. vivax,paper_replica_corrigido,15013,Guamá,PA,2016,2,158,465819,0,31.740845491768855,-31.740845491768855,8.885513649367017,292.2956613614168,FALSE,157
P. vivax,paper_replica_corrigido,15013,Guamá,PA,2016,3,159,465819,0.4293513145663874,32.00102632811411,-31.571675013547722,8.23368060173005,294.3883885143565,FALSE,157
P. vivax,paper_replica_corrigido,15014,Itaituba,PA,2016,1,157,214640,102.9631010063362,330.10965249563276,-227.14655148929654,98.1306608553545,3605.668925571394,TRUE,157
P. vivax,paper_replica_corrigido,15014,Itaituba,PA,2016,2,158,214640,110.88333954528512,302.14677686105256,-191.26343731576742,107.06516715477979,2377.47212627707,TRUE,157
P. vivax,paper_replica_corrigido,15014,Itaituba,PA,2016,3,159,214640,109.01975400670892,304.6227537772329,-195.60299977052398,87.78152439185354,2328.7046127260405,TRUE,157
P. vivax,paper_replica_corrigido,15015,Altamira,PA,2016,1,157,297477,19.16114523139604,164.73201876770827,-145.57087353631223,42.977046564017726,1625.8753928249955,FALSE,157
P. vivax,paper_replica_corrigido,15015,Altamira,PA,2016,2,158,297477,31.599081609670662,150.77800274073485,-119.17892113106419,35.40234210710961,1447.4669282761158,FALSE,157
P. vivax,paper_replica_corrigido,15015,Altamira,PA,2016,3,159,297477,17.144182575459613,152.01361335838916,-134.86943078292956,35.40234210710961,1613.6806558624537,FALSE,157
P. vivax,paper_replica_corrigido,15016,Tucuruí,PA,2016,1,157,368588,18.72008855415803,120.84851745930487,-102.12842890514685,45.09123396567873,1136.0823111564187,FALSE,157
P. vivax,paper_replica_corrigido,15016,Tucuruí,PA,2016,2,158,368588,19.805311079036755,110.61177689092303,-90.80646581188627,31.954076377601186,1001.5890344626357,FALSE,157
P. vivax,paper_replica_corrigido,15016,Tucuruí,PA,2016,3,159,368588,18.72008855415803,111.51825845658881,-92.79816990243079,35.509346747971996,1101.6135313461184,FALSE,157
P. vivax,paper_replica_corrigido,15017,Paragominas,PA,2016,1,157,334228,1.4959847768589107,57.67430906693486,-56.17832429007595,14.296453997482882,465.7583892624773,FALSE,157
P. vivax,paper_replica_corrigido,15017,Paragominas,PA,2016,2,158,334228,1.1967878214871286,52.78893187876495,-51.59214405727782,10.471315804176426,426.59853700850243,FALSE,157
P. vivax,paper_replica_corrigido,15017,Paragominas,PA,2016,3,159,334228,0.29919695537178215,53.22159629722504,-52.92239934185326,18.12159219078934,361.4755592674601,FALSE,157
P. vivax,paper_replica_corrigido,15018,São Félix do Xingu,PA,2016,1,157,205857,76.26653453611003,17.20570460111674,59.06082993499329,0,170.78786692700191,TRUE,157
P. vivax,paper_replica_corrigido,15018,São Félix do Xingu,PA,2016,2,158,205857,92.29708001185288,15.748326128379178,76.54875388347371,0,144.62627094772915,TRUE,157
P. vivax,paper_replica_corrigido,15018,São Félix do Xingu,PA,2016,3,159,205857,125.32971917398972,15.877466854625439,109.45225231936428,0,136.63029354160153,TRUE,157
P. vivax,paper_replica_corrigido,15019,Parauapebas,PA,2016,1,157,307967,6.169492185851081,1.3490441813291565,4.820448004521925,0,11.36485402656778,TRUE,157
P. vivax,paper_replica_corrigido,15019,Parauapebas,PA,2016,2,158,307967,3.247101150447938,1.2347758184213848,2.012325332026553,0,13.483587527235054,TRUE,157
P. vivax,paper_replica_corrigido,15019,Parauapebas,PA,2016,3,159,307967,2.9223910354031437,1.2449001172518648,1.677490918151279,0,9.911776261742322,TRUE,157
P. vivax,paper_replica_corrigido,15020,Marabá,PA,2016,1,157,319770,0.938174312787316,24.54477389032896,-23.606599577541644,0,210.09947317824108,TRUE,157
P. vivax,paper_replica_corrigido,15020,Marabá,PA,2016,2,158,319770,3.752697251149264,22.465699917356556,-18.71300266620729,0.9495456685029963,165.92061154894412,TRUE,157
P. vivax,paper_replica_corrigido,15020,Marabá,PA,2016,3,159,319770,1.5636238546455263,22.649851238437,-21.086227383791474,0.9495456685029963,207.15088399710015,TRUE,157
P. vivax,paper_replica_corrigido,15021,Redenção,PA,2016,1,157,190717,9.438067922628816,1.0737592000837402,8.364308722545076,0,9.71334490370548,TRUE,157
P. vivax,paper_replica_corrigido,15021,Redenção,PA,2016,2,158,190717,8.389393709003393,0.9828114918442798,7.406582217159113,0,8.664670690080055,TRUE,157
P. vivax,paper_replica_corrigido,15021,Redenção,PA,2016,3,159,190717,6.816382388565256,0.990873927645582,5.825508460919674,0,9.962405029441529,TRUE,157
P. vivax,paper_replica_corrigido,15022,Conceição do Araguaia,PA,2016,1,157,155323,0,1.8836081875508703,-1.8836081875508703,0,19.99060023306269,TRUE,157
P. vivax,paper_replica_corrigido,15022,Conceição do Araguaia,PA,2016,2,158,155323,0.6438196532387348,1.7240704140730367,-1.080250760834302,0,17.753326938058066,TRUE,157
P. vivax,paper_replica_corrigido,15022,Conceição do Araguaia,PA,2016,3,159,155323,1.2876393064774696,1.7382164502252475,-0.4505771437477779,0,17.72113595539616,TRUE,157
P. vivax,paper_replica_corrigido,16001,Oiapoque,AP,2016,1,157,35237,788.94344013395,1109.069647558465,-320.126207424515,343.7718032036291,10074.600047975477,TRUE,157
P. vivax,paper_replica_corrigido,16001,Oiapoque,AP,2016,2,158,35237,561.9093566421659,1015.1230076920825,-453.2136510499166,262.5908628692628,9436.037120652643,TRUE,157
P. vivax,paper_replica_corrigido,16001,Oiapoque,AP,2016,3,159,35237,519.3404659874564,1023.4417927547726,-504.1013267673162,308.3968683093242,8381.138421112222,TRUE,157
P. vivax,paper_replica_corrigido,16002,Amapá,AP,2016,1,157,29010,203.37814546708032,166.51142604712143,36.86671941995888,10.466605253953915,1498.3771731976087,TRUE,157
P. vivax,paper_replica_corrigido,16002,Amapá,AP,2016,2,158,29010,130.98931402964496,152.40702488688976,-21.4177108572448,0,1247.7295210634475,TRUE,157
P. vivax,paper_replica_corrigido,16002,Amapá,AP,2016,3,159,29010,134.4364012409514,153.65626063736514,-19.21985939641374,0,1465.8756095142778,TRUE,157
P. vivax,paper_replica_corrigido,16003,Macapá,AP,2016,1,157,636748,124.0679201191052,107.61492546693141,16.452994652173786,28.586178914470445,911.3946453907628,TRUE,157
P. vivax,paper_replica_corrigido,16003,Macapá,AP,2016,2,158,636748,94.85699209106272,98.4991008923763,-3.642108801313583,27.10541986622307,840.9456513495707,TRUE,157
P. vivax,paper_replica_corrigido,16003,Macapá,AP,2016,3,159,636748,68.31588006558324,99.30625666466577,-30.990376599082524,26.05132020475884,775.9930341145839,TRUE,157
P. vivax,paper_replica_corrigido,16004,Mazagão,AP,2016,1,157,81300,110.7011070110701,192.8599401443614,-82.15883313329128,27.32273862885422,1733.9127873749858,TRUE,157
P. vivax,paper_replica_corrigido,16004,Mazagão,AP,2016,2,158,81300,161.13161131611315,176.52332867722436,-15.391717361111205,31.450634392925714,1886.0552312507612,TRUE,157
P. vivax,paper_replica_corrigido,16004,Mazagão,AP,2016,3,159,81300,91.02091020910208,177.97000082228587,-86.94909061318378,39.313292991157134,1409.3815537329817,TRUE,157
P. vivax,paper_replica_corrigido,17001,Bico do Papagaio,TO,2016,1,157,212579,0.9408267044251784,0.23682918637130113,0.7039975180538772,0,2.8224801132755353,TRUE,157
P. vivax,paper_replica_corrigido,17001,Bico do Papagaio,TO,2016,2,158,212579,0,0.2167726804799041,-0.2167726804799041,0,2.3520667610629458,TRUE,157
P. vivax,paper_replica_corrigido,17001,Bico do Papagaio,TO,2016,3,159,212579,0,0.21855352010524137,-0.21855352010524137,0,2.3520667610629458,TRUE,157
P. vivax,paper_replica_corrigido,17002,Araguaína,TO,2016,1,157,310729,0.32182384006642445,0.18099433473012455,0.1408295053362999,0,1.9309430403985464,TRUE,157
P. vivax,paper_replica_corrigido,17002,Araguaína,TO,2016,2,158,310729,0.6436476801328489,0.16566615975938476,0.47798152037346414,0,1.9309430403985464,TRUE,157
P. vivax,paper_replica_corrigido,17002,Araguaína,TO,2016,3,159,310729,0.6436476801328489,0.16702703619482026,0.4766206439380286,0,2.252766880464971,TRUE,157
P. vivax,paper_replica_corrigido,17003,Miracema do Tocantins,TO,2016,1,157,149097,0,0.21033587370360585,-0.21033587370360585,0,2.6828172263694103,TRUE,157
P. vivax,paper_replica_corrigido,17003,Miracema do Tocantins,TO,2016,2,158,149097,0,0.19252501694337923,-0.19252501694337923,0,2.6828172263694103,TRUE,157
P. vivax,paper_replica_corrigido,17003,Miracema do Tocantins,TO,2016,3,159,149097,0,0.19410880765420904,-0.19410880765420904,0,3.3535215329617634,TRUE,157
P. vivax,paper_replica_corrigido,17004,Rio Formoso,TO,2016,1,157,125805,0,0.13878944685998418,-0.13878944685998418,0,1.5897619331505108,TRUE,157
P. vivax,paper_replica_corrigido,17004,Rio Formoso,TO,2016,2,158,125805,0,0.12703874984470517,-0.12703874984470517,0,2.3846428997257663,TRUE,157
P. vivax,paper_replica_corrigido,17004,Rio Formoso,TO,2016,3,159,125805,0.7948809665752554,0.1280851970797803,0.6667957694954751,0,1.5897619331505108,TRUE,157
P. vivax,paper_replica_corrigido,17005,Gurupi,TO,2016,1,157,148490,0,0.03373159573913024,-0.03373159573913024,0,0.6734460233012324,TRUE,157
P. vivax,paper_replica_corrigido,17005,Gurupi,TO,2016,2,158,148490,0,0.03087776621757561,-0.03087776621757561,0,0.6734460233012324,TRUE,157
P. vivax,paper_replica_corrigido,17005,Gurupi,TO,2016,3,159,148490,0,0.03113442523584418,-0.03113442523584418,0,0.6734460233012324,TRUE,157
P. vivax,paper_replica_corrigido,17006,Porto Nacional,TO,2016,1,157,383420,0.2608105993427573,0.09794596850763716,0.16286463083512015,0,1.1801679620259709,TRUE,157
P. vivax,paper_replica_corrigido,17006,Porto Nacional,TO,2016,2,158,383420,0.2608105993427573,0.08965200026771922,0.17115859907503808,0,1.0432423973710292,TRUE,157
P. vivax,paper_replica_corrigido,17006,Porto Nacional,TO,2016,3,159,383420,0,0.09038936804219112,-0.09038936804219112,0,1.0432423973710292,TRUE,157
P. vivax,paper_replica_corrigido,17007,Jalapão,TO,2016,1,157,78618,0,0.00580926784449121,-0.00580926784449121,0,0,TRUE,157
P. vivax,paper_replica_corrigido,17007,Jalapão,TO,2016,2,158,78618,0,0.00532065358918838,-0.00532065358918838,0,0,TRUE,157
P. vivax,paper_replica_corrigido,17007,Jalapão,TO,2016,3,159,78618,0,0.00536757844225023,-0.00536757844225023,0,0,TRUE,157
P. vivax,paper_replica_corrigido,17008,Dianópolis,TO,2016,1,157,124164,0,0.01008394898262409,-0.01008394898262409,0,0,TRUE,157
P. vivax,paper_replica_corrigido,17008,Dianópolis,TO,2016,2,158,124164,0,0.00923263748727012,-0.00923263748727012,0,0,TRUE,157
P. vivax,paper_replica_corrigido,17008,Dianópolis,TO,2016,3,159,124164,0,0.00931109889564974,-0.00931109889564974,0,0,TRUE,157
P. vivax,paper_replica_corrigido,21001,Litoral Ocidental Maranhense,MA,2016,1,157,187688,0,1.294015011562333,-1.294015011562333,0,10.682622224116594,TRUE,157
P. vivax,paper_replica_corrigido,21001,Litoral Ocidental Maranhense,MA,2016,2,158,187688,0,1.1844110481441004,-1.1844110481441004,0,10.655982268445506,TRUE,157
P. vivax,paper_replica_corrigido,21001,Litoral Ocidental Maranhense,MA,2016,3,159,187688,0,1.194127532716782,-1.194127532716782,0,13.319977835556882,TRUE,157
P. vivax,paper_replica_corrigido,21002,Aglomeração Urbana de São Luís,MA,2016,1,157,1409162,0.07096416167906884,0.12297838255405837,-0.052014220874989525,0,1.1354265868651017,TRUE,157
P. vivax,paper_replica_corrigido,21002,Aglomeração Urbana de São Luís,MA,2016,2,158,1409162,0,0.11256232906246784,-0.11256232906246784,0,1.1354265868651017,TRUE,157
P. vivax,paper_replica_corrigido,21002,Aglomeração Urbana de São Luís,MA,2016,3,159,1409162,0.28385664671627536,0.11348595912250473,0.17037068759377064,0,1.0644624251860326,TRUE,157
P. vivax,paper_replica_corrigido,21003,Rosário,MA,2016,1,157,174476,0,0.6199273138190893,-0.6199273138190893,0,7.178637749604517,TRUE,157
P. vivax,paper_replica_corrigido,21003,Rosário,MA,2016,2,158,174476,0.5731447305073477,0.5674229912674933,0.005721739239854418,0,6.877736766088173,TRUE,157
P. vivax,paper_replica_corrigido,21003,Rosário,MA,2016,3,159,174476,0,0.5720811504943574,-0.5720811504943574,0,4.585157844058782,TRUE,157
P. vivax,paper_replica_corrigido,21004,Lençóis Maranhenses,MA,2016,1,157,194298,0.514673336833112,0.19756225570706284,0.31711108112604913,0,2.058693347332448,TRUE,157
P. vivax,paper_replica_corrigido,21004,Lençóis Maranhenses,MA,2016,2,158,194298,0,0.18083309436808617,-0.18083309436808617,0,2.058693347332448,TRUE,157
P. vivax,paper_replica_corrigido,21004,Lençóis Maranhenses,MA,2016,3,159,194298,0,0.18232059775950477,-0.18232059775950477,0,3.088040020998672,TRUE,157
P. vivax,paper_replica_corrigido,21005,Baixada Maranhense,MA,2016,1,157,595044,1.1763835951627106,1.1695802496105678,0.006803345552142792,0,8.570794764756892,TRUE,157
P. vivax,paper_replica_corrigido,21005,Baixada Maranhense,MA,2016,2,158,595044,1.512493193780628,1.0705110510291147,0.4419821427515134,0,8.75565504399673,TRUE,157
P. vivax,paper_replica_corrigido,21005,Baixada Maranhense,MA,2016,3,159,595044,1.1763835951627106,1.0792868564506004,0.09709673871211022,0,10.25974549781192,TRUE,157
P. vivax,paper_replica_corrigido,21006,Itapecuru Mirim,MA,2016,1,157,232934,0.429306155391656,0.264906073974558,0.164400081417098,0,3.2305288193222017,TRUE,157
P. vivax,paper_replica_corrigido,21006,Itapecuru Mirim,MA,2016,2,158,232934,0,0.24247191540989957,-0.24247191540989957,0,2.575836932349936,TRUE,157
P. vivax,paper_replica_corrigido,21006,Itapecuru Mirim,MA,2016,3,159,232934,0.429306155391656,0.24446457832565663,0.18484157706599938,0,3.434449243133248,TRUE,157
P. vivax,paper_replica_corrigido,21007,Gurupi,MA,2016,1,157,238005,7.983025566689776,42.274243831005705,-34.29121826431593,3.9615569523893126,416.56778529869916,TRUE,157
P. vivax,paper_replica_corrigido,21007,Gurupi,MA,2016,2,158,238005,5.882229364929308,38.69335222495461,-32.8111228600253,5.371602647307537,322.6990290369999,TRUE,157
P. vivax,paper_replica_corrigido,21007,Gurupi,MA,2016,3,159,238005,4.201592403520934,39.01049993539739,-34.80890753187646,2.6858013236537683,358.8902018732345,TRUE,157
P. vivax,paper_replica_corrigido,21008,Pindaré,MA,2016,1,157,654404,4.431513254808956,1.7320551308675254,2.6994581239414304,0.305621603779928,16.969639549880494,TRUE,157
P. vivax,paper_replica_corrigido,21008,Pindaré,MA,2016,2,158,654404,6.418053679378487,1.5853392826775854,4.832714396700902,0,15.326923429563347,TRUE,157
P. vivax,paper_replica_corrigido,21008,Pindaré,MA,2016,3,159,654404,6.87648608504838,1.598333457665314,5.278152627383066,0,12.690937096961502,TRUE,157
P. vivax,paper_replica_corrigido,21009,Imperatriz,MA,2016,1,157,589439,1.1875698757632256,0.4991254230867254,0.6884444526765001,0,4.3303887255509,TRUE,157
P. vivax,paper_replica_corrigido,21009,Imperatriz,MA,2016,2,158,589439,1.0179170363684793,0.4568480137569399,0.5610690226115393,0,4.3303887255509,TRUE,157
P. vivax,paper_replica_corrigido,21009,Imperatriz,MA,2016,3,159,589439,0.6786113575789862,0.46059426798034664,0.21801708959863952,0,4.071668145473917,TRUE,157
P. vivax,paper_replica_corrigido,21010,Médio Mearim,MA,2016,1,157,416384,1.6811404857055026,0.5063322611723496,1.174808224533153,0,5.649832846603131,TRUE,157
P. vivax,paper_replica_corrigido,21010,Médio Mearim,MA,2016,2,158,416384,1.2008146326467874,0.46344533198246546,0.737369300664322,0,4.208855287426985,TRUE,157
P. vivax,paper_replica_corrigido,21010,Médio Mearim,MA,2016,3,159,416384,1.92130341223486,0.46724652795831456,1.4540568842765453,0,4.827274823240064,TRUE,157
P. vivax,paper_replica_corrigido,21011,Alto Mearim e Grajaú,MA,2016,1,157,330611,0.6049405494675011,0.6163389539195371,-0.011398404452035993,0,5.7469352199412604,TRUE,157
P. vivax,paper_replica_corrigido,21011,Alto Mearim e Grajaú,MA,2016,2,158,330611,1.8148216484025033,0.564134291862516,1.2506873565399874,0,7.259286593610013,TRUE,157
P. vivax,paper_replica_corrigido,21011,Alto Mearim e Grajaú,MA,2016,3,159,330611,2.117291923136254,0.5687613255277574,1.5485305976084964,0,5.141994670473759,TRUE,157
P. vivax,paper_replica_corrigido,21012,Presidente Dutra,MA,2016,1,157,195820,1.0213461342048822,0.3270220002289207,0.6943241339759615,0,3.574711469717087,TRUE,157
P. vivax,paper_replica_corrigido,21012,Presidente Dutra,MA,2016,2,158,195820,1.5320192013073228,0.2993259325153939,1.232693268791929,0,2.553365335512205,TRUE,157
P. vivax,paper_replica_corrigido,21012,Presidente Dutra,MA,2016,3,159,195820,2.553365335512205,0.3017842512686475,2.2515810842435577,0,4.353487897048298,TRUE,157
P. vivax,paper_replica_corrigido,21013,Baixo Parnaíba Maranhense,MA,2016,1,157,143983,1.3890528742976602,0.2755289725354906,1.1135239017621696,0,3.1427321280984404,TRUE,157
P. vivax,paper_replica_corrigido,21013,Baixo Parnaíba Maranhense,MA,2016,2,158,143983,0.6945264371488301,0.252196048916275,0.4423303882325551,0,3.4726321857441502,TRUE,157
P. vivax,paper_replica_corrigido,21013,Baixo Parnaíba Maranhense,MA,2016,3,159,143983,0,0.25426892642064663,-0.25426892642064663,0,2.7781057485953204,TRUE,157
P. vivax,paper_replica_corrigido,21014,Chapadinha,MA,2016,1,157,240987,0,0.1606185996217978,-0.1606185996217978,0,2.074800715391287,TRUE,157
P. vivax,paper_replica_corrigido,21014,Chapadinha,MA,2016,2,158,240987,0.8299202861565147,0.1470170722555677,0.682903213900947,0,2.074800715391287,TRUE,157
P. vivax,paper_replica_corrigido,21014,Chapadinha,MA,2016,3,159,240987,0.41496014307825735,0.14822571902392645,0.2667344240543309,0,1.6598405723130294,TRUE,157
P. vivax,paper_replica_corrigido,21015,Codó,MA,2016,1,157,273399,0.7315315710737786,0.3078461294108414,0.42368544166293726,0,3.657657855368893,TRUE,157
P. vivax,paper_replica_corrigido,21015,Codó,MA,2016,2,158,273399,0.3657657855368893,0.2817733402517158,0.08399244528517352,0,3.4839191072388624,TRUE,157
P. vivax,paper_replica_corrigido,21015,Codó,MA,2016,3,159,273399,0.7315315710737786,0.2840871177291466,0.44744445334463206,0,2.9261262842951146,TRUE,157
P. vivax,paper_replica_corrigido,21016,Coelho Neto,MA,2016,1,157,92230,0,0.0385285208875755,-0.0385285208875755,0,1.0842459069717012,TRUE,157
P. vivax,paper_replica_corrigido,21016,Coelho Neto,MA,2016,2,158,92230,0,0.03527010619279543,-0.03527010619279543,0,1.0842459069717012,TRUE,157
P. vivax,paper_replica_corrigido,21016,Coelho Neto,MA,2016,3,159,92230,0,0.03556405128907241,-0.03556405128907241,0,1.0842459069717012,TRUE,157
P. vivax,paper_replica_corrigido,21017,Caxias,MA,2016,1,157,437336,0.22865714233449796,0.08939328900364449,0.13926385333085348,0,1.3719428540069878,TRUE,157
P. vivax,paper_replica_corrigido,21017,Caxias,MA,2016,2,158,437336,0.22865714233449796,0.08182293739757858,0.1468342049369194,0,0.914628569337992,TRUE,157
P. vivax,paper_replica_corrigido,21017,Caxias,MA,2016,3,159,437336,0.22865714233449796,0.08249531764388454,0.14616182469061342,0,1.14328571167249,TRUE,157
P. vivax,paper_replica_corrigido,21018,Chapadas do Alto Itapecuru,MA,2016,1,157,217425,0.9198574220995746,0.08688563090645175,0.8329717911931228,0,1.379786133149362,TRUE,157
P. vivax,paper_replica_corrigido,21018,Chapadas do Alto Itapecuru,MA,2016,2,158,217425,0.4599287110497873,0.079528807616803407,0.38039990343298385,0,0.9198574220995746,TRUE,157
P. vivax,paper_replica_corrigido,21018,Chapadas do Alto Itapecuru,MA,2016,3,159,217425,0.4599287110497873,0.08018386528322881,0.3797448457665585,0,1.1613199954007023,TRUE,157
P. vivax,paper_replica_corrigido,21019,Porto Franco,MA,2016,1,157,118414,0,0.1875415203026616,-0.1875415203026616,0,2.9768439542621454,TRUE,157
P. vivax,paper_replica_corrigido,21019,Porto Franco,MA,2016,2,158,118414,0,0.17166176297058272,-0.17166176297058272,0,1.6889894775955543,TRUE,157
P. vivax,paper_replica_corrigido,21019,Porto Franco,MA,2016,3,159,118414,0,0.17307490068367098,-0.17307490068367098,0,2.9768439542621454,TRUE,157
P. vivax,paper_replica_corrigido,21020,Gerais de Balsas,MA,2016,1,157,140990,0.7092701610043265,0.02047981748702906,0.6887903435172974,0,0.7092701610043265,TRUE,157
P. vivax,paper_replica_corrigido,21020,Gerais de Balsas,MA,2016,2,158,140990,0,0.01874811184703672,-0.01874811184703672,0,0.7092701610043265,TRUE,157
P. vivax,paper_replica_corrigido,21020,Gerais de Balsas,MA,2016,3,159,140990,0,0.01890480975354159,-0.01890480975354159,0,0.7092701610043265,TRUE,157
P. vivax,paper_replica_corrigido,21021,Chapadas das Mangabeiras,MA,2016,1,157,71007,0,0.01467030394755454,-0.01467030394755454,0,0,TRUE,157
P. vivax,paper_replica_corrigido,21021,Chapadas das Mangabeiras,MA,2016,2,158,71007,0,0.01343255949602251,-0.01343255949602251,0,0,TRUE,157
P. vivax,paper_replica_corrigido,21021,Chapadas das Mangabeiras,MA,2016,3,159,71007,0,0.01354736405668582,-0.01354736405668582,0,0,TRUE,157
P. vivax,paper_replica_corrigido,51001,Aripuanã,MT,2016,1,157,158779,44.716240812701926,96.90334444269283,-52.1871036299909,20.129681634101967,782.2394283012012,TRUE,157
P. vivax,paper_replica_corrigido,51001,Aripuanã,MT,2016,2,158,158779,21.41341109340656,88.69493331631878,-67.28152222291223,8.051872653640785,817.4663711608806,TRUE,157
P. vivax,paper_replica_corrigido,51001,Aripuanã,MT,2016,3,159,158779,30.230698014221023,89.42182327458849,-59.19112526036747,13.990128735700871,846.6544095303273,TRUE,157
P. vivax,paper_replica_corrigido,51002,Alta Floresta,MT,2016,1,157,103591,14.480022395767971,1.653465406065925,12.826556989702047,0,18.3413617013061,TRUE,157
P. vivax,paper_replica_corrigido,51002,Alta Floresta,MT,2016,2,158,103591,5.792008958307189,1.5134157581703735,4.278593200136815,0,17.376026874921568,TRUE,157
P. vivax,paper_replica_corrigido,51002,Alta Floresta,MT,2016,3,159,103591,5.792008958307189,1.5258284550339816,4.266180503273207,0,15.445357222152502,TRUE,157
P. vivax,paper_replica_corrigido,51003,Colíder,MT,2016,1,157,150531,1.992944974789246,1.406789263550689,0.5861557112385571,0,12.30643521932358,TRUE,157
P. vivax,paper_replica_corrigido,51003,Colíder,MT,2016,2,158,150531,0.6643149915964154,1.287632129915692,-0.6233171383192767,0,12.30643521932358,TRUE,157
P. vivax,paper_replica_corrigido,51003,Colíder,MT,2016,3,159,150531,4.650204941174907,1.2981931675349312,3.352011773639976,0,13.950614823524722,TRUE,157
P. vivax,paper_replica_corrigido,51004,Parecis,MT,2016,1,157,103492,0,0.49416502547688473,-0.49416502547688473,0,6.763807830556951,TRUE,157
P. vivax,paper_replica_corrigido,51004,Parecis,MT,2016,2,158,103492,0,0.4523161476479001,-0.4523161476479001,0,6.763807830556951,TRUE,157
P. vivax,paper_replica_corrigido,51004,Parecis,MT,2016,3,159,103492,0,0.4560334118210098,-0.4560334118210098,0,5.797549569048815,TRUE,157
P. vivax,paper_replica_corrigido,51005,Arinos,MT,2016,1,157,79669,0,0.18214093341673832,-0.18214093341673832,0,2.510386725074998,TRUE,157
P. vivax,paper_replica_corrigido,51005,Arinos,MT,2016,2,158,79669,0,0.16672030759622258,-0.16672030759622258,0,2.510386725074998,TRUE,157
P. vivax,paper_replica_corrigido,51005,Arinos,MT,2016,3,159,79669,0,0.16809503188150535,-0.16809503188150535,0,2.510386725074998,TRUE,157
P. vivax,paper_replica_corrigido,51006,Alto Teles Pires,MT,2016,1,157,238340,0,0.4373611620855152,-0.4373611620855152,0,4.615255517328187,TRUE,157
P. vivax,paper_replica_corrigido,51006,Alto Teles Pires,MT,2016,2,158,238340,0,0.4003203781517441,-0.4003203781517441,0,3.776118150541244,TRUE,157
P. vivax,paper_replica_corrigido,51006,Alto Teles Pires,MT,2016,3,159,238340,0.4195686833934715,0.4036073131513674,0.01596137024210409,0,5.873961567508601,TRUE,157
P. vivax,paper_replica_corrigido,51007,Sinop,MT,2016,1,157,194473,0.5142101988450839,1.09683195643356,-0.5826217575884761,0,11.06837453014042,TRUE,157
P. vivax,paper_replica_corrigido,51007,Sinop,MT,2016,2,158,194473,0.5142101988450839,1.0039314470187233,-0.4897212481736394,0,9.769993778056596,TRUE,157
P. vivax,paper_replica_corrigido,51007,Sinop,MT,2016,3,159,194473,0,1.0121675995474633,-1.0121675995474633,0,9.037244244702316,TRUE,157
P. vivax,paper_replica_corrigido,51008,Paranatinga,MT,2016,1,157,35035,0,0.4632880089125256,-0.4632880089125256,0,8.56286570572285,TRUE,157
P. vivax,paper_replica_corrigido,51008,Paranatinga,MT,2016,2,158,35035,0,0.4240660820578574,-0.4240660820578574,0,5.708577137148565,TRUE,157
P. vivax,paper_replica_corrigido,51008,Paranatinga,MT,2016,3,159,35035,0,0.42756194158482297,-0.42756194158482297,0,5.708577137148565,TRUE,157
P. vivax,paper_replica_corrigido,51009,Norte Araguaia,MT,2016,1,157,124904,0,0.1823230284030084,-0.1823230284030084,0,2.401844616665599,TRUE,157
P. vivax,paper_replica_corrigido,51009,Norte Araguaia,MT,2016,2,158,124904,0,0.166885811558967,-0.166885811558967,0,2.401844616665599,TRUE,157
P. vivax,paper_replica_corrigido,51009,Norte Araguaia,MT,2016,3,159,124904,0.8006148722218663,0.16826054096026322,0.6323543312616031,0,2.401844616665599,TRUE,157
P. vivax,paper_replica_corrigido,51010,Canarana,MT,2016,1,157,109827,0,0.13587286474747556,-0.13587286474747556,0,1.8210458266182268,TRUE,157
P. vivax,paper_replica_corrigido,51010,Canarana,MT,2016,2,158,109827,0,0.12436986083277432,-0.12436986083277432,0,1.8210458266182268,TRUE,157
P. vivax,paper_replica_corrigido,51010,Canarana,MT,2016,3,159,109827,0,0.12539501803924086,-0.12539501803924086,0,1.8210458266182268,TRUE,157
P. vivax,paper_replica_corrigido,51011,Médio Araguaia,MT,2016,1,157,67282,2.9725632412829586,0.03639626000290816,2.9361669812800506,0,1.4862816206414793,FALSE,157
P. vivax,paper_replica_corrigido,51011,Médio Araguaia,MT,2016,2,158,67282,0,0.03331938011418125,-0.03331938011418125,0,1.4862816206414793,TRUE,157
P. vivax,paper_replica_corrigido,51011,Médio Araguaia,MT,2016,3,159,67282,0,0.03359829140309643,-0.03359829140309643,0,1.4862816206414793,TRUE,157
P. vivax,paper_replica_corrigido,51012,Alto Guaporé,MT,2016,1,157,72021,0,0.4591322396078957,-0.4591322396078957,0,6.942419572069257,TRUE,157
P. vivax,paper_replica_corrigido,51012,Alto Guaporé,MT,2016,2,158,72021,0,0.4202527806846489,-0.4202527806846489,0,5.553935657655406,TRUE,157
P. vivax,paper_replica_corrigido,51012,Alto Guaporé,MT,2016,3,159,72021,1.3884839144138514,0.4237084954964376,0.9647754189174138,0,5.553935657655406,TRUE,157
P. vivax,paper_replica_corrigido,51013,Tangará da Serra,MT,2016,1,157,161588,0,0.09534489265963142,-0.09534489265963142,0,1.2377156719558384,TRUE,157
P. vivax,paper_replica_corrigido,51013,Tangará da Serra,MT,2016,2,158,161588,0,0.08727281060046366,-0.08727281060046366,0,1.2377156719558384,TRUE,157
P. vivax,paper_replica_corrigido,51013,Tangará da Serra,MT,2016,3,159,161588,0,0.08799225477053355,-0.08799225477053355,0,1.2377156719558384,TRUE,157
P. vivax,paper_replica_corrigido,51014,Jauru,MT,2016,1,157,107801,0,0.06731139688892065,-0.06731139688892065,0,0.9276351796365526,TRUE,157
P. vivax,paper_replica_corrigido,51014,Jauru,MT,2016,2,158,107801,0,0.06161427815872229,-0.06161427815872229,0,0.9276351796365526,TRUE,157
P. vivax,paper_replica_corrigido,51014,Jauru,MT,2016,3,159,107801,0,0.06212402647046662,-0.06212402647046662,0,0.9276351796365526,TRUE,157
P. vivax,paper_replica_corrigido,51015,Alto Paraguai,MT,2016,1,157,32538,0,0.0853107218348234,-0.0853107218348234,0,3.073329645337759,TRUE,157
P. vivax,paper_replica_corrigido,51015,Alto Paraguai,MT,2016,2,158,32538,0,0.078097281790043,-0.078097281790043,0,3.073329645337759,TRUE,157
P. vivax,paper_replica_corrigido,51015,Alto Paraguai,MT,2016,3,159,32538,0,0.07875010296192009,-0.07875010296192009,0,3.073329645337759,TRUE,157
P. vivax,paper_replica_corrigido,51016,Rosário Oeste,MT,2016,1,157,30278,0,0.06114388092242744,-0.06114388092242744,0,1.7339322280202698,TRUE,157
P. vivax,paper_replica_corrigido,51016,Rosário Oeste,MT,2016,2,158,30278,0,0.05597598945530943,-0.05597598945530943,0,0,TRUE,157
P. vivax,paper_replica_corrigido,51016,Rosário Oeste,MT,2016,3,159,30278,0,0.05644568121987566,-0.05644568121987566,0,0,TRUE,157
P. vivax,paper_replica_corrigido,51017,Cuiabá,MT,2016,1,157,906316,0,0.09632998356164006,-0.09632998356164006,0,0.9930311282157658,TRUE,157
P. vivax,paper_replica_corrigido,51017,Cuiabá,MT,2016,2,158,906316,0,0.08817115789248457,-0.08817115789248457,0,1.0509579440283496,TRUE,157
P. vivax,paper_replica_corrigido,51017,Cuiabá,MT,2016,3,159,906316,0.5516839601198699,0.08889486976986553,0.4627890903500043,0,0.9406211520043756,TRUE,157
P. vivax,paper_replica_corrigido,51018,Alto Pantanal,MT,2016,1,157,136000,0,0.05839596513385419,-0.05839596513385419,0,0.7352941176470589,TRUE,157
P. vivax,paper_replica_corrigido,51018,Alto Pantanal,MT,2016,2,158,136000,0,0.05345374376188264,-0.05345374376188264,0,0.7352941176470589,TRUE,157
P. vivax,paper_replica_corrigido,51018,Alto Pantanal,MT,2016,3,159,136000,0,0.05389588435315299,-0.05389588435315299,0,0.7352941176470589,TRUE,157
P. vivax,paper_replica_corrigido,51019,Primavera do Leste,MT,2016,1,157,97184,0,0.07873290156061125,-0.07873290156061125,0,1.0289759631215014,TRUE,157
P. vivax,paper_replica_corrigido,51019,Primavera do Leste,MT,2016,2,158,97184,0,0.07207026208335408,-0.07207026208335408,0,1.0289759631215014,TRUE,157
P. vivax,paper_replica_corrigido,51019,Primavera do Leste,MT,2016,3,159,97184,0,0.0726669460869171,-0.0726669460869171,0,1.5691883437602665,TRUE,157
P. vivax,paper_replica_corrigido,51020,Tesouro,MT,2016,1,157,54436,0,0.02096676511038294,-0.02096676511038294,0,0,TRUE,157
P. vivax,paper_replica_corrigido,51020,Tesouro,MT,2016,2,158,54436,0,0.0191969288378264,-0.0191969288378264,0,0,TRUE,157
P. vivax,paper_replica_corrigido,51020,Tesouro,MT,2016,3,159,54436,0,0.01936024453045057,-0.01936024453045057,0,0,TRUE,157
P. vivax,paper_replica_corrigido,51021,Rondonópolis,MT,2016,1,157,302259,0,0.06540407276107633,-0.06540407276107633,0,0.992526277133187,TRUE,157
P. vivax,paper_replica_corrigido,51021,Rondonópolis,MT,2016,2,158,302259,0.33084209237772905,0.05986639789048448,0.27097569448724457,0,0.6616841847554581,TRUE,157
P. vivax,paper_replica_corrigido,51021,Rondonópolis,MT,2016,3,159,302259,0,0.06035943261248145,-0.06035943261248145,0,0.8353762832537583,TRUE,157
P. vivax,paper_replica_corrigido,51022,Alto Araguaia,MT,2016,1,157,39187,0,0.00960784782988472,-0.00960784782988472,0,0,TRUE,157
P. vivax,paper_replica_corrigido,51022,Alto Araguaia,MT,2016,2,158,39187,0,0.00880155318655167,-0.00880155318655167,0,0,TRUE,157
P. vivax,paper_replica_corrigido,51022,Alto Araguaia,MT,2016,3,159,39187,0,0.00888088369241129,-0.00888088369241129,0,0,TRUE,157
P. vivax,paper_replica_corrigido,11001,Porto Velho,RO,2017,1,169,659874,50.161091359865665,364.95761225464275,-314.7965208947771,123.3909035613055,2821.788914494419,FALSE,169
P. vivax,paper_replica_corrigido,11001,Porto Velho,RO,2017,2,170,659874,39.85609373910777,334.83407139750324,-294.97797765839545,106.17187855010079,2857.413648378355,FALSE,169
P. vivax,paper_replica_corrigido,11001,Porto Velho,RO,2017,3,171,659874,49.55491502923286,336.40712685163226,-286.8522118223994,138.3818690773895,2735.306300830549,FALSE,169
P. vivax,paper_replica_corrigido,11002,Guajará-Mirim,RO,2017,1,169,84545,22.47323910343604,155.50540348658885,-133.0321643831528,30.243498446328704,1359.6342770277622,FALSE,169
P. vivax,paper_replica_corrigido,11002,Guajará-Mirim,RO,2017,2,170,84545,29.570051451889523,142.6701928838491,-113.10014143195957,26.274039275248075,1081.5831131868301,TRUE,169
P. vivax,paper_replica_corrigido,11002,Guajará-Mirim,RO,2017,3,171,84545,21.29043704536046,143.34064449554958,-122.05020745018912,18.713164663665896,1686.4530821134042,TRUE,169
P. vivax,paper_replica_corrigido,11003,Ariquemes,RO,2017,1,169,204494,78.24190440795329,256.5614113531767,-178.31950694522342,67.12936928798752,2509.263001708953,TRUE,169
P. vivax,paper_replica_corrigido,11003,Ariquemes,RO,2017,2,170,204494,49.879214060070225,235.38496133629968,-185.50574727622944,53.14082784148023,2403.2939391309365,FALSE,169
P. vivax,paper_replica_corrigido,11003,Ariquemes,RO,2017,3,171,204494,56.23636879321642,236.49087961504003,-180.2545108218236,67.12936928798752,1747.0047152886611,FALSE,169
P. vivax,paper_replica_corrigido,11004,Ji-Paraná,RO,2017,1,169,317627,11.019214361499492,36.92699706883784,-25.90778270733835,6.037592623135455,293.9301342029776,TRUE,169
P. vivax,paper_replica_corrigido,11004,Ji-Paraná,RO,2017,2,170,317627,8.18570209711391,33.87908671202986,-25.69338461491595,4.02506174875697,332.1682208161689,TRUE,169
P. vivax,paper_replica_corrigido,11004,Ji-Paraná,RO,2017,3,171,317627,7.241198008985382,34.03829794636488,-26.797099937379496,8.05012349751394,298.0558224954535,FALSE,169
P. vivax,paper_replica_corrigido,11005,Alvorada D'Oeste,RO,2017,1,169,75328,2.655055225148683,23.14685138081014,-20.491796155661458,0,225.09140917800275,TRUE,169
P. vivax,paper_replica_corrigido,11005,Alvorada D'Oeste,RO,2017,2,170,75328,7.965165675446049,21.236437045866243,-13.271271370420195,0,225.09140917800275,TRUE,169
P. vivax,paper_replica_corrigido,11005,Alvorada D'Oeste,RO,2017,3,171,75328,7.965165675446049,21.33634258078513,-13.37117690533908,0,225.09140917800275,TRUE,169
P. vivax,paper_replica_corrigido,11006,Cacoal,RO,2017,1,169,250643,1.196921517856074,18.204095559703504,-17.00717404184743,0,188.85541733015364,TRUE,169
P. vivax,paper_replica_corrigido,11006,Cacoal,RO,2017,2,170,250643,3.191790714282865,16.701582987597824,-13.50979227331496,0,184.00970101783346,TRUE,169
P. vivax,paper_replica_corrigido,11006,Cacoal,RO,2017,3,171,250643,2.3938430357121483,16.78009646742543,-14.386253431713282,0,168.32488242795608,TRUE,169
P. vivax,paper_replica_corrigido,11007,Vilhena,RO,2017,1,169,159583,0.6266331626802354,1.760438664056198,-1.1338055013759627,0,13.488278826692053,TRUE,169
P. vivax,paper_replica_corrigido,11007,Vilhena,RO,2017,2,170,159583,3.759798976081412,1.6151421906489958,2.1446567854324163,0,16.29246222968612,TRUE,169
P. vivax,paper_replica_corrigido,11007,Vilhena,RO,2017,3,171,159583,4.386432138761648,1.622739961681029,2.7636921770806184,0,15.697160725139868,TRUE,169
P. vivax,paper_replica_corrigido,11008,Colorado do Oeste,RO,2017,1,169,53694,0,1.6664104313928076,-1.6664104313928076,0,15.877006741907806,TRUE,169
P. vivax,paper_replica_corrigido,11008,Colorado do Oeste,RO,2017,2,170,53694,3.724810965843483,1.5288833278366734,2.19592763800681,0,14.899243863373933,TRUE,169
P. vivax,paper_replica_corrigido,11008,Colorado do Oeste,RO,2017,3,171,53694,1.8624054829217416,1.5360858289215713,0.32631965400017027,0,19.601817707751287,TRUE,169
P. vivax,paper_replica_corrigido,12001,Cruzeiro do Sul,AC,2017,1,169,147727,2200.00406154596,1356.006504435469,843.9975571104912,527.4773207200757,12691.043756685034,TRUE,169
P. vivax,paper_replica_corrigido,12001,Cruzeiro do Sul,AC,2017,2,170,147727,1350.4640316259045,1244.08196704904,106.38206457686442,339.5716385849708,12142.688026838856,TRUE,169
P. vivax,paper_replica_corrigido,12001,Cruzeiro do Sul,AC,2017,3,171,147727,1402.587204776378,1249.9267005309803,152.66050424539776,417.4600042368278,12436.500250603363,TRUE,169
P. vivax,paper_replica_corrigido,12002,Tarauacá,AC,2017,1,169,80242,34.89444430597443,109.755456509803,-74.86101220382857,3.7840061117270647,1020.8850173006764,TRUE,169
P. vivax,paper_replica_corrigido,12002,Tarauacá,AC,2017,2,170,80242,27.417063383265624,100.69638773251589,-73.27932434925026,7.96632865626748,689.2865869835435,TRUE,169
P. vivax,paper_replica_corrigido,12002,Tarauacá,AC,2017,3,171,80242,26.17083322948082,101.16959545726591,-74.9987622277851,7.96632865626748,824.7141741400907,TRUE,169
P. vivax,paper_replica_corrigido,12003,Sena Madureira,AC,2017,1,169,58255,5.149772551712299,0.4061071013661519,4.743665450346148,0,5.149772551712299,TRUE,169
P. vivax,paper_replica_corrigido,12003,Sena Madureira,AC,2017,2,170,58255,0,0.3725999292386184,-0.3725999292386184,0,5.149772551712299,TRUE,169
P. vivax,paper_replica_corrigido,12003,Sena Madureira,AC,2017,3,171,58255,0,0.37436157552435145,-0.37436157552435145,0,5.149772551712299,TRUE,169
P. vivax,paper_replica_corrigido,12004,Rio Branco,AC,2017,1,169,476130,18.272320584714254,38.94654753414335,-20.674226949429094,9.397935455135164,294.08825163533675,TRUE,169
P. vivax,paper_replica_corrigido,12004,Rio Branco,AC,2017,2,170,476130,13.651733770188814,35.73193571956419,-22.08020194937538,8.055373247258713,297.67960554140603,TRUE,169
P. vivax,paper_replica_corrigido,12004,Rio Branco,AC,2017,3,171,476130,12.391573729863694,35.899834517417176,-23.508260787553482,5.370248831505809,279.95778439743714,TRUE,169
P. vivax,paper_replica_corrigido,12005,Brasiléia,AC,2017,1,169,67265,4.459971753512228,1.0163779737255771,3.443593779786651,0,13.379915260536682,TRUE,169
P. vivax,paper_replica_corrigido,12005,Brasiléia,AC,2017,2,170,67265,0,0.9325020669568064,-0.9325020669568064,0,10.406600758195198,TRUE,169
P. vivax,paper_replica_corrigido,12005,Brasiléia,AC,2017,3,171,67265,5.94662900468297,0.936898245378066,5.0097307593049045,0,13.379915260536682,TRUE,169
P. vivax,paper_replica_corrigido,13001,Rio Negro,AM,2017,1,169,114647,1865.7269706141465,732.2355140182086,1133.491456595938,200.44543231050037,6854.5925826626,TRUE,169
P. vivax,paper_replica_corrigido,13001,Rio Negro,AM,2017,2,170,114647,2082.043141120134,671.7969768664723,1410.2461642536616,186.64564246436714,6672.546870146953,TRUE,169
P. vivax,paper_replica_corrigido,13001,Rio Negro,AM,2017,3,171,114647,2222.474203424425,674.9531662135184,1547.5210372109066,236.82669645030614,6329.224825793165,TRUE,169
P. vivax,paper_replica_corrigido,13002,Japurá,AM,2017,1,169,22736,593.7719915552428,197.47107970595627,396.30091184928654,0,1911.8544068641197,TRUE,169
P. vivax,paper_replica_corrigido,13002,Japurá,AM,2017,2,170,22736,316.6783954961295,181.17224458556842,135.50615091056108,0,1883.738900880824,TRUE,169
P. vivax,paper_replica_corrigido,13002,Japurá,AM,2017,3,171,22736,277.0935960591133,182.0239316311437,95.06966442796957,13.354865342065585,1814.153023572166,TRUE,169
P. vivax,paper_replica_corrigido,13003,Alto Solimões,AM,2017,1,169,250657,107.31796837909972,238.97144409802416,-131.65347571892443,52.216052610306136,2284.5001185988795,TRUE,169
P. vivax,paper_replica_corrigido,13003,Alto Solimões,AM,2017,2,170,250657,102.9295012706607,219.24686927825286,-116.31736800759217,57.316521729749965,1975.602957552571,TRUE,169
P. vivax,paper_replica_corrigido,13003,Alto Solimões,AM,2017,3,171,250657,117.29175726191568,220.2769591900718,-102.98520192815613,61.20562943332586,1393.8944544800033,TRUE,169
P. vivax,paper_replica_corrigido,13004,Juruá,AM,2017,1,169,149439,177.9990497795087,374.17953417503645,-196.18048439552774,104.69325728415183,3592.9357081030785,TRUE,169
P. vivax,paper_replica_corrigido,13004,Juruá,AM,2017,2,170,149439,211.45751778317577,343.2949341738016,-131.83741639062583,83.09158417751378,2642.1412744836966,TRUE,169
P. vivax,paper_replica_corrigido,13004,Juruá,AM,2017,3,171,149439,343.2838817176239,344.9078738231858,-1.6239921055619106,108.75693836361839,3623.948011077958,TRUE,169
P. vivax,paper_replica_corrigido,13005,Tefé,AM,2017,1,169,91357,94.136190987007,391.4917847025134,-297.3555937155064,118.95071476313427,3442.923482305894,FALSE,169
P. vivax,paper_replica_corrigido,13005,Tefé,AM,2017,2,170,91357,70.05483980428428,359.17828380973697,-289.1234440054527,90.96231128945563,3816.9185237229226,FALSE,169
P. vivax,paper_replica_corrigido,13005,Tefé,AM,2017,3,171,91357,55.824950469039045,360.865888845745,-305.040938376706,94.28593420195496,3081.1733674085963,FALSE,169
P. vivax,paper_replica_corrigido,13006,Coari,AM,2017,1,169,177551,75.47127304267507,189.0727836120661,-113.60151056939104,59.31468999327879,1506.9891571433486,TRUE,169
P. vivax,paper_replica_corrigido,13006,Coari,AM,2017,2,170,177551,65.8965592984551,173.4668486641795,-107.5702893657244,48.51383597325838,1651.1805583106209,TRUE,169
P. vivax,paper_replica_corrigido,13006,Coari,AM,2017,3,171,177551,86.17242369797974,174.2818878287002,-88.10946413072047,36.0028467334014,1770.620002348678,TRUE,169
P. vivax,paper_replica_corrigido,13007,Manaus,AM,2017,1,169,2409396,47.937325371171866,112.12031024671886,-64.18298487554699,34.86821899760752,1034.3663466726064,TRUE,169
P. vivax,paper_replica_corrigido,13007,Manaus,AM,2017,2,170,2409396,33.61838402653611,102.86591748405502,-69.2475334575189,31.69777793219828,1095.8914749628484,TRUE,169
P. vivax,paper_replica_corrigido,13007,Manaus,AM,2017,3,171,2409396,38.10083523007426,103.34917934908857,-65.24834411901432,37.78661663103863,1003.1461247167879,TRUE,169
P. vivax,paper_replica_corrigido,13008,Rio Preto da Eva,AM,2017,1,169,66575,306.4213293278258,408.7549642673376,-102.3336349395118,110.17967409411294,3664.2543029338417,TRUE,169
P. vivax,paper_replica_corrigido,13008,Rio Preto da Eva,AM,2017,2,170,66575,346.9770935035674,375.0166366651977,-28.03954316163032,96.01714518005485,2856.750111969581,TRUE,169
P. vivax,paper_replica_corrigido,13008,Rio Preto da Eva,AM,2017,3,171,66575,276.3800225309801,376.77870695531584,-100.39868442433573,85.93534493614912,3833.964607039588,TRUE,169
P. vivax,paper_replica_corrigido,13009,Itacoatiara,AM,2017,1,169,176769,12.445621121350465,58.18687453842563,-45.741253417075164,10.848635406143869,492.34723684882874,TRUE,169
P. vivax,paper_replica_corrigido,13009,Itacoatiara,AM,2017,2,170,176769,23.1941120897895,53.3842719330721,-30.1901598432826,7.232423604095912,517.2990982829599,TRUE,169
P. vivax,paper_replica_corrigido,13009,Itacoatiara,AM,2017,3,171,176769,39.033993516962816,53.63517353119426,-14.601180014231446,3.616211802047956,578.9555095078774,TRUE,169
P. vivax,paper_replica_corrigido,13010,Parintins,AM,2017,1,169,277360,6.489760599942312,25.576448747626216,-19.086688147683905,4.609418402337865,259.3374028615341,TRUE,169
P. vivax,paper_replica_corrigido,13010,Parintins,AM,2017,2,170,277360,3.244880299971156,23.46541982786885,-20.220539527897692,0,223.67202797344484,TRUE,169
P. vivax,paper_replica_corrigido,13010,Parintins,AM,2017,3,171,277360,7.210845111047014,23.575709207424197,-16.364864096377183,0,212.03324650754178,TRUE,169
P. vivax,paper_replica_corrigido,13011,Boca do Acre,AM,2017,1,169,53773,40.91272571736745,200.4785393509193,-159.56581363355184,11.88764145642265,2302.3389590726547,TRUE,169
P. vivax,paper_replica_corrigido,13011,Boca do Acre,AM,2017,2,170,53773,26.035370911052013,183.93129824626806,-157.89592733521604,23.7752829128453,2093.4136604760274,TRUE,169
P. vivax,paper_replica_corrigido,13011,Boca do Acre,AM,2017,3,171,53773,33.47404831420973,184.79568714436968,-151.32163883015994,11.88764145642265,1391.4484324742705,TRUE,169
P. vivax,paper_replica_corrigido,13012,Purus,AM,2017,1,169,78281,135.40961408259986,520.2348807473157,-384.82526666471585,97.99069670079051,4504.713986249252,TRUE,169
P. vivax,paper_replica_corrigido,13012,Purus,AM,2017,2,170,78281,169.90074219797907,477.2949737212718,-307.3942315232927,138.82015365945324,5416.231612851396,TRUE,169
P. vivax,paper_replica_corrigido,13012,Purus,AM,2017,3,171,78281,226.10850653415255,479.5375691202065,-253.42906258605396,122.48837087598814,4082.741548581474,TRUE,169
P. vivax,paper_replica_corrigido,13013,Madeira,AM,2017,1,169,195073,88.68474878635178,253.39059532686767,-164.7058465405159,65.37409674082264,2415.8923720386697,TRUE,169
P. vivax,paper_replica_corrigido,13013,Madeira,AM,2017,2,170,195073,62.54068989557755,232.47586624511882,-169.93517634954128,70.37136478742686,1757.6456711457986,FALSE,169
P. vivax,paper_replica_corrigido,13013,Madeira,AM,2017,3,171,195073,74.84377643241248,233.56811785012366,-158.72434141771117,68.4871489665761,1977.443542769393,TRUE,169
P. vivax,paper_replica_corrigido,14001,Boa Vista,RR,2017,1,169,371888,109.97934862109022,131.49411044925333,-21.514761828163103,42.97222174661559,1191.7915979206361,TRUE,169
P. vivax,paper_replica_corrigido,14001,Boa Vista,RR,2017,2,170,371888,101.37460740868218,120.64064532369186,-19.266037915009676,30.93999965756322,1161.023487150059,TRUE,169
P. vivax,paper_replica_corrigido,14001,Boa Vista,RR,2017,3,171,371888,140.3648410274061,121.20745356339937,19.15738746400673,21.44313865156118,1271.2472359301257,TRUE,169
P. vivax,paper_replica_corrigido,14002,Nordeste de Roraima,RR,2017,1,169,49185,89.4581681406933,322.0290884919996,-232.57092035130626,51.986105034967174,2984.3273421635827,TRUE,169
P. vivax,paper_replica_corrigido,14002,Nordeste de Roraima,RR,2017,2,170,49185,138.25353258107145,295.4492396370676,-157.19570705599614,45.16292874912775,3136.0617862343915,TRUE,169
P. vivax,paper_replica_corrigido,14002,Nordeste de Roraima,RR,2017,3,171,49185,107.75642980583513,296.8375891059197,-189.08115930008455,51.986105034967174,2631.796567395207,TRUE,169
P. vivax,paper_replica_corrigido,14003,Caracaraí,RR,2017,1,169,48518,356.5686961540047,400.99786118706265,-44.42916503305793,111.65978339393472,3854.0741164968426,TRUE,169
P. vivax,paper_replica_corrigido,14003,Caracaraí,RR,2017,2,170,48518,319.4690630281545,367.89979963973656,-48.43073661158206,92.2263697649018,3718.6989808776452,TRUE,169
P. vivax,paper_replica_corrigido,14003,Caracaraí,RR,2017,3,171,48518,465.80650480234135,369.6284651899704,96.17803961237092,78.39241430016658,3277.6593054662035,TRUE,169
P. vivax,paper_replica_corrigido,14004,Sudeste de Roraima,RR,2017,1,169,53045,884.1549627674616,402.5137728677365,481.6411898997251,90.07965362749945,3577.57821681122,TRUE,169
P. vivax,paper_replica_corrigido,14004,Sudeste de Roraima,RR,2017,2,170,53045,904.8920727684042,369.2905834587698,535.6014893096344,65.97807406161331,4017.733313633215,TRUE,169
P. vivax,paper_replica_corrigido,14004,Sudeste de Roraima,RR,2017,3,171,53045,1080.2149118672826,371.0257481221983,709.1891637450842,120.50789782943069,2815.9683025292197,TRUE,169
P. vivax,paper_replica_corrigido,15001,Óbidos,PA,2017,1,169,203396,4.424865779071369,14.74676107601588,-10.321895296944511,0,124.37654255852213,TRUE,169
P. vivax,paper_replica_corrigido,15001,Óbidos,PA,2017,2,170,203396,0,13.529639205775421,-13.529639205775421,0,141.4262644379913,TRUE,169
P. vivax,paper_replica_corrigido,15001,Óbidos,PA,2017,3,171,203396,0.983303506460304,13.593276509894256,-12.609973003433952,0,119.42662330319267,TRUE,169
P. vivax,paper_replica_corrigido,15002,Santarém,PA,2017,1,169,514081,5.641134373766002,26.597738753590516,-20.956604379824512,3.730350727042325,298.73892072397257,TRUE,169
P. vivax,paper_replica_corrigido,15002,Santarém,PA,2017,2,170,514081,2.528784374446829,24.402399261128007,-21.873614886681178,4.9738009693897665,229.57200099339622,FALSE,169
P. vivax,paper_replica_corrigido,15002,Santarém,PA,2017,3,171,514081,2.917828124361725,24.51707735431172,-21.599249229949994,4.9738009693897665,216.14273837604367,FALSE,169
P. vivax,paper_replica_corrigido,15003,Almeirim,PA,2017,1,169,73186,4.099144645150712,51.42326448368943,-47.32411983853872,0,451.34895189068015,TRUE,169
P. vivax,paper_replica_corrigido,15003,Almeirim,PA,2017,2,170,73186,1.3663815483835706,47.17900447396457,-45.812622925580996,0,480.3907567293175,TRUE,169
P. vivax,paper_replica_corrigido,15003,Almeirim,PA,2017,3,171,73186,10.931052387068563,47.40081568786207,-36.46976330079351,0,441.304417886341,TRUE,169
P. vivax,paper_replica_corrigido,15004,Portel,PA,2017,1,169,149485,103.02036993678296,79.18505072879354,23.835319207989414,12.828728180811755,731.6651305789635,TRUE,169
P. vivax,paper_replica_corrigido,15004,Portel,PA,2017,2,170,149485,82.28250326119677,72.64931548468492,9.633187776511846,17.104970907749006,716.377562830163,TRUE,169
P. vivax,paper_replica_corrigido,15004,Portel,PA,2017,3,171,149485,75.59286884971736,72.99076290938905,2.6021059403283147,8.552485453874503,818.0452336630952,TRUE,169
P. vivax,paper_replica_corrigido,15005,Furos de Breves,PA,2017,1,169,225900,704.2939353696325,377.7839327007869,326.51000266884563,135.82664415112143,3463.225710634441,TRUE,169
P. vivax,paper_replica_corrigido,15005,Furos de Breves,PA,2017,2,170,225900,595.3961930057548,346.60178901831637,248.7944039874384,76.26100124734837,3487.349088580031,TRUE,169
P. vivax,paper_replica_corrigido,15005,Furos de Breves,PA,2017,3,171,225900,679.061531651173,348.2301764177355,330.83135523343753,114.39150187102257,4512.345050614205,TRUE,169
P. vivax,paper_replica_corrigido,15006,Arari,PA,2017,1,169,173249,39.2498658000912,27.23437748764296,12.015488312448241,0,195.55327669377257,TRUE,169
P. vivax,paper_replica_corrigido,15006,Arari,PA,2017,2,170,173249,30.59180716771814,24.98657242235909,5.605234745359052,0,241.76657462942347,TRUE,169
P. vivax,paper_replica_corrigido,15006,Arari,PA,2017,3,171,173249,35.2094384383171,25.104046979187203,10.105391459129898,0,219.62846783390202,TRUE,169
P. vivax,paper_replica_corrigido,15007,Belém,PA,2017,1,169,2298862,1.1309943789579366,0.4101204551380655,0.7208739238198711,0,3.89866812361942,TRUE,169
P. vivax,paper_replica_corrigido,15007,Belém,PA,2017,2,170,2298862,0.6959965408971918,0.3762700886215225,0.31972645227566926,0.04349978380607448,2.9373229015051785,TRUE,169
P. vivax,paper_replica_corrigido,15007,Belém,PA,2017,3,171,2298862,1.0439948113457875,0.37803874428510453,0.665956067060683,0,3.289671150334378,TRUE,169
P. vivax,paper_replica_corrigido,15008,Castanhal,PA,2017,1,169,334419,0.8970782162496749,0.5263432858840269,0.370734930365648,0,5.539457985341736,TRUE,169
P. vivax,paper_replica_corrigido,15008,Castanhal,PA,2017,2,170,334419,0.29902607208322496,0.48290370931081267,-0.1838776372275877,0,5.0834432254148245,TRUE,169
P. vivax,paper_replica_corrigido,15008,Castanhal,PA,2017,3,171,334419,0.5980521441664499,0.48517682299382014,0.11287532117262977,0,4.642379769092061,TRUE,169
P. vivax,paper_replica_corrigido,15009,Salgado,PA,2017,1,169,264414,1.134584401733645,15.840277118296408,-14.705692716562762,0,124.5642790149764,TRUE,169
P. vivax,paper_replica_corrigido,15009,Salgado,PA,2017,2,170,264414,0,14.532887383649685,-14.532887383649685,0,147.71232310169918,TRUE,169
P. vivax,paper_replica_corrigido,15009,Salgado,PA,2017,3,171,264414,0.3781948005778816,14.601238356950933,-14.223043556373051,0,130.66859351304166,TRUE,169
P. vivax,paper_replica_corrigido,15010,Bragantina,PA,2017,1,169,412502,0,1.3888404925536386,-1.3888404925536386,0,14.81204939612412,TRUE,169
P. vivax,paper_replica_corrigido,15010,Bragantina,PA,2017,2,170,412502,0.24242306703967495,1.2742131651171331,-1.0317900980774581,0,10.921159170137347,TRUE,169
P. vivax,paper_replica_corrigido,15010,Bragantina,PA,2017,3,171,412502,0,1.2802073497582591,-1.2802073497582591,0,12.87266485980672,TRUE,169
P. vivax,paper_replica_corrigido,15011,Cametá,PA,2017,1,169,484618,23.93637875605116,13.143707518540037,10.792671237511122,0,151.8223631366732,TRUE,169
P. vivax,paper_replica_corrigido,15011,Cametá,PA,2017,2,170,484618,23.11098638515284,1.8864560048069532,21.22453038034589,0,17.854268722994192,FALSE,169
P. vivax,paper_replica_corrigido,15011,Cametá,PA,2017,3,171,484618,19.396720716110423,1.895324907788648,17.501395808321774,0,19.42767293001908,TRUE,169
P. vivax,paper_replica_corrigido,15012,Tomé-Açu,PA,2017,1,169,331346,1.2071973103643925,19.241642432188385,-18.034445121823993,0,173.6283913590608,TRUE,169
P. vivax,paper_replica_corrigido,15012,Tomé-Açu,PA,2017,2,170,331346,0.6035986551821962,17.653500290815966,-17.04990163563377,0,148.7416552642619,TRUE,169
P. vivax,paper_replica_corrigido,15012,Tomé-Açu,PA,2017,3,171,331346,0,17.736498550694982,-17.736498550694982,0,182.74388190541111,TRUE,169
P. vivax,paper_replica_corrigido,15013,Guamá,PA,2017,1,169,470473,1.0627602434146062,26.35350170450871,-25.290741461094104,5.434821076118843,197.7255842755486,FALSE,169
P. vivax,paper_replica_corrigido,15013,Guamá,PA,2017,2,170,470473,0.4251040973658425,24.17835919306532,-23.753255095699476,4.721500809878247,251.4284100339479,FALSE,169
P. vivax,paper_replica_corrigido,15013,Guamá,PA,2017,3,171,470473,0,24.292022538434598,-24.292022538434598,3.3627955408485364,200.5109300770595,FALSE,169
P. vivax,paper_replica_corrigido,15014,Itaituba,PA,2017,1,169,215162,115.72675472434724,294.1103303160815,-178.38357559173426,62.389813372066264,3381.082243241904,TRUE,169
P. vivax,paper_replica_corrigido,15014,Itaituba,PA,2017,2,170,215162,114.33245647465633,269.8345523744258,-155.50209589976947,78.65572900121211,2310.279934450143,TRUE,169
P. vivax,paper_replica_corrigido,15014,Itaituba,PA,2017,3,171,215162,92.95321664606205,271.10227419027257,-178.1490575442105,62.24126619737086,3029.0997128011636,TRUE,169
P. vivax,paper_replica_corrigido,15015,Altamira,PA,2017,1,169,300663,30.931641073228164,134.80281984471878,-103.87117877149062,32.901116462486,1314.9816175798112,FALSE,169
P. vivax,paper_replica_corrigido,15015,Altamira,PA,2017,2,170,300663,16.297316264389035,123.67630961299125,-107.37899334860221,23.386900231815574,1032.1064288668056,FALSE,169
P. vivax,paper_replica_corrigido,15015,Altamira,PA,2017,3,171,300663,11.308341897739329,124.25739934140552,-112.94905744366619,30.775034623230045,1632.6713964106298,FALSE,169
P. vivax,paper_replica_corrigido,15016,Tucuruí,PA,2017,1,169,374094,44.3738739461205,99.4875504576329,-55.11367651151241,24.73419577679464,855.6152110767163,TRUE,169
P. vivax,paper_replica_corrigido,15016,Tucuruí,PA,2017,2,170,374094,23.25618694766556,91.27594270455367,-68.01975575688812,23.922538229715016,947.8878585341886,FALSE,169
P. vivax,paper_replica_corrigido,15016,Tucuruí,PA,2017,3,171,374094,26.463936871481497,91.70482245911363,-65.24088558763214,20.41959513179247,901.8369724419886,TRUE,169
P. vivax,paper_replica_corrigido,15017,Paragominas,PA,2017,1,169,339647,1.1776933109964167,44.49909298494665,-43.32139967395023,7.528217755919705,445.05882345777644,FALSE,169
P. vivax,paper_replica_corrigido,15017,Paragominas,PA,2017,2,170,339647,0.2944233277491042,40.82623662822722,-40.53181330047812,7.434115033970715,380.36320211784124,FALSE,169
P. vivax,paper_replica_corrigido,15017,Paragominas,PA,2017,3,171,339647,1.7665399664946253,41.01812080237273,-39.2515808358781,3.7641088779598526,385.397697742114,FALSE,169
P. vivax,paper_replica_corrigido,15018,São Félix do Xingu,PA,2017,1,169,211528,17.01902348625241,18.14336465611742,-1.1243411698650085,0,187.66518070727707,TRUE,169
P. vivax,paper_replica_corrigido,15018,São Félix do Xingu,PA,2017,2,170,211528,11.346015657501606,16.64589099132598,-5.2998753338243745,0,179.88357297263573,TRUE,169
P. vivax,paper_replica_corrigido,15018,São Félix do Xingu,PA,2017,3,171,211528,11.818766309897509,16.72417581719297,-4.905409507295463,0,214.71193380438075,TRUE,169
P. vivax,paper_replica_corrigido,15019,Parauapebas,PA,2017,1,169,315410,2.219333565834945,1.196492864889401,1.0228407009455438,0,12.047810785961133,TRUE,169
P. vivax,paper_replica_corrigido,15019,Parauapebas,PA,2017,2,170,315410,0.951142956786405,1.0977402858139238,-0.14659732902751876,0,12.214260803398744,TRUE,169
P. vivax,paper_replica_corrigido,15019,Parauapebas,PA,2017,3,171,315410,1.5852382613106748,1.1029028987782452,0.4823353625324296,0,11.310674994451617,TRUE,169
P. vivax,paper_replica_corrigido,15020,Marabá,PA,2017,1,169,324637,0.92410908183602,19.907170966693926,-18.983061884857907,2.9043835497907455,220.63469610444244,FALSE,169
P. vivax,paper_replica_corrigido,15020,Marabá,PA,2017,2,170,324637,1.2321454424480267,18.264098097600428,-17.031952655152402,0.9353099567122759,166.73130649391908,TRUE,169
P. vivax,paper_replica_corrigido,15020,Marabá,PA,2017,3,171,324637,0.92410908183602,18.349954023784154,-17.425844941948135,0,137.93360519514675,TRUE,169
P. vivax,paper_replica_corrigido,15021,Redenção,PA,2017,1,169,191626,12.002546627284396,1.0008219549496615,11.001724672334735,0,9.915147213843632,FALSE,169
P. vivax,paper_replica_corrigido,15021,Redenção,PA,2017,2,170,191626,2.609249266800956,0.918221764382408,1.6910275024185482,0,9.419389853151426,TRUE,169
P. vivax,paper_replica_corrigido,15021,Redenção,PA,2017,3,171,191626,3.6529489735213385,0.9225433579730504,2.730405615548288,0,10.189118386857722,TRUE,169
P. vivax,paper_replica_corrigido,15022,Conceição do Araguaia,PA,2017,1,169,157930,1.8995757614132844,1.525311187374353,0.37426457403893143,0,15.529031849553586,TRUE,169
P. vivax,paper_replica_corrigido,15022,Conceição do Araguaia,PA,2017,2,170,157930,0,1.399428349713555,-1.399428349713555,0,16.462989932248465,TRUE,169
P. vivax,paper_replica_corrigido,15022,Conceição do Araguaia,PA,2017,3,171,157930,0,1.4060182114524344,-1.4060182114524344,0,14.262648008611396,TRUE,169
P. vivax,paper_replica_corrigido,16001,Oiapoque,AP,2017,1,169,36039,499.4589195038708,1031.0938498565872,-531.6349303527164,195.1101746551893,8791.48709707677,TRUE,169
P. vivax,paper_replica_corrigido,16001,Oiapoque,AP,2017,2,170,36039,457.8373428785482,945.9878833905198,-488.15054051197154,248.3220404702409,8313.910601386686,TRUE,169
P. vivax,paper_replica_corrigido,16001,Oiapoque,AP,2017,3,171,36039,502.2336912788923,950.4324785761114,-448.1987872972191,228.8110230047221,7236.813750847022,TRUE,169
P. vivax,paper_replica_corrigido,16002,Amapá,AP,2017,1,169,29648,192.25580140313005,166.49560535722756,25.76019604590249,0,1639.697674512754,TRUE,169
P. vivax,paper_replica_corrigido,16002,Amapá,AP,2017,2,170,29648,118.05180787911496,152.75347593191634,-34.70166805280138,0,1338.9247283003542,TRUE,169
P. vivax,paper_replica_corrigido,16002,Amapá,AP,2017,3,171,29648,97.8143550998381,153.47143098648806,-55.65707588664996,0,1370.7268856955725,TRUE,169
P. vivax,paper_replica_corrigido,16003,Macapá,AP,2017,1,169,649103,107.84112844956807,103.46302423098183,4.378104218586245,26.54025660299829,978.3457485064421,TRUE,169
P. vivax,paper_replica_corrigido,16003,Macapá,AP,2017,2,170,649103,76.56720119919335,94.92321763834705,-18.356016439153706,22.08405396371936,951.8547317116132,TRUE,169
P. vivax,paper_replica_corrigido,16003,Macapá,AP,2017,3,171,649103,66.86149963873221,95.36917414268794,-28.507674503955727,29.962423270731836,1023.7202317340166,TRUE,169
P. vivax,paper_replica_corrigido,16004,Mazagão,AP,2017,1,169,82932,166.40138908985676,181.55880624626505,-15.157417156408286,46.247586748387725,1961.861169522231,TRUE,169
P. vivax,paper_replica_corrigido,16004,Mazagão,AP,2017,2,170,82932,97.67038055274202,166.57312714841822,-68.9027465956762,38.53965562365644,1613.6553809624925,TRUE,169
P. vivax,paper_replica_corrigido,16004,Mazagão,AP,2017,3,171,82932,110.93425939323782,167.35582479866176,-56.421565405423934,19.077129533709947,1649.304562414374,TRUE,169
P. vivax,paper_replica_corrigido,17001,Bico do Papagaio,TO,2017,1,169,214274,4.666921791724614,0.20493854785285223,4.461983243871762,0,3.0451664691003,FALSE,169
P. vivax,paper_replica_corrigido,17001,Bico do Papagaio,TO,2017,2,170,214274,5.133613970897075,0.18802706143795683,4.945586909459118,0,2.333460895862307,FALSE,169
P. vivax,paper_replica_corrigido,17001,Bico do Papagaio,TO,2017,3,171,214274,2.8001530750347685,0.18891433740842964,2.611238737626339,0,2.333460895862307,FALSE,169
P. vivax,paper_replica_corrigido,17002,Araguaína,TO,2017,1,169,314505,0,0.15915509408344283,-0.15915509408344283,0,2.0746887966804906,TRUE,169
P. vivax,paper_replica_corrigido,17002,Araguaína,TO,2017,2,170,314505,0.31795996883992306,0.1460215746434992,0.17193839419642384,0,1.907759813039538,TRUE,169
P. vivax,paper_replica_corrigido,17002,Araguaína,TO,2017,3,171,314505,0.31795996883992306,0.14671053710059043,0.17124943173933263,0,1.589799844199615,TRUE,169
P. vivax,paper_replica_corrigido,17003,Miracema do Tocantins,TO,2017,1,169,149576,0.6685564529068835,0.17660389309162972,0.49195255981525376,0,2.00566935872065,TRUE,169
P. vivax,paper_replica_corrigido,17003,Miracema do Tocantins,TO,2017,2,170,149576,0.6685564529068835,0.1620324280711346,0.5065240248357489,0,2.674225811627534,TRUE,169
P. vivax,paper_replica_corrigido,17003,Miracema do Tocantins,TO,2017,3,171,149576,0,0.16279890525974688,-0.16279890525974688,0,2.00566935872065,TRUE,169
P. vivax,paper_replica_corrigido,17004,Rio Formoso,TO,2017,1,169,126840,0,0.11821235104218024,-0.11821235104218024,0,1.576789656259855,TRUE,169
P. vivax,paper_replica_corrigido,17004,Rio Formoso,TO,2017,2,170,126840,0,0.10846008193016318,-0.10846008193016318,0,1.576789656259855,TRUE,169
P. vivax,paper_replica_corrigido,17004,Rio Formoso,TO,2017,3,171,126840,0,0.10897425105813184,-0.10897425105813184,0,1.576789656259855,TRUE,169
P. vivax,paper_replica_corrigido,17005,Gurupi,TO,2017,1,169,149665,0,0.02885076875960053,-0.02885076875960053,0,0.66815888818361,TRUE,169
P. vivax,paper_replica_corrigido,17005,Gurupi,TO,2017,2,170,149665,0,0.0264723997346063,-0.0264723997346063,0,0.66815888818361,TRUE,169
P. vivax,paper_replica_corrigido,17005,Gurupi,TO,2017,3,171,149665,0,0.02659979061616555,-0.02659979061616555,0,0.66815888818361,TRUE,169
P. vivax,paper_replica_corrigido,17006,Porto Nacional,TO,2017,1,169,391361,0,0.08550630790245682,-0.08550630790245682,0,1.0220742485837884,TRUE,169
P. vivax,paper_replica_corrigido,17006,Porto Nacional,TO,2017,2,170,391361,0,0.07845103913554219,-0.07845103913554219,0,1.0220742485837884,TRUE,169
P. vivax,paper_replica_corrigido,17006,Porto Nacional,TO,2017,3,171,391361,0.5110371242918942,0.07882189046345907,0.43221523382843513,0,1.0220742485837884,TRUE,169
P. vivax,paper_replica_corrigido,17007,Jalapão,TO,2017,1,169,79352,0,0.0050229589356416,-0.0050229589356416,0,0,TRUE,169
P. vivax,paper_replica_corrigido,17007,Jalapão,TO,2017,2,170,79352,0,0.00461124099642329,-0.00461124099642329,0,0,TRUE,169
P. vivax,paper_replica_corrigido,17007,Jalapão,TO,2017,3,171,79352,0,0.00463564585828089,-0.00463564585828089,0,0,TRUE,169
P. vivax,paper_replica_corrigido,17008,Dianópolis,TO,2017,1,169,124621,0,0.00869375471246075,-0.00869375471246075,0,0,TRUE,169
P. vivax,paper_replica_corrigido,17008,Dianópolis,TO,2017,2,170,124621,0,0.00797859105786431,-0.00797859105786431,0,0,TRUE,169
P. vivax,paper_replica_corrigido,17008,Dianópolis,TO,2017,3,171,124621,0,0.00801841434674225,-0.00801841434674225,0,0,TRUE,169
P. vivax,paper_replica_corrigido,21001,Litoral Ocidental Maranhense,MA,2017,1,169,188098,0.5316377632936022,1.047139799956481,-0.5155020366628789,0,11.443502854894778,TRUE,169
P. vivax,paper_replica_corrigido,21001,Litoral Ocidental Maranhense,MA,2017,2,170,188098,0,0.9607175212895596,-0.9607175212895596,0,8.506204212697636,TRUE,169
P. vivax,paper_replica_corrigido,21001,Litoral Ocidental Maranhense,MA,2017,3,171,188098,0.5316377632936022,0.96524023652315,-0.4336024732295478,0,11.164393029165648,TRUE,169
P. vivax,paper_replica_corrigido,21002,Aglomeração Urbana de São Luís,MA,2017,1,169,1421569,0.14068961830203106,0.10340118254087266,0.037288435761158395,0,1.0921031620695143,TRUE,169
P. vivax,paper_replica_corrigido,21002,Aglomeração Urbana de São Luís,MA,2017,2,170,1421569,0.14068961830203106,0.09486749151024504,0.045822126791786016,0,1.3400686143268428,TRUE,169
P. vivax,paper_replica_corrigido,21002,Aglomeração Urbana de São Luís,MA,2017,3,171,1421569,0.14068961830203106,0.09531425142904436,0.0453753668729867,0,1.303137589522561,TRUE,169
P. vivax,paper_replica_corrigido,21003,Rosário,MA,2017,1,169,176135,0,0.5094691121918762,-0.5094691121918762,0,5.677463309393363,TRUE,169
P. vivax,paper_replica_corrigido,21003,Rosário,MA,2017,2,170,176135,0,0.4674248792468555,-0.4674248792468555,0,5.138104295000968,TRUE,169
P. vivax,paper_replica_corrigido,21003,Rosário,MA,2017,3,171,176135,0,0.4696278331059363,-0.4696278331059363,0,5.109716978454027,TRUE,169
P. vivax,paper_replica_corrigido,21004,Lençóis Maranhenses,MA,2017,1,169,196569,0,0.16551636656441163,-0.16551636656441163,0,2.034908861519365,TRUE,169
P. vivax,paper_replica_corrigido,21004,Lençóis Maranhenses,MA,2017,2,170,196569,0,0.15185961663854228,-0.15185961663854228,0,2.034908861519365,TRUE,169
P. vivax,paper_replica_corrigido,21004,Lençóis Maranhenses,MA,2017,3,171,196569,0,0.15257778317107476,-0.15257778317107476,0,2.034908861519365,TRUE,169
P. vivax,paper_replica_corrigido,21005,Baixada Maranhense,MA,2017,1,169,599144,1.168333489111132,0.9949837737258038,0.17334971538532828,0,10.398168053089028,TRUE,169
P. vivax,paper_replica_corrigido,21005,Baixada Maranhense,MA,2017,2,170,599144,1.168333489111132,0.91286128273587,0.25547220637526213,0,10.848810970317654,TRUE,169
P. vivax,paper_replica_corrigido,21005,Baixada Maranhense,MA,2017,3,171,599144,1.0014287049523989,0.9171530468951772,0.0842756580572217,0,11.937864686953382,TRUE,169
P. vivax,paper_replica_corrigido,21006,Itapecuru Mirim,MA,2017,1,169,235736,0,0.22465446506847775,-0.22465446506847775,0,2.545220076695965,TRUE,169
P. vivax,paper_replica_corrigido,21006,Itapecuru Mirim,MA,2017,2,170,235736,0,0.20611619362316777,-0.20611619362316777,0,3.192130179522846,TRUE,169
P. vivax,paper_replica_corrigido,21006,Itapecuru Mirim,MA,2017,3,171,235736,0,0.20708935994079947,-0.20708935994079947,0,2.545220076695965,TRUE,169
P. vivax,paper_replica_corrigido,21007,Gurupi,MA,2017,1,169,240034,11.66501412299924,35.45381302977503,-23.78879890677579,1.2649717057466987,375.6300191485711,TRUE,169
P. vivax,paper_replica_corrigido,21007,Gurupi,MA,2017,2,170,240034,9.998583533999351,32.52752668634288,-22.52894315234353,0,318.3068276407867,TRUE,169
P. vivax,paper_replica_corrigido,21007,Gurupi,MA,2017,3,171,240034,6.665722355999566,32.68040594046312,-26.01468358446355,5.326196655775558,283.08735225447015,TRUE,169
P. vivax,paper_replica_corrigido,21008,Pindaré,MA,2017,1,169,658029,5.926790460602801,1.585806024295896,4.340984436306905,0.376123240769024,14.22049788079248,TRUE,169
P. vivax,paper_replica_corrigido,21008,Pindaré,MA,2017,2,170,658029,3.6472556680632615,1.4549166505033166,2.192339017559945,0,11.13172823690138,TRUE,169
P. vivax,paper_replica_corrigido,21008,Pindaré,MA,2017,3,171,658029,6.382697419110708,1.4617545752486991,4.920942843862009,0,10.732809648206976,TRUE,169
P. vivax,paper_replica_corrigido,21009,Imperatriz,MA,2017,1,169,592084,1.5200545868491633,0.4357603609234876,1.0842942259256758,0,6.080218347396653,TRUE,169
P. vivax,paper_replica_corrigido,21009,Imperatriz,MA,2017,2,170,592084,0.6755798163774059,0.39979502316560545,0.2757847932118005,0,4.56016376054749,TRUE,169
P. vivax,paper_replica_corrigido,21009,Imperatriz,MA,2017,3,171,592084,1.5200545868491633,0.4016755405311456,1.1183790463180177,0,3.884583944170084,TRUE,169
P. vivax,paper_replica_corrigido,21010,Médio Mearim,MA,2017,1,169,416725,2.159697642330074,0.46479020395178855,1.6949074383782854,0,4.445377647129397,TRUE,169
P. vivax,paper_replica_corrigido,21010,Médio Mearim,MA,2017,2,170,416725,2.639630451736757,0.4264294671053861,2.2132009846313707,0,4.331393604895304,TRUE,169
P. vivax,paper_replica_corrigido,21010,Médio Mearim,MA,2017,3,171,416725,1.1998320235167077,0.4284358649982896,0.7713961585184181,0,4.685344051832738,TRUE,169
P. vivax,paper_replica_corrigido,21011,Alto Mearim e Grajaú,MA,2017,1,169,332957,1.2013563312980355,0.5494349562782125,0.6519213750198231,0,5.879137546289741,TRUE,169
P. vivax,paper_replica_corrigido,21011,Alto Mearim e Grajaú,MA,2017,2,170,332957,1.5016954141225445,0.5040885442840494,0.9976068698384951,0,7.223154941929424,TRUE,169
P. vivax,paper_replica_corrigido,21011,Alto Mearim e Grajaú,MA,2017,3,171,332957,3.904408076718615,0.5064605267574546,3.3979475499611604,0,5.864120592148529,TRUE,169
P. vivax,paper_replica_corrigido,21012,Presidente Dutra,MA,2017,1,169,196340,1.5279616990934093,0.299206045922543,1.2287556531708663,0,4.074564530915758,TRUE,169
P. vivax,paper_replica_corrigido,21012,Presidente Dutra,MA,2017,2,170,196340,1.5279616990934093,0.27451437980004184,1.2534473192933675,0,3.0559233981868186,TRUE,169
P. vivax,paper_replica_corrigido,21012,Presidente Dutra,MA,2017,3,171,196340,0,0.2758088681255748,-0.2758088681255748,0,2.8139961291636837,TRUE,169
P. vivax,paper_replica_corrigido,21013,Baixo Parnaíba Maranhense,MA,2017,1,169,145247,0,0.2416157442281485,-0.2416157442281485,0,3.442411891467638,TRUE,169
P. vivax,paper_replica_corrigido,21013,Baixo Parnaíba Maranhense,MA,2017,2,170,145247,0,0.22167848161250508,-0.22167848161250508,0,3.442411891467638,TRUE,169
P. vivax,paper_replica_corrigido,21013,Baixo Parnaíba Maranhense,MA,2017,3,171,145247,0.6884823782935275,0.222725268317597,0.46575710997593056,0,2.75392951317411,TRUE,169
P. vivax,paper_replica_corrigido,21014,Chapadinha,MA,2017,1,169,242977,1.2346847644015688,0.14496339655201712,1.0897213678495516,0,2.0578079406692815,TRUE,169
P. vivax,paper_replica_corrigido,21014,Chapadinha,MA,2017,2,170,242977,0,0.1330017754681256,-0.1330017754681256,0,2.0578079406692815,TRUE,169
P. vivax,paper_replica_corrigido,21014,Chapadinha,MA,2017,3,171,242977,0.4115615881338563,0.1336299736174185,0.2779316145164378,0,1.6462463525354252,TRUE,169
P. vivax,paper_replica_corrigido,21015,Codó,MA,2017,1,169,274452,0.7287248772098581,0.27010463760711434,0.4586202396027438,0,3.279261947444362,TRUE,169
P. vivax,paper_replica_corrigido,21015,Codó,MA,2017,2,170,274452,0,0.24781395817090995,-0.24781395817090995,0,2.9148995088394325,TRUE,169
P. vivax,paper_replica_corrigido,21015,Codó,MA,2017,3,171,274452,0.36436243860492906,0.24898228263701017,0.1153801559679189,0,2.741827350502083,TRUE,169
P. vivax,paper_replica_corrigido,21016,Coelho Neto,MA,2017,1,169,92837,0,0.03313352982653701,-0.03313352982653701,0,1.077156737076812,TRUE,169
P. vivax,paper_replica_corrigido,21016,Coelho Neto,MA,2017,2,170,92837,0,0.03040314761495143,-0.03040314761495143,0,1.077156737076812,TRUE,169
P. vivax,paper_replica_corrigido,21016,Coelho Neto,MA,2017,3,171,92837,0,0.03055015815301549,-0.03055015815301549,0,1.077156737076812,TRUE,169
P. vivax,paper_replica_corrigido,21017,Caxias,MA,2017,1,169,439865,0.2273424800791152,0.08150329775491298,0.14583918232420223,0,1.136712400395576,TRUE,169
P. vivax,paper_replica_corrigido,21017,Caxias,MA,2017,2,170,439865,0,0.07477775134649524,-0.07477775134649524,0,1.136712400395576,TRUE,169
P. vivax,paper_replica_corrigido,21017,Caxias,MA,2017,3,171,439865,0,0.07513069998406122,-0.07513069998406122,0,1.136712400395576,TRUE,169
P. vivax,paper_replica_corrigido,21018,Chapadas do Alto Itapecuru,MA,2017,1,169,218371,0.45793626443071656,0.07633531985526264,0.3816009445754539,0,1.3738087932921497,TRUE,169
P. vivax,paper_replica_corrigido,21018,Chapadas do Alto Itapecuru,MA,2017,2,170,218371,0,0.07003732402142968,-0.07003732402142968,0,1.1562890676875488,TRUE,169
P. vivax,paper_replica_corrigido,21018,Chapadas do Alto Itapecuru,MA,2017,3,171,218371,0,0.07036923252026459,-0.07036923252026459,0,0.9158725288614332,TRUE,169
P. vivax,paper_replica_corrigido,21019,Porto Franco,MA,2017,1,169,119470,0,0.16243269101797542,-0.16243269101797542,0,2.5110906503724784,TRUE,169
P. vivax,paper_replica_corrigido,21019,Porto Franco,MA,2017,2,170,119470,0,0.1490311581918928,-0.1490311581918928,0,2.5110906503724784,TRUE,169
P. vivax,paper_replica_corrigido,21019,Porto Franco,MA,2017,3,171,119470,0,0.14973688019616846,-0.14973688019616846,0,2.5110906503724784,TRUE,169
P. vivax,paper_replica_corrigido,21020,Gerais de Balsas,MA,2017,1,169,142308,0,0.01817559423864429,-0.01817559423864429,0,0.7027011833487927,TRUE,169
P. vivax,paper_replica_corrigido,21020,Gerais de Balsas,MA,2017,2,170,142308,0,0.01667804160521062,-0.01667804160521062,0,0.7027011833487927,TRUE,169
P. vivax,paper_replica_corrigido,21020,Gerais de Balsas,MA,2017,3,171,142308,0,0.01675900921124378,-0.01675900921124378,0,0.7027011833487927,TRUE,169
P. vivax,paper_replica_corrigido,21021,Chapadas das Mangabeiras,MA,2017,1,169,71282,0,0.01267528807796044,-0.01267528807796044,0,0,TRUE,169
P. vivax,paper_replica_corrigido,21021,Chapadas das Mangabeiras,MA,2017,2,170,71282,0,0.01163322840986678,-0.01163322840986678,0,0,TRUE,169
P. vivax,paper_replica_corrigido,21021,Chapadas das Mangabeiras,MA,2017,3,171,71282,0,0.01169184524262787,-0.01169184524262787,0,0,TRUE,169
P. vivax,paper_replica_corrigido,51001,Aripuanã,MT,2017,1,169,161895,15.442107538836902,86.27638388004421,-70.8342763412073,23.690693747288623,704.008449190259,FALSE,169
P. vivax,paper_replica_corrigido,51001,Aripuanã,MT,2017,2,170,161895,9.882948824855616,79.15521610338695,-69.27226727853133,13.720860128638,629.8763200060359,FALSE,169
P. vivax,paper_replica_corrigido,51001,Aripuanã,MT,2017,3,171,161895,12.971370332622996,79.52716982417196,-66.55579949154897,15.793795831525747,809.8268812614823,FALSE,169
P. vivax,paper_replica_corrigido,51002,Alta Floresta,MT,2017,1,169,104198,7.677690550682355,1.5327713743368414,6.144919176345514,0,20.15393769554118,TRUE,169
P. vivax,paper_replica_corrigido,51002,Alta Floresta,MT,2017,2,170,104198,3.8388452753411775,1.4062675634095971,2.4325777119315806,0,16.818940862588512,TRUE,169
P. vivax,paper_replica_corrigido,51002,Alta Floresta,MT,2017,3,171,104198,1.9194226376705887,1.4128843467115817,0.506538290959007,0,13.43595846369412,TRUE,169
P. vivax,paper_replica_corrigido,51003,Colíder,MT,2017,1,169,151479,0.6601575135827409,1.2004927362988551,-0.5403352227161142,0,12.889575452703,TRUE,169
P. vivax,paper_replica_corrigido,51003,Colíder,MT,2017,2,170,151479,0.6601575135827409,1.1014125469665703,-0.44125503338382943,0,13.549732966285742,TRUE,169
P. vivax,paper_replica_corrigido,51003,Colíder,MT,2017,3,171,151479,3.9609450814964458,1.1065959304531696,2.854349151043276,0,10.595528093002962,TRUE,169
P. vivax,paper_replica_corrigido,51004,Parecis,MT,2017,1,169,105594,0.9470235051233972,0.41650788025577273,0.5305156248676244,0,4.735117525616986,TRUE,169
P. vivax,paper_replica_corrigido,51004,Parecis,MT,2017,2,170,105594,0.9470235051233972,0.3821386419245827,0.5648848631988145,0,4.735117525616986,TRUE,169
P. vivax,paper_replica_corrigido,51004,Parecis,MT,2017,3,171,105594,0.9470235051233972,0.38394306543641105,0.5630804396869862,0,4.735117525616986,TRUE,169
P. vivax,paper_replica_corrigido,51005,Arinos,MT,2017,1,169,80229,0,0.15491181587608335,-0.15491181587608335,0,2.4928641762953547,TRUE,169
P. vivax,paper_replica_corrigido,51005,Arinos,MT,2017,2,170,80229,0,0.14213244620906562,-0.14213244620906562,0,2.4928641762953547,TRUE,169
P. vivax,paper_replica_corrigido,51005,Arinos,MT,2017,3,171,80229,0,0.14280738605788296,-0.14280738605788296,0,2.4928641762953547,TRUE,169
P. vivax,paper_replica_corrigido,51006,Alto Teles Pires,MT,2017,1,169,245379,0.4075328369583379,0.3660946843303408,0.041438152627997105,0,3.6677955326250418,TRUE,169
P. vivax,paper_replica_corrigido,51006,Alto Teles Pires,MT,2017,2,170,245379,0,0.335883365510134,-0.335883365510134,0,3.4742174350698214,TRUE,169
P. vivax,paper_replica_corrigido,51006,Alto Teles Pires,MT,2017,3,171,245379,0.4075328369583379,0.33746695627986817,0.07006588067846975,0,4.289283108986497,TRUE,169
P. vivax,paper_replica_corrigido,51007,Sinop,MT,2017,1,169,197588,0.5061036095309431,0.90687250749111,-0.4007688979601669,0,9.375569366560711,TRUE,169
P. vivax,paper_replica_corrigido,51007,Sinop,MT,2017,2,170,197588,0,0.8320279631522732,-0.8320279631522732,0,8.363362147498824,TRUE,169
P. vivax,paper_replica_corrigido,51007,Sinop,MT,2017,3,171,197588,1.0122072190618865,0.8359448579593817,0.17626236110250482,0,8.122962932971614,TRUE,169
P. vivax,paper_replica_corrigido,51008,Paranatinga,MT,2017,1,169,35339,0,0.387621002978346,-0.387621002978346,0,5.659469707688389,TRUE,169
P. vivax,paper_replica_corrigido,51008,Paranatinga,MT,2017,2,170,35339,0,0.3556456256257598,-0.3556456256257598,0,5.659469707688389,TRUE,169
P. vivax,paper_replica_corrigido,51008,Paranatinga,MT,2017,3,171,35339,0,0.3573340729183041,-0.3573340729183041,0,5.659469707688389,TRUE,169
P. vivax,paper_replica_corrigido,51009,Norte Araguaia,MT,2017,1,169,126751,0,0.15350284088538302,-0.15350284088538302,0,2.36684523199028,TRUE,169
P. vivax,paper_replica_corrigido,51009,Norte Araguaia,MT,2017,2,170,126751,0,0.14083872650419854,-0.14083872650419854,0,1.5778968213268536,TRUE,169
P. vivax,paper_replica_corrigido,51009,Norte Araguaia,MT,2017,3,171,126751,0,0.14150646357261812,-0.14150646357261812,0,2.36684523199028,TRUE,169
P. vivax,paper_replica_corrigido,51010,Canarana,MT,2017,1,169,111341,0,0.11360792285782911,-0.11360792285782911,0,1.7962834894603066,TRUE,169
P. vivax,paper_replica_corrigido,51010,Canarana,MT,2017,2,170,111341,0,0.10423618143591158,-0.10423618143591158,0,1.7962834894603066,TRUE,169
P. vivax,paper_replica_corrigido,51010,Canarana,MT,2017,3,171,111341,0,0.10473093078058328,-0.10473093078058328,0,1.7962834894603066,TRUE,169
P. vivax,paper_replica_corrigido,51011,Médio Araguaia,MT,2017,1,169,67545,0,0.0334480618195695,-0.0334480618195695,0,1.4804944851580428,TRUE,169
P. vivax,paper_replica_corrigido,51011,Médio Araguaia,MT,2017,2,170,67545,0,0.030692570894662,-0.030692570894662,0,1.4804944851580428,TRUE,169
P. vivax,paper_replica_corrigido,51011,Médio Araguaia,MT,2017,3,171,67545,0,0.0308418301604598,-0.0308418301604598,0,1.4804944851580428,TRUE,169
P. vivax,paper_replica_corrigido,51012,Alto Guaporé,MT,2017,1,169,72605,0,0.389096477775268,-0.389096477775268,0,5.509262447489842,TRUE,169
P. vivax,paper_replica_corrigido,51012,Alto Guaporé,MT,2017,2,170,72605,0,0.3569914451098818,-0.3569914451098818,0,5.509262447489842,TRUE,169
P. vivax,paper_replica_corrigido,51012,Alto Guaporé,MT,2017,3,171,72605,0,0.35867896236156394,-0.35867896236156394,0,4.855037531850392,TRUE,169
P. vivax,paper_replica_corrigido,51013,Tangará da Serra,MT,2017,1,169,164025,0,0.08191720995618756,-0.08191720995618756,0,1.5393994817862993,TRUE,169
P. vivax,paper_replica_corrigido,51013,Tangará da Serra,MT,2017,2,170,164025,0.6096631611034904,0.07515953627435604,0.5345036248291344,0,1.2193263222069808,TRUE,169
P. vivax,paper_replica_corrigido,51013,Tangará da Serra,MT,2017,3,171,164025,0,0.07551628476113767,-0.07551628476113767,0,1.2193263222069808,TRUE,169
P. vivax,paper_replica_corrigido,51014,Jauru,MT,2017,1,169,107777,0,0.05852178700294076,-0.05852178700294076,0,0.9278417473115786,TRUE,169
P. vivax,paper_replica_corrigido,51014,Jauru,MT,2017,2,170,107777,0,0.05369548535947707,-0.05369548535947707,0,0.9278417473115786,TRUE,169
P. vivax,paper_replica_corrigido,51014,Jauru,MT,2017,3,171,107777,0,0.05395189625507012,-0.05395189625507012,0,0.9278417473115786,TRUE,169
P. vivax,paper_replica_corrigido,51015,Alto Paraguai,MT,2017,1,169,32480,0,0.07322100059970889,-0.07322100059970889,0,3.0788177339901477,TRUE,169
P. vivax,paper_replica_corrigido,51015,Alto Paraguai,MT,2017,2,170,32480,0,0.06718841734168503,-0.06718841734168503,0,3.0788177339901477,TRUE,169
P. vivax,paper_replica_corrigido,51015,Alto Paraguai,MT,2017,3,171,32480,0,0.06751487575075818,-0.06751487575075818,0,3.0788177339901477,TRUE,169
P. vivax,paper_replica_corrigido,51016,Rosário Oeste,MT,2017,1,169,30173,0,0.05256644129083021,-0.05256644129083021,0,3.3142213236999964,TRUE,169
P. vivax,paper_replica_corrigido,51016,Rosário Oeste,MT,2017,2,170,30173,0,0.04823735960308853,-0.04823735960308853,0,0,TRUE,169
P. vivax,paper_replica_corrigido,51016,Rosário Oeste,MT,2017,3,171,30173,0,0.04847328271627237,-0.04847328271627237,0,0,TRUE,169
P. vivax,paper_replica_corrigido,51017,Cuiabá,MT,2017,1,169,914056,0.32820746212485885,0.08359726131944432,0.2446102008054145,0,0.9846223863745768,TRUE,169
P. vivax,paper_replica_corrigido,51017,Cuiabá,MT,2017,2,170,914056,0.21880497474990593,0.07669814521774809,0.14210682953215784,0,0.8232537174965184,TRUE,169
P. vivax,paper_replica_corrigido,51017,Cuiabá,MT,2017,3,171,914056,0.21880497474990593,0.07705955598752437,0.14174541876238156,0,0.7658174116246707,TRUE,169
P. vivax,paper_replica_corrigido,51018,Alto Pantanal,MT,2017,1,169,136433,0.7329605007586141,0.05006511725658229,0.6828953835020318,0,0.7329605007586141,TRUE,169
P. vivax,paper_replica_corrigido,51018,Alto Pantanal,MT,2017,2,170,136433,0.7329605007586141,0.04593644764879038,0.6870240531098237,0,0.7329605007586141,TRUE,169
P. vivax,paper_replica_corrigido,51018,Alto Pantanal,MT,2017,3,171,136433,0,0.0461557283470187,-0.0461557283470187,0,0.7329605007586141,TRUE,169
P. vivax,paper_replica_corrigido,51019,Primavera do Leste,MT,2017,1,169,99226,0,0.06963699310596004,-0.06963699310596004,0,1.0078003749017397,TRUE,169
P. vivax,paper_replica_corrigido,51019,Primavera do Leste,MT,2017,2,170,99226,0,0.06389481641030571,-0.06389481641030571,0,1.0078003749017397,TRUE,169
P. vivax,paper_replica_corrigido,51019,Primavera do Leste,MT,2017,3,171,99226,0,0.06420019586552003,-0.06420019586552003,0,1.0078003749017397,TRUE,169
P. vivax,paper_replica_corrigido,51020,Tesouro,MT,2017,1,169,54389,0,0.01811062458928807,-0.01811062458928807,0,0,TRUE,169
P. vivax,paper_replica_corrigido,51020,Tesouro,MT,2017,2,170,54389,0,0.01662102776965392,-0.01662102776965392,0,0,TRUE,169
P. vivax,paper_replica_corrigido,51020,Tesouro,MT,2017,3,171,54389,0,0.01670416375476128,-0.01670416375476128,0,0,TRUE,169
P. vivax,paper_replica_corrigido,51021,Rondonópolis,MT,2017,1,169,306100,0,0.05698906269011499,-0.05698906269011499,0,0.8248938255471994,TRUE,169
P. vivax,paper_replica_corrigido,51021,Rondonópolis,MT,2017,2,170,306100,0,0.05228743452372812,-0.05228743452372812,0,0.9800718719372754,TRUE,169
P. vivax,paper_replica_corrigido,51021,Rondonópolis,MT,2017,3,171,306100,0,0.0525351894871502,-0.0525351894871502,0,0.6533812479581836,TRUE,169
P. vivax,paper_replica_corrigido,51022,Alto Araguaia,MT,2017,1,169,39942,0,0.00831480985421789,-0.00831480985421789,0,0,TRUE,169
P. vivax,paper_replica_corrigido,51022,Alto Araguaia,MT,2017,2,170,39942,0,0.00763467613441531,-0.00763467613441531,0,0,TRUE,169
P. vivax,paper_replica_corrigido,51022,Alto Araguaia,MT,2017,3,171,39942,0,0.00767640203137778,-0.00767640203137778,0,0,TRUE,169
P. vivax,paper_replica_corrigido,11001,Porto Velho,RO,2018,1,181,662715,77.55973533117555,572.2887789702083,-494.7290436390328,200.99200223858873,6354.144519960717,FALSE,181
P. vivax,paper_replica_corrigido,11001,Porto Velho,RO,2018,2,182,662715,61.86671495288322,522.132498005548,-460.26578305266474,115.07304555279492,5038.8104162887075,FALSE,181
P. vivax,paper_replica_corrigido,11001,Porto Velho,RO,2018,3,183,662715,60.810453965882765,524.3524541981133,-463.5420002322305,198.46000940894842,5575.5205535201885,FALSE,181
P. vivax,paper_replica_corrigido,11002,Guajará-Mirim,RO,2018,1,181,83480,52.70723526593195,248.7087543653126,-196.00151909938063,41.92389720410013,2272.122081805772,TRUE,181
P. vivax,paper_replica_corrigido,11002,Guajará-Mirim,RO,2018,2,182,83480,73.07139434595113,226.9117993439013,-153.84040499795015,61.2586625813335,2278.6308147050395,TRUE,181
P. vivax,paper_replica_corrigido,11002,Guajará-Mirim,RO,2018,3,183,83480,39.53042644944897,227.87681973003774,-188.34639328058876,57.23856284943351,2674.323488316339,FALSE,181
P. vivax,paper_replica_corrigido,11003,Ariquemes,RO,2018,1,181,202900,62.5924100542139,413.7938905384317,-351.20148048421777,119.56104369726154,4341.845912289345,FALSE,181
P. vivax,paper_replica_corrigido,11003,Ariquemes,RO,2018,2,182,202900,63.08526367668802,377.52847879351316,-314.4432151168251,127.35850306882207,4320.580114003259,FALSE,181
P. vivax,paper_replica_corrigido,11003,Ariquemes,RO,2018,3,183,202900,51.74963035978315,379.1337409771542,-327.38411061737105,108.61309569072704,3240.986421013568,FALSE,181
P. vivax,paper_replica_corrigido,11004,Ji-Paraná,RO,2018,1,181,295352,8.803055337360167,58.240051542876046,-49.43699620551588,8.657251605355171,509.74979608781905,TRUE,181
P. vivax,paper_replica_corrigido,11004,Ji-Paraná,RO,2018,2,182,295352,8.125897234486308,53.13586429152409,-45.009967057037784,8.657251605355171,554.0641027427309,FALSE,181
P. vivax,paper_replica_corrigido,11004,Ji-Paraná,RO,2018,3,183,295352,6.43300197730166,53.36185247510973,-46.92885049780807,12.985877408032756,465.54370507797415,FALSE,181
P. vivax,paper_replica_corrigido,11005,Alvorada D'Oeste,RO,2018,1,181,69972,4.287429257417252,36.795484060447436,-32.508054803030184,0,439.8777230226901,TRUE,181
P. vivax,paper_replica_corrigido,11005,Alvorada D'Oeste,RO,2018,2,182,69972,7.145715429028754,33.57086938638742,-26.425153957358667,0,333.6767151278046,TRUE,181
P. vivax,paper_replica_corrigido,11005,Alvorada D'Oeste,RO,2018,3,183,69972,1.4291430858057508,33.71381024981702,-32.284667164011275,0,361.083426842614,TRUE,181
P. vivax,paper_replica_corrigido,11006,Cacoal,RO,2018,1,181,236369,4.653740549733679,28.328360303519712,-23.674619753786033,2.704390778977849,299.03801038547545,TRUE,181
P. vivax,paper_replica_corrigido,11006,Cacoal,RO,2018,2,182,236369,1.692269290812247,25.84569919789384,-24.15342990708159,0,260.1623929376685,TRUE,181
P. vivax,paper_replica_corrigido,11006,Cacoal,RO,2018,3,183,236369,2.1153366135153084,25.95566268506888,-23.840326071553573,0,272.12932213464575,TRUE,181
P. vivax,paper_replica_corrigido,11007,Vilhena,RO,2018,1,181,158934,3.145959958221652,18.153102778460802,-15.00714282023915,0,215.2780875051178,TRUE,181
P. vivax,paper_replica_corrigido,11007,Vilhena,RO,2018,2,182,158934,3.145959958221652,16.562234752486606,-13.416274794264954,0,231.36612767364602,TRUE,181
P. vivax,paper_replica_corrigido,11007,Vilhena,RO,2018,3,183,158934,2.5167679665773215,16.63274666144656,-14.11597869486924,0,176.9684418538102,TRUE,181
P. vivax,paper_replica_corrigido,11008,Colorado do Oeste,RO,2018,1,181,47867,2.089121942047757,16.646415465834874,-14.557293523787116,0,200.9834305000315,TRUE,181
P. vivax,paper_replica_corrigido,11008,Colorado do Oeste,RO,2018,2,182,47867,2.089121942047757,15.18768111678381,-13.098559174736053,0,127.20047677825922,TRUE,181
P. vivax,paper_replica_corrigido,11008,Colorado do Oeste,RO,2018,3,183,47867,2.089121942047757,15.252443842193559,-13.163321900145801,0,140.55485754238094,TRUE,181
P. vivax,paper_replica_corrigido,12001,Cruzeiro do Sul,AC,2018,1,181,154965,2579.292098215726,2428.0968543754457,151.19524384028045,742.2978364102662,23981.74764648105,TRUE,181
P. vivax,paper_replica_corrigido,12001,Cruzeiro do Sul,AC,2018,2,182,154965,2013.357854999516,2215.294669279765,-201.9368142802491,742.2978364102662,24294.011865521134,TRUE,181
P. vivax,paper_replica_corrigido,12001,Cruzeiro do Sul,AC,2018,3,183,154965,1657.793695350563,2224.713461699419,-566.919766348856,686.7131554120538,21326.779905666663,TRUE,181
P. vivax,paper_replica_corrigido,12002,Tarauacá,AC,2018,1,181,84810,10.611956137247969,171.96202010113697,-161.350063963889,22.61174899314521,1625.2194588823113,FALSE,181
P. vivax,paper_replica_corrigido,12002,Tarauacá,AC,2018,2,182,84810,18.865699799551937,156.89122795950826,-138.0255281599563,26.191942583726547,1794.430713847678,FALSE,181
P. vivax,paper_replica_corrigido,12002,Tarauacá,AC,2018,3,183,84810,9.432849899775968,157.55851347225072,-148.12566357247476,15.074499328763473,1628.422789989674,FALSE,181
P. vivax,paper_replica_corrigido,12003,Sena Madureira,AC,2018,1,181,60875,13.141683778234087,0.670600510039925,12.471083268194162,0,9.856262833675563,FALSE,181
P. vivax,paper_replica_corrigido,12003,Sena Madureira,AC,2018,2,182,60875,1.642710472279261,0.6118467681803722,1.0308637040988886,0,8.213552361396303,TRUE,181
P. vivax,paper_replica_corrigido,12003,Sena Madureira,AC,2018,3,183,60875,4.928131416837782,0.6144649737554221,4.31366644308236,0,6.570841889117044,TRUE,181
P. vivax,paper_replica_corrigido,12004,Rio Branco,AC,2018,1,181,498297,21.87450456254001,65.22527153868525,-43.35076697614524,17.895584981055883,613.4850270656226,TRUE,181
P. vivax,paper_replica_corrigido,12004,Rio Branco,AC,2018,2,182,498297,24.483390427797076,59.50887063619071,-35.02548020839363,13.373582324552517,578.2390630975574,TRUE,181
P. vivax,paper_replica_corrigido,12004,Rio Branco,AC,2018,3,183,498297,20.068352809669733,59.761928032530484,-39.69357522286075,10.872048940103841,558.1626541403162,TRUE,181
P. vivax,paper_replica_corrigido,12005,Brasiléia,AC,2018,1,181,70318,1.4221109815409996,1.6465398797198,-0.22442889817880052,0,14.967718080718988,TRUE,181
P. vivax,paper_replica_corrigido,12005,Brasiléia,AC,2018,2,182,70318,4.266332944622998,1.50225817423003,2.764074770392968,0,19.90955374157399,TRUE,181
P. vivax,paper_replica_corrigido,12005,Brasiléia,AC,2018,3,183,70318,0,1.5086688620414586,-1.5086688620414586,0,18.48744276003299,TRUE,181
P. vivax,paper_replica_corrigido,13001,Rio Negro,AM,2018,1,181,115590,2028.722207803443,1374.4736229251187,654.2485848783244,323.37759817040995,15549.222621218303,TRUE,181
P. vivax,paper_replica_corrigido,13001,Rio Negro,AM,2018,2,182,115590,1625.5731464659573,1254.0126948369086,371.56045162904866,440.75578579190545,9692.341393645387,TRUE,181
P. vivax,paper_replica_corrigido,13001,Rio Negro,AM,2018,3,183,115590,1612.5962453499435,1259.3444875866512,353.2517577632923,265.1723955924952,13092.437704806101,TRUE,181
P. vivax,paper_replica_corrigido,13002,Japurá,AM,2018,1,181,21451,498.81124423103824,375.0231176405425,123.78812659049572,43.95461108822052,3683.992403919492,TRUE,181
P. vivax,paper_replica_corrigido,13002,Japurá,AM,2018,2,182,21451,321.66332571908066,342.156143193045,-20.49281747396435,0,3444.1045264549684,TRUE,181
P. vivax,paper_replica_corrigido,13002,Japurá,AM,2018,3,183,21451,186.4714931704816,343.61170345747934,-157.14021028699773,0,3412.814803307423,TRUE,181
P. vivax,paper_replica_corrigido,13003,Alto Solimões,AM,2018,1,181,249343,189.69852773087675,403.922060516864,-214.22353278598726,129.40144066698468,3050.8360461560846,TRUE,181
P. vivax,paper_replica_corrigido,13003,Alto Solimões,AM,2018,2,182,249343,202.5322547655238,368.5218202081027,-165.98956544257894,96.07367982159981,3716.9426201293218,TRUE,181
P. vivax,paper_replica_corrigido,13003,Alto Solimões,AM,2018,3,183,249343,158.81737205375728,370.0887576198038,-211.27138556604652,114.01939719988397,3726.6204891440425,TRUE,181
P. vivax,paper_replica_corrigido,13004,Juruá,AM,2018,1,181,150133,509.54820059547205,664.4540794996,-154.90587890412792,210.6539486734545,7241.003290783424,TRUE,181
P. vivax,paper_replica_corrigido,13004,Juruá,AM,2018,2,182,150133,420.2940059813632,606.2204482530675,-185.92644227170427,148.80961103865053,6558.0544607233405,TRUE,181
P. vivax,paper_replica_corrigido,13004,Juruá,AM,2018,3,183,150133,394.983114971392,608.7980997360847,-213.81498476469272,210.6539486734545,5563.116381768946,TRUE,181
P. vivax,paper_replica_corrigido,13005,Tefé,AM,2018,1,181,89401,310.9584903971991,667.0886117630922,-356.1301213658931,164.45437201857862,6150.414758742635,TRUE,181
P. vivax,paper_replica_corrigido,13005,Tefé,AM,2018,2,182,89401,253.9121486336842,608.6241456500886,-354.71199701640444,143.00380175528576,6271.431725978057,TRUE,181
P. vivax,paper_replica_corrigido,13005,Tefé,AM,2018,3,183,89401,392.6130580194852,611.2120754256362,-218.59901740615095,182.15109248579526,5682.256062746275,TRUE,181
P. vivax,paper_replica_corrigido,13006,Coari,AM,2018,1,181,178314,161.51283690568323,333.6121209993864,-172.09928409370315,102.07943432053135,3267.886227945154,TRUE,181
P. vivax,paper_replica_corrigido,13006,Coari,AM,2018,2,182,178314,134.59403075473602,304.3739720389007,-169.7799412841647,62.64576346799949,2690.8999257892447,TRUE,181
P. vivax,paper_replica_corrigido,13006,Coari,AM,2018,3,183,178314,155.34394382942452,305.66820532215024,-150.32426149272573,82.45222087347571,2731.6779263299345,TRUE,181
P. vivax,paper_replica_corrigido,13007,Manaus,AM,2018,1,181,2426207,84.49402709661625,189.5244415100489,-105.03041441343264,57.798856547666674,1560.2727223944473,TRUE,181
P. vivax,paper_replica_corrigido,13007,Manaus,AM,2018,2,182,2426207,65.4519585509398,172.91422041791444,-107.46226186697463,50.94862169757284,1591.0131512842438,TRUE,181
P. vivax,paper_replica_corrigido,13007,Manaus,AM,2018,3,183,2426207,57.868104411536194,173.64939418985736,-115.78128977832117,56.20485959216407,1300.4841524689166,TRUE,181
P. vivax,paper_replica_corrigido,13008,Rio Preto da Eva,AM,2018,1,181,67929,834.6950492425915,721.992954404752,112.70209483783947,131.74458650218628,10550.859313303652,TRUE,181
P. vivax,paper_replica_corrigido,13008,Rio Preto da Eva,AM,2018,2,182,67929,479.9128501818074,658.716730142204,-178.8038799603966,192.67645775944746,8699.847872947912,TRUE,181
P. vivax,paper_replica_corrigido,13008,Rio Preto da Eva,AM,2018,3,183,67929,396.0017076653565,661.5177513357219,-265.5160436703654,164.4454749375504,5645.961306189225,TRUE,181
P. vivax,paper_replica_corrigido,13009,Itacoatiara,AM,2018,1,181,177387,97.52687626488976,105.6136891695896,-8.08681290469984,21.621679515507285,1243.2465721416688,TRUE,181
P. vivax,paper_replica_corrigido,13009,Itacoatiara,AM,2018,2,182,177387,64.26626528437822,96.35773327701348,-32.09146799263526,19.729782557900403,1137.9309748348844,TRUE,181
P. vivax,paper_replica_corrigido,13009,Itacoatiara,AM,2018,3,183,177387,43.97165519457457,96.76756856255415,-52.79591336797957,28.828906020676378,1162.255364289831,TRUE,181
P. vivax,paper_replica_corrigido,13010,Parintins,AM,2018,1,181,277264,31.017369727047143,44.10210905621019,-13.084739329163046,4.611014369238092,450.78429227263894,TRUE,181
P. vivax,paper_replica_corrigido,13010,Parintins,AM,2018,2,182,277264,23.08269375036067,40.23699620369114,-17.154302453330473,3.4006230973130958,372.3970479955914,TRUE,181
P. vivax,paper_replica_corrigido,13010,Parintins,AM,2018,3,183,277264,23.08269375036067,40.40814291808007,-17.3254491677194,4.611014369238092,452.1675965834091,TRUE,181
P. vivax,paper_replica_corrigido,13011,Boca do Acre,AM,2018,1,181,53305,58.15589531938842,326.63069076826383,-268.4747954488754,71.35246519117311,3829.648698958167,FALSE,181
P. vivax,paper_replica_corrigido,13011,Boca do Acre,AM,2018,2,182,53305,33.76793921770941,298.0046128643818,-264.2366736466724,35.97603286949902,2813.3257703948175,FALSE,181
P. vivax,paper_replica_corrigido,13011,Boca do Acre,AM,2018,3,183,53305,127.56777037801332,299.2720546307213,-171.70428425270796,71.95206573899804,2533.3123145605537,TRUE,181
P. vivax,paper_replica_corrigido,13012,Purus,AM,2018,1,181,77994,338.4875759673821,895.8950002665916,-557.4074242992095,225.18345138594012,7613.823357643443,TRUE,181
P. vivax,paper_replica_corrigido,13012,Purus,AM,2018,2,182,77994,369.2591737825987,817.3776320410182,-448.1184582584195,184.20375140669714,6538.516030188101,TRUE,181
P. vivax,paper_replica_corrigido,13012,Purus,AM,2018,3,183,77994,430.8023694130318,820.8532160464534,-390.05084663342166,216.9875113900915,6345.501643285871,TRUE,181
P. vivax,paper_replica_corrigido,13013,Madeira,AM,2018,1,181,196293,62.66142959759135,414.306593358319,-351.64516376072766,125.1321849714028,3703.4893261867974,FALSE,181
P. vivax,paper_replica_corrigido,13013,Madeira,AM,2018,2,182,196293,48.90648163714447,377.9962426005154,-329.08976096337096,92.56687983896225,3822.5155164458656,FALSE,181
P. vivax,paper_replica_corrigido,13013,Madeira,AM,2018,3,183,196293,50.43480918830523,379.6034863261674,-329.1686771378622,105.75582841760067,2581.2074980600682,FALSE,181
P. vivax,paper_replica_corrigido,14001,Boa Vista,RR,2018,1,181,418986,286.88309394585974,231.9200677891603,54.96302615669944,57.97543944994862,1833.0918552398218,TRUE,181
P. vivax,paper_replica_corrigido,14001,Boa Vista,RR,2018,2,182,418986,242.0128596182211,211.5942855984429,30.41857401977822,60.797927949485604,2025.8601914109013,TRUE,181
P. vivax,paper_replica_corrigido,14001,Boa Vista,RR,2018,3,183,418986,279.9616216293623,212.49397580970833,67.46764581965397,54.92410053153028,2167.3278920160715,TRUE,181
P. vivax,paper_replica_corrigido,14002,Nordeste de Roraima,RR,2018,1,181,51495,737.9357219147489,561.3271223148146,176.60859959993434,148.96222406902768,4438.143263356594,TRUE,181
P. vivax,paper_replica_corrigido,14002,Nordeste de Roraima,RR,2018,2,182,51495,541.80017477425,512.1320824990603,29.66809227518968,142.44512676600775,5423.155970013036,TRUE,181
P. vivax,paper_replica_corrigido,14002,Nordeste de Roraima,RR,2018,3,183,51495,462.1807942518691,514.3099752463088,-52.12918099443971,148.96222406902768,5411.0527893074095,TRUE,181
P. vivax,paper_replica_corrigido,14003,Caracaraí,RR,2018,1,181,50692,923.2225992267024,720.2679606091443,202.9546386175581,163.3015498553813,8081.535194097868,TRUE,181
P. vivax,paper_replica_corrigido,14003,Caracaraí,RR,2018,2,182,50692,623.3725242641837,657.1429249113867,-33.77040064720302,144.70156637764478,6900.909124197457,TRUE,181
P. vivax,paper_replica_corrigido,14003,Caracaraí,RR,2018,3,183,50692,426.1027381046319,659.9373111626356,-233.83457305800374,106.87109150767232,7184.952939679497,TRUE,181
P. vivax,paper_replica_corrigido,14004,Sudeste de Roraima,RR,2018,1,181,55395,909.82940698619,730.3406680807709,179.48873890541904,167.03518792172966,5761.992760553888,TRUE,181
P. vivax,paper_replica_corrigido,14004,Sudeste de Roraima,RR,2018,2,182,55395,1054.2467731744744,666.3328278372275,387.9139453372469,126.93520325658211,7963.74155885897,TRUE,181
P. vivax,paper_replica_corrigido,14004,Sudeste de Roraima,RR,2018,3,183,55395,862.8937629749978,669.1662265464432,193.72753642855457,167.03518792172966,5844.212153572361,TRUE,181
P. vivax,paper_replica_corrigido,15001,Óbidos,PA,2018,1,181,206970,3.865294487123738,22.772245808332162,-18.906951321208425,0,245.92462056763569,TRUE,181
P. vivax,paper_replica_corrigido,15001,Óbidos,PA,2018,2,182,206970,4.348456298014205,20.776552574883162,-16.428096276868956,0,177.66799118559817,TRUE,181
P. vivax,paper_replica_corrigido,15001,Óbidos,PA,2018,3,183,206970,27.057061409866165,20.86499802400361,6.192063385862554,0,239.59312327201692,TRUE,181
P. vivax,paper_replica_corrigido,15002,Santarém,PA,2018,1,181,525029,7.42816111110053,40.931845959058954,-33.503684847958425,7.883452309557176,423.81926624816225,FALSE,181
P. vivax,paper_replica_corrigido,15002,Santarém,PA,2018,2,182,525029,4.952107407400353,37.34456337291301,-32.39245596551265,6.665930717347572,342.09312937109246,FALSE,181
P. vivax,paper_replica_corrigido,15002,Santarém,PA,2018,3,183,525029,3.809313390307964,37.50339325292242,-33.69407986261446,8.522651145467217,357.7078437911802,FALSE,181
P. vivax,paper_replica_corrigido,15003,Almeirim,PA,2018,1,181,74600,0,77.60752157153762,-77.60752157153762,0,656.1575680907926,TRUE,181
P. vivax,paper_replica_corrigido,15003,Almeirim,PA,2018,2,182,74600,2.680965147453083,70.8061843776817,-68.12521923022862,0,737.1329388835804,TRUE,181
P. vivax,paper_replica_corrigido,15003,Almeirim,PA,2018,3,183,74600,17.426273458445042,71.1075020436323,-53.681228585187256,8.568822306115484,601.1028847740001,TRUE,181
P. vivax,paper_replica_corrigido,15004,Portel,PA,2018,1,181,151541,1032.06392989356,154.83728477544182,877.2266451181182,44.18591443094182,1452.5460271403151,TRUE,181
P. vivax,paper_replica_corrigido,15004,Portel,PA,2018,2,182,151541,932.4209289895144,141.26737421063757,791.1535547788769,31.531237266948935,1274.1150791280163,TRUE,181
P. vivax,paper_replica_corrigido,15004,Portel,PA,2018,3,183,151541,855.2141004744591,141.8682115366253,713.3458889378338,14.447423095558555,1350.4649646841065,TRUE,181
P. vivax,paper_replica_corrigido,15005,Furos de Breves,PA,2018,1,181,229807,756.2867971819832,689.9121289919918,66.37466818999133,167.93988627929738,5427.900572937588,TRUE,181
P. vivax,paper_replica_corrigido,15005,Furos de Breves,PA,2018,2,182,229807,682.3116789305809,629.4472604363403,52.86441849424057,194.71291162817084,5322.477439356049,TRUE,181
P. vivax,paper_replica_corrigido,15005,Furos de Breves,PA,2018,3,183,229807,643.1483810327798,632.1235500137593,11.02483101902044,208.62097674446875,6564.398113915868,TRUE,181
P. vivax,paper_replica_corrigido,15006,Arari,PA,2018,1,181,175883,43.77910315380111,48.622702230513866,-4.843599076712756,8.995209920740681,474.11116531742124,TRUE,181
P. vivax,paper_replica_corrigido,15006,Arari,PA,2018,2,182,175883,57.99309768425601,44.36149681776017,13.631600866495837,3.6344282508043135,438.58462916581,TRUE,181
P. vivax,paper_replica_corrigido,15006,Arari,PA,2018,3,183,175883,94.38092368222055,44.55023679712992,49.830686885090635,3.6344282508043135,408.9640389217553,TRUE,181
P. vivax,paper_replica_corrigido,15007,Belém,PA,2018,1,181,2345306,3.197876950811536,0.6860411724848647,2.511835778326671,0.10552993937678072,6.420270958245958,TRUE,181
P. vivax,paper_replica_corrigido,15007,Belém,PA,2018,2,182,2345306,2.515663201305075,0.6259167733116017,1.8897464279934733,0.10552993937678072,4.8831581038892145,TRUE,181
P. vivax,paper_replica_corrigido,15007,Belém,PA,2018,3,183,2345306,2.473024841960921,0.628579354781779,1.8444454871791423,0.04263835934415381,6.9500525730970715,TRUE,181
P. vivax,paper_replica_corrigido,15008,Castanhal,PA,2018,1,181,339469,0.29457770812651524,0.8242629965487238,-0.5296852884222085,0,8.697406832435355,TRUE,181
P. vivax,paper_replica_corrigido,15008,Castanhal,PA,2018,2,182,339469,0,0.7520301911019657,-0.7520301911019657,0,8.542753535668941,TRUE,181
P. vivax,paper_replica_corrigido,15008,Castanhal,PA,2018,3,183,339469,0.5891554162530305,0.75523415356827,-0.16607873731523948,0,7.519095999929295,TRUE,181
P. vivax,paper_replica_corrigido,15009,Salgado,PA,2018,1,181,269829,1.1118152607762697,23.34761081034549,-22.23579554956922,2.3690342551624,193.49087279038864,FALSE,181
P. vivax,paper_replica_corrigido,15009,Salgado,PA,2018,2,182,269829,0.7412101738508463,21.301482415271074,-20.56027224142023,0,205.0991406406846,TRUE,181
P. vivax,paper_replica_corrigido,15009,Salgado,PA,2018,3,183,269829,0,21.392156595111924,-21.392156595111924,0,192.36558151918643,TRUE,181
P. vivax,paper_replica_corrigido,15010,Bragantina,PA,2018,1,181,420667,0.2377177197165454,12.876917682200611,-12.639199962484065,1.519572830852468,126.27650224383994,FALSE,181
P. vivax,paper_replica_corrigido,15010,Bragantina,PA,2018,2,182,420667,0.4754354394330908,1.8378923372540052,-1.3624568978209144,0,22.470267456206447,TRUE,181
P. vivax,paper_replica_corrigido,15010,Bragantina,PA,2018,3,183,420667,0.2377177197165454,1.8457178677344197,-1.6080001480178743,0,17.252363508428267,TRUE,181
P. vivax,paper_replica_corrigido,15011,Cametá,PA,2018,1,181,492940,299.63078670832147,26.685632552850365,272.9451541554711,4.506306346666629,216.27028516987792,FALSE,181
P. vivax,paper_replica_corrigido,15011,Cametá,PA,2018,2,182,492940,210.37043047835436,24.34692993014309,186.02350054821127,3.209527541870478,217.6319029149138,TRUE,181
P. vivax,paper_replica_corrigido,15011,Cametá,PA,2018,3,183,492940,205.0959548829472,24.450509121811685,180.64544576113553,2.5935576095923034,214.84382848460228,TRUE,181
P. vivax,paper_replica_corrigido,15012,Tomé-Açu,PA,2018,1,181,335866,0.2977377882846135,28.18010753536984,-27.882369747085225,1.9032416024135075,264.74090689571875,FALSE,181
P. vivax,paper_replica_corrigido,15012,Tomé-Açu,PA,2018,2,182,335866,0.2977377882846135,25.710450074507232,-25.412712286222618,3.806483204827015,262.7425032131846,FALSE,181
P. vivax,paper_replica_corrigido,15012,Tomé-Açu,PA,2018,3,183,335866,1.4886889414230675,25.81985456630095,-24.331165624877883,0.9040397611464188,221.9655518814751,TRUE,181
P. vivax,paper_replica_corrigido,15013,Guamá,PA,2018,1,181,479227,8.138105741120597,37.99266414144301,-29.85455840032241,9.337201385258982,509.911237078553,FALSE,181
P. vivax,paper_replica_corrigido,15013,Guamá,PA,2018,2,182,479227,6.886089473255889,34.66302674023647,-27.77693726698058,5.335543648719418,269.44495426033063,TRUE,181
P. vivax,paper_replica_corrigido,15013,Guamá,PA,2018,3,183,479227,4.173387559549024,34.810503382683365,-30.63711582313434,4.635253544824996,277.64835262023655,FALSE,181
P. vivax,paper_replica_corrigido,15014,Itaituba,PA,2018,1,181,220435,178.73749631410618,491.9423178598218,-313.2048215457156,124.6946637038458,5625.7592461735085,TRUE,181
P. vivax,paper_replica_corrigido,15014,Itaituba,PA,2018,2,182,220435,151.0649397781659,448.8277814825642,-297.7628417043983,118.74991810866246,4108.254187656704,TRUE,181
P. vivax,paper_replica_corrigido,15014,Itaituba,PA,2018,3,183,220435,125.6606255812371,450.73611279308926,-325.0754872118522,127.30455201392631,4106.94924350166,FALSE,181
P. vivax,paper_replica_corrigido,15015,Altamira,PA,2018,1,181,306088,16.00846815294948,205.0871421091206,-189.07867395617112,68.91719620891737,2784.306936837384,FALSE,181
P. vivax,paper_replica_corrigido,15015,Altamira,PA,2018,2,182,306088,12.088026972635321,187.11311506681687,-175.02508809418154,63.5395665047367,1612.0880813202577,FALSE,181
P. vivax,paper_replica_corrigido,15015,Altamira,PA,2018,3,183,306088,13.721544131099552,187.90875561581788,-174.18721148471832,58.370776789067904,1593.7623723283416,FALSE,181
P. vivax,paper_replica_corrigido,15016,Tucuruí,PA,2018,1,181,379626,64.01036809912914,161.86115234440027,-97.85078424527113,46.26384417135552,1634.9785657609427,TRUE,181
P. vivax,paper_replica_corrigido,15016,Tucuruí,PA,2018,2,182,379626,37.66865283199781,147.67549234614313,-110.00683951414533,33.6770476224608,1486.6311709840002,TRUE,181
P. vivax,paper_replica_corrigido,15016,Tucuruí,PA,2018,3,183,379626,35.82473276329861,148.30345297155242,-112.4787202082538,36.16072988461728,1494.5452771752805,FALSE,181
P. vivax,paper_replica_corrigido,15017,Paragominas,PA,2018,1,181,344335,1.161659430496464,63.63559275800194,-62.47393332750548,16.7078783635876,625.2923477572654,FALSE,181
P. vivax,paper_replica_corrigido,15017,Paragominas,PA,2018,2,182,344335,1.7424891457446965,58.05860695926317,-56.316117813518474,10.163959337849125,599.0702608810788,FALSE,181
P. vivax,paper_replica_corrigido,15017,Paragominas,PA,2018,3,183,344335,2.9041485762411603,58.30558757773365,-55.401439001492484,10.163959337849125,609.0021663527679,FALSE,181
P. vivax,paper_replica_corrigido,15018,São Félix do Xingu,PA,2018,1,181,212630,3.2921036542350564,29.455225599826562,-26.163121945591506,3.0063215164192028,308.22311347087873,TRUE,181
P. vivax,paper_replica_corrigido,15018,São Félix do Xingu,PA,2018,2,182,212630,2.821803132201477,26.87383743001819,-24.052034297816714,0,278.15989830668667,TRUE,181
P. vivax,paper_replica_corrigido,15018,São Félix do Xingu,PA,2018,3,183,212630,1.881202088134318,26.988215943152888,-25.107013855018568,3.0063215164192028,256.2889092747364,FALSE,181
P. vivax,paper_replica_corrigido,15019,Parauapebas,PA,2018,1,181,317861,0.9438087717587248,1.8671029306731164,-0.9232941589143916,0,16.390812336209823,TRUE,181
P. vivax,paper_replica_corrigido,15019,Parauapebas,PA,2018,2,182,317861,0.6292058478391498,1.7034759363306742,-1.0742700884915244,0,14.78633742422002,TRUE,181
P. vivax,paper_replica_corrigido,15019,Parauapebas,PA,2018,3,183,317861,0.3146029239195749,1.710727186695011,-1.396124262775436,0,14.32229811143864,TRUE,181
P. vivax,paper_replica_corrigido,15020,Marabá,PA,2018,1,181,329372,3.0360807840375017,29.60104176799629,-26.564960983958787,5.82229950362704,293.1527800076214,FALSE,181
P. vivax,paper_replica_corrigido,15020,Marabá,PA,2018,2,182,329372,0.30360807840375015,27.006853459771566,-26.703245381367815,0.921864088074284,299.4602711365502,FALSE,181
P. vivax,paper_replica_corrigido,15020,Marabá,PA,2018,3,183,329372,1.2144323136150006,27.121757614042302,-25.907325300427303,1.9407665012090132,323.86540988925344,FALSE,181
P. vivax,paper_replica_corrigido,15021,Redenção,PA,2018,1,181,195973,0.5102743745311854,1.639863940223114,-1.1295895656919286,0,21.457037449036324,TRUE,181
P. vivax,paper_replica_corrigido,15021,Redenção,PA,2018,2,182,195973,0.5102743745311854,1.496154827417168,-0.9858804528859827,0,20.410974981247417,TRUE,181
P. vivax,paper_replica_corrigido,15021,Redenção,PA,2018,3,183,195973,1.0205487490623708,1.50252764886092,-0.48197889979854924,0,13.777408112342004,TRUE,181
P. vivax,paper_replica_corrigido,15022,Conceição do Araguaia,PA,2018,1,181,160043,0,14.44320343498912,-14.44320343498912,0,127.8124792034571,TRUE,181
P. vivax,paper_replica_corrigido,15022,Conceição do Araguaia,PA,2018,2,182,160043,0,13.177523088196292,-13.177523088196292,0,112.03562630178017,TRUE,181
P. vivax,paper_replica_corrigido,15022,Conceição do Araguaia,PA,2018,3,183,160043,0,13.23368970346875,-13.23368970346875,0,117.92698276506464,TRUE,181
P. vivax,paper_replica_corrigido,16001,Oiapoque,AP,2018,1,181,37553,649.7483556573376,1758.4844164185984,-1108.736060761261,466.8334460680425,16537.47907716518,TRUE,181
P. vivax,paper_replica_corrigido,16001,Oiapoque,AP,2018,2,182,37553,513.9402977125662,1604.3686326303339,-1090.4283349177676,476.6212029135894,16130.648836106791,TRUE,181
P. vivax,paper_replica_corrigido,16001,Oiapoque,AP,2018,3,183,37553,356.82901499214444,1611.1904440708715,-1254.361429078727,442.57683127690444,13203.258429997333,FALSE,181
P. vivax,paper_replica_corrigido,16002,Amapá,AP,2018,1,181,30877,58.29581889432264,283.7725851556759,-225.47676626135328,30.536333272449337,3061.3968018057158,TRUE,181
P. vivax,paper_replica_corrigido,16002,Amapá,AP,2018,2,182,30877,80.96641513100366,258.9029160572936,-177.93650092628997,20.70259882877919,3007.0524798801725,TRUE,181
P. vivax,paper_replica_corrigido,16002,Amapá,AP,2018,3,183,30877,64.77313210480294,260.00420729370853,-195.2310751889056,30.536333272449337,2633.37057102071,TRUE,181
P. vivax,paper_replica_corrigido,16003,Macapá,AP,2018,1,181,674807,139.29908848011357,182.3552006409378,-43.05611216082423,43.07775808497375,1562.6877102776673,TRUE,181
P. vivax,paper_replica_corrigido,16003,Macapá,AP,2018,2,182,674807,99.73221973097496,166.37332748560868,-66.64110775463372,52.95319795382151,1207.2192392191432,TRUE,181
P. vivax,paper_replica_corrigido,16003,Macapá,AP,2018,3,183,674807,73.20611671188948,167.0807085325747,-93.87459182068523,44.522366794805194,1822.9777812572927,TRUE,181
P. vivax,paper_replica_corrigido,16004,Mazagão,AP,2018,1,181,86257,165.78364654462823,316.5288434164983,-150.7451968718701,99.86065004449493,3236.8560610897266,TRUE,181
P. vivax,paper_replica_corrigido,16004,Mazagão,AP,2018,2,182,86257,156.50903694772597,288.7879895918672,-132.2789526441412,62.80660550108309,3243.155248662121,TRUE,181
P. vivax,paper_replica_corrigido,16004,Mazagão,AP,2018,3,183,86257,146.0751011512109,290.0160369731776,-143.94093582196672,77.62822331844782,2954.1337012235085,TRUE,181
P. vivax,paper_replica_corrigido,17001,Bico do Papagaio,TO,2018,1,181,214202,1.8673961961139485,0.3874330191066539,1.4799631770072945,0,4.913586241024817,TRUE,181
P. vivax,paper_replica_corrigido,17001,Bico do Papagaio,TO,2018,2,182,214202,0.9336980980569742,0.35348434164916054,0.5802137564078137,0,3.979888142967842,TRUE,181
P. vivax,paper_replica_corrigido,17001,Bico do Papagaio,TO,2018,3,183,214202,0.9336980980569742,0.354993409331969,0.5787046887250052,0,3.513039093939355,TRUE,181
P. vivax,paper_replica_corrigido,17002,Araguaína,TO,2018,1,181,315817,0.6332781325894425,0.24754478621923265,0.3857333463702099,0,3.332626172751935,TRUE,181
P. vivax,paper_replica_corrigido,17002,Araguaína,TO,2018,2,182,315817,0,0.2258542887030928,-0.2258542887030928,0,2.53311253035777,TRUE,181
P. vivax,paper_replica_corrigido,17002,Araguaína,TO,2018,3,183,315817,0,0.22681898277789608,-0.22681898277789608,0,3.166390662947213,TRUE,181
P. vivax,paper_replica_corrigido,17003,Miracema do Tocantins,TO,2018,1,181,148745,0,0.273301808260593,-0.273301808260593,0,3.3614575279841343,TRUE,181
P. vivax,paper_replica_corrigido,17003,Miracema do Tocantins,TO,2018,2,182,148745,0,0.249357220082918,-0.249357220082918,0,4.0337490335809605,TRUE,181
P. vivax,paper_replica_corrigido,17003,Miracema do Tocantins,TO,2018,3,183,148745,0,0.25042509427878495,-0.25042509427878495,0,3.3614575279841343,TRUE,181
P. vivax,paper_replica_corrigido,17004,Rio Formoso,TO,2018,1,181,126836,0,0.1816089787294649,-0.1816089787294649,0,3.1536787662808665,TRUE,181
P. vivax,paper_replica_corrigido,17004,Rio Formoso,TO,2018,2,182,126836,0,0.16569967633240867,-0.16569967633240867,0,2.7791794127849956,TRUE,181
P. vivax,paper_replica_corrigido,17004,Rio Formoso,TO,2018,3,183,126836,0,0.16641091317304826,-0.16641091317304826,0,2.36525907471065,TRUE,181
P. vivax,paper_replica_corrigido,17005,Gurupi,TO,2018,1,181,149602,0,0.04722824727972662,-0.04722824727972662,0,0.6684402614938303,TRUE,181
P. vivax,paper_replica_corrigido,17005,Gurupi,TO,2018,2,182,149602,0,0.04309351903714497,-0.04309351903714497,0,0.6684402614938303,TRUE,181
P. vivax,paper_replica_corrigido,17005,Gurupi,TO,2018,3,183,149602,0,0.04328117996598019,-0.04328117996598019,0,0.6684402614938303,TRUE,181
P. vivax,paper_replica_corrigido,17006,Porto Nacional,TO,2018,1,181,396590,0.7564487253838977,0.13818845894654366,0.6182602664373541,0,2.017196601023727,TRUE,181
P. vivax,paper_replica_corrigido,17006,Porto Nacional,TO,2018,2,182,396590,0,0.12608098612136687,-0.12608098612136687,0,1.645275977709972,TRUE,181
P. vivax,paper_replica_corrigido,17006,Porto Nacional,TO,2018,3,183,396590,0.7564487253838977,0.12662048418170688,0.6298282412021908,0,1.7650470258957611,TRUE,181
P. vivax,paper_replica_corrigido,17007,Jalapão,TO,2018,1,181,79443,0,0.00805157938804904,-0.00805157938804904,0,0,TRUE,181
P. vivax,paper_replica_corrigido,17007,Jalapão,TO,2018,2,182,79443,0,0.00735003244064175,-0.00735003244064175,0,0,TRUE,181
P. vivax,paper_replica_corrigido,17007,Jalapão,TO,2018,3,183,79443,0,0.00738518272695736,-0.00738518272695736,0,0,TRUE,181
P. vivax,paper_replica_corrigido,17008,Dianópolis,TO,2018,1,181,123994,0,0.0138590982393166,-0.0138590982393166,0,0.8064906366437086,TRUE,181
P. vivax,paper_replica_corrigido,17008,Dianópolis,TO,2018,2,182,123994,0,0.01264799832015778,-0.01264799832015778,0,0,TRUE,181
P. vivax,paper_replica_corrigido,17008,Dianópolis,TO,2018,3,183,123994,0,0.01270517352334806,-0.01270517352334806,0,0.8064906366437086,TRUE,181
P. vivax,paper_replica_corrigido,21001,Litoral Ocidental Maranhense,MA,2018,1,181,190870,0.5239168020118405,1.588720744153674,-1.0648039421418334,0,18.612144391470625,TRUE,181
P. vivax,paper_replica_corrigido,21001,Litoral Ocidental Maranhense,MA,2018,2,182,190870,0,1.4494956473115308,-1.4494956473115308,0,14.145753654319694,TRUE,181
P. vivax,paper_replica_corrigido,21001,Litoral Ocidental Maranhense,MA,2018,3,183,190870,0,1.4556721562239807,-1.4556721562239807,0,16.791533504479464,TRUE,181
P. vivax,paper_replica_corrigido,21002,Aglomeração Urbana de São Luís,MA,2018,1,181,1421946,0.07032615865862699,0.16441164244418704,-0.09408548378556006,0,1.9357275170787056,TRUE,181
P. vivax,paper_replica_corrigido,21002,Aglomeração Urbana de São Luís,MA,2018,2,182,1421946,0.07032615865862699,0.1500038682087844,-0.0796777095501574,0,1.232465930492436,TRUE,181
P. vivax,paper_replica_corrigido,21002,Aglomeração Urbana de São Luís,MA,2018,3,183,1421946,0.07032615865862699,0.15064319277844182,-0.08031703411981483,0,1.7247490411028252,TRUE,181
P. vivax,paper_replica_corrigido,21003,Rosário,MA,2018,1,181,177073,0,0.7656839205406204,-0.7656839205406204,0,9.332309273576422,TRUE,181
P. vivax,paper_replica_corrigido,21003,Rosário,MA,2018,2,182,177073,0,0.6985888525792168,-0.6985888525792168,0,9.897048110101473,TRUE,181
P. vivax,paper_replica_corrigido,21003,Rosário,MA,2018,3,183,177073,0.564738836525049,0.7015692847431562,-0.1368304482181072,0,7.934580653176913,TRUE,181
P. vivax,paper_replica_corrigido,21004,Lençóis Maranhenses,MA,2018,1,181,195389,0,0.25310055643143664,-0.25310055643143664,0,3.582596768497715,TRUE,181
P. vivax,paper_replica_corrigido,21004,Lençóis Maranhenses,MA,2018,2,182,195389,0,0.2309256257720056,-0.2309256257720056,0,3.339491987778215,TRUE,181
P. vivax,paper_replica_corrigido,21004,Lençóis Maranhenses,MA,2018,3,183,195389,0,0.2319143159323274,-0.2319143159323274,0,3.339491987778215,TRUE,181
P. vivax,paper_replica_corrigido,21005,Baixada Maranhense,MA,2018,1,181,601025,1.4974418701385133,1.5700514573672923,-0.07260958722877908,0,14.063474897050869,TRUE,181
P. vivax,paper_replica_corrigido,21005,Baixada Maranhense,MA,2018,2,182,601025,1.1646770101077326,1.4324546786847328,-0.26777766857700014,0,16.06006405723555,TRUE,181
P. vivax,paper_replica_corrigido,21005,Baixada Maranhense,MA,2018,3,183,601025,0.33276486003078076,1.438549738685735,-1.1057848786549545,0,13.90541158853624,TRUE,181
P. vivax,paper_replica_corrigido,21006,Itapecuru Mirim,MA,2018,1,181,233753,0,0.3468587707002403,-0.3468587707002403,0,3.850217965117025,TRUE,181
P. vivax,paper_replica_corrigido,21006,Itapecuru Mirim,MA,2018,2,182,233753,0,0.3164663924904195,-0.3164663924904195,0,3.6470120169580618,TRUE,181
P. vivax,paper_replica_corrigido,21006,Itapecuru Mirim,MA,2018,3,183,233753,0,0.3178188899038983,-0.3178188899038983,0,3.850217965117025,TRUE,181
P. vivax,paper_replica_corrigido,21007,Gurupi,MA,2018,1,181,240239,6.24378223352578,56.284904446270225,-50.04112221274445,7.98247758319276,483.13945572274156,FALSE,181
P. vivax,paper_replica_corrigido,21007,Gurupi,MA,2018,2,182,240239,17.482590253872186,51.352107500551675,-33.86951724667949,10.643303444257013,546.1345079834374,TRUE,181
P. vivax,paper_replica_corrigido,21007,Gurupi,MA,2018,3,183,240239,6.24378223352578,51.57053448804544,-45.32675225451966,9.246369867198284,502.1643606293506,FALSE,181
P. vivax,paper_replica_corrigido,21008,Pindaré,MA,2018,1,181,662890,8.900420884309614,17.132285322652468,-8.231864438342853,1.9286281103537994,145.15337315550286,TRUE,181
P. vivax,paper_replica_corrigido,21008,Pindaré,MA,2018,2,182,662890,8.900420884309614,15.630811464837635,-6.73039058052802,1.9286281103537994,120.5392568971125,TRUE,181
P. vivax,paper_replica_corrigido,21008,Pindaré,MA,2018,3,183,662890,7.54272956297425,15.69729536594047,-8.15456580296622,3.857256220707599,155.3509942889985,TRUE,181
P. vivax,paper_replica_corrigido,21009,Imperatriz,MA,2018,1,181,597823,1.8400095011399695,0.7066476354024023,1.1333618657375673,0,8.72331777131356,TRUE,181
P. vivax,paper_replica_corrigido,21009,Imperatriz,MA,2018,2,182,597823,1.338188728101796,0.6447193814286808,0.6934693466731151,0,6.452578773315837,TRUE,181
P. vivax,paper_replica_corrigido,21009,Imperatriz,MA,2018,3,183,597823,1.1709151370890716,0.6474640462705173,0.5234510908185542,0,6.946035866803381,TRUE,181
P. vivax,paper_replica_corrigido,21010,Médio Mearim,MA,2018,1,181,424133,2.121975889638392,0.7756094570141582,1.3463664326242335,0,7.432809991205583,TRUE,181
P. vivax,paper_replica_corrigido,21010,Médio Mearim,MA,2018,2,182,424133,1.8862007907896816,0.7076383776991023,1.1785624130905794,0,7.197034892356873,TRUE,181
P. vivax,paper_replica_corrigido,21010,Médio Mearim,MA,2018,3,183,424133,1.178875494243551,0.7106514847930975,0.4682240094504536,0,8.263917214647282,TRUE,181
P. vivax,paper_replica_corrigido,21011,Alto Mearim e Grajaú,MA,2018,1,181,334288,3.5897190446561047,0.9434384200933696,2.646280624562735,0,12.137737519743435,TRUE,181
P. vivax,paper_replica_corrigido,21011,Alto Mearim e Grajaú,MA,2018,2,182,334288,3.290575790934763,0.8607598202250962,2.429815970709667,0,10.484971042933026,TRUE,181
P. vivax,paper_replica_corrigido,21011,Alto Mearim e Grajaú,MA,2018,3,183,334288,8.67515435791892,0.8644252299381681,7.8107291279807525,0,8.076867850476235,FALSE,181
P. vivax,paper_replica_corrigido,21012,Presidente Dutra,MA,2018,1,181,199032,0.5024317697656658,0.4921738889602657,0.010257880805400132,0,5.790526146549286,TRUE,181
P. vivax,paper_replica_corrigido,21012,Presidente Dutra,MA,2018,2,182,199032,1.5072953092969974,0.4490461265924154,1.0582491827045821,0,5.790526146549286,TRUE,181
P. vivax,paper_replica_corrigido,21012,Presidente Dutra,MA,2018,3,183,199032,0.5024317697656658,0.4509623100978934,0.051469459667772444,0,5.790526146549286,TRUE,181
P. vivax,paper_replica_corrigido,21013,Baixo Parnaíba Maranhense,MA,2018,1,181,145296,1.376500385420108,0.3823330219501362,0.9941673634699719,0,4.490832507433086,TRUE,181
P. vivax,paper_replica_corrigido,21013,Baixo Parnaíba Maranhense,MA,2018,2,182,145296,0.6882501927100539,0.3488332523985713,0.3394169403114826,0,5.5060015416804315,TRUE,181
P. vivax,paper_replica_corrigido,21013,Baixo Parnaíba Maranhense,MA,2018,3,183,145296,0,0.35032447348281687,-0.35032447348281687,0,4.129501156260323,TRUE,181
P. vivax,paper_replica_corrigido,21014,Chapadinha,MA,2018,1,181,243323,2.0548817826510444,0.23806427916146555,1.8168175034895788,0,3.2878108522416705,TRUE,181
P. vivax,paper_replica_corrigido,21014,Chapadinha,MA,2018,2,182,243323,0.4109763565302088,0.2172053389470288,0.19377101758318002,0,3.5035734394200206,TRUE,181
P. vivax,paper_replica_corrigido,21014,Chapadinha,MA,2018,3,183,243323,0.4109763565302088,0.2181339505221665,0.1928424060080423,0,3.2878108522416705,TRUE,181
P. vivax,paper_replica_corrigido,21015,Codó,MA,2018,1,181,277501,0.3603590617691468,0.42880252848558126,-0.06844346671643448,0,4.153138186889408,TRUE,181
P. vivax,paper_replica_corrigido,21015,Codó,MA,2018,2,182,277501,0,0.3912271371365427,-0.3912271371365427,0,3.2432315559223213,TRUE,181
P. vivax,paper_replica_corrigido,21015,Codó,MA,2018,3,183,277501,0.3603590617691468,0.3928965453687651,-0.03253748359961833,0,4.513497248658555,TRUE,181
P. vivax,paper_replica_corrigido,21016,Coelho Neto,MA,2018,1,181,93313,3.2149861219765734,0.05259798337531237,3.162388138601261,0,1.0716620406588575,FALSE,181
P. vivax,paper_replica_corrigido,21016,Coelho Neto,MA,2018,2,182,93313,0,0.04799479180228127,-0.04799479180228127,0,1.0716620406588575,TRUE,181
P. vivax,paper_replica_corrigido,21016,Coelho Neto,MA,2018,3,183,93313,1.0716620406588575,0.04820503418036009,1.0234570064784974,0,1.0716620406588575,TRUE,181
P. vivax,paper_replica_corrigido,21017,Caxias,MA,2018,1,181,442882,0,0.12814833562520345,-0.12814833562520345,0,1.5805564461865689,TRUE,181
P. vivax,paper_replica_corrigido,21017,Caxias,MA,2018,2,182,442882,0,0.11691976939081396,-0.11691976939081396,0,1.5805564461865689,TRUE,181
P. vivax,paper_replica_corrigido,21017,Caxias,MA,2018,3,183,442882,0,0.11741933884320628,-0.11741933884320628,0,1.5805564461865689,TRUE,181
P. vivax,paper_replica_corrigido,21018,Chapadas do Alto Itapecuru,MA,2018,1,181,220558,0,0.12275826961826318,-0.12275826961826318,0,1.813581914961144,TRUE,181
P. vivax,paper_replica_corrigido,21018,Chapadas do Alto Itapecuru,MA,2018,2,182,220558,0,0.112003644223853,-0.112003644223853,0,1.360186436220858,TRUE,181
P. vivax,paper_replica_corrigido,21018,Chapadas do Alto Itapecuru,MA,2018,3,183,220558,0,0.11248411322486712,-0.11248411322486712,0,1.360186436220858,TRUE,181
P. vivax,paper_replica_corrigido,21019,Porto Franco,MA,2018,1,181,119474,0.8370021929457456,0.26298960656843734,0.5740125863773082,0,4.185010964728727,TRUE,181
P. vivax,paper_replica_corrigido,21019,Porto Franco,MA,2018,2,182,119474,0.8370021929457456,0.2399493076046376,0.597052885341108,0,3.7874349230794793,TRUE,181
P. vivax,paper_replica_corrigido,21019,Porto Franco,MA,2018,3,183,119474,0.8370021929457456,0.24097783987049065,0.5960243530752549,0,3.3480087717829825,TRUE,181
P. vivax,paper_replica_corrigido,21020,Gerais de Balsas,MA,2018,1,181,142177,0,0.02970937635822209,-0.02970937635822209,0,0.7033486428887935,TRUE,181
P. vivax,paper_replica_corrigido,21020,Gerais de Balsas,MA,2018,2,182,142177,0,0.02710958637797454,-0.02710958637797454,0,0.7033486428887935,TRUE,181
P. vivax,paper_replica_corrigido,21020,Gerais de Balsas,MA,2018,3,183,142177,0,0.02722873587222364,-0.02722873587222364,0,0.7033486428887935,TRUE,181
P. vivax,paper_replica_corrigido,21021,Chapadas das Mangabeiras,MA,2018,1,181,72070,0,0.02025948433890002,-0.02025948433890002,0,1.3875398917718884,TRUE,181
P. vivax,paper_replica_corrigido,21021,Chapadas das Mangabeiras,MA,2018,2,182,72070,0,0.01848998520854746,-0.01848998520854746,0,1.3875398917718884,TRUE,181
P. vivax,paper_replica_corrigido,21021,Chapadas das Mangabeiras,MA,2018,3,183,72070,0,0.01857437695137844,-0.01857437695137844,0,0,TRUE,181
P. vivax,paper_replica_corrigido,51001,Aripuanã,MT,2018,1,181,166705,48.58882457034882,138.86379760028345,-90.27497302993463,34.51070631550305,1940.4603256622504,TRUE,181
P. vivax,paper_replica_corrigido,51001,Aripuanã,MT,2018,2,182,166705,25.79406736450616,126.693665426545,-100.89959806203883,20.994013008597697,1342.2747495268711,TRUE,181
P. vivax,paper_replica_corrigido,51001,Aripuanã,MT,2018,3,183,166705,41.990342221289104,127.2324530569987,-85.24211083570958,28.66305885648726,1495.3680772653654,TRUE,181
P. vivax,paper_replica_corrigido,51002,Alta Floresta,MT,2018,1,181,107187,0,15.685423999503529,-15.685423999503529,0,149.09320720708087,TRUE,181
P. vivax,paper_replica_corrigido,51002,Alta Floresta,MT,2018,2,182,107187,0.932948958362488,14.310836726972902,-13.377887768610414,0,131.50020875664507,TRUE,181
P. vivax,paper_replica_corrigido,51002,Alta Floresta,MT,2018,3,183,107187,0,14.371782324812452,-14.371782324812452,0,146.26043627014622,TRUE,181
P. vivax,paper_replica_corrigido,51003,Colíder,MT,2018,1,181,155831,1.9251625158023755,1.9582179902659336,-0.033055474463558054,0,18.30508692108757,TRUE,181
P. vivax,paper_replica_corrigido,51003,Colíder,MT,2018,2,182,155831,1.2834416772015838,1.7866090771493466,-0.5031673999477628,0,16.41201044721521,TRUE,181
P. vivax,paper_replica_corrigido,51003,Colíder,MT,2018,3,183,155831,10.26753341761267,1.7942185696305837,8.473314847982087,0,18.641990361352978,TRUE,181
P. vivax,paper_replica_corrigido,51004,Parecis,MT,2018,1,181,108739,0,0.6525776408182767,-0.6525776408182767,0,9.196332502597963,TRUE,181
P. vivax,paper_replica_corrigido,51004,Parecis,MT,2018,2,182,108739,0,0.5953984122591858,-0.5953984122591858,0,6.437432751818576,TRUE,181
P. vivax,paper_replica_corrigido,51004,Parecis,MT,2018,3,183,108739,0,0.5979432234019832,-0.5979432234019832,0,8.276699252338167,TRUE,181
P. vivax,paper_replica_corrigido,51005,Arinos,MT,2018,1,181,82534,0,0.24276231959197556,-0.24276231959197556,0,3.634865631133836,TRUE,181
P. vivax,paper_replica_corrigido,51005,Arinos,MT,2018,2,182,82534,1.211621877044612,0.22149677322559355,0.9901251038190185,0,4.27096711658223,TRUE,181
P. vivax,paper_replica_corrigido,51005,Arinos,MT,2018,3,183,82534,0,0.2224490945483636,-0.2224490945483636,0,3.634865631133836,TRUE,181
P. vivax,paper_replica_corrigido,51006,Alto Teles Pires,MT,2018,1,181,252848,1.1864835790672656,0.5625056551957057,0.6239779238715599,0,7.118901474403595,TRUE,181
P. vivax,paper_replica_corrigido,51006,Alto Teles Pires,MT,2018,2,182,252848,0,0.5132155393850777,-0.5132155393850777,0,5.7445579953173365,TRUE,181
P. vivax,paper_replica_corrigido,51006,Alto Teles Pires,MT,2018,3,183,252848,0.3954945263557552,0.5154058445378714,-0.1199113181821162,0,5.932417895336329,TRUE,181
P. vivax,paper_replica_corrigido,51007,Sinop,MT,2018,1,181,203408,0.4916227483678125,1.401595053812316,-0.9099723054445036,0,16.481652639030905,TRUE,181
P. vivax,paper_replica_corrigido,51007,Sinop,MT,2018,2,182,203408,0.9832454967356248,1.278769621908982,-0.29552412517335713,0,13.040293400456214,TRUE,181
P. vivax,paper_replica_corrigido,51007,Sinop,MT,2018,3,183,203408,0.4916227483678125,1.2842186617587354,-0.792595913390923,0,12.57325178950677,TRUE,181
P. vivax,paper_replica_corrigido,51008,Paranatinga,MT,2018,1,181,36363,0,0.6036314908692303,-0.6036314908692303,0,8.250144377526606,TRUE,181
P. vivax,paper_replica_corrigido,51008,Paranatinga,MT,2018,2,182,36363,0,0.550755814255135,-0.550755814255135,0,5.500096251684405,TRUE,181
P. vivax,paper_replica_corrigido,51008,Paranatinga,MT,2018,3,183,36363,0,0.5531233734233522,-0.5531233734233522,0,8.250144377526606,TRUE,181
P. vivax,paper_replica_corrigido,51009,Norte Araguaia,MT,2018,1,181,130472,0,0.23475699002905528,-0.23475699002905528,0,3.065791894046232,TRUE,181
P. vivax,paper_replica_corrigido,51009,Norte Araguaia,MT,2018,2,182,130472,0,0.21419134666837272,-0.21419134666837272,0,3.83223986755779,TRUE,181
P. vivax,paper_replica_corrigido,51009,Norte Araguaia,MT,2018,3,183,130472,0.766447973511558,0.2151108505833201,0.5513371229282379,0,3.065791894046232,TRUE,181
P. vivax,paper_replica_corrigido,51010,Canarana,MT,2018,1,181,114602,0,0.1756170791617777,-0.1756170791617777,0,2.6177553620355662,TRUE,181
P. vivax,paper_replica_corrigido,51010,Canarana,MT,2018,2,182,114602,0,0.16023361730237193,-0.16023361730237193,0,2.6177553620355662,TRUE,181
P. vivax,paper_replica_corrigido,51010,Canarana,MT,2018,3,183,114602,0.8725851206785221,0.1609222595373132,0.7116628611412089,0,2.6177553620355662,TRUE,181
P. vivax,paper_replica_corrigido,51011,Médio Araguaia,MT,2018,1,181,69471,0,0.05300482615784616,-0.05300482615784616,0,1.439449554490363,TRUE,181
P. vivax,paper_replica_corrigido,51011,Médio Araguaia,MT,2018,2,182,69471,0,0.04836724565104094,-0.04836724565104094,0,1.439449554490363,TRUE,181
P. vivax,paper_replica_corrigido,51011,Médio Araguaia,MT,2018,3,183,69471,0,0.04858035972209275,-0.04858035972209275,0,1.439449554490363,TRUE,181
P. vivax,paper_replica_corrigido,51012,Alto Guaporé,MT,2018,1,181,74703,1.3386343252613684,0.6037091719076129,0.7349251533537555,0,9.370440276829578,TRUE,181
P. vivax,paper_replica_corrigido,51012,Alto Guaporé,MT,2018,2,182,74703,0,0.550815345962853,-0.550815345962853,0,6.6931716263068415,TRUE,181
P. vivax,paper_replica_corrigido,51012,Alto Guaporé,MT,2018,3,183,74703,0,0.5531726304357996,-0.5531726304357996,0,6.6931716263068415,TRUE,181
P. vivax,paper_replica_corrigido,51013,Tangará da Serra,MT,2018,1,181,168844,0,0.13106672629658056,-0.13106672629658056,0,1.7767880410319583,TRUE,181
P. vivax,paper_replica_corrigido,51013,Tangará da Serra,MT,2018,2,182,168844,0,0.11958548752719585,-0.11958548752719585,0,1.7767880410319583,TRUE,181
P. vivax,paper_replica_corrigido,51013,Tangará da Serra,MT,2018,3,183,168844,0,0.1200993420502433,-0.1200993420502433,0,2.3690507213759444,TRUE,181
P. vivax,paper_replica_corrigido,51014,Jauru,MT,2018,1,181,110817,0,0.09242883645688205,-0.09242883645688205,0,1.8047772453684905,TRUE,181
P. vivax,paper_replica_corrigido,51014,Jauru,MT,2018,2,182,110817,0.9023886226842452,0.08433436421727253,0.8180542584669728,0,1.8047772453684905,TRUE,181
P. vivax,paper_replica_corrigido,51014,Jauru,MT,2018,3,183,110817,0,0.08469907703260247,-0.08469907703260247,0,1.8047772453684905,TRUE,181
P. vivax,paper_replica_corrigido,51015,Alto Paraguai,MT,2018,1,181,33393,0,0.11597466916921216,-0.11597466916921216,0,2.9946395951247267,TRUE,181
P. vivax,paper_replica_corrigido,51015,Alto Paraguai,MT,2018,2,182,33393,0,0.10582682318679495,-0.10582682318679495,0,2.9946395951247267,TRUE,181
P. vivax,paper_replica_corrigido,51015,Alto Paraguai,MT,2018,3,183,33393,0,0.10629262213259026,-0.10629262213259026,0,2.9946395951247267,TRUE,181
P. vivax,paper_replica_corrigido,51016,Rosário Oeste,MT,2018,1,181,31027,0,0.08338852019063464,-0.08338852019063464,0,3.222999323170142,TRUE,181
P. vivax,paper_replica_corrigido,51016,Rosário Oeste,MT,2018,2,182,31027,0,0.07609465238357373,-0.07609465238357373,0,3.222999323170142,TRUE,181
P. vivax,paper_replica_corrigido,51016,Rosário Oeste,MT,2018,3,183,31027,0,0.0764319328792879,-0.0764319328792879,0,3.222999323170142,TRUE,181
P. vivax,paper_replica_corrigido,51017,Cuiabá,MT,2018,1,181,938414,0.21312555013032627,0.1345954258697515,0.07853012426057476,0,1.3853160758471208,TRUE,181
P. vivax,paper_replica_corrigido,51017,Cuiabá,MT,2018,2,182,938414,0.10656277506516314,0.12280078971746124,-0.0162380146522981,0,1.598441625977447,TRUE,181
P. vivax,paper_replica_corrigido,51017,Cuiabá,MT,2018,3,183,938414,0,0.12332450472085826,-0.12332450472085826,0,1.1721905257167944,TRUE,181
P. vivax,paper_replica_corrigido,51018,Alto Pantanal,MT,2018,1,181,140405,0,0.08660690746528688,-0.08660690746528688,0,1.424450696200278,TRUE,181
P. vivax,paper_replica_corrigido,51018,Alto Pantanal,MT,2018,2,182,140405,0,0.07902214001643132,-0.07902214001643132,0,1.424450696200278,TRUE,181
P. vivax,paper_replica_corrigido,51018,Alto Pantanal,MT,2018,3,183,140405,0,0.07936334466240354,-0.07936334466240354,0,1.424450696200278,TRUE,181
P. vivax,paper_replica_corrigido,51019,Primavera do Leste,MT,2018,1,181,103909,0,0.10981215404370484,-0.10981215404370484,0,1.924761089029824,TRUE,181
P. vivax,paper_replica_corrigido,51019,Primavera do Leste,MT,2018,2,182,103909,0,0.100196321697057,-0.100196321697057,0,1.924761089029824,TRUE,181
P. vivax,paper_replica_corrigido,51019,Primavera do Leste,MT,2018,3,183,103909,0,0.10063000056686185,-0.10063000056686185,0,1.924761089029824,TRUE,181
P. vivax,paper_replica_corrigido,51020,Tesouro,MT,2018,1,181,55925,0,0.02889064228749871,-0.02889064228749871,0,0,TRUE,181
P. vivax,paper_replica_corrigido,51020,Tesouro,MT,2018,2,182,55925,0,0.02636634197093852,-0.02636634197093852,0,1.7881090746535535,TRUE,181
P. vivax,paper_replica_corrigido,51020,Tesouro,MT,2018,3,183,55925,0,0.02648583685000449,-0.02648583685000449,0,1.7881090746535535,TRUE,181
P. vivax,paper_replica_corrigido,51021,Rondonópolis,MT,2018,1,181,315273,0.317185423426681,0.09005417179890093,0.22713125162778006,0,1.268741693706724,TRUE,181
P. vivax,paper_replica_corrigido,51021,Rondonópolis,MT,2018,2,182,315273,0,0.0821650122075169,-0.0821650122075169,0,0.951556270280043,TRUE,181
P. vivax,paper_replica_corrigido,51021,Rondonópolis,MT,2018,3,183,315273,0,0.08251749594317435,-0.08251749594317435,0,1.268741693706724,TRUE,181
P. vivax,paper_replica_corrigido,51022,Alto Araguaia,MT,2018,1,181,41128,0,0.01334944942932039,-0.01334944942932039,0,0,TRUE,181
P. vivax,paper_replica_corrigido,51022,Alto Araguaia,MT,2018,2,182,41128,0,0.01218809079460883,-0.01218809079460883,0,0,TRUE,181
P. vivax,paper_replica_corrigido,51022,Alto Araguaia,MT,2018,3,183,41128,0,0.01224805796339518,-0.01224805796339518,0,0,TRUE,181
P. vivax,paper_replica_corrigido,11001,Porto Velho,RO,2019,1,193,676286,82.21373797476215,511.48218761117863,-429.26844963641645,189.397003059736,4772.733586149737,FALSE,193
P. vivax,paper_replica_corrigido,11001,Porto Velho,RO,2019,2,194,676286,104.54156969092958,464.6992758407657,-360.15770614983614,122.19237714558888,4365.535937150938,FALSE,193
P. vivax,paper_replica_corrigido,11001,Porto Velho,RO,2019,3,195,676286,88.42412825343123,466.29805578965124,-377.87392753622,106.26554245285499,4999.939098865817,FALSE,193
P. vivax,paper_replica_corrigido,11002,Guajará-Mirim,RO,2019,1,193,84771,34.20981231789173,226.3329513858794,-192.12313906798767,22.622151822069405,2520.484748842231,TRUE,193
P. vivax,paper_replica_corrigido,11002,Guajará-Mirim,RO,2019,2,194,84771,25.952271413573037,205.63153879842739,-179.67926738485434,15.081434548046268,2256.5596442514075,TRUE,193
P. vivax,paper_replica_corrigido,11002,Guajará-Mirim,RO,2019,3,195,84771,30.670866216040864,206.33920642950835,-175.6683402134675,44.86726778043767,2292.755087166734,FALSE,193
P. vivax,paper_replica_corrigido,11003,Ariquemes,RO,2019,1,193,206332,50.88885873252816,377.92698540087184,-327.0381266683437,88.21798001003832,4598.178259206281,FALSE,193
P. vivax,paper_replica_corrigido,11003,Ariquemes,RO,2019,2,194,206332,50.40420293507551,343.35985235863933,-292.95564942356384,97.3573317582249,3484.3391279294055,FALSE,193
P. vivax,paper_replica_corrigido,11003,Ariquemes,RO,2019,3,195,206332,54.2814493146967,344.5412625041508,-290.25981318945406,78.6139154610965,3560.629479386723,FALSE,193
P. vivax,paper_replica_corrigido,11004,Ji-Paraná,RO,2019,1,193,294493,6.791332900951804,51.59981521075978,-44.80848230980797,6.51187781070737,511.99639286686613,TRUE,193
P. vivax,paper_replica_corrigido,11004,Ji-Paraná,RO,2019,2,194,294493,7.130899545999395,46.88026932564764,-39.74936977964824,7.54292513073604,437.5439232311125,FALSE,193
P. vivax,paper_replica_corrigido,11004,Ji-Paraná,RO,2019,3,195,294493,6.112199610856625,47.04161386113091,-40.929414250274284,10.85312968451228,431.9545614435888,FALSE,193
P. vivax,paper_replica_corrigido,11005,Alvorada D'Oeste,RO,2019,1,193,69746,0,32.62141226363576,-32.62141226363576,0,357.89999891913754,TRUE,193
P. vivax,paper_replica_corrigido,11005,Alvorada D'Oeste,RO,2019,2,194,69746,5.735095919479253,29.637840817259303,-23.90274489778005,0,371.87688748128045,TRUE,193
P. vivax,paper_replica_corrigido,11005,Alvorada D'Oeste,RO,2019,3,195,69746,4.30132193960944,29.739966917298574,-25.438644977689133,0,302.4507033119476,TRUE,193
P. vivax,paper_replica_corrigido,11006,Cacoal,RO,2019,1,193,236722,2.112182222184672,24.72306709123755,-22.610884869052878,0,257.20909851830146,TRUE,193
P. vivax,paper_replica_corrigido,11006,Cacoal,RO,2019,2,194,236722,1.6897457777477378,22.46182541846597,-20.772079640718232,1.282670045104397,260.7870728546456,TRUE,193
P. vivax,paper_replica_corrigido,11006,Cacoal,RO,2019,3,195,236722,1.6897457777477378,22.539165375512347,-20.84941959776461,0,248.7029708507674,TRUE,193
P. vivax,paper_replica_corrigido,11007,Vilhena,RO,2019,1,193,161798,3.090273056527275,16.687306827583406,-13.59703377105613,0,168.4035364438596,TRUE,193
P. vivax,paper_replica_corrigido,11007,Vilhena,RO,2019,2,194,161798,7.41665533566546,15.161072961937272,-7.744417626271812,0,148.2543743121606,TRUE,193
P. vivax,paper_replica_corrigido,11007,Vilhena,RO,2019,3,195,161798,3.70832766783273,15.213306900629622,-11.504979232796892,0,142.4269205583847,TRUE,193
P. vivax,paper_replica_corrigido,11008,Colorado do Oeste,RO,2019,1,193,47077,4.248359071308707,14.973270216360456,-10.724911145051749,0,162.94177047039065,TRUE,193
P. vivax,paper_replica_corrigido,11008,Colorado do Oeste,RO,2019,2,194,47077,2.1241795356543536,13.603881929208443,-11.479702393554089,0,197.22743467353507,TRUE,193
P. vivax,paper_replica_corrigido,11008,Colorado do Oeste,RO,2019,3,195,47077,8.496718142617414,13.650835671912139,-5.154117529294725,0,135.78480872532558,TRUE,193
P. vivax,paper_replica_corrigido,12001,Cruzeiro do Sul,AC,2019,1,193,157132,825.4206654277932,2346.5158501692395,-1521.0951847414462,561.5042940368518,17864.196567211187,TRUE,193
P. vivax,paper_replica_corrigido,12001,Cruzeiro do Sul,AC,2019,2,194,157132,560.0386935824657,2131.890895811593,-1571.8522022291272,510.95772020306896,20656.259125478482,TRUE,193
P. vivax,paper_replica_corrigido,12001,Cruzeiro do Sul,AC,2019,3,195,157132,476.0328895450958,2139.225580598479,-1663.1926910533834,713.0423121703257,21609.62649593695,FALSE,193
P. vivax,paper_replica_corrigido,12002,Tarauacá,AC,2019,1,193,85664,1.167351512887561,145.53214477082835,-144.3647932579408,22.38632835390182,1728.2245489212164,FALSE,193
P. vivax,paper_replica_corrigido,12002,Tarauacá,AC,2019,2,194,85664,5.836757564437804,132.2212065955018,-126.384449031064,22.38632835390182,1367.4315569508344,FALSE,193
P. vivax,paper_replica_corrigido,12002,Tarauacá,AC,2019,3,195,85664,4.669406051550243,132.67630993700672,-128.00690388545647,14.924218902601211,1369.856742522508,FALSE,193
P. vivax,paper_replica_corrigido,12003,Sena Madureira,AC,2019,1,193,61847,1.6168933012110531,0.6311049431300498,0.9857883580810033,0,8.084466506055264,TRUE,193
P. vivax,paper_replica_corrigido,12003,Sena Madureira,AC,2019,2,194,61847,0,0.5733951441079199,-0.5733951441079199,0,6.4675732048442125,TRUE,193
P. vivax,paper_replica_corrigido,12003,Sena Madureira,AC,2019,3,195,61847,3.2337866024221062,0.5753811733234945,2.658405429098612,0,9.701359807266318,TRUE,193
P. vivax,paper_replica_corrigido,12004,Rio Branco,AC,2019,1,193,505863,15.419194524999853,60.45417906516062,-45.03498454016077,12.573324661341791,533.3869687992328,TRUE,193
P. vivax,paper_replica_corrigido,12004,Rio Branco,AC,2019,2,194,505863,12.651646789743468,54.92474991730086,-42.27310312755739,11.372856477595587,540.5581866337164,TRUE,193
P. vivax,paper_replica_corrigido,12004,Rio Branco,AC,2019,3,195,505863,15.616876506089596,55.11375017822224,-39.496873672132644,13.23674128920153,611.3226269387557,TRUE,193
P. vivax,paper_replica_corrigido,12005,Brasiléia,AC,2019,1,193,71429,2.799983200100799,1.4800902072175592,1.31989299288324,0,15.399907600554396,TRUE,193
P. vivax,paper_replica_corrigido,12005,Brasiléia,AC,2019,2,194,71429,0,1.3447319835153235,-1.3447319835153235,0,17.53489479063122,TRUE,193
P. vivax,paper_replica_corrigido,12005,Brasiléia,AC,2019,3,195,71429,0,1.3493766939813543,-1.3493766939813543,0,12.599924400453595,TRUE,193
P. vivax,paper_replica_corrigido,13001,Rio Negro,AM,2019,1,193,117676,1448.0437812298176,1380.584726686345,67.45905454347258,358.2505506576395,14360.84949977005,TRUE,193
P. vivax,paper_replica_corrigido,13001,Rio Negro,AM,2019,2,194,117676,1045.2428702539175,1254.3090820754674,-209.0662118215498,342.22569661002717,12857.908315490993,TRUE,193
P. vivax,paper_replica_corrigido,13001,Rio Negro,AM,2019,3,195,117676,766.5114381862062,1258.6245498296798,-492.11311164347364,336.79354269558223,11387.56005469865,TRUE,193
P. vivax,paper_replica_corrigido,13002,Japurá,AM,2019,1,193,20979,309.8336431669765,375.2113231083831,-65.3776799414066,30.47019133591759,3444.655130525482,TRUE,193
P. vivax,paper_replica_corrigido,13002,Japurá,AM,2019,2,194,20979,467.13380046713377,340.8929945010165,126.24080596611725,44.94353222047849,3199.3700902713467,TRUE,193
P. vivax,paper_replica_corrigido,13002,Japurá,AM,2019,3,195,20979,295.5336288669622,342.06645534689414,-46.53282647993194,30.47019133591759,3347.9122730339345,TRUE,193
P. vivax,paper_replica_corrigido,13003,Alto Solimões,AM,2019,1,193,251867,95.68542127392632,382.38942978753283,-286.7040085136065,104.8821441566247,4165.337567812505,FALSE,193
P. vivax,paper_replica_corrigido,13003,Alto Solimões,AM,2019,2,194,251867,77.4218138938408,347.4141247568754,-269.9923108630346,111.16365188288354,3326.72456157047,FALSE,193
P. vivax,paper_replica_corrigido,13003,Alto Solimões,AM,2019,3,195,251867,111.16978405269448,348.6094563070258,-237.43967225433136,91.24048596323429,3093.801179114948,TRUE,193
P. vivax,paper_replica_corrigido,13004,Juruá,AM,2019,1,193,152530,190.782141218121,632.4392270195564,-441.65708580143536,201.1619937962258,7126.897033333683,FALSE,193
P. vivax,paper_replica_corrigido,13004,Juruá,AM,2019,2,194,152530,141.61148626499707,574.5930605130485,-432.9815742480514,141.86111437504675,4885.407608710527,FALSE,193
P. vivax,paper_replica_corrigido,13004,Juruá,AM,2019,3,195,152530,231.4298826460368,576.5700616459876,-345.1401789999508,167.42545108665044,5832.126242014013,TRUE,193
P. vivax,paper_replica_corrigido,13005,Tefé,AM,2019,1,193,89430,276.19367102761936,661.7391526708243,-385.54548164320494,124.90905364008566,6036.556138792178,TRUE,193
P. vivax,paper_replica_corrigido,13005,Tefé,AM,2019,2,194,89430,197.92016101979203,601.2131001550136,-403.2929391352216,167.79628235771162,5762.613965358329,TRUE,193
P. vivax,paper_replica_corrigido,13005,Tefé,AM,2019,3,195,89430,210.22028402102205,603.281733157093,-393.0614491360709,139.204796545961,6019.937337664098,TRUE,193
P. vivax,paper_replica_corrigido,13006,Coari,AM,2019,1,193,181118,91.65295553175278,322.3855357750567,-230.73258024330394,73.94049910864027,3830.2590290048606,TRUE,193
P. vivax,paper_replica_corrigido,13006,Coari,AM,2019,2,194,181118,102.14335405647148,292.8985269594226,-190.75517290295113,84.52863740582026,2524.2121700477087,TRUE,193
P. vivax,paper_replica_corrigido,13006,Coari,AM,2019,3,195,181118,107.11249019975926,293.90632942372235,-186.7938392239631,63.35236081146029,2492.7124586135933,TRUE,193
P. vivax,paper_replica_corrigido,13007,Manaus,AM,2019,1,193,2468200,45.49874402398509,176.2973709893411,-130.798626965356,56.61477347310455,1743.8178991267475,FALSE,193
P. vivax,paper_replica_corrigido,13007,Manaus,AM,2019,2,194,2468200,29.13054047483996,160.17226261585847,-131.0417221410185,39.981270150551296,1486.8629700263796,FALSE,193
P. vivax,paper_replica_corrigido,13007,Manaus,AM,2019,3,195,2468200,24.835912810955353,160.72332371711857,-135.8874109061632,48.035796477237255,1559.567372053998,FALSE,193
P. vivax,paper_replica_corrigido,13008,Rio Preto da Eva,AM,2019,1,193,69626,363.37000545773134,695.842170456239,-332.4721649985077,201.52226842838778,7550.887912024026,TRUE,193
P. vivax,paper_replica_corrigido,13008,Rio Preto da Eva,AM,2019,2,194,69626,249.9066440697441,632.1969896597294,-382.29034558998535,155.6174236838803,6170.529230556674,TRUE,193
P. vivax,paper_replica_corrigido,13008,Rio Preto da Eva,AM,2019,3,195,69626,152.2419785712234,634.3723129371026,-482.1303343658792,119.35259633571937,6647.710091675842,TRUE,193
P. vivax,paper_replica_corrigido,13009,Itacoatiara,AM,2019,1,193,180099,24.986257558342913,101.31819525594783,-76.33193769760491,24.84544060907338,1013.51650941727,TRUE,193
P. vivax,paper_replica_corrigido,13009,Itacoatiara,AM,2019,2,194,180099,18.323255542784803,92.05123703990904,-73.72798149712423,15.88333524651477,792.0371531306743,TRUE,193
P. vivax,paper_replica_corrigido,13009,Itacoatiara,AM,2019,3,195,180099,20.544256214637503,92.36805489877536,-71.82379868413786,15.88333524651477,1074.1216377601181,TRUE,193
P. vivax,paper_replica_corrigido,13010,Parintins,AM,2019,1,193,280875,27.41433021806853,43.65302314917617,-16.23869293110764,5.632770828623528,439.5837113327809,TRUE,193
P. vivax,paper_replica_corrigido,13010,Parintins,AM,2019,2,194,280875,22.429906542056074,39.660334632495854,-17.23042809043978,6.827601004392152,378.9887524188009,TRUE,193
P. vivax,paper_replica_corrigido,13010,Parintins,AM,2019,3,195,280875,20.29372496662216,39.796840434877055,-19.503115468254894,6.827601004392152,519.1252630339496,TRUE,193
P. vivax,paper_replica_corrigido,13011,Boca do Acre,AM,2019,1,193,53734,115.38318383146613,304.0167833130476,-188.63359948158148,29.443266953691023,3367.5364819862893,TRUE,193
P. vivax,paper_replica_corrigido,13011,Boca do Acre,AM,2019,2,194,53734,81.88484013845982,276.21003938638097,-194.32519924792115,47.58507790495516,2689.7465285775893,TRUE,193
P. vivax,paper_replica_corrigido,13011,Boca do Acre,AM,2019,3,195,53734,119.10522201957794,277.1606586106681,-158.0554365910902,46.99026443114326,3002.023602328855,TRUE,193
P. vivax,paper_replica_corrigido,13012,Purus,AM,2019,1,193,78854,265.0467953432927,872.743617099269,-607.6968217559763,242.79126758166538,12694.659607719448,TRUE,193
P. vivax,paper_replica_corrigido,13012,Purus,AM,2019,2,194,78854,291.67829152611154,792.9179966790409,-501.2397051529294,177.93884218422556,9314.226933877919,TRUE,193
P. vivax,paper_replica_corrigido,13012,Purus,AM,2019,3,195,78854,398.2042762573871,795.6462463615153,-397.4419701041282,324.26212698719917,10789.822275499024,TRUE,193
P. vivax,paper_replica_corrigido,13013,Madeira,AM,2019,1,193,199609,114.22330656433328,384.5278127231712,-270.30450615883797,108.56242695884302,3959.4062133108973,TRUE,193
P. vivax,paper_replica_corrigido,13013,Madeira,AM,2019,2,194,199609,97.69098587739028,349.3569219002535,-251.6659360228632,111.60473685886961,3028.539444689606,FALSE,193
P. vivax,paper_replica_corrigido,13013,Madeira,AM,2019,3,195,199609,105.70665651348386,350.5589554349797,-244.85229892149582,80.06078684280456,3026.5379250185365,TRUE,193
P. vivax,paper_replica_corrigido,14001,Boa Vista,RR,2019,1,193,444920,275.77991549042525,234.92838528231303,40.85153020811222,37.965841625813596,2170.2668710642465,TRUE,193
P. vivax,paper_replica_corrigido,14001,Boa Vista,RR,2019,2,194,444920,262.5191045581228,213.44061378251132,49.0784907756115,60.05571163515644,2028.3170071993309,TRUE,193
P. vivax,paper_replica_corrigido,14001,Boa Vista,RR,2019,3,195,444920,251.73064820641915,214.1749884946584,37.55565971176074,48.77730645965456,1880.3328373806403,TRUE,193
P. vivax,paper_replica_corrigido,14002,Nordeste de Roraima,RR,2019,1,193,52593,844.2188123894814,570.7650775358377,273.4537348536437,114.55482302856522,4825.8877966569535,TRUE,193
P. vivax,paper_replica_corrigido,14002,Nordeste de Roraima,RR,2019,2,194,52593,614.1501720761319,518.5602618980805,95.58991017805135,96.62714515406826,5525.371092709353,TRUE,193
P. vivax,paper_replica_corrigido,14002,Nordeste de Roraima,RR,2019,3,195,52593,538.0944232122146,520.3447106450851,17.74971256712945,151.62561456566053,3816.1645156916393,TRUE,193
P. vivax,paper_replica_corrigido,14003,Caracaraí,RR,2019,1,193,51729,771.3274952154497,724.0963504282169,47.23114478723289,160.645747500837,7230.91224231652,TRUE,193
P. vivax,paper_replica_corrigido,14003,Caracaraí,RR,2019,2,194,51729,601.2101529122929,657.8669022987566,-56.65674938646373,178.87286115958582,5839.781855785233,TRUE,193
P. vivax,paper_replica_corrigido,14003,Caracaraí,RR,2019,3,195,51729,473.62214618492527,660.1305861368971,-186.50843995197187,215.944956736702,7212.06726039815,TRUE,193
P. vivax,paper_replica_corrigido,14004,Sudeste de Roraima,RR,2019,1,193,56519,1072.2058068967958,739.2800609371486,332.9257459596472,231.0082873359348,9005.081927876157,TRUE,193
P. vivax,paper_replica_corrigido,14004,Sudeste de Roraima,RR,2019,2,194,56519,980.201348219183,671.6618106803651,308.53953753881797,168.52012148374192,6166.8185395308865,TRUE,193
P. vivax,paper_replica_corrigido,14004,Sudeste de Roraima,RR,2019,3,195,56519,819.1935455333605,673.972905364535,145.22064016882553,179.83019675110714,6562.105670125302,TRUE,193
P. vivax,paper_replica_corrigido,15001,Óbidos,PA,2019,1,193,209139,23.429393848110585,21.800500384104478,1.628893464006108,0,235.35079105661097,TRUE,193
P. vivax,paper_replica_corrigido,15001,Óbidos,PA,2019,2,194,209139,20.560488478954188,19.806587880216604,0.7539005987375837,0,237.26110591908312,TRUE,193
P. vivax,paper_replica_corrigido,15001,Óbidos,PA,2019,3,195,209139,17.69158310979779,19.874816367437102,-2.183233257639312,0,156.034517966753,TRUE,193
P. vivax,paper_replica_corrigido,15002,Santarém,PA,2019,1,193,528467,31.60083789527066,36.687374838618595,-5.086536943347934,9.041766518383756,363.57578210878887,TRUE,193
P. vivax,paper_replica_corrigido,15002,Santarém,PA,2019,2,194,528467,23.842548352120374,33.3317863320742,-9.489237979953828,6.622564774334591,345.431769028419,TRUE,193
P. vivax,paper_replica_corrigido,15002,Santarém,PA,2019,3,195,528467,15.70580566052374,33.44650101332109,-17.74069535279735,4.83840348809833,291.0602098309151,TRUE,193
P. vivax,paper_replica_corrigido,15003,Almeirim,PA,2019,1,193,75244,17.277125086385624,71.18545910953482,-53.908334023149195,0,885.2293579364933,TRUE,193
P. vivax,paper_replica_corrigido,15003,Almeirim,PA,2019,2,194,75244,19.935144330444952,64.67468546595694,-44.739541135511985,0,833.831684083175,TRUE,193
P. vivax,paper_replica_corrigido,15003,Almeirim,PA,2019,3,195,75244,6.645048110148317,64.89740825535515,-58.25236014520683,0,587.4626689185076,TRUE,193
P. vivax,paper_replica_corrigido,15004,Portel,PA,2019,1,193,153746,310.25197403509685,169.68930394826765,140.5626700868292,35.23675003386705,1944.465731219913,TRUE,193
P. vivax,paper_replica_corrigido,15004,Portel,PA,2019,2,194,153746,318.05705514289804,154.1688265929659,163.88822854993214,24.530598843636078,1526.9258348009046,TRUE,193
P. vivax,paper_replica_corrigido,15004,Portel,PA,2019,3,195,153746,326.5125596763493,154.69940994099818,171.81314973535115,31.07902141630162,1623.9048548056187,TRUE,193
P. vivax,paper_replica_corrigido,15005,Furos de Breves,PA,2019,1,193,232284,276.3858035852663,676.4815793896504,-400.0957758043841,229.71909461445065,7420.566584612165,TRUE,193
P. vivax,paper_replica_corrigido,15005,Furos de Breves,PA,2019,2,194,232284,333.6432987205318,614.6070151839718,-280.96371646344005,184.38070487173638,6981.080038820881,TRUE,193
P. vivax,paper_replica_corrigido,15005,Furos de Breves,PA,2019,3,195,232284,341.82294088271254,616.7215947014082,-274.89865381869566,178.73920569282504,7861.153910731045,TRUE,193
P. vivax,paper_replica_corrigido,15006,Arari,PA,2019,1,193,178169,16.837945995094547,47.94150520694356,-31.103559211849014,7.175593330334851,468.47654955423644,TRUE,193
P. vivax,paper_replica_corrigido,15006,Arari,PA,2019,2,194,178169,15.15415139558509,43.556645247070534,-28.402493851485445,0,452.4211594776121,TRUE,193
P. vivax,paper_replica_corrigido,15006,Arari,PA,2019,3,195,178169,24.695654126138667,43.7066015440284,-19.010947417889735,3.5877966651674256,400.3084129160553,TRUE,193
P. vivax,paper_replica_corrigido,15007,Belém,PA,2019,1,193,2363360,1.3116918285830343,0.659864380665709,0.6518274479173254,0.10472378308848426,6.941388531582152,TRUE,193
P. vivax,paper_replica_corrigido,15007,Belém,PA,2019,2,194,2363360,1.6078803060050098,0.5995106862328765,1.0083696197721332,0.04231263963171079,5.099730891611941,TRUE,193
P. vivax,paper_replica_corrigido,15007,Belém,PA,2019,3,195,2363360,1.4386297474781666,0.6015743477179587,0.8370553997602079,0.08462527926342157,5.680471870557163,TRUE,193
P. vivax,paper_replica_corrigido,15008,Castanhal,PA,2019,1,193,343919,0.581532279402999,0.7288147331559988,-0.14728245375299975,0,7.131039576179268,TRUE,193
P. vivax,paper_replica_corrigido,15008,Castanhal,PA,2019,2,194,343919,0.581532279402999,0.662158727049446,-0.080626447646447,0,6.687621213134488,TRUE,193
P. vivax,paper_replica_corrigido,15008,Castanhal,PA,2019,3,195,343919,0.8722984191044986,0.6644420233828358,0.2078563957216628,0,10.038700973194263,TRUE,193
P. vivax,paper_replica_corrigido,15009,Salgado,PA,2019,1,193,271823,1.471545822097468,19.374492293402202,-17.902946471304734,0,195.18743430469772,TRUE,193
P. vivax,paper_replica_corrigido,15009,Salgado,PA,2019,2,194,271823,0,17.602468623665285,-17.602468623665285,0,201.36053087156293,TRUE,193
P. vivax,paper_replica_corrigido,15009,Salgado,PA,2019,3,195,271823,0.735772911048734,17.6631083596132,-16.927335448564467,0,168.79009755686303,TRUE,193
P. vivax,paper_replica_corrigido,15010,Bragantina,PA,2019,1,193,424088,0,1.6690295169092797,-1.6690295169092797,0,14.195167040802808,TRUE,193
P. vivax,paper_replica_corrigido,15010,Bragantina,PA,2019,2,194,424088,0,1.516379647257344,-1.516379647257344,0,13.811991850747942,TRUE,193
P. vivax,paper_replica_corrigido,15010,Bragantina,PA,2019,3,195,424088,0.235800116956858,1.5216051991682502,-1.2858050822113922,0,12.509196204561308,TRUE,193
P. vivax,paper_replica_corrigido,15011,Cametá,PA,2019,1,193,498315,256.86563719735506,32.660515794818295,224.20512140253675,4.457699749206523,268.77684602949535,TRUE,193
P. vivax,paper_replica_corrigido,15011,Cametá,PA,2019,2,194,498315,211.51279812969707,29.673270843040683,181.8395272866564,5.740491043942212,302.70667577525376,TRUE,193
P. vivax,paper_replica_corrigido,15011,Cametá,PA,2019,3,195,498315,221.1452595245979,29.77541796623025,191.36984155836763,3.848373884207069,247.2259522779355,TRUE,193
P. vivax,paper_replica_corrigido,15012,Tomé-Açu,PA,2019,1,193,340789,1.1737468052079143,23.602871445368773,-22.429124640160857,2.76672768913732,183.91705079316196,FALSE,193
P. vivax,paper_replica_corrigido,15012,Tomé-Açu,PA,2019,2,194,340789,1.4671835065098933,21.444096316180396,-19.9769128096705,1.8757475858558084,234.5622356112688,FALSE,193
P. vivax,paper_replica_corrigido,15012,Tomé-Açu,PA,2019,3,195,340789,0.5868734026039573,21.517944896484735,-20.93107149388078,0.8909801032815116,196.34387854945646,FALSE,193
P. vivax,paper_replica_corrigido,15013,Guamá,PA,2019,1,193,483723,0.8269195386615893,32.5293761388117,-31.70245660015011,7.8628536518120535,351.5158103163034,FALSE,193
P. vivax,paper_replica_corrigido,15013,Guamá,PA,2019,2,194,483723,0,29.554140088241127,-29.554140088241127,3.9644640261237227,336.28566101594356,FALSE,193
P. vivax,paper_replica_corrigido,15013,Guamá,PA,2019,3,195,483723,0.20672988466539732,29.65589398436282,-29.449164099697423,6.607440043539537,380.7206953087468,FALSE,193
P. vivax,paper_replica_corrigido,15014,Itaituba,PA,2019,1,193,221135,179.5283424152667,457.6898487909729,-278.1615063757062,112.73715882792136,3985.9089712525647,TRUE,193
P. vivax,paper_replica_corrigido,15014,Itaituba,PA,2019,2,194,221135,160.98763198950866,415.82711727352967,-254.839485284021,137.0912758311326,4180.091500592709,TRUE,193
P. vivax,paper_replica_corrigido,15014,Itaituba,PA,2019,3,195,221135,150.58674565310784,417.25779048114504,-266.6710448280372,109.7019276287081,4578.935333651227,TRUE,193
P. vivax,paper_replica_corrigido,15015,Altamira,PA,2019,1,193,309141,18.438188399468203,176.6005231459343,-158.1623347464661,39.287731930375095,1833.1345552408304,FALSE,193
P. vivax,paper_replica_corrigido,15015,Altamira,PA,2019,2,194,309141,21.672958294111748,160.4477851797859,-138.77482688567417,33.08440583610534,1292.1011310522697,FALSE,193
P. vivax,paper_replica_corrigido,15015,Altamira,PA,2019,3,195,309141,16.820803452146432,160.9998712655253,-144.17906781337885,37.11656779738069,1657.2185660841635,FALSE,193
P. vivax,paper_replica_corrigido,15016,Tucuruí,PA,2019,1,193,384726,29.89140323243035,150.53574547816547,-120.64434224573512,45.56748543169217,1327.5216653705097,FALSE,193
P. vivax,paper_replica_corrigido,15016,Tucuruí,PA,2019,2,194,384726,22.353571112947915,136.7670149601602,-114.41344384721228,34.01984555018768,1593.2419974639772,FALSE,193
P. vivax,paper_replica_corrigido,15016,Tucuruí,PA,2019,3,195,384726,12.216486538471536,137.23762396797454,-125.021137429503,38.13213457273783,1514.9008146707492,FALSE,193
P. vivax,paper_replica_corrigido,15017,Paragominas,PA,2019,1,193,349321,5.4391233278274145,53.53795429312185,-48.09883096529443,11.848818372312271,529.4912117418611,FALSE,193
P. vivax,paper_replica_corrigido,15017,Paragominas,PA,2019,2,194,349321,4.86658403016137,48.641185604899334,-43.774601574737964,10.979600036119475,514.0740233578098,FALSE,193
P. vivax,paper_replica_corrigido,15017,Paragominas,PA,2019,3,195,349321,2.290157190664174,48.80863077679767,-46.518473586133496,6.359018354252532,691.80629894249455,FALSE,193
P. vivax,paper_replica_corrigido,15018,São Félix do Xingu,PA,2019,1,193,217674,15.619688157519962,26.381065608729863,-10.761377451209901,2.936658232201435,268.7776447022363,TRUE,193
P. vivax,paper_replica_corrigido,15018,São Félix do Xingu,PA,2019,2,194,217674,12.403870007442322,23.968195166288805,-11.564325158846483,0,217.3127091829062,TRUE,193
P. vivax,paper_replica_corrigido,15018,São Félix do Xingu,PA,2019,3,195,217674,8.728649264496449,24.05074287081997,-15.322093606323522,0,240.80597504051767,TRUE,193
P. vivax,paper_replica_corrigido,15019,Parauapebas,PA,2019,1,193,324525,1.2325706802249443,1.63738572940234,-0.40481504917739564,0,19.26662044526615,TRUE,193
P. vivax,paper_replica_corrigido,15019,Parauapebas,PA,2019,2,194,324525,1.5407133502811805,1.4876284571683178,0.053084893112862686,0,14.174562822586855,TRUE,193
P. vivax,paper_replica_corrigido,15019,Parauapebas,PA,2019,3,195,324525,0.924428010168708,1.4927532299746955,-0.5683252198059875,0,17.72590709498497,TRUE,193
P. vivax,paper_replica_corrigido,15020,Marabá,PA,2019,1,193,333871,0.8985506378211945,24.743236148170112,-23.844685510348917,3.829228318938842,300.5944230366991,FALSE,193
P. vivax,paper_replica_corrigido,15020,Marabá,PA,2019,2,194,333871,0,22.480156581125982,-22.480156581125982,1.914614159469421,268.1417130336924,FALSE,193
P. vivax,paper_replica_corrigido,15020,Marabá,PA,2019,3,195,333871,0.29951687927373144,22.557562464994323,-22.25804558572059,0,265.50911856442167,TRUE,193
P. vivax,paper_replica_corrigido,15021,Redenção,PA,2019,1,193,196972,0.507686371667039,1.4175975111615384,-0.9099111394944994,0,20.865909875515257,TRUE,193
P. vivax,paper_replica_corrigido,15021,Redenção,PA,2019,2,194,196972,0,1.2879453256582898,-1.2879453256582898,0,15.255975468594498,TRUE,193
P. vivax,paper_replica_corrigido,15021,Redenção,PA,2019,3,195,196972,1.015372743334078,1.2923856153560571,-0.2770128720219791,0,15.497126495136351,TRUE,193
P. vivax,paper_replica_corrigido,15022,Conceição do Araguaia,PA,2019,1,193,162434,0,1.8679357059555823,-1.8679357059555823,0,20.931578364135586,TRUE,193
P. vivax,paper_replica_corrigido,15022,Conceição do Araguaia,PA,2019,2,194,162434,0,1.6971013276357882,-1.6971013276357882,0,21.639558220569494,TRUE,193
P. vivax,paper_replica_corrigido,15022,Conceição do Araguaia,PA,2019,3,195,162434,0,1.7029565885959768,-1.7029565885959768,0,20.63915190169544,TRUE,193
P. vivax,paper_replica_corrigido,16001,Oiapoque,AP,2019,1,193,38387,375.1269961184776,1630.0538491190541,-1254.9268530005766,399.65664044778606,21009.86632654,FALSE,193
P. vivax,paper_replica_corrigido,16001,Oiapoque,AP,2019,2,194,38387,364.7068017818533,1480.9607900681808,-1116.2539882863275,373.4291734184002,16796.819241819605,FALSE,193
P. vivax,paper_replica_corrigido,16001,Oiapoque,AP,2019,3,195,38387,369.91689895016543,1486.0563798796807,-1116.1394809295152,390.9141514379907,14523.772099272815,FALSE,193
P. vivax,paper_replica_corrigido,16002,Amapá,AP,2019,1,193,31544,98.27542480344916,262.60830869934597,-164.33288389589683,0,2838.090979973114,TRUE,193
P. vivax,paper_replica_corrigido,16002,Amapá,AP,2019,2,194,31544,19.0210499619579,238.58923047154036,-219.56818050958248,40.5296819703408,2759.0581001309474,FALSE,193
P. vivax,paper_replica_corrigido,16002,Amapá,AP,2019,3,195,31544,38.0420999239158,239.41050372976062,-201.36840380584482,0,2843.157190219402,TRUE,193
P. vivax,paper_replica_corrigido,16003,Macapá,AP,2019,1,193,687827,143.34999934576572,177.78981068030936,-34.439811334543634,58.06133395266911,2048.480068803093,TRUE,193
P. vivax,paper_replica_corrigido,16003,Macapá,AP,2019,2,194,687827,101.4790056220532,161.52821441235702,-60.04920879030382,47.838450023427654,1719.6052460339708,TRUE,193
P. vivax,paper_replica_corrigido,16003,Macapá,AP,2019,3,195,687827,82.28813349868499,162.08395417043468,-79.7958206717497,48.18695743010635,1656.8739128318061,TRUE,193
P. vivax,paper_replica_corrigido,16004,Mazagão,AP,2019,1,193,87973,405.80632694122056,313.4250265604932,92.38130038072734,61.581500809417946,4290.359546067343,TRUE,193
P. vivax,paper_replica_corrigido,16004,Mazagão,AP,2019,2,194,87973,245.5298784854444,284.75766774138486,-39.22778925594045,50.86377647975522,3098.6939256845067,TRUE,193
P. vivax,paper_replica_corrigido,16004,Mazagão,AP,2019,3,195,87973,226.2057676787196,285.73752831830336,-59.53176063958375,47.04899324377359,3052.5532141635945,TRUE,193
P. vivax,paper_replica_corrigido,17001,Bico do Papagaio,TO,2019,1,193,215893,0.9263848295220316,0.35549746924491177,0.5708873602771198,0,4.875100165359681,TRUE,193
P. vivax,paper_replica_corrigido,17001,Bico do Papagaio,TO,2019,2,194,215893,0,0.32298690771649846,-0.32298690771649846,0,3.242346903327111,TRUE,193
P. vivax,paper_replica_corrigido,17001,Bico do Papagaio,TO,2019,3,195,215893,0,0.3241029817094049,-0.3241029817094049,0,4.6319241476101585,TRUE,193
P. vivax,paper_replica_corrigido,17002,Araguaína,TO,2019,1,193,319685,0.6256158405930838,0.2167187379783582,0.40889710261472567,0,2.8152712826688773,TRUE,193
P. vivax,paper_replica_corrigido,17002,Araguaína,TO,2019,2,194,319685,0.3128079202965419,0.196900086335492,0.11590783396104992,0,2.5024633623723354,TRUE,193
P. vivax,paper_replica_corrigido,17002,Araguaína,TO,2019,3,195,319685,0,0.1975809356646925,-0.1975809356646925,0,2.8152712826688773,TRUE,193
P. vivax,paper_replica_corrigido,17003,Miracema do Tocantins,TO,2019,1,193,149165,0,0.23593241199466183,-0.23593241199466183,0,3.351992759695639,TRUE,193
P. vivax,paper_replica_corrigido,17003,Miracema do Tocantins,TO,2019,2,194,149165,0,0.21435893894006977,-0.21435893894006977,0,2.681594207756511,TRUE,193
P. vivax,paper_replica_corrigido,17003,Miracema do Tocantins,TO,2019,3,195,149165,0,0.215102344932927,-0.215102344932927,0,3.351992759695639,TRUE,193
P. vivax,paper_replica_corrigido,17004,Rio Formoso,TO,2019,1,193,127871,0,0.15734578391948792,-0.15734578391948792,0,2.346114443462552,TRUE,193
P. vivax,paper_replica_corrigido,17004,Rio Formoso,TO,2019,2,194,127871,0,0.14295956686078454,-0.14295956686078454,0,1.9746463232476303,TRUE,193
P. vivax,paper_replica_corrigido,17004,Rio Formoso,TO,2019,3,195,127871,0,0.143456545244401,-0.143456545244401,0,2.756684471068481,TRUE,193
P. vivax,paper_replica_corrigido,17005,Gurupi,TO,2019,1,193,150776,0,0.04343931643787045,-0.04343931643787045,0,0.6632355282007747,TRUE,193
P. vivax,paper_replica_corrigido,17005,Gurupi,TO,2019,2,194,150776,0,0.03946958796344933,-0.03946958796344933,0,0.6632355282007747,TRUE,193
P. vivax,paper_replica_corrigido,17005,Gurupi,TO,2019,3,195,150776,0,0.03960882963991494,-0.03960882963991494,0,1.0114341805061664,TRUE,193
P. vivax,paper_replica_corrigido,17006,Porto Nacional,TO,2019,1,193,404882,0,0.1253517521820934,-0.1253517521820934,0,1.4819132487984157,TRUE,193
P. vivax,paper_replica_corrigido,17006,Porto Nacional,TO,2019,2,194,404882,0,0.11388915312947066,-0.11388915312947066,0,1.4819132487984157,TRUE,193
P. vivax,paper_replica_corrigido,17006,Porto Nacional,TO,2019,3,195,404882,0,0.11428367382483871,-0.11428367382483871,0,1.3645951166018686,TRUE,193
P. vivax,paper_replica_corrigido,17007,Jalapão,TO,2019,1,193,80184,0,0.00722617010462687,-0.00722617010462687,0,0,TRUE,193
P. vivax,paper_replica_corrigido,17007,Jalapão,TO,2019,2,194,80184,0,0.00656830975835871,-0.00656830975835871,0,0,TRUE,193
P. vivax,paper_replica_corrigido,17007,Jalapão,TO,2019,3,195,80184,0,0.00659383076252494,-0.00659383076252494,0,0,TRUE,193
P. vivax,paper_replica_corrigido,17008,Dianópolis,TO,2019,1,193,124410,0,0.01240735224886993,-0.01240735224886993,0,0,TRUE,193
P. vivax,paper_replica_corrigido,17008,Dianópolis,TO,2019,2,194,124410,0,0.01127522063813824,-0.01127522063813824,0,0.8037939072421831,TRUE,193
P. vivax,paper_replica_corrigido,17008,Dianópolis,TO,2019,3,195,124410,0,0.0113166132381065,-0.0113166132381065,0,0.8037939072421831,TRUE,193
P. vivax,paper_replica_corrigido,21001,Litoral Ocidental Maranhense,MA,2019,1,193,191282,0,1.351507517923373,-1.351507517923373,0,12.821384134419326,TRUE,193
P. vivax,paper_replica_corrigido,21001,Litoral Ocidental Maranhense,MA,2019,2,194,191282,0,1.2279013636730505,-1.2279013636730505,0,14.38974916615258,TRUE,193
P. vivax,paper_replica_corrigido,21001,Litoral Ocidental Maranhense,MA,2019,3,195,191282,0,1.232136352336094,-1.232136352336094,0,14.938676927259197,TRUE,193
P. vivax,paper_replica_corrigido,21002,Aglomeração Urbana de São Luís,MA,2019,1,193,1432529,0.20941984420559723,0.14590656506265148,0.06351327914294574,0,1.8551107865879104,TRUE,193
P. vivax,paper_replica_corrigido,21002,Aglomeração Urbana de São Luís,MA,2019,2,194,1432529,0,0.13256234606936868,-0.13256234606936868,0,1.3961322947039814,TRUE,193
P. vivax,paper_replica_corrigido,21002,Aglomeração Urbana de São Luís,MA,2019,3,195,1432529,0.06980661473519907,0.13301961706718754,-0.06321300233198847,0,1.745165368379977,TRUE,193
P. vivax,paper_replica_corrigido,21003,Rosário,MA,2019,1,193,178491,0,0.6490469639922024,-0.6490469639922024,0,6.723028051834547,TRUE,193
P. vivax,paper_replica_corrigido,21003,Rosário,MA,2019,2,194,178491,0,0.5896898059213433,-0.5896898059213433,0,6.1627757141816675,TRUE,193
P. vivax,paper_replica_corrigido,21003,Rosário,MA,2019,3,195,178491,0,0.5917264567775105,-0.5917264567775105,0,7.283280389487425,TRUE,193
P. vivax,paper_replica_corrigido,21004,Lençóis Maranhenses,MA,2019,1,193,197301,0,0.21960669891823403,-0.21960669891823403,0,3.041038818860523,TRUE,193
P. vivax,paper_replica_corrigido,21004,Lençóis Maranhenses,MA,2019,2,194,197301,0,0.199525769910772,-0.199525769910772,0,2.5341990157171024,TRUE,193
P. vivax,paper_replica_corrigido,21004,Lençóis Maranhenses,MA,2019,3,195,197301,0,0.20021745177923372,-0.20021745177923372,0,2.8002899123673863,TRUE,193
P. vivax,paper_replica_corrigido,21005,Baixada Maranhense,MA,2019,1,193,604575,0.6616218004383244,1.360587542347809,-0.6989657419094847,0,12.736219658437744,TRUE,193
P. vivax,paper_replica_corrigido,21005,Baixada Maranhense,MA,2019,2,194,604575,0.9924327006574866,1.236144877191692,-0.24371217653420552,0,13.153868419964434,TRUE,193
P. vivax,paper_replica_corrigido,21005,Baixada Maranhense,MA,2019,3,195,604575,0.4962163503287433,1.2404014811352315,-0.7441851308064882,0,11.830624819087785,TRUE,193
P. vivax,paper_replica_corrigido,21006,Itapecuru Mirim,MA,2019,1,193,236106,0,0.2996943725406076,-0.2996943725406076,0,4.457743555860494,TRUE,193
P. vivax,paper_replica_corrigido,21006,Itapecuru Mirim,MA,2019,2,194,236106,0,0.27228800867191866,-0.27228800867191866,0,3.388308641034111,TRUE,193
P. vivax,paper_replica_corrigido,21006,Itapecuru Mirim,MA,2019,3,195,236106,0,0.2732301444664814,-0.2732301444664814,0,3.6106663956019656,TRUE,193
P. vivax,paper_replica_corrigido,21007,Gurupi,MA,2019,1,193,241976,1.6530565014712202,49.87936382924337,-48.22630732777215,7.92517618321092,445.3288583615934,FALSE,193
P. vivax,paper_replica_corrigido,21007,Gurupi,MA,2019,2,194,241976,1.6530565014712202,45.31721325014336,-43.66415674867214,6.538270351149013,431.5258431758337,FALSE,193
P. vivax,paper_replica_corrigido,21007,Gurupi,MA,2019,3,195,241976,3.3061130029424404,45.47319949334741,-42.16708649040497,6.538270351149013,381.795362626186,FALSE,193
P. vivax,paper_replica_corrigido,21008,Pindaré,MA,2019,1,193,666083,6.155389043107241,15.989129208186991,-9.83374016507975,1.415544853199103,194.14557545910367,TRUE,193
P. vivax,paper_replica_corrigido,21008,Pindaré,MA,2019,2,194,666083,2.8524973614399407,14.526698876110867,-11.674201514670926,1.9193828517953924,158.44505441570954,TRUE,193
P. vivax,paper_replica_corrigido,21008,Pindaré,MA,2019,3,195,666083,3.0026288015157268,14.57669828408328,-11.574069482567554,1.9193828517953924,137.97963475844102,TRUE,193
P. vivax,paper_replica_corrigido,21009,Imperatriz,MA,2019,1,193,600199,1.332891257732852,0.6455447204496271,0.6873465372832249,0,7.847397279902149,TRUE,193
P. vivax,paper_replica_corrigido,21009,Imperatriz,MA,2019,2,194,600199,0.999668443299639,0.5865024316755141,0.4131660116241249,0,5.260755182864338,TRUE,193
P. vivax,paper_replica_corrigido,21009,Imperatriz,MA,2019,3,195,600199,0.8330570360830324,0.5885229869649264,0.24453404911810595,0,6.751927277452974,TRUE,193
P. vivax,paper_replica_corrigido,21010,Médio Mearim,MA,2019,1,193,424583,1.6486764660855475,0.7272067344214811,0.9214697316640664,0,8.861636005209792,TRUE,193
P. vivax,paper_replica_corrigido,21010,Médio Mearim,MA,2019,2,194,424583,1.1776260472039626,0.6606960412382921,0.5169300059656705,0,7.313057753136596,TRUE,193
P. vivax,paper_replica_corrigido,21010,Médio Mearim,MA,2019,3,195,424583,1.6486764660855475,0.6629725616399229,0.9857039044456246,0,8.367033065384149,TRUE,193
P. vivax,paper_replica_corrigido,21011,Alto Mearim e Grajaú,MA,2019,1,193,336315,2.3787223287691597,0.9349066662721126,1.443815662497047,0,8.48163180351753,TRUE,193
P. vivax,paper_replica_corrigido,21011,Alto Mearim e Grajaú,MA,2019,2,194,336315,4.757444657538319,0.8493998160381294,3.90804484150019,0,8.778972094613675,TRUE,193
P. vivax,paper_replica_corrigido,21011,Alto Mearim e Grajaú,MA,2019,3,195,336315,4.460104366442175,0.8523268377114194,3.607777528730755,0,9.51488931507664,TRUE,193
P. vivax,paper_replica_corrigido,21012,Presidente Dutra,MA,2019,1,193,199535,2.0046608364447343,0.4528545635014676,1.5518062729432667,0,5.512817300223019,TRUE,193
P. vivax,paper_replica_corrigido,21012,Presidente Dutra,MA,2019,2,194,199535,1.0023304182223671,0.41143972033878945,0.5908906978835777,0,7.041371188012105,TRUE,193
P. vivax,paper_replica_corrigido,21012,Presidente Dutra,MA,2019,3,195,199535,0.5011652091111836,0.4128606676940106,0.08830454141717298,0,6.277094244117562,TRUE,193
P. vivax,paper_replica_corrigido,21013,Baixo Parnaíba Maranhense,MA,2019,1,193,146372,0.6831907741917853,0.3446567167293088,0.3385340574624765,0,5.141010575793169,TRUE,193
P. vivax,paper_replica_corrigido,21013,Baixo Parnaíba Maranhense,MA,2019,2,194,146372,0.6831907741917853,0.3131391547123065,0.3700516194794788,0,4.457819801601383,TRUE,193
P. vivax,paper_replica_corrigido,21013,Baixo Parnaíba Maranhense,MA,2019,3,195,146372,0,0.3142227410079683,-0.3142227410079683,0,3.4159538709589263,TRUE,193
P. vivax,paper_replica_corrigido,21014,Chapadinha,MA,2019,1,193,245029,0.4081149578213191,0.21907625739488645,0.18903870042643267,0,2.662950099784098,TRUE,193
P. vivax,paper_replica_corrigido,21014,Chapadinha,MA,2019,2,194,245029,0,0.19904253614833267,-0.19904253614833267,0,2.254835141962779,TRUE,193
P. vivax,paper_replica_corrigido,21014,Chapadinha,MA,2019,3,195,245029,0,0.19973133800533657,-0.19973133800533657,0,2.856804704749234,TRUE,193
P. vivax,paper_replica_corrigido,21015,Codó,MA,2019,1,193,278462,0.7182308537610158,0.3770526284333182,0.3411782253276976,0,5.3867314032076195,TRUE,193
P. vivax,paper_replica_corrigido,21015,Codó,MA,2019,2,194,278462,0.3591154268805079,0.3425697203842425,0.01654570649626541,0,4.309385122566095,TRUE,193
P. vivax,paper_replica_corrigido,21015,Codó,MA,2019,3,195,278462,0,0.343753041850647,-0.343753041850647,0,4.309385122566095,TRUE,193
P. vivax,paper_replica_corrigido,21016,Coelho Neto,MA,2019,1,193,93840,0,0.05416579677407916,-0.05416579677407916,0,1.0656436487638534,TRUE,193
P. vivax,paper_replica_corrigido,21016,Coelho Neto,MA,2019,2,194,93840,0,0.04921677216308373,-0.04921677216308373,0,1.0656436487638534,TRUE,193
P. vivax,paper_replica_corrigido,21016,Coelho Neto,MA,2019,3,195,93840,0,0.04939110901146174,-0.04939110901146174,0,1.0656436487638534,TRUE,193
P. vivax,paper_replica_corrigido,21017,Caxias,MA,2019,1,193,445103,0,0.11313354809599792,-0.11313354809599792,0,1.572669696676949,TRUE,193
P. vivax,paper_replica_corrigido,21017,Caxias,MA,2019,2,194,445103,0.2246670995252784,0.1027877227480042,0.12187937677727421,0,1.465952824402437,TRUE,193
P. vivax,paper_replica_corrigido,21017,Caxias,MA,2019,3,195,445103,0,0.10314326752785472,-0.10314326752785472,0,1.123335497626392,TRUE,193
P. vivax,paper_replica_corrigido,21018,Chapadas do Alto Itapecuru,MA,2019,1,193,221411,0,0.11207618775883992,-0.11207618775883992,0,1.3549462312170577,TRUE,193
P. vivax,paper_replica_corrigido,21018,Chapadas do Alto Itapecuru,MA,2019,2,194,221411,0,0.10182834232834172,-0.10182834232834172,0,1.5920618216800326,TRUE,193
P. vivax,paper_replica_corrigido,21018,Chapadas do Alto Itapecuru,MA,2019,3,195,221411,0,0.10218202130869694,-0.10218202130869694,0,1.8065949749560772,TRUE,193
P. vivax,paper_replica_corrigido,21019,Porto Franco,MA,2019,1,193,120372,0,0.24190645875977124,-0.24190645875977124,0,3.759179875718587,TRUE,193
P. vivax,paper_replica_corrigido,21019,Porto Franco,MA,2019,2,194,120372,0,0.2197871393866648,-0.2197871393866648,0,3.759179875718587,TRUE,193
P. vivax,paper_replica_corrigido,21019,Porto Franco,MA,2019,3,195,120372,0,0.22054987113239743,-0.22054987113239743,0,2.9284218921343648,TRUE,193
P. vivax,paper_replica_corrigido,21020,Gerais de Balsas,MA,2019,1,193,143297,0,0.0272773863284966,-0.0272773863284966,0,0.6978513157986559,TRUE,193
P. vivax,paper_replica_corrigido,21020,Gerais de Balsas,MA,2019,2,194,143297,0,0.02478556877203401,-0.02478556877203401,0,0.6978513157986559,TRUE,193
P. vivax,paper_replica_corrigido,21020,Gerais de Balsas,MA,2019,3,195,143297,0,0.02487387177817404,-0.02487387177817404,0,0.6978513157986559,TRUE,193
P. vivax,paper_replica_corrigido,21021,Chapadas das Mangabeiras,MA,2019,1,193,72320,0,0.0181815804414729,-0.0181815804414729,0,0,TRUE,193
P. vivax,paper_replica_corrigido,21021,Chapadas das Mangabeiras,MA,2019,2,194,72320,0,0.01652325130254226,-0.01652325130254226,0,0,TRUE,193
P. vivax,paper_replica_corrigido,21021,Chapadas das Mangabeiras,MA,2019,3,195,72320,0,0.01658452121620879,-0.01658452121620879,0,0,TRUE,193
P. vivax,paper_replica_corrigido,51001,Aripuanã,MT,2019,1,193,169973,23.533149382548995,130.33332470762977,-106.80017532508077,26.325587053552656,1189.164375190478,FALSE,193
P. vivax,paper_replica_corrigido,51001,Aripuanã,MT,2019,2,194,169973,18.23819077147547,118.41242402846552,-100.17423325699005,33.847183354567704,1206.5580666365747,FALSE,193
P. vivax,paper_replica_corrigido,51001,Aripuanã,MT,2019,3,195,169973,18.82651950603919,118.81991647763596,-99.99339697159677,23.975088209485484,1353.887334182708,FALSE,193
P. vivax,paper_replica_corrigido,51002,Alta Floresta,MT,2019,1,193,107911,0.9266895867891132,13.571260519976134,-12.64457093318702,0,121.58427598987409,TRUE,193
P. vivax,paper_replica_corrigido,51002,Alta Floresta,MT,2019,2,194,107911,0,1.9288781920282,-1.9288781920282,0,21.84670700855328,TRUE,193
P. vivax,paper_replica_corrigido,51002,Alta Floresta,MT,2019,3,195,107911,0.9266895867891132,1.9355271099020412,-1.008837523112928,0,20.873682942424757,TRUE,193
P. vivax,paper_replica_corrigido,51003,Colíder,MT,2019,1,193,156947,3.1857888331729822,1.775086729717238,1.4107021034557443,0,18.812083059886447,TRUE,193
P. vivax,paper_replica_corrigido,51003,Colíder,MT,2019,2,194,156947,2.548631066538386,1.6127376510763358,0.93589341546205,0,20.723556359790233,TRUE,193
P. vivax,paper_replica_corrigido,51003,Colíder,MT,2019,3,195,156947,1.9114732999037891,1.618297082009679,0.2931762178941102,0,18.477575232403296,TRUE,193
P. vivax,paper_replica_corrigido,51004,Parecis,MT,2019,1,193,110936,1.8028412778538976,0.6005367503374114,1.2023045275164863,0,8.11278575034254,TRUE,193
P. vivax,paper_replica_corrigido,51004,Parecis,MT,2019,2,194,110936,6.309944472488642,0.5456189495519654,5.7643255229366765,0,8.11278575034254,TRUE,193
P. vivax,paper_replica_corrigido,51004,Parecis,MT,2019,3,195,110936,1.8028412778538976,0.5475063809935073,1.2553348968603903,0,8.11278575034254,TRUE,193
P. vivax,paper_replica_corrigido,51005,Arinos,MT,2019,1,193,83182,0,0.22138469164490343,-0.22138469164490343,0,3.606549493880888,TRUE,193
P. vivax,paper_replica_corrigido,51005,Arinos,MT,2019,2,194,83182,0,0.20114391243620872,-0.20114391243620872,0,3.606549493880888,TRUE,193
P. vivax,paper_replica_corrigido,51005,Arinos,MT,2019,3,195,83182,0,0.2018440937666696,-0.2018440937666696,0,3.035512490683053,TRUE,193
P. vivax,paper_replica_corrigido,51006,Alto Teles Pires,MT,2019,1,193,260081,0,0.49937672816218787,-0.49937672816218787,0,5.767433991717964,TRUE,193
P. vivax,paper_replica_corrigido,51006,Alto Teles Pires,MT,2019,2,194,260081,1.153486798343593,0.4537075736613126,0.6997792246822805,0,6.536425190613693,TRUE,193
P. vivax,paper_replica_corrigido,51006,Alto Teles Pires,MT,2019,3,195,260081,1.153486798343593,0.45527483707957406,0.698211961264019,0,5.402163172242476,TRUE,193
P. vivax,paper_replica_corrigido,51007,Sinop,MT,2019,1,193,206715,0.9675156616597732,1.2097640062315655,-0.24224834457179234,0,12.093945770747164,TRUE,193
P. vivax,paper_replica_corrigido,51007,Sinop,MT,2019,2,194,206715,0,1.099122266620662,-1.099122266620662,0,13.799192124422504,TRUE,193
P. vivax,paper_replica_corrigido,51007,Sinop,MT,2019,3,195,206715,2.4187891541494326,1.102913026225942,1.3158761279234907,0,13.545219263236824,TRUE,193
P. vivax,paper_replica_corrigido,51008,Paranatinga,MT,2019,1,193,36702,0,0.5320871513414337,-0.5320871513414337,0,8.173941474579042,TRUE,193
P. vivax,paper_replica_corrigido,51008,Paranatinga,MT,2019,2,194,36702,0,0.48344088765961185,-0.48344088765961185,0,8.173941474579042,TRUE,193
P. vivax,paper_replica_corrigido,51008,Paranatinga,MT,2019,3,195,36702,2.724647158193014,0.4851242517185737,2.23952290647444,0,8.173941474579042,TRUE,193
P. vivax,paper_replica_corrigido,51009,Norte Araguaia,MT,2019,1,193,132443,0,0.20573686075549968,-0.20573686075549968,0,2.6615223152601324,TRUE,193
P. vivax,paper_replica_corrigido,51009,Norte Araguaia,MT,2019,2,194,132443,0,0.1869258710104105,-0.1869258710104105,0,3.0201671662526524,TRUE,193
P. vivax,paper_replica_corrigido,51009,Norte Araguaia,MT,2019,3,195,132443,0,0.1875757643566578,-0.1875757643566578,0,3.0201671662526524,TRUE,193
P. vivax,paper_replica_corrigido,51010,Canarana,MT,2019,1,193,116230,0.8603630732168975,0.15455454079109454,0.705808532425803,0,2.5810892196506927,TRUE,193
P. vivax,paper_replica_corrigido,51010,Canarana,MT,2019,2,194,116230,0.8603630732168975,0.14042418241544338,0.7199388908014541,0,2.5810892196506927,TRUE,193
P. vivax,paper_replica_corrigido,51010,Canarana,MT,2019,3,195,116230,0,0.14091297971338107,-0.14091297971338107,0,2.5810892196506927,TRUE,193
P. vivax,paper_replica_corrigido,51011,Médio Araguaia,MT,2019,1,193,69812,0,0.04719292659166626,-0.04719292659166626,0,1.4324184953876125,TRUE,193
P. vivax,paper_replica_corrigido,51011,Médio Araguaia,MT,2019,2,194,69812,0,0.04288246524912671,-0.04288246524912671,0,1.4324184953876125,TRUE,193
P. vivax,paper_replica_corrigido,51011,Médio Araguaia,MT,2019,3,195,69812,0,0.0430357606789973,-0.0430357606789973,0,1.4324184953876125,TRUE,193
P. vivax,paper_replica_corrigido,51012,Alto Guaporé,MT,2019,1,193,75369,0,0.5378258367309936,-0.5378258367309936,0,7.960832703100745,TRUE,193
P. vivax,paper_replica_corrigido,51012,Alto Guaporé,MT,2019,2,194,75369,0,0.4886458806768992,-0.4886458806768992,0,6.003794663588447,TRUE,193
P. vivax,paper_replica_corrigido,51012,Alto Guaporé,MT,2019,3,195,75369,0,0.490338984027718,-0.490338984027718,0,6.634027252583953,TRUE,193
P. vivax,paper_replica_corrigido,51013,Tangará da Serra,MT,2019,1,193,171442,0.5832876424680067,0.11927819026160937,0.46400945220639733,0,2.3331505698720267,TRUE,193
P. vivax,paper_replica_corrigido,51013,Tangará da Serra,MT,2019,2,194,171442,0.5832876424680067,0.10837276110507071,0.47491488136293597,0,1.74986292740402,TRUE,193
P. vivax,paper_replica_corrigido,51013,Tangará da Serra,MT,2019,3,195,171442,0,0.10874981477005088,-0.10874981477005088,0,2.3331505698720267,TRUE,193
P. vivax,paper_replica_corrigido,51014,Jauru,MT,2019,1,193,110923,0,0.08535774587102565,-0.08535774587102565,0,1.80305256799762,TRUE,193
P. vivax,paper_replica_corrigido,51014,Jauru,MT,2019,2,194,110923,0,0.07755533073951053,-0.07755533073951053,0,1.80305256799762,TRUE,193
P. vivax,paper_replica_corrigido,51014,Jauru,MT,2019,3,195,110923,0.90152628399881,0.07782695000081784,0.8236993339979921,0,1.80305256799762,TRUE,193
P. vivax,paper_replica_corrigido,51015,Alto Paraguai,MT,2019,1,193,33376,0,0.10315988265731373,-0.10315988265731373,0,2.9961649089165867,TRUE,193
P. vivax,paper_replica_corrigido,51015,Alto Paraguai,MT,2019,2,194,33376,0,0.09373693620341404,-0.09373693620341404,0,2.9961649089165867,TRUE,193
P. vivax,paper_replica_corrigido,51015,Alto Paraguai,MT,2019,3,195,33376,0,0.0940716122211727,-0.0940716122211727,0,2.9961649089165867,TRUE,193
P. vivax,paper_replica_corrigido,51016,Rosário Oeste,MT,2019,1,193,30959,0,0.07438689570904652,-0.07438689570904652,0,3.230078490907329,TRUE,193
P. vivax,paper_replica_corrigido,51016,Rosário Oeste,MT,2019,2,194,30959,0,0.06759423662248996,-0.06759423662248996,0,3.230078490907329,TRUE,193
P. vivax,paper_replica_corrigido,51016,Rosário Oeste,MT,2019,3,195,30959,0,0.06783741433307455,-0.06783741433307455,0,3.230078490907329,TRUE,193
P. vivax,paper_replica_corrigido,51017,Cuiabá,MT,2019,1,193,947114,0.2111678214027034,0.12032984153831718,0.09083797986438623,0,1.3725908391175718,TRUE,193
P. vivax,paper_replica_corrigido,51017,Cuiabá,MT,2019,2,194,947114,0.2111678214027034,0.10932500483047829,0.10184281657222512,0,1.2168545708330758,TRUE,193
P. vivax,paper_replica_corrigido,51017,Cuiabá,MT,2019,3,195,947114,0.2111678214027034,0.10970236079238566,0.10146546061031775,0,1.055839107013517,TRUE,193
P. vivax,paper_replica_corrigido,51018,Alto Pantanal,MT,2019,1,193,141002,0,0.0789203016316908,-0.0789203016316908,0,1.4184195968851507,TRUE,193
P. vivax,paper_replica_corrigido,51018,Alto Pantanal,MT,2019,2,194,141002,0,0.07170618368565469,-0.07170618368565469,0,1.4184195968851507,TRUE,193
P. vivax,paper_replica_corrigido,51018,Alto Pantanal,MT,2019,3,195,141002,0,0.07195696254742809,-0.07195696254742809,0,1.4184195968851507,TRUE,193
P. vivax,paper_replica_corrigido,51019,Primavera do Leste,MT,2019,1,193,106060,0,0.1000901036552959,-0.1000901036552959,0,1.8857250612860643,TRUE,193
P. vivax,paper_replica_corrigido,51019,Primavera do Leste,MT,2019,2,194,106060,0,0.0909417161589338,-0.0909417161589338,0,1.8857250612860643,TRUE,193
P. vivax,paper_replica_corrigido,51019,Primavera do Leste,MT,2019,3,195,106060,0,0.09126053589134288,-0.09126053589134288,0,1.8857250612860643,TRUE,193
P. vivax,paper_replica_corrigido,51020,Tesouro,MT,2019,1,193,55941,0,0.02586853257691618,-0.02586853257691618,0,0.9384887649487446,TRUE,193
P. vivax,paper_replica_corrigido,51020,Tesouro,MT,2019,2,194,55941,0,0.02350839509870416,-0.02350839509870416,0,0,TRUE,193
P. vivax,paper_replica_corrigido,51020,Tesouro,MT,2019,3,195,55941,0,0.02359494620989359,-0.02359494620989359,0,0.9384887649487446,TRUE,193
P. vivax,paper_replica_corrigido,51021,Rondonópolis,MT,2019,1,193,319427,0.31306057409048077,0.08097629267430133,0.23208428141617943,0,1.4165990977594185,TRUE,193
P. vivax,paper_replica_corrigido,51021,Rondonópolis,MT,2019,2,194,319427,0,0.07357233470533099,-0.07357233470533099,0,1.252242296361923,TRUE,193
P. vivax,paper_replica_corrigido,51021,Rondonópolis,MT,2019,3,195,319427,0,0.073827893775151,-0.073827893775151,0,1.252242296361923,TRUE,193
P. vivax,paper_replica_corrigido,51022,Alto Araguaia,MT,2019,1,193,41921,0,0.01194917938737309,-0.01194917938737309,0,0,TRUE,193
P. vivax,paper_replica_corrigido,51022,Alto Araguaia,MT,2019,2,194,41921,0,0.01086256276825434,-0.01086256276825434,0,0,TRUE,193
P. vivax,paper_replica_corrigido,51022,Alto Araguaia,MT,2019,3,195,41921,0,0.01090590236273581,-0.01090590236273581,0,0,TRUE,193
P. vivax,paper_replica_corrigido,11001,Porto Velho,RO,2020,1,205,689580,105.86153890774094,509.89272489651955,-404.0311859887786,150.38104210718848,5767.827906272998,FALSE,205
P. vivax,paper_replica_corrigido,11001,Porto Velho,RO,2020,2,206,689580,94.84033759679804,461.465162536373,-366.624824939575,134.8539503809107,5079.6764708698765,FALSE,205
P. vivax,paper_replica_corrigido,11001,Porto Velho,RO,2020,3,207,689580,123.40845152121582,462.0952723185458,-338.68682079733003,99.88323185112995,3435.287932765749,TRUE,205
P. vivax,paper_replica_corrigido,11002,Guajará-Mirim,RO,2020,1,205,86035,70.90137734642879,229.95456811963456,-159.05319077320576,40.6788741628207,2192.201245979953,TRUE,205
P. vivax,paper_replica_corrigido,11002,Guajará-Mirim,RO,2020,2,206,86035,62.76515371651072,208.11458410657855,-145.34943039006782,44.57958812363911,1610.6233692503092,TRUE,205
P. vivax,paper_replica_corrigido,11002,Guajará-Mirim,RO,2020,3,207,86035,95.31004823618296,208.39892393376093,-113.08887569757796,44.57958812363911,2499.9861523169047,TRUE,205
P. vivax,paper_replica_corrigido,11003,Ariquemes,RO,2020,1,205,209694,49.59607809474759,372.04546414505603,-322.4493860503084,103.64607903531487,3183.0777816676423,FALSE,205
P. vivax,paper_replica_corrigido,11003,Ariquemes,RO,2020,2,206,209694,42.44279760031283,336.7101688529452,-294.26737125263236,94.50083676749294,3547.8205274492675,FALSE,205
P. vivax,paper_replica_corrigido,11003,Ariquemes,RO,2020,3,207,209694,42.91968296660848,337.17001437557656,-294.25033140896807,81.84991829700604,2672.3160010097877,FALSE,205
P. vivax,paper_replica_corrigido,11004,Ji-Paraná,RO,2020,1,205,293651,11.237829940984366,50.79737070440952,-39.55954076342516,8.707399518969323,562.8789576543729,TRUE,205
P. vivax,paper_replica_corrigido,11004,Ji-Paraná,RO,2020,2,206,293651,19.410797170791177,45.97288443349218,-26.562087262701006,10.884249398711653,444.8392729253445,TRUE,205
P. vivax,paper_replica_corrigido,11004,Ji-Paraná,RO,2020,3,207,293651,21.794579279484832,46.03570482259629,-24.241125543111455,5.387703452362272,581.2189178912024,TRUE,205
P. vivax,paper_replica_corrigido,11005,Alvorada D'Oeste,RO,2020,1,205,69523,11.506983300490484,31.96111647094672,-20.454133170456238,0,382.2642799980668,TRUE,205
P. vivax,paper_replica_corrigido,11005,Alvorada D'Oeste,RO,2020,2,206,69523,11.506983300490484,28.92571552984511,-17.418732229354625,0,354.220839132304,TRUE,205
P. vivax,paper_replica_corrigido,11005,Alvorada D'Oeste,RO,2020,3,207,69523,10.068610387929176,28.965345488981292,-18.896735101052116,0,446.16654688890475,TRUE,205
P. vivax,paper_replica_corrigido,11006,Cacoal,RO,2020,1,205,237069,30.792722793785774,25.304538679697902,5.488184114087872,0,346.9599715013767,TRUE,205
P. vivax,paper_replica_corrigido,11006,Cacoal,RO,2020,2,206,237069,22.77817850499222,22.901266539500135,-0.12308803450791572,1.2807925895718253,221.5097078596315,TRUE,205
P. vivax,paper_replica_corrigido,11006,Cacoal,RO,2020,3,207,237069,26.152723468694766,22.932587095259567,3.2201363734351993,0,250.76570701090404,TRUE,205
P. vivax,paper_replica_corrigido,11007,Vilhena,RO,2020,1,205,164604,1.2150373016451606,16.80434222281572,-15.589304921170559,0,231.163352189228,TRUE,205
P. vivax,paper_replica_corrigido,11007,Vilhena,RO,2020,2,206,164604,3.645111904935481,15.208400113190171,-11.56328820825469,0,179.02781244726407,TRUE,205
P. vivax,paper_replica_corrigido,11007,Vilhena,RO,2020,3,207,164604,7.290223809870962,15.229227915198164,-7.939004105327202,0,132.03786601316685,TRUE,205
P. vivax,paper_replica_corrigido,11008,Colorado do Oeste,RO,2020,1,205,46304,10.798203178991017,15.940257398520039,-5.142054219529022,0,193.27224465504085,TRUE,205
P. vivax,paper_replica_corrigido,11008,Colorado do Oeste,RO,2020,2,206,46304,2.159640635798203,14.426443063417173,-12.26680242761897,0,165.66192399003504,TRUE,205
P. vivax,paper_replica_corrigido,11008,Colorado do Oeste,RO,2020,3,207,46304,0,14.446272083643231,-14.446272083643231,0,159.10447283209584,TRUE,205
P. vivax,paper_replica_corrigido,12001,Cruzeiro do Sul,AC,2020,1,205,159274,467.119554980725,2346.272794026228,-1879.153239045503,595.4918324483182,23814.857188757054,FALSE,205
P. vivax,paper_replica_corrigido,12001,Cruzeiro do Sul,AC,2020,2,206,159274,370.43082989062873,2123.4332368309083,-1753.0024069402796,618.7696934639896,22149.48677005828,FALSE,205
P. vivax,paper_replica_corrigido,12001,Cruzeiro do Sul,AC,2020,3,207,159274,405.5903662870274,2126.332691861677,-1720.7423255746498,663.7200457701136,19383.635404722034,FALSE,205
P. vivax,paper_replica_corrigido,12002,Tarauacá,AC,2020,1,205,86508,8.09173718037638,138.3972201168777,-130.3054829365013,18.28853408343313,1311.7866719844303,FALSE,205
P. vivax,paper_replica_corrigido,12002,Tarauacá,AC,2020,2,206,86508,9.247699634715865,125.25299479904622,-116.00529516433036,14.778613400754038,1138.692162528098,FALSE,205
P. vivax,paper_replica_corrigido,12002,Tarauacá,AC,2020,3,207,86508,1.155962454339483,125.42419087176944,-124.26822841742995,14.778613400754038,1724.6641838679934,FALSE,205
P. vivax,paper_replica_corrigido,12003,Sena Madureira,AC,2020,1,205,62809,0,0.620135686126671,-0.620135686126671,0,7.960642583069305,TRUE,205
P. vivax,paper_replica_corrigido,12003,Sena Madureira,AC,2020,2,206,62809,0,0.5612499753262483,-0.5612499753262483,0,7.960642583069305,TRUE,205
P. vivax,paper_replica_corrigido,12003,Sena Madureira,AC,2020,3,207,62809,0,0.5620278082184093,-0.5620278082184093,0,7.960642583069305,TRUE,205
P. vivax,paper_replica_corrigido,12004,Rio Branco,AC,2020,1,205,513351,23.18102039345399,61.465567241630396,-38.284546848176404,19.86123451084664,814.2794844830936,TRUE,205
P. vivax,paper_replica_corrigido,12004,Rio Branco,AC,2020,2,206,513351,23.18102039345399,55.6278440649696,-32.44682367151561,9.308008023108378,685.6172866252131,TRUE,205
P. vivax,paper_replica_corrigido,12004,Rio Branco,AC,2020,3,207,513351,18.89545359802552,55.703830053832505,-36.808376455806986,10.553226487738259,632.5398495703644,TRUE,205
P. vivax,paper_replica_corrigido,12005,Brasiléia,AC,2020,1,205,72528,5.515111405250386,1.4416415683418526,4.073469836908534,0,20.68166776968895,TRUE,205
P. vivax,paper_replica_corrigido,12005,Brasiléia,AC,2020,2,206,72528,9.651444959188176,1.3047360219413238,8.346708937246852,0,13.13285903375245,TRUE,205
P. vivax,paper_replica_corrigido,12005,Brasiléia,AC,2020,3,207,72528,8.272667107875579,1.3065330155426642,6.966134092332915,0,15.16655636443856,TRUE,205
P. vivax,paper_replica_corrigido,13001,Rio Negro,AM,2020,1,205,119734,1024.7715769956735,1496.3394482454253,-471.56787124975176,488.36540436060574,19123.396220656792,TRUE,205
P. vivax,paper_replica_corrigido,13001,Rio Negro,AM,2020,2,206,119734,1011.408622446423,1354.2231831082195,-342.81456066179646,432.17468688702974,16274.086394942064,TRUE,205
P. vivax,paper_replica_corrigido,13001,Rio Negro,AM,2020,3,207,119734,1104.9493042911788,1356.0723640327135,-251.1230597415347,322.59611433167106,16804.895144092687,TRUE,205
P. vivax,paper_replica_corrigido,13002,Japurá,AM,2020,1,205,20512,463.1435257410297,413.7223885822197,49.421137158809984,45.96676884035776,4749.380048318982,TRUE,205
P. vivax,paper_replica_corrigido,13002,Japurá,AM,2020,2,206,20512,614.2745709828392,374.4291674891519,239.84540349368734,0,4136.230097855232,TRUE,205
P. vivax,paper_replica_corrigido,13002,Japurá,AM,2020,3,207,20512,745.9048361934477,374.9409893051674,370.96384688828033,0,3849.5221159357184,TRUE,205
P. vivax,paper_replica_corrigido,13003,Alto Solimões,AM,2020,1,205,254355,91.99740520139176,390.16744524418436,-298.1700400427926,123.14471135922055,4206.648471604709,FALSE,205
P. vivax,paper_replica_corrigido,13003,Alto Solimões,AM,2020,2,206,254355,77.45080694305203,353.11098415166913,-275.6601772086171,114.0345158760129,2993.044775372727,FALSE,205
P. vivax,paper_replica_corrigido,13003,Alto Solimões,AM,2020,3,207,254355,153.32900866898626,353.59320118902696,-200.2641925200407,73.94965574989928,3695.6607483983203,TRUE,205
P. vivax,paper_replica_corrigido,13004,Juruá,AM,2020,1,205,154894,223.37856856947332,658.1919299887411,-434.8133614192678,177.2509360359694,8034.791120880771,TRUE,205
P. vivax,paper_replica_corrigido,13004,Juruá,AM,2020,2,206,154894,270.5075729208362,595.6796069612471,-325.17203404041095,160.74328192318993,5746.727088011337,TRUE,205
P. vivax,paper_replica_corrigido,13004,Juruá,AM,2020,3,207,154894,451.9219595336166,596.4930943118945,-144.57113477827795,193.9649358251586,6197.901909481249,TRUE,205
P. vivax,paper_replica_corrigido,13005,Tefé,AM,2020,1,205,89457,184.44615848955365,695.3643186587435,-510.91816016918983,214.01413655593913,5885.38875528831,FALSE,205
P. vivax,paper_replica_corrigido,13005,Tefé,AM,2020,2,206,89457,196.7425690555239,629.3215548797984,-432.5789858242746,150.0599955817937,6390.233454709913,TRUE,205
P. vivax,paper_replica_corrigido,13005,Tefé,AM,2020,3,207,89457,270.5210324513453,630.1810234661078,-359.6599910147625,167.74563791821942,7329.5375699112055,TRUE,205
P. vivax,paper_replica_corrigido,13006,Coari,AM,2020,1,205,183887,98.97382631724918,336.405274404634,-237.4314480873848,69.5246693932921,4199.116219681337,TRUE,205
P. vivax,paper_replica_corrigido,13006,Coari,AM,2020,2,206,183887,64.71365566897062,304.4549444628092,-239.74128879383858,64.22341335205357,3398.7134632910816,TRUE,205
P. vivax,paper_replica_corrigido,13006,Coari,AM,2020,3,207,183887,75.04608808670542,304.8707476918509,-229.82465960514548,83.42960327195051,3024.323118608206,FALSE,205
P. vivax,paper_replica_corrigido,13007,Manaus,AM,2020,1,205,2509626,37.256547389929814,175.01604269871285,-137.75949530878304,47.561268310561935,1812.6134887050564,FALSE,205
P. vivax,paper_replica_corrigido,13007,Manaus,AM,2020,2,206,2509626,27.41444342702857,158.39371957216028,-130.9792761451317,45.408944212426974,1259.3897816110657,FALSE,205
P. vivax,paper_replica_corrigido,13007,Manaus,AM,2020,3,207,2509626,26.816744805799747,158.60999477854207,-131.79324997274233,51.32465157091032,1604.442994349643,FALSE,205
P. vivax,paper_replica_corrigido,13008,Rio Preto da Eva,AM,2020,1,205,71299,228.61470707864063,705.5659276132345,-476.95122053459386,179.31083017607963,7875.331661333399,TRUE,205
P. vivax,paper_replica_corrigido,13008,Rio Preto da Eva,AM,2020,2,206,71299,138.85187730543203,638.5543529480567,-499.7024756426247,111.8451303223297,6353.879267289368,TRUE,205
P. vivax,paper_replica_corrigido,13008,Rio Preto da Eva,AM,2020,3,207,71299,147.26714259667037,639.4265015907778,-492.1593589941074,179.31083017607963,6845.190941971836,FALSE,205
P. vivax,paper_replica_corrigido,13009,Itacoatiara,AM,2020,1,205,182772,57.44862451579016,103.00408189767644,-45.555457381886285,20.984641324805175,1108.863422004913,TRUE,205
P. vivax,paper_replica_corrigido,13009,Itacoatiara,AM,2020,2,206,182772,55.80723524391044,93.22129165455726,-37.41405641064682,13.989760883203447,1131.7716554511571,TRUE,205
P. vivax,paper_replica_corrigido,13009,Itacoatiara,AM,2020,3,207,182772,45.411769855338896,93.3486826875793,-47.9369128322404,12.153604767283001,1142.701156141161,TRUE,205
P. vivax,paper_replica_corrigido,13010,Parintins,AM,2020,1,205,284437,16.523869960659127,45.674344411108336,-29.15047445044921,7.809598085079819,386.15372401980915,TRUE,205
P. vivax,paper_replica_corrigido,13010,Parintins,AM,2020,2,206,284437,13.00815294775293,41.336423927015254,-28.328270979262324,2.247366355418652,424.24658374415543,TRUE,205
P. vivax,paper_replica_corrigido,13010,Parintins,AM,2020,3,207,284437,15.820726558077888,41.39291526210962,-25.57218870403173,6.742099066255956,446.27077402725865,TRUE,205
P. vivax,paper_replica_corrigido,13011,Boca do Acre,AM,2020,1,205,54157,210.4991044555644,319.2608318177715,-108.76172736220707,52.82000100747943,3099.8553663886646,TRUE,205
P. vivax,paper_replica_corrigido,13011,Boca do Acre,AM,2020,2,206,54157,99.7101021105305,288.9389484821413,-189.2288463716108,59.016760902211644,2988.6087720879946,TRUE,205
P. vivax,paper_replica_corrigido,13011,Boca do Acre,AM,2020,3,207,54157,110.78900234503388,289.3337646805992,-178.5447623355653,106.23016962398096,3567.2681127341743,TRUE,205
P. vivax,paper_replica_corrigido,13012,Purus,AM,2020,1,205,79704,392.7030011040851,928.3536978880229,-535.6506967839377,287.52062711656026,11698.11957356247,TRUE,205
P. vivax,paper_replica_corrigido,13012,Purus,AM,2020,2,206,79704,436.6154772658838,840.1825652454309,-403.56708797954707,219.95127471887488,7279.043826247967,TRUE,205
P. vivax,paper_replica_corrigido,13012,Purus,AM,2020,3,207,79704,595.9550336244102,841.330004013112,-245.37497038870174,232.18192901044398,7899.198149589342,TRUE,205
P. vivax,paper_replica_corrigido,13013,Madeira,AM,2020,1,205,202880,138.99842271293377,403.4606070082825,-264.4621842953487,111.77460202920314,3369.4646768154917,TRUE,205
P. vivax,paper_replica_corrigido,13013,Madeira,AM,2020,2,206,202880,131.11198738170347,365.14161350011574,-234.02962611841227,92.86980675999331,4178.747454298256,TRUE,205
P. vivax,paper_replica_corrigido,13013,Madeira,AM,2020,3,207,202880,141.46293375394322,365.64026839329165,-224.17733463934843,89.71900754845834,3358.8307294765555,TRUE,205
P. vivax,paper_replica_corrigido,14001,Boa Vista,RR,2020,1,205,467130,352.1503649947552,260.3159027726782,91.83446222207698,78.58202367923202,2556.1907824503855,TRUE,205
P. vivax,paper_replica_corrigido,14001,Boa Vista,RR,2020,2,206,467130,287.5002675914627,235.59217987184152,51.90808771962119,53.36872309081496,2030.8509672051582,TRUE,205
P. vivax,paper_replica_corrigido,14001,Boa Vista,RR,2020,3,207,467130,337.8074625907135,235.91390478592223,101.89355780479127,81.38730271349282,2044.1931479778586,TRUE,205
P. vivax,paper_replica_corrigido,14002,Nordeste de Roraima,RR,2020,1,205,53677,637.144400767554,611.1748411026391,25.96955966491487,154.81572875665174,7366.251463263605,TRUE,205
P. vivax,paper_replica_corrigido,14002,Nordeste de Roraima,RR,2020,2,206,53677,543.9946345734672,553.128277641982,-9.133643068514743,71.45341327230084,5503.996879854264,TRUE,205
P. vivax,paper_replica_corrigido,14002,Nordeste de Roraima,RR,2020,3,207,53677,499.2827468003056,553.8838618495313,-54.60111504922571,154.81572875665174,6289.686703294265,TRUE,205
P. vivax,paper_replica_corrigido,14003,Caracaraí,RR,2020,1,205,52751,851.1686982237303,772.6751410217357,78.49355720199458,193.28135196257193,7362.5653554018445,TRUE,205
P. vivax,paper_replica_corrigido,14003,Caracaraí,RR,2020,2,206,52751,521.317131428788,699.2898207666616,-177.9726893378736,156.32159500421184,7261.07749818013,TRUE,205
P. vivax,paper_replica_corrigido,14003,Caracaraí,RR,2020,3,207,52751,508.0472408106007,700.244943517643,-192.1977027070423,187.5253242395486,7910.902733226705,TRUE,205
P. vivax,paper_replica_corrigido,14004,Sudeste de Roraima,RR,2020,1,205,57623,529.3025354459157,800.2278127512294,-270.92527730531367,304.7907624975272,8340.561775569246,TRUE,205
P. vivax,paper_replica_corrigido,14004,Sudeste de Roraima,RR,2020,2,206,57623,520.6254447009006,724.2256332748461,-203.6001885739455,221.86770700456938,6007.345501782472,TRUE,205
P. vivax,paper_replica_corrigido,14004,Sudeste de Roraima,RR,2020,3,207,57623,498.06500876386167,725.2147625693897,-227.149753805528,176.93949633614412,7233.996586883983,TRUE,205
P. vivax,paper_replica_corrigido,15001,Óbidos,PA,2020,1,205,211269,27.453152142529195,24.103869591739226,3.349282550789969,0,223.90093510491326,TRUE,205
P. vivax,paper_replica_corrigido,15001,Óbidos,PA,2020,2,206,211269,16.093227118034353,21.814648681391624,-5.721421563357271,0,210.36097990769042,TRUE,205
P. vivax,paper_replica_corrigido,15001,Óbidos,PA,2020,3,207,211269,14.19990628061855,21.844508044901183,-7.644601764282633,0,198.25822665877615,TRUE,205
P. vivax,paper_replica_corrigido,15002,Santarém,PA,2020,1,205,531849,37.22861188043974,39.41103138090457,-2.1824195004648246,10.186179480843103,509.3991172234,TRUE,205
P. vivax,paper_replica_corrigido,15002,Santarém,PA,2020,2,206,531849,30.459773356723428,35.66795996778245,-5.208186611059023,6.009545416426609,386.50391345747727,TRUE,205
P. vivax,paper_replica_corrigido,15002,Santarém,PA,2020,3,207,531849,48.88605600461785,35.716694070195175,13.169361934422675,5.378543147701816,333.04900697836257,TRUE,205
P. vivax,paper_replica_corrigido,15003,Almeirim,PA,2020,1,205,75877,15.8150691250313,70.02482473725614,-54.20975561222484,0,775.9065944322437,TRUE,205
P. vivax,paper_replica_corrigido,15003,Almeirim,PA,2020,2,206,75877,7.90753456251565,63.37434507538907,-55.46681051287342,0,717.3555539186266,TRUE,205
P. vivax,paper_replica_corrigido,15003,Almeirim,PA,2020,3,207,75877,13.179224270859418,63.4610578617864,-50.28183359092698,0,645.5357524253058,TRUE,205
P. vivax,paper_replica_corrigido,15004,Portel,PA,2020,1,205,155915,187.28153160375848,191.91856227559904,-4.637030671840563,44.89378108069498,2055.0692024382047,TRUE,205
P. vivax,paper_replica_corrigido,15004,Portel,PA,2020,2,206,155915,122.50264567232144,173.69109911094444,-51.188453438623,32.5941150311895,2694.856831446647,TRUE,205
P. vivax,paper_replica_corrigido,15004,Portel,PA,2020,3,207,155915,103.90276753359204,173.9284164186172,-70.02564888502515,40.793892397526484,1677.5719519354645,TRUE,205
P. vivax,paper_replica_corrigido,15005,Furos de Breves,PA,2020,1,205,234720,259.88411724608045,714.2984126486814,-454.41429540260094,208.27126433695278,7641.900941629258,TRUE,205
P. vivax,paper_replica_corrigido,15005,Furos de Breves,PA,2020,2,206,234720,205.35105657805047,646.4572837117894,-441.1062271337389,187.77775320082242,7333.817427041244,TRUE,205
P. vivax,paper_replica_corrigido,15005,Furos de Breves,PA,2020,3,207,234720,183.62304021813225,647.3400312540427,-463.7169910359105,161.83746169628532,6935.65778211071,TRUE,205
P. vivax,paper_replica_corrigido,15006,Arari,PA,2020,1,205,180421,16.62777614579234,48.380758387587626,-31.752982241795287,7.0860281678542405,542.6126069534381,TRUE,205
P. vivax,paper_replica_corrigido,15006,Arari,PA,2020,2,206,180421,15.519257736072852,43.78585690774182,-28.266599171668965,7.0860281678542405,559.3533484999931,TRUE,205
P. vivax,paper_replica_corrigido,15006,Arari,PA,2020,3,207,180421,7.759628868036426,43.845732682703066,-36.08610381466664,3.5430140839271207,376.622397121452,TRUE,205
P. vivax,paper_replica_corrigido,15007,Belém,PA,2020,1,205,2381117,0.9659332153774888,0.6584996244682022,0.30743359090928657,0.06194571707312162,7.203551946418424,TRUE,205
P. vivax,paper_replica_corrigido,15007,Belém,PA,2020,2,206,2381117,0.4199709632076038,0.5959589072160005,-0.17598794400839674,0.04199709632076038,5.757801905576245,TRUE,205
P. vivax,paper_replica_corrigido,15007,Belém,PA,2020,3,207,2381117,0.7139506374529265,0.5967735893452015,0.117177048107725,0.08399419264152076,5.742052994455955,TRUE,205
P. vivax,paper_replica_corrigido,15008,Castanhal,PA,2020,1,205,348294,0.5742275204281441,0.7001570356040849,-0.12592951517594086,0,8.929237942657615,TRUE,205
P. vivax,paper_replica_corrigido,15008,Castanhal,PA,2020,2,206,348294,0,0.6336635015938288,-0.6336635015938288,0,5.74227520428144,TRUE,205
P. vivax,paper_replica_corrigido,15008,Castanhal,PA,2020,3,207,348294,0,0.6345331810817111,-0.6345331810817111,0,6.467237448821965,TRUE,205
P. vivax,paper_replica_corrigido,15009,Salgado,PA,2020,1,205,273785,1.0957503150282155,17.69088830016613,-16.595137985137914,0,186.78427058785982,TRUE,205
P. vivax,paper_replica_corrigido,15009,Salgado,PA,2020,2,206,273785,0,16.010738473046388,-16.010738473046388,0,176.3360254518514,TRUE,205
P. vivax,paper_replica_corrigido,15009,Salgado,PA,2020,3,207,273785,0,16.032667164575127,-16.032667164575127,0,153.1047317974862,TRUE,205
P. vivax,paper_replica_corrigido,15010,Bragantina,PA,2020,1,205,427450,0.7018364721020003,1.5111596181319111,-0.8093231460299108,0,15.095332787460515,TRUE,205
P. vivax,paper_replica_corrigido,15010,Bragantina,PA,2020,2,206,427450,0,1.36764293412906,-1.36764293412906,0,16.276757515498872,TRUE,205
P. vivax,paper_replica_corrigido,15010,Bragantina,PA,2020,3,207,427450,0,1.3695175315902508,-1.3695175315902508,0,16.38788162358169,TRUE,205
P. vivax,paper_replica_corrigido,15011,Cametá,PA,2020,1,205,503601,73.86800264495106,39.816136563848445,34.05186608110262,8.885286185399762,441.2496585999416,TRUE,205
P. vivax,paper_replica_corrigido,15011,Cametá,PA,2020,2,206,503601,35.74258192497632,36.03461708416527,-0.2920351591889485,3.681047133951337,395.8712327245068,TRUE,205
P. vivax,paper_replica_corrigido,15011,Cametá,PA,2020,3,207,503601,33.756882929144304,36.083874162206854,-2.32699123306255,5.680236525666278,325.67747185984905,TRUE,205
P. vivax,paper_replica_corrigido,15012,Tomé-Açu,PA,2020,1,205,345631,0.2893258995865533,21.77203938670003,-21.482713487113475,0,216.57292970433997,TRUE,205
P. vivax,paper_replica_corrigido,15012,Tomé-Açu,PA,2020,2,206,345631,0.5786517991731066,19.704278845584092,-19.125627046410987,0,218.2374526482676,TRUE,205
P. vivax,paper_replica_corrigido,15012,Tomé-Açu,PA,2020,3,207,345631,1.4466294979327663,19.73124325631348,-18.284613758380715,0,177.54911401892957,TRUE,205
P. vivax,paper_replica_corrigido,15013,Guamá,PA,2020,1,205,488143,0.8194320107017821,28.87281823516678,-28.053386224464997,3.9285668996762126,330.81807101023304,FALSE,205
P. vivax,paper_replica_corrigido,15013,Guamá,PA,2020,2,206,488143,0.20485800267544552,26.13065793744832,-25.925799934772872,0,267.208025292977,TRUE,205
P. vivax,paper_replica_corrigido,15013,Guamá,PA,2020,3,207,488143,0.20485800267544552,26.16640294968947,-25.961544947014023,3.9285668996762126,284.69014799653576,FALSE,205
P. vivax,paper_replica_corrigido,15014,Itaituba,PA,2020,1,205,221823,287.6167034076719,480.00403825763516,-192.38733484996328,109.50576573834172,4565.814085153371,TRUE,205
P. vivax,paper_replica_corrigido,15014,Itaituba,PA,2020,2,206,221823,256.9616315711175,434.41521787633786,-177.45358630522037,97.69066996131012,4374.467168179019,TRUE,205
P. vivax,paper_replica_corrigido,15014,Itaituba,PA,2020,3,207,221823,252.45353277162425,435.00842150943544,-182.55488873781118,119.37569330817911,4770.921266111973,TRUE,205
P. vivax,paper_replica_corrigido,15015,Altamira,PA,2020,1,205,312142,36.84220643168815,171.4421434804703,-134.59993704878215,51.09498847865257,1761.0363914831773,FALSE,205
P. vivax,paper_replica_corrigido,15015,Altamira,PA,2020,2,206,312142,30.11449917024944,155.15933694010988,-125.04483776986044,39.882761547966275,1525.118849489558,FALSE,205
P. vivax,paper_replica_corrigido,15015,Altamira,PA,2020,3,207,312142,39.40514253128384,155.3712601807595,-115.96611764947565,36.65732640352228,1369.5811991908158,TRUE,205
P. vivax,paper_replica_corrigido,15016,Tucuruí,PA,2020,1,205,389741,3.8487097841900137,140.65313180161877,-136.80442201742875,35.22224565333829,1147.2857198840568,FALSE,205
P. vivax,paper_replica_corrigido,15016,Tucuruí,PA,2020,2,206,389741,1.7960645659553398,127.29453571562402,-125.49847114966869,25.38133883517626,1087.5022109637232,FALSE,205
P. vivax,paper_replica_corrigido,15016,Tucuruí,PA,2020,3,207,389741,3.8487097841900137,127.46841431605995,-123.61970453186993,32.721015170388775,1369.1571648551992,FALSE,205
P. vivax,paper_replica_corrigido,15017,Paragominas,PA,2020,1,205,354221,0.28230963155769984,48.385160255728856,-48.102850624171154,5.413858670458966,434.41704281541115,FALSE,205
P. vivax,paper_replica_corrigido,15017,Paragominas,PA,2020,2,206,354221,0,43.789821092423026,-43.789821092423026,8.075672516767959,378.2031436204792,FALSE,205
P. vivax,paper_replica_corrigido,15017,Paragominas,PA,2020,3,207,354221,0.5646192631153997,43.849698538104924,-43.28507927498953,6.271052959948306,362.90899287643254,FALSE,205
P. vivax,paper_replica_corrigido,15018,São Félix do Xingu,PA,2020,1,205,222632,8.534262819361098,26.244319026115935,-17.710056206754835,0,299.1851926433464,TRUE,205
P. vivax,paper_replica_corrigido,15018,São Félix do Xingu,PA,2020,2,206,222632,3.1442020913435624,23.751811111375442,-20.60760902003188,0,287.2694676004496,TRUE,205
P. vivax,paper_replica_corrigido,15018,São Félix do Xingu,PA,2020,3,207,222632,2.2458586366739732,23.784316298481748,-21.538457661807776,0,239.9654748096708,TRUE,205
P. vivax,paper_replica_corrigido,15019,Parauapebas,PA,2020,1,205,331080,2.7183762232693005,1.5674900195787016,1.150886203690599,0,19.791289114413427,TRUE,205
P. vivax,paper_replica_corrigido,15019,Parauapebas,PA,2020,2,206,331080,1.2081672103419112,1.4186219594420428,-0.21045474910013162,0,15.419234021988627,TRUE,205
P. vivax,paper_replica_corrigido,15019,Parauapebas,PA,2020,3,207,331080,0.6040836051709556,1.42056464223971,-0.8164810370687544,0,14.528210704361456,TRUE,205
P. vivax,paper_replica_corrigido,15020,Marabá,PA,2020,1,205,338296,1.182396481188072,22.539660932249355,-21.357264451061283,0.8975459905443846,216.87545487311831,TRUE,205
P. vivax,paper_replica_corrigido,15020,Marabá,PA,2020,2,206,338296,0,20.398993309265702,-20.398993309265702,0,281.02637356571154,TRUE,205
P. vivax,paper_replica_corrigido,15020,Marabá,PA,2020,3,207,338296,0.8867973608910541,20.42690317004606,-19.540105809155005,0,330.95827419757546,TRUE,205
P. vivax,paper_replica_corrigido,15021,Redenção,PA,2020,1,205,197953,0,1.4050481252488276,-1.4050481252488276,0,18.95651998201592,TRUE,205
P. vivax,paper_replica_corrigido,15021,Redenção,PA,2020,2,206,197953,0.505170419240931,1.2716098014604529,-0.7664393822195219,0,13.904815789606612,TRUE,205
P. vivax,paper_replica_corrigido,15021,Redenção,PA,2020,3,207,197953,0.505170419240931,1.2733539841206911,-0.7681835648797601,0,18.45134956277499,TRUE,205
P. vivax,paper_replica_corrigido,15022,Conceição do Araguaia,PA,2020,1,205,164785,0,1.7230785553364605,-1.7230785553364605,0,18.81239190460297,TRUE,205
P. vivax,paper_replica_corrigido,15022,Conceição do Araguaia,PA,2020,2,206,164785,0.606851351761386,1.5594415323597153,-0.9525901805983292,0,16.99183784931881,TRUE,205
P. vivax,paper_replica_corrigido,15022,Conceição do Araguaia,PA,2020,3,207,164785,0,1.5615844367145584,-1.5615844367145584,0,18.524137512516297,TRUE,205
P. vivax,paper_replica_corrigido,16001,Oiapoque,AP,2020,1,205,39212,234.62205447312047,1624.7210831773195,-1390.099028704199,423.8520795914922,17940.354368862903,FALSE,205
P. vivax,paper_replica_corrigido,16001,Oiapoque,AP,2020,2,206,39212,119.86126695909414,1470.4119879522814,-1350.5507209931873,293.4360551018023,12805.223404581422,FALSE,205
P. vivax,paper_replica_corrigido,16001,Oiapoque,AP,2020,3,207,39212,142.81342446189942,1472.4201316494489,-1329.6067071875495,407.550076530281,14715.410613278855,FALSE,205
P. vivax,paper_replica_corrigido,16002,Amapá,AP,2020,1,205,32202,65.21334078628657,259.07513076794567,-193.86178998165911,59.552277253234124,2515.5874449720277,TRUE,205
P. vivax,paper_replica_corrigido,16002,Amapá,AP,2020,2,206,32202,15.526985901496802,234.46962213844577,-218.94263623694897,0,2760.2480506874012,TRUE,205
P. vivax,paper_replica_corrigido,16002,Amapá,AP,2020,3,207,32202,6.210794360598721,234.7901555494188,-228.5793611888201,19.850759084411376,2294.2514811808433,FALSE,205
P. vivax,paper_replica_corrigido,16003,Macapá,AP,2020,1,205,700690,64.79327520015984,185.81839020519743,-121.02511500503759,55.991944497884525,2152.2801704180674,TRUE,205
P. vivax,paper_replica_corrigido,16003,Macapá,AP,2020,2,206,700690,39.53246086000942,168.17011968230008,-128.63765882229066,42.78651237394354,1726.6045483779424,FALSE,205
P. vivax,paper_replica_corrigido,16003,Macapá,AP,2020,3,207,700690,32.53935406527851,168.39975596773422,-135.86040190245572,46.86902075077503,2221.500354349262,FALSE,205
P. vivax,paper_replica_corrigido,16004,Mazagão,AP,2020,1,205,89669,122.67338768136146,332.34558512283616,-209.67219744147468,128.31875667902924,3716.9666518025447,FALSE,205
P. vivax,paper_replica_corrigido,16004,Mazagão,AP,2020,2,206,89669,61.33669384068073,300.78089349851945,-239.4441996578387,60.41674793637627,3340.564965544051,TRUE,205
P. vivax,paper_replica_corrigido,16004,Mazagão,AP,2020,3,207,89669,63.567119071250936,301.19173947983575,-237.6246204085848,64.15937833951462,2667.2479339699316,FALSE,205
P. vivax,paper_replica_corrigido,17001,Bico do Papagaio,TO,2020,1,205,217560,0.919286633572348,0.3593174629194824,0.5599691706528656,0,4.136789851075565,TRUE,205
P. vivax,paper_replica_corrigido,17001,Bico do Papagaio,TO,2020,2,206,217560,0.45964331678617393,0.32519533059040345,0.13444798619577047,0,3.6771465342893914,TRUE,205
P. vivax,paper_replica_corrigido,17001,Bico do Papagaio,TO,2020,3,207,217560,0.45964331678617393,0.32564357384876225,0.13399974293741168,0,3.6771465342893914,TRUE,205
P. vivax,paper_replica_corrigido,17002,Araguaína,TO,2020,1,205,323491,0,0.2128340431546159,-0.2128340431546159,0,2.635312883511435,TRUE,205
P. vivax,paper_replica_corrigido,17002,Araguaína,TO,2020,2,206,323491,0.30912761096908414,0.19262296841022716,0.11650464255885698,0,2.473020887752673,TRUE,205
P. vivax,paper_replica_corrigido,17002,Araguaína,TO,2020,3,207,323491,0.6182552219381683,0.192888869606486,0.4253663523316823,0,2.0170576615732667,TRUE,205
P. vivax,paper_replica_corrigido,17003,Miracema do Tocantins,TO,2020,1,205,149583,0,0.2243805871757904,-0.2243805871757904,0,4.679676166409284,TRUE,205
P. vivax,paper_replica_corrigido,17003,Miracema do Tocantins,TO,2020,2,206,149583,0,0.20307504398913273,-0.20307504398913273,0,3.342625833149489,TRUE,205
P. vivax,paper_replica_corrigido,17003,Miracema do Tocantins,TO,2020,3,207,149583,0.6685251666298978,0.20335732630515616,0.4651678403247417,0,3.342625833149489,TRUE,205
P. vivax,paper_replica_corrigido,17004,Rio Formoso,TO,2020,1,205,128892,0,0.15119881930326382,-0.15119881930326382,0,2.3275300251373245,TRUE,205
P. vivax,paper_replica_corrigido,17004,Rio Formoso,TO,2020,2,206,128892,0,0.1368431568877484,-0.1368431568877484,0,2.3275300251373245,TRUE,205
P. vivax,paper_replica_corrigido,17004,Rio Formoso,TO,2020,3,207,128892,0,0.13703431754628106,-0.13703431754628106,0,1.959004437823897,TRUE,205
P. vivax,paper_replica_corrigido,17005,Gurupi,TO,2020,1,205,151930,0,0.04304120878959527,-0.04304120878959527,0,0.658197854274995,TRUE,205
P. vivax,paper_replica_corrigido,17005,Gurupi,TO,2020,2,206,151930,0,0.03895629239667823,-0.03895629239667823,0,0.658197854274995,TRUE,205
P. vivax,paper_replica_corrigido,17005,Gurupi,TO,2020,3,207,151930,0,0.03901241995557159,-0.03901241995557159,0,0.658197854274995,TRUE,205
P. vivax,paper_replica_corrigido,17006,Porto Nacional,TO,2020,1,205,413057,0.24209733765557775,0.12623436398567162,0.11586297366990614,0,1.5796851282026396,TRUE,205
P. vivax,paper_replica_corrigido,17006,Porto Nacional,TO,2020,2,206,413057,0,0.11424745778649968,-0.11424745778649968,0,1.9367787012446225,TRUE,205
P. vivax,paper_replica_corrigido,17006,Porto Nacional,TO,2020,3,207,413057,0,0.11440572893656405,-0.11440572893656405,0,1.4525840259334668,TRUE,205
P. vivax,paper_replica_corrigido,17007,Jalapão,TO,2020,1,205,80915,0,0.00708921880656499,-0.00708921880656499,0,0,TRUE,205
P. vivax,paper_replica_corrigido,17007,Jalapão,TO,2020,2,206,80915,0,0.00641849619599425,-0.00641849619599425,0,0,TRUE,205
P. vivax,paper_replica_corrigido,17007,Jalapão,TO,2020,3,207,80915,0,0.00642970157716899,-0.00642970157716899,0,0,TRUE,205
P. vivax,paper_replica_corrigido,17008,Dianópolis,TO,2020,1,205,124820,1.6023073225444642,0.01215828552192297,1.5901490370225413,0,0,FALSE,205
P. vivax,paper_replica_corrigido,17008,Dianópolis,TO,2020,2,206,124820,0.8011536612722321,0.0110058442463412,0.7901478170258909,0,0.4206056721679036,FALSE,205
P. vivax,paper_replica_corrigido,17008,Dianópolis,TO,2020,3,207,124820,0,0.01102307468923133,-0.01102307468923133,0,0,TRUE,205
P. vivax,paper_replica_corrigido,21001,Litoral Ocidental Maranhense,MA,2020,1,205,191685,0,1.2558986971503725,-1.2558986971503725,0,16.720139812713544,TRUE,205
P. vivax,paper_replica_corrigido,21001,Litoral Ocidental Maranhense,MA,2020,2,206,191685,0,1.1366270313246252,-1.1366270313246252,0,14.607298432323864,TRUE,205
P. vivax,paper_replica_corrigido,21001,Litoral Ocidental Maranhense,MA,2020,3,207,191685,0,1.138187869580439,-1.138187869580439,0,13.83780681847822,TRUE,205
P. vivax,paper_replica_corrigido,21002,Aglomeração Urbana de São Luís,MA,2020,1,205,1442927,0.13860715060429252,0.14024756158181378,-0.0016404109775212672,0,1.561063033680843,TRUE,205
P. vivax,paper_replica_corrigido,21002,Aglomeração Urbana de São Luís,MA,2020,2,206,1442927,0,0.12692840490010945,-0.12692840490010945,0,1.9075809101915744,TRUE,205
P. vivax,paper_replica_corrigido,21002,Aglomeração Urbana de São Luís,MA,2020,3,207,1442927,0,0.1271027429152898,-0.1271027429152898,0,1.3895366848080293,TRUE,205
P. vivax,paper_replica_corrigido,21003,Rosário,MA,2020,1,205,179884,0,0.6043135961541549,-0.6043135961541549,0,6.670965733472682,TRUE,205
P. vivax,paper_replica_corrigido,21003,Rosário,MA,2020,2,206,179884,0,0.5469251589849023,-0.5469251589849023,0,6.406906673189376,TRUE,205
P. vivax,paper_replica_corrigido,21003,Rosário,MA,2020,3,207,179884,0,0.5476785119832315,-0.5476785119832315,0,5.559138111227235,TRUE,205
P. vivax,paper_replica_corrigido,21004,Lençóis Maranhenses,MA,2020,1,205,199178,0,0.208512123122112,-0.208512123122112,0,3.0123808854391547,TRUE,205
P. vivax,paper_replica_corrigido,21004,Lençóis Maranhenses,MA,2020,2,206,199178,0,0.1887130957247192,-0.1887130957247192,0,2.5103174045326293,TRUE,205
P. vivax,paper_replica_corrigido,21004,Lençóis Maranhenses,MA,2020,3,207,199178,0,0.1889751664672908,-0.1889751664672908,0,3.0123808854391547,TRUE,205
P. vivax,paper_replica_corrigido,21005,Baixada Maranhense,MA,2020,1,205,608061,1.9734862127319464,1.3040326462376468,0.6694535664942995,0,13.526603416433511,TRUE,205
P. vivax,paper_replica_corrigido,21005,Baixada Maranhense,MA,2020,2,206,608061,1.8090290283376176,1.180184269465664,0.6288447588719537,0,12.169831645180336,TRUE,205
P. vivax,paper_replica_corrigido,21005,Baixada Maranhense,MA,2020,3,207,608061,0.8222859219716443,1.1817988555533714,-0.3595129335817271,0,12.099937341812732,TRUE,205
P. vivax,paper_replica_corrigido,21006,Itapecuru Mirim,MA,2020,1,205,238418,0,0.28450278652978267,-0.28450278652978267,0,2.7367900074658698,TRUE,205
P. vivax,paper_replica_corrigido,21006,Itapecuru Mirim,MA,2020,2,206,238418,0,0.25748630116643556,-0.25748630116643556,0,2.93601993138102,TRUE,205
P. vivax,paper_replica_corrigido,21006,Itapecuru Mirim,MA,2020,3,207,238418,0,0.2578423476535883,-0.2578423476535883,0,2.93601993138102,TRUE,205
P. vivax,paper_replica_corrigido,21007,Gurupi,MA,2020,1,205,243679,0.8207518908071685,46.14355694415951,-45.32280505335235,5.246526323862255,448.5780006902227,FALSE,205
P. vivax,paper_replica_corrigido,21007,Gurupi,MA,2020,2,206,243679,3.283007563228674,41.76110318222424,-38.47809561899557,2.6232631619311273,414.73790590131097,TRUE,205
P. vivax,paper_replica_corrigido,21007,Gurupi,MA,2020,3,207,243679,2.4622556724215054,41.81819501806568,-39.355939345644174,2.6232631619311273,429.10027171288397,FALSE,205
P. vivax,paper_replica_corrigido,21008,Pindaré,MA,2020,1,205,669222,7.172507777688121,16.022100305569662,-8.84959252788154,0.9551899728882421,147.69624955784434,TRUE,205
P. vivax,paper_replica_corrigido,21008,Pindaré,MA,2020,2,206,669222,5.080526342529086,14.500403453914297,-9.419877111385212,2.3640951828984007,131.00430478162227,TRUE,205
P. vivax,paper_replica_corrigido,21008,Pindaré,MA,2020,3,207,669222,3.5862538888440607,14.520220930763102,-10.933967041919042,1.9103799457764843,126.63431065565864,TRUE,205
P. vivax,paper_replica_corrigido,21009,Imperatriz,MA,2020,1,205,602537,0.8298245584918437,0.6385580241401414,0.19126653435170227,0,7.80864909540824,TRUE,205
P. vivax,paper_replica_corrigido,21009,Imperatriz,MA,2020,2,206,602537,0.3319298233967375,0.5779126843854235,-0.24598286098868605,0,6.070166645367825,TRUE,205
P. vivax,paper_replica_corrigido,21009,Imperatriz,MA,2020,3,207,602537,0.4978947350951062,0.5787041262249351,-0.08080939112982888,0,5.563973664687808,TRUE,205
P. vivax,paper_replica_corrigido,21010,Médio Mearim,MA,2020,1,205,424432,1.8848720171900328,0.7345238848337426,1.15034813235629,0,8.13440079918573,TRUE,205
P. vivax,paper_replica_corrigido,21010,Médio Mearim,MA,2020,2,206,424432,1.1780450107437703,0.6647648060081518,0.5132802047356185,0,5.654616051570098,TRUE,205
P. vivax,paper_replica_corrigido,21010,Médio Mearim,MA,2020,3,207,424432,0.4712180042975082,0.665675477331461,-0.19445747303395283,0,7.191964790590713,TRUE,205
P. vivax,paper_replica_corrigido,21011,Alto Mearim e Grajaú,MA,2020,1,205,338308,3.2514749872896886,0.9744787035828004,2.2769962837068882,0,12.59946557574751,TRUE,205
P. vivax,paper_replica_corrigido,21011,Alto Mearim e Grajaú,MA,2020,2,206,338308,2.0691204464570743,0.8819307659500809,1.1871896805069935,0,13.020679380919148,TRUE,205
P. vivax,paper_replica_corrigido,21011,Alto Mearim e Grajaú,MA,2020,3,207,338308,1.1823545408326142,0.8831389984085624,0.2992155424240518,0,11.417111034914896,TRUE,205
P. vivax,paper_replica_corrigido,21012,Presidente Dutra,MA,2020,1,205,200027,0.99986501822254,0.4564071509196062,0.5434578673029338,0,6.261654676618645,TRUE,205
P. vivax,paper_replica_corrigido,21012,Presidente Dutra,MA,2020,2,206,200027,0.4999325091112699,0.4130642679010422,0.08686824121022768,0,7.261519694841185,TRUE,205
P. vivax,paper_replica_corrigido,21012,Presidente Dutra,MA,2020,3,207,200027,0.99986501822254,0.41363288056896785,0.5862321376535722,0,5.99919010933524,TRUE,205
P. vivax,paper_replica_corrigido,21013,Baixo Parnaíba Maranhense,MA,2020,1,205,147430,2.0348640032557825,0.34267897964561184,1.6921850236101708,0,3.391440005426304,TRUE,205
P. vivax,paper_replica_corrigido,21013,Baixo Parnaíba Maranhense,MA,2020,2,206,147430,0,0.31013833444210004,-0.31013833444210004,0,3.7475412059960505,TRUE,205
P. vivax,paper_replica_corrigido,21013,Baixo Parnaíba Maranhense,MA,2020,3,207,147430,0,0.3105671050869437,-0.3105671050869437,0,4.748016007596825,TRUE,205
P. vivax,paper_replica_corrigido,21014,Chapadinha,MA,2020,1,205,246702,0.4053473421374776,0.21814597472014624,0.18720136741733134,0,3.05023874958451,TRUE,205
P. vivax,paper_replica_corrigido,21014,Chapadinha,MA,2020,2,206,246702,0.4053473421374776,0.19743089479473944,0.20791644734273815,0,2.644891407447032,TRUE,205
P. vivax,paper_replica_corrigido,21014,Chapadinha,MA,2020,3,207,246702,0,0.1977038970575445,-0.1977038970575445,0,3.05023874958451,TRUE,205
P. vivax,paper_replica_corrigido,21015,Codó,MA,2020,1,205,280000,0.7142857142857143,0.3662759340315674,0.3480097802541469,0,5.205357142857119,TRUE,205
P. vivax,paper_replica_corrigido,21015,Codó,MA,2020,2,206,280000,0.35714285714285715,0.331492196115313,0.025650661027544153,0,3.2142857142857144,TRUE,205
P. vivax,paper_replica_corrigido,21015,Codó,MA,2020,3,207,280000,0,0.33194877326193817,-0.33194877326193817,0,5.187499999999991,TRUE,205
P. vivax,paper_replica_corrigido,21016,Coelho Neto,MA,2020,1,205,94357,0,0.05280716903603412,-0.05280716903603412,0,1.0598047839587947,TRUE,205
P. vivax,paper_replica_corrigido,21016,Coelho Neto,MA,2020,2,206,94357,0,0.04779624323975482,-0.04779624323975482,0,1.0598047839587947,TRUE,205
P. vivax,paper_replica_corrigido,21016,Coelho Neto,MA,2020,3,207,94357,0,0.04786576320385131,-0.04786576320385131,0,1.0598047839587947,TRUE,205
P. vivax,paper_replica_corrigido,21017,Caxias,MA,2020,1,205,447282,0.22357260073063528,0.1127004919125208,0.11087210881811449,0,1.6823838204980253,TRUE,205
P. vivax,paper_replica_corrigido,21017,Caxias,MA,2020,2,206,447282,0,0.10199834609729322,-0.10199834609729322,0,1.3414356043838116,TRUE,205
P. vivax,paper_replica_corrigido,21017,Caxias,MA,2020,3,207,447282,0.22357260073063528,0.10213923856390908,0.1214333621667262,0,1.1178630036531765,TRUE,205
P. vivax,paper_replica_corrigido,21018,Chapadas do Alto Itapecuru,MA,2020,1,205,222247,0.8998996611877775,0.10824484437933175,0.7916548168084457,0,1.799799322375555,TRUE,205
P. vivax,paper_replica_corrigido,21018,Chapadas do Alto Itapecuru,MA,2020,2,206,222247,0.4499498305938888,0.09796695885982286,0.35198287173406595,0,1.3498494917816664,TRUE,205
P. vivax,paper_replica_corrigido,21018,Chapadas do Alto Itapecuru,MA,2020,3,207,222247,0,0.0981035644016926,-0.0981035644016926,0,1.799799322375555,TRUE,205
P. vivax,paper_replica_corrigido,21019,Porto Franco,MA,2020,1,205,121114,0,0.2342943266483895,-0.2342943266483895,0,4.561817791502203,TRUE,205
P. vivax,paper_replica_corrigido,21019,Porto Franco,MA,2020,2,206,121114,0,0.21204774561038833,-0.21204774561038833,0,3.3026735142097525,TRUE,205
P. vivax,paper_replica_corrigido,21019,Porto Franco,MA,2020,3,207,121114,0,0.2123428727790048,-0.2123428727790048,0,3.3026735142097525,TRUE,205
P. vivax,paper_replica_corrigido,21020,Gerais de Balsas,MA,2020,1,205,144541,1.38369044077459,0.02822160195821786,1.3554688388163723,0,0.691845220387295,FALSE,205
P. vivax,paper_replica_corrigido,21020,Gerais de Balsas,MA,2020,2,206,144541,0,0.02554393468637033,-0.02554393468637033,0,0.691845220387295,TRUE,205
P. vivax,paper_replica_corrigido,21020,Gerais de Balsas,MA,2020,3,207,144541,0,0.02558143527674754,-0.02558143527674754,0,0.691845220387295,TRUE,205
P. vivax,paper_replica_corrigido,21021,Chapadas das Mangabeiras,MA,2020,1,205,72567,0,0.01782187887649891,-0.01782187887649891,0,0,TRUE,205
P. vivax,paper_replica_corrigido,21021,Chapadas das Mangabeiras,MA,2020,2,206,72567,0,0.01613317814890025,-0.01613317814890025,0,0,TRUE,205
P. vivax,paper_replica_corrigido,21021,Chapadas das Mangabeiras,MA,2020,3,207,72567,0,0.01615894990635197,-0.01615894990635197,0,0,TRUE,205
P. vivax,paper_replica_corrigido,51001,Aripuanã,MT,2020,1,205,173174,83.73081409449455,136.19782147284207,-52.46700737834752,33.221541896161874,1332.091547975267,TRUE,205
P. vivax,paper_replica_corrigido,51001,Aripuanã,MT,2020,2,206,173174,64.67483571436821,123.26237121436041,-58.5875354999922,31.28361861888577,1034.666465943796,TRUE,205
P. vivax,paper_replica_corrigido,51001,Aripuanã,MT,2020,3,207,173174,86.040629655722,123.43076415847533,-37.39013450275333,33.221541896161874,1107.938422236998,TRUE,205
P. vivax,paper_replica_corrigido,51002,Alta Floresta,MT,2020,1,205,108647,1.8408239528012735,13.128453212630038,-11.287629259828766,0,138.41139873583208,TRUE,205
P. vivax,paper_replica_corrigido,51002,Alta Floresta,MT,2020,2,206,108647,3.681647905602547,1.8587305674264616,1.8229173381760855,0,17.050631862821778,TRUE,205
P. vivax,paper_replica_corrigido,51002,Alta Floresta,MT,2020,3,207,108647,1.8408239528012735,1.861279604605158,-0.020455651803884534,0,23.01029941001592,TRUE,205
P. vivax,paper_replica_corrigido,51003,Colíder,MT,2020,1,205,158041,3.796483191070672,1.797955160787291,1.998528030283381,0,19.014053315278915,TRUE,205
P. vivax,paper_replica_corrigido,51003,Colíder,MT,2020,2,206,158041,5.694724786606007,1.627200875318658,4.067523911287349,0,15.850317322720024,TRUE,205
P. vivax,paper_replica_corrigido,51003,Colíder,MT,2020,3,207,158041,7.592966382141343,1.6294317641981992,5.963534617943144,0,18.982415955353357,TRUE,205
P. vivax,paper_replica_corrigido,51004,Parecis,MT,2020,1,205,113087,0,0.6545320260819254,-0.6545320260819254,0,9.771238073341724,TRUE,205
P. vivax,paper_replica_corrigido,51004,Parecis,MT,2020,2,206,113087,6.189924571347723,0.5923765465348085,5.597548024812915,0,6.189924571347723,TRUE,205
P. vivax,paper_replica_corrigido,51004,Parecis,MT,2020,3,207,113087,8.842749387639605,0.5931943262001297,8.249555061439475,0,6.654168914198783,FALSE,205
P. vivax,paper_replica_corrigido,51005,Arinos,MT,2020,1,205,83825,1.1929615269907543,0.21545264237499617,0.9775088846157581,0,3.012227855651628,TRUE,205
P. vivax,paper_replica_corrigido,51005,Arinos,MT,2020,2,206,83825,0,0.19499688409445765,-0.19499688409445765,0,3.578884580972264,TRUE,205
P. vivax,paper_replica_corrigido,51005,Arinos,MT,2020,3,207,83825,0,0.19527009412689889,-0.19527009412689889,0,3.578884580972264,TRUE,205
P. vivax,paper_replica_corrigido,51006,Alto Teles Pires,MT,2020,1,205,267191,0,0.49509140608657154,-0.49509140608657154,0,8.430298924739223,TRUE,205
P. vivax,paper_replica_corrigido,51006,Alto Teles Pires,MT,2020,2,206,267191,0.3742641032070691,0.4480752194048389,-0.07381111619776981,0,5.43618609908267,TRUE,205
P. vivax,paper_replica_corrigido,51006,Alto Teles Pires,MT,2020,3,207,267191,1.1227923096212074,0.4486923763903964,0.674099933230811,0,4.687657892668533,TRUE,205
P. vivax,paper_replica_corrigido,51007,Sinop,MT,2020,1,205,209969,0.4762607813534379,1.1578769948774184,-0.6816162135239805,0,13.109078006753366,TRUE,205
P. vivax,paper_replica_corrigido,51007,Sinop,MT,2020,2,206,209969,0,1.0479146890069009,-1.0479146890069009,0,14.085412608527893,TRUE,205
P. vivax,paper_replica_corrigido,51007,Sinop,MT,2020,3,207,209969,0.4762607813534379,1.0493535454053535,-0.5730927640519157,0,14.085412608527893,TRUE,205
P. vivax,paper_replica_corrigido,51008,Paranatinga,MT,2020,1,205,37097,0,0.5172079417945357,-0.5172079417945357,0,8.086907297086018,TRUE,205
P. vivax,paper_replica_corrigido,51008,Paranatinga,MT,2020,2,206,37097,0,0.4681037010454432,-0.4681037010454432,0,8.086907297086018,TRUE,205
P. vivax,paper_replica_corrigido,51008,Paranatinga,MT,2020,3,207,37097,0,0.46875999374716126,-0.46875999374716126,0,8.086907297086018,TRUE,205
P. vivax,paper_replica_corrigido,51009,Norte Araguaia,MT,2020,1,205,134387,0,0.19574555199939817,-0.19574555199939817,0,2.97647837960517,TRUE,205
P. vivax,paper_replica_corrigido,51009,Norte Araguaia,MT,2020,2,206,134387,0,0.1771601643106321,-0.1771601643106321,0,2.2323587847038775,TRUE,205
P. vivax,paper_replica_corrigido,51009,Norte Araguaia,MT,2020,3,207,134387,2.2323587847038775,0.17740775413940674,2.054951030564471,0,2.2323587847038775,TRUE,205
P. vivax,paper_replica_corrigido,51010,Canarana,MT,2020,1,205,118050,0,0.15250605891428126,-0.15250605891428126,0,2.5412960609911055,TRUE,205
P. vivax,paper_replica_corrigido,51010,Canarana,MT,2020,2,206,118050,0,0.1380267415177889,-0.1380267415177889,0,2.5412960609911055,TRUE,205
P. vivax,paper_replica_corrigido,51010,Canarana,MT,2020,3,207,118050,0,0.13821997741317615,-0.13821997741317615,0,2.9860228716645296,TRUE,205
P. vivax,paper_replica_corrigido,51011,Médio Araguaia,MT,2020,1,205,69925,0,0.04604241635290931,-0.04604241635290931,0,1.4301036825169826,TRUE,205
P. vivax,paper_replica_corrigido,51011,Médio Araguaia,MT,2020,2,206,69925,0,0.04167465133414463,-0.04167465133414463,0,1.4301036825169826,TRUE,205
P. vivax,paper_replica_corrigido,51011,Médio Araguaia,MT,2020,3,207,69925,0,0.0417364503114148,-0.0417364503114148,0,1.4301036825169826,TRUE,205
P. vivax,paper_replica_corrigido,51012,Alto Guaporé,MT,2020,1,205,76023,2.630782789418992,0.5984126852945865,2.0323701041244053,0,7.892348368256974,TRUE,205
P. vivax,paper_replica_corrigido,51012,Alto Guaporé,MT,2020,2,206,76023,6.576956973547479,0.5415887164476271,6.035368257099852,0,7.267537455769935,TRUE,205
P. vivax,paper_replica_corrigido,51012,Alto Guaporé,MT,2020,3,207,76023,5.261565578837984,0.5423386115573132,4.719226967280671,0,6.576956973547479,TRUE,205
P. vivax,paper_replica_corrigido,51013,Tangará da Serra,MT,2020,1,205,174002,0,0.11815275726839553,-0.11815275726839553,0,1.7241181135849013,TRUE,205
P. vivax,paper_replica_corrigido,51013,Tangará da Serra,MT,2020,2,206,174002,0,0.10693484935751618,-0.10693484935751618,0,1.7241181135849013,TRUE,205
P. vivax,paper_replica_corrigido,51013,Tangará da Serra,MT,2020,3,207,174002,0.5747060378616338,0.1070844368640848,0.46762160099754896,0,2.298824151446535,TRUE,205
P. vivax,paper_replica_corrigido,51014,Jauru,MT,2020,1,205,111030,0,0.08536587339808055,-0.08536587339808055,0,1.801314959920742,TRUE,205
P. vivax,paper_replica_corrigido,51014,Jauru,MT,2020,2,206,111030,0,0.07726237193727935,-0.07726237193727935,0,0.900657479960371,TRUE,205
P. vivax,paper_replica_corrigido,51014,Jauru,MT,2020,3,207,111030,0,0.07737200948027681,-0.07737200948027681,0,1.801314959920742,TRUE,205
P. vivax,paper_replica_corrigido,51015,Alto Paraguai,MT,2020,1,205,33357,0,0.1005816568544655,-0.1005816568544655,0,2.997871511227029,TRUE,205
P. vivax,paper_replica_corrigido,51015,Alto Paraguai,MT,2020,2,206,33357,0,0.0910395440860945,-0.0910395440860945,0,2.997871511227029,TRUE,205
P. vivax,paper_replica_corrigido,51015,Alto Paraguai,MT,2020,3,207,33357,0,0.09117417867395294,-0.09117417867395294,0,2.997871511227029,TRUE,205
P. vivax,paper_replica_corrigido,51016,Rosário Oeste,MT,2020,1,205,30839,0,0.07273878353593578,-0.07273878353593578,0,3.2426472972534777,TRUE,205
P. vivax,paper_replica_corrigido,51016,Rosário Oeste,MT,2020,2,206,30839,0,0.06583988028792485,-0.06583988028792485,0,3.2426472972534777,TRUE,205
P. vivax,paper_replica_corrigido,51016,Rosário Oeste,MT,2020,3,207,30839,0,0.06593883082404904,-0.06593883082404904,0,0,TRUE,205
P. vivax,paper_replica_corrigido,51017,Cuiabá,MT,2020,1,205,955206,0.41875783862329174,0.12042259924108643,0.2983352393822053,0,1.4159249418450028,TRUE,205
P. vivax,paper_replica_corrigido,51017,Cuiabá,MT,2020,2,206,955206,0.20937891931164587,0.10898635099614222,0.10039256831550365,0,1.6253038611566486,TRUE,205
P. vivax,paper_replica_corrigido,51017,Cuiabá,MT,2020,3,207,955206,0.10468945965582294,0.10913620888068136,-0.004446749224858423,0,1.5703418948373438,TRUE,205
P. vivax,paper_replica_corrigido,51018,Alto Pantanal,MT,2020,1,205,141581,0,0.08198533675826326,-0.08198533675826326,0,1.4126189248557364,TRUE,205
P. vivax,paper_replica_corrigido,51018,Alto Pantanal,MT,2020,2,206,141581,1.4126189248557364,0.07420247999807948,1.338416444857657,0,1.4126189248557364,TRUE,205
P. vivax,paper_replica_corrigido,51018,Alto Pantanal,MT,2020,3,207,141581,0,0.07430733441694073,-0.07430733441694073,0,1.4126189248557364,TRUE,205
P. vivax,paper_replica_corrigido,51019,Primavera do Leste,MT,2020,1,205,108832,0,0.0998247854728934,-0.0998247854728934,0,2.7565421934725083,TRUE,205
P. vivax,paper_replica_corrigido,51019,Primavera do Leste,MT,2020,2,206,108832,0,0.09034926987279827,-0.09034926987279827,0,2.7565421934725083,TRUE,205
P. vivax,paper_replica_corrigido,51019,Primavera do Leste,MT,2020,3,207,108832,0,0.09047769698909486,-0.09047769698909486,0,1.8376947956483385,TRUE,205
P. vivax,paper_replica_corrigido,51020,Tesouro,MT,2020,1,205,55885,0,0.0270920106768683,-0.0270920106768683,0,0,TRUE,205
P. vivax,paper_replica_corrigido,51020,Tesouro,MT,2020,2,206,55885,0,0.02452409267455523,-0.02452409267455523,0,1.7893889236825622,TRUE,205
P. vivax,paper_replica_corrigido,51020,Tesouro,MT,2020,3,207,55885,0,0.02456250676050331,-0.02456250676050331,0,0,TRUE,205
P. vivax,paper_replica_corrigido,51021,Rondonópolis,MT,2020,1,205,323403,0.3092117265455175,0.08328041867620999,0.22593130786930748,0,1.23684690618207,TRUE,205
P. vivax,paper_replica_corrigido,51021,Rondonópolis,MT,2020,2,206,323403,0,0.07537297224346944,-0.07537297224346944,0,1.23684690618207,TRUE,205
P. vivax,paper_replica_corrigido,51021,Rondonópolis,MT,2020,3,207,323403,0,0.07547797954326961,-0.07547797954326961,0,1.23684690618207,TRUE,205
P. vivax,paper_replica_corrigido,51022,Alto Araguaia,MT,2020,1,205,42669,0,0.01172184325675911,-0.01172184325675911,0,0,TRUE,205
P. vivax,paper_replica_corrigido,51022,Alto Araguaia,MT,2020,2,206,42669,0,0.01061376297421305,-0.01061376297421305,0,0,TRUE,205
P. vivax,paper_replica_corrigido,51022,Alto Araguaia,MT,2020,3,207,42669,0,0.01063316418895885,-0.01063316418895885,0,0,TRUE,205
P. falciparum,paper_replica_corrigido,11001,Porto Velho,RO,2012,1,109,559543,11.080471027249024,147.1417056459218,-136.06123461867278,111.62154159688863,197.7288996083887,FALSE,109
P. falciparum,paper_replica_corrigido,11001,Porto Velho,RO,2012,2,110,559543,7.506125534588048,124.95242971620844,-117.44630418162039,81.27275350460557,182.51033558751644,FALSE,109
P. falciparum,paper_replica_corrigido,11001,Porto Velho,RO,2012,3,111,559543,9.472015555551584,128.72592505431788,-119.2539094987663,83.50534495463327,214.14406839923984,FALSE,109
P. falciparum,paper_replica_corrigido,11002,Guajará-Mirim,RO,2012,1,109,73193,1.36625087098493,49.50346203111265,-48.13721116012772,8.533814147000745,90.86363264432445,FALSE,109
P. falciparum,paper_replica_corrigido,11002,Guajará-Mirim,RO,2012,2,110,73193,4.098752612954791,40.715769234435164,-36.617016621480374,8.533814147000745,82.32981849732367,FALSE,109
P. falciparum,paper_replica_corrigido,11002,Guajará-Mirim,RO,2012,3,111,73193,0,42.34913780666656,-42.34913780666656,6.078040291748735,88.40785878907246,FALSE,109
P. falciparum,paper_replica_corrigido,11003,Ariquemes,RO,2012,1,109,176003,7.386237734584069,163.19960278057775,-155.8133650459937,97.9902415459216,241.55437083532158,FALSE,109
P. falciparum,paper_replica_corrigido,11003,Ariquemes,RO,2012,2,110,176003,5.1135492008658945,136.70994231927787,-131.59639311841198,82.18618747689464,206.83140874505233,FALSE,109
P. falciparum,paper_replica_corrigido,11003,Ariquemes,RO,2012,3,111,176003,7.386237734584069,145.6520605022879,-138.26582276770384,84.17765147913067,246.66068878977293,FALSE,109
P. falciparum,paper_replica_corrigido,11004,Ji-Paraná,RO,2012,1,109,294157,0.6799090281720306,19.370949452045135,-18.691040423873105,6.11052790813955,35.7618645823867,FALSE,109
P. falciparum,paper_replica_corrigido,11004,Ji-Paraná,RO,2012,2,110,294157,1.0198635422580458,15.989277033059858,-14.969413490801813,6.0799752685988535,30.87344225587506,FALSE,109
P. falciparum,paper_replica_corrigido,11004,Ji-Paraná,RO,2012,3,111,294157,0.3399545140860153,17.073349389145108,-16.73339487505909,5.789725192962224,33.60790349476752,FALSE,109
P. falciparum,paper_replica_corrigido,11005,Alvorada D'Oeste,RO,2012,1,109,69841,0,8.526736028059108,-8.526736028059108,0,25.73638060558419,TRUE,109
P. falciparum,paper_replica_corrigido,11005,Alvorada D'Oeste,RO,2012,2,110,69841,0,0.6746461432840937,-0.6746461432840937,0,1.9532133822358766,TRUE,109
P. falciparum,paper_replica_corrigido,11005,Alvorada D'Oeste,RO,2012,3,111,69841,0,7.3653896580829725,-7.3653896580829725,0,20.589104484467352,TRUE,109
P. falciparum,paper_replica_corrigido,11006,Cacoal,RO,2012,1,109,228654,0.4373420101988156,7.747079054903098,-7.309737044704283,0,16.508150181219968,TRUE,109
P. falciparum,paper_replica_corrigido,11006,Cacoal,RO,2012,2,110,228654,0,0.617589213657135,-0.617589213657135,0,1.381495792894137,TRUE,109
P. falciparum,paper_replica_corrigido,11006,Cacoal,RO,2012,3,111,228654,0,0.6455774391171518,-0.6455774391171518,0,1.7897921203486822,TRUE,109
P. falciparum,paper_replica_corrigido,11007,Vilhena,RO,2012,1,109,136730,0,0.40937290521283204,-0.40937290521283204,0,1.1224030776517797,TRUE,109
P. falciparum,paper_replica_corrigido,11007,Vilhena,RO,2012,2,110,136730,0,0.3528066820748423,-0.3528066820748423,0,0.9976916245793597,TRUE,109
P. falciparum,paper_replica_corrigido,11007,Vilhena,RO,2012,3,111,136730,0.731368390258173,0.3693939619660996,0.36197442829207344,0,0.9976916245793597,TRUE,109
P. falciparum,paper_replica_corrigido,11008,Colorado do Oeste,RO,2012,1,109,51890,0,10.602336017147945,-10.602336017147945,0,27.71176809211186,TRUE,109
P. falciparum,paper_replica_corrigido,11008,Colorado do Oeste,RO,2012,2,110,51890,0,8.955649275968215,-8.955649275968215,0,24.247797080597877,TRUE,109
P. falciparum,paper_replica_corrigido,11008,Colorado do Oeste,RO,2012,3,111,51890,0,9.2212922658431,-9.2212922658431,0,27.71176809211186,TRUE,109
P. falciparum,paper_replica_corrigido,12001,Cruzeiro do Sul,AC,2012,1,109,135803,402.7893345507831,387.92888134524514,14.860453205537965,280.5979000975062,547.5298883152634,TRUE,109
P. falciparum,paper_replica_corrigido,12001,Cruzeiro do Sul,AC,2012,2,110,135803,292.3352208714093,323.73245407932353,-31.397233207914212,209.75354819788816,497.03550204771705,TRUE,109
P. falciparum,paper_replica_corrigido,12001,Cruzeiro do Sul,AC,2012,3,111,135803,234.16272100027248,325.46510146565214,-91.30238046537966,201.6135619450596,546.3386708148494,TRUE,109
P. falciparum,paper_replica_corrigido,12002,Tarauacá,AC,2012,1,109,76221,1.311974390259902,26.00584699913428,-24.69387260887438,0,54.2389299945106,TRUE,109
P. falciparum,paper_replica_corrigido,12002,Tarauacá,AC,2012,2,110,76221,0,23.02203710081228,-23.02203710081228,0,49.522501299335765,TRUE,109
P. falciparum,paper_replica_corrigido,12002,Tarauacá,AC,2012,3,111,76221,1.311974390259902,22.90175310834131,-21.58977871808141,0,49.522501299335765,TRUE,109
P. falciparum,paper_replica_corrigido,12003,Sena Madureira,AC,2012,1,109,52651,0,0.2652680005384625,-0.2652680005384625,0,1.180283768739667,TRUE,109
P. falciparum,paper_replica_corrigido,12003,Sena Madureira,AC,2012,2,110,52651,0,0.2406084569903702,-0.2406084569903702,0,1.180283768739667,TRUE,109
P. falciparum,paper_replica_corrigido,12003,Sena Madureira,AC,2012,3,111,52651,0,0.23848105947156104,-0.23848105947156104,0,1.180283768739667,TRUE,109
P. falciparum,paper_replica_corrigido,12004,Rio Branco,AC,2012,1,109,433224,0.23082747031558737,20.01717349262874,-19.78634602231315,9.957645326434022,32.165268913824896,FALSE,109
P. falciparum,paper_replica_corrigido,12004,Rio Branco,AC,2012,2,110,433224,0.6924824109467619,18.069450403428636,-17.376967992481873,6.8147635202782855,32.36234731091057,FALSE,109
P. falciparum,paper_replica_corrigido,12004,Rio Branco,AC,2012,3,111,433224,0.23082747031558737,17.827383901164936,-17.596556430849347,6.4206067261069375,35.06958213403481,FALSE,109
P. falciparum,paper_replica_corrigido,12005,Brasiléia,AC,2012,1,109,60887,0,0.673531956595195,-0.673531956595195,0,1.9603951393588759,TRUE,109
P. falciparum,paper_replica_corrigido,12005,Brasiléia,AC,2012,2,110,60887,0,0.6016692823763707,-0.6016692823763707,0,1.6803386908790363,TRUE,109
P. falciparum,paper_replica_corrigido,12005,Brasiléia,AC,2012,3,111,60887,0,0.5906713793387682,-0.5906713793387682,0,1.9603951393588759,TRUE,109
P. falciparum,paper_replica_corrigido,13001,Rio Negro,AM,2012,1,109,99826,43.074950413719876,128.3099943213218,-85.23504390760192,72.02350321057061,200.81052988897216,FALSE,109
P. falciparum,paper_replica_corrigido,13001,Rio Negro,AM,2012,2,110,99826,64.1115541041412,108.26973179216597,-44.158177688024765,58.47408166908202,184.60524166659374,TRUE,109
P. falciparum,paper_replica_corrigido,13001,Rio Negro,AM,2012,3,111,99826,41.07146434796546,110.74390458903514,-69.67244024106968,52.21703982766369,197.20935472844363,FALSE,109
P. falciparum,paper_replica_corrigido,13002,Japurá,AM,2012,1,109,25044,7.985944737262418,26.555850955698524,-18.569906218436106,0,71.77186383463527,TRUE,109
P. falciparum,paper_replica_corrigido,13002,Japurá,AM,2012,2,110,25044,15.971889474524836,22.3349442387955,-6.3630547642706645,0,64.59467745117173,TRUE,109
P. falciparum,paper_replica_corrigido,13002,Japurá,AM,2012,3,111,25044,35.93675131768088,22.573619259596022,13.363132058084858,0,71.77186383463527,TRUE,109
P. falciparum,paper_replica_corrigido,13003,Alto Solimões,AM,2012,1,109,231482,40.60790903828376,48.22234931554464,-7.614440277260883,27.17745203757147,77.64986296448993,TRUE,109
P. falciparum,paper_replica_corrigido,13003,Alto Solimões,AM,2012,2,110,231482,59.61586646045912,41.755498966444115,17.860367494015,18.22830533091401,69.10837803839604,TRUE,109
P. falciparum,paper_replica_corrigido,13003,Alto Solimões,AM,2012,3,111,231482,94.6077880785547,41.70775066394228,52.90003741461243,19.373640809640236,79.20286022377971,FALSE,109
P. falciparum,paper_replica_corrigido,13004,Juruá,AM,2012,1,109,131695,140.47610007972966,70.0405698009343,70.43553027879535,32.68843666129831,114.64837910434477,FALSE,109
P. falciparum,paper_replica_corrigido,13004,Juruá,AM,2012,2,110,131695,88.84164167204526,60.71921840847774,28.12242326356752,27.29723312008209,106.52745225112031,TRUE,109
P. falciparum,paper_replica_corrigido,13004,Juruá,AM,2012,3,111,131695,154.90337522305327,61.24839813383679,93.65497708921649,22.486095782667622,113.35176053114081,FALSE,109
P. falciparum,paper_replica_corrigido,13005,Tefé,AM,2012,1,109,87520,34.27787934186472,109.20203557779779,-74.92415623593307,55.24626097672178,184.9414795893603,FALSE,109
P. falciparum,paper_replica_corrigido,13005,Tefé,AM,2012,2,110,87520,34.27787934186472,94.72217144909573,-60.44429210723101,45.182815668694374,162.2473835375844,FALSE,109
P. falciparum,paper_replica_corrigido,13005,Tefé,AM,2012,3,111,87520,33.135283363802564,93.9770349687403,-60.841751604937734,42.05082503711443,174.77534606390398,FALSE,109
P. falciparum,paper_replica_corrigido,13006,Coari,AM,2012,1,109,156671,18.5101263156551,67.66105061555668,-49.150924299901575,33.81606876406866,108.44661238078334,FALSE,109
P. falciparum,paper_replica_corrigido,13006,Coari,AM,2012,2,110,156671,7.659362613374523,57.853765891490575,-50.19440327811605,26.93239064415646,97.51877336542276,FALSE,109
P. falciparum,paper_replica_corrigido,13006,Coari,AM,2012,3,111,156671,5.106241742249682,58.431292398360114,-53.325050656110434,28.079670330808494,109.59389206743536,FALSE,109
P. falciparum,paper_replica_corrigido,13007,Manaus,AM,2012,1,109,2106861,1.5188472329213931,29.488233535794926,-27.969386302873534,21.328585011951493,40.910358911424154,FALSE,109
P. falciparum,paper_replica_corrigido,13007,Manaus,AM,2012,2,110,2106861,1.8510950651229483,25.220702332892085,-23.369607267769137,15.859935814887132,40.14679556799629,FALSE,109
P. falciparum,paper_replica_corrigido,13007,Manaus,AM,2012,3,111,2106861,2.2782708493820905,25.497635893251267,-23.21936504386918,16.139340278543695,42.019445332045635,FALSE,109
P. falciparum,paper_replica_corrigido,13008,Rio Preto da Eva,AM,2012,1,109,55600,0,142.66286599731046,-142.66286599731046,66.03059234638278,239.2295634581309,FALSE,109
P. falciparum,paper_replica_corrigido,13008,Rio Preto da Eva,AM,2012,2,110,55600,1.7985611510791366,119.76229306336832,-117.96373191228918,58.190974895221046,221.5298085941678,FALSE,109
P. falciparum,paper_replica_corrigido,13008,Rio Preto da Eva,AM,2012,3,111,55600,0,117.20090082956528,-117.20090082956528,59.726570066067154,223.06540376501397,FALSE,109
P. falciparum,paper_replica_corrigido,13009,Itacoatiara,AM,2012,1,109,156384,0,31.718591088876686,-31.718591088876686,8.045696430019847,55.77391703810184,FALSE,109
P. falciparum,paper_replica_corrigido,13009,Itacoatiara,AM,2012,2,110,156384,0,26.572324159002818,-26.572324159002818,7.44226919776836,54.62453183381329,FALSE,109
P. falciparum,paper_replica_corrigido,13009,Itacoatiara,AM,2012,3,111,156384,0,27.296630284600674,-27.296630284600674,2.844728380614162,55.77391703810184,FALSE,109
P. falciparum,paper_replica_corrigido,13010,Parintins,AM,2012,1,109,248506,2.4144286254657836,10.631697191231876,-8.217268565766092,1.4466085791687973,22.07886343956375,TRUE,109
P. falciparum,paper_replica_corrigido,13010,Parintins,AM,2012,2,110,248506,2.4144286254657836,9.014875031885312,-6.600446406419529,0,19.185646281226152,TRUE,109
P. falciparum,paper_replica_corrigido,13010,Parintins,AM,2012,3,111,248506,4.828857250931567,9.088703205273609,-4.259845954342041,0.7233042895843986,19.908950570810553,TRUE,109
P. falciparum,paper_replica_corrigido,13011,Boca do Acre,AM,2012,1,109,49500,0,66.1381482641059,-66.1381482641059,14.524885316158429,136.2615803722112,FALSE,109
P. falciparum,paper_replica_corrigido,13011,Boca do Acre,AM,2012,2,110,49500,2.0202020202020203,60.64319593036434,-58.62299391016232,7.262442658079214,121.73669505605277,FALSE,109
P. falciparum,paper_replica_corrigido,13011,Boca do Acre,AM,2012,3,111,49500,4.040404040404041,59.25964763031002,-55.21924358990598,14.524885316158429,127.09274651638626,FALSE,109
P. falciparum,paper_replica_corrigido,13012,Purus,AM,2012,1,109,70911,19.743058199715136,102.02779409855336,-82.28473589883822,46.8304959128109,176.23221804266177,FALSE,109
P. falciparum,paper_replica_corrigido,13012,Purus,AM,2012,2,110,70911,25.383931971062317,86.50851798586339,-61.124586014801075,30.417642812109918,158.488593068931,FALSE,109
P. falciparum,paper_replica_corrigido,13012,Purus,AM,2012,3,111,70911,29.6145872995727,86.31958594972599,-56.704998650153286,38.0220535151374,169.9585792126641,FALSE,109
P. falciparum,paper_replica_corrigido,13013,Madeira,AM,2012,1,109,170985,16.375705471240167,76.06053123974307,-59.684825768502904,42.049409196703934,120.89205144052379,FALSE,109
P. falciparum,paper_replica_corrigido,13013,Madeira,AM,2012,2,110,170985,4.093926367810042,65.81653777527461,-61.72261140746457,28.33078944627928,113.03406809688973,FALSE,109
P. falciparum,paper_replica_corrigido,13013,Madeira,AM,2012,3,111,170985,11.112085855484398,67.68642297431485,-56.57433711883046,33.53440383437139,118.34280600797358,FALSE,109
P. falciparum,paper_replica_corrigido,14001,Boa Vista,RR,2012,1,109,334076,36.518636477927174,25.795855198252898,10.722781279674276,11.298790010466696,44.65712242232074,TRUE,109
P. falciparum,paper_replica_corrigido,14001,Boa Vista,RR,2012,2,110,334076,22.449981441348676,21.889101096651206,0.5608803446974697,8.864169782020896,38.200670987768355,TRUE,109
P. falciparum,paper_replica_corrigido,14001,Boa Vista,RR,2012,3,111,334076,23.04864761311797,21.97699315639908,1.0716544567188926,8.864169782020896,41.428896705044544,TRUE,109
P. falciparum,paper_replica_corrigido,14002,Nordeste de Roraima,RR,2012,1,109,44023,74.96081593712378,101.26613920022392,-26.305323263100135,28.580927935675074,179.65154702424329,TRUE,109
P. falciparum,paper_replica_corrigido,14002,Nordeste de Roraima,RR,2012,2,110,44023,79.50389569088885,75.66490628529348,3.8389894055953704,20.4149485254822,138.82164997327894,TRUE,109
P. falciparum,paper_replica_corrigido,14002,Nordeste de Roraima,RR,2012,3,111,44023,56.788496922063466,84.09716268157126,-27.308665759507797,20.4149485254822,171.68971709930508,TRUE,109
P. falciparum,paper_replica_corrigido,14003,Caracaraí,RR,2012,1,109,43635,29.792597685344333,89.4558780598232,-59.66328037447887,24.715772538667665,168.89111234756234,TRUE,109
P. falciparum,paper_replica_corrigido,14003,Caracaraí,RR,2012,2,110,43635,27.50085940185631,76.49576760966141,-48.9949082078051,12.35788626933383,162.8151515984731,TRUE,109
P. falciparum,paper_replica_corrigido,14003,Caracaraí,RR,2012,3,111,43635,38.95955081929643,76.06978492776943,-37.110234108473,20.596477115556382,154.57656075225054,TRUE,109
P. falciparum,paper_replica_corrigido,14004,Sudeste de Roraima,RR,2012,1,109,47790,69.05210295040803,84.51424185882206,-15.462138908414033,22.56691221437044,159.9429903193504,TRUE,109
P. falciparum,paper_replica_corrigido,14004,Sudeste de Roraima,RR,2012,2,110,47790,41.849759363883656,73.20286274840659,-31.35310338452293,11.28345610718522,141.13723014070837,TRUE,109
P. falciparum,paper_replica_corrigido,14004,Sudeste de Roraima,RR,2012,3,111,47790,23.01736765013601,72.48516216288826,-49.46779451275225,3.7611520357284065,148.65953421216517,TRUE,109
P. falciparum,paper_replica_corrigido,15001,Óbidos,PA,2012,1,109,189429,18.476579615581564,11.941736326263667,6.534843289317896,0,23.722008745685788,TRUE,109
P. falciparum,paper_replica_corrigido,15001,Óbidos,PA,2012,2,110,189429,0,10.005797584417918,-10.005797584417918,0,21.37352987986288,TRUE,109
P. falciparum,paper_replica_corrigido,15001,Óbidos,PA,2012,3,111,189429,1.0558045494618036,10.51409231221724,-9.458287762755436,0.4507181661680314,24.67088909551322,TRUE,109
P. falciparum,paper_replica_corrigido,15002,Santarém,PA,2012,1,109,492734,4.6678329484062395,0.6455960878680698,4.02223686053817,0.12025757203807158,1.1947892588818465,FALSE,109
P. falciparum,paper_replica_corrigido,15002,Santarém,PA,2012,2,110,492734,3.0442388793953734,0.5131797753206527,2.531059104074721,0.10381948665157253,1.0381948665157255,FALSE,109
P. falciparum,paper_replica_corrigido,15002,Santarém,PA,2012,3,111,492734,2.4353911035162987,0.5242440352869884,1.9111470682293104,0.06921299110104837,1.0563632766797497,FALSE,109
P. falciparum,paper_replica_corrigido,15003,Almeirim,PA,2012,1,109,69092,5.789382272911481,14.396577754296638,-8.607195481385158,0,39.02306832646194,TRUE,109
P. falciparum,paper_replica_corrigido,15003,Almeirim,PA,2012,2,110,69092,4.34203670468361,11.286387633506601,-6.944350928822991,0,28.616916772738758,TRUE,109
P. falciparum,paper_replica_corrigido,15003,Almeirim,PA,2012,3,111,69092,2.8946911364557404,11.634521557514319,-8.739830421058578,0,31.218454661169552,TRUE,109
P. falciparum,paper_replica_corrigido,15004,Portel,PA,2012,1,109,135041,19.25341192674817,14.860129644804214,4.393282281943957,1.331043577783492,30.614002289020316,TRUE,109
P. falciparum,paper_replica_corrigido,15004,Portel,PA,2012,2,110,135041,22.955991143430516,11.875998219411285,11.079992924019232,1.331043577783492,27.31966943400614,TRUE,109
P. falciparum,paper_replica_corrigido,15004,Portel,PA,2012,3,111,135041,18.512896083411707,12.212397376606338,6.300498706805369,1.331043577783492,29.282958711236827,TRUE,109
P. falciparum,paper_replica_corrigido,15005,Furos de Breves,PA,2012,1,109,209923,252.473526007155,144.0040560571902,108.46946994996478,91.12584200959633,207.2540292076372,FALSE,109
P. falciparum,paper_replica_corrigido,15005,Furos de Breves,PA,2012,2,110,209923,262.953559162169,115.40360752496719,147.5499516372018,65.48131329747596,183.7715183585586,FALSE,109
P. falciparum,paper_replica_corrigido,15005,Furos de Breves,PA,2012,3,111,209923,333.93196553021824,115.5236414442427,218.40832408597555,67.60051892560611,206.35497227449108,FALSE,109
P. falciparum,paper_replica_corrigido,15006,Arari,PA,2012,1,109,158333,3.789481662066657,17.293437516285223,-13.503955854218567,2.270473695154649,34.05710542731975,TRUE,109
P. falciparum,paper_replica_corrigido,15006,Arari,PA,2012,2,110,158333,46.73694049882211,13.920666278471039,32.81627422035107,1.1352368475773245,28.97692053441119,FALSE,109
P. falciparum,paper_replica_corrigido,15006,Arari,PA,2012,3,111,158333,60.63170659306651,13.786673171505962,46.84503342156055,0,31.247394229565835,FALSE,109
P. falciparum,paper_replica_corrigido,15007,Belém,PA,2012,1,109,2185084,0.4576483100878501,0.08398005556695907,0.37366825452089103,0,0.21329770631670986,FALSE,109
P. falciparum,paper_replica_corrigido,15007,Belém,PA,2012,2,110,2185084,0.3661186480702801,0.06817306540256167,0.2979455826677184,0,0.18485801214114853,FALSE,109
P. falciparum,paper_replica_corrigido,15007,Belém,PA,2012,3,111,2185084,0.3203538170614951,0.06605020764206457,0.25430360941943053,0,0.17063816505336787,FALSE,109
P. falciparum,paper_replica_corrigido,15008,Castanhal,PA,2012,1,109,305405,0,0.10760824845550407,-0.10760824845550407,0,0.4069554899750313,TRUE,109
P. falciparum,paper_replica_corrigido,15008,Castanhal,PA,2012,2,110,305405,0,0.08536514615137304,-0.08536514615137304,0,0.30521661748127343,TRUE,109
P. falciparum,paper_replica_corrigido,15008,Castanhal,PA,2012,3,111,305405,0,0.08525968614340199,-0.08525968614340199,0,0.30521661748127343,TRUE,109
P. falciparum,paper_replica_corrigido,15009,Salgado,PA,2012,1,109,251888,12.307057104744969,0.0471470900003631,12.259910014744605,0,0.24670933394172098,FALSE,109
P. falciparum,paper_replica_corrigido,15009,Salgado,PA,2012,2,110,251888,2.779012894619831,0.038089350827406325,2.7409235437924244,0,0.24670933394172098,FALSE,109
P. falciparum,paper_replica_corrigido,15009,Salgado,PA,2012,3,111,251888,1.588007368354189,0.03760053285800349,1.5504068354961855,0,0.24670933394172098,FALSE,109
P. falciparum,paper_replica_corrigido,15010,Bragantina,PA,2012,1,109,390863,0,0.21520357710393795,-0.21520357710393795,0,0.635958079510337,TRUE,109
P. falciparum,paper_replica_corrigido,15010,Bragantina,PA,2012,2,110,390863,0.25584411929499595,0.16913105126431832,0.08671306803067763,0,0.5187033086006169,TRUE,109
P. falciparum,paper_replica_corrigido,15010,Bragantina,PA,2012,3,111,390863,0,0.16834955757350936,-0.16834955757350936,0,0.4769685596327527,TRUE,109
P. falciparum,paper_replica_corrigido,15011,Cametá,PA,2012,1,109,449907,22.226815764146817,0.3306523512689295,21.896163412877886,0,0.7021107451727048,FALSE,109
P. falciparum,paper_replica_corrigido,15011,Cametá,PA,2012,2,110,449907,15.3365028772613,0.2673326268279109,15.06917025043339,0,0.6443121548143588,FALSE,109
P. falciparum,paper_replica_corrigido,15011,Cametá,PA,2012,3,111,449907,18.003720768958917,0.2729595063068795,17.730761262652038,0,0.6642100301836248,FALSE,109
P. falciparum,paper_replica_corrigido,15012,Tomé-Açu,PA,2012,1,109,299079,17.386710534674783,9.364248896177337,8.022461638497447,0,17.744423988727956,TRUE,109
P. falciparum,paper_replica_corrigido,15012,Tomé-Açu,PA,2012,2,110,299079,4.346677633668696,7.502117869763938,-3.1554402360952425,0,16.226907627287222,TRUE,109
P. falciparum,paper_replica_corrigido,15012,Tomé-Açu,PA,2012,3,111,299079,6.6871963594903026,7.670466831701073,-0.9832704722107701,0.6009965787884156,16.542430831151126,TRUE,109
P. falciparum,paper_replica_corrigido,15013,Guamá,PA,2012,1,109,441719,3.62221231144687,18.960819720663714,-15.338607409216845,9.35922041639955,32.55381014399843,FALSE,109
P. falciparum,paper_replica_corrigido,15013,Guamá,PA,2012,2,110,441719,1.131941347327147,14.80477308189213,-13.672831734564983,5.696916775199726,26.44997074199873,FALSE,109
P. falciparum,paper_replica_corrigido,15013,Guamá,PA,2012,3,111,441719,2.263882694654294,14.99360130630725,-12.729718611652956,4.476148894799785,27.67073862239867,FALSE,109
P. falciparum,paper_replica_corrigido,15014,Itaituba,PA,2012,1,109,213017,300.91495044996407,155.7674508212645,145.14749962869956,108.85123627026205,222.4067023250722,FALSE,109
P. falciparum,paper_replica_corrigido,15014,Itaituba,PA,2012,2,110,213017,269.93150781393035,134.2782983833039,135.65320943062645,84.78161212600449,207.17596732756658,FALSE,109
P. falciparum,paper_replica_corrigido,15014,Itaituba,PA,2012,3,111,213017,193.4117934249379,141.23133975484018,52.180453670097734,82.6509968424199,235.50682203899322,TRUE,109
P. falciparum,paper_replica_corrigido,15015,Altamira,PA,2012,1,109,281058,27.752278889054928,42.88492778390875,-15.132648894853823,21.104540845612643,71.32375508505908,TRUE,109
P. falciparum,paper_replica_corrigido,15015,Altamira,PA,2012,2,110,281058,24.90589131069032,37.11935786489203,-12.213466554201712,16.260089424233378,65.90372527698128,TRUE,109
P. falciparum,paper_replica_corrigido,15015,Altamira,PA,2012,3,111,281058,11.029751866162856,38.61602079889438,-27.586268932731528,19.153969646245415,69.0694064038232,FALSE,109
P. falciparum,paper_replica_corrigido,15016,Tucuruí,PA,2012,1,109,340793,13.791363085509388,55.794708423605336,-42.00334533809595,36.89393453601707,85.74741111069297,FALSE,109
P. falciparum,paper_replica_corrigido,15016,Tucuruí,PA,2012,2,110,340793,15.258529371201874,48.63577630668718,-33.3772469354853,25.817842681029816,77.33485563035738,FALSE,109
P. falciparum,paper_replica_corrigido,15016,Tucuruí,PA,2012,3,111,340793,9.389864228431922,51.6649345332384,-42.275070304806476,26.62217792288008,91.7997041600253,FALSE,109
P. falciparum,paper_replica_corrigido,15017,Paragominas,PA,2012,1,109,306994,21.498791507325876,24.430563561623742,-2.9317720542978662,10.817140711783727,41.59988349511411,TRUE,109
P. falciparum,paper_replica_corrigido,15017,Paragominas,PA,2012,2,110,306994,14.984006202075612,20.1845974707164,-5.200591268640789,8.197021378347616,36.608482977227474,TRUE,109
P. falciparum,paper_replica_corrigido,15017,Paragominas,PA,2012,3,111,306994,8.469220896825345,21.114599191379995,-12.64537829455465,6.718630022609922,39.535990612351604,TRUE,109
P. falciparum,paper_replica_corrigido,15018,São Félix do Xingu,PA,2012,1,109,177935,0,0.3788206365474189,-0.3788206365474189,0,0.9583160692720365,TRUE,109
P. falciparum,paper_replica_corrigido,15018,São Félix do Xingu,PA,2012,2,110,177935,0.5620029786157866,0.34852804490466643,0.2134749337111202,0,0.9583160692720365,TRUE,109
P. falciparum,paper_replica_corrigido,15018,São Félix do Xingu,PA,2012,3,111,177935,0,0.3683459690217835,-0.3683459690217835,0,1.149979283126444,TRUE,109
P. falciparum,paper_replica_corrigido,15019,Parauapebas,PA,2012,1,109,271172,0.3687696369831694,0.6227911795494124,-0.25402154256624304,0,1.3205188461582746,TRUE,109
P. falciparum,paper_replica_corrigido,15019,Parauapebas,PA,2012,2,110,271172,0,0.5571381115334414,-0.5571381115334414,0,1.2277681176781086,TRUE,109
P. falciparum,paper_replica_corrigido,15019,Parauapebas,PA,2012,3,111,271172,0,0.5885793792578191,-0.5885793792578191,0,1.4164136671292908,TRUE,109
P. falciparum,paper_replica_corrigido,15020,Marabá,PA,2012,1,109,295238,5.080646800208646,9.542171443975171,-4.461524643766525,2.1156336882834386,19.192907057017354,TRUE,109
P. falciparum,paper_replica_corrigido,15020,Marabá,PA,2012,2,110,295238,1.693548933402882,8.454157985597268,-6.760609052194386,0.28918733868622615,18.58409160715162,TRUE,109
P. falciparum,paper_replica_corrigido,15020,Marabá,PA,2012,3,111,295238,0.6774195733611528,8.984777441615563,-8.30735786825441,2.1156336882834386,19.482094395703594,FALSE,109
P. falciparum,paper_replica_corrigido,15021,Redenção,PA,2012,1,109,185608,0,0.20447655221789404,-0.20447655221789404,0,0.6430896235622595,TRUE,109
P. falciparum,paper_replica_corrigido,15021,Redenção,PA,2012,2,110,185608,0.5387698806085944,0.17931543933641597,0.35945444127217846,0,0.5075814528830671,FALSE,109
P. falciparum,paper_replica_corrigido,15021,Redenção,PA,2012,3,111,185608,0,0.19525544988591914,-0.19525544988591914,0,0.599451399106247,TRUE,109
P. falciparum,paper_replica_corrigido,15022,Conceição do Araguaia,PA,2012,1,109,142249,0,18.756758826365008,-18.756758826365008,2.5271946486437242,36.644322405333995,FALSE,109
P. falciparum,paper_replica_corrigido,15022,Conceição do Araguaia,PA,2012,2,110,142249,0.7029926396670627,16.996766396711926,-16.293773757044864,1.2635973243218621,36.04411367628108,FALSE,109
P. falciparum,paper_replica_corrigido,15022,Conceição do Araguaia,PA,2012,3,111,142249,0,17.995032165256664,-17.995032165256664,1.8638060533747483,40.43511437829959,FALSE,109
P. falciparum,paper_replica_corrigido,16001,Oiapoque,AP,2012,1,109,31004,361.2437104889691,410.6532538238084,-49.40954333483933,231.89969782926147,655.40652098995,TRUE,109
P. falciparum,paper_replica_corrigido,16001,Oiapoque,AP,2012,2,110,31004,122.56483034447167,351.0898013996422,-228.52497105517057,153.48861250074245,571.4878178379859,FALSE,109
P. falciparum,paper_replica_corrigido,16001,Oiapoque,AP,2012,3,111,31004,167.72029415559282,369.41458502487467,-201.69429086928184,194.0710596208632,634.9703601187464,FALSE,109
P. falciparum,paper_replica_corrigido,16002,Amapá,AP,2012,1,109,25619,312.26823841680005,59.92838064507006,252.33985777172998,0,126.28979289489402,FALSE,109
P. falciparum,paper_replica_corrigido,16002,Amapá,AP,2012,2,110,25619,89.77711854483,50.45030586455574,39.326812680274266,0,112.25759368435024,TRUE,109
P. falciparum,paper_replica_corrigido,16002,Amapá,AP,2012,3,111,25619,58.55029470315001,50.671396127609135,7.878898575540873,0,112.25759368435024,TRUE,109
P. falciparum,paper_replica_corrigido,16003,Macapá,AP,2012,1,109,569504,50.3947294487835,29.605364482704307,20.789364966079194,17.990200209103445,44.352155866390554,FALSE,109
P. falciparum,paper_replica_corrigido,16003,Macapá,AP,2012,2,110,569504,43.7222565600944,24.44882472377921,19.27343183631519,14.518407186294013,40.39904608360073,FALSE,109
P. falciparum,paper_replica_corrigido,16003,Macapá,AP,2012,3,111,569504,29.49935382367815,24.679906892879718,4.819446930798431,12.94031944865336,42.45845058122177,TRUE,109
P. falciparum,paper_replica_corrigido,16004,Mazagão,AP,2012,1,109,72475,97.9648154536047,78.99215021529463,18.97266523831007,28.45918047824919,137.70771207449113,TRUE,109
P. falciparum,paper_replica_corrigido,16004,Mazagão,AP,2012,2,110,72475,44.15315626077958,63.97559128789052,-19.82243502711094,19.840822991371983,122.8270948309621,TRUE,109
P. falciparum,paper_replica_corrigido,16004,Mazagão,AP,2012,3,111,72475,44.15315626077958,65.14929576927187,-20.99613950849229,18.5387689825632,126.48524656999639,TRUE,109
P. falciparum,paper_replica_corrigido,17001,Bico do Papagaio,TO,2012,1,109,199722,0,0.1354613780725869,-0.1354613780725869,0,0.46672214909658594,TRUE,109
P. falciparum,paper_replica_corrigido,17001,Bico do Papagaio,TO,2012,2,110,199722,0,0.11760378715045061,-0.11760378715045061,0,0.46672214909658594,TRUE,109
P. falciparum,paper_replica_corrigido,17001,Bico do Papagaio,TO,2012,3,111,199722,0,0.12749904096087752,-0.12749904096087752,0,0.46672214909658594,TRUE,109
P. falciparum,paper_replica_corrigido,17002,Araguaína,TO,2012,1,109,286178,0,0.11481671764150034,-0.11481671764150034,0,0.434296980955295,TRUE,109
P. falciparum,paper_replica_corrigido,17002,Araguaína,TO,2012,2,110,286178,0,0.09914064402918832,-0.09914064402918832,0,0.3257227357164713,TRUE,109
P. falciparum,paper_replica_corrigido,17002,Araguaína,TO,2012,3,111,286178,0,0.10844896864395595,-0.10844896864395595,0,0.434296980955295,TRUE,109
P. falciparum,paper_replica_corrigido,17003,Miracema do Tocantins,TO,2012,1,109,143238,0,0.10371298572121837,-0.10371298572121837,0,0.4338452136158855,TRUE,109
P. falciparum,paper_replica_corrigido,17003,Miracema do Tocantins,TO,2012,2,110,143238,0,0.09309514423834482,-0.09309514423834482,0,0.4338452136158855,TRUE,109
P. falciparum,paper_replica_corrigido,17003,Miracema do Tocantins,TO,2012,3,111,143238,0,0.10103440147520219,-0.10103440147520219,0,0.4338452136158855,TRUE,109
P. falciparum,paper_replica_corrigido,17004,Rio Formoso,TO,2012,1,109,118053,0,0.10271493018986809,-0.10271493018986809,0,0.5264001821886118,TRUE,109
P. falciparum,paper_replica_corrigido,17004,Rio Formoso,TO,2012,2,110,118053,0,0.09654349029003871,-0.09654349029003871,0,0.5264001821886118,TRUE,109
P. falciparum,paper_replica_corrigido,17004,Rio Formoso,TO,2012,3,111,118053,0,0.1063854138750277,-0.1063854138750277,0,0.5264001821886118,TRUE,109
P. falciparum,paper_replica_corrigido,17005,Gurupi,TO,2012,1,109,139542,0,0.013315359469651353,-0.013315359469651353,0,0.22266815979386925,TRUE,109
P. falciparum,paper_replica_corrigido,17005,Gurupi,TO,2012,2,110,139542,0,0.012109974638936127,-0.012109974638936127,0,0.22266815979386925,TRUE,109
P. falciparum,paper_replica_corrigido,17005,Gurupi,TO,2012,3,111,139542,0,0.013850039215046153,-0.013850039215046153,0,0.22266815979386925,TRUE,109
P. falciparum,paper_replica_corrigido,17006,Porto Nacional,TO,2012,1,109,338559,0,0.03420526829429167,-0.03420526829429167,0,0.1835518202378676,TRUE,109
P. falciparum,paper_replica_corrigido,17006,Porto Nacional,TO,2012,2,110,338559,0,0.03068470893564853,-0.03068470893564853,0,0.1835518202378676,TRUE,109
P. falciparum,paper_replica_corrigido,17006,Porto Nacional,TO,2012,3,111,338559,0,0.0340636442689426,-0.0340636442689426,0,0.1835518202378676,TRUE,109
P. falciparum,paper_replica_corrigido,17007,Jalapão,TO,2012,1,109,73385,0,0.0027646927851913672,-0.0027646927851913672,0,0,TRUE,109
P. falciparum,paper_replica_corrigido,17007,Jalapão,TO,2012,2,110,73385,0,0.0024570022356689204,-0.0024570022356689204,0,0,TRUE,109
P. falciparum,paper_replica_corrigido,17007,Jalapão,TO,2012,3,111,73385,0,0.0027176820718968348,-0.0027176820718968348,0,0,TRUE,109
P. falciparum,paper_replica_corrigido,17008,Dianópolis,TO,2012,1,109,119017,0,0.0010747081976437353,-0.0010747081976437353,0,0,TRUE,109
P. falciparum,paper_replica_corrigido,17008,Dianópolis,TO,2012,2,110,119017,0,9.584427898694836e-4,-9.584427898694836e-4,0,0,TRUE,109
P. falciparum,paper_replica_corrigido,17008,Dianópolis,TO,2012,3,111,119017,0,0.0010879916243928755,-0.0010879916243928755,0,0,TRUE,109
P. falciparum,paper_replica_corrigido,21001,Litoral Ocidental Maranhense,MA,2012,1,109,185387,0,0.02434880040373382,-0.02434880040373382,0,0.16760377132137694,TRUE,109
P. falciparum,paper_replica_corrigido,21001,Litoral Ocidental Maranhense,MA,2012,2,110,185387,0,0.019468443942200635,-0.019468443942200635,0,0.16760377132137694,TRUE,109
P. falciparum,paper_replica_corrigido,21001,Litoral Ocidental Maranhense,MA,2012,3,111,185387,0,0.019432596938159262,-0.019432596938159262,0,0.16760377132137694,TRUE,109
P. falciparum,paper_replica_corrigido,21002,Aglomeração Urbana de São Luís,MA,2012,1,109,1345368,0,0.018229070614354904,-0.018229070614354904,0,0.06928563862219729,TRUE,109
P. falciparum,paper_replica_corrigido,21002,Aglomeração Urbana de São Luís,MA,2012,2,110,1345368,0.1486582109876257,0.014872136504908552,0.13378607448271715,0,0.06928563862219729,FALSE,109
P. falciparum,paper_replica_corrigido,21002,Aglomeração Urbana de São Luís,MA,2012,3,111,1345368,0,0.014716020354442,-0.014716020354442,0,0.06928563862219729,TRUE,109
P. falciparum,paper_replica_corrigido,21003,Rosário,MA,2012,1,109,165969,0,0.01887259077607079,-0.01887259077607079,0,0.18721303589198046,TRUE,109
P. falciparum,paper_replica_corrigido,21003,Rosário,MA,2012,2,110,165969,0,0.015275394969260028,-0.015275394969260028,0,0.18721303589198046,TRUE,109
P. falciparum,paper_replica_corrigido,21003,Rosário,MA,2012,3,111,165969,0,0.014848525289580933,-0.014848525289580933,0,0.18721303589198046,TRUE,109
P. falciparum,paper_replica_corrigido,21004,Lençóis Maranhenses,MA,2012,1,109,183427,0,0.02160352930783896,-0.02160352930783896,0,0.16939469300569768,TRUE,109
P. falciparum,paper_replica_corrigido,21004,Lençóis Maranhenses,MA,2012,2,110,183427,0,0.017715524818155914,-0.017715524818155914,0,0.16939469300569768,TRUE,109
P. falciparum,paper_replica_corrigido,21004,Lençóis Maranhenses,MA,2012,3,111,183427,0,0.017239827145991926,-0.017239827145991926,0,0.16939469300569768,TRUE,109
P. falciparum,paper_replica_corrigido,21005,Baixada Maranhense,MA,2012,1,109,576587,0.3468687292637538,0.4469833906508293,-0.10011466138707553,0.08872102724441576,0.9167839481922961,TRUE,109
P. falciparum,paper_replica_corrigido,21005,Baixada Maranhense,MA,2012,2,110,576587,0.3468687292637538,0.3641391015367096,-0.017270372272955803,0.04362117172850446,0.7689155694516031,TRUE,109
P. falciparum,paper_replica_corrigido,21005,Baixada Maranhense,MA,2012,3,111,576587,0.5203030938956307,0.36293993424303533,0.15736315965259534,0.05914735149627717,0.7689155694516031,TRUE,109
P. falciparum,paper_replica_corrigido,21006,Itapecuru Mirim,MA,2012,1,109,218636,0.45738121809766,0.1632937032956733,0.2940875148019867,0,0.5009570713317778,TRUE,109
P. falciparum,paper_replica_corrigido,21006,Itapecuru Mirim,MA,2012,2,110,218636,0,0.13155705128755768,-0.13155705128755768,0,0.4263464436866221,TRUE,109
P. falciparum,paper_replica_corrigido,21006,Itapecuru Mirim,MA,2012,3,111,218636,0.45738121809766,0.13009082046957834,0.32729039762808165,0,0.5684619249154962,TRUE,109
P. falciparum,paper_replica_corrigido,21007,Gurupi,MA,2012,1,109,227567,1.757724098836826,12.937998814714994,-11.180274715878168,0.7898572982350716,23.69571894705215,TRUE,109
P. falciparum,paper_replica_corrigido,21007,Gurupi,MA,2012,2,110,227567,0.4394310247092065,10.022780965497159,-9.583349940787953,0.37518221666166013,22.11600435058201,TRUE,109
P. falciparum,paper_replica_corrigido,21007,Gurupi,MA,2012,3,111,227567,0.4394310247092065,10.093133140539884,-9.6537021158306775,0,21.326147052346936,TRUE,109
P. falciparum,paper_replica_corrigido,21008,Pindaré,MA,2012,1,109,634376,1.8916226338953557,0.3135640606860473,1.5780585732093084,0.05375927518882172,0.6451113022658606,FALSE,109
P. falciparum,paper_replica_corrigido,21008,Pindaré,MA,2012,2,110,634376,0.7881760974563982,0.257457954231316,0.5307181432250822,0,0.6182316646714499,FALSE,109
P. falciparum,paper_replica_corrigido,21008,Pindaré,MA,2012,3,111,634376,1.261081755930237,0.2682400641620158,0.9928416917682212,0,0.6182316646714499,FALSE,109
P. falciparum,paper_replica_corrigido,21009,Imperatriz,MA,2012,1,109,575448,0.6951105920952023,0.15375509618302785,0.5413554959121745,0,0.4319634142992049,FALSE,109
P. falciparum,paper_replica_corrigido,21009,Imperatriz,MA,2012,2,110,575448,0.868888240119003,0.13020788458733767,0.7386803555316653,0,0.3779679875118042,FALSE,109
P. falciparum,paper_replica_corrigido,21009,Imperatriz,MA,2012,3,111,575448,0.17377764802380058,0.13955944381964921,0.034218204204151365,0,0.3779679875118042,TRUE,109
P. falciparum,paper_replica_corrigido,21010,Médio Mearim,MA,2012,1,109,414136,0,0.2303458176864115,-0.2303458176864115,0,0.5352670637705869,TRUE,109
P. falciparum,paper_replica_corrigido,21010,Médio Mearim,MA,2012,2,110,414136,0.4829331427357196,0.19124685509023395,0.29168628764548565,0,0.4940926742497725,TRUE,109
P. falciparum,paper_replica_corrigido,21010,Médio Mearim,MA,2012,3,111,414136,0.7243997141035795,0.19439988668392486,0.5299998274196547,0,0.5157092287481991,FALSE,109
P. falciparum,paper_replica_corrigido,21011,Alto Mearim e Grajaú,MA,2012,1,109,316734,0.6314446822886081,0.1443969302985807,0.48704775199002737,0,0.3923994311183024,FALSE,109
P. falciparum,paper_replica_corrigido,21011,Alto Mearim e Grajaú,MA,2012,2,110,316734,0.947167023432912,0.12118249347958986,0.8259845299533222,0,0.3923994311183024,FALSE,109
P. falciparum,paper_replica_corrigido,21011,Alto Mearim e Grajaú,MA,2012,3,111,316734,0.6314446822886081,0.13018569650099585,0.5012589857876122,0,0.3923994311183024,FALSE,109
P. falciparum,paper_replica_corrigido,21012,Presidente Dutra,MA,2012,1,109,192964,0,0.22456234867171526,-0.22456234867171526,0,0.6649674149784639,TRUE,109
P. falciparum,paper_replica_corrigido,21012,Presidente Dutra,MA,2012,2,110,192964,0.5182313799465186,0.18562409407574,0.3326072858707786,0,0.5302065767270159,TRUE,109
P. falciparum,paper_replica_corrigido,21012,Presidente Dutra,MA,2012,3,111,192964,0.5182313799465186,0.19556968281042814,0.32266169713609044,0,0.6185743395148519,TRUE,109
P. falciparum,paper_replica_corrigido,21013,Baixo Parnaíba Maranhense,MA,2012,1,109,141956,0,0.16771195557202714,-0.16771195557202714,0,0.656644883357296,TRUE,109
P. falciparum,paper_replica_corrigido,21013,Baixo Parnaíba Maranhense,MA,2012,2,110,141956,0,0.13575078622425527,-0.13575078622425527,0,0.656644883357296,TRUE,109
P. falciparum,paper_replica_corrigido,21013,Baixo Parnaíba Maranhense,MA,2012,3,111,141956,0,0.1323077131509081,-0.1323077131509081,0,0.4377632555715307,TRUE,109
P. falciparum,paper_replica_corrigido,21014,Chapadinha,MA,2012,1,109,225548,0,0.07628487823128335,-0.07628487823128335,0,0.2755206018581952,TRUE,109
P. falciparum,paper_replica_corrigido,21014,Chapadinha,MA,2012,2,110,225548,0,0.062117588061107024,-0.062117588061107024,0,0.2755206018581952,TRUE,109
P. falciparum,paper_replica_corrigido,21014,Chapadinha,MA,2012,3,111,225548,0,0.061342624201641015,-0.061342624201641015,0,0.2755206018581952,TRUE,109
P. falciparum,paper_replica_corrigido,21015,Codó,MA,2012,1,109,267789,0,0.2626032047463081,-0.2626032047463081,0,0.8122100701585679,TRUE,109
P. falciparum,paper_replica_corrigido,21015,Codó,MA,2012,2,110,267789,0,0.214041093728001,-0.214041093728001,0,0.6961800601359154,TRUE,109
P. falciparum,paper_replica_corrigido,21015,Codó,MA,2012,3,111,267789,0.37342833350137605,0.2168211167030893,0.15660721679828676,0,0.6961800601359154,TRUE,109
P. falciparum,paper_replica_corrigido,21016,Coelho Neto,MA,2012,1,109,89087,0,0.024285883030906067,-0.024285883030906067,0,0.3487777156482551,TRUE,109
P. falciparum,paper_replica_corrigido,21016,Coelho Neto,MA,2012,2,110,89087,0,0.019446880736814855,-0.019446880736814855,0,0.3487777156482551,TRUE,109
P. falciparum,paper_replica_corrigido,21016,Coelho Neto,MA,2012,3,111,89087,0,0.019430644551544658,-0.019430644551544658,0,0.3487777156482551,TRUE,109
P. falciparum,paper_replica_corrigido,21017,Caxias,MA,2012,1,109,424136,0,0.13920180386250686,-0.13920180386250686,0,0.4395509037755263,TRUE,109
P. falciparum,paper_replica_corrigido,21017,Caxias,MA,2012,2,110,424136,0.23577343116358904,0.11345268203308358,0.12232074913050546,0,0.3662924198129386,TRUE,109
P. falciparum,paper_replica_corrigido,21017,Caxias,MA,2012,3,111,424136,0,0.11862888744287249,-0.11862888744287249,0,0.3662924198129386,TRUE,109
P. falciparum,paper_replica_corrigido,21018,Chapadas do Alto Itapecuru,MA,2012,1,109,212427,0.94149990349626,0.12297331326668276,0.8185265902295773,0,0.4388080661209183,FALSE,109
P. falciparum,paper_replica_corrigido,21018,Chapadas do Alto Itapecuru,MA,2012,2,110,212427,0,0.10255901942972327,-0.10255901942972327,0,0.4388080661209183,TRUE,109
P. falciparum,paper_replica_corrigido,21018,Chapadas do Alto Itapecuru,MA,2012,3,111,212427,0,0.11106196922070967,-0.11106196922070967,0,0.4388080661209183,TRUE,109
P. falciparum,paper_replica_corrigido,21019,Porto Franco,MA,2012,1,109,112995,0.8849949112792602,0.09637209647098414,0.7886228148082761,0,0.5499634559751513,FALSE,109
P. falciparum,paper_replica_corrigido,21019,Porto Franco,MA,2012,2,110,112995,0,0.08329359683939996,-0.08329359683939996,0,0.5499634559751513,TRUE,109
P. falciparum,paper_replica_corrigido,21019,Porto Franco,MA,2012,3,111,112995,0,0.09033211689040388,-0.09033211689040388,0,0.5499634559751513,TRUE,109
P. falciparum,paper_replica_corrigido,21020,Gerais de Balsas,MA,2012,1,109,134229,0,0.010959237907827983,-0.010959237907827983,0,0.23148172417254173,TRUE,109
P. falciparum,paper_replica_corrigido,21020,Gerais de Balsas,MA,2012,2,110,134229,0,0.009324811436493916,-0.009324811436493916,0,0,TRUE,109
P. falciparum,paper_replica_corrigido,21020,Gerais de Balsas,MA,2012,3,111,134229,0,0.010200378220527245,-0.010200378220527245,0,0.23148172417254173,TRUE,109
P. falciparum,paper_replica_corrigido,21021,Chapadas das Mangabeiras,MA,2012,1,109,69548,0,0.005233989206947925,-0.005233989206947925,0,0,TRUE,109
P. falciparum,paper_replica_corrigido,21021,Chapadas das Mangabeiras,MA,2012,2,110,69548,0,0.004381475190313417,-0.004381475190313417,0,0,TRUE,109
P. falciparum,paper_replica_corrigido,21021,Chapadas das Mangabeiras,MA,2012,3,111,69548,0,0.004814997247156328,-0.004814997247156328,0,0,TRUE,109
P. falciparum,paper_replica_corrigido,51001,Aripuanã,MT,2012,1,109,143796,0.695429636429386,35.78794405365722,-35.09251441722783,10.593776863047152,60.656403808774364,FALSE,109
P. falciparum,paper_replica_corrigido,51001,Aripuanã,MT,2012,2,110,143796,1.390859272858772,31.439496446143878,-30.048637173285105,9.343773693366074,58.15639746941221,FALSE,109
P. falciparum,paper_replica_corrigido,51001,Aripuanã,MT,2012,3,111,143796,0.695429636429386,32.888127906887654,-32.192698270458266,11.250028527129718,67.5001711627783,FALSE,109
P. falciparum,paper_replica_corrigido,51002,Alta Floresta,MT,2012,1,109,100528,2.9842431959255133,0.2852552419344135,2.6989879539910997,0,0.8481118185277724,FALSE,109
P. falciparum,paper_replica_corrigido,51002,Alta Floresta,MT,2012,2,110,100528,0,0.25849775523173874,-0.25849775523173874,0,0.8481118185277724,TRUE,109
P. falciparum,paper_replica_corrigido,51002,Alta Floresta,MT,2012,3,111,100528,0.9947477319751712,0.26428827142942263,0.7304594605457486,0,0.8481118185277724,FALSE,109
P. falciparum,paper_replica_corrigido,51003,Colíder,MT,2012,1,109,145783,4.115706220889953,0.32056041138188057,3.7951458095080723,0,0.9357358253619137,FALSE,109
P. falciparum,paper_replica_corrigido,51003,Colíder,MT,2012,2,110,145783,4.115706220889953,0.29803851492794253,3.8176677059620103,0,0.9357358253619137,FALSE,109
P. falciparum,paper_replica_corrigido,51003,Colíder,MT,2012,3,111,145783,1.3719020736299845,0.3058633651401377,1.0660387084898468,0,0.9357358253619137,FALSE,109
P. falciparum,paper_replica_corrigido,51004,Parecis,MT,2012,1,109,93467,1.0698963270459092,0.2620802477350295,0.8078160793108797,0,0.9973004489484878,FALSE,109
P. falciparum,paper_replica_corrigido,51004,Parecis,MT,2012,2,110,93467,1.0698963270459092,0.22864522347861493,0.8412511035672943,0,0.9973004489484878,FALSE,109
P. falciparum,paper_replica_corrigido,51004,Parecis,MT,2012,3,111,93467,0,0.23019531062397494,-0.23019531062397494,0,0.9973004489484878,TRUE,109
P. falciparum,paper_replica_corrigido,51005,Arinos,MT,2012,1,109,76872,1.3008637735456343,0.18057545390791402,1.1202883196377202,0,0.6654619488991563,FALSE,109
P. falciparum,paper_replica_corrigido,51005,Arinos,MT,2012,2,110,76872,0,0.3014436654921708,-0.3014436654921708,0,1.212596017559948,TRUE,109
P. falciparum,paper_replica_corrigido,51005,Arinos,MT,2012,3,111,76872,0,0.17438358145947258,-0.17438358145947258,0,0.6654619488991563,TRUE,109
P. falciparum,paper_replica_corrigido,51006,Alto Teles Pires,MT,2012,1,109,204751,0.9767962061235352,0.18097138075741306,0.7958248253661222,0,0.6070116454416555,FALSE,109
P. falciparum,paper_replica_corrigido,51006,Alto Teles Pires,MT,2012,2,110,204751,0,0.1664155826799419,-0.1664155826799419,0,0.6070116454416555,TRUE,109
P. falciparum,paper_replica_corrigido,51006,Alto Teles Pires,MT,2012,3,111,204751,0,0.17390156178434724,-0.17390156178434724,0,0.6070116454416555,TRUE,109
P. falciparum,paper_replica_corrigido,51007,Sinop,MT,2012,1,109,179412,0,0.13324104906310327,-0.13324104906310327,0,0.5195565573198466,TRUE,109
P. falciparum,paper_replica_corrigido,51007,Sinop,MT,2012,2,110,179412,0,0.12372037437213484,-0.12372037437213484,0,0.5195565573198466,TRUE,109
P. falciparum,paper_replica_corrigido,51007,Sinop,MT,2012,3,111,179412,0,0.12781112742237527,-0.12781112742237527,0,0.5195565573198466,TRUE,109
P. falciparum,paper_replica_corrigido,51008,Paranatinga,MT,2012,1,109,33544,0,0.014558633259909852,-0.014558633259909852,0,0,TRUE,109
P. falciparum,paper_replica_corrigido,51008,Paranatinga,MT,2012,2,110,33544,0,0.013221851760527797,-0.013221851760527797,0,0,TRUE,109
P. falciparum,paper_replica_corrigido,51008,Paranatinga,MT,2012,3,111,33544,0,0.01389653120976793,-0.01389653120976793,0,0,TRUE,109
P. falciparum,paper_replica_corrigido,51009,Norte Araguaia,MT,2012,1,109,115959,0,0.05055780134546644,-0.05055780134546644,0,0.26795298643448207,TRUE,109
P. falciparum,paper_replica_corrigido,51009,Norte Araguaia,MT,2012,2,110,115959,0,0.04571192124002067,-0.04571192124002067,0,0.26795298643448207,TRUE,109
P. falciparum,paper_replica_corrigido,51009,Norte Araguaia,MT,2012,3,111,115959,0,0.049158681038559776,-0.049158681038559776,0,0.26795298643448207,TRUE,109
P. falciparum,paper_replica_corrigido,51010,Canarana,MT,2012,1,109,102483,0,0.009066737406907052,-0.009066737406907052,0,0,TRUE,109
P. falciparum,paper_replica_corrigido,51010,Canarana,MT,2012,2,110,102483,0,0.008395643329344473,-0.008395643329344473,0,0.15917341594046086,TRUE,109
P. falciparum,paper_replica_corrigido,51010,Canarana,MT,2012,3,111,102483,0,0.008821900564971145,-0.008821900564971145,0,0,TRUE,109
P. falciparum,paper_replica_corrigido,51011,Médio Araguaia,MT,2012,1,109,65908,0,0.0023002930925436725,-0.0023002930925436725,0,0,TRUE,109
P. falciparum,paper_replica_corrigido,51011,Médio Araguaia,MT,2012,2,110,65908,0,0.0021934559003390745,-0.0021934559003390745,0,0,TRUE,109
P. falciparum,paper_replica_corrigido,51011,Médio Araguaia,MT,2012,3,111,65908,0,0.0023367654116654823,-0.0023367654116654823,0,0,TRUE,109
P. falciparum,paper_replica_corrigido,51012,Alto Guaporé,MT,2012,1,109,69039,0,0.27400460716468394,-0.27400460716468394,0,1.3501742647180335,TRUE,109
P. falciparum,paper_replica_corrigido,51012,Alto Guaporé,MT,2012,2,110,69039,0,0.23472802051610614,-0.23472802051610614,0,0.9001161764786891,TRUE,109
P. falciparum,paper_replica_corrigido,51012,Alto Guaporé,MT,2012,3,111,69039,0,0.22623946907996256,-0.22623946907996256,0,0.9001161764786891,TRUE,109
P. falciparum,paper_replica_corrigido,51013,Tangará da Serra,MT,2012,1,109,149801,2.0026568580984105,0.04419478506650881,1.9584620730319018,0,0.20741891144889624,FALSE,109
P. falciparum,paper_replica_corrigido,51013,Tangará da Serra,MT,2012,2,110,149801,0,0.0386781642118985,-0.0386781642118985,0,0.20741891144889624,TRUE,109
P. falciparum,paper_replica_corrigido,51013,Tangará da Serra,MT,2012,3,111,149801,0,0.03730374320420725,-0.03730374320420725,0,0.20741891144889624,TRUE,109
P. falciparum,paper_replica_corrigido,51014,Jauru,MT,2012,1,109,107679,0,0.03162408819157117,-0.03162408819157117,0,0.2885572892946267,TRUE,109
P. falciparum,paper_replica_corrigido,51014,Jauru,MT,2012,2,110,107679,0,0.027550074595459318,-0.027550074595459318,0,0.2885572892946267,TRUE,109
P. falciparum,paper_replica_corrigido,51014,Jauru,MT,2012,3,111,107679,0,0.025685584596147972,-0.025685584596147972,0,0.2885572892946267,TRUE,109
P. falciparum,paper_replica_corrigido,51015,Alto Paraguai,MT,2012,1,109,32743,3.0540878966496656,0.014937441103639511,3.039150455546026,0,0,FALSE,109
P. falciparum,paper_replica_corrigido,51015,Alto Paraguai,MT,2012,2,110,32743,0,0.013358649513927831,-0.013358649513927831,0,0,TRUE,109
P. falciparum,paper_replica_corrigido,51015,Alto Paraguai,MT,2012,3,111,32743,0,0.013191525565269525,-0.013191525565269525,0,0,TRUE,109
P. falciparum,paper_replica_corrigido,51016,Rosário Oeste,MT,2012,1,109,30778,0,0.026924088697665476,-0.026924088697665476,0,0,TRUE,109
P. falciparum,paper_replica_corrigido,51016,Rosário Oeste,MT,2012,2,110,30778,0,0.02472408877127068,-0.02472408877127068,0,0,TRUE,109
P. falciparum,paper_replica_corrigido,51016,Rosário Oeste,MT,2012,3,111,30778,0,0.024617834272612577,-0.024617834272612577,0,0,TRUE,109
P. falciparum,paper_replica_corrigido,51017,Cuiabá,MT,2012,1,109,868141,0,0.030293061140159568,-0.030293061140159568,0,0.10737274366936744,TRUE,109
P. falciparum,paper_replica_corrigido,51017,Cuiabá,MT,2012,2,110,868141,0,0.028129656514828995,-0.028129656514828995,0,0.10737274366936744,TRUE,109
P. falciparum,paper_replica_corrigido,51017,Cuiabá,MT,2012,3,111,868141,0,0.02708294431371183,-0.02708294431371183,0,0.10737274366936744,TRUE,109
P. falciparum,paper_replica_corrigido,51018,Alto Pantanal,MT,2012,1,109,133324,0,0.02051303072485751,-0.02051303072485751,0,0.23305301636581643,TRUE,109
P. falciparum,paper_replica_corrigido,51018,Alto Pantanal,MT,2012,2,110,133324,0,0.019042726450322348,-0.019042726450322348,0,0.23305301636581643,TRUE,109
P. falciparum,paper_replica_corrigido,51018,Alto Pantanal,MT,2012,3,111,133324,0,0.01711771748076728,-0.01711771748076728,0,0.23305301636581643,TRUE,109
P. falciparum,paper_replica_corrigido,51019,Primavera do Leste,MT,2012,1,109,87669,0,0.012808596594056091,-0.012808596594056091,0,0,TRUE,109
P. falciparum,paper_replica_corrigido,51019,Primavera do Leste,MT,2012,2,110,87669,0,0.011758139855417219,-0.011758139855417219,0,0,TRUE,109
P. falciparum,paper_replica_corrigido,51019,Primavera do Leste,MT,2012,3,111,87669,0,0.011920350660618223,-0.011920350660618223,0,0,TRUE,109
P. falciparum,paper_replica_corrigido,51020,Tesouro,MT,2012,1,109,54567,0,0.0046531979855033035,-0.0046531979855033035,0,0,TRUE,109
P. falciparum,paper_replica_corrigido,51020,Tesouro,MT,2012,2,110,54567,0,0.004424175479377292,-0.004424175479377292,0,0,TRUE,109
P. falciparum,paper_replica_corrigido,51020,Tesouro,MT,2012,3,111,54567,0,0.004533488412224645,-0.004533488412224645,0,0,TRUE,109
P. falciparum,paper_replica_corrigido,51021,Rondonópolis,MT,2012,1,109,283538,0,0.011644078492318894,-0.011644078492318894,0,0.10958517149008636,TRUE,109
P. falciparum,paper_replica_corrigido,51021,Rondonópolis,MT,2012,2,110,283538,0,0.010856232620530735,-0.010856232620530735,0,0.10958517149008636,TRUE,109
P. falciparum,paper_replica_corrigido,51021,Rondonópolis,MT,2012,3,111,283538,0,0.010713647588242677,-0.010713647588242677,0,0.10958517149008636,TRUE,109
P. falciparum,paper_replica_corrigido,51022,Alto Araguaia,MT,2012,1,109,35554,0,0.0024982087839550858,-0.0024982087839550858,0,0,TRUE,109
P. falciparum,paper_replica_corrigido,51022,Alto Araguaia,MT,2012,2,110,35554,0,0.002390794710692317,-0.002390794710692317,0,0,TRUE,109
P. falciparum,paper_replica_corrigido,51022,Alto Araguaia,MT,2012,3,111,35554,0,0.0023585422036368616,-0.0023585422036368616,0,0,TRUE,109
P. falciparum,paper_replica_corrigido,11001,Porto Velho,RO,2013,1,121,613757,6.191375414048231,130.87940101193473,-124.68802559788651,93.2688898569165,173.73975636271507,FALSE,121
P. falciparum,paper_replica_corrigido,11001,Porto Velho,RO,2013,2,122,613757,3.2586186389727527,110.24429115012575,-106.985672511153,72.01450668283466,155.80202340491272,FALSE,121
P. falciparum,paper_replica_corrigido,11001,Porto Velho,RO,2013,3,123,613757,1.792240251435014,114.46765094104381,-112.6754106896088,68.48553228052413,179.64090442964925,FALSE,121
P. falciparum,paper_replica_corrigido,11002,Guajará-Mirim,RO,2013,1,121,79879,0,44.213510925639106,-44.213510925639106,10.069741917761695,83.25820133121397,FALSE,121
P. falciparum,paper_replica_corrigido,11002,Guajará-Mirim,RO,2013,2,122,79879,5.007573955607858,37.31352150151741,-32.30594754590955,6.7506649728011325,72.0070930432121,FALSE,121
P. falciparum,paper_replica_corrigido,11002,Guajará-Mirim,RO,2013,3,123,79879,0,37.581826261650704,-37.581826261650704,7.819520260161315,79.93912438625337,FALSE,121
P. falciparum,paper_replica_corrigido,11003,Ariquemes,RO,2013,1,121,192354,5.718622955592293,147.0899059663311,-141.3712830107388,92.02009710570185,225.69336332525657,FALSE,121
P. falciparum,paper_replica_corrigido,11003,Ariquemes,RO,2013,2,122,192354,3.6391236990132776,124.17940093883966,-120.54027723982638,72.887205628278707,194.41260424312028,FALSE,121
P. falciparum,paper_replica_corrigido,11003,Ariquemes,RO,2013,3,123,192354,4.678873327302785,129.82639314887186,-125.14751982156908,66.3460461488178,215.41439842896085,FALSE,121
P. falciparum,paper_replica_corrigido,11004,Ji-Paraná,RO,2013,1,121,315964,0.6329835044498741,17.48185032987201,-16.848866825422135,5.688795425664334,31.018157058434763,FALSE,121
P. falciparum,paper_replica_corrigido,11004,Ji-Paraná,RO,2013,2,122,315964,0.31649175222493703,14.903285343596295,-14.586793591371357,4.551036340531466,26.4671207179033,FALSE,121
P. falciparum,paper_replica_corrigido,11004,Ji-Paraná,RO,2013,3,123,315964,0.6329835044498741,15.52009129612582,-14.887107791675946,4.252374580684091,29.58173621345453,FALSE,121
P. falciparum,paper_replica_corrigido,11005,Alvorada D'Oeste,RO,2013,1,121,74999,1.333351111348151,7.656708754107365,-6.323357642759214,0,20.431339225697638,TRUE,121
P. falciparum,paper_replica_corrigido,11005,Alvorada D'Oeste,RO,2013,2,122,74999,1.333351111348151,0.6195693947429521,0.713781716605199,0,1.8188825961510935,TRUE,121
P. falciparum,paper_replica_corrigido,11005,Alvorada D'Oeste,RO,2013,3,123,74999,1.333351111348151,0.6336950492185583,0.6996560621295927,0,1.8188825961510935,TRUE,121
P. falciparum,paper_replica_corrigido,11006,Cacoal,RO,2013,1,121,246464,0.4057387691508699,0.6764233997620059,-0.270684630611136,0,1.3837150235808868,TRUE,121
P. falciparum,paper_replica_corrigido,11006,Cacoal,RO,2013,2,122,246464,0,0.5646271729258469,-0.5646271729258469,0,1.245343521222798,TRUE,121
P. falciparum,paper_replica_corrigido,11006,Cacoal,RO,2013,3,123,246464,0.8114775383017399,0.5942092715027856,0.21726826679895428,0,1.452900774759931,TRUE,121
P. falciparum,paper_replica_corrigido,11007,Vilhena,RO,2013,1,121,149595,0,0.38542930698283706,-0.38542930698283706,0,1.0258776884743999,TRUE,121
P. falciparum,paper_replica_corrigido,11007,Vilhena,RO,2013,2,122,149595,0,0.32763072141265054,-0.32763072141265054,0,0.9118912786439111,TRUE,121
P. falciparum,paper_replica_corrigido,11007,Vilhena,RO,2013,3,123,149595,0.668471539824192,0.3432934663470042,0.32517807347718786,0,0.9118912786439111,TRUE,121
P. falciparum,paper_replica_corrigido,11008,Colorado do Oeste,RO,2013,1,121,55202,0,9.871830912090703,-9.871830912090703,0,26.049122247376626,TRUE,121
P. falciparum,paper_replica_corrigido,11008,Colorado do Oeste,RO,2013,2,122,55202,0,8.306665565291931,-8.306665565291931,0,22.792981966454544,TRUE,121
P. falciparum,paper_replica_corrigido,11008,Colorado do Oeste,RO,2013,3,123,55202,0,8.475928446413546,-8.475928446413546,0,22.792981966454544,TRUE,121
P. falciparum,paper_replica_corrigido,12001,Cruzeiro do Sul,AC,2013,1,121,138755,641.4183272674859,394.3315635204218,247.08676374706408,271.2925089423007,554.6971580713529,FALSE,121
P. falciparum,paper_replica_corrigido,12001,Cruzeiro do Sul,AC,2013,2,122,138755,698.3532124968469,346.95237994654485,351.4008325503021,222.0019277545029,523.6719433683895,FALSE,121
P. falciparum,paper_replica_corrigido,12001,Cruzeiro do Sul,AC,2013,3,123,138755,518.1795250621599,338.2921009412266,179.8874241209333,209.79263136304448,509.7786060953508,FALSE,121
P. falciparum,paper_replica_corrigido,12002,Tarauacá,AC,2013,1,121,77129,6.482645956773717,24.787772216524097,-18.30512625975038,1.1069648445985818,51.26995069719732,TRUE,121
P. falciparum,paper_replica_corrigido,12002,Tarauacá,AC,2013,2,122,77129,9.075704339483204,21.945441379675444,-12.86973704019224,0,51.26995069719732,TRUE,121
P. falciparum,paper_replica_corrigido,12002,Tarauacá,AC,2013,3,123,77129,5.186116765418974,21.609389294014232,-16.42327252859526,0,45.50208124376256,TRUE,121
P. falciparum,paper_replica_corrigido,12003,Sena Madureira,AC,2013,1,121,54071,0,0.248770032899772,-0.248770032899772,0,1.149287431486605,TRUE,121
P. falciparum,paper_replica_corrigido,12003,Sena Madureira,AC,2013,2,122,54071,0,0.22023106533375075,-0.22023106533375075,0,1.149287431486605,TRUE,121
P. falciparum,paper_replica_corrigido,12003,Sena Madureira,AC,2013,3,123,54071,0,0.21621495658457837,-0.21621495658457837,0,1.149287431486605,TRUE,121
P. falciparum,paper_replica_corrigido,12004,Rio Branco,AC,2013,1,121,444009,0.6756619798247333,18.647932095643448,-17.972270115818713,8.288769388116581,30.169501277137385,FALSE,121
P. falciparum,paper_replica_corrigido,12004,Rio Branco,AC,2013,2,122,444009,1.1261032997078888,15.989956809798061,-14.863853510090172,6.882006329571764,29.35985347365835,FALSE,121
P. falciparum,paper_replica_corrigido,12004,Rio Branco,AC,2013,3,123,444009,0.4504413198831555,15.889403402216793,-15.438962082333637,6.264649879419004,27.123201416547538,FALSE,121
P. falciparum,paper_replica_corrigido,12005,Brasiléia,AC,2013,1,121,62499,0,0.6330213376662878,-0.6330213376662878,0,1.909831818911405,TRUE,121
P. falciparum,paper_replica_corrigido,12005,Brasiléia,AC,2013,2,122,62499,0,0.5435165310860642,-0.5435165310860642,0,1.6369987019240608,TRUE,121
P. falciparum,paper_replica_corrigido,12005,Brasiléia,AC,2013,3,123,62499,0,0.5296987398010775,-0.5296987398010775,0,1.6369987019240608,TRUE,121
P. falciparum,paper_replica_corrigido,13001,Rio Negro,AM,2013,1,121,106390,42.297208384246645,133.91310338555797,-91.61589500131133,80.20881204539609,201.93698282729784,FALSE,121
P. falciparum,paper_replica_corrigido,13001,Rio Negro,AM,2013,2,122,106390,46.05696024062412,102.22410136122652,-56.167141120602395,52.374369108104865,171.61053361792736,FALSE,121
P. falciparum,paper_replica_corrigido,13001,Rio Negro,AM,2013,3,123,106390,48.87677413290723,107.6747854130132,-58.79801128010597,47.22140698617843,190.11051238353224,TRUE,121
P. falciparum,paper_replica_corrigido,13002,Japurá,AM,2013,1,121,24393,98.38888205632765,27.258837836122343,71.1300442202053,0,66.31857918612492,FALSE,121
P. falciparum,paper_replica_corrigido,13002,Japurá,AM,2013,2,122,24393,49.19444102816382,22.02939701341985,27.165044014743973,0,58.94984816544436,TRUE,121
P. falciparum,paper_replica_corrigido,13002,Japurá,AM,2013,3,123,24393,32.796294018775875,23.43652973207745,9.359764286698425,0,66.31857918612492,TRUE,121
P. falciparum,paper_replica_corrigido,13003,Alto Solimões,AM,2013,1,121,240175,48.29811595711461,50.35971869949167,-2.0616027423770618,23.200204556724376,81.25684547568862,TRUE,121
P. falciparum,paper_replica_corrigido,13003,Alto Solimões,AM,2013,2,122,240175,52.04538357447694,43.30902716616394,8.736356408313,16.820148303625174,70.74191405562487,TRUE,121
P. falciparum,paper_replica_corrigido,13003,Alto Solimões,AM,2013,3,123,240175,72.03081086707608,44.724368346299,27.306442520777082,18.70984238445514,81.57491279622442,TRUE,121
P. falciparum,paper_replica_corrigido,13004,Juruá,AM,2013,1,121,139876,140.83902885412795,75.40941044777162,65.42961840635633,34.695925721792406,114.43230316761526,FALSE,121
P. falciparum,paper_replica_corrigido,13004,Juruá,AM,2013,2,122,139876,140.1241099259344,66.02268755772148,74.10142236821291,25.026042719700268,110.57720030963833,FALSE,121
P. falciparum,paper_replica_corrigido,13004,Juruá,AM,2013,3,123,139876,162.28659669993422,67.45258446248086,94.83401223745336,32.125857149807786,117.61276302544627,FALSE,121
P. falciparum,paper_replica_corrigido,13005,Tefé,AM,2013,1,121,90852,44.02764936380047,109.1019359245168,-65.07428656071633,56.336149490907616,184.09407234869013,FALSE,121
P. falciparum,paper_replica_corrigido,13005,Tefé,AM,2013,2,122,90852,16.510368511425174,90.48925663003253,-73.97888811860736,43.52573446180747,163.36988741744315,FALSE,121
P. falciparum,paper_replica_corrigido,13005,Tefé,AM,2013,3,123,90852,27.51728085237529,93.06807824254511,-65.55079739016982,35.611964559660656,165.24940776920306,FALSE,121
P. falciparum,paper_replica_corrigido,13006,Coari,AM,2013,1,121,166344,1.2023277064396671,66.73167208834776,-65.5293443819081,31.8496447682838,105.89534138394612,FALSE,121
P. falciparum,paper_replica_corrigido,13006,Coari,AM,2013,2,122,166344,0,53.84254656125855,-53.84254656125855,24.852988283987354,89.68687076395436,FALSE,121
P. falciparum,paper_replica_corrigido,13006,Coari,AM,2013,3,123,166344,0,56.395517755187974,-56.395517755187974,24.852988283987354,104.8688049113466,FALSE,121
P. falciparum,paper_replica_corrigido,13007,Manaus,AM,2013,1,121,2242712,2.0956770196084027,29.000904990677643,-26.90522797106924,19.856288578891697,40.63826891595169,FALSE,121
P. falciparum,paper_replica_corrigido,13007,Manaus,AM,2013,2,122,2242712,2.2294436378812796,23.358831424071063,-21.129387786189785,14.37226619337943,35.128198926854594,FALSE,121
P. falciparum,paper_replica_corrigido,13007,Manaus,AM,2013,3,123,2242712,1.203899564455891,24.008282499146894,-22.804382934691002,16.10543366267724,37.11182412292956,FALSE,121
P. falciparum,paper_replica_corrigido,13008,Rio Preto da Eva,AM,2013,1,121,59977,0,140.43072537689437,-140.43072537689437,68.92884744337984,233.90854534590406,FALSE,121
P. falciparum,paper_replica_corrigido,13008,Rio Preto da Eva,AM,2013,2,122,59977,0,109.63218661192818,-109.63218661192818,47.950502569307716,187.3815733216227,FALSE,121
P. falciparum,paper_replica_corrigido,13008,Rio Preto da Eva,AM,2013,3,123,59977,0,115.17359246994427,-115.17359246994427,40.383313882588844,209.7834487407212,FALSE,121
P. falciparum,paper_replica_corrigido,13009,Itacoatiara,AM,2013,1,121,165918,0.602707361467713,29.911677296319283,-29.30896993485157,9.181298821096737,55.25029379067062,FALSE,121
P. falciparum,paper_replica_corrigido,13009,Itacoatiara,AM,2013,2,122,165918,0,25.294467962946307,-25.294467962946307,8.666712751477744,46.58358103919288,FALSE,121
P. falciparum,paper_replica_corrigido,13009,Itacoatiara,AM,2013,3,123,165918,0,25.275873957065176,-25.275873957065176,5.931281539292584,48.750259227062315,FALSE,121
P. falciparum,paper_replica_corrigido,13010,Parintins,AM,2013,1,121,262719,6.090157164118317,10.505698243908647,-4.41554107979033,2.052521391153215,20.884405154983952,TRUE,121
P. falciparum,paper_replica_corrigido,13010,Parintins,AM,2013,2,122,262719,1.5225392910295792,8.790175336352624,-7.267636045323044,0.6841737970510718,17.4635361697286,TRUE,121
P. falciparum,paper_replica_corrigido,13010,Parintins,AM,2013,3,123,262719,1.1419044682721842,8.883630428566892,-7.741725960294708,1.3683475941021437,19.156866317430012,FALSE,121
P. falciparum,paper_replica_corrigido,13011,Boca do Acre,AM,2013,1,121,51941,5.77578406268651,60.484511661443314,-54.7087275987568,5.104340449481231,124.58051266530447,TRUE,121
P. falciparum,paper_replica_corrigido,13011,Boca do Acre,AM,2013,2,122,51941,19.25261354228837,53.84595772878667,-34.5933441864983,6.921139592516916,112.55503262330626,TRUE,121
P. falciparum,paper_replica_corrigido,13011,Boca do Acre,AM,2013,3,123,51941,5.77578406268651,54.32372019796117,-48.54793613527466,17.302848981292293,112.55503262330626,FALSE,121
P. falciparum,paper_replica_corrigido,13012,Purus,AM,2013,1,121,74737,25.422481501799645,92.94450684616076,-67.52202534436111,35.95534426084184,150.375110361815,FALSE,121
P. falciparum,paper_replica_corrigido,13012,Purus,AM,2013,2,122,74737,21.4084054751997,80.04741612838203,-58.639010653182325,32.40791062975542,159.99526936137133,FALSE,121
P. falciparum,paper_replica_corrigido,13012,Purus,AM,2013,3,123,74737,13.380253421999813,83.08724665079654,-69.70699322879673,32.40791062975542,150.375110361815,FALSE,121
P. falciparum,paper_replica_corrigido,13013,Madeira,AM,2013,1,121,181887,4.948127133879826,71.91579414588928,-66.96766701200946,39.010219901422346,117.12948230059739,FALSE,121
P. falciparum,paper_replica_corrigido,13013,Madeira,AM,2013,2,122,181887,2.1991676150577004,60.95936698136019,-58.76019936630249,29.646778899117674,102.30609285103856,FALSE,121
P. falciparum,paper_replica_corrigido,13013,Madeira,AM,2013,3,123,181887,0.5497919037644251,61.71897660579211,-61.169184702027685,30.066774933521838,105.27077074095033,FALSE,121
P. falciparum,paper_replica_corrigido,14001,Boa Vista,RR,2013,1,121,347279,64.2134998085113,28.3900789829519,35.8234208255594,13.431260104079435,47.61756954047429,FALSE,121
P. falciparum,paper_replica_corrigido,14001,Boa Vista,RR,2013,2,122,347279,42.32907834910835,22.189042213862262,20.14003613524609,8.281316441821616,40.12556607201379,FALSE,121
P. falciparum,paper_replica_corrigido,14001,Boa Vista,RR,2013,3,123,347279,49.23994828365665,24.52922407810861,24.710724205548043,9.290601883168627,46.33655340338001,FALSE,121
P. falciparum,paper_replica_corrigido,14002,Nordeste de Roraima,RR,2013,1,121,45799,13.100722723203564,91.770570637441807,-78.66984791423825,31.397271693698208,162.9714633851022,FALSE,121
P. falciparum,paper_replica_corrigido,14002,Nordeste de Roraima,RR,2013,2,122,45799,10.91726893600297,72.3758889084864,-61.45861997248343,7.849317923424552,127.64953272969169,TRUE,121
P. falciparum,paper_replica_corrigido,14002,Nordeste de Roraima,RR,2013,3,123,45799,4.366907574401187,80.47053709502377,-76.10362952062259,17.562848853662445,153.06169950677878,FALSE,121
P. falciparum,paper_replica_corrigido,14003,Caracaraí,RR,2013,1,121,45348,44.10337831877922,87.74155745869965,-43.638179139920425,21.701207780637443,152.70119264822955,TRUE,121
P. falciparum,paper_replica_corrigido,14003,Caracaraí,RR,2013,2,122,45348,17.64135132751169,73.36570200872136,-55.72435068120967,3.9636909188378886,140.81011989171589,TRUE,121
P. falciparum,paper_replica_corrigido,14003,Caracaraí,RR,2013,3,123,45348,28.667195907206494,76.84919993912787,-48.18200403192138,23.782145513027327,162.70951221829512,TRUE,121
P. falciparum,paper_replica_corrigido,14004,Sudeste de Roraima,RR,2013,1,121,49646,36.25669741771744,81.0236083756074,-44.766910957889955,12.581385385759694,153.963572238685,TRUE,121
P. falciparum,paper_replica_corrigido,14004,Sudeste de Roraima,RR,2013,2,122,49646,24.171131611811624,67.18648177458371,-43.01535016277209,14.482170228212588,130.5205591817658,TRUE,121
P. falciparum,paper_replica_corrigido,14004,Sudeste de Roraima,RR,2013,3,123,49646,34.24243645006647,70.36493834792714,-36.122501897860666,21.723255342318883,135.8608594534193,TRUE,121
P. falciparum,paper_replica_corrigido,15001,Óbidos,PA,2013,1,121,193769,2.580392116386006,10.981045632688788,-8.400653516302782,0,23.190687853508628,TRUE,121
P. falciparum,paper_replica_corrigido,15001,Óbidos,PA,2013,2,122,193769,1.0321568465544024,9.644153866136868,-8.611997019582466,0.9276275141403453,21.33543282522794,TRUE,121
P. falciparum,paper_replica_corrigido,15001,Óbidos,PA,2013,3,123,193769,2.580392116386006,10.18350023098565,-7.603108114599644,0,24.118315367648975,TRUE,121
P. falciparum,paper_replica_corrigido,15002,Santarém,PA,2013,1,121,499965,7.600532037242608,0.6429627294145766,6.957569307828032,0.13642392550352112,1.2278153295316898,FALSE,121
P. falciparum,paper_replica_corrigido,15002,Santarém,PA,2013,2,122,499965,5.200364025481783,0.5369505495544871,4.663413475927296,0.13642392550352112,1.091391404028169,FALSE,121
P. falciparum,paper_replica_corrigido,15002,Santarém,PA,2013,3,123,499965,2.8001960137209605,0.5500394023772249,2.2501566113437357,0.10231794412764082,1.2278153295316898,FALSE,121
P. falciparum,paper_replica_corrigido,15003,Almeirim,PA,2013,1,121,70403,4.261182051901198,12.960345981523984,-8.699163929622786,0,33.190218104867505,TRUE,121
P. falciparum,paper_replica_corrigido,15003,Almeirim,PA,2013,2,122,70403,0,11.257079488659375,-11.257079488659375,0,28.08403070411866,TRUE,121
P. falciparum,paper_replica_corrigido,15003,Almeirim,PA,2013,3,123,70403,1.4203940173003993,11.593167156117472,-10.172773138817073,0,30.637124404493086,TRUE,121
P. falciparum,paper_replica_corrigido,15004,Portel,PA,2013,1,121,139347,4.305797756679369,13.733330929313878,-9.427533172634508,0,27.76536944336859,TRUE,121
P. falciparum,paper_replica_corrigido,15004,Portel,PA,2013,2,122,139347,2.870531837786246,11.658770415751277,-8.788238577965032,0,24.508340042927014,TRUE,121
P. falciparum,paper_replica_corrigido,15004,Portel,PA,2013,3,123,139347,11.482127351144984,12.481839190970085,-0.9997118398251015,0,29.055282077206865,TRUE,121
P. falciparum,paper_replica_corrigido,15005,Furos de Breves,PA,2013,1,121,214867,57.71011835228304,139.50208984244125,-81.7919714901582,78.55137502940212,203.3635704967801,FALSE,121
P. falciparum,paper_replica_corrigido,15005,Furos de Breves,PA,2013,2,122,214867,37.23233442082777,117.89799514142814,-80.66566072060037,70.66695852618471,180.73508599682987,FALSE,121
P. falciparum,paper_replica_corrigido,15005,Furos de Breves,PA,2013,3,123,214867,18.150763030153534,123.68949093927517,-105.53872790912163,64.81115847074472,194.1197718378356,FALSE,121
P. falciparum,paper_replica_corrigido,15006,Arari,PA,2013,1,121,162836,1.2282296298115896,16.612076349626733,-15.383846719815143,2.207686946221481,33.11530419332222,FALSE,121
P. falciparum,paper_replica_corrigido,15006,Arari,PA,2013,2,122,162836,2.456459259623179,14.361147230419343,-11.904687970796164,2.207686946221481,32.011460720211474,TRUE,121
P. falciparum,paper_replica_corrigido,15006,Arari,PA,2013,3,123,162836,1.8423444447173845,14.78406512448185,-12.941720679764465,1.1038434731107405,28.699930300879252,TRUE,121
P. falciparum,paper_replica_corrigido,15007,Belém,PA,2013,1,121,2222335,0.2699862981953666,0.07635607444290751,0.1936302237524591,0,0.18175940378090133,FALSE,121
P. falciparum,paper_replica_corrigido,15007,Belém,PA,2013,2,122,2222335,0.3599817309271554,0.06670619158014661,0.2932755393470088,0,0.161136702198068,FALSE,121
P. falciparum,paper_replica_corrigido,15007,Belém,PA,2013,3,123,2222335,0.1349931490976833,0.06600690281563813,0.06898624628204518,0,0.1677779111823705,TRUE,121
P. falciparum,paper_replica_corrigido,15008,Castanhal,PA,2013,1,121,314158,0,0.09164179151721787,-0.09164179151721787,0,0.34863746983267835,TRUE,121
P. falciparum,paper_replica_corrigido,15008,Castanhal,PA,2013,2,122,314158,0,0.07943148084389909,-0.07943148084389909,0,0.2967127402831324,TRUE,121
P. falciparum,paper_replica_corrigido,15008,Castanhal,PA,2013,3,123,314158,0,0.08009508192820292,-0.08009508192820292,0,0.2967127402831324,TRUE,121
P. falciparum,paper_replica_corrigido,15009,Salgado,PA,2013,1,121,256020,0.7811889696117491,0.061169408288935655,0.7200195613228134,0,0.30644359774134233,FALSE,121
P. falciparum,paper_replica_corrigido,15009,Salgado,PA,2013,2,122,256020,0,0.053026284878854864,-0.053026284878854864,0,0.24272760217136247,TRUE,121
P. falciparum,paper_replica_corrigido,15009,Salgado,PA,2013,3,123,256020,0,0.05337526882836192,-0.05337526882836192,0,0.24272760217136247,TRUE,121
P. falciparum,paper_replica_corrigido,15010,Bragantina,PA,2013,1,121,397869,1.0053560342725871,0.18987751457150456,0.8154785197010825,0,0.5466646621820065,FALSE,121
P. falciparum,paper_replica_corrigido,15010,Bragantina,PA,2013,2,122,397869,0,0.16281774074066,-0.16281774074066,0,0.46856971044171986,TRUE,121
P. falciparum,paper_replica_corrigido,15010,Bragantina,PA,2013,3,123,397869,0,0.16168568783831164,-0.16168568783831164,0,0.5466646621820065,TRUE,121
P. falciparum,paper_replica_corrigido,15011,Cametá,PA,2013,1,121,460628,3.47351876134321,0.34137843846670685,3.1321403228765035,0,0.7773902944467805,FALSE,121
P. falciparum,paper_replica_corrigido,15011,Cametá,PA,2013,2,122,460628,0.43418984516790127,0.29588335536798105,0.13830648979992022,0,0.6663345380972405,TRUE,121
P. falciparum,paper_replica_corrigido,15011,Cametá,PA,2013,3,123,460628,0.21709492258395063,0.3100769603802988,-0.09298203779634817,0,0.7033531235470872,TRUE,121
P. falciparum,paper_replica_corrigido,15012,Tomé-Açu,PA,2013,1,121,308695,1.6197217318064756,8.682410884630137,-7.062689152823662,1.7468257255944595,18.356226999788433,FALSE,121
P. falciparum,paper_replica_corrigido,15012,Tomé-Açu,PA,2013,2,122,308695,0,7.522182574602525,-7.522182574602525,0.5822752418648197,15.139156288485315,FALSE,121
P. falciparum,paper_replica_corrigido,15012,Tomé-Açu,PA,2013,3,123,308695,0,7.802342325730113,-7.802342325730113,0.85885598175061,16.02712603232915,FALSE,121
P. falciparum,paper_replica_corrigido,15013,Guamá,PA,2013,1,121,450804,0,16.556167655127876,-16.556167655127876,6.568944339665159,26.3355856531037,FALSE,121
P. falciparum,paper_replica_corrigido,15013,Guamá,PA,2013,2,122,450804,0.2218258932928723,14.21618245643892,-13.994356563146049,5.9808294443081875,24.322039740186636,FALSE,121
P. falciparum,paper_replica_corrigido,15013,Guamá,PA,2013,3,123,450804,0.8873035731714892,14.308964890704415,-13.421661317532925,5.771500413757402,28.309259369725417,FALSE,121
P. falciparum,paper_replica_corrigido,15014,Itaituba,PA,2013,1,121,212956,252.63434700125848,168.81409081720008,83.8202561840584,113.10266475478369,236.37612884012813,FALSE,121
P. falciparum,paper_replica_corrigido,15014,Itaituba,PA,2013,2,122,212956,199.57174251958148,146.87837912576708,52.693363393814394,91.15737159340775,231.839361503882,TRUE,121
P. falciparum,paper_replica_corrigido,15014,Itaituba,PA,2013,3,123,212956,132.42172091887525,152.57550493322535,-20.153784014350094,91.95921884353493,242.2844769989601,TRUE,121
P. falciparum,paper_replica_corrigido,15015,Altamira,PA,2013,1,121,287193,24.025655221401635,41.858630356246756,-17.83297513484512,19.699255277497436,64.4958937679463,TRUE,121
P. falciparum,paper_replica_corrigido,15015,Altamira,PA,2013,2,122,287193,9.401343347504987,36.86483993854912,-27.46349659104413,18.776097166796603,62.91557225640759,FALSE,121
P. falciparum,paper_replica_corrigido,15015,Altamira,PA,2013,3,123,287193,4.178374821113327,39.06430586340425,-34.88593104229092,18.150227261236715,68.21981970602765,FALSE,121
P. falciparum,paper_replica_corrigido,15016,Tucuruí,PA,2013,1,121,350813,12.257242462508517,51.97280107883664,-39.715558616328124,24.837052701288577,77.87997958939378,FALSE,121
P. falciparum,paper_replica_corrigido,15016,Tucuruí,PA,2013,2,122,350813,5.98609515610881,47.44329977394738,-41.45720461783857,23.78669771340531,73.02529007222597,FALSE,121
P. falciparum,paper_replica_corrigido,15016,Tucuruí,PA,2013,3,123,350813,1.7103129017453742,48.87274936209969,-47.162436460354314,26.1307826253887,80.97980772436635,FALSE,121
P. falciparum,paper_replica_corrigido,15017,Paragominas,PA,2013,1,121,316737,1.5785967537736356,22.368193087245388,-20.789596333471753,8.512367790349431,37.4544182775375,FALSE,121
P. falciparum,paper_replica_corrigido,15017,Paragominas,PA,2013,2,122,316737,0.6314387015094542,19.463084744797737,-18.83164604328828,5.674911860232956,36.31943590549091,FALSE,121
P. falciparum,paper_replica_corrigido,15017,Paragominas,PA,2013,3,123,316737,0,20.510393616290088,-20.510393616290088,7.079452545640613,36.617368778153136,FALSE,121
P. falciparum,paper_replica_corrigido,15018,São Félix do Xingu,PA,2013,1,121,187552,0,0.37434374185982283,-0.37434374185982283,0,1.0000947298056635,TRUE,121
P. falciparum,paper_replica_corrigido,15018,São Félix do Xingu,PA,2013,2,122,187552,0.5331854632315305,0.3330230577388436,0.20016240549268688,0,0.818259324386452,TRUE,121
P. falciparum,paper_replica_corrigido,15018,São Félix do Xingu,PA,2013,3,123,187552,0,0.3452694900514799,-0.3452694900514799,0,0.9091770270960577,TRUE,121
P. falciparum,paper_replica_corrigido,15019,Parauapebas,PA,2013,1,121,283946,0.35217963979066447,0.6020103272576147,-0.24983068746695025,0,1.2611121007178534,TRUE,121
P. falciparum,paper_replica_corrigido,15019,Parauapebas,PA,2013,2,122,283946,0,0.5464387654627186,-0.5464387654627186,0,1.1725339888817172,TRUE,121
P. falciparum,paper_replica_corrigido,15019,Parauapebas,PA,2013,3,123,283946,0,0.5528566758277401,-0.5528566758277401,0,1.2611121007178534,TRUE,121
P. falciparum,paper_replica_corrigido,15020,Marabá,PA,2013,1,121,304066,0.65775193543507,9.169177286078721,-8.511425350643652,1.1822792142986098,18.916467428777757,FALSE,121
P. falciparum,paper_replica_corrigido,15020,Marabá,PA,2013,2,122,304066,0.65775193543507,8.262586973719754,-7.604835038284684,0.8719309205452256,17.453396901083213,FALSE,121
P. falciparum,paper_replica_corrigido,15020,Marabá,PA,2013,3,123,304066,0.65775193543507,8.38948522655428,-7.73173329111921,1.1822792142986098,18.916467428777757,FALSE,121
P. falciparum,paper_replica_corrigido,15021,Redenção,PA,2013,1,121,187783,0,0.2002493809500644,-0.2002493809500644,0,0.6356410263450041,TRUE,121
P. falciparum,paper_replica_corrigido,15021,Redenção,PA,2013,2,122,187783,0,0.17941703851788615,-0.17941703851788615,0,0.5448351654385748,TRUE,121
P. falciparum,paper_replica_corrigido,15021,Redenção,PA,2013,3,123,187783,0,0.18420323713820716,-0.18420323713820716,0,0.6356410263450041,TRUE,121
P. falciparum,paper_replica_corrigido,15022,Conceição do Araguaia,PA,2013,1,121,146912,2.7227183620126336,18.574993220735475,-15.852274858722842,2.4469812648042444,37.928209604465785,TRUE,121
P. falciparum,paper_replica_corrigido,15022,Conceição do Araguaia,PA,2013,2,122,146912,0,16.70397349417447,-16.70397349417447,0,36.12356092167263,TRUE,121
P. falciparum,paper_replica_corrigido,15022,Conceição do Araguaia,PA,2013,3,123,146912,0,17.157019424799223,-17.157019424799223,2.4469812648042444,35.481228339661534,FALSE,121
P. falciparum,paper_replica_corrigido,16001,Oiapoque,AP,2013,1,121,32779,936.5752463467464,413.76418323103456,522.8110631157119,227.15627401676545,652.8172461483624,FALSE,121
P. falciparum,paper_replica_corrigido,16001,Oiapoque,AP,2013,2,122,32779,567.4364684706671,359.2680128670723,208.16845560359485,194.52912059733865,630.6088476023663,TRUE,121
P. falciparum,paper_replica_corrigido,16001,Oiapoque,AP,2013,3,123,32779,366.088044174624,379.37536272666495,-13.287318552040972,183.56201020425402,644.4548244736354,TRUE,121
P. falciparum,paper_replica_corrigido,16002,Amapá,AP,2013,1,121,27052,29.572674848440037,59.16662095135911,-29.59394610291907,0,126.24440558782162,TRUE,121
P. falciparum,paper_replica_corrigido,16002,Amapá,AP,2013,2,122,27052,29.572674848440037,51.646892935389474,-22.074218086949436,0,119.5999631884626,TRUE,121
P. falciparum,paper_replica_corrigido,16002,Amapá,AP,2013,3,123,27052,14.78633742422002,52.7080536135348,-37.92171618931478,0,126.24440558782162,TRUE,121
P. falciparum,paper_replica_corrigido,16003,Macapá,AP,2013,1,121,598870,28.553776278658137,28.921993121408704,-0.36821684275056654,15.607333312652074,46.394298976984494,TRUE,121
P. falciparum,paper_replica_corrigido,16003,Macapá,AP,2013,2,122,598870,29.22170086997178,25.164261759894966,4.057439110076814,12.448349021966248,40.519038407846736,TRUE,121
P. falciparum,paper_replica_corrigido,16003,Macapá,AP,2013,3,123,598870,15.863209043698966,25.636193098400454,-9.772984054701489,14.249195173426102,43.82058968552313,TRUE,121
P. falciparum,paper_replica_corrigido,16004,Mazagão,AP,2013,1,121,76295,74.71000720886035,74.58534151548537,0.12466569337497901,24.678336055752666,129.57598883688746,TRUE,121
P. falciparum,paper_replica_corrigido,16004,Mazagão,AP,2013,2,122,76295,82.57421849400353,65.88264984315062,16.691568650852915,18.847416558092725,122.50820762760272,TRUE,121
P. falciparum,paper_replica_corrigido,16004,Mazagão,AP,2013,3,123,76295,51.11737335343076,67.12420758708808,-16.006834233657322,22.322408985991075,130.93064690200026,TRUE,121
P. falciparum,paper_replica_corrigido,17001,Bico do Papagaio,TO,2013,1,121,207214,0,0.13032900191424282,-0.13032900191424282,0,0.44984740925742633,TRUE,121
P. falciparum,paper_replica_corrigido,17001,Bico do Papagaio,TO,2013,2,122,207214,0.4825928749987935,0.11624680952011776,0.36634606547867576,0,0.44984740925742633,FALSE,121
P. falciparum,paper_replica_corrigido,17001,Bico do Papagaio,TO,2013,3,123,207214,0,0.11930136659763961,-0.11930136659763961,0,0.44984740925742633,TRUE,121
P. falciparum,paper_replica_corrigido,17002,Araguaína,TO,2013,1,121,298783,0,0.11064201169276112,-0.11064201169276112,0,0.31198120730385714,TRUE,121
P. falciparum,paper_replica_corrigido,17002,Araguaína,TO,2013,2,122,298783,0,0.09826010639114646,-0.09826010639114646,0,0.4159749430718094,TRUE,121
P. falciparum,paper_replica_corrigido,17002,Araguaína,TO,2013,3,123,298783,0,0.10208381118053726,-0.10208381118053726,0,0.4159749430718094,TRUE,121
P. falciparum,paper_replica_corrigido,17003,Miracema do Tocantins,TO,2013,1,121,147591,0,0.1040487184877193,-0.1040487184877193,0,0.4210495267862689,TRUE,121
P. falciparum,paper_replica_corrigido,17003,Miracema do Tocantins,TO,2013,2,122,147591,0,0.09504006840488892,-0.09504006840488892,0,0.4210495267862689,TRUE,121
P. falciparum,paper_replica_corrigido,17003,Miracema do Tocantins,TO,2013,3,123,147591,0,0.09637006451120915,-0.09637006451120915,0,0.4210495267862689,TRUE,121
P. falciparum,paper_replica_corrigido,17004,Rio Formoso,TO,2013,1,121,122527,0,0.10554211542482926,-0.10554211542482926,0,0.507178994898367,TRUE,121
P. falciparum,paper_replica_corrigido,17004,Rio Formoso,TO,2013,2,122,122527,0,0.09832712445430039,-0.09832712445430039,0,0.507178994898367,TRUE,121
P. falciparum,paper_replica_corrigido,17004,Rio Formoso,TO,2013,3,123,122527,0,0.0962797580272677,-0.0962797580272677,0,0.507178994898367,TRUE,121
P. falciparum,paper_replica_corrigido,17005,Gurupi,TO,2013,1,121,144769,0,0.01324660698847852,-0.01324660698847852,0,0.2146285486116234,TRUE,121
P. falciparum,paper_replica_corrigido,17005,Gurupi,TO,2013,2,122,144769,0,0.012860546127684943,-0.012860546127684943,0,0,TRUE,121
P. falciparum,paper_replica_corrigido,17005,Gurupi,TO,2013,3,123,144769,0,0.012427789320213009,-0.012427789320213009,0,0.2146285486116234,TRUE,121
P. falciparum,paper_replica_corrigido,17006,Porto Nacional,TO,2013,1,121,358276,0.27911442574998047,0.03529371677266857,0.2438207089773119,0,0.17345041450700638,FALSE,121
P. falciparum,paper_replica_corrigido,17006,Porto Nacional,TO,2013,2,122,358276,0,0.03368413304438687,-0.03368413304438687,0,0.13225594106159036,TRUE,121
P. falciparum,paper_replica_corrigido,17006,Porto Nacional,TO,2013,3,123,358276,0,0.03306740500783618,-0.03306740500783618,0,0.17345041450700638,TRUE,121
P. falciparum,paper_replica_corrigido,17007,Jalapão,TO,2013,1,121,76288,0,0.0028080591547177593,-0.0028080591547177593,0,0,TRUE,121
P. falciparum,paper_replica_corrigido,17007,Jalapão,TO,2013,2,122,76288,0,0.0026311535803025393,-0.0026311535803025393,0,0,TRUE,121
P. falciparum,paper_replica_corrigido,17007,Jalapão,TO,2013,3,123,76288,0,0.0025864031397535027,-0.0025864031397535027,0,0,TRUE,121
P. falciparum,paper_replica_corrigido,17008,Dianópolis,TO,2013,1,121,122716,0,0.001058294596456846,-0.001058294596456846,0,0,TRUE,121
P. falciparum,paper_replica_corrigido,17008,Dianópolis,TO,2013,2,122,122716,0,0.0010331632607128447,-0.0010331632607128447,0,0,TRUE,121
P. falciparum,paper_replica_corrigido,17008,Dianópolis,TO,2013,3,123,122716,0,9.978335106960077e-4,-9.978335106960077e-4,0,0,TRUE,121
P. falciparum,paper_replica_corrigido,21001,Litoral Ocidental Maranhense,MA,2013,1,121,186262,0,0.023112510566875372,-0.023112510566875372,0,0.1668164217819851,TRUE,121
P. falciparum,paper_replica_corrigido,21001,Litoral Ocidental Maranhense,MA,2013,2,122,186262,0,0.019516445115961102,-0.019516445115961102,0,0.1668164217819851,TRUE,121
P. falciparum,paper_replica_corrigido,21001,Litoral Ocidental Maranhense,MA,2013,3,123,186262,0,0.019648758961013365,-0.019648758961013365,0,0.1668164217819851,TRUE,121
P. falciparum,paper_replica_corrigido,21002,Aglomeração Urbana de São Luís,MA,2013,1,121,1366266,0.07319218951507248,0.017659385774536514,0.05553280374053596,0,0.06822586601867303,FALSE,121
P. falciparum,paper_replica_corrigido,21002,Aglomeração Urbana de São Luís,MA,2013,2,122,1366266,0.14638437903014495,0.015275434924825686,0.13110894410531926,0,0.06822586601867303,FALSE,121
P. falciparum,paper_replica_corrigido,21002,Aglomeração Urbana de São Luís,MA,2013,3,123,1366266,0.07319218951507248,0.015068495739783047,0.05812369377528943,0,0.06822586601867303,FALSE,121
P. falciparum,paper_replica_corrigido,21003,Rosário,MA,2013,1,121,168740,0,0.01991714172331889,-0.01991714172331889,0,0.18413867698207956,TRUE,121
P. falciparum,paper_replica_corrigido,21003,Rosário,MA,2013,2,122,168740,0,0.016875546699427656,-0.016875546699427656,0,0.18413867698207956,TRUE,121
P. falciparum,paper_replica_corrigido,21003,Rosário,MA,2013,3,123,168740,0,0.01670259777031754,-0.01670259777031754,0,0.18413867698207956,TRUE,121
P. falciparum,paper_replica_corrigido,21004,Lençóis Maranhenses,MA,2013,1,121,186318,0,0.02108100587696007,-0.02108100587696007,0,0.16676628320374903,TRUE,121
P. falciparum,paper_replica_corrigido,21004,Lençóis Maranhenses,MA,2013,2,122,186318,0,0.01809738467773466,-0.01809738467773466,0,0.16676628320374903,TRUE,121
P. falciparum,paper_replica_corrigido,21004,Lençóis Maranhenses,MA,2013,3,123,186318,0,0.0181274140988517,-0.0181274140988517,0,0.16676628320374903,TRUE,121
P. falciparum,paper_replica_corrigido,21005,Baixada Maranhense,MA,2013,1,121,581920,3.436898542755018,0.44157314746237175,2.9953253952926464,0,0.8497767947126194,FALSE,121
P. falciparum,paper_replica_corrigido,21005,Baixada Maranhense,MA,2013,2,122,581920,2.2339840527907615,0.37202780743306335,1.861956245357698,0.04322140593796947,0.7618688504320036,FALSE,121
P. falciparum,paper_replica_corrigido,21005,Baixada Maranhense,MA,2013,3,123,581920,1.0310695628265054,0.3706816902577628,0.6603878725687427,0.058605296187077195,0.7618688504320036,FALSE,121
P. falciparum,paper_replica_corrigido,21006,Itapecuru Mirim,MA,2013,1,121,223241,0,0.1600192842258018,-0.1600192842258018,0,0.5567357314105582,TRUE,121
P. falciparum,paper_replica_corrigido,21006,Itapecuru Mirim,MA,2013,2,122,223241,0,0.13785291071813444,-0.13785291071813444,0,0.5567357314105582,TRUE,121
P. falciparum,paper_replica_corrigido,21006,Itapecuru Mirim,MA,2013,3,123,223241,0,0.13504439581699687,-0.13504439581699687,0,0.4906233633055513,TRUE,121
P. falciparum,paper_replica_corrigido,21007,Gurupi,MA,2013,1,121,230990,4.32919173990216,11.689968265945023,-7.360776526042863,2.3344576274400697,22.19680127424264,TRUE,121
P. falciparum,paper_replica_corrigido,21007,Gurupi,MA,2013,2,122,230990,1.2987575219706482,9.929023304319388,-8.63026578234874,1.1477750001580354,20.231966104480605,TRUE,121
P. falciparum,paper_replica_corrigido,21007,Gurupi,MA,2013,3,123,230990,1.731676695960864,9.865829433000822,-8.134152737039958,0.7781525424800232,21.788271189440646,TRUE,121
P. falciparum,paper_replica_corrigido,21008,Pindaré,MA,2013,1,121,642579,4.6686866517579935,0.31499345352092917,4.353693198237064,0.053072997961626456,0.6634124745203306,FALSE,121
P. falciparum,paper_replica_corrigido,21008,Pindaré,MA,2013,2,122,642579,3.423703544622529,0.2724645774655408,3.151238967156988,0,0.583802977577891,FALSE,121
P. falciparum,paper_replica_corrigido,21008,Pindaré,MA,2013,3,123,642579,2.8012119910547963,0.27265728496266,2.5285547060921365,0,0.583802977577891,FALSE,121
P. falciparum,paper_replica_corrigido,21009,Imperatriz,MA,2013,1,121,580283,1.0339782485442448,0.1521058388620498,0.881872409682195,0,0.4283642340576043,FALSE,121
P. falciparum,paper_replica_corrigido,21009,Imperatriz,MA,2013,2,122,580283,0.5169891242721224,0.13340249975818305,0.3835866245139393,0,0.3748187048004038,FALSE,121
P. falciparum,paper_replica_corrigido,21009,Imperatriz,MA,2013,3,123,580283,0.34465941618141493,0.13767206207354127,0.20698735410787367,0,0.4029301076604329,TRUE,121
P. falciparum,paper_replica_corrigido,21010,Médio Mearim,MA,2013,1,121,415203,1.204230219916523,0.2233612582596875,0.9808689616568353,0,0.5338915198630447,FALSE,121
P. falciparum,paper_replica_corrigido,21010,Médio Mearim,MA,2013,2,122,415203,0.7225381319499136,0.19522558123237083,0.5273125507175427,0,0.4733153666478137,FALSE,121
P. falciparum,paper_replica_corrigido,21010,Médio Mearim,MA,2013,3,123,415203,0.24084604398330456,0.19342942539389402,0.04741661858941054,0,0.5338915198630447,TRUE,121
P. falciparum,paper_replica_corrigido,21011,Alto Mearim e Grajaú,MA,2013,1,121,320723,1.870773221752104,0.15913190535805039,1.7116413163940536,0,0.4843986922352951,FALSE,121
P. falciparum,paper_replica_corrigido,21011,Alto Mearim e Grajaú,MA,2013,2,122,320723,1.870773221752104,0.13865012606731955,1.7321230956847844,0,0.4843986922352951,FALSE,121
P. falciparum,paper_replica_corrigido,21011,Alto Mearim e Grajaú,MA,2013,3,123,320723,0.935386610876052,0.1410381770481511,0.7943484338279009,0,0.4843986922352951,FALSE,121
P. falciparum,paper_replica_corrigido,21012,Presidente Dutra,MA,2013,1,121,194017,0,0.216754758939248,-0.216754758939248,0,0.6152171142226912,TRUE,121
P. falciparum,paper_replica_corrigido,21012,Presidente Dutra,MA,2013,2,122,194017,0,0.19283341550203464,-0.19283341550203464,0,0.5734702386147209,TRUE,121
P. falciparum,paper_replica_corrigido,21012,Presidente Dutra,MA,2013,3,123,194017,1.030837503930068,0.18962374097083395,0.841213762959234,0,0.527328955048021,FALSE,121
P. falciparum,paper_replica_corrigido,21013,Baixo Parnaíba Maranhense,MA,2013,1,121,139621,2.148673910085159,0.16435444831589677,1.984319461769262,0,0.6676265107818187,FALSE,121
P. falciparum,paper_replica_corrigido,21013,Baixo Parnaíba Maranhense,MA,2013,2,122,139621,0,0.1422937824839147,-0.1422937824839147,0,0.6676265107818187,TRUE,121
P. falciparum,paper_replica_corrigido,21013,Baixo Parnaíba Maranhense,MA,2013,3,123,139621,0,0.14089718205164756,-0.14089718205164756,0,0.6676265107818187,TRUE,121
P. falciparum,paper_replica_corrigido,21014,Chapadinha,MA,2013,1,121,234229,0,0.07530693229656268,-0.07530693229656268,0,0.2653092516635951,TRUE,121
P. falciparum,paper_replica_corrigido,21014,Chapadinha,MA,2013,2,122,234229,0,0.06595501108339656,-0.06595501108339656,0,0.2653092516635951,TRUE,121
P. falciparum,paper_replica_corrigido,21014,Chapadinha,MA,2013,3,123,234229,0,0.06424050095069636,-0.06424050095069636,0,0.2653092516635951,TRUE,121
P. falciparum,paper_replica_corrigido,21015,Codó,MA,2013,1,121,269763,0,0.2522520580057806,-0.2522520580057806,0,0.806266695127548,TRUE,121
P. falciparum,paper_replica_corrigido,21015,Codó,MA,2013,2,122,269763,0,0.22088176063402765,-0.22088176063402765,0,0.6910857386807554,TRUE,121
P. falciparum,paper_replica_corrigido,21015,Codó,MA,2013,3,123,269763,0.3706957588698227,0.21701321014352926,0.15368254872629344,0,0.6910857386807554,TRUE,121
P. falciparum,paper_replica_corrigido,21016,Coelho Neto,MA,2013,1,121,90137,0,0.023467894679322365,-0.023467894679322365,0,0.3447148269185364,TRUE,121
P. falciparum,paper_replica_corrigido,21016,Coelho Neto,MA,2013,2,122,90137,0,0.020631375384308082,-0.020631375384308082,0,0.3447148269185364,TRUE,121
P. falciparum,paper_replica_corrigido,21016,Coelho Neto,MA,2013,3,123,90137,0,0.020226842509330458,-0.020226842509330458,0,0.3447148269185364,TRUE,121
P. falciparum,paper_replica_corrigido,21017,Caxias,MA,2013,1,121,428592,0.4666442677418151,0.13120584978098807,0.3354384179608271,0,0.4349809658690238,FALSE,121
P. falciparum,paper_replica_corrigido,21017,Caxias,MA,2013,2,122,428592,0,0.11722328681605082,-0.11722328681605082,0,0.36248413822418646,TRUE,121
P. falciparum,paper_replica_corrigido,21017,Caxias,MA,2013,3,123,428592,0,0.11561202970109491,-0.11561202970109491,0,0.4349809658690238,TRUE,121
P. falciparum,paper_replica_corrigido,21018,Chapadas do Alto Itapecuru,MA,2013,1,121,214158,0.466944965866323,0.11762973088951598,0.34931523497680705,0,0.4352612606667428,FALSE,121
P. falciparum,paper_replica_corrigido,21018,Chapadas do Alto Itapecuru,MA,2013,2,122,214158,0.933889931732646,0.10753184273540718,0.8263580889972388,0,0.4352612606667428,FALSE,121
P. falciparum,paper_replica_corrigido,21018,Chapadas do Alto Itapecuru,MA,2013,3,123,214158,0,0.10499996985598489,-0.10499996985598489,0,0.4352612606667428,TRUE,121
P. falciparum,paper_replica_corrigido,21019,Porto Franco,MA,2013,1,121,114767,0,0.09578200216882055,-0.09578200216882055,0,0.5414720320990547,TRUE,121
P. falciparum,paper_replica_corrigido,21019,Porto Franco,MA,2013,2,122,114767,0.8713306089729626,0.0849411868997801,0.7863894220731824,0,0.5414720320990547,FALSE,121
P. falciparum,paper_replica_corrigido,21019,Porto Franco,MA,2013,3,123,114767,0,0.08626462989318814,-0.08626462989318814,0,0.5414720320990547,TRUE,121
P. falciparum,paper_replica_corrigido,21020,Gerais de Balsas,MA,2013,1,121,136434,0,0.010682038653519136,-0.010682038653519136,0,0,TRUE,121
P. falciparum,paper_replica_corrigido,21020,Gerais de Balsas,MA,2013,2,122,136434,0,0.009854977513815848,-0.009854977513815848,0,0.22774059511526532,TRUE,121
P. falciparum,paper_replica_corrigido,21020,Gerais de Balsas,MA,2013,3,123,136434,0,0.009786699510217085,-0.009786699510217085,0,0,TRUE,121
P. falciparum,paper_replica_corrigido,21021,Chapadas das Mangabeiras,MA,2013,1,121,70058,0,0.00506612301710269,-0.00506612301710269,0,0,TRUE,121
P. falciparum,paper_replica_corrigido,21021,Chapadas das Mangabeiras,MA,2013,2,122,70058,0,0.004636473358610191,-0.004636473358610191,0,0,TRUE,121
P. falciparum,paper_replica_corrigido,21021,Chapadas das Mangabeiras,MA,2013,3,123,70058,0,0.004604541681218607,-0.004604541681218607,0,0,TRUE,121
P. falciparum,paper_replica_corrigido,51001,Aripuanã,MT,2013,1,121,148922,2.6859698365587357,34.863822539267254,-32.17785270270852,9.655817450072417,60.98252208311357,FALSE,121
P. falciparum,paper_replica_corrigido,51001,Aripuanã,MT,2013,2,122,148922,0,29.710110376650224,-29.710110376650224,8.448840268813365,57.36159053933642,FALSE,121
P. falciparum,paper_replica_corrigido,51001,Aripuanã,MT,2013,3,123,148922,4.028954754838103,31.30773356933069,-27.278778814492586,10.862794631331468,65.17676778798881,FALSE,121
P. falciparum,paper_replica_corrigido,51002,Alta Floresta,MT,2013,1,121,101672,3.934219844204894,0.29771729780092643,3.6365025464039675,0,1.0062827707879445,FALSE,121
P. falciparum,paper_replica_corrigido,51002,Alta Floresta,MT,2013,2,122,101672,2.950664883153671,0.2551239421160883,2.6955409410375823,0,0.8385689756566205,FALSE,121
P. falciparum,paper_replica_corrigido,51002,Alta Floresta,MT,2013,3,123,101672,0,0.2667655265332989,-0.2667655265332989,0,0.8385689756566205,TRUE,121
P. falciparum,paper_replica_corrigido,51003,Colíder,MT,2013,1,121,147540,0.67778229632642,0.34956946069900363,0.3282128356274163,0,0.9245924890113587,TRUE,121
P. falciparum,paper_replica_corrigido,51003,Colíder,MT,2013,2,122,147540,1.35556459265284,0.3075477692919332,1.0480168233609066,0,0.8090184278849388,FALSE,121
P. falciparum,paper_replica_corrigido,51003,Colíder,MT,2013,3,123,147540,2.71112918530568,0.320842101534383,2.390287083771297,0,0.9245924890113587,FALSE,121
P. falciparum,paper_replica_corrigido,51004,Parecis,MT,2013,1,121,96914,0,0.2527312678387623,-0.2527312678387623,0,0.9618288488956015,TRUE,121
P. falciparum,paper_replica_corrigido,51004,Parecis,MT,2013,2,122,96914,0,0.21032137321870764,-0.21032137321870764,0,0.6412192325970677,TRUE,121
P. falciparum,paper_replica_corrigido,51004,Parecis,MT,2013,3,123,96914,0,0.22503492062030422,-0.22503492062030422,0,0.9618288488956015,TRUE,121
P. falciparum,paper_replica_corrigido,51005,Arinos,MT,2013,1,121,77897,0,0.17899989471796351,-0.17899989471796351,0,0.656705533406626,TRUE,121
P. falciparum,paper_replica_corrigido,51005,Arinos,MT,2013,2,122,77897,0,0.28480230632557024,-0.28480230632557024,0,1.196640192329208,TRUE,121
P. falciparum,paper_replica_corrigido,51005,Arinos,MT,2013,3,123,77897,0,0.3003047406046759,-0.3003047406046759,0,1.196640192329208,TRUE,121
P. falciparum,paper_replica_corrigido,51006,Alto Teles Pires,MT,2013,1,121,216083,0,0.1775943349141579,-0.1775943349141579,0,0.5751782482463887,TRUE,121
P. falciparum,paper_replica_corrigido,51006,Alto Teles Pires,MT,2013,2,122,216083,0,0.1571696535727585,-0.1571696535727585,0,0.5751782482463887,TRUE,121
P. falciparum,paper_replica_corrigido,51006,Alto Teles Pires,MT,2013,3,123,216083,0,0.16505659633282796,-0.16505659633282796,0,0.718972810307986,TRUE,121
P. falciparum,paper_replica_corrigido,51007,Sinop,MT,2013,1,121,184603,0,0.13594712685080187,-0.13594712685080187,0,0.5049467292615414,TRUE,121
P. falciparum,paper_replica_corrigido,51007,Sinop,MT,2013,2,122,184603,0,0.12149907405246399,-0.12149907405246399,0,0.5049467292615414,TRUE,121
P. falciparum,paper_replica_corrigido,51007,Sinop,MT,2013,3,123,184603,0,0.12492785606105612,-0.12492785606105612,0,0.5049467292615414,TRUE,121
P. falciparum,paper_replica_corrigido,51008,Paranatinga,MT,2013,1,121,34079,0,0.014168907819892064,-0.014168907819892064,0,0,TRUE,121
P. falciparum,paper_replica_corrigido,51008,Paranatinga,MT,2013,2,122,34079,0,0.012691124059905317,-0.012691124059905317,0,0,TRUE,121
P. falciparum,paper_replica_corrigido,51008,Paranatinga,MT,2013,3,123,34079,0,0.01294392916737565,-0.01294392916737565,0,0,TRUE,121
P. falciparum,paper_replica_corrigido,51009,Norte Araguaia,MT,2013,1,121,119054,0,0.05003148245405802,-0.05003148245405802,0,0.2609871180637031,TRUE,121
P. falciparum,paper_replica_corrigido,51009,Norte Araguaia,MT,2013,2,122,119054,0,0.04507631997012008,-0.04507631997012008,0,0.2609871180637031,TRUE,121
P. falciparum,paper_replica_corrigido,51009,Norte Araguaia,MT,2013,3,123,119054,0,0.04532195730524374,-0.04532195730524374,0,0.2609871180637031,TRUE,121
P. falciparum,paper_replica_corrigido,51010,Canarana,MT,2013,1,121,105035,0,0.00865430510174964,-0.00865430510174964,0,0,TRUE,121
P. falciparum,paper_replica_corrigido,51010,Canarana,MT,2013,2,122,105035,0,0.007998566220120847,-0.007998566220120847,0,0,TRUE,121
P. falciparum,paper_replica_corrigido,51010,Canarana,MT,2013,3,123,105035,0,0.008035067462877181,-0.008035067462877181,0,0,TRUE,121
P. falciparum,paper_replica_corrigido,51011,Médio Araguaia,MT,2013,1,121,66449,0,0.002228560685386622,-0.002228560685386622,0,0,TRUE,121
P. falciparum,paper_replica_corrigido,51011,Médio Araguaia,MT,2013,2,122,66449,0,0.0021564837661327326,-0.0021564837661327326,0,0,TRUE,121
P. falciparum,paper_replica_corrigido,51011,Médio Araguaia,MT,2013,3,123,66449,0,0.0020764281422766795,-0.0020764281422766795,0,0,TRUE,121
P. falciparum,paper_replica_corrigido,51012,Alto Guaporé,MT,2013,1,121,70085,0,0.258728316685129,-0.258728316685129,0,1.330023272624218,TRUE,121
P. falciparum,paper_replica_corrigido,51012,Alto Guaporé,MT,2013,2,122,70085,0,0.21270914115758666,-0.21270914115758666,0,0.8866821817494787,TRUE,121
P. falciparum,paper_replica_corrigido,51012,Alto Guaporé,MT,2013,3,123,70085,0,0.21055122075370764,-0.21055122075370764,0,0.8866821817494787,TRUE,121
P. falciparum,paper_replica_corrigido,51013,Tangará da Serra,MT,2013,1,121,153881,0,0.044958585787712425,-0.044958585787712425,0,0.2019194075549035,TRUE,121
P. falciparum,paper_replica_corrigido,51013,Tangará da Serra,MT,2013,2,122,153881,0,0.037857025181773495,-0.037857025181773495,0,0.2019194075549035,TRUE,121
P. falciparum,paper_replica_corrigido,51013,Tangará da Serra,MT,2013,3,123,153881,0,0.03877873090382475,-0.03877873090382475,0,0.2019194075549035,TRUE,121
P. falciparum,paper_replica_corrigido,51014,Jauru,MT,2013,1,121,107853,0,0.030083933348259113,-0.030083933348259113,0,0.2880917577995615,TRUE,121
P. falciparum,paper_replica_corrigido,51014,Jauru,MT,2013,2,122,107853,0,0.02499012557176245,-0.02499012557176245,0,0.2880917577995615,TRUE,121
P. falciparum,paper_replica_corrigido,51014,Jauru,MT,2013,3,123,107853,0,0.02458142394485456,-0.02458142394485456,0,0.2880917577995615,TRUE,121
P. falciparum,paper_replica_corrigido,51015,Alto Paraguai,MT,2013,1,121,32717,0,0.020787858761027796,-0.020787858761027796,0,0,TRUE,121
P. falciparum,paper_replica_corrigido,51015,Alto Paraguai,MT,2013,2,122,32717,0,0.017670299691744145,-0.017670299691744145,0,0,TRUE,121
P. falciparum,paper_replica_corrigido,51015,Alto Paraguai,MT,2013,3,123,32717,0,0.0185409070941543,-0.0185409070941543,0,0,TRUE,121
P. falciparum,paper_replica_corrigido,51016,Rosário Oeste,MT,2013,1,121,30675,0,0.025826815717525254,-0.025826815717525254,0,0,TRUE,121
P. falciparum,paper_replica_corrigido,51016,Rosário Oeste,MT,2013,2,122,30675,0,0.022630544384849845,-0.022630544384849845,0,0,TRUE,121
P. falciparum,paper_replica_corrigido,51016,Rosário Oeste,MT,2013,3,123,30675,0,0.023504088229049595,-0.023504088229049595,0,0,TRUE,121
P. falciparum,paper_replica_corrigido,51017,Cuiabá,MT,2013,1,121,881902,0,0.031102053503571384,-0.031102053503571384,0,0.10569732358228955,TRUE,121
P. falciparum,paper_replica_corrigido,51017,Cuiabá,MT,2013,2,122,881902,0.11339128383879388,0.026411611623679034,0.08697967221511485,0,0.10569732358228955,FALSE,121
P. falciparum,paper_replica_corrigido,51017,Cuiabá,MT,2013,3,123,881902,0,0.02709986864918861,-0.02709986864918861,0,0.10569732358228955,TRUE,121
P. falciparum,paper_replica_corrigido,51018,Alto Pantanal,MT,2013,1,121,134262,0,0.021270565323717867,-0.021270565323717867,0,0.23142482872261777,TRUE,121
P. falciparum,paper_replica_corrigido,51018,Alto Pantanal,MT,2013,2,122,134262,0,0.017304403691682808,-0.017304403691682808,0,0.23142482872261777,TRUE,121
P. falciparum,paper_replica_corrigido,51018,Alto Pantanal,MT,2013,3,123,134262,0,0.017122919114574597,-0.017122919114574597,0,0.23142482872261777,TRUE,121
P. falciparum,paper_replica_corrigido,51019,Primavera do Leste,MT,2013,1,121,91029,0,0.012732899165761655,-0.012732899165761655,0,0.3413369404690385,TRUE,121
P. falciparum,paper_replica_corrigido,51019,Primavera do Leste,MT,2013,2,122,91029,0,0.010879652496086151,-0.010879652496086151,0,0,TRUE,121
P. falciparum,paper_replica_corrigido,51019,Primavera do Leste,MT,2013,3,123,91029,0,0.011431439267069384,-0.011431439267069384,0,0.17920189374623743,TRUE,121
P. falciparum,paper_replica_corrigido,51020,Tesouro,MT,2013,1,121,54596,0,0.004606419879293959,-0.004606419879293959,0,0,TRUE,121
P. falciparum,paper_replica_corrigido,51020,Tesouro,MT,2013,2,122,54596,0,0.004020495362298127,-0.004020495362298127,0,0,TRUE,121
P. falciparum,paper_replica_corrigido,51020,Tesouro,MT,2013,3,123,54596,0,0.004237940891429388,-0.004237940891429388,0,0,TRUE,121
P. falciparum,paper_replica_corrigido,51021,Rondonópolis,MT,2013,1,121,290068,0,0.01149777875039181,-0.01149777875039181,0,0.1071181941956924,TRUE,121
P. falciparum,paper_replica_corrigido,51021,Rondonópolis,MT,2013,2,122,290068,0,0.009684185889266532,-0.009684185889266532,0,0.1071181941956924,TRUE,121
P. falciparum,paper_replica_corrigido,51021,Rondonópolis,MT,2013,3,123,290068,0,0.010215973429891093,-0.010215973429891093,0,0.1071181941956924,TRUE,121
P. falciparum,paper_replica_corrigido,51022,Alto Araguaia,MT,2013,1,121,36797,0,0.0025461926320764494,-0.0025461926320764494,0,0,TRUE,121
P. falciparum,paper_replica_corrigido,51022,Alto Araguaia,MT,2013,2,122,36797,0,0.002147813896075501,-0.002147813896075501,0,0,TRUE,121
P. falciparum,paper_replica_corrigido,51022,Alto Araguaia,MT,2013,3,123,36797,0,0.0022943076167033227,-0.0022943076167033227,0,0,TRUE,121
P. falciparum,paper_replica_corrigido,11001,Porto Velho,RO,2014,1,133,625834,4.4740298545620725,73.90102359078155,-69.42699373621947,49.974448986501436,104.69503457933583,FALSE,133
P. falciparum,paper_replica_corrigido,11001,Porto Velho,RO,2014,2,134,625834,2.5565884883211845,64.67714830815292,-62.12055981983174,39.060488863012615,98.95084504065748,FALSE,133
P. falciparum,paper_replica_corrigido,11001,Porto Velho,RO,2014,3,135,625834,10.865501075365032,65.07805848161979,-54.21255740625476,38.18449995836417,105.99465746246179,FALSE,133
P. falciparum,paper_replica_corrigido,11002,Guajará-Mirim,RO,2014,1,133,81101,0,23.808419455757264,-23.808419455757264,0,50.97527136671055,TRUE,133
P. falciparum,paper_replica_corrigido,11002,Guajará-Mirim,RO,2014,2,134,81101,1.2330304188604333,21.344404535433707,-20.111374116573273,0,49.92252119718061,TRUE,133
P. falciparum,paper_replica_corrigido,11002,Guajará-Mirim,RO,2014,3,135,81101,0,21.663826523187673,-21.663826523187673,0,48.758955220331835,TRUE,133
P. falciparum,paper_replica_corrigido,11003,Ariquemes,RO,2014,1,133,195532,2.04570095943375,82.89850136416823,-80.85280040473448,45.91721823836332,122.30802575804277,FALSE,133
P. falciparum,paper_replica_corrigido,11003,Ariquemes,RO,2014,2,134,195532,1.5342757195753127,72.65742037256683,-71.12314465299151,43.20539053459611,122.26206257662301,FALSE,133
P. falciparum,paper_replica_corrigido,11003,Ariquemes,RO,2014,3,135,195532,0.5114252398584375,74.0722332510992,-73.56080801124077,40.884249872897065,124.19251619625383,FALSE,133
P. falciparum,paper_replica_corrigido,11004,Ji-Paraná,RO,2014,1,133,316402,0.3160536279795956,9.829907938479979,-9.513854310500383,1.4060277845082052,17.6108530584866,FALSE,133
P. falciparum,paper_replica_corrigido,11004,Ji-Paraná,RO,2014,2,134,316402,0,8.673142710584905,-8.673142710584905,1.7042761024341873,17.6108530584866,FALSE,133
P. falciparum,paper_replica_corrigido,11004,Ji-Paraná,RO,2014,3,135,316402,0,8.866597803547538,-8.866597803547538,0.2698437162187471,19.315129160920787,FALSE,133
P. falciparum,paper_replica_corrigido,11005,Alvorada D'Oeste,RO,2014,1,133,75085,1.331823932876074,0.4056968805060671,0.9261270523700068,0,1.1354995657316362,FALSE,133
P. falciparum,paper_replica_corrigido,11005,Alvorada D'Oeste,RO,2014,2,134,75085,0,0.3567201500595325,-0.3567201500595325,0,1.1354995657316362,TRUE,133
P. falciparum,paper_replica_corrigido,11005,Alvorada D'Oeste,RO,2014,3,135,75085,0,0.3669300164545097,-0.3669300164545097,0,1.1354995657316362,TRUE,133
P. falciparum,paper_replica_corrigido,11006,Cacoal,RO,2014,1,133,247558,0,0.3752634808929715,-0.3752634808929715,0,0.895440101801177,TRUE,133
P. falciparum,paper_replica_corrigido,11006,Cacoal,RO,2014,2,134,247558,0,0.33351786409513484,-0.33351786409513484,0,0.862722098081517,TRUE,133
P. falciparum,paper_replica_corrigido,11006,Cacoal,RO,2014,3,135,247558,0,0.3432288834635304,-0.3432288834635304,0,0.895440101801177,TRUE,133
P. falciparum,paper_replica_corrigido,11007,Vilhena,RO,2014,1,133,152211,0,0.21578317595656185,-0.21578317595656185,0,0.6721641791431098,TRUE,133
P. falciparum,paper_replica_corrigido,11007,Vilhena,RO,2014,2,134,152211,0,0.18967010637270115,-0.18967010637270115,0,0.5601368159525916,TRUE,133
P. falciparum,paper_replica_corrigido,11007,Vilhena,RO,2014,3,135,152211,0,0.19389691177106796,-0.19389691177106796,0,0.6721641791431098,TRUE,133
P. falciparum,paper_replica_corrigido,11008,Colorado do Oeste,RO,2014,1,133,54808,0,0.5104375409911098,-0.5104375409911098,0,1.5555937982221557,TRUE,133
P. falciparum,paper_replica_corrigido,11008,Colorado do Oeste,RO,2014,2,134,54808,0,0.45091448325575484,-0.45091448325575484,0,1.5555937982221557,TRUE,133
P. falciparum,paper_replica_corrigido,11008,Colorado do Oeste,RO,2014,3,135,54808,0,0.4646784589331163,-0.4646784589331163,0,1.5555937982221557,TRUE,133
P. falciparum,paper_replica_corrigido,12001,Cruzeiro do Sul,AC,2014,1,133,141056,814.5700998185118,253.52413562163994,561.0459641968719,170.0851059950041,369.5424666682988,FALSE,133
P. falciparum,paper_replica_corrigido,12001,Cruzeiro do Sul,AC,2014,2,134,141056,462.9367059891107,225.80114543382646,237.13556055528423,136.8899982132483,353.10419832339846,FALSE,133
P. falciparum,paper_replica_corrigido,12001,Cruzeiro do Sul,AC,2014,3,135,141056,384.244555353902,213.7378697781821,170.5066855757199,126.15415241435029,348.612345926827,FALSE,133
P. falciparum,paper_replica_corrigido,12002,Tarauacá,AC,2014,1,133,77929,41.06301890182089,16.615358709634677,24.447660192186213,0,34.59792678992299,FALSE,133
P. falciparum,paper_replica_corrigido,12002,Tarauacá,AC,2014,2,134,77929,23.097948132274247,14.617127802049902,8.480820330224345,0,35.80885422757024,TRUE,133
P. falciparum,paper_replica_corrigido,12002,Tarauacá,AC,2014,3,135,77929,19.24829011022854,14.212100751132503,5.0361893590960385,0,32.291398337261455,TRUE,133
P. falciparum,paper_replica_corrigido,12003,Sena Madureira,AC,2014,1,133,55143,0,0.14173383293516695,-0.14173383293516695,0,0.5634724326561141,TRUE,133
P. falciparum,paper_replica_corrigido,12003,Sena Madureira,AC,2014,2,134,55143,0,0.1242956389374793,-0.1242956389374793,0,0.5634724326561141,TRUE,133
P. falciparum,paper_replica_corrigido,12003,Sena Madureira,AC,2014,3,135,55143,0,0.12015606242402707,-0.12015606242402707,0,0.5634724326561141,TRUE,133
P. falciparum,paper_replica_corrigido,12004,Rio Branco,AC,2014,1,133,452251,1.768929200819899,10.479171244810384,-8.710242043990485,3.368356814686376,19.286078399133487,FALSE,133
P. falciparum,paper_replica_corrigido,12004,Rio Branco,AC,2014,2,134,452251,1.1055807505124366,9.043369674890958,-7.937788924378521,2.3846773909284074,18.28252666378446,FALSE,133
P. falciparum,paper_replica_corrigido,12004,Rio Branco,AC,2014,3,135,452251,0.6633484503074619,8.763080807238085,-8.099732356930623,1.9872311591070064,17.29884724002648,FALSE,133
P. falciparum,paper_replica_corrigido,12005,Brasiléia,AC,2014,1,133,63722,0,0.34801675719908987,-0.34801675719908987,0,1.070386803841184,TRUE,133
P. falciparum,paper_replica_corrigido,12005,Brasiléia,AC,2014,2,134,63722,1.5693167195003297,0.30373207417861353,1.265584645321716,0,1.070386803841184,FALSE,133
P. falciparum,paper_replica_corrigido,12005,Brasiléia,AC,2014,3,135,63722,0,0.29940956524941403,-0.29940956524941403,0,1.070386803841184,TRUE,133
P. falciparum,paper_replica_corrigido,13001,Rio Negro,AM,2014,1,133,108516,49.76224704191087,73.84490052819869,-24.082653486287825,36.357889661752736,119.26050367408638,TRUE,133
P. falciparum,paper_replica_corrigido,13001,Rio Negro,AM,2014,2,134,108516,38.703969921486234,64.18616642885998,-25.482196507373743,23.189542381072354,113.50452797592732,TRUE,133
P. falciparum,paper_replica_corrigido,13001,Rio Negro,AM,2014,3,135,108516,76.48641674960375,60.0934719777796,16.392944771824148,19.00714277305752,108.5353403228404,TRUE,133
P. falciparum,paper_replica_corrigido,13002,Japurá,AM,2014,1,133,23966,75.1064007343737,18.120860799678262,56.98553993469543,0,52.500133126605355,FALSE,133
P. falciparum,paper_replica_corrigido,13002,Japurá,AM,2014,2,134,23966,37.55320036718685,15.958674006108161,21.594526361078685,0,48.93762409301411,TRUE,133
P. falciparum,paper_replica_corrigido,13002,Japurá,AM,2014,3,135,23966,41.72577818576316,15.244360634845386,26.481417550917776,0,52.500133126605355,TRUE,133
P. falciparum,paper_replica_corrigido,13003,Alto Solimões,AM,2014,1,133,242875,79.87647967061245,33.53901907403686,46.337460596575596,16.633161580332175,52.54524904131631,FALSE,133
P. falciparum,paper_replica_corrigido,13003,Alto Solimões,AM,2014,2,134,242875,67.93618116314977,29.465690847450343,38.47049031569942,12.192717999375864,51.453639994331205,FALSE,133
P. falciparum,paper_replica_corrigido,13003,Alto Solimões,AM,2014,3,135,242875,65.87750900669069,28.312509414742568,37.56499959194812,10.361035022231386,50.71356606417182,FALSE,133
P. falciparum,paper_replica_corrigido,13004,Juruá,AM,2014,1,133,142338,93.43955935870954,54.841236666541256,38.59832269216829,24.593170843069274,93.44773516750327,TRUE,133
P. falciparum,paper_replica_corrigido,13004,Juruá,AM,2014,2,134,142338,118.7314701625708,47.46450750193522,71.26696266063558,15.753520219116261,79.55685561557712,FALSE,133
P. falciparum,paper_replica_corrigido,13004,Juruá,AM,2014,3,135,142338,153.15657097893745,45.80680640457581,107.34976457436164,20.804749147089414,87.19683936913644,FALSE,133
P. falciparum,paper_replica_corrigido,13005,Tefé,AM,2014,1,133,90982,30.775318194807767,65.65540699484998,-34.880088800042216,21.731771269724412,112.61008748857193,TRUE,133
P. falciparum,paper_replica_corrigido,13005,Tefé,AM,2014,2,134,90982,56.05504385482843,58.02313400747285,-1.9680901526444146,18.718957525512614,115.62290123278368,TRUE,133
P. falciparum,paper_replica_corrigido,13005,Tefé,AM,2014,3,135,90982,49.4603328130839,56.15896052575967,-6.698627712675766,19.75615569974946,113.64728566280871,TRUE,133
P. falciparum,paper_replica_corrigido,13006,Coari,AM,2014,1,133,169227,0.5909222523592571,37.84760905292981,-37.256686800570556,14.312550696614789,65.34914149233578,FALSE,133
P. falciparum,paper_replica_corrigido,13006,Coari,AM,2014,2,134,169227,0.5909222523592571,31.904713233990346,-31.31379098163109,12.745870750232093,55.23210658433907,FALSE,133
P. falciparum,paper_replica_corrigido,13006,Coari,AM,2014,3,135,169227,0,31.58159762802814,-31.58159762802814,7.43509127096872,64.84461744180574,FALSE,133
P. falciparum,paper_replica_corrigido,13007,Manaus,AM,2014,1,133,2285623,1.66256639874555,17.206566502138177,-15.544000103392626,10.73263660655921,24.581453653015156,FALSE,133
P. falciparum,paper_replica_corrigido,13007,Manaus,AM,2014,2,134,2285623,0.9625384413790026,13.807216618904585,-12.844678177525582,8.489379898721866,22.49941258938698,FALSE,133
P. falciparum,paper_replica_corrigido,13007,Manaus,AM,2014,3,135,2285623,1.050041936049821,13.640624399068493,-12.590582463018672,8.01752923274381,23.989674276101024,FALSE,133
P. falciparum,paper_replica_corrigido,13008,Rio Preto da Eva,AM,2014,1,133,61674,0,80.47422729205502,-80.47422729205502,23.315556738652987,151.55111880124443,FALSE,133
P. falciparum,paper_replica_corrigido,13008,Rio Preto da Eva,AM,2014,2,134,61674,0,66.08268292712431,-66.08268292712431,5.828889184663247,122.40667287792819,FALSE,133
P. falciparum,paper_replica_corrigido,13008,Rio Preto da Eva,AM,2014,3,135,61674,0,65.78346691103114,-65.78346691103114,18.871028735347263,128.2355620625914,FALSE,133
P. falciparum,paper_replica_corrigido,13009,Itacoatiara,AM,2014,1,133,168711,0,18.314523191485453,-18.314523191485453,0.5060671295828015,34.092943466630736,FALSE,133
P. falciparum,paper_replica_corrigido,13009,Itacoatiara,AM,2014,2,134,168711,0,14.404575100555162,-14.404575100555162,1.5714716129150121,29.83132553330189,FALSE,133
P. falciparum,paper_replica_corrigido,13009,Itacoatiara,AM,2014,3,135,168711,0,14.616260758719399,-14.616260758719399,1.5714716129150121,29.83132553330189,FALSE,133
P. falciparum,paper_replica_corrigido,13010,Parintins,AM,2014,1,133,266488,5.628771276755426,0.6023865777463265,5.0263846990091,0,1.2797422006688468,FALSE,133
P. falciparum,paper_replica_corrigido,13010,Parintins,AM,2014,2,134,266488,0.37525141845036175,0.48370751501115244,-0.1084560965607907,0,1.0877808705685197,TRUE,133
P. falciparum,paper_replica_corrigido,13010,Parintins,AM,2014,3,135,266488,1.501005673801447,0.4858181201580333,1.0151875536434138,0,1.0237937605350775,FALSE,133
P. falciparum,paper_replica_corrigido,13011,Boca do Acre,AM,2014,1,133,52413,49.60601377520844,37.65827066200394,11.947743113204496,0,78.8763376092113,TRUE,133
P. falciparum,paper_replica_corrigido,13011,Boca do Acre,AM,2014,2,134,52413,53.421860988686014,32.49916637430792,20.922694614378095,0,75.44693162620213,TRUE,133
P. falciparum,paper_replica_corrigido,13011,Boca do Acre,AM,2014,3,135,52413,78.22486787629023,31.843071313220115,46.38179656307012,0,72.01752564319294,FALSE,133
P. falciparum,paper_replica_corrigido,13012,Purus,AM,2014,1,133,75649,134.83324300387315,58.62827335306222,76.20496965081094,16.63231755227728,106.92204140749678,FALSE,133
P. falciparum,paper_replica_corrigido,13012,Purus,AM,2014,2,134,75649,118.97050853282924,50.20763594423228,68.76287258859696,10.632803006634406,97.41785994905263,FALSE,133
P. falciparum,paper_replica_corrigido,13012,Purus,AM,2014,3,135,75649,136.1551375431268,49.72281540225874,86.43232214086808,11.880226823055198,95.04181458444158,FALSE,133
P. falciparum,paper_replica_corrigido,13013,Madeira,AM,2014,1,133,185281,3.778045239393138,41.24029547288669,-37.462250233493556,19.402470386867574,71.37683793568903,FALSE,133
P. falciparum,paper_replica_corrigido,13013,Madeira,AM,2014,2,134,185281,3.778045239393138,34.95401714742481,-31.17597190803167,16.49209982883744,59.1775346799461,FALSE,133
P. falciparum,paper_replica_corrigido,13013,Madeira,AM,2014,3,135,185281,1.6191622454542018,35.49584038376061,-33.87667813830641,14.042537942495409,65.96839931534976,FALSE,133
P. falciparum,paper_replica_corrigido,14001,Boa Vista,RR,2014,1,133,353589,30.543936604362692,17.115046192856656,13.428890411506035,6.34161289222394,29.99239764659017,FALSE,133
P. falciparum,paper_replica_corrigido,14001,Boa Vista,RR,2014,2,134,353589,15.83759675781769,15.706997013430202,0.13059974438748867,6.34161289222394,29.750933428248967,TRUE,133
P. falciparum,paper_replica_corrigido,14001,Boa Vista,RR,2014,3,135,353589,12.161011796181445,16.202549039398846,-4.041537243217402,4.308230000929691,31.009089092237296,TRUE,133
P. falciparum,paper_replica_corrigido,14002,Nordeste de Roraima,RR,2014,1,133,46668,17.142367360932543,51.393177262389386,-34.25080990145685,9.532656275691375,98.31153593415031,TRUE,133
P. falciparum,paper_replica_corrigido,14002,Nordeste de Roraima,RR,2014,2,134,46668,10.71397960058284,46.45304228487985,-35.73906268429701,1.8294996892741067,98.31153593415031,TRUE,133
P. falciparum,paper_replica_corrigido,14002,Nordeste de Roraima,RR,2014,3,135,46668,2.142795920116568,48.98079050737215,-46.83799458725558,3.8515782932086338,109.86627081377621,FALSE,133
P. falciparum,paper_replica_corrigido,14003,Caracaraí,RR,2014,1,133,46161,8.665323541517731,49.277806488666975,-40.612482947149246,0,93.45315177095497,TRUE,133
P. falciparum,paper_replica_corrigido,14003,Caracaraí,RR,2014,2,134,46161,4.3326617707588655,44.09940468087652,-39.76674291011765,0,95.49743946594454,TRUE,133
P. falciparum,paper_replica_corrigido,14003,Caracaraí,RR,2014,3,135,46161,2.1663308853794327,45.33321429884121,-43.16688341346178,0,99.39132078973432,TRUE,133
P. falciparum,paper_replica_corrigido,14004,Sudeste de Roraima,RR,2014,1,133,50518,41.56934162080842,48.59886163575491,-7.029520014946485,7.116095482301776,94.37721633402722,TRUE,133
P. falciparum,paper_replica_corrigido,14004,Sudeste de Roraima,RR,2014,2,134,50518,3.958984916267469,40.92005817045111,-36.96107325418364,0,87.26112085172544,TRUE,133
P. falciparum,paper_replica_corrigido,14004,Sudeste de Roraima,RR,2014,3,135,50518,3.958984916267469,42.12639560867124,-38.16741069240377,5.248120418197565,96.06728901107398,FALSE,133
P. falciparum,paper_replica_corrigido,15001,Óbidos,PA,2014,1,133,196298,0,0.5948367737413602,-0.5948367737413602,0,1.4354753745388755,TRUE,133
P. falciparum,paper_replica_corrigido,15001,Óbidos,PA,2014,2,134,196298,1.018859081600424,0.5130911302415133,0.5057679513589106,0,1.2161364746471577,TRUE,133
P. falciparum,paper_replica_corrigido,15001,Óbidos,PA,2014,3,135,196298,0,0.511853518794339,-0.511853518794339,0,1.2161364746471577,TRUE,133
P. falciparum,paper_replica_corrigido,15002,Santarém,PA,2014,1,133,503673,1.9854151403787776,0.3620764074554608,1.6233387329233169,0,0.7625815299664346,FALSE,133
P. falciparum,paper_replica_corrigido,15002,Santarém,PA,2014,2,134,503673,0.7941660561515109,0.3092309302706369,0.484935125880874,0.03385489589196161,0.7109528137311938,FALSE,133
P. falciparum,paper_replica_corrigido,15002,Santarém,PA,2014,3,135,503673,1.3897905982651444,0.3043209893413844,1.08546960892376,0,0.6432430219472707,FALSE,133
P. falciparum,paper_replica_corrigido,15003,Almeirim,PA,2014,1,133,71135,7.028888732691362,7.305103019150247,-0.2762142864588846,0,20.21457294299128,TRUE,133
P. falciparum,paper_replica_corrigido,15003,Almeirim,PA,2014,2,134,71135,4.217333239614817,0.5932267981732517,3.6241064414415654,0,1.6779725711695206,FALSE,133
P. falciparum,paper_replica_corrigido,15003,Almeirim,PA,2014,3,135,71135,0,0.5705229542492501,-0.5705229542492501,0,1.917682938479453,TRUE,133
P. falciparum,paper_replica_corrigido,15004,Portel,PA,2014,1,133,142011,0,8.049308492062588,-8.049308492062588,0,18.985725308686714,TRUE,133
P. falciparum,paper_replica_corrigido,15004,Portel,PA,2014,2,134,142011,0,0.6615769583576752,-0.6615769583576752,0,1.6239978180243515,TRUE,133
P. falciparum,paper_replica_corrigido,15004,Portel,PA,2014,3,135,142011,0,0.6559913085008601,-0.6559913085008601,0,1.5609590857165694,TRUE,133
P. falciparum,paper_replica_corrigido,15005,Furos de Breves,PA,2014,1,133,217765,14.694739742382843,81.27217137836388,-66.57743163598104,45.7896317581309,121.76864218329445,FALSE,133
P. falciparum,paper_replica_corrigido,15005,Furos de Breves,PA,2014,2,134,217765,18.82763529492802,69.80581732560294,-50.97818203067493,34.19261821686476,120.59243262483857,FALSE,133
P. falciparum,paper_replica_corrigido,15005,Furos de Breves,PA,2014,3,135,217765,6.428948637292494,66.84638914691456,-60.41744050962207,35.88470916060821,112.73040031305494,FALSE,133
P. falciparum,paper_replica_corrigido,15006,Arari,PA,2014,1,133,165571,2.4158820083227135,9.698930659559027,-7.283048651236314,0,20.626581103947856,TRUE,133
P. falciparum,paper_replica_corrigido,15006,Arari,PA,2014,2,134,165571,0,8.2720639051036,-8.2720639051036,0,18.4553620403744,TRUE,133
P. falciparum,paper_replica_corrigido,15006,Arari,PA,2014,3,135,165571,0.6039705020806784,7.951901904106005,-7.347931402025326,0,18.4553620403744,TRUE,133
P. falciparum,paper_replica_corrigido,15007,Belém,PA,2014,1,133,2242436,0.08918872155102754,0.04458254912374071,0.04460617242728683,0,0.11084930978259752,TRUE,133
P. falciparum,paper_replica_corrigido,15007,Belém,PA,2014,2,134,2242436,0.04459436077551377,0.03805066807065316,0.006543692704860611,0,0.11084930978259752,TRUE,133
P. falciparum,paper_replica_corrigido,15007,Belém,PA,2014,3,135,2242436,0.04459436077551377,0.0367201904637188,0.007874170311794972,0,0.09699314605977283,TRUE,133
P. falciparum,paper_replica_corrigido,15008,Castanhal,PA,2014,1,133,319481,0,0.051475182806002204,-0.051475182806002204,0,0.19451272754220816,TRUE,133
P. falciparum,paper_replica_corrigido,15008,Castanhal,PA,2014,2,134,319481,0,0.04414890433665602,-0.04414890433665602,0,0.19451272754220816,TRUE,133
P. falciparum,paper_replica_corrigido,15008,Castanhal,PA,2014,3,135,319481,0,0.043214554525391406,-0.043214554525391406,0,0.19451272754220816,TRUE,133
P. falciparum,paper_replica_corrigido,15009,Salgado,PA,2014,1,133,258222,0.7745273446879041,0.03528970837046468,0.7392376363174394,0,0.24065773136259577,FALSE,133
P. falciparum,paper_replica_corrigido,15009,Salgado,PA,2014,2,134,258222,0,0.029912240200929432,-0.029912240200929432,0,0.12032886568129786,TRUE,133
P. falciparum,paper_replica_corrigido,15009,Salgado,PA,2014,3,135,258222,0,0.02931560296362478,-0.02931560296362478,0,0.12032886568129786,TRUE,133
P. falciparum,paper_replica_corrigido,15010,Bragantina,PA,2014,1,133,401712,0,0.10622088000976505,-0.10622088000976505,0,0.3499990306529322,TRUE,133
P. falciparum,paper_replica_corrigido,15010,Bragantina,PA,2014,2,134,401712,0,0.08917419777921506,-0.08917419777921506,0,0.3093914083119858,TRUE,133
P. falciparum,paper_replica_corrigido,15010,Bragantina,PA,2014,3,135,401712,0,0.0866733199787945,-0.0866733199787945,0,0.3093914083119858,TRUE,133
P. falciparum,paper_replica_corrigido,15011,Cametá,PA,2014,1,133,466929,0,0.19918188612018256,-0.19918188612018256,0,0.5112665045441336,TRUE,133
P. falciparum,paper_replica_corrigido,15011,Cametá,PA,2014,2,134,466929,0,0.17223340343685753,-0.17223340343685753,0,0.45740092638680435,TRUE,133
P. falciparum,paper_replica_corrigido,15011,Cametá,PA,2014,3,135,466929,0.21416532277926623,0.3083812774264668,-0.09421595464720059,0,0.7985340902952553,TRUE,133
P. falciparum,paper_replica_corrigido,15012,Tomé-Açu,PA,2014,1,133,314645,0,0.47263015478731496,-0.47263015478731496,0,1.003939484270896,TRUE,133
P. falciparum,paper_replica_corrigido,15012,Tomé-Açu,PA,2014,2,134,314645,0.3178184938581576,0.41102922449429247,-0.09321073063613489,0,0.9497457199377842,TRUE,133
P. falciparum,paper_replica_corrigido,15012,Tomé-Açu,PA,2014,3,135,314645,0,0.3987904425740347,-0.3987904425740347,0,0.9497457199377842,TRUE,133
P. falciparum,paper_replica_corrigido,15013,Guamá,PA,2014,1,133,455970,0,9.243792904014676,-9.243792904014676,2.158269996790023,17.34500088744493,FALSE,133
P. falciparum,paper_replica_corrigido,15013,Guamá,PA,2014,2,134,455970,0,7.855589123800054,-7.855589123800054,1.9710228281187416,15.580935456278645,FALSE,133
P. falciparum,paper_replica_corrigido,15013,Guamá,PA,2014,3,135,455970,0,7.694196724783602,-7.694196724783602,1.1826136968712453,15.580935456278645,FALSE,133
P. falciparum,paper_replica_corrigido,15014,Itaituba,PA,2014,1,133,213536,121.7593286377941,106.92345037213329,14.83587826566081,62.6898640967852,157.40858793016224,TRUE,133
P. falciparum,paper_replica_corrigido,15014,Itaituba,PA,2014,2,134,213536,68.37254608122284,90.35733046650769,-21.984784385284854,49.66367212769825,148.149259228388,TRUE,133
P. falciparum,paper_replica_corrigido,15014,Itaituba,PA,2014,3,135,213536,51.98186722613517,92.2394220960983,-40.25755486996312,53.430535395010956,158.69226759109,FALSE,133
P. falciparum,paper_replica_corrigido,15015,Altamira,PA,2014,1,133,290730,3.4396175145323844,24.618394120343364,-21.17877660581098,8.918337287978947,43.92706165066922,FALSE,133
P. falciparum,paper_replica_corrigido,15015,Altamira,PA,2014,2,134,290730,3.0956557630791455,21.869090625082276,-18.77343486200313,8.949250068873154,38.36276108971183,FALSE,133
P. falciparum,paper_replica_corrigido,15015,Altamira,PA,2014,3,135,290730,2.407732260172669,21.072105039282924,-18.664372779110256,8.949250068873154,37.41992127243851,FALSE,133
P. falciparum,paper_replica_corrigido,15016,Tucuruí,PA,2014,1,133,356928,0,30.09184569202107,-30.09184569202107,14.604116846636733,49.112637774767144,FALSE,133
P. falciparum,paper_replica_corrigido,15016,Tucuruí,PA,2014,2,134,356928,0,27.443234697319355,-27.443234697319355,12.086165666182122,46.83389195645573,FALSE,133
P. falciparum,paper_replica_corrigido,15016,Tucuruí,PA,2014,3,135,356928,0.2801685493993186,26.95867051063974,-26.678501961240425,11.31819055614347,45.587506122130684,FALSE,133
P. falciparum,paper_replica_corrigido,15017,Paragominas,PA,2014,1,133,322755,1.2393301420582177,12.639589099316348,-11.40025895725813,2.7845495156924067,21.71948622240077,FALSE,133
P. falciparum,paper_replica_corrigido,15017,Paragominas,PA,2014,2,134,322755,0.6196650710291087,11.32173186476838,-10.70206679373927,2.7845495156924067,21.162576319262293,FALSE,133
P. falciparum,paper_replica_corrigido,15017,Paragominas,PA,2014,3,135,322755,0,11.273443797498706,-11.273443797498706,2.7845495156924067,23.125683727825425,FALSE,133
P. falciparum,paper_replica_corrigido,15018,São Félix do Xingu,PA,2014,1,133,193850,0,0.2065305036853204,-0.2065305036853204,0,0.615747118133319,TRUE,133
P. falciparum,paper_replica_corrigido,15018,São Félix do Xingu,PA,2014,2,134,193850,0,0.18740153970469592,-0.18740153970469592,0,0.615747118133319,TRUE,133
P. falciparum,paper_replica_corrigido,15018,São Félix do Xingu,PA,2014,3,135,193850,0.5158627805003869,0.18063625836090744,0.33522652213947945,0,0.615747118133319,TRUE,133
P. falciparum,paper_replica_corrigido,15019,Parauapebas,PA,2014,1,133,292211,0,0.33627463823102777,-0.33627463823102777,0,0.816961571262847,TRUE,133
P. falciparum,paper_replica_corrigido,15019,Parauapebas,PA,2014,2,134,292211,0.34221846542395734,0.30697417083536477,0.03524429458859257,0,0.789243232237856,TRUE,133
P. falciparum,paper_replica_corrigido,15019,Parauapebas,PA,2014,3,135,292211,0,0.29467418565825715,-0.29467418565825715,0,0.7308888342905099,TRUE,133
P. falciparum,paper_replica_corrigido,15020,Marabá,PA,2014,1,133,309469,0,0.489824713757538,-0.489824713757538,0,1.020730797037558,TRUE,133
P. falciparum,paper_replica_corrigido,15020,Marabá,PA,2014,2,134,309469,0.32313414267664936,0.45061198730977675,-0.1274778446331274,0,1.1309311529930302,TRUE,133
P. falciparum,paper_replica_corrigido,15020,Marabá,PA,2014,3,135,309469,0.32313414267664936,0.4361909964654771,-0.11305685378882774,0,0.9367030256215121,TRUE,133
P. falciparum,paper_replica_corrigido,15021,Redenção,PA,2014,1,133,188791,0.5296862668241601,0.20325231648356898,0.3264339503405911,0,0.6583271523315436,TRUE,133
P. falciparum,paper_replica_corrigido,15021,Redenção,PA,2014,2,134,188791,0.5296862668241601,0.180104888776328,0.34958137804783207,0,0.6583271523315436,TRUE,133
P. falciparum,paper_replica_corrigido,15021,Redenção,PA,2014,3,135,188791,0,0.17810504697975063,-0.17810504697975063,0,0.6583271523315436,TRUE,133
P. falciparum,paper_replica_corrigido,15022,Conceição do Araguaia,PA,2014,1,133,149806,0,10.212926095115186,-10.212926095115186,0,22.22731111212303,TRUE,133
P. falciparum,paper_replica_corrigido,15022,Conceição do Araguaia,PA,2014,2,134,149806,0,8.979226110892347,-8.979226110892347,0,19.827601410409343,TRUE,133
P. falciparum,paper_replica_corrigido,15022,Conceição do Araguaia,PA,2014,3,135,149806,0,8.87137122787467,-8.87137122787467,0,20.397532464566368,TRUE,133
P. falciparum,paper_replica_corrigido,16001,Oiapoque,AP,2014,1,133,33607,124.97396375755052,251.7954396920902,-126.82147593453969,128.36286901237997,422.52777716575065,FALSE,133
P. falciparum,paper_replica_corrigido,16001,Oiapoque,AP,2014,2,134,33607,53.56027018180736,216.7002496657552,-163.13997948394783,77.41885537309167,395.78551278817156,FALSE,133
P. falciparum,paper_replica_corrigido,16001,Oiapoque,AP,2014,3,135,33607,23.804564525247716,221.1289203802484,-197.32435585500068,90.65627623999336,419.98726204988054,FALSE,133
P. falciparum,paper_replica_corrigido,16002,Amapá,AP,2014,1,133,27711,0,34.410332172830316,-34.410332172830316,0,84.32358721218964,TRUE,133
P. falciparum,paper_replica_corrigido,16002,Amapá,AP,2014,2,134,27711,3.6086752553137744,29.477519764667733,-25.86884450935396,0,74.75610327849874,TRUE,133
P. falciparum,paper_replica_corrigido,16002,Amapá,AP,2014,3,135,27711,0,28.82117922193065,-28.82117922193065,0,77.8371574266366,TRUE,133
P. falciparum,paper_replica_corrigido,16003,Macapá,AP,2014,1,133,611615,8.011575909681744,17.16822758437131,-9.156651674689565,7.641051724490038,28.367404527169256,TRUE,133
P. falciparum,paper_replica_corrigido,16003,Macapá,AP,2014,2,134,611615,4.905046475315354,14.712300780578182,-9.807254305262829,6.605101442612062,26.897971503228867,FALSE,133
P. falciparum,paper_replica_corrigido,16003,Macapá,AP,2014,3,135,611615,5.395551122846888,14.308339488121478,-8.91278836527459,6.311214837823984,27.50043904304441,FALSE,133
P. falciparum,paper_replica_corrigido,16004,Mazagão,AP,2014,1,133,77979,43.60148245040331,44.622325508738676,-1.020843058335366,8.010047049352078,84.19193337484441,TRUE,133
P. falciparum,paper_replica_corrigido,16004,Mazagão,AP,2014,2,134,77979,33.342310109131944,38.272518374643695,-4.930208265511752,6.915148531814741,76.06663384996214,TRUE,133
P. falciparum,paper_replica_corrigido,16004,Mazagão,AP,2014,3,135,77979,30.777517023814102,37.1837265024797,-6.406209478665598,4.610099021209827,77.27678484302967,TRUE,133
P. falciparum,paper_replica_corrigido,17001,Bico do Papagaio,TO,2014,1,133,209048,0,0.07499896067543364,-0.07499896067543364,0,0.29726723387888054,TRUE,133
P. falciparum,paper_replica_corrigido,17001,Bico do Papagaio,TO,2014,2,134,209048,0,0.06621503567613139,-0.06621503567613139,0,0.29726723387888054,TRUE,133
P. falciparum,paper_replica_corrigido,17001,Bico do Papagaio,TO,2014,3,135,209048,0,0.06627604037144078,-0.06627604037144078,0,0.29726723387888054,TRUE,133
P. falciparum,paper_replica_corrigido,17002,Araguaína,TO,2014,1,133,302864,0,0.061846692317014264,-0.061846692317014264,0,0.30777735571698295,TRUE,133
P. falciparum,paper_replica_corrigido,17002,Araguaína,TO,2014,2,134,302864,0,0.05556821796834896,-0.05556821796834896,0,0.20518490381132196,TRUE,133
P. falciparum,paper_replica_corrigido,17002,Araguaína,TO,2014,3,135,302864,0,0.05540567018907877,-0.05540567018907877,0,0.20518490381132196,TRUE,133
P. falciparum,paper_replica_corrigido,17003,Miracema do Tocantins,TO,2014,1,133,148107,0,0.05874755836917114,-0.05874755836917114,0,0.4195826038466258,TRUE,133
P. falciparum,paper_replica_corrigido,17003,Miracema do Tocantins,TO,2014,2,134,148107,0,0.05114354443947231,-0.05114354443947231,0,0.2097913019233129,TRUE,133
P. falciparum,paper_replica_corrigido,17003,Miracema do Tocantins,TO,2014,3,135,148107,0,0.051401123571032,-0.051401123571032,0,0.2097913019233129,TRUE,133
P. falciparum,paper_replica_corrigido,17004,Rio Formoso,TO,2014,1,133,123649,0,0.059478904279779435,-0.059478904279779435,0,0.25128840794471535,TRUE,133
P. falciparum,paper_replica_corrigido,17004,Rio Formoso,TO,2014,2,134,123649,0,0.050937764883506015,-0.050937764883506015,0,0.25128840794471535,TRUE,133
P. falciparum,paper_replica_corrigido,17004,Rio Formoso,TO,2014,3,135,123649,0,0.051359986320648685,-0.051359986320648685,0,0.25128840794471535,TRUE,133
P. falciparum,paper_replica_corrigido,17005,Gurupi,TO,2014,1,133,146042,0,0.007714340620759179,-0.007714340620759179,0,0,TRUE,133
P. falciparum,paper_replica_corrigido,17005,Gurupi,TO,2014,2,134,146042,0,0.006732834154544586,-0.006732834154544586,0,0,TRUE,133
P. falciparum,paper_replica_corrigido,17005,Gurupi,TO,2014,3,135,146042,0,0.006699716323492764,-0.006699716323492764,0,0,TRUE,133
P. falciparum,paper_replica_corrigido,17006,Porto Nacional,TO,2014,1,133,366873,0,0.021063179217369377,-0.021063179217369377,0,0.08469296010869186,TRUE,133
P. falciparum,paper_replica_corrigido,17006,Porto Nacional,TO,2014,2,134,366873,0,0.018426841695328124,-0.018426841695328124,0,0.08469296010869186,TRUE,133
P. falciparum,paper_replica_corrigido,17006,Porto Nacional,TO,2014,3,135,366873,0,0.018268855626618143,-0.018268855626618143,0,0.08469296010869186,TRUE,133
P. falciparum,paper_replica_corrigido,17007,Jalapão,TO,2014,1,133,77087,0,0.0016007751883199907,-0.0016007751883199907,0,0,TRUE,133
P. falciparum,paper_replica_corrigido,17007,Jalapão,TO,2014,2,134,77087,0,0.0014355083523458873,-0.0014355083523458873,0,0,TRUE,133
P. falciparum,paper_replica_corrigido,17007,Jalapão,TO,2014,3,135,77087,0,0.0014263375744557872,-0.0014263375744557872,0,0,TRUE,133
P. falciparum,paper_replica_corrigido,17008,Dianópolis,TO,2014,1,133,123210,0,6.242581011331432e-4,-6.242581011331432e-4,0,0,TRUE,133
P. falciparum,paper_replica_corrigido,17008,Dianópolis,TO,2014,2,134,123210,0,5.420751864790343e-4,-5.420751864790343e-4,0,0,TRUE,133
P. falciparum,paper_replica_corrigido,17008,Dianópolis,TO,2014,3,135,123210,0,5.249607499221455e-4,-5.249607499221455e-4,0,0,TRUE,133
P. falciparum,paper_replica_corrigido,21001,Litoral Ocidental Maranhense,MA,2014,1,133,186768,0,0.011908863516144964,-0.011908863516144964,0,0.1663644754666544,TRUE,133
P. falciparum,paper_replica_corrigido,21001,Litoral Ocidental Maranhense,MA,2014,2,134,186768,0,0.010497622954972212,-0.010497622954972212,0,0.1663644754666544,TRUE,133
P. falciparum,paper_replica_corrigido,21001,Litoral Ocidental Maranhense,MA,2014,3,135,186768,0,0.010126112166359292,-0.010126112166359292,0,0.1663644754666544,TRUE,133
P. falciparum,paper_replica_corrigido,21002,Aglomeração Urbana de São Luís,MA,2014,1,133,1381459,0,0.009958207892655764,-0.009958207892655764,0,0.04498368804858647,TRUE,133
P. falciparum,paper_replica_corrigido,21002,Aglomeração Urbana de São Luís,MA,2014,2,134,1381459,0,0.008762301343413863,-0.008762301343413863,0,0.04498368804858647,TRUE,133
P. falciparum,paper_replica_corrigido,21002,Aglomeração Urbana de São Luís,MA,2014,3,135,1381459,0,0.008422415812492152,-0.008422415812492152,0,0.04498368804858647,TRUE,133
P. falciparum,paper_replica_corrigido,21003,Rosário,MA,2014,1,133,170773,0,0.009988418178690861,-0.009988418178690861,0,0.18194656271164708,TRUE,133
P. falciparum,paper_replica_corrigido,21003,Rosário,MA,2014,2,134,170773,0.5855726607836134,0.008804569320634061,0.5767680914629792,0,0,FALSE,133
P. falciparum,paper_replica_corrigido,21003,Rosário,MA,2014,3,135,170773,0,0.008406916383123663,-0.008406916383123663,0,0.18194656271164708,TRUE,133
P. falciparum,paper_replica_corrigido,21004,Lençóis Maranhenses,MA,2014,1,133,189098,0,0.010760624321470716,-0.010760624321470716,0,0.16431459007475546,TRUE,133
P. falciparum,paper_replica_corrigido,21004,Lençóis Maranhenses,MA,2014,2,134,189098,0,0.009406915654728468,-0.009406915654728468,0,0.16431459007475546,TRUE,133
P. falciparum,paper_replica_corrigido,21004,Lençóis Maranhenses,MA,2014,3,135,189098,0,0.009091887673141006,-0.009091887673141006,0,0.16431459007475546,TRUE,133
P. falciparum,paper_replica_corrigido,21005,Baixada Maranhense,MA,2014,1,133,585881,0.5120493752144207,0.23124605655240693,0.2808033186620138,0,0.4947771793863663,FALSE,133
P. falciparum,paper_replica_corrigido,21005,Baixada Maranhense,MA,2014,2,134,585881,0.17068312507147357,0.20164599743699796,-0.03096287236552439,0,0.46567263942246245,TRUE,133
P. falciparum,paper_replica_corrigido,21005,Baixada Maranhense,MA,2014,3,135,585881,0,0.19907748384341944,-0.19907748384341944,0,0.4947771793863663,TRUE,133
P. falciparum,paper_replica_corrigido,21006,Itapecuru Mirim,MA,2014,1,133,226672,0,0.08135530558325497,-0.08135530558325497,0,0.3461198996512073,TRUE,133
P. falciparum,paper_replica_corrigido,21006,Itapecuru Mirim,MA,2014,2,134,226672,0,0.07048060294056448,-0.07048060294056448,0,0.27415437596135483,TRUE,133
P. falciparum,paper_replica_corrigido,21006,Itapecuru Mirim,MA,2014,3,135,226672,0,0.06795946266293562,-0.06795946266293562,0,0.27415437596135483,TRUE,133
P. falciparum,paper_replica_corrigido,21007,Gurupi,MA,2014,1,133,233474,0.8566264337784935,0.5958843202730609,0.2607421135054325,0,1.3529752307683773,TRUE,133
P. falciparum,paper_replica_corrigido,21007,Gurupi,MA,2014,2,134,233474,1.2849396506677402,0.5181376909592008,0.7668019597085394,0,1.241596702999322,FALSE,133
P. falciparum,paper_replica_corrigido,21007,Gurupi,MA,2014,3,135,233474,0.8566264337784935,0.505922910620354,0.35070352315813946,0,1.241596702999322,TRUE,133
P. falciparum,paper_replica_corrigido,21008,Pindaré,MA,2014,1,133,648120,1.388631734863914,0.17999923603929568,1.2086324988246182,0,0.39464444034882384,FALSE,133
P. falciparum,paper_replica_corrigido,21008,Pindaré,MA,2014,2,134,648120,1.234339319879035,0.29121955886392553,0.9431197610151094,0,0.6711748518104449,FALSE,133
P. falciparum,paper_replica_corrigido,21008,Pindaré,MA,2014,3,135,648120,1.234339319879035,0.28995025628675314,0.9443890635922818,0,0.6711748518104449,FALSE,133
P. falciparum,paper_replica_corrigido,21009,Imperatriz,MA,2014,1,133,583526,0.5141159091454366,0.08807492981283695,0.42604097933259966,0,0.2662397249990241,FALSE,133
P. falciparum,paper_replica_corrigido,21009,Imperatriz,MA,2014,2,134,583526,0.342743939430291,0.0789407383213165,0.26380320110897454,0,0.21299177999921928,FALSE,133
P. falciparum,paper_replica_corrigido,21009,Imperatriz,MA,2014,3,135,583526,0,0.07973186851946865,-0.07973186851946865,0,0.2662397249990241,TRUE,133
P. falciparum,paper_replica_corrigido,21010,Médio Mearim,MA,2014,1,133,415623,1.20301330773321,0.21820786315233426,0.9848054445808756,0,0.5980720095655171,FALSE,133
P. falciparum,paper_replica_corrigido,21010,Médio Mearim,MA,2014,2,134,415623,0.24060266154664203,0.19702377490169318,0.043578886644948855,0,0.5233130083698274,TRUE,133
P. falciparum,paper_replica_corrigido,21010,Médio Mearim,MA,2014,3,135,415623,0.24060266154664203,0.1923361077961679,0.048266553750474145,0,0.5625614839975628,TRUE,133
P. falciparum,paper_replica_corrigido,21011,Alto Mearim e Grajaú,MA,2014,1,133,323562,1.5452988917116348,0.09673921828988084,1.448559673421754,0,0.3841187822297563,FALSE,133
P. falciparum,paper_replica_corrigido,21011,Alto Mearim e Grajaú,MA,2014,2,134,323562,1.2362391133693078,0.08641686130865965,1.1498222520606483,0,0.28808908667231725,FALSE,133
P. falciparum,paper_replica_corrigido,21011,Alto Mearim e Grajaú,MA,2014,3,135,323562,0,0.08687904411328332,-0.08687904411328332,0,0.3841187822297563,TRUE,133
P. falciparum,paper_replica_corrigido,21012,Presidente Dutra,MA,2014,1,133,194658,1.0274430025994308,0.2175771535000853,0.8098658490993454,0,0.6384851453103619,FALSE,133
P. falciparum,paper_replica_corrigido,21012,Presidente Dutra,MA,2014,2,134,194658,0.5137215012997154,0.1947203006167478,0.31900120068296756,0,0.6384851453103619,TRUE,133
P. falciparum,paper_replica_corrigido,21012,Presidente Dutra,MA,2014,3,135,194658,1.0274430025994308,0.19211521361679337,0.8353277889826374,0,0.6384851453103619,FALSE,133
P. falciparum,paper_replica_corrigido,21013,Baixo Parnaíba Maranhense,MA,2014,1,133,141167,2.1251425616468436,0.08725032940478257,2.037892232242061,0,0.4402099690998054,FALSE,133
P. falciparum,paper_replica_corrigido,21013,Baixo Parnaíba Maranhense,MA,2014,2,134,141167,0,0.07485730156164161,-0.07485730156164161,0,0.4402099690998054,TRUE,133
P. falciparum,paper_replica_corrigido,21013,Baixo Parnaíba Maranhense,MA,2014,3,135,141167,0,0.07248745225450755,-0.07248745225450755,0,0.33566010143859654,TRUE,133
P. falciparum,paper_replica_corrigido,21014,Chapadinha,MA,2014,1,133,236667,0,0.040164544625270825,-0.040164544625270825,0,0.2625761965458311,TRUE,133
P. falciparum,paper_replica_corrigido,21014,Chapadinha,MA,2014,2,134,236667,0.4225346161484279,0.034414395775123896,0.388120220373304,0,0.13128809827291554,FALSE,133
P. falciparum,paper_replica_corrigido,21014,Chapadinha,MA,2014,3,135,236667,0.8450692322968558,0.0333027142279091,0.8117665180689467,0,0.13128809827291554,FALSE,133
P. falciparum,paper_replica_corrigido,21015,Codó,MA,2014,1,133,271051,0,0.13296593039124235,-0.13296593039124235,0,0.45853452455746124,TRUE,133
P. falciparum,paper_replica_corrigido,21015,Codó,MA,2014,2,134,271051,0.3689342596042811,0.11989897047973781,0.2490352891245433,0,0.45853452455746124,TRUE,133
P. falciparum,paper_replica_corrigido,21015,Codó,MA,2014,3,135,271051,0,0.11643500738742321,-0.11643500738742321,0,0.45853452455746124,TRUE,133
P. falciparum,paper_replica_corrigido,21016,Coelho Neto,MA,2014,1,133,90879,0,0.012252027478486577,-0.012252027478486577,0,0,TRUE,133
P. falciparum,paper_replica_corrigido,21016,Coelho Neto,MA,2014,2,134,90879,0,0.010562262496510284,-0.010562262496510284,0,0,TRUE,133
P. falciparum,paper_replica_corrigido,21016,Coelho Neto,MA,2014,3,135,90879,0,0.010257847279830288,-0.010257847279830288,0,0,TRUE,133
P. falciparum,paper_replica_corrigido,21017,Caxias,MA,2014,1,133,431688,0,0.07042324204901772,-0.07042324204901772,0,0.21593067461191492,TRUE,133
P. falciparum,paper_replica_corrigido,21017,Caxias,MA,2014,2,134,431688,0,0.06339853507611758,-0.06339853507611758,0,0.21593067461191492,TRUE,133
P. falciparum,paper_replica_corrigido,21017,Caxias,MA,2014,3,135,431688,0,0.0624462807814211,-0.0624462807814211,0,0.21593067461191492,TRUE,133
P. falciparum,paper_replica_corrigido,21018,Chapadas do Alto Itapecuru,MA,2014,1,133,215316,0,0.06930973517227547,-0.06930973517227547,0,0.2886135758973426,TRUE,133
P. falciparum,paper_replica_corrigido,21018,Chapadas do Alto Itapecuru,MA,2014,2,134,215316,0,0.06281076139601446,-0.06281076139601446,0,0.2886135758973426,TRUE,133
P. falciparum,paper_replica_corrigido,21018,Chapadas do Alto Itapecuru,MA,2014,3,135,215316,0,0.06146128360143554,-0.06146128360143554,0,0.2886135758973426,TRUE,133
P. falciparum,paper_replica_corrigido,21019,Porto Franco,MA,2014,1,133,116059,0.8616307223050345,0.05418987096952659,0.8074408513355079,0,0.2677221099092367,FALSE,133
P. falciparum,paper_replica_corrigido,21019,Porto Franco,MA,2014,2,134,116059,0,0.04874285391973271,-0.04874285391973271,0,0.2677221099092367,TRUE,133
P. falciparum,paper_replica_corrigido,21019,Porto Franco,MA,2014,3,135,116059,0,0.04896432354887118,-0.04896432354887118,0,0.2677221099092367,TRUE,133
P. falciparum,paper_replica_corrigido,21020,Gerais de Balsas,MA,2014,1,133,138048,0,0.006156885132373843,-0.006156885132373843,0,0,TRUE,133
P. falciparum,paper_replica_corrigido,21020,Gerais de Balsas,MA,2014,2,134,138048,0,0.005568891176222676,-0.005568891176222676,0,0,TRUE,133
P. falciparum,paper_replica_corrigido,21020,Gerais de Balsas,MA,2014,3,135,138048,0,0.005484178942863844,-0.005484178942863844,0,0,TRUE,133
P. falciparum,paper_replica_corrigido,21021,Chapadas das Mangabeiras,MA,2014,1,133,70395,0,0.002939743234829889,-0.002939743234829889,0,0,TRUE,133
P. falciparum,paper_replica_corrigido,21021,Chapadas das Mangabeiras,MA,2014,2,134,70395,0,0.0026310629131846733,-0.0026310629131846733,0,0,TRUE,133
P. falciparum,paper_replica_corrigido,21021,Chapadas das Mangabeiras,MA,2014,3,135,70395,0,0.0026210937303271153,-0.0026210937303271153,0,0,TRUE,133
P. falciparum,paper_replica_corrigido,51001,Aripuanã,MT,2014,1,133,152295,0,19.840553617155777,-19.840553617155777,2.9211070821364133,38.94809442848549,FALSE,133
P. falciparum,paper_replica_corrigido,51001,Aripuanã,MT,2014,2,134,152295,0.6566203749302341,17.624245070256798,-16.967624695326563,1.740861796424732,36.58760385706213,FALSE,133
P. falciparum,paper_replica_corrigido,51001,Aripuanã,MT,2014,3,135,152295,0,17.91134400403275,-17.91134400403275,1.740861796424732,38.387477917772415,FALSE,133
P. falciparum,paper_replica_corrigido,51002,Alta Floresta,MT,2014,1,133,102328,2.9317488859354235,0.17315410050722935,2.758594785428194,0,0.6665544906024542,FALSE,133
P. falciparum,paper_replica_corrigido,51002,Alta Floresta,MT,2014,2,134,102328,0,0.27435973979950473,-0.27435973979950473,0,0.9109401245198608,TRUE,133
P. falciparum,paper_replica_corrigido,51002,Alta Floresta,MT,2014,3,135,102328,0,0.2804683057788683,-0.2804683057788683,0,0.9109401245198608,TRUE,133
P. falciparum,paper_replica_corrigido,51003,Colíder,MT,2014,1,133,148564,2.6924423144234133,0.20711415906211936,2.485328155361294,0,0.5738872465264795,FALSE,133
P. falciparum,paper_replica_corrigido,51003,Colíder,MT,2014,2,134,148564,0.6731105786058533,0.18751224134136443,0.48559833726448887,0,0.5738872465264795,FALSE,133
P. falciparum,paper_replica_corrigido,51003,Colíder,MT,2014,3,135,148564,0,0.18252612283315345,-0.18252612283315345,0,0.5738872465264795,TRUE,133
P. falciparum,paper_replica_corrigido,51004,Parecis,MT,2014,1,133,99190,0,0.13681446610980477,-0.13681446610980477,0,0.626505904908884,TRUE,133
P. falciparum,paper_replica_corrigido,51004,Parecis,MT,2014,2,134,99190,0,0.12100195568140745,-0.12100195568140745,0,0.626505904908884,TRUE,133
P. falciparum,paper_replica_corrigido,51004,Parecis,MT,2014,3,135,99190,0,0.12860907233435956,-0.12860907233435956,0,0.626505904908884,TRUE,133
P. falciparum,paper_replica_corrigido,51005,Arinos,MT,2014,1,133,78503,0,0.18576187945239162,-0.18576187945239162,0,0.7916018586284883,TRUE,133
P. falciparum,paper_replica_corrigido,51005,Arinos,MT,2014,2,134,78503,0,0.16349645838665247,-0.16349645838665247,0,0.7916018586284883,TRUE,133
P. falciparum,paper_replica_corrigido,51005,Arinos,MT,2014,3,135,78503,0,0.16969242997056921,-0.16969242997056921,0,0.7916018586284883,TRUE,133
P. falciparum,paper_replica_corrigido,51006,Alto Teles Pires,MT,2014,1,133,223705,0.44701727721776446,0.09842123623445419,0.34859604098331026,0,0.4166857292499868,FALSE,133
P. falciparum,paper_replica_corrigido,51006,Alto Teles Pires,MT,2014,2,134,223705,0.8940345544355289,0.08740566862752583,0.8066288858080031,0,0.4166857292499868,FALSE,133
P. falciparum,paper_replica_corrigido,51006,Alto Teles Pires,MT,2014,3,135,223705,0,0.09057302975044645,-0.09057302975044645,0,0.3507104887854025,TRUE,133
P. falciparum,paper_replica_corrigido,51007,Sinop,MT,2014,1,133,187978,0,0.07731152072434394,-0.07731152072434394,0,0.33058720013997495,TRUE,133
P. falciparum,paper_replica_corrigido,51007,Sinop,MT,2014,2,134,187978,0,0.0688086701893781,-0.0688086701893781,0,0.33058720013997495,TRUE,133
P. falciparum,paper_replica_corrigido,51007,Sinop,MT,2014,3,135,187978,0,0.06777401506823169,-0.06777401506823169,0,0.33058720013997495,TRUE,133
P. falciparum,paper_replica_corrigido,51008,Paranatinga,MT,2014,1,133,34407,0,0.008121467087421078,-0.008121467087421078,0,0,TRUE,133
P. falciparum,paper_replica_corrigido,51008,Paranatinga,MT,2014,2,134,34407,0,0.007079932554820571,-0.007079932554820571,0,0,TRUE,133
P. falciparum,paper_replica_corrigido,51008,Paranatinga,MT,2014,3,135,34407,0,0.0073079421367306,-0.0073079421367306,0,0,TRUE,133
P. falciparum,paper_replica_corrigido,51009,Norte Araguaia,MT,2014,1,133,121056,0,0.027802736953766283,-0.027802736953766283,0,0.2566709651232166,TRUE,133
P. falciparum,paper_replica_corrigido,51009,Norte Araguaia,MT,2014,2,134,121056,0,0.02395420680855843,-0.02395420680855843,0,0.2566709651232166,TRUE,133
P. falciparum,paper_replica_corrigido,51009,Norte Araguaia,MT,2014,3,135,121056,0,0.02391762768131032,-0.02391762768131032,0,0.2566709651232166,TRUE,133
P. falciparum,paper_replica_corrigido,51010,Canarana,MT,2014,1,133,106676,0,0.005048635674711181,-0.005048635674711181,0,0,TRUE,133
P. falciparum,paper_replica_corrigido,51010,Canarana,MT,2014,2,134,106676,0,0.004417742683920626,-0.004417742683920626,0,0,TRUE,133
P. falciparum,paper_replica_corrigido,51010,Canarana,MT,2014,3,135,106676,0,0.004517408379235421,-0.004517408379235421,0,0,TRUE,133
P. falciparum,paper_replica_corrigido,51011,Médio Araguaia,MT,2014,1,133,66734,0,0.001358274359932873,-0.001358274359932873,0,0,TRUE,133
P. falciparum,paper_replica_corrigido,51011,Médio Araguaia,MT,2014,2,134,66734,0,0.0011315655983208592,-0.0011315655983208592,0,0,TRUE,133
P. falciparum,paper_replica_corrigido,51011,Médio Araguaia,MT,2014,3,135,66734,0,0.0011575702657432001,-0.0011575702657432001,0,0,TRUE,133
P. falciparum,paper_replica_corrigido,51012,Alto Guaporé,MT,2014,1,133,70719,0,0.13673900652567125,-0.13673900652567125,0,0.8787330237688912,TRUE,133
P. falciparum,paper_replica_corrigido,51012,Alto Guaporé,MT,2014,2,134,70719,0,0.11643337125443592,-0.11643337125443592,0,0.43936651188444553,TRUE,133
P. falciparum,paper_replica_corrigido,51012,Alto Guaporé,MT,2014,3,135,70719,0,0.12172677644406753,-0.12172677644406753,0,0.43936651188444553,TRUE,133
P. falciparum,paper_replica_corrigido,51013,Tangará da Serra,MT,2014,1,133,156519,0,0.026157448563978395,-0.026157448563978395,0,0.19851622073969363,TRUE,133
P. falciparum,paper_replica_corrigido,51013,Tangará da Serra,MT,2014,2,134,156519,0,0.02296541519665681,-0.02296541519665681,0,0.19851622073969363,TRUE,133
P. falciparum,paper_replica_corrigido,51013,Tangará da Serra,MT,2014,3,135,156519,0,0.024044914234370794,-0.024044914234370794,0,0.19851622073969363,TRUE,133
P. falciparum,paper_replica_corrigido,51014,Jauru,MT,2014,1,133,107828,0,0.01661540016610899,-0.01661540016610899,0,0.2881585520825398,TRUE,133
P. falciparum,paper_replica_corrigido,51014,Jauru,MT,2014,2,134,107828,0,0.014146594308510558,-0.014146594308510558,0,0.2881585520825398,TRUE,133
P. falciparum,paper_replica_corrigido,51014,Jauru,MT,2014,3,135,107828,0,0.014861927256706185,-0.014861927256706185,0,0.2881585520825398,TRUE,133
P. falciparum,paper_replica_corrigido,51015,Alto Paraguai,MT,2014,1,133,32657,0,0.011378309596802291,-0.011378309596802291,0,0,TRUE,133
P. falciparum,paper_replica_corrigido,51015,Alto Paraguai,MT,2014,2,134,32657,0,0.010012057600744922,-0.010012057600744922,0,0,TRUE,133
P. falciparum,paper_replica_corrigido,51015,Alto Paraguai,MT,2014,3,135,32657,0,0.010443869026425783,-0.010443869026425783,0,0,TRUE,133
P. falciparum,paper_replica_corrigido,51016,Rosário Oeste,MT,2014,1,133,30560,0,0.01609226266915164,-0.01609226266915164,0,0,TRUE,133
P. falciparum,paper_replica_corrigido,51016,Rosário Oeste,MT,2014,2,134,30560,0,0.014327956809724806,-0.014327956809724806,0,0,TRUE,133
P. falciparum,paper_replica_corrigido,51016,Rosário Oeste,MT,2014,3,135,30560,0,0.01481560644316882,-0.01481560644316882,0,0,TRUE,133
P. falciparum,paper_replica_corrigido,51017,Cuiabá,MT,2014,1,133,890277,0,0.01695612240079205,-0.01695612240079205,0,0.0698020062384092,TRUE,133
P. falciparum,paper_replica_corrigido,51017,Cuiabá,MT,2014,2,134,890277,0,0.015037197992042076,-0.015037197992042076,0,0.0698020062384092,TRUE,133
P. falciparum,paper_replica_corrigido,51017,Cuiabá,MT,2014,3,135,890277,0,0.015620033677754245,-0.015620033677754245,0,0.0698020062384092,TRUE,133
P. falciparum,paper_replica_corrigido,51018,Alto Pantanal,MT,2014,1,133,134727,0,0.011129935170413873,-0.011129935170413873,0,0.23062608351671238,TRUE,133
P. falciparum,paper_replica_corrigido,51018,Alto Pantanal,MT,2014,2,134,134727,0,0.009504851183780734,-0.009504851183780734,0,0.23062608351671238,TRUE,133
P. falciparum,paper_replica_corrigido,51018,Alto Pantanal,MT,2014,3,135,134727,0,0.00986096201347926,-0.00986096201347926,0,0.23062608351671238,TRUE,133
P. falciparum,paper_replica_corrigido,51019,Primavera do Leste,MT,2014,1,133,93250,0,0.0069167058137362975,-0.0069167058137362975,0,0,TRUE,133
P. falciparum,paper_replica_corrigido,51019,Primavera do Leste,MT,2014,2,134,93250,0,0.006140341655492974,-0.006140341655492974,0,0,TRUE,133
P. falciparum,paper_replica_corrigido,51019,Primavera do Leste,MT,2014,3,135,93250,0,0.006320267973081428,-0.006320267973081428,0,0,TRUE,133
P. falciparum,paper_replica_corrigido,51020,Tesouro,MT,2014,1,133,54544,0,0.002655115183494467,-0.002655115183494467,0,0,TRUE,133
P. falciparum,paper_replica_corrigido,51020,Tesouro,MT,2014,2,134,54544,0,0.002278416309596897,-0.002278416309596897,0,0,TRUE,133
P. falciparum,paper_replica_corrigido,51020,Tesouro,MT,2014,3,135,54544,0,0.002310330110771796,-0.002310330110771796,0,0,TRUE,133
P. falciparum,paper_replica_corrigido,51021,Rondonópolis,MT,2014,1,133,294225,0,0.006194605116449379,-0.006194605116449379,0,0.10560475946624559,TRUE,133
P. falciparum,paper_replica_corrigido,51021,Rondonópolis,MT,2014,2,134,294225,0,0.0054095954723318174,-0.0054095954723318174,0,0.10560475946624559,TRUE,133
P. falciparum,paper_replica_corrigido,51021,Rondonópolis,MT,2014,3,135,294225,0,0.005578929416647759,-0.005578929416647759,0,0.10560475946624559,TRUE,133
P. falciparum,paper_replica_corrigido,51022,Alto Araguaia,MT,2014,1,133,37615,0,0.0013727733103908537,-0.0013727733103908537,0,0,TRUE,133
P. falciparum,paper_replica_corrigido,51022,Alto Araguaia,MT,2014,2,134,37615,0,0.0012123492705625194,-0.0012123492705625194,0,0,TRUE,133
P. falciparum,paper_replica_corrigido,51022,Alto Araguaia,MT,2014,3,135,37615,0,0.0012309592435986508,-0.0012309592435986508,0,0,TRUE,133
P. falciparum,paper_replica_corrigido,11001,Porto Velho,RO,2015,1,145,637530,12.548429093532857,47.811670012126115,-35.263240918593254,28.74382259271188,68.22957398171921,FALSE,145
P. falciparum,paper_replica_corrigido,11001,Porto Velho,RO,2015,2,146,637530,10.666164729502926,41.87520917265312,-31.209044443150198,25.76230298586609,65.15642374865828,FALSE,145
P. falciparum,paper_replica_corrigido,11001,Porto Velho,RO,2015,3,147,637530,8.156478910796356,40.50629918536797,-32.34982027457161,23.52087689845011,65.1423267292406,FALSE,145
P. falciparum,paper_replica_corrigido,11002,Guajará-Mirim,RO,2015,1,145,82285,0,15.736040269393975,-15.736040269393975,0,37.13523422722039,TRUE,145
P. falciparum,paper_replica_corrigido,11002,Guajará-Mirim,RO,2015,2,146,82285,0,14.061321066656937,-14.061321066656937,0,33.913206551623276,TRUE,145
P. falciparum,paper_replica_corrigido,11002,Guajará-Mirim,RO,2015,3,147,82285,0,13.631467893057243,-13.631467893057243,0,34.950808684442705,TRUE,145
P. falciparum,paper_replica_corrigido,11003,Ariquemes,RO,2015,1,145,198611,0,54.50587424727495,-54.50587424727495,28.48527131382613,88.2613529747702,FALSE,145
P. falciparum,paper_replica_corrigido,11003,Ariquemes,RO,2015,2,146,198611,0.5034967851730267,47.80829838708116,-47.30480160190813,25.3403525587651,85.97619618152446,FALSE,145
P. falciparum,paper_replica_corrigido,11003,Ariquemes,RO,2015,3,147,198611,0,46.403715998340225,-46.403715998340225,18.530132808596978,88.2613529747702,FALSE,145
P. falciparum,paper_replica_corrigido,11004,Ji-Paraná,RO,2015,1,145,316823,0.31563365033472945,0.626689645610341,-0.31105599527561156,0,1.2661439476344076,TRUE,145
P. falciparum,paper_replica_corrigido,11004,Ji-Paraná,RO,2015,2,146,316823,0,0.5498124240437455,-0.5498124240437455,0.05382120925119698,1.1302453942751367,FALSE,145
P. falciparum,paper_replica_corrigido,11004,Ji-Paraná,RO,2015,3,147,316823,0,0.5307865924119667,-0.5307865924119667,0,1.2917090220287277,TRUE,145
P. falciparum,paper_replica_corrigido,11005,Alvorada D'Oeste,RO,2015,1,145,75169,7.982013862097406,0.27243874159640225,7.709575120501004,0,0.9073845323786126,FALSE,145
P. falciparum,paper_replica_corrigido,11005,Alvorada D'Oeste,RO,2015,2,146,75169,0,0.23980018523839342,-0.23980018523839342,0,0.9073845323786126,TRUE,145
P. falciparum,paper_replica_corrigido,11005,Alvorada D'Oeste,RO,2015,3,147,75169,3.991006931048703,0.22968868103692386,3.7613182500117794,0,0.6805383992839593,FALSE,145
P. falciparum,paper_replica_corrigido,11006,Cacoal,RO,2015,1,145,248619,0.4022218736299317,0.25303571753075327,0.14918615609917846,0,0.6172745156537829,TRUE,145
P. falciparum,paper_replica_corrigido,11006,Cacoal,RO,2015,2,146,248619,0,0.22316019772476656,-0.22316019772476656,0,0.6532821957335853,TRUE,145
P. falciparum,paper_replica_corrigido,11006,Cacoal,RO,2015,3,147,248619,0,0.21719549748814374,-0.21719549748814374,0,0.6172745156537829,TRUE,145
P. falciparum,paper_replica_corrigido,11007,Vilhena,RO,2015,1,145,154743,0.6462327859741636,0.26975847815290876,0.3764743078212548,0,0.803178440484057,TRUE,145
P. falciparum,paper_replica_corrigido,11007,Vilhena,RO,2015,2,146,154743,0,0.23629750694539434,-0.23629750694539434,0,0.803178440484057,TRUE,145
P. falciparum,paper_replica_corrigido,11007,Vilhena,RO,2015,3,147,154743,0,0.23062241063687977,-0.23062241063687977,0,0.9085956107975848,TRUE,145
P. falciparum,paper_replica_corrigido,11008,Colorado do Oeste,RO,2015,1,145,54424,0,0.352726560608593,-0.352726560608593,0,1.2532556944430384,TRUE,145
P. falciparum,paper_replica_corrigido,11008,Colorado do Oeste,RO,2015,2,146,54424,0,0.30789163710342793,-0.30789163710342793,0,1.2532556944430384,TRUE,145
P. falciparum,paper_replica_corrigido,11008,Colorado do Oeste,RO,2015,3,147,54424,0,0.29897931960591895,-0.29897931960591895,0,1.2532556944430384,TRUE,145
P. falciparum,paper_replica_corrigido,12001,Cruzeiro do Sul,AC,2015,1,145,143320,385.1521071727603,175.92772631397017,209.2243808587901,96.56991414760299,258.4812896859866,FALSE,145
P. falciparum,paper_replica_corrigido,12001,Cruzeiro do Sul,AC,2015,2,146,143320,260.95450739603683,167.03017177121396,93.92433562482287,97.82406887679264,253.33925529630918,FALSE,145
P. falciparum,paper_replica_corrigido,12001,Cruzeiro do Sul,AC,2015,3,147,143320,223.97432319285517,159.06567631453223,64.90864687832294,81.52005739732722,259.61002894225743,TRUE,145
P. falciparum,paper_replica_corrigido,12002,Tarauacá,AC,2015,1,145,78713,0,11.443433179123168,-11.443433179123168,0,29.686213525554702,TRUE,145
P. falciparum,paper_replica_corrigido,12002,Tarauacá,AC,2015,2,146,78713,1.2704381741262565,10.918134728650369,-9.647696554524112,0,29.686213525554702,TRUE,145
P. falciparum,paper_replica_corrigido,12002,Tarauacá,AC,2015,3,147,78713,0,10.28296593571198,-10.28296593571198,0,28.601524954428612,TRUE,145
P. falciparum,paper_replica_corrigido,12003,Sena Madureira,AC,2015,1,145,56200,0,0.08801005510533003,-0.08801005510533003,0,0.5528747393942367,TRUE,145
P. falciparum,paper_replica_corrigido,12003,Sena Madureira,AC,2015,2,146,56200,0,0.08382658235854994,-0.08382658235854994,0,0.5528747393942367,TRUE,145
P. falciparum,paper_replica_corrigido,12003,Sena Madureira,AC,2015,3,147,56200,0,0.07939214817855218,-0.07939214817855218,0,0.5528747393942367,TRUE,145
P. falciparum,paper_replica_corrigido,12004,Rio Branco,AC,2015,1,145,460354,0.8688965448328895,0.6146069107919151,0.2542896340409744,0.11112185608417859,1.2223404169259644,TRUE,145
P. falciparum,paper_replica_corrigido,12004,Rio Branco,AC,2015,2,146,460354,0.6516724086246671,0.5674177857837248,0.08425462284094232,0.07408123738945238,1.148259179536512,TRUE,145
P. falciparum,paper_replica_corrigido,12004,Rio Branco,AC,2015,3,147,460354,0.43444827241644474,0.5515034803902567,-0.11705520797381191,0.054634912574721195,1.1112185608417857,TRUE,145
P. falciparum,paper_replica_corrigido,12005,Brasiléia,AC,2015,1,145,64926,0,0.21846083846320746,-0.21846083846320746,0,0.7879030116713789,TRUE,145
P. falciparum,paper_replica_corrigido,12005,Brasiléia,AC,2015,2,146,64926,0,0.20267624958703925,-0.20267624958703925,0,0.7879030116713789,TRUE,145
P. falciparum,paper_replica_corrigido,12005,Brasiléia,AC,2015,3,147,64926,0,0.19539904509142017,-0.19539904509142017,0,0.7879030116713789,TRUE,145
P. falciparum,paper_replica_corrigido,13001,Rio Negro,AM,2015,1,145,110602,67.81070866711272,48.76855437183323,19.042154295279488,12.14803784751874,83.73614048072277,TRUE,145
P. falciparum,paper_replica_corrigido,13001,Rio Negro,AM,2015,2,146,110602,136.5255601164536,44.61842635687604,91.90713375957755,10.522882282633292,82.11098491583732,FALSE,145
P. falciparum,paper_replica_corrigido,13001,Rio Negro,AM,2015,3,147,110602,92.22256378727327,41.080822264704636,51.14174152256864,9.7509333893127,78.86067378606641,FALSE,145
P. falciparum,paper_replica_corrigido,13002,Japurá,AM,2015,1,145,23548,8.493290300662476,13.199005139069094,-4.705714838406617,0,38.165758405694866,TRUE,145
P. falciparum,paper_replica_corrigido,13002,Japurá,AM,2015,2,146,23548,8.493290300662476,12.399560204761706,-3.9062699040992293,0,38.165758405694866,TRUE,145
P. falciparum,paper_replica_corrigido,13002,Japurá,AM,2015,3,147,23548,72.19296755563104,11.479306107952368,60.713661447678675,0,38.165758405694866,FALSE,145
P. falciparum,paper_replica_corrigido,13003,Alto Solimões,AM,2015,1,145,245521,51.72673620586427,23.382809472853296,28.343926733010974,7.668727519738226,42.1139427754598,FALSE,145
P. falciparum,paper_replica_corrigido,13003,Alto Solimões,AM,2015,2,146,245521,57.42889610257371,22.143392200997486,35.28550390157622,6.588882833187976,40.30199999633308,FALSE,145
P. falciparum,paper_replica_corrigido,13003,Alto Solimões,AM,2015,3,147,245521,67.20402735407562,20.93569200270623,46.26833535136939,5.472433242008902,39.917648497730475,FALSE,145
P. falciparum,paper_replica_corrigido,13004,Juruá,AM,2015,1,145,144754,73.91851002390263,38.19465229254571,35.723857731356915,12.41730493025827,68.29517711642048,FALSE,145
P. falciparum,paper_replica_corrigido,13004,Juruá,AM,2015,2,146,144754,48.357903753954986,36.20019461418093,12.157709139774056,9.28193543536806,64.63207216199423,TRUE,145
P. falciparum,paper_replica_corrigido,13004,Juruá,AM,2015,3,147,144754,99.47911629385028,34.14455425603563,65.33456203781465,10.523665928393886,62.73843316012987,FALSE,145
P. falciparum,paper_replica_corrigido,13005,Tefé,AM,2015,1,145,91110,31.829656459225113,43.81251414407338,-11.98285768484827,14.746979277919745,83.89502258107514,TRUE,145
P. falciparum,paper_replica_corrigido,13005,Tefé,AM,2015,2,146,91110,24.14663593458457,41.3537434120514,-17.20710747746683,5.819878109680706,77.97650246953545,TRUE,145
P. falciparum,paper_replica_corrigido,13005,Tefé,AM,2015,3,147,91110,31.829656459225113,38.181688512603,-6.35203205337789,6.855619129200151,76.00366243235554,TRUE,145
P. falciparum,paper_replica_corrigido,13006,Coari,AM,2015,1,145,172058,0,23.22464555281704,-23.22464555281704,7.808978844408676,46.01812951119756,FALSE,145
P. falciparum,paper_replica_corrigido,13006,Coari,AM,2015,2,146,172058,0.5811993630054981,21.916776821724476,-21.335577458718976,5.2233972203402494,45.46967280306186,FALSE,145
P. falciparum,paper_replica_corrigido,13006,Coari,AM,2015,3,147,172058,0,20.317341781034145,-20.317341781034145,6.764299400340625,39.20159613865356,FALSE,145
P. falciparum,paper_replica_corrigido,13007,Manaus,AM,2015,1,145,2327732,0.6014438088233525,10.206805483661979,-9.605361674838626,6.482546536009004,15.716024821217777,FALSE,145
P. falciparum,paper_replica_corrigido,13007,Manaus,AM,2015,2,146,2327732,0.30072190441167623,9.849199692731432,-9.548477788319756,5.44201866736432,15.80482682856036,FALSE,145
P. falciparum,paper_replica_corrigido,13007,Manaus,AM,2015,3,147,2327732,0.04296027205881089,8.897104595627717,-8.854144323568907,4.710367345998205,14.752716089392734,FALSE,145
P. falciparum,paper_replica_corrigido,13008,Rio Preto da Eva,AM,2015,1,145,63342,0,48.207267664534264,-48.207267664534264,8.51309348240317,87.96863265149945,FALSE,145
P. falciparum,paper_replica_corrigido,13008,Rio Preto da Eva,AM,2015,2,146,63342,1.578731331502005,45.47608048783188,-43.897349156329874,7.023302122982619,87.96863265149945,FALSE,145
P. falciparum,paper_replica_corrigido,13008,Rio Preto da Eva,AM,2015,3,147,63342,1.578731331502005,41.30470088386367,-39.72596955236166,5.675395654935447,87.96863265149945,FALSE,145
P. falciparum,paper_replica_corrigido,13009,Itacoatiara,AM,2015,1,145,171452,0,10.953297597959104,-10.953297597959104,0,23.064181387934422,TRUE,145
P. falciparum,paper_replica_corrigido,13009,Itacoatiara,AM,2015,2,146,171452,0,10.293729592224652,-10.293729592224652,0,20.967437625394926,TRUE,145
P. falciparum,paper_replica_corrigido,13009,Itacoatiara,AM,2015,3,147,171452,0,9.260455578205804,-9.260455578205804,0,23.064181387934422,TRUE,145
P. falciparum,paper_replica_corrigido,13010,Parintins,AM,2015,1,145,270186,0.7402308039646761,0.3769814783992549,0.3632493255654212,0,0.8835585770553905,TRUE,145
P. falciparum,paper_replica_corrigido,13010,Parintins,AM,2015,2,146,270186,0.37011540198233805,0.3458990069860513,0.02421639499628675,0,0.8204472501228628,TRUE,145
P. falciparum,paper_replica_corrigido,13010,Parintins,AM,2015,3,147,270186,0.37011540198233805,0.3157345485722975,0.054380853410040564,0,0.8204472501228628,TRUE,145
P. falciparum,paper_replica_corrigido,13011,Boca do Acre,AM,2015,1,145,52876,52.954081246690365,25.44829931348788,27.505781933202485,0,47.591277347462885,FALSE,145
P. falciparum,paper_replica_corrigido,13011,Boca do Acre,AM,2015,2,146,52876,28.368257810726984,23.589676168056492,4.778581642670492,0,54.3900312542433,TRUE,145
P. falciparum,paper_replica_corrigido,13011,Boca do Acre,AM,2015,3,147,52876,18.91217187381799,22.799301113066715,-3.8871292392487256,0,54.3900312542433,TRUE,145
P. falciparum,paper_replica_corrigido,13012,Purus,AM,2015,1,145,76545,61.40178979685152,42.49211810841591,18.90967168843561,9.392929951660358,84.53636956494324,TRUE,145
P. falciparum,paper_replica_corrigido,13012,Purus,AM,2015,2,146,76545,91.44947416552354,38.99221955259116,52.45725461293238,3.463642919674761,77.49167210119796,FALSE,145
P. falciparum,paper_replica_corrigido,13012,Purus,AM,2015,3,147,76545,82.30452674897118,36.763945472829114,45.54058127614207,11.741162439575449,72.79520712536778,FALSE,145
P. falciparum,paper_replica_corrigido,13013,Madeira,AM,2015,1,145,188610,3.1811674884682675,26.620558755063257,-23.43939126659499,9.530006669182999,47.19735802912878,FALSE,145
P. falciparum,paper_replica_corrigido,13013,Madeira,AM,2015,2,146,188610,2.65097290705689,23.669203595577653,-21.018230688520763,7.123679985214293,47.650033345915006,FALSE,145
P. falciparum,paper_replica_corrigido,13013,Madeira,AM,2015,3,147,188610,6.362334976936535,22.885601065170803,-16.52326608823427,8.5770060022647,41.9320293444052,FALSE,145
P. falciparum,paper_replica_corrigido,14001,Boa Vista,RR,2015,1,145,359804,12.784738357550223,11.550111635113591,1.2346267224366319,1.9982596723489519,22.243127977834256,TRUE,145
P. falciparum,paper_replica_corrigido,14001,Boa Vista,RR,2015,2,146,359804,10.283376504986048,10.750684221046454,-0.46730771606040555,2.735117926527628,20.744433223572543,TRUE,145
P. falciparum,paper_replica_corrigido,14001,Boa Vista,RR,2015,3,147,359804,10.005447410256696,10.469493510759975,-0.4640461005032783,3.2346828446148663,19.98259672348951,TRUE,145
P. falciparum,paper_replica_corrigido,14002,Nordeste de Roraima,RR,2015,1,145,47524,8.416799932665601,32.9455377442311,-24.528737811565502,0,71.86187315802017,TRUE,145
P. falciparum,paper_replica_corrigido,14002,Nordeste de Roraima,RR,2015,2,146,47524,0,29.389657293127605,-29.389657293127605,0,68.07966930759805,TRUE,145
P. falciparum,paper_replica_corrigido,14002,Nordeste de Roraima,RR,2015,3,147,47524,8.416799932665601,29.24571730749654,-20.82891737483094,0,68.07966930759805,TRUE,145
P. falciparum,paper_replica_corrigido,14003,Caracaraí,RR,2015,1,145,46961,14.905985818019207,29.858923868941655,-14.952938050922448,0,65.06830664565979,TRUE,145
P. falciparum,paper_replica_corrigido,14003,Caracaraí,RR,2015,2,146,46961,4.2588530908626305,28.3253876773058,-24.066534586443172,0,65.06830664565979,TRUE,145
P. falciparum,paper_replica_corrigido,14003,Caracaraí,RR,2015,3,147,46961,2.1294265454313153,26.768344052482735,-24.63891750705142,0,61.240759195915096,TRUE,145
P. falciparum,paper_replica_corrigido,14004,Sudeste de Roraima,RR,2015,1,145,51376,15.571473061351606,28.3216593030319,-12.750186241680295,0,61.313436481533046,TRUE,145
P. falciparum,paper_replica_corrigido,14004,Sudeste de Roraima,RR,2015,2,146,51376,7.785736530675803,26.21479220385118,-18.429055673175377,0,54.31618267479603,TRUE,145
P. falciparum,paper_replica_corrigido,14004,Sudeste de Roraima,RR,2015,3,147,51376,3.8928682653379014,25.199016076248224,-21.30614781091032,0,61.313436481533046,TRUE,145
P. falciparum,paper_replica_corrigido,15001,Óbidos,PA,2015,1,145,198751,0,0.402199876277858,-0.402199876277858,0,0.9887847617283547,TRUE,145
P. falciparum,paper_replica_corrigido,15001,Óbidos,PA,2015,2,146,198751,0,0.34066777190431313,-0.34066777190431313,0,0.8579477325191813,TRUE,145
P. falciparum,paper_replica_corrigido,15001,Óbidos,PA,2015,3,147,198751,0,0.3186115119383129,-0.3186115119383129,0,0.9029899884764364,TRUE,145
P. falciparum,paper_replica_corrigido,15002,Santarém,PA,2015,1,145,507271,0.5913998631894983,0.24320500834659378,0.3481948548429046,0,0.5714510560155492,FALSE,145
P. falciparum,paper_replica_corrigido,15002,Santarém,PA,2015,2,146,507271,0.19713328772983277,0.20841575660203085,-0.011282468872198081,0,0.4882545052132847,TRUE,145
P. falciparum,paper_replica_corrigido,15002,Santarém,PA,2015,3,147,507271,0,0.1936683276048051,-0.1936683276048051,0,0.4882545052132847,TRUE,145
P. falciparum,paper_replica_corrigido,15003,Almeirim,PA,2015,1,145,71843,1.3919240566234707,0.4923043760033517,0.8996196806201191,0,1.6614364496213114,TRUE,145
P. falciparum,paper_replica_corrigido,15003,Almeirim,PA,2015,2,146,71843,0,0.3947289535103869,-0.3947289535103869,0,1.3113480548796725,TRUE,145
P. falciparum,paper_replica_corrigido,15003,Almeirim,PA,2015,3,147,71843,0,0.3781280972156096,-0.3781280972156096,0,1.1867403211580796,TRUE,145
P. falciparum,paper_replica_corrigido,15004,Portel,PA,2015,1,145,144594,0,0.5167822000443305,-0.5167822000443305,0,1.2412006251966212,TRUE,145
P. falciparum,paper_replica_corrigido,15004,Portel,PA,2015,2,146,144594,0,0.4358658421282361,-0.4358658421282361,0,1.0613592044436688,TRUE,145
P. falciparum,paper_replica_corrigido,15004,Portel,PA,2015,3,147,144594,0,0.4317682083276018,-0.4317682083276018,0,1.1792880049374097,TRUE,145
P. falciparum,paper_replica_corrigido,15005,Furos de Breves,PA,2015,1,145,220578,41.2552475768209,57.2902832115574,-16.035035634736502,28.09312165434768,91.69480824236322,TRUE,145
P. falciparum,paper_replica_corrigido,15005,Furos de Breves,PA,2015,2,146,220578,50.322334956341976,47.08534623471109,3.236988721630887,23.203818393257436,79.08448024813461,TRUE,145
P. falciparum,paper_replica_corrigido,15005,Furos de Breves,PA,2015,3,147,220578,43.975373790677224,44.697055767550445,-0.7216819768732208,21.146236604215293,77.45471249443787,TRUE,145
P. falciparum,paper_replica_corrigido,15006,Arari,PA,2015,1,145,168225,0.5944419676029128,0.6483875701517575,-0.05394560254884473,0,1.4722981192691225,TRUE,145
P. falciparum,paper_replica_corrigido,15006,Arari,PA,2015,2,146,168225,0.5944419676029128,0.5314836962994933,0.06295827130341947,0,1.2163564496543546,TRUE,145
P. falciparum,paper_replica_corrigido,15006,Arari,PA,2015,3,147,168225,0.5944419676029128,0.49640542179984337,0.09803654580306942,0,1.2163564496543546,TRUE,145
P. falciparum,paper_replica_corrigido,15007,Belém,PA,2015,1,145,2261942,0,0.030756740950330878,-0.030756740950330878,0,0.08242004530785343,TRUE,145
P. falciparum,paper_replica_corrigido,15007,Belém,PA,2015,2,146,2261942,0,0.025917782242583468,-0.025917782242583468,0,0.0896317992722903,TRUE,145
P. falciparum,paper_replica_corrigido,15007,Belém,PA,2015,3,147,2261942,0,0.024126643180868976,-0.024126643180868976,0,0.08242004530785343,TRUE,145
P. falciparum,paper_replica_corrigido,15008,Castanhal,PA,2015,1,145,324645,0,0.035452275295459024,-0.035452275295459024,0,0.19141869028604236,TRUE,145
P. falciparum,paper_replica_corrigido,15008,Castanhal,PA,2015,2,146,324645,0,0.029831820184289592,-0.029831820184289592,0,0.09570934514302118,TRUE,145
P. falciparum,paper_replica_corrigido,15008,Castanhal,PA,2015,3,147,324645,0,0.02771773667999091,-0.02771773667999091,0,0.09570934514302118,TRUE,145
P. falciparum,paper_replica_corrigido,15009,Salgado,PA,2015,1,145,260362,0,0.02468267061082069,-0.02468267061082069,0,0.11933984357915559,TRUE,145
P. falciparum,paper_replica_corrigido,15009,Salgado,PA,2015,2,146,260362,0,0.020630054712617966,-0.020630054712617966,0,0.11933984357915559,TRUE,145
P. falciparum,paper_replica_corrigido,15009,Salgado,PA,2015,3,147,260362,0,0.01904673247926908,-0.01904673247926908,0,0.11933984357915559,TRUE,145
P. falciparum,paper_replica_corrigido,15010,Bragantina,PA,2015,1,145,405443,0,0.07233198802089802,-0.07233198802089802,0,0.306544301950766,TRUE,145
P. falciparum,paper_replica_corrigido,15010,Bragantina,PA,2015,2,146,405443,0,0.06005626924883185,-0.06005626924883185,0,0.22990822646307452,TRUE,145
P. falciparum,paper_replica_corrigido,15010,Bragantina,PA,2015,3,147,405443,0,0.05482582257522881,-0.05482582257522881,0,0.22990822646307452,TRUE,145
P. falciparum,paper_replica_corrigido,15011,Cametá,PA,2015,1,145,473045,0,0.24665720301693342,-0.24665720301693342,0,0.6568415341871514,TRUE,145
P. falciparum,paper_replica_corrigido,15011,Cametá,PA,2015,2,146,473045,0,0.2096942466401483,-0.2096942466401483,0,0.5911573807684364,TRUE,145
P. falciparum,paper_replica_corrigido,15011,Cametá,PA,2015,3,147,473045,0,0.20382574804337228,-0.20382574804337228,0,0.5599574078945451,TRUE,145
P. falciparum,paper_replica_corrigido,15012,Tomé-Açu,PA,2015,1,145,320418,0,0.3179078840653172,-0.3179078840653172,0,0.6918255551239186,TRUE,145
P. falciparum,paper_replica_corrigido,15012,Tomé-Açu,PA,2015,2,146,320418,0,0.27064736817117924,-0.27064736817117924,0,0.6386082047297711,TRUE,145
P. falciparum,paper_replica_corrigido,15012,Tomé-Açu,PA,2015,3,147,320418,0,0.25887307084774946,-0.25887307084774946,0,0.6918255551239186,TRUE,145
P. falciparum,paper_replica_corrigido,15013,Guamá,PA,2015,1,145,460985,0,0.5940972852293739,-0.5940972852293739,0.054560127864080606,1.1466874330755914,FALSE,145
P. falciparum,paper_replica_corrigido,15013,Guamá,PA,2015,2,146,460985,0,0.49798239623933155,-0.49798239623933155,0.054560127864080606,1.055137388015523,FALSE,145
P. falciparum,paper_replica_corrigido,15013,Guamá,PA,2015,3,147,460985,0,0.458451107049295,-0.458451107049295,0.07397983439197363,0.9247479298996704,FALSE,145
P. falciparum,paper_replica_corrigido,15014,Itaituba,PA,2015,1,145,214099,43.43784884562749,70.80263541925558,-27.364786573628088,38.17824745531165,114.17793631495073,TRUE,145
P. falciparum,paper_replica_corrigido,15014,Itaituba,PA,2015,2,146,214099,26.623197679578137,62.46667131453948,-35.84347363496134,33.53976879251678,102.46630240617449,FALSE,145
P. falciparum,paper_replica_corrigido,15014,Itaituba,PA,2015,3,147,214099,23.82075581856991,59.401685101639714,-35.58092928306981,30.622354610939908,108.38508513426567,FALSE,145
P. falciparum,paper_replica_corrigido,15015,Altamira,PA,2015,1,145,294165,0.6798905376234426,16.08044033099522,-15.400549793371777,5.1785315649337225,29.039494114864308,FALSE,145
P. falciparum,paper_replica_corrigido,15015,Altamira,PA,2015,2,146,294165,0,14.10903750582243,-14.10903750582243,4.888289382828292,25.373277077743086,FALSE,145
P. falciparum,paper_replica_corrigido,15015,Altamira,PA,2015,3,147,294165,0,13.865731806536099,-13.865731806536099,3.666217037121219,27.206385596303697,FALSE,145
P. falciparum,paper_replica_corrigido,15016,Tucuruí,PA,2015,1,145,362863,0.2755861027440108,20.22928172172077,-19.95369561897676,8.656302350710526,35.9255123310604,FALSE,145
P. falciparum,paper_replica_corrigido,15016,Tucuruí,PA,2015,2,146,362863,0,17.58217245928997,-17.58217245928997,6.934948950497701,30.47662386995507,FALSE,145
P. falciparum,paper_replica_corrigido,15016,Tucuruí,PA,2015,3,147,362863,0.2755861027440108,17.610165970502077,-17.334579867758066,5.6841813719257965,30.736684455598724,FALSE,145
P. falciparum,paper_replica_corrigido,15017,Paragominas,PA,2015,1,145,328594,0.3043269201507027,8.476239108351573,-8.17191218820087,1.9008729887381561,16.150582731652946,FALSE,145
P. falciparum,paper_replica_corrigido,15017,Paragominas,PA,2015,2,146,328594,0,7.416496919167969,-7.416496919167969,0.8068453693205128,14.769372862138185,FALSE,145
P. falciparum,paper_replica_corrigido,15017,Paragominas,PA,2015,3,147,328594,0,0.6722977458549283,-0.6722977458549283,0.07654248264856692,1.4802537746104185,FALSE,145
P. falciparum,paper_replica_corrigido,15018,São Félix do Xingu,PA,2015,1,145,199960,0,0.2532675744949254,-0.2532675744949254,0,0.7769443977284484,TRUE,145
P. falciparum,paper_replica_corrigido,15018,São Félix do Xingu,PA,2015,2,146,199960,0,0.21944532583487042,-0.21944532583487042,0,0.7031346799442422,TRUE,145
P. falciparum,paper_replica_corrigido,15018,São Félix do Xingu,PA,2015,3,147,199960,0,0.21710618423834943,-0.21710618423834943,0,0.7769443977284484,TRUE,145
P. falciparum,paper_replica_corrigido,15019,Parauapebas,PA,2015,1,145,300231,0,0.22361165837207078,-0.22361165837207078,0,0.5111603159145053,TRUE,145
P. falciparum,paper_replica_corrigido,15019,Parauapebas,PA,2015,2,146,300231,0,0.19572736314697328,-0.19572736314697328,0,0.5679559065716725,TRUE,145
P. falciparum,paper_replica_corrigido,15019,Parauapebas,PA,2015,3,147,300231,0,0.1978360239061407,-0.1978360239061407,0,0.5679559065716725,TRUE,145
P. falciparum,paper_replica_corrigido,15020,Marabá,PA,2015,1,145,314713,0,0.32730675550520105,-0.32730675550520105,0,0.7585487657017275,TRUE,145
P. falciparum,paper_replica_corrigido,15020,Marabá,PA,2015,2,146,314713,0,0.2874862079891473,-0.2874862079891473,0,0.7585487657017275,TRUE,145
P. falciparum,paper_replica_corrigido,15020,Marabá,PA,2015,3,147,314713,0,0.286767869524977,-0.286767869524977,0,0.6501846563157664,TRUE,145
P. falciparum,paper_replica_corrigido,15021,Redenção,PA,2015,1,145,189772,0.5269481272263559,0.13743206516704604,0.38951606205930983,0,0.49119301615553573,FALSE,145
P. falciparum,paper_replica_corrigido,15021,Redenção,PA,2015,2,146,189772,0,0.11973318067878394,-0.11973318067878394,0,0.49119301615553573,TRUE,145
P. falciparum,paper_replica_corrigido,15021,Redenção,PA,2015,3,147,189772,0,0.120929719124808,-0.120929719124808,0,0.49119301615553573,TRUE,145
P. falciparum,paper_replica_corrigido,15022,Conceição do Araguaia,PA,2015,1,145,152614,0,0.654359836094879,-0.654359836094879,0,1.4525099972590705,TRUE,145
P. falciparum,paper_replica_corrigido,15022,Conceição do Araguaia,PA,2015,2,146,152614,0,0.5679499367960349,-0.5679499367960349,0,1.3407784590083727,TRUE,145
P. falciparum,paper_replica_corrigido,15022,Conceição do Araguaia,PA,2015,3,147,152614,0,0.568808871453701,-0.568808871453701,0,1.5642415355097676,TRUE,145
P. falciparum,paper_replica_corrigido,16001,Oiapoque,AP,2015,1,145,34426,46.47650031952594,174.58447640053114,-128.1079760810052,65.13462385837944,292.3878906668736,FALSE,145
P. falciparum,paper_replica_corrigido,16001,Oiapoque,AP,2015,2,146,34426,5.8095625399407425,146.6782844055811,-140.86872186564037,36.5484863333592,271.5030413335255,FALSE,145
P. falciparum,paper_replica_corrigido,16001,Oiapoque,AP,2015,3,147,34426,31.952593969674087,138.4228972802764,-106.47030331060232,33.80734985835727,258.5805408085162,FALSE,145
P. falciparum,paper_replica_corrigido,16002,Amapá,AP,2015,1,145,28365,3.5254715318173804,24.27195691474141,-20.74648538292403,0,60.35873317029994,TRUE,145
P. falciparum,paper_replica_corrigido,16002,Amapá,AP,2015,2,146,28365,0,19.99251651203052,-19.99251651203052,0,50.69499898817854,TRUE,145
P. falciparum,paper_replica_corrigido,16002,Amapá,AP,2015,3,147,28365,3.5254715318173804,18.817063160475367,-15.291591628657986,0,57.03187386170086,TRUE,145
P. falciparum,paper_replica_corrigido,16003,Macapá,AP,2015,1,145,624241,7.368948851485244,12.718941766129396,-5.349992914644152,5.470905723849843,21.30773808236255,TRUE,145
P. falciparum,paper_replica_corrigido,16003,Macapá,AP,2015,2,146,624241,5.126225287989734,10.331463769343348,-5.2052384813536134,3.016196708280375,18.003598967563757,TRUE,145
P. falciparum,paper_replica_corrigido,16003,Macapá,AP,2015,3,147,624241,4.16505804649166,9.623199105586208,-5.458141059094548,2.8794240651841285,16.851829341490106,TRUE,145
P. falciparum,paper_replica_corrigido,16004,Mazagão,AP,2015,1,145,79647,26.36634148178839,32.79711071157635,-6.430769229787963,2.256776222424706,64.37454174466468,TRUE,145
P. falciparum,paper_replica_corrigido,16004,Mazagão,AP,2015,2,146,79647,27.62188155234974,26.69634564411168,0.9255359082380608,1.0719687056517386,54.16262933819294,TRUE,145
P. falciparum,paper_replica_corrigido,16004,Mazagão,AP,2015,3,147,79647,15.066480846736225,25.181346926036916,-10.114866079300691,0,54.16262933819294,TRUE,145
P. falciparum,paper_replica_corrigido,17001,Bico do Papagaio,TO,2015,1,145,210839,0,0.05060186543951414,-0.05060186543951414,0,0.2947420577213524,TRUE,145
P. falciparum,paper_replica_corrigido,17001,Bico do Papagaio,TO,2015,2,146,210839,0,0.04376387642940617,-0.04376387642940617,0,0.2947420577213524,TRUE,145
P. falciparum,paper_replica_corrigido,17001,Bico do Papagaio,TO,2015,3,147,210839,0,0.04297835681543462,-0.04297835681543462,0,0.1473710288606762,TRUE,145
P. falciparum,paper_replica_corrigido,17002,Araguaína,TO,2015,1,145,306848,0,0.04178192427989766,-0.04178192427989766,0,0.2025208595392905,TRUE,145
P. falciparum,paper_replica_corrigido,17002,Araguaína,TO,2015,2,146,306848,0,0.03601017901519245,-0.03601017901519245,0,0.2025208595392905,TRUE,145
P. falciparum,paper_replica_corrigido,17002,Araguaína,TO,2015,3,147,306848,0,0.036300891135645816,-0.036300891135645816,0,0.2025208595392905,TRUE,145
P. falciparum,paper_replica_corrigido,17003,Miracema do Tocantins,TO,2015,1,145,148608,0,0.03965050324542713,-0.03965050324542713,0,0.2090840355428786,TRUE,145
P. falciparum,paper_replica_corrigido,17003,Miracema do Tocantins,TO,2015,2,146,148608,0,0.03435715559022928,-0.03435715559022928,0,0.2090840355428786,TRUE,145
P. falciparum,paper_replica_corrigido,17003,Miracema do Tocantins,TO,2015,3,147,148608,0,0.03465305430773771,-0.03465305430773771,0,0.2090840355428786,TRUE,145
P. falciparum,paper_replica_corrigido,17004,Rio Formoso,TO,2015,1,145,124739,0,0.04130311146948723,-0.04130311146948723,0,0.249092588155718,TRUE,145
P. falciparum,paper_replica_corrigido,17004,Rio Formoso,TO,2015,2,146,124739,0,0.03430843291267665,-0.03430843291267665,0,0.249092588155718,TRUE,145
P. falciparum,paper_replica_corrigido,17004,Rio Formoso,TO,2015,3,147,124739,0,0.03389780152244726,-0.03389780152244726,0,0.249092588155718,TRUE,145
P. falciparum,paper_replica_corrigido,17005,Gurupi,TO,2015,1,145,147284,0,0.0054557033347362215,-0.0054557033347362215,0,0,TRUE,145
P. falciparum,paper_replica_corrigido,17005,Gurupi,TO,2015,2,146,147284,0,0.004389544414980926,-0.004389544414980926,0,0,TRUE,145
P. falciparum,paper_replica_corrigido,17005,Gurupi,TO,2015,3,147,147284,0,0.004275191517201114,-0.004275191517201114,0,0,TRUE,145
P. falciparum,paper_replica_corrigido,17006,Porto Nacional,TO,2015,1,145,375255,0,0.014274236914488182,-0.014274236914488182,0,0.08280118946837779,TRUE,145
P. falciparum,paper_replica_corrigido,17006,Porto Nacional,TO,2015,2,146,375255,0,0.011910211856727266,-0.011910211856727266,0,0.08280118946837779,TRUE,145
P. falciparum,paper_replica_corrigido,17006,Porto Nacional,TO,2015,3,147,375255,0,0.011920665830153679,-0.011920665830153679,0,0.08280118946837779,TRUE,145
P. falciparum,paper_replica_corrigido,17007,Jalapão,TO,2015,1,145,77860,0,0.0010898047946147635,-0.0010898047946147635,0,0,TRUE,145
P. falciparum,paper_replica_corrigido,17007,Jalapão,TO,2015,2,146,77860,0,9.215862239303974e-4,-9.215862239303974e-4,0,0,TRUE,145
P. falciparum,paper_replica_corrigido,17007,Jalapão,TO,2015,3,147,77860,0,9.327032237606132e-4,-9.327032237606132e-4,0,0,TRUE,145
P. falciparum,paper_replica_corrigido,17008,Dianópolis,TO,2015,1,145,123693,0,4.3499539115186825e-4,-4.3499539115186825e-4,0,0,TRUE,145
P. falciparum,paper_replica_corrigido,17008,Dianópolis,TO,2015,2,146,123693,0,3.439918596009316e-4,-3.439918596009316e-4,0,0,TRUE,145
P. falciparum,paper_replica_corrigido,17008,Dianópolis,TO,2015,3,147,123693,0,3.4658770505679694e-4,-3.4658770505679694e-4,0,0,TRUE,145
P. falciparum,paper_replica_corrigido,21001,Litoral Ocidental Maranhense,MA,2015,1,145,187243,0,0.007989685964956495,-0.007989685964956495,0,0.1659424403259727,TRUE,145
P. falciparum,paper_replica_corrigido,21001,Litoral Ocidental Maranhense,MA,2015,2,146,187243,0,0.006860616201380661,-0.006860616201380661,0,0,TRUE,145
P. falciparum,paper_replica_corrigido,21001,Litoral Ocidental Maranhense,MA,2015,3,147,187243,0,0.006425570010851998,-0.006425570010851998,0,0.1659424403259727,TRUE,145
P. falciparum,paper_replica_corrigido,21002,Aglomeração Urbana de São Luís,MA,2015,1,145,1395792,0,0.006889315677997256,-0.006889315677997256,0,0.04452176306205525,TRUE,145
P. falciparum,paper_replica_corrigido,21002,Aglomeração Urbana de São Luís,MA,2015,2,146,1395792,0.2149317376801128,0.005775846448888395,0.2091558912312244,0,0.022260881531027624,FALSE,145
P. falciparum,paper_replica_corrigido,21002,Aglomeração Urbana de São Luís,MA,2015,3,147,1395792,0,0.005416247019291522,-0.005416247019291522,0,0.022260881531027624,TRUE,145
P. falciparum,paper_replica_corrigido,21003,Rosário,MA,2015,1,145,172687,0,0.007563029535741966,-0.007563029535741966,0,0.17992993308098532,TRUE,145
P. falciparum,paper_replica_corrigido,21003,Rosário,MA,2015,2,146,172687,0,0.006410636038230823,-0.006410636038230823,0,0,TRUE,145
P. falciparum,paper_replica_corrigido,21003,Rosário,MA,2015,3,147,172687,0,0.005985339065624066,-0.005985339065624066,0,0,TRUE,145
P. falciparum,paper_replica_corrigido,21004,Lençóis Maranhenses,MA,2015,1,145,191719,0,0.007095708181617383,-0.007095708181617383,0,0,TRUE,145
P. falciparum,paper_replica_corrigido,21004,Lençóis Maranhenses,MA,2015,2,146,191719,0,0.006149423432383749,-0.006149423432383749,0,0,TRUE,145
P. falciparum,paper_replica_corrigido,21004,Lençóis Maranhenses,MA,2015,3,147,191719,0,0.005774689494935669,-0.005774689494935669,0,0,TRUE,145
P. falciparum,paper_replica_corrigido,21005,Baixada Maranhense,MA,2015,1,145,590620,0.6772544106193492,0.2852665456711495,0.3919878649481997,0,0.6839089170726175,TRUE,145
P. falciparum,paper_replica_corrigido,21005,Baixada Maranhense,MA,2015,2,146,590620,0.1693136026548373,0.24133429409177234,-0.07202069143693504,0,0.5537031809376374,TRUE,145
P. falciparum,paper_replica_corrigido,21005,Baixada Maranhense,MA,2015,3,147,590620,0,0.22508322009208953,-0.22508322009208953,0,0.5786921605999072,TRUE,145
P. falciparum,paper_replica_corrigido,21006,Itapecuru Mirim,MA,2015,1,145,229914,0,0.05587723346889563,-0.05587723346889563,0,0.270288545751508,TRUE,145
P. falciparum,paper_replica_corrigido,21006,Itapecuru Mirim,MA,2015,2,146,229914,0,0.046385706837897174,-0.046385706837897174,0,0.270288545751508,TRUE,145
P. falciparum,paper_replica_corrigido,21006,Itapecuru Mirim,MA,2015,3,147,229914,0,0.043167362140259916,-0.043167362140259916,0,0.270288545751508,TRUE,145
P. falciparum,paper_replica_corrigido,21007,Gurupi,MA,2015,1,145,235816,0.4240594361705737,0.4072978094715615,0.016761626699012155,0,0.9056796704077086,TRUE,145
P. falciparum,paper_replica_corrigido,21007,Gurupi,MA,2015,2,146,235816,0.4240594361705737,0.3470887853597655,0.07697065081080817,0,0.867717049492417,TRUE,145
P. falciparum,paper_replica_corrigido,21007,Gurupi,MA,2015,3,147,235816,0,0.316734932574849,-0.316734932574849,0,0.7954072953680488,TRUE,145
P. falciparum,paper_replica_corrigido,21008,Pindaré,MA,2015,1,145,650498,1.076098619826656,0.22709350408729684,0.8490051157393592,0,0.5254238504861155,FALSE,145
P. falciparum,paper_replica_corrigido,21008,Pindaré,MA,2015,2,146,650498,0.4611851227828525,0.19594403153873874,0.26524109124411377,0,0.5027350933060322,TRUE,145
P. falciparum,paper_replica_corrigido,21008,Pindaré,MA,2015,3,147,650498,0.3074567485219017,0.18482820479323855,0.12262854372866314,0,0.5027350933060322,TRUE,145
P. falciparum,paper_replica_corrigido,21009,Imperatriz,MA,2015,1,145,586584,0,0.061062225578087374,-0.061062225578087374,0,0.21188140388388435,TRUE,145
P. falciparum,paper_replica_corrigido,21009,Imperatriz,MA,2015,2,146,586584,0,0.05295939505843309,-0.05295939505843309,0,0.21188140388388435,TRUE,145
P. falciparum,paper_replica_corrigido,21009,Imperatriz,MA,2015,3,147,586584,0,0.051211285059424794,-0.051211285059424794,0,0.1589110529129133,TRUE,145
P. falciparum,paper_replica_corrigido,21010,Médio Mearim,MA,2015,1,145,416015,0,0.15003902872182295,-0.15003902872182295,0,0.44813134652292974,TRUE,145
P. falciparum,paper_replica_corrigido,21010,Médio Mearim,MA,2015,2,146,416015,0,0.12896926485043234,-0.12896926485043234,0,0.44813134652292974,TRUE,145
P. falciparum,paper_replica_corrigido,21010,Médio Mearim,MA,2015,3,147,416015,0,0.12174068373628426,-0.12174068373628426,0,0.37344278876910814,TRUE,145
P. falciparum,paper_replica_corrigido,21011,Alto Mearim e Grajaú,MA,2015,1,145,328081,0.6096055547258147,0.06776412858410207,0.5418414261417126,0,0.28412093678655065,FALSE,145
P. falciparum,paper_replica_corrigido,21011,Alto Mearim e Grajaú,MA,2015,2,146,328081,0.30480277736290734,0.059678697922888435,0.2451240794400189,0,0.28412093678655065,FALSE,145
P. falciparum,paper_replica_corrigido,21011,Alto Mearim e Grajaú,MA,2015,3,147,328081,0,0.05804008597522922,-0.05804008597522922,0,0.18941395785770043,TRUE,145
P. falciparum,paper_replica_corrigido,21012,Presidente Dutra,MA,2015,1,145,195258,0.512142908357148,0.14954403860554713,0.36259886975160094,0,0.477392378606092,FALSE,145
P. falciparum,paper_replica_corrigido,21012,Presidente Dutra,MA,2015,2,146,195258,0,0.1269833015971196,-0.1269833015971196,0,0.477392378606092,TRUE,145
P. falciparum,paper_replica_corrigido,21012,Presidente Dutra,MA,2015,3,147,195258,0,0.12176951685836977,-0.12176951685836977,0,0.477392378606092,TRUE,145
P. falciparum,paper_replica_corrigido,21013,Baixo Parnaíba Maranhense,MA,2015,1,145,142624,0,0.05931780749912177,-0.05931780749912177,0,0.2178564642273117,TRUE,145
P. falciparum,paper_replica_corrigido,21013,Baixo Parnaíba Maranhense,MA,2015,2,146,142624,0,0.050237800216364904,-0.050237800216364904,0,0.2178564642273117,TRUE,145
P. falciparum,paper_replica_corrigido,21013,Baixo Parnaíba Maranhense,MA,2015,3,147,142624,0,0.046937367465046134,-0.046937367465046134,0,0.2178564642273117,TRUE,145
P. falciparum,paper_replica_corrigido,21014,Chapadinha,MA,2015,1,145,238969,0,0.02775198782841747,-0.02775198782841747,0,0.1300233936366479,TRUE,145
P. falciparum,paper_replica_corrigido,21014,Chapadinha,MA,2015,2,146,238969,0,0.023122381908602406,-0.023122381908602406,0,0.1300233936366479,TRUE,145
P. falciparum,paper_replica_corrigido,21014,Chapadinha,MA,2015,3,147,238969,0,0.02177122118013467,-0.02177122118013467,0,0.1300233936366479,TRUE,145
P. falciparum,paper_replica_corrigido,21015,Codó,MA,2015,1,145,272267,0.36728652389015193,0.09089142930586218,0.27639509458428974,0,0.3423649618274279,FALSE,145
P. falciparum,paper_replica_corrigido,21015,Codó,MA,2015,2,146,272267,0,0.07755167546815739,-0.07755167546815739,0,0.3423649618274279,TRUE,145
P. falciparum,paper_replica_corrigido,21015,Codó,MA,2015,3,147,272267,0,0.07323016674864444,-0.07323016674864444,0,0.3423649618274279,TRUE,145
P. falciparum,paper_replica_corrigido,21016,Coelho Neto,MA,2015,1,145,91578,0,0.008399744783189552,-0.008399744783189552,0,0,TRUE,145
P. falciparum,paper_replica_corrigido,21016,Coelho Neto,MA,2015,2,146,91578,0,0.006929559888610593,-0.006929559888610593,0,0,TRUE,145
P. falciparum,paper_replica_corrigido,21016,Coelho Neto,MA,2015,3,147,91578,0,0.006492800467758964,-0.006492800467758964,0,0,TRUE,145
P. falciparum,paper_replica_corrigido,21017,Caxias,MA,2015,1,145,434610,0.23009134626446695,0.04768556686939464,0.1824057793950723,0,0.14298594304758797,FALSE,145
P. falciparum,paper_replica_corrigido,21017,Caxias,MA,2015,2,146,434610,0.23009134626446695,0.04049308608620789,0.18959826017825906,0,0.14298594304758797,FALSE,145
P. falciparum,paper_replica_corrigido,21017,Caxias,MA,2015,3,147,434610,0,0.03875407450527796,-0.03875407450527796,0,0.14298594304758797,TRUE,145
P. falciparum,paper_replica_corrigido,21018,Chapadas do Alto Itapecuru,MA,2015,1,145,216408,0.9241802521163728,0.04606676196813074,0.878113490148242,0,0.28715722481568245,FALSE,145
P. falciparum,paper_replica_corrigido,21018,Chapadas do Alto Itapecuru,MA,2015,2,146,216408,0.4620901260581865,0.03937229584675326,0.4227178302114332,0,0.21895738392195466,FALSE,145
P. falciparum,paper_replica_corrigido,21018,Chapadas do Alto Itapecuru,MA,2015,3,147,216408,0,0.03829518091568796,-0.03829518091568796,0,0.14357861240784128,TRUE,145
P. falciparum,paper_replica_corrigido,21019,Porto Franco,MA,2015,1,145,117278,0,0.036690987352177636,-0.036690987352177636,0,0.26493937783690125,TRUE,145
P. falciparum,paper_replica_corrigido,21019,Porto Franco,MA,2015,2,146,117278,0,0.03223352076002414,-0.03223352076002414,0,0.26493937783690125,TRUE,145
P. falciparum,paper_replica_corrigido,21019,Porto Franco,MA,2015,3,147,117278,0,0.03209766646206165,-0.03209766646206165,0,0.26493937783690125,TRUE,145
P. falciparum,paper_replica_corrigido,21020,Gerais de Balsas,MA,2015,1,145,139570,0,0.00410694848337381,-0.00410694848337381,0,0,TRUE,145
P. falciparum,paper_replica_corrigido,21020,Gerais de Balsas,MA,2015,2,146,139570,0,0.003493705122872167,-0.003493705122872167,0,0,TRUE,145
P. falciparum,paper_replica_corrigido,21020,Gerais de Balsas,MA,2015,3,147,139570,0,0.0035609324196012484,-0.0035609324196012484,0,0,TRUE,145
P. falciparum,paper_replica_corrigido,21021,Chapadas das Mangabeiras,MA,2015,1,145,70710,0,0.001958220681197107,-0.001958220681197107,0,0,TRUE,145
P. falciparum,paper_replica_corrigido,21021,Chapadas das Mangabeiras,MA,2015,2,146,70710,0,0.001688924199606981,-0.001688924199606981,0,0,TRUE,145
P. falciparum,paper_replica_corrigido,21021,Chapadas das Mangabeiras,MA,2015,3,147,70710,0,0.0016520009278934626,-0.0016520009278934626,0,0,TRUE,145
P. falciparum,paper_replica_corrigido,51001,Aripuanã,MT,2015,1,145,155581,0,13.3819625103226,-13.3819625103226,0,27.72762058926896,TRUE,145
P. falciparum,paper_replica_corrigido,51001,Aripuanã,MT,2015,2,146,155581,0,11.617853228590917,-11.617853228590917,1.155317524552873,25.416985540163207,FALSE,145
P. falciparum,paper_replica_corrigido,51001,Aripuanã,MT,2015,3,147,155581,0,11.300279864731808,-11.300279864731808,1.155317524552873,25.416985540163207,FALSE,145
P. falciparum,paper_replica_corrigido,51002,Alta Floresta,MT,2015,1,145,102968,0,0.21292434971709204,-0.21292434971709204,0,0.9052781549789092,TRUE,145
P. falciparum,paper_replica_corrigido,51002,Alta Floresta,MT,2015,2,146,102968,0,0.18603619842908323,-0.18603619842908323,0,0.9052781549789092,TRUE,145
P. falciparum,paper_replica_corrigido,51002,Alta Floresta,MT,2015,3,147,102968,0,0.18079249666795955,-0.18079249666795955,0,0.9052781549789092,TRUE,145
P. falciparum,paper_replica_corrigido,51003,Colíder,MT,2015,1,145,149561,0.6686235047906874,0.259357232824398,0.40926627196628945,0,0.8310070233271002,TRUE,145
P. falciparum,paper_replica_corrigido,51003,Colíder,MT,2015,2,146,149561,0,0.2203115214953348,-0.2203115214953348,0,0.7323249393070023,TRUE,145
P. falciparum,paper_replica_corrigido,51003,Colíder,MT,2015,3,147,149561,0,0.2143219606743851,-0.2143219606743851,0,0.8310070233271002,TRUE,145
P. falciparum,paper_replica_corrigido,51004,Parecis,MT,2015,1,145,101405,0,0.09439656936732252,-0.09439656936732252,0,0.6128210710311346,TRUE,145
P. falciparum,paper_replica_corrigido,51004,Parecis,MT,2015,2,146,101405,0,0.08270005583083687,-0.08270005583083687,0,0.3064105355155673,TRUE,145
P. falciparum,paper_replica_corrigido,51004,Parecis,MT,2015,3,147,101405,0,0.08216415971256612,-0.08216415971256612,0,0.46727606666123317,TRUE,145
P. falciparum,paper_replica_corrigido,51005,Arinos,MT,2015,1,145,79094,0,0.12553911624050249,-0.12553911624050249,0,0.7856869131402157,TRUE,145
P. falciparum,paper_replica_corrigido,51005,Arinos,MT,2015,2,146,79094,0,0.10781009522209525,-0.10781009522209525,0,0.5990862712694056,TRUE,145
P. falciparum,paper_replica_corrigido,51005,Arinos,MT,2015,3,147,79094,0,0.10600317997897213,-0.10600317997897213,0,0.39284345657010783,TRUE,145
P. falciparum,paper_replica_corrigido,51006,Alto Teles Pires,MT,2015,1,145,231128,0,0.06847140092359258,-0.06847140092359258,0,0.2688688549544504,TRUE,145
P. falciparum,paper_replica_corrigido,51006,Alto Teles Pires,MT,2015,2,146,231128,0,0.057585091548796874,-0.057585091548796874,0,0.2688688549544504,TRUE,145
P. falciparum,paper_replica_corrigido,51006,Alto Teles Pires,MT,2015,3,147,231128,0,0.057121047310459964,-0.057121047310459964,0,0.2688688549544504,TRUE,145
P. falciparum,paper_replica_corrigido,51007,Sinop,MT,2015,1,145,191263,0,0.053524334698564165,-0.053524334698564165,0,0.24774331438794936,TRUE,145
P. falciparum,paper_replica_corrigido,51007,Sinop,MT,2015,2,146,191263,0,0.04417885081069222,-0.04417885081069222,0,0.16245463238554297,TRUE,145
P. falciparum,paper_replica_corrigido,51007,Sinop,MT,2015,3,147,191263,0,0.04315582160781614,-0.04315582160781614,0,0.16245463238554297,TRUE,145
P. falciparum,paper_replica_corrigido,51008,Paranatinga,MT,2015,1,145,34726,0,0.005678298510759644,-0.005678298510759644,0,0,TRUE,145
P. falciparum,paper_replica_corrigido,51008,Paranatinga,MT,2015,2,146,34726,0,0.0048347714477799016,-0.0048347714477799016,0,0,TRUE,145
P. falciparum,paper_replica_corrigido,51008,Paranatinga,MT,2015,3,147,34726,0,0.004529066421910919,-0.004529066421910919,0,0,TRUE,145
P. falciparum,paper_replica_corrigido,51009,Norte Araguaia,MT,2015,1,145,123004,0,0.019303739440306732,-0.019303739440306732,0,0.25260609698835895,TRUE,145
P. falciparum,paper_replica_corrigido,51009,Norte Araguaia,MT,2015,2,146,123004,0,0.01644136936808681,-0.01644136936808681,0,0.25260609698835895,TRUE,145
P. falciparum,paper_replica_corrigido,51009,Norte Araguaia,MT,2015,3,147,123004,0,0.015988459216472007,-0.015988459216472007,0,0.25260609698835895,TRUE,145
P. falciparum,paper_replica_corrigido,51010,Canarana,MT,2015,1,145,108272,0,0.0035057247429538243,-0.0035057247429538243,0,0,TRUE,145
P. falciparum,paper_replica_corrigido,51010,Canarana,MT,2015,2,146,108272,0,0.0029311969794988168,-0.0029311969794988168,0,0,TRUE,145
P. falciparum,paper_replica_corrigido,51010,Canarana,MT,2015,3,147,108272,0,0.002801962727316523,-0.002801962727316523,0,0,TRUE,145
P. falciparum,paper_replica_corrigido,51011,Médio Araguaia,MT,2015,1,145,67011,0,9.508573763136956e-4,-9.508573763136956e-4,0,0,TRUE,145
P. falciparum,paper_replica_corrigido,51011,Médio Araguaia,MT,2015,2,146,67011,0,7.643795336006973e-4,-7.643795336006973e-4,0,0,TRUE,145
P. falciparum,paper_replica_corrigido,51011,Médio Araguaia,MT,2015,3,147,67011,0,7.281342231093067e-4,-7.281342231093067e-4,0,0,TRUE,145
P. falciparum,paper_replica_corrigido,51012,Alto Guaporé,MT,2015,1,145,71338,0,0.09706524057231335,-0.09706524057231335,0,0.43555412758916856,TRUE,145
P. falciparum,paper_replica_corrigido,51012,Alto Guaporé,MT,2015,2,146,71338,0,0.08169913570593018,-0.08169913570593018,0,0.43555412758916856,TRUE,145
P. falciparum,paper_replica_corrigido,51012,Alto Guaporé,MT,2015,3,147,71338,0,0.08109149325944925,-0.08109149325944925,0,0.43555412758916856,TRUE,145
P. falciparum,paper_replica_corrigido,51013,Tangará da Serra,MT,2015,1,145,159087,0,0.018465262675989823,-0.018465262675989823,0,0.195311749885007,TRUE,145
P. falciparum,paper_replica_corrigido,51013,Tangará da Serra,MT,2015,2,146,159087,0,0.01594760880927564,-0.01594760880927564,0,0.195311749885007,TRUE,145
P. falciparum,paper_replica_corrigido,51013,Tangará da Serra,MT,2015,3,147,159087,0,0.01548452103334364,-0.01548452103334364,0,0.195311749885007,TRUE,145
P. falciparum,paper_replica_corrigido,51014,Jauru,MT,2015,1,145,107801,0,0.011695825947034782,-0.011695825947034782,0,0,TRUE,145
P. falciparum,paper_replica_corrigido,51014,Jauru,MT,2015,2,146,107801,0,0.010080835521925261,-0.010080835521925261,0,0,TRUE,145
P. falciparum,paper_replica_corrigido,51014,Jauru,MT,2015,3,147,107801,0,0.009763669588986784,-0.009763669588986784,0,0.15132113047027626,TRUE,145
P. falciparum,paper_replica_corrigido,51015,Alto Paraguai,MT,2015,1,145,32596,0,0.008074992485522365,-0.008074992485522365,0,0,TRUE,145
P. falciparum,paper_replica_corrigido,51015,Alto Paraguai,MT,2015,2,146,32596,0,0.006857240251908902,-0.006857240251908902,0,0,TRUE,145
P. falciparum,paper_replica_corrigido,51015,Alto Paraguai,MT,2015,3,147,32596,0,0.006724965693516527,-0.006724965693516527,0,0,TRUE,145
P. falciparum,paper_replica_corrigido,51016,Rosário Oeste,MT,2015,1,145,30448,0,0.011540654559017234,-0.011540654559017234,0,0,TRUE,145
P. falciparum,paper_replica_corrigido,51016,Rosário Oeste,MT,2015,2,146,30448,0,0.00959290255017314,-0.00959290255017314,0,0,TRUE,145
P. falciparum,paper_replica_corrigido,51016,Rosário Oeste,MT,2015,3,147,30448,0,0.009593904864853444,-0.009593904864853444,0,0,TRUE,145
P. falciparum,paper_replica_corrigido,51017,Cuiabá,MT,2015,1,145,898432,0,0.012409947016912726,-0.012409947016912726,0,0.03458420932686737,TRUE,145
P. falciparum,paper_replica_corrigido,51017,Cuiabá,MT,2015,2,146,898432,0,0.010423293540352794,-0.010423293540352794,0,0.05274091922347195,TRUE,145
P. falciparum,paper_replica_corrigido,51017,Cuiabá,MT,2015,3,147,898432,0,0.010157416528199192,-0.010157416528199192,0,0.06916841865373474,TRUE,145
P. falciparum,paper_replica_corrigido,51018,Alto Pantanal,MT,2015,1,145,135181,0,0.008372313498909397,-0.008372313498909397,0,0,TRUE,145
P. falciparum,paper_replica_corrigido,51018,Alto Pantanal,MT,2015,2,146,135181,0,0.006982425681913112,-0.006982425681913112,0,0,TRUE,145
P. falciparum,paper_replica_corrigido,51018,Alto Pantanal,MT,2015,3,147,135181,0,0.0067154110832216484,-0.0067154110832216484,0,0,TRUE,145
P. falciparum,paper_replica_corrigido,51019,Primavera do Leste,MT,2015,1,145,95412,0,0.005021877074724071,-0.005021877074724071,0,0,TRUE,145
P. falciparum,paper_replica_corrigido,51019,Primavera do Leste,MT,2015,2,146,95412,0,0.004097969219180584,-0.004097969219180584,0,0,TRUE,145
P. falciparum,paper_replica_corrigido,51019,Primavera do Leste,MT,2015,3,147,95412,0,0.004041685527592717,-0.004041685527592717,0,0,TRUE,145
P. falciparum,paper_replica_corrigido,51020,Tesouro,MT,2015,1,145,54493,0,0.0019331873361242218,-0.0019331873361242218,0,0,TRUE,145
P. falciparum,paper_replica_corrigido,51020,Tesouro,MT,2015,2,146,54493,0,0.0015624628617646732,-0.0015624628617646732,0,0,TRUE,145
P. falciparum,paper_replica_corrigido,51020,Tesouro,MT,2015,3,147,54493,0,0.0014737043676845286,-0.0014737043676845286,0,0,TRUE,145
P. falciparum,paper_replica_corrigido,51021,Rondonópolis,MT,2015,1,145,298273,0,0.00463386295767133,-0.00463386295767133,0,0,TRUE,145
P. falciparum,paper_replica_corrigido,51021,Rondonópolis,MT,2015,2,146,298273,0,0.003749545574398706,-0.003749545574398706,0,0,TRUE,145
P. falciparum,paper_replica_corrigido,51021,Rondonópolis,MT,2015,3,147,298273,0,0.003579062594161876,-0.003579062594161876,0,0,TRUE,145
P. falciparum,paper_replica_corrigido,51022,Alto Araguaia,MT,2015,1,145,38412,0,0.0010217832018649658,-0.0010217832018649658,0,0,TRUE,145
P. falciparum,paper_replica_corrigido,51022,Alto Araguaia,MT,2015,2,146,38412,0,8.375656980629931e-4,-8.375656980629931e-4,0,0,TRUE,145
P. falciparum,paper_replica_corrigido,51022,Alto Araguaia,MT,2015,3,147,38412,0,7.859818835161347e-4,-7.859818835161347e-4,0,0,TRUE,145
P. falciparum,paper_replica_corrigido,11001,Porto Velho,RO,2016,1,157,648872,15.103132821265213,52.23436819196087,-37.131235370695656,32.687438790578646,73.55366258363046,FALSE,157
P. falciparum,paper_replica_corrigido,11001,Porto Velho,RO,2016,2,158,648872,9.863270413887486,45.156129451400915,-35.29285903751343,27.278775719510445,74.25311837131021,FALSE,157
P. falciparum,paper_replica_corrigido,11001,Porto Velho,RO,2016,3,159,648872,5.393976007594718,41.84538032935764,-36.45140432176292,25.339690367526963,67.59097512628125,FALSE,157
P. falciparum,paper_replica_corrigido,11002,Guajará-Mirim,RO,2016,1,157,83432,1.1985808802377984,17.3036882349832,-16.1051073547454,0,38.77910399096618,TRUE,157
P. falciparum,paper_replica_corrigido,11002,Guajará-Mirim,RO,2016,2,158,83432,0,14.541573571745715,-14.541573571745715,0,32.31591999247181,TRUE,157
P. falciparum,paper_replica_corrigido,11002,Guajará-Mirim,RO,2016,3,159,83432,0,13.41512181184008,-13.41512181184008,0,34.470314658636596,TRUE,157
P. falciparum,paper_replica_corrigido,11003,Ariquemes,RO,2016,1,157,201599,0,58.08089471989994,-58.08089471989994,33.41267047770615,89.2044744841761,FALSE,157
P. falciparum,paper_replica_corrigido,11003,Ariquemes,RO,2016,2,158,201599,0.9920684130377632,51.01268028994567,-50.02061187690791,26.747968361072314,88.31287553880703,FALSE,157
P. falciparum,paper_replica_corrigido,11003,Ariquemes,RO,2016,3,159,201599,0.9920684130377632,46.587203091342516,-45.59513467830475,21.353794741589397,81.64817342217316,FALSE,157
P. falciparum,paper_replica_corrigido,11004,Ji-Paraná,RO,2016,1,157,317230,0,0.6622744921723387,-0.6622744921723387,0.07928443256761088,1.2900517841509553,FALSE,157
P. falciparum,paper_replica_corrigido,11004,Ji-Paraná,RO,2016,2,158,317230,0,0.5744710260622915,-0.5744710260622915,0,1.2362996264779988,TRUE,157
P. falciparum,paper_replica_corrigido,11004,Ji-Paraná,RO,2016,3,159,317230,0.3152286984207042,0.5371786217214409,-0.2219499233007367,0,1.1825474688050424,TRUE,157
P. falciparum,paper_replica_corrigido,11005,Alvorada D'Oeste,RO,2016,1,157,75248,0,0.2967994510297236,-0.2967994510297236,0,0.9064319040289166,TRUE,157
P. falciparum,paper_replica_corrigido,11005,Alvorada D'Oeste,RO,2016,2,158,75248,0,0.2560232170075528,-0.2560232170075528,0,0.9064319040289166,TRUE,157
P. falciparum,paper_replica_corrigido,11005,Alvorada D'Oeste,RO,2016,3,159,75248,0,0.236595063842801,-0.236595063842801,0,0.9064319040289166,TRUE,157
P. falciparum,paper_replica_corrigido,11006,Cacoal,RO,2016,1,157,249644,0,0.2685193619713266,-0.2685193619713266,0,0.683044534560894,TRUE,157
P. falciparum,paper_replica_corrigido,11006,Cacoal,RO,2016,2,158,249644,0,0.23097060340944348,-0.23097060340944348,0,0.6147400811048046,TRUE,157
P. falciparum,paper_replica_corrigido,11006,Cacoal,RO,2016,3,159,249644,0,0.2165874260076705,-0.2165874260076705,0,0.6147400811048046,TRUE,157
P. falciparum,paper_replica_corrigido,11007,Vilhena,RO,2016,1,157,157201,0,0.2767637070878717,-0.2767637070878717,0,0.9882748950056331,TRUE,157
P. falciparum,paper_replica_corrigido,11007,Vilhena,RO,2016,2,158,157201,0.6361282689041418,0.24142857727954373,0.39469969162459806,0,0.7906199160045064,TRUE,157
P. falciparum,paper_replica_corrigido,11007,Vilhena,RO,2016,3,159,157201,0,0.22468580229382015,-0.22468580229382015,0,0.7906199160045064,TRUE,157
P. falciparum,paper_replica_corrigido,11008,Colorado do Oeste,RO,2016,1,157,54053,0,0.36124731210844185,-0.36124731210844185,0,1.261857582638668,TRUE,157
P. falciparum,paper_replica_corrigido,11008,Colorado do Oeste,RO,2016,2,158,54053,0,0.3139299892818829,-0.3139299892818829,0,1.261857582638668,TRUE,157
P. falciparum,paper_replica_corrigido,11008,Colorado do Oeste,RO,2016,3,159,54053,0,0.28861004442819804,-0.28861004442819804,0,1.1120119947003193,TRUE,157
P. falciparum,paper_replica_corrigido,12001,Cruzeiro do Sul,AC,2016,1,157,145544,375.8313637113175,217.50065328371014,158.33071042760739,147.48873919514014,320.5109067583734,FALSE,157
P. falciparum,paper_replica_corrigido,12001,Cruzeiro do Sul,AC,2016,2,158,145544,355.9061177375914,175.44385692115273,180.46226081643866,114.14399598166908,278.5212301191876,FALSE,157
P. falciparum,paper_replica_corrigido,12001,Cruzeiro do Sul,AC,2016,3,159,145544,289.2596053427142,167.92162192703876,121.33798341567547,92.62428670408633,288.40115403429013,FALSE,157
P. falciparum,paper_replica_corrigido,12002,Tarauacá,AC,2016,1,157,79484,10.06491872578129,13.54570240468229,-3.480783678901,0,30.58549254598913,TRUE,157
P. falciparum,paper_replica_corrigido,12002,Tarauacá,AC,2016,2,158,79484,8.806803885058628,11.345294500019083,-2.5384906149604554,0,29.398255312226194,TRUE,157
P. falciparum,paper_replica_corrigido,12002,Tarauacá,AC,2016,3,159,79484,3.774344522167984,10.801969190281103,-7.027624668113118,0,24.875446802652938,TRUE,157
P. falciparum,paper_replica_corrigido,12003,Sena Madureira,AC,2016,1,157,57237,0,0.10044635716839978,-0.10044635716839978,0,0.5428579477253543,TRUE,157
P. falciparum,paper_replica_corrigido,12003,Sena Madureira,AC,2016,2,158,57237,0,0.08409109004766858,-0.08409109004766858,0,0.5428579477253543,TRUE,157
P. falciparum,paper_replica_corrigido,12003,Sena Madureira,AC,2016,3,159,57237,0,0.07828929799760291,-0.07828929799760291,0,0.5428579477253543,TRUE,157
P. falciparum,paper_replica_corrigido,12004,Rio Branco,AC,2016,1,157,468316,0.6405931038017065,7.385020945155322,-6.744427841353615,1.9190616569523629,13.049619267276068,FALSE,157
P. falciparum,paper_replica_corrigido,12004,Rio Branco,AC,2016,2,158,468316,1.281186207603413,0.5925054010270446,0.6886808065763684,0.09011692430328064,1.2570855804326304,FALSE,157
P. falciparum,paper_replica_corrigido,12004,Rio Branco,AC,2016,3,159,468316,0.6405931038017065,0.5443029333675125,0.09629017043419408,0.072821757012752,1.165148112204032,TRUE,157
P. falciparum,paper_replica_corrigido,12005,Brasiléia,AC,2016,1,157,66106,0,0.2471719171545009,-0.2471719171545009,0,0.773838848754666,TRUE,157
P. falciparum,paper_replica_corrigido,12005,Brasiléia,AC,2016,2,158,66106,0,0.20402056682860015,-0.20402056682860015,0,0.773838848754666,TRUE,157
P. falciparum,paper_replica_corrigido,12005,Brasiléia,AC,2016,3,159,66106,0,0.18597561284337072,-0.18597561284337072,0,0.773838848754666,TRUE,157
P. falciparum,paper_replica_corrigido,13001,Rio Negro,AM,2016,1,157,112645,53.264681077722045,58.62488316739829,-5.360202089676243,20.74384948499256,103.7192474249628,TRUE,157
P. falciparum,paper_replica_corrigido,13001,Rio Negro,AM,2016,2,158,112645,51.489191708464645,47.46692037294773,4.022271335516912,17.552488025762937,89.43790489491016,TRUE,157
P. falciparum,paper_replica_corrigido,13001,Rio Negro,AM,2016,3,159,112645,82.56025567046918,43.583907648315275,38.9763480221539,7.978403648074062,94.14516304727394,TRUE,157
P. falciparum,paper_replica_corrigido,13002,Japurá,AM,2016,1,157,23137,8.644163028914726,15.690926706449657,-7.046763677534932,0,46.612470706001794,TRUE,157
P. falciparum,paper_replica_corrigido,13002,Japurá,AM,2016,2,158,23137,0,12.511442595394023,-12.511442595394023,0,38.84372558833483,TRUE,157
P. falciparum,paper_replica_corrigido,13002,Japurá,AM,2016,3,159,23137,0,11.862214125338264,-11.862214125338264,0,38.84372558833483,TRUE,157
P. falciparum,paper_replica_corrigido,13003,Alto Solimões,AM,2016,1,157,248118,29.42148493861792,27.925385028185236,1.496099910432683,11.935072764162264,47.088299221277524,TRUE,157
P. falciparum,paper_replica_corrigido,13003,Alto Solimões,AM,2016,2,158,248118,37.885199783973754,23.236173336313186,14.649026447660567,6.864025155716993,45.29532167400578,TRUE,157
P. falciparum,paper_replica_corrigido,13003,Alto Solimões,AM,2016,3,159,248118,31.436655139893112,22.563218555699613,8.873436584193499,9.417659844255505,42.39758018346562,TRUE,157
P. falciparum,paper_replica_corrigido,13004,Juruá,AM,2016,1,157,147121,27.86821731771807,45.82357287619335,-17.955355558475283,18.326288135697204,76.97041016992826,TRUE,157
P. falciparum,paper_replica_corrigido,13004,Juruá,AM,2016,2,158,147121,42.14218228532976,39.007524611475326,3.1346576738544343,14.661030508557763,75.80974525466739,TRUE,157
P. falciparum,paper_replica_corrigido,13004,Juruá,AM,2016,3,159,147121,26.508792082707433,37.790093158178436,-11.281301075471003,10.934685254299334,74.58799271228756,TRUE,157
P. falciparum,paper_replica_corrigido,13005,Tefé,AM,2016,1,157,91235,23.017482325861785,49.75204692593505,-26.734564600073263,12.658130689257792,88.65616825161095,TRUE,157
P. falciparum,paper_replica_corrigido,13005,Tefé,AM,2016,2,158,91235,7.6724941086205956,41.4524884497359,-33.779994341115305,10.786500470612669,79.83980485325625,FALSE,157
P. falciparum,paper_replica_corrigido,13005,Tefé,AM,2016,3,159,91235,17.537129391132787,39.02827080318913,-21.491141412056344,9.850685361290104,81.80994192551428,TRUE,157
P. falciparum,paper_replica_corrigido,13006,Coari,AM,2016,1,157,174835,0.5719678554065262,26.324597474897097,-25.75262961949057,9.252776057924013,47.291966518278294,FALSE,157
P. falciparum,paper_replica_corrigido,13006,Coari,AM,2016,2,158,174835,0.5719678554065262,21.075257972690682,-20.503290117284156,4.600685873245553,43.1796216036454,FALSE,157
P. falciparum,paper_replica_corrigido,13006,Coari,AM,2016,3,159,174835,0,19.915276895623872,-19.915276895623872,3.5725996445873287,40.63510818771627,FALSE,157
P. falciparum,paper_replica_corrigido,13007,Manaus,AM,2016,1,157,2369017,0.2110580042270697,12.152446282035063,-11.941388277807993,7.623383314786301,17.378810134379712,FALSE,157
P. falciparum,paper_replica_corrigido,13007,Manaus,AM,2016,2,158,2369017,0.37990440760872546,9.453475700255945,-9.07357129264722,5.347180284743116,15.102607104336531,FALSE,157
P. falciparum,paper_replica_corrigido,13007,Manaus,AM,2016,3,159,2369017,0.37990440760872546,8.991027949398543,-8.611123541789818,4.967813113069252,15.25056030128934,FALSE,157
P. falciparum,paper_replica_corrigido,13008,Rio Preto da Eva,AM,2016,1,157,64977,0,58.017951201061955,-58.017951201061955,11.065174187017593,107.88544832342153,FALSE,157
P. falciparum,paper_replica_corrigido,13008,Rio Preto da Eva,AM,2016,2,158,64977,0,43.093929285465464,-43.093929285465464,8.160565962925483,84.44111051467793,FALSE,157
P. falciparum,paper_replica_corrigido,13008,Rio Preto da Eva,AM,2016,3,159,64977,0,41.381196928868754,-41.381196928868754,2.7662935467543983,91.28768704289514,FALSE,157
P. falciparum,paper_replica_corrigido,13009,Itacoatiara,AM,2016,1,157,174140,0.5742506029631331,12.696338029567798,-12.122087426604665,0,25.8047340914581,TRUE,157
P. falciparum,paper_replica_corrigido,13009,Itacoatiara,AM,2016,2,158,174140,0,9.985673582071191,-9.985673582071191,0,21.675976636824807,TRUE,157
P. falciparum,paper_replica_corrigido,13009,Itacoatiara,AM,2016,3,159,174140,0,9.326181280728884,-9.326181280728884,0.4902899477377054,21.675976636824807,FALSE,157
P. falciparum,paper_replica_corrigido,13010,Parintins,AM,2016,1,157,273814,0.3652114208915541,0.4462405733435208,-0.08102915245196668,0,1.0586768705620009,TRUE,157
P. falciparum,paper_replica_corrigido,13010,Parintins,AM,2016,2,158,273814,0.7304228417831082,0.3441218998991345,0.38630094188397374,0,0.8095764304297653,TRUE,157
P. falciparum,paper_replica_corrigido,13010,Parintins,AM,2016,3,159,273814,0.7304228417831082,0.31841971317431483,0.4120031286087934,0,0.8718515404628242,TRUE,157
P. falciparum,paper_replica_corrigido,13011,Boca do Acre,AM,2016,1,157,53328,30.003000300030006,31.019650689752837,-1.0166503897228303,3.3705643524501303,67.4112870490026,TRUE,157
P. falciparum,paper_replica_corrigido,13011,Boca do Acre,AM,2016,2,158,53328,41.254125412541256,26.62659333857788,14.627532073963376,0,59.069140276688465,TRUE,157
P. falciparum,paper_replica_corrigido,13011,Boca do Acre,AM,2016,3,159,53328,18.75187518751875,24.854663684058934,-6.102788496540185,0,62.439704629138596,TRUE,157
P. falciparum,paper_replica_corrigido,13012,Purus,AM,2016,1,157,77422,12.91622536230012,49.7757435317098,-36.85951816940968,17.354205290631448,89.44090419017739,FALSE,157
P. falciparum,paper_replica_corrigido,13012,Purus,AM,2016,2,158,77422,11.62460282607011,43.35611903266312,-31.731516206593014,11.608164074000964,85.90041414760715,TRUE,157
P. falciparum,paper_replica_corrigido,13012,Purus,AM,2016,3,159,77422,7.749735217380073,40.13445578402413,-32.384720566644056,4.6432656296003865,82.4760057457768,TRUE,157
P. falciparum,paper_replica_corrigido,13013,Madeira,AM,2016,1,157,191878,10.423289798726277,28.487233866053575,-18.0639440673273,9.367694878384212,51.52232183111316,TRUE,157
P. falciparum,paper_replica_corrigido,13013,Madeira,AM,2016,2,158,191878,11.465618778598902,24.65194754307835,-13.186328764479448,7.4941559027073685,45.45673939735936,TRUE,157
P. falciparum,paper_replica_corrigido,13013,Madeira,AM,2016,3,159,191878,9.90212530878996,23.083470495997783,-13.181345187207823,7.939121409430619,48.26704786087463,TRUE,157
P. falciparum,paper_replica_corrigido,14001,Boa Vista,RR,2016,1,157,365901,17.764367957452972,11.880766837998811,5.883601119454161,3.180783398306666,20.632108529556746,TRUE,157
P. falciparum,paper_replica_corrigido,14001,Boa Vista,RR,2016,2,158,365901,31.42926638626295,11.094023159546882,20.335243226716067,3.9299254342012855,21.61458988810707,FALSE,157
P. falciparum,paper_replica_corrigido,14001,Boa Vista,RR,2016,3,159,365901,52.74650793520651,11.487137384207388,41.25937055099912,2.456203396375803,23.862015995790895,FALSE,157
P. falciparum,paper_replica_corrigido,14002,Nordeste de Roraima,RR,2016,1,157,48362,6.203217402092553,29.990431213332418,-23.787213811239866,0,66.90000835726997,TRUE,157
P. falciparum,paper_replica_corrigido,14002,Nordeste de Roraima,RR,2016,2,158,48362,2.0677391340308504,25.930951450347155,-23.863212316316304,0,66.90000835726997,TRUE,157
P. falciparum,paper_replica_corrigido,14002,Nordeste de Roraima,RR,2016,3,159,48362,2.0677391340308504,28.362923600252376,-26.295184466221524,0,66.90000835726997,TRUE,157
P. falciparum,paper_replica_corrigido,14003,Caracaraí,RR,2016,1,157,47747,10.47186210651978,32.08282557792823,-21.610963471408454,0,65.97355043615813,TRUE,157
P. falciparum,paper_replica_corrigido,14003,Caracaraí,RR,2016,2,158,47747,2.0943724213039565,28.008798479835477,-25.91442605853152,0,63.99716732751438,TRUE,157
P. falciparum,paper_replica_corrigido,14003,Caracaraí,RR,2016,3,159,47747,16.754979370431652,28.97748536636255,-12.222505995930899,0,63.99716732751438,TRUE,157
P. falciparum,paper_replica_corrigido,14004,Sudeste de Roraima,RR,2016,1,157,52219,7.660047109289723,34.010732102922375,-26.350684993632655,3.4421466475317524,72.2850795981668,TRUE,157
P. falciparum,paper_replica_corrigido,14004,Sudeste de Roraima,RR,2016,2,158,52219,3.8300235546448618,26.195300708129473,-22.365277153484612,0,58.51649300803978,TRUE,157
P. falciparum,paper_replica_corrigido,14004,Sudeste de Roraima,RR,2016,3,159,52219,9.575058886612153,25.961529589432878,-16.386470702820723,0,61.95863965557154,TRUE,157
P. falciparum,paper_replica_corrigido,15001,Óbidos,PA,2016,1,157,201119,0,0.4130649094071452,-0.4130649094071452,0,1.017415379666286,TRUE,157
P. falciparum,paper_replica_corrigido,15001,Óbidos,PA,2016,2,158,201119,0,0.33969167494256075,-0.33969167494256075,0,0.892358072582303,TRUE,157
P. falciparum,paper_replica_corrigido,15001,Óbidos,PA,2016,3,159,201119,0,0.32065850802704365,-0.32065850802704365,0,0.9326307646940956,TRUE,157
P. falciparum,paper_replica_corrigido,15002,Santarém,PA,2016,1,157,510742,0.978967854611526,0.2633034161856553,0.7156644384258708,0,0.5675674775837188,FALSE,157
P. falciparum,paper_replica_corrigido,15002,Santarém,PA,2016,2,158,510742,1.5663485673784414,0.21469309428351588,1.3516554730949255,0,0.5007948331621048,FALSE,157
P. falciparum,paper_replica_corrigido,15002,Santarém,PA,2016,3,159,510742,2.153729280145358,0.20150002001641765,1.9522292601289402,0,0.5341811553729118,FALSE,157
P. falciparum,paper_replica_corrigido,15003,Almeirim,PA,2016,1,157,72528,2.757555702625193,0.46321441554184495,2.2943412870833484,0,1.4106383999497007,FALSE,157
P. falciparum,paper_replica_corrigido,15003,Almeirim,PA,2016,2,158,72528,5.515111405250386,0.39370137980864706,5.121410025441739,0,1.2989628599536773,FALSE,157
P. falciparum,paper_replica_corrigido,15003,Almeirim,PA,2016,3,159,72528,6.893889256562983,0.37944942019495975,6.514439836368023,0,1.175531999958084,FALSE,157
P. falciparum,paper_replica_corrigido,15004,Portel,PA,2016,1,157,147088,0,0.5201987406635248,-0.5201987406635248,0,1.2752214100709223,TRUE,157
P. falciparum,paper_replica_corrigido,15004,Portel,PA,2016,2,158,147088,0,0.4443407854795816,-0.4443407854795816,0,1.1592921909735656,TRUE,157
P. falciparum,paper_replica_corrigido,15004,Portel,PA,2016,3,159,147088,0,0.42335542867025167,-0.42335542867025167,0,1.043362971876209,TRUE,157
P. falciparum,paper_replica_corrigido,15005,Furos de Breves,PA,2016,1,157,223291,28.214303308239025,56.45291330968398,-28.238610001444954,31.39433642964097,92.99565938549416,FALSE,157
P. falciparum,paper_replica_corrigido,15005,Furos de Breves,PA,2016,2,158,223291,18.361689454568253,46.46456950847475,-28.1028800539065,24.531856479315607,80.49829853754095,FALSE,157
P. falciparum,paper_replica_corrigido,15005,Furos de Breves,PA,2016,3,159,223291,8.061229516639722,45.585243380944796,-37.524013864305076,24.068991262724744,80.49829853754095,FALSE,157
P. falciparum,paper_replica_corrigido,15006,Arari,PA,2016,1,157,170786,0,0.6303510047016913,-0.6303510047016913,0,1.497645911719226,TRUE,157
P. falciparum,paper_replica_corrigido,15006,Arari,PA,2016,2,158,170786,0.585528087782371,0.5159261602415949,0.0696019275407761,0,1.3503773970668331,TRUE,157
P. falciparum,paper_replica_corrigido,15006,Arari,PA,2016,3,159,170786,1.171056175564742,0.5091615249193158,0.6618946506454262,0,1.2979597901566624,TRUE,157
P. falciparum,paper_replica_corrigido,15007,Belém,PA,2016,1,157,2280761,0,0.02967815678143865,-0.02967815678143865,0,0.08173998157796308,TRUE,157
P. falciparum,paper_replica_corrigido,15007,Belém,PA,2016,2,158,2280761,0.08769002977514961,0.024998792122026492,0.06269123765312312,0,0.08173998157796308,FALSE,157
P. falciparum,paper_replica_corrigido,15007,Belém,PA,2016,3,159,2280761,0,0.024521333586361556,-0.024521333586361556,0,0.08173998157796308,TRUE,157
P. falciparum,paper_replica_corrigido,15008,Castanhal,PA,2016,1,157,329626,0,0.03462298913721667,-0.03462298913721667,0,0.18852614996363218,TRUE,157
P. falciparum,paper_replica_corrigido,15008,Castanhal,PA,2016,2,158,329626,0,0.028610535286378167,-0.028610535286378167,0,0.18852614996363218,TRUE,157
P. falciparum,paper_replica_corrigido,15008,Castanhal,PA,2016,3,159,329626,0,0.02814038289748795,-0.02814038289748795,0,0.18852614996363218,TRUE,157
P. falciparum,paper_replica_corrigido,15009,Salgado,PA,2016,1,157,262427,0,0.023280258322713413,-0.023280258322713413,0,0.11840077565934949,TRUE,157
P. falciparum,paper_replica_corrigido,15009,Salgado,PA,2016,2,158,262427,0,0.01944854210581254,-0.01944854210581254,0,0.11840077565934949,TRUE,157
P. falciparum,paper_replica_corrigido,15009,Salgado,PA,2016,3,159,262427,0,0.019413514714762877,-0.019413514714762877,0,0.11840077565934949,TRUE,157
P. falciparum,paper_replica_corrigido,15010,Bragantina,PA,2016,1,157,409039,0,0.06903883817596777,-0.06903883817596777,0,0.2278870255938146,TRUE,157
P. falciparum,paper_replica_corrigido,15010,Bragantina,PA,2016,2,158,409039,0,0.05717205635869292,-0.05717205635869292,0,0.2278870255938146,TRUE,157
P. falciparum,paper_replica_corrigido,15010,Bragantina,PA,2016,3,159,409039,0,0.056598491862034625,-0.056598491862034625,0,0.2278870255938146,TRUE,157
P. falciparum,paper_replica_corrigido,15011,Cametá,PA,2016,1,157,478943,0.2087931131679553,0.24369384506894834,-0.03490073190099305,0,0.648752781728851,TRUE,157
P. falciparum,paper_replica_corrigido,15011,Cametá,PA,2016,2,158,478943,0,0.2078988488484192,-0.2078988488484192,0,0.5838775035559658,TRUE,157
P. falciparum,paper_replica_corrigido,15011,Cametá,PA,2016,3,159,478943,0,0.20023514706619253,-0.20023514706619253,0,0.6179370245967291,TRUE,157
P. falciparum,paper_replica_corrigido,15012,Tomé-Açu,PA,2016,1,157,325988,0,0.3228682280027417,-0.3228682280027417,0,0.7846207672640703,TRUE,157
P. falciparum,paper_replica_corrigido,15012,Tomé-Açu,PA,2016,2,158,325988,0,0.2719577525340302,-0.2719577525340302,0,0.6800046649621942,TRUE,157
P. falciparum,paper_replica_corrigido,15012,Tomé-Açu,PA,2016,3,159,325988,0,0.26090557428133526,-0.26090557428133526,0,0.6800046649621942,TRUE,157
P. falciparum,paper_replica_corrigido,15013,Guamá,PA,2016,1,157,465819,0,0.5841071054814363,-0.5841071054814363,0.1098181717271643,1.0981817172716428,FALSE,157
P. falciparum,paper_replica_corrigido,15013,Guamá,PA,2016,2,158,465819,0,0.4857726988155862,-0.4857726988155862,0,1.0249696027868669,TRUE,157
P. falciparum,paper_replica_corrigido,15013,Guamá,PA,2016,3,159,465819,0,0.471501700217763,-0.471501700217763,0.0366060572423881,1.0267999056489847,FALSE,157
P. falciparum,paper_replica_corrigido,15014,Itaituba,PA,2016,1,157,214640,31.680954155795753,73.5282160175336,-41.84726186173784,46.05851690416666,113.09459468923099,FALSE,157
P. falciparum,paper_replica_corrigido,15014,Itaituba,PA,2016,2,158,214640,34.010436079016024,67.17697874777085,-33.16654266875482,37.244591623869304,111.37786815007573,FALSE,157
P. falciparum,paper_replica_corrigido,15014,Itaituba,PA,2016,3,159,214640,33.54453969437197,62.07827586387246,-28.533736169500493,31.82224804287878,108.86558540984845,TRUE,157
P. falciparum,paper_replica_corrigido,15015,Altamira,PA,2016,1,157,297477,0,16.6964352535348,-16.6964352535348,7.8550305577808945,28.39895663197708,FALSE,157
P. falciparum,paper_replica_corrigido,15015,Altamira,PA,2016,2,158,297477,0.3361604426560709,15.38304714760298,-15.046886704946909,6.646564318122296,29.32041213971675,FALSE,157
P. falciparum,paper_replica_corrigido,15015,Altamira,PA,2016,3,159,297477,0.6723208853121418,13.907133586739066,-13.234812701426925,3.6253987189757977,27.19049039231848,FALSE,157
P. falciparum,paper_replica_corrigido,15016,Tucuruí,PA,2016,1,157,368588,0,20.746123890692004,-20.746123890692004,7.058871890901201,34.87984884260506,FALSE,157
P. falciparum,paper_replica_corrigido,15016,Tucuruí,PA,2016,2,158,368588,0.2713056312196816,19.169008641075045,-18.897703009855363,7.546531434314064,34.62382758231331,FALSE,157
P. falciparum,paper_replica_corrigido,15016,Tucuruí,PA,2016,3,159,368588,0.5426112624393632,18.205553667479364,-17.662942405040003,7.802552694605817,34.13616803890045,FALSE,157
P. falciparum,paper_replica_corrigido,15017,Paragominas,PA,2016,1,157,334228,0,8.669231597564936,-8.669231597564936,1.8688304356948722,16.953922154037638,FALSE,157
P. falciparum,paper_replica_corrigido,15017,Paragominas,PA,2016,2,158,334228,0,7.6583154479557445,-7.6583154479557445,0.7932445734244425,15.878336291767203,FALSE,157
P. falciparum,paper_replica_corrigido,15017,Paragominas,PA,2016,3,159,334228,0,7.387695049920189,-7.387695049920189,1.0755858622704295,15.595995002921226,FALSE,157
P. falciparum,paper_replica_corrigido,15018,São Félix do Xingu,PA,2016,1,157,205857,0.971548210651083,0.2526166741758902,0.7189315364751928,0,0.7546879716005797,FALSE,157
P. falciparum,paper_replica_corrigido,15018,São Félix do Xingu,PA,2016,2,158,205857,0.4857741053255415,0.24429101905556685,0.24148308626997464,0,0.9056255659206957,TRUE,157
P. falciparum,paper_replica_corrigido,15018,São Félix do Xingu,PA,2016,3,159,205857,0,0.22358609354845668,-0.22358609354845668,0,0.7546879716005797,TRUE,157
P. falciparum,paper_replica_corrigido,15019,Parauapebas,PA,2016,1,157,307967,0,0.22297393042115982,-0.22297393042115982,0,0.5536890958639069,TRUE,157
P. falciparum,paper_replica_corrigido,15019,Parauapebas,PA,2016,2,158,307967,0,0.21571820041316686,-0.21571820041316686,0,0.6090580054502975,TRUE,157
P. falciparum,paper_replica_corrigido,15019,Parauapebas,PA,2016,3,159,307967,0,0.20175558342689992,-0.20175558342689992,0,0.4983201862775162,TRUE,157
P. falciparum,paper_replica_corrigido,15020,Marabá,PA,2016,1,157,319770,0,0.32901385696814467,-0.32901385696814467,0,0.7465527025683703,TRUE,157
P. falciparum,paper_replica_corrigido,15020,Marabá,PA,2016,2,158,319770,0.3127247709291053,0.3141957614114203,-0.0014709904823150266,0,0.7465527025683703,TRUE,157
P. falciparum,paper_replica_corrigido,15020,Marabá,PA,2016,3,159,319770,0,0.297405424180115,-0.297405424180115,0,0.7998778956089682,TRUE,157
P. falciparum,paper_replica_corrigido,15021,Redenção,PA,2016,1,157,190717,0,0.13622804336574865,-0.13622804336574865,0,0.48875916180449736,TRUE,157
P. falciparum,paper_replica_corrigido,15021,Redenção,PA,2016,2,158,190717,0,0.1347492193721412,-0.1347492193721412,0,0.48875916180449736,TRUE,157
P. falciparum,paper_replica_corrigido,15021,Redenção,PA,2016,3,159,190717,0,0.12422295896737053,-0.12422295896737053,0,0.48875916180449736,TRUE,157
P. falciparum,paper_replica_corrigido,15022,Conceição do Araguaia,PA,2016,1,157,155323,0,0.6429513287322138,-0.6429513287322138,0,1.5369594824996153,TRUE,157
P. falciparum,paper_replica_corrigido,15022,Conceição do Araguaia,PA,2016,2,158,155323,0,0.6588991520484858,-0.6588991520484858,0,1.5369594824996153,TRUE,157
P. falciparum,paper_replica_corrigido,15022,Conceição do Araguaia,PA,2016,3,159,155323,0,0.5856481203180455,-0.5856481203180455,0,1.5369594824996153,TRUE,157
P. falciparum,paper_replica_corrigido,16001,Oiapoque,AP,2016,1,157,35237,28.379260436473025,156.44956789866157,-128.07030746218854,51.01043102064891,280.557370613569,FALSE,157
P. falciparum,paper_replica_corrigido,16001,Oiapoque,AP,2016,2,158,35237,42.56889065470954,141.16027502460776,-98.59138436989821,45.90938791858402,262.8312458338934,FALSE,157
P. falciparum,paper_replica_corrigido,16001,Oiapoque,AP,2016,3,159,35237,39.730964611062234,142.42436416972467,-102.69339955866243,40.808344816519124,270.3552844094392,FALSE,157
P. falciparum,paper_replica_corrigido,16002,Amapá,AP,2016,1,157,29010,0,21.4113996680397,-21.4113996680397,0,52.82075182999301,TRUE,157
P. falciparum,paper_replica_corrigido,16002,Amapá,AP,2016,2,158,29010,0,18.6407791622646,-18.6407791622646,0,52.82075182999301,TRUE,157
P. falciparum,paper_replica_corrigido,16002,Amapá,AP,2016,3,159,29010,0,18.668511423272058,-18.668511423272058,0,55.76384357418631,TRUE,157
P. falciparum,paper_replica_corrigido,16003,Macapá,AP,2016,1,157,636748,6.910112006633707,11.40538962561395,-4.495277618980243,4.650672454563521,18.49683232687554,TRUE,157
P. falciparum,paper_replica_corrigido,16003,Macapá,AP,2016,2,158,636748,13.034984012513585,9.820759336969891,3.2142246755436936,4.234299655141293,17.798172883777223,TRUE,157
P. falciparum,paper_replica_corrigido,16003,Macapá,AP,2016,3,159,636748,4.39734400422145,9.788689292155134,-5.391345287933683,3.5215258798591758,18.510946659059336,TRUE,157
P. falciparum,paper_replica_corrigido,16004,Mazagão,AP,2016,1,157,81300,61.50061500615006,30.330365421027647,31.170249585122416,2.2108912150979156,59.69406280764372,FALSE,157
P. falciparum,paper_replica_corrigido,16004,Mazagão,AP,2016,2,158,81300,152.52152521525215,26.56419722659109,125.95732798866106,2.2108912150979156,57.48317159254581,FALSE,157
P. falciparum,paper_replica_corrigido,16004,Mazagão,AP,2016,3,159,81300,63.960639606396064,26.255067581068495,37.70557202532757,3.2610645422694295,59.69406280764372,FALSE,157
P. falciparum,paper_replica_corrigido,17001,Bico do Papagaio,TO,2016,1,157,212579,0,0.04934000337822412,-0.04934000337822412,0,0.29232953729160555,TRUE,157
P. falciparum,paper_replica_corrigido,17001,Bico do Papagaio,TO,2016,2,158,212579,0,0.04827227451995606,-0.04827227451995606,0,0.29232953729160555,TRUE,157
P. falciparum,paper_replica_corrigido,17001,Bico do Papagaio,TO,2016,3,159,212579,0,0.0452079344053706,-0.0452079344053706,0,0.29232953729160555,TRUE,157
P. falciparum,paper_replica_corrigido,17002,Araguaína,TO,2016,1,157,310729,0,0.040584110827431685,-0.040584110827431685,0,0.1999913773993165,TRUE,157
P. falciparum,paper_replica_corrigido,17002,Araguaína,TO,2016,2,158,310729,0,0.041353191643362215,-0.041353191643362215,0,0.1999913773993165,TRUE,157
P. falciparum,paper_replica_corrigido,17002,Araguaína,TO,2016,3,159,310729,0.32182384006642445,0.03807861585594038,0.2837452242104841,0,0.1999913773993165,FALSE,157
P. falciparum,paper_replica_corrigido,17003,Miracema do Tocantins,TO,2016,1,157,149097,0,0.03834105939958387,-0.03834105939958387,0,0.20839829341942565,TRUE,157
P. falciparum,paper_replica_corrigido,17003,Miracema do Tocantins,TO,2016,2,158,149097,0,0.039709417708055174,-0.039709417708055174,0,0.20839829341942565,TRUE,157
P. falciparum,paper_replica_corrigido,17003,Miracema do Tocantins,TO,2016,3,159,149097,0.6707043065923526,0.03643650115544766,0.634267805436905,0,0.20839829341942565,FALSE,157
P. falciparum,paper_replica_corrigido,17004,Rio Formoso,TO,2016,1,157,125805,0,0.03840919573942377,-0.03840919573942377,0,0.24698191927154015,TRUE,157
P. falciparum,paper_replica_corrigido,17004,Rio Formoso,TO,2016,2,158,125805,0,0.03962299509727979,-0.03962299509727979,0,0.24698191927154015,TRUE,157
P. falciparum,paper_replica_corrigido,17004,Rio Formoso,TO,2016,3,159,125805,0,0.03664661120075471,-0.03664661120075471,0,0.24698191927154015,TRUE,157
P. falciparum,paper_replica_corrigido,17005,Gurupi,TO,2016,1,157,148490,0,0.004824678200839778,-0.004824678200839778,0,0,TRUE,157
P. falciparum,paper_replica_corrigido,17005,Gurupi,TO,2016,2,158,148490,0,0.004915625386057276,-0.004915625386057276,0,0,TRUE,157
P. falciparum,paper_replica_corrigido,17005,Gurupi,TO,2016,3,159,148490,0,0.004632522315984825,-0.004632522315984825,0,0,TRUE,157
P. falciparum,paper_replica_corrigido,17006,Porto Nacional,TO,2016,1,157,383420,0,0.013299254248250179,-0.013299254248250179,0,0.08103792278429948,TRUE,157
P. falciparum,paper_replica_corrigido,17006,Porto Nacional,TO,2016,2,158,383420,0,0.013577328264923716,-0.013577328264923716,0,0.08103792278429948,TRUE,157
P. falciparum,paper_replica_corrigido,17006,Porto Nacional,TO,2016,3,159,383420,0.2608105993427573,0.012998763349158213,0.24781183599359907,0,0.08103792278429948,FALSE,157
P. falciparum,paper_replica_corrigido,17007,Jalapão,TO,2016,1,157,78618,0,0.0010398254797261124,-0.0010398254797261124,0,0,TRUE,157
P. falciparum,paper_replica_corrigido,17007,Jalapão,TO,2016,2,158,78618,0,0.0010112879164096231,-0.0010112879164096231,0,0,TRUE,157
P. falciparum,paper_replica_corrigido,17007,Jalapão,TO,2016,3,159,78618,0,0.0010133099348525489,-0.0010133099348525489,0,0,TRUE,157
P. falciparum,paper_replica_corrigido,17008,Dianópolis,TO,2016,1,157,124164,0,3.8359512532582424e-4,-3.8359512532582424e-4,0,0,TRUE,157
P. falciparum,paper_replica_corrigido,17008,Dianópolis,TO,2016,2,158,124164,0,3.7428131152315023e-4,-3.7428131152315023e-4,0,0,TRUE,157
P. falciparum,paper_replica_corrigido,17008,Dianópolis,TO,2016,3,159,124164,0,3.7661074150575983e-4,-3.7661074150575983e-4,0,0,TRUE,157
P. falciparum,paper_replica_corrigido,21001,Litoral Ocidental Maranhense,MA,2016,1,157,187688,0,0.007565563220688671,-0.007565563220688671,0,0,TRUE,157
P. falciparum,paper_replica_corrigido,21001,Litoral Ocidental Maranhense,MA,2016,2,158,187688,0,0.006599041085829343,-0.006599041085829343,0,0.08691322399847753,TRUE,157
P. falciparum,paper_replica_corrigido,21001,Litoral Ocidental Maranhense,MA,2016,3,159,187688,0.5327991134222753,0.0065146799366145244,0.5262844334856608,0,0.08691322399847753,FALSE,157
P. falciparum,paper_replica_corrigido,21002,Aglomeração Urbana de São Luís,MA,2016,1,157,1409162,0,0.006540260529296271,-0.006540260529296271,0,0.022049672325790866,TRUE,157
P. falciparum,paper_replica_corrigido,21002,Aglomeração Urbana de São Luís,MA,2016,2,158,1409162,0,0.0057506896428010075,-0.0057506896428010075,0,0.022049672325790866,TRUE,157
P. falciparum,paper_replica_corrigido,21002,Aglomeração Urbana de São Luís,MA,2016,3,159,1409162,0.07096416167906884,0.005616556215261946,0.0653476054638069,0,0.04409934465158173,FALSE,157
P. falciparum,paper_replica_corrigido,21003,Rosário,MA,2016,1,157,174476,0,0.007046425798554935,-0.007046425798554935,0,0,TRUE,157
P. falciparum,paper_replica_corrigido,21003,Rosário,MA,2016,2,158,174476,0,0.006222814050160915,-0.006222814050160915,0,0,TRUE,157
P. falciparum,paper_replica_corrigido,21003,Rosário,MA,2016,3,159,174476,0,0.006014372493995638,-0.006014372493995638,0,0,TRUE,157
P. falciparum,paper_replica_corrigido,21004,Lençóis Maranhenses,MA,2016,1,157,194298,0,0.006565976045056279,-0.006565976045056279,0,0.08395644415190197,TRUE,157
P. falciparum,paper_replica_corrigido,21004,Lençóis Maranhenses,MA,2016,2,158,194298,0,0.005819655921166975,-0.005819655921166975,0,0,TRUE,157
P. falciparum,paper_replica_corrigido,21004,Lençóis Maranhenses,MA,2016,3,159,194298,0,0.005730216742749055,-0.005730216742749055,0,0,TRUE,157
P. falciparum,paper_replica_corrigido,21005,Baixada Maranhense,MA,2016,1,157,595044,0.33610959861791734,0.2696007567286838,0.06650884188923356,0,0.6266069807400347,TRUE,157
P. falciparum,paper_replica_corrigido,21005,Baixada Maranhense,MA,2016,2,158,595044,0.16805479930895867,0.23712680094918356,-0.0690720016402249,0,0.6266069807400347,TRUE,157
P. falciparum,paper_replica_corrigido,21005,Baixada Maranhense,MA,2016,3,159,595044,0.16805479930895867,0.2299081505526423,-0.06185335124368363,0,0.6266069807400347,TRUE,157
P. falciparum,paper_replica_corrigido,21006,Itapecuru Mirim,MA,2016,1,157,232934,0,0.05044093189316544,-0.05044093189316544,0,0.266784242351534,TRUE,157
P. falciparum,paper_replica_corrigido,21006,Itapecuru Mirim,MA,2016,2,158,232934,0,0.04476020544731695,-0.04476020544731695,0,0.266784242351534,TRUE,157
P. falciparum,paper_replica_corrigido,21006,Itapecuru Mirim,MA,2016,3,159,232934,0,0.04319135595546257,-0.04319135595546257,0,0.266784242351534,TRUE,157
P. falciparum,paper_replica_corrigido,21007,Gurupi,MA,2016,1,157,238005,0.42015924035209345,0.39361853441582756,0.026540705936265896,0,0.9313811084712329,TRUE,157
P. falciparum,paper_replica_corrigido,21007,Gurupi,MA,2016,2,158,238005,1.2604777210562803,0.3345128439455965,0.9259648771106839,0,0.8597364078195995,FALSE,157
P. falciparum,paper_replica_corrigido,21007,Gurupi,MA,2016,3,159,238005,0,0.32858807120994266,-0.32858807120994266,0,0.8597364078195995,TRUE,157
P. falciparum,paper_replica_corrigido,21008,Pindaré,MA,2016,1,157,654404,0.305621603779928,0.2247300956611274,0.08089150811880058,0,0.5697684064392536,TRUE,157
P. falciparum,paper_replica_corrigido,21008,Pindaré,MA,2016,2,158,654404,0.7640540094498199,0.19989167516815048,0.5641623342816695,0,0.5472150736843653,FALSE,157
P. falciparum,paper_replica_corrigido,21008,Pindaré,MA,2016,3,159,654404,0.611243207559856,0.19302869922847243,0.4182145083313835,0,0.5222877059026491,FALSE,157
P. falciparum,paper_replica_corrigido,21009,Imperatriz,MA,2016,1,157,589439,0,0.05993930140274398,-0.05993930140274398,0,0.21085513753895557,TRUE,157
P. falciparum,paper_replica_corrigido,21009,Imperatriz,MA,2016,2,158,589439,0.16965283939474654,0.056553909950988746,0.1130989294437578,0,0.21085513753895557,TRUE,157
P. falciparum,paper_replica_corrigido,21009,Imperatriz,MA,2016,3,159,589439,0,0.054463668519731036,-0.054463668519731036,0,0.21085513753895557,TRUE,157
P. falciparum,paper_replica_corrigido,21010,Médio Mearim,MA,2016,1,157,416384,0.2401629265293575,0.14271717795424757,0.09744574857510993,0,0.41228858687078945,TRUE,157
P. falciparum,paper_replica_corrigido,21010,Médio Mearim,MA,2016,2,158,416384,0.7204887795880726,0.12910293500373082,0.5913858445843417,0,0.3731118433219829,FALSE,157
P. falciparum,paper_replica_corrigido,21010,Médio Mearim,MA,2016,3,159,416384,0.2401629265293575,0.12448021623038294,0.11568271029897456,0,0.3731118433219829,TRUE,157
P. falciparum,paper_replica_corrigido,21011,Alto Mearim e Grajaú,MA,2016,1,157,330611,0,0.06727201207958225,-0.06727201207958225,0,0.28194670190002247,TRUE,157
P. falciparum,paper_replica_corrigido,21011,Alto Mearim e Grajaú,MA,2016,2,158,330611,0,0.06334665780284979,-0.06334665780284979,0,0.28194670190002247,TRUE,157
P. falciparum,paper_replica_corrigido,21011,Alto Mearim e Grajaú,MA,2016,3,159,330611,0,0.061574171833791186,-0.061574171833791186,0,0.28194670190002247,TRUE,157
P. falciparum,paper_replica_corrigido,21012,Presidente Dutra,MA,2016,1,157,195820,0.5106730671024411,0.13973155674583992,0.37094151035660117,0,0.47602227076840115,FALSE,157
P. falciparum,paper_replica_corrigido,21012,Presidente Dutra,MA,2016,2,158,195820,0.5106730671024411,0.1295063344155726,0.3811667326868685,0,0.47602227076840115,FALSE,157
P. falciparum,paper_replica_corrigido,21012,Presidente Dutra,MA,2016,3,159,195820,0,0.1255488100346441,-0.1255488100346441,0,0.47602227076840115,TRUE,157
P. falciparum,paper_replica_corrigido,21013,Baixo Parnaíba Maranhense,MA,2016,1,157,143983,0,0.0544359847031648,-0.0544359847031648,0,0.21580020109287978,TRUE,157
P. falciparum,paper_replica_corrigido,21013,Baixo Parnaíba Maranhense,MA,2016,2,158,143983,0,0.04775435732936826,-0.04775435732936826,0,0.21580020109287978,TRUE,157
P. falciparum,paper_replica_corrigido,21013,Baixo Parnaíba Maranhense,MA,2016,3,159,143983,0,0.047337059620032124,-0.047337059620032124,0,0.21580020109287978,TRUE,157
P. falciparum,paper_replica_corrigido,21014,Chapadinha,MA,2016,1,157,240987,0,0.025308666424998127,-0.025308666424998127,0,0.12893459130142335,TRUE,157
P. falciparum,paper_replica_corrigido,21014,Chapadinha,MA,2016,2,158,240987,0,0.02235045849019099,-0.02235045849019099,0,0.12893459130142335,TRUE,157
P. falciparum,paper_replica_corrigido,21014,Chapadinha,MA,2016,3,159,240987,0,0.02170750464911629,-0.02170750464911629,0,0.12893459130142335,TRUE,157
P. falciparum,paper_replica_corrigido,21015,Codó,MA,2016,1,157,273399,0,0.08535320075132735,-0.08535320075132735,0,0.28696407043821837,TRUE,157
P. falciparum,paper_replica_corrigido,21015,Codó,MA,2016,2,158,273399,0,0.07691862426064844,-0.07691862426064844,0,0.3409474104216487,TRUE,157
P. falciparum,paper_replica_corrigido,21015,Codó,MA,2016,3,159,273399,0,0.0739008962768143,-0.0739008962768143,0,0.3409474104216487,TRUE,157
P. falciparum,paper_replica_corrigido,21016,Coelho Neto,MA,2016,1,157,92230,0,0.008151538507057859,-0.008151538507057859,0,0,TRUE,157
P. falciparum,paper_replica_corrigido,21016,Coelho Neto,MA,2016,2,158,92230,0,0.007247190790417693,-0.007247190790417693,0,0,TRUE,157
P. falciparum,paper_replica_corrigido,21016,Coelho Neto,MA,2016,3,159,92230,0,0.006997011153818517,-0.006997011153818517,0,0,TRUE,157
P. falciparum,paper_replica_corrigido,21017,Caxias,MA,2016,1,157,437336,0,0.04458844590874394,-0.04458844590874394,0,0.14209468396818972,TRUE,157
P. falciparum,paper_replica_corrigido,21017,Caxias,MA,2016,2,158,437336,0.22865714233449796,0.041326265945447485,0.1873308763890505,0,0.14209468396818972,FALSE,157
P. falciparum,paper_replica_corrigido,21017,Caxias,MA,2016,3,159,437336,0.22865714233449796,0.03989218445910962,0.18876495787538833,0,0.21314202595228457,FALSE,157
P. falciparum,paper_replica_corrigido,21018,Chapadas do Alto Itapecuru,MA,2016,1,157,217425,0,0.045029813627746045,-0.045029813627746045,0,0.2858140540780141,TRUE,157
P. falciparum,paper_replica_corrigido,21018,Chapadas do Alto Itapecuru,MA,2016,2,158,217425,0,0.042210144180747505,-0.042210144180747505,0,0.2179332162344825,TRUE,157
P. falciparum,paper_replica_corrigido,21018,Chapadas do Alto Itapecuru,MA,2016,3,159,217425,0,0.04216776141697303,-0.04216776141697303,0,0.2179332162344825,TRUE,157
P. falciparum,paper_replica_corrigido,21019,Porto Franco,MA,2016,1,157,118414,0,0.035542339052237276,-0.035542339052237276,0,0.2623976924515353,TRUE,157
P. falciparum,paper_replica_corrigido,21019,Porto Franco,MA,2016,2,158,118414,0,0.035255564967958154,-0.035255564967958154,0,0.2623976924515353,TRUE,157
P. falciparum,paper_replica_corrigido,21019,Porto Franco,MA,2016,3,159,118414,0,0.033744727369840806,-0.033744727369840806,0,0.2623976924515353,TRUE,157
P. falciparum,paper_replica_corrigido,21020,Gerais de Balsas,MA,2016,1,157,140990,0,0.003959317377250568,-0.003959317377250568,0,0,TRUE,157
P. falciparum,paper_replica_corrigido,21020,Gerais de Balsas,MA,2016,2,158,140990,0,0.0037904550323179416,-0.0037904550323179416,0,0,TRUE,157
P. falciparum,paper_replica_corrigido,21020,Gerais de Balsas,MA,2016,3,159,140990,0,0.003860284633772825,-0.003860284633772825,0,0,TRUE,157
P. falciparum,paper_replica_corrigido,21021,Chapadas das Mangabeiras,MA,2016,1,157,71007,0,0.0018591015017242402,-0.0018591015017242402,0,0,TRUE,157
P. falciparum,paper_replica_corrigido,21021,Chapadas das Mangabeiras,MA,2016,2,158,71007,0,0.0017924297465705496,-0.0017924297465705496,0,0,TRUE,157
P. falciparum,paper_replica_corrigido,21021,Chapadas das Mangabeiras,MA,2016,3,159,71007,0,0.0017949270008495045,-0.0017949270008495045,0,0,TRUE,157
P. falciparum,paper_replica_corrigido,51001,Aripuanã,MT,2016,1,157,158779,0,13.224456265157057,-13.224456265157057,2.2640960805580153,28.30120100697519,FALSE,157
P. falciparum,paper_replica_corrigido,51001,Aripuanã,MT,2016,2,158,158779,0,12.175693423242056,-12.175693423242056,1.1320480402790076,27.16915296669618,FALSE,157
P. falciparum,paper_replica_corrigido,51001,Aripuanã,MT,2016,3,159,158779,0,11.34113153512582,-11.34113153512582,0,26.03710492641718,TRUE,157
P. falciparum,paper_replica_corrigido,51002,Alta Floresta,MT,2016,1,157,103591,0,0.20485321647563906,-0.20485321647563906,0,0.8998337795934813,TRUE,157
P. falciparum,paper_replica_corrigido,51002,Alta Floresta,MT,2016,2,158,103591,0,0.19269078057945194,-0.19269078057945194,0,0.8998337795934813,TRUE,157
P. falciparum,paper_replica_corrigido,51002,Alta Floresta,MT,2016,3,159,103591,0,0.18201836212888842,-0.18201836212888842,0,0.8998337795934813,TRUE,157
P. falciparum,paper_replica_corrigido,51003,Colíder,MT,2016,1,157,150531,0,0.24358946719953514,-0.24358946719953514,0,0.8256521342170345,TRUE,157
P. falciparum,paper_replica_corrigido,51003,Colíder,MT,2016,2,158,150531,1.3286299831928308,0.24012791622525692,1.0885020669675738,0,0.8256521342170345,FALSE,157
P. falciparum,paper_replica_corrigido,51003,Colíder,MT,2016,3,159,150531,0,0.21986168085035254,-0.21986168085035254,0,0.8256521342170345,TRUE,157
P. falciparum,paper_replica_corrigido,51004,Parecis,MT,2016,1,157,103492,0,0.09232889413658012,-0.09232889413658012,0,0.457853066321864,TRUE,157
P. falciparum,paper_replica_corrigido,51004,Parecis,MT,2016,2,158,103492,0,0.08483510323800271,-0.08483510323800271,0,0.457853066321864,TRUE,157
P. falciparum,paper_replica_corrigido,51004,Parecis,MT,2016,3,159,103492,0,0.07745209871571714,-0.07745209871571714,0,0.3002315188995875,TRUE,157
P. falciparum,paper_replica_corrigido,51005,Arinos,MT,2016,1,157,79669,0,0.1204921666361293,-0.1204921666361293,0,0.7800163263993801,TRUE,157
P. falciparum,paper_replica_corrigido,51005,Arinos,MT,2016,2,158,79669,0,0.11377094957952574,-0.11377094957952574,0,0.7800163263993801,TRUE,157
P. falciparum,paper_replica_corrigido,51005,Arinos,MT,2016,3,159,79669,0,0.10420634131754128,-0.10420634131754128,0,0.39000816319969006,TRUE,157
P. falciparum,paper_replica_corrigido,51006,Alto Teles Pires,MT,2016,1,157,238340,0,0.06448414551723725,-0.06448414551723725,0,0.260733073373803,TRUE,157
P. falciparum,paper_replica_corrigido,51006,Alto Teles Pires,MT,2016,2,158,238340,0,0.06170921790040589,-0.06170921790040589,0,0.260733073373803,TRUE,157
P. falciparum,paper_replica_corrigido,51006,Alto Teles Pires,MT,2016,3,159,238340,0,0.05755417165961817,-0.05755417165961817,0,0.260733073373803,TRUE,157
P. falciparum,paper_replica_corrigido,51007,Sinop,MT,2016,1,157,194473,0,0.04980167848621237,-0.04980167848621237,0,0.3195462645606959,TRUE,157
P. falciparum,paper_replica_corrigido,51007,Sinop,MT,2016,2,158,194473,0,0.0492219090401653,-0.0492219090401653,0,0.3195462645606959,TRUE,157
P. falciparum,paper_replica_corrigido,51007,Sinop,MT,2016,3,159,194473,0,0.044678870833984315,-0.044678870833984315,0,0.15977313228034795,TRUE,157
P. falciparum,paper_replica_corrigido,51008,Paranatinga,MT,2016,1,157,35035,0,0.005452755685110437,-0.005452755685110437,0,0,TRUE,157
P. falciparum,paper_replica_corrigido,51008,Paranatinga,MT,2016,2,158,35035,0,0.005182411388950111,-0.005182411388950111,0,0,TRUE,157
P. falciparum,paper_replica_corrigido,51008,Paranatinga,MT,2016,3,159,35035,0,0.004940636370659803,-0.004940636370659803,0,0,TRUE,157
P. falciparum,paper_replica_corrigido,51009,Norte Araguaia,MT,2016,1,157,124904,0,0.018217796410361503,-0.018217796410361503,0,0.24876353322516576,TRUE,157
P. falciparum,paper_replica_corrigido,51009,Norte Araguaia,MT,2016,2,158,124904,0,0.018724896841845893,-0.018724896841845893,0,0.24876353322516576,TRUE,157
P. falciparum,paper_replica_corrigido,51009,Norte Araguaia,MT,2016,3,159,124904,0,0.01699630218980342,-0.01699630218980342,0,0.24876353322516576,TRUE,157
P. falciparum,paper_replica_corrigido,51010,Canarana,MT,2016,1,157,109827,0,0.003304006312035889,-0.003304006312035889,0,0,TRUE,157
P. falciparum,paper_replica_corrigido,51010,Canarana,MT,2016,2,158,109827,0,0.0032505785030742824,-0.0032505785030742824,0,0,TRUE,157
P. falciparum,paper_replica_corrigido,51010,Canarana,MT,2016,3,159,109827,0,0.003056343730760039,-0.003056343730760039,0,0,TRUE,157
P. falciparum,paper_replica_corrigido,51011,Médio Araguaia,MT,2016,1,157,67282,0,8.380728664307938e-4,-8.380728664307938e-4,0,0,TRUE,157
P. falciparum,paper_replica_corrigido,51011,Médio Araguaia,MT,2016,2,158,67282,0,8.435461112415054e-4,-8.435461112415054e-4,0,0,TRUE,157
P. falciparum,paper_replica_corrigido,51011,Médio Araguaia,MT,2016,3,159,67282,0,8.086189383515723e-4,-8.086189383515723e-4,0,0,TRUE,157
P. falciparum,paper_replica_corrigido,51012,Alto Guaporé,MT,2016,1,157,72021,0,0.09238020116593551,-0.09238020116593551,0,0.4314236174720721,TRUE,157
P. falciparum,paper_replica_corrigido,51012,Alto Guaporé,MT,2016,2,158,72021,0,0.08477802277297367,-0.08477802277297367,0,0.4314236174720721,TRUE,157
P. falciparum,paper_replica_corrigido,51012,Alto Guaporé,MT,2016,3,159,72021,0,0.0731958594512685,-0.0731958594512685,0,0.4314236174720721,TRUE,157
P. falciparum,paper_replica_corrigido,51013,Tangará da Serra,MT,2016,1,157,161588,0,0.0183145958103464,-0.0183145958103464,0,0.19228878601106586,TRUE,157
P. falciparum,paper_replica_corrigido,51013,Tangará da Serra,MT,2016,2,158,161588,0,0.016930933042529774,-0.016930933042529774,0,0.19228878601106586,TRUE,157
P. falciparum,paper_replica_corrigido,51013,Tangará da Serra,MT,2016,3,159,161588,0,0.014828037249709382,-0.014828037249709382,0,0.19228878601106586,TRUE,157
P. falciparum,paper_replica_corrigido,51014,Jauru,MT,2016,1,157,107801,0,0.011172357645982976,-0.011172357645982976,0,0,TRUE,157
P. falciparum,paper_replica_corrigido,51014,Jauru,MT,2016,2,158,107801,0,0.01038741699874908,-0.01038741699874908,0,0,TRUE,157
P. falciparum,paper_replica_corrigido,51014,Jauru,MT,2016,3,159,107801,0,0.008936158432639842,-0.008936158432639842,0,0,TRUE,157
P. falciparum,paper_replica_corrigido,51015,Alto Paraguai,MT,2016,1,157,32538,0,0.00787474636650287,-0.00787474636650287,0,0,TRUE,157
P. falciparum,paper_replica_corrigido,51015,Alto Paraguai,MT,2016,2,158,32538,0,0.0073078910458067164,-0.0073078910458067164,0,0,TRUE,157
P. falciparum,paper_replica_corrigido,51015,Alto Paraguai,MT,2016,3,159,32538,0,0.006491145662157991,-0.006491145662157991,0,0,TRUE,157
P. falciparum,paper_replica_corrigido,51016,Rosário Oeste,MT,2016,1,157,30278,0,0.011006529864914136,-0.011006529864914136,0,0,TRUE,157
P. falciparum,paper_replica_corrigido,51016,Rosário Oeste,MT,2016,2,158,30278,0,0.010507592892397116,-0.010507592892397116,0,0,TRUE,157
P. falciparum,paper_replica_corrigido,51016,Rosário Oeste,MT,2016,3,159,30278,0,0.00942322022819299,-0.00942322022819299,0,0,TRUE,157
P. falciparum,paper_replica_corrigido,51017,Cuiabá,MT,2016,1,157,906316,0,0.011840794861047391,-0.011840794861047391,0,0.0685667258526962,TRUE,157
P. falciparum,paper_replica_corrigido,51017,Cuiabá,MT,2016,2,158,906316,0.22067358404794796,0.011125521809249996,0.20954806223869796,0,0.0685667258526962,FALSE,157
P. falciparum,paper_replica_corrigido,51017,Cuiabá,MT,2016,3,159,906316,0.11033679202397398,0.009938713843365922,0.10039807818060806,0,0.0685667258526962,FALSE,157
P. falciparum,paper_replica_corrigido,51018,Alto Pantanal,MT,2016,1,157,136000,0,0.007491431945015071,-0.007491431945015071,0,0,TRUE,157
P. falciparum,paper_replica_corrigido,51018,Alto Pantanal,MT,2016,2,158,136000,0,0.007025692518482779,-0.007025692518482779,0,0,TRUE,157
P. falciparum,paper_replica_corrigido,51018,Alto Pantanal,MT,2016,3,159,136000,0,0.005992852223610739,-0.005992852223610739,0,0,TRUE,157
P. falciparum,paper_replica_corrigido,51019,Primavera do Leste,MT,2016,1,157,97184,0,0.004771219865601243,-0.004771219865601243,0,0,TRUE,157
P. falciparum,paper_replica_corrigido,51019,Primavera do Leste,MT,2016,2,158,97184,0,0.004443778617669429,-0.004443778617669429,0,0,TRUE,157
P. falciparum,paper_replica_corrigido,51019,Primavera do Leste,MT,2016,3,159,97184,0,0.004191496555245607,-0.004191496555245607,0,0,TRUE,157
P. falciparum,paper_replica_corrigido,51020,Tesouro,MT,2016,1,157,54436,0,0.0017677113699295307,-0.0017677113699295307,0,0,TRUE,157
P. falciparum,paper_replica_corrigido,51020,Tesouro,MT,2016,2,158,54436,1.837019619369535,0.0016767208568727692,1.835342898512662,0,0,FALSE,157
P. falciparum,paper_replica_corrigido,51020,Tesouro,MT,2016,3,159,54436,0,0.0015652852104564336,-0.0015652852104564336,0,0,TRUE,157
P. falciparum,paper_replica_corrigido,51021,Rondonópolis,MT,2016,1,157,302259,0,0.004195345739595266,-0.004195345739595266,0,0,TRUE,157
P. falciparum,paper_replica_corrigido,51021,Rondonópolis,MT,2016,2,158,302259,0,0.003947934904989472,-0.003947934904989472,0,0,TRUE,157
P. falciparum,paper_replica_corrigido,51021,Rondonópolis,MT,2016,3,159,302259,0,0.0036151942707793212,-0.0036151942707793212,0,0,TRUE,157
P. falciparum,paper_replica_corrigido,51022,Alto Araguaia,MT,2016,1,157,39187,0,9.214053829717753e-4,-9.214053829717753e-4,0,0,TRUE,157
P. falciparum,paper_replica_corrigido,51022,Alto Araguaia,MT,2016,2,158,39187,0,8.659861379882401e-4,-8.659861379882401e-4,0,0,TRUE,157
P. falciparum,paper_replica_corrigido,51022,Alto Araguaia,MT,2016,3,159,39187,0,8.114822531968155e-4,-8.114822531968155e-4,0,0,TRUE,157
P. falciparum,paper_replica_corrigido,11001,Porto Velho,RO,2017,1,169,659874,13.487423356580194,48.12414441672087,-34.63672106014067,33.36140641632983,68.91558132950763,FALSE,169
P. falciparum,paper_replica_corrigido,11001,Porto Velho,RO,2017,2,170,659874,11.668894364681742,42.39460755263871,-30.72571318795697,27.096353568192775,65.93287138659018,FALSE,169
P. falciparum,paper_replica_corrigido,11001,Porto Velho,RO,2017,3,171,659874,16.9729372577189,41.85133310762668,-24.87839584990778,24.903585071344807,72.47031783682017,FALSE,169
P. falciparum,paper_replica_corrigido,11002,Guajará-Mirim,RO,2017,1,169,84545,0,15.761463051375213,-15.761463051375213,0,35.132694504557115,TRUE,169
P. falciparum,paper_replica_corrigido,11002,Guajará-Mirim,RO,2017,2,170,84545,0,13.675811324750699,-13.675811324750699,0,33.0066615542057,TRUE,169
P. falciparum,paper_replica_corrigido,11002,Guajará-Mirim,RO,2017,3,171,84545,0,13.488401599903577,-13.488401599903577,0,34.016527205622666,TRUE,169
P. falciparum,paper_replica_corrigido,11003,Ariquemes,RO,2017,1,169,204494,1.4670357076491245,53.76277669429742,-52.2957409866483,27.665790785599196,87.0186906361976,FALSE,169
P. falciparum,paper_replica_corrigido,11003,Ariquemes,RO,2017,2,170,204494,0.48901190254970806,46.94279898861753,-46.45378708606783,19.29353797438927,76.93243331245651,FALSE,169
P. falciparum,paper_replica_corrigido,11003,Ariquemes,RO,2017,3,171,204494,0,46.8272302296525,-46.8272302296525,23.73237017350844,82.20629335101395,FALSE,169
P. falciparum,paper_replica_corrigido,11004,Ji-Paraná,RO,2017,1,169,317627,0,0.6182847807946111,-0.6182847807946111,0.02550036226401161,1.316623967420805,FALSE,169
P. falciparum,paper_replica_corrigido,11004,Ji-Paraná,RO,2017,2,170,317627,0,0.5341694880804232,-0.5341694880804232,0,1.1273844369352468,TRUE,169
P. falciparum,paper_replica_corrigido,11004,Ji-Paraná,RO,2017,3,171,317627,0.6296693920856854,0.5402764108962077,0.0893929811894777,0,1.2884393564974248,TRUE,169
P. falciparum,paper_replica_corrigido,11005,Alvorada D'Oeste,RO,2017,1,169,75328,2.655055225148683,0.27487979676422575,2.3801754283844576,0,0.9054692533237034,FALSE,169
P. falciparum,paper_replica_corrigido,11005,Alvorada D'Oeste,RO,2017,2,170,75328,2.655055225148683,0.23840763189948938,2.416647593249194,0,0.9054692533237034,FALSE,169
P. falciparum,paper_replica_corrigido,11005,Alvorada D'Oeste,RO,2017,3,171,75328,0,0.23729410806146745,-0.23729410806146745,0,0.9054692533237034,TRUE,169
P. falciparum,paper_replica_corrigido,11006,Cacoal,RO,2017,1,169,250643,0,0.24806256757004416,-0.24806256757004416,0,0.6122898816536981,TRUE,169
P. falciparum,paper_replica_corrigido,11006,Cacoal,RO,2017,2,170,250643,0,0.2118016182910763,-0.2118016182910763,0,0.5799745823441959,TRUE,169
P. falciparum,paper_replica_corrigido,11006,Cacoal,RO,2017,3,171,250643,0,0.21470422941656228,-0.21470422941656228,0,0.6122898816536981,TRUE,169
P. falciparum,paper_replica_corrigido,11007,Vilhena,RO,2017,1,169,159583,0,0.2594110848509742,-0.2594110848509742,0,0.7788188053603732,TRUE,169
P. falciparum,paper_replica_corrigido,11007,Vilhena,RO,2017,2,170,159583,0,0.21853948245237825,-0.21853948245237825,0,0.7788188053603732,TRUE,169
P. falciparum,paper_replica_corrigido,11007,Vilhena,RO,2017,3,171,159583,0,0.22279548543509978,-0.22279548543509978,0,0.7788188053603732,TRUE,169
P. falciparum,paper_replica_corrigido,11008,Colorado do Oeste,RO,2017,1,169,53694,0,0.33323600774959916,-0.33323600774959916,0,1.2702944074639237,TRUE,169
P. falciparum,paper_replica_corrigido,11008,Colorado do Oeste,RO,2017,2,170,53694,0,0.2912842828173373,-0.2912842828173373,0,1.2702944074639237,TRUE,169
P. falciparum,paper_replica_corrigido,11008,Colorado do Oeste,RO,2017,3,171,53694,0,0.2913550632426855,-0.2913550632426855,0,0.952720805597943,TRUE,169
P. falciparum,paper_replica_corrigido,12001,Cruzeiro do Sul,AC,2017,1,169,147727,476.55472594718634,192.68859175277706,283.86613419440926,114.89074213062584,285.356116475351,FALSE,169
P. falciparum,paper_replica_corrigido,12001,Cruzeiro do Sul,AC,2017,2,170,147727,282.2774442045124,180.42193559441773,101.85550861009466,113.15688660998889,278.05567217793237,FALSE,169
P. falciparum,paper_replica_corrigido,12001,Cruzeiro do Sul,AC,2017,3,171,147727,246.4004548931475,174.30106957894475,72.09938531420275,103.42296088009739,298.28398658536304,TRUE,169
P. falciparum,paper_replica_corrigido,12002,Tarauacá,AC,2017,1,169,80242,0,11.866974915043262,-11.866974915043262,0,29.12054691105639,TRUE,169
P. falciparum,paper_replica_corrigido,12002,Tarauacá,AC,2017,2,170,80242,1.246230153784801,10.76339321300268,-9.517163059217879,0,24.640462770893873,TRUE,169
P. falciparum,paper_replica_corrigido,12002,Tarauacá,AC,2017,3,171,80242,0,10.565486576151828,-10.565486576151828,0,26.880504840975135,TRUE,169
P. falciparum,paper_replica_corrigido,12003,Sena Madureira,AC,2017,1,169,58255,0,0.08641027654211265,-0.08641027654211265,0,0.5333715621655841,TRUE,169
P. falciparum,paper_replica_corrigido,12003,Sena Madureira,AC,2017,2,170,58255,0,0.07876689235460581,-0.07876689235460581,0,0.5333715621655841,TRUE,169
P. falciparum,paper_replica_corrigido,12003,Sena Madureira,AC,2017,3,171,58255,0,0.07542451265418049,-0.07542451265418049,0,0.5333715621655841,TRUE,169
P. falciparum,paper_replica_corrigido,12004,Rio Branco,AC,2017,1,169,476130,1.4701867137126414,0.6078299718554397,0.8623567418572017,0.10743996584079128,1.110212980354843,FALSE,169
P. falciparum,paper_replica_corrigido,12004,Rio Branco,AC,2017,2,170,476130,0.21002667338752024,0.5501064431470233,-0.34007976975950305,0.07162664389386085,1.05738833048312,TRUE,169
P. falciparum,paper_replica_corrigido,12004,Rio Branco,AC,2017,3,171,476130,1.050133366937601,0.5268146911486399,0.5233186757889611,0,1.1460263023017736,TRUE,169
P. falciparum,paper_replica_corrigido,12005,Brasiléia,AC,2017,1,169,67265,0,0.2142830670102587,-0.2142830670102587,0,0.7605053287114539,TRUE,169
P. falciparum,paper_replica_corrigido,12005,Brasiléia,AC,2017,2,170,67265,0,0.1916744582655326,-0.1916744582655326,0,0.7605053287114539,TRUE,169
P. falciparum,paper_replica_corrigido,12005,Brasiléia,AC,2017,3,171,67265,0,0.18263936247621126,-0.18263936247621126,0,0.7605053287114539,TRUE,169
P. falciparum,paper_replica_corrigido,13001,Rio Negro,AM,2017,1,169,114647,211.08271476793988,51.374264415065966,159.7084503528739,20.38161421787737,92.57956304351217,FALSE,169
P. falciparum,paper_replica_corrigido,13001,Rio Negro,AM,2017,2,170,114647,240.73896395021237,49.5732618787902,191.16570207142217,17.99069408847253,91.09013738912874,FALSE,169
P. falciparum,paper_replica_corrigido,13001,Rio Negro,AM,2017,3,171,114647,333.1966819890621,44.970973691082435,288.2257082979796,10.974715348087816,91.75645939240562,FALSE,169
P. falciparum,paper_replica_corrigido,13002,Japurá,AM,2017,1,169,22736,17.593244194229417,13.85268750693035,3.740556687299067,0,39.528821205898254,TRUE,169
P. falciparum,paper_replica_corrigido,13002,Japurá,AM,2017,2,170,22736,13.194933145672062,12.978257018936791,0.2166761267352708,0,39.528821205898254,TRUE,169
P. falciparum,paper_replica_corrigido,13002,Japurá,AM,2017,3,171,22736,13.194933145672062,12.159421843706083,1.035511301965979,0,39.528821205898254,TRUE,169
P. falciparum,paper_replica_corrigido,13003,Alto Solimões,AM,2017,1,169,250657,26.330802650634137,26.11177912144165,0.21902352919248713,10.039362080550104,45.21298422704883,TRUE,169
P. falciparum,paper_replica_corrigido,13003,Alto Solimões,AM,2017,2,170,250657,21.54338398688247,23.836745659455477,-2.293361672573006,10.039362080550104,42.30874019660401,TRUE,169
P. falciparum,paper_replica_corrigido,13003,Alto Solimões,AM,2017,3,171,250657,10.771691993441236,23.21328190470939,-12.441589911268155,7.888070206146511,44.49588693558097,TRUE,169
P. falciparum,paper_replica_corrigido,13004,Juruá,AM,2017,1,169,149439,14.05255656154016,41.859740638484034,-27.807184076943877,14.433618195046316,72.22823105104423,FALSE,169
P. falciparum,paper_replica_corrigido,13004,Juruá,AM,2017,2,170,149439,19.40591144212689,38.069812569022275,-18.663901126895386,13.742007323200353,69.19115722250326,TRUE,169
P. falciparum,paper_replica_corrigido,13004,Juruá,AM,2017,3,171,149439,42.15766968462048,37.72030359569055,4.437366088929927,15.004948915266903,72.16809097523159,TRUE,169
P. falciparum,paper_replica_corrigido,13005,Tefé,AM,2017,1,169,91357,10.94606871941942,44.419933703875664,-33.47386498445624,17.70755499947618,78.70024444211633,FALSE,169
P. falciparum,paper_replica_corrigido,13005,Tefé,AM,2017,2,170,91357,9.85146184747748,41.59742077912728,-31.745958931649803,5.804143027606084,84.60276277527505,TRUE,169
P. falciparum,paper_replica_corrigido,13005,Tefé,AM,2017,3,171,91357,3.2838206158258263,39.07030170570314,-35.78648108987731,11.80503666631745,74.76523222001052,FALSE,169
P. falciparum,paper_replica_corrigido,13006,Coari,AM,2017,1,169,177551,0,22.14915358393701,-22.14915358393701,6.074157479962171,42.51910235973519,FALSE,169
P. falciparum,paper_replica_corrigido,13006,Coari,AM,2017,2,170,177551,0.5632184555423513,20.07010162783028,-19.506883172287928,6.074157479962171,38.4696640397604,FALSE,169
P. falciparum,paper_replica_corrigido,13006,Coari,AM,2017,3,171,177551,0,19.18006162772305,-19.18006162772305,4.04943831997478,38.4696640397604,FALSE,169
P. falciparum,paper_replica_corrigido,13007,Manaus,AM,2017,1,169,2409396,0.4150417781053841,9.997531455767767,-9.582489677662384,6.376595143941964,14.789821436519366,FALSE,169
P. falciparum,paper_replica_corrigido,13007,Manaus,AM,2017,2,170,2409396,0.16601671124215364,8.751736588995382,-8.585719877753228,4.884557672414156,14.064318215988985,FALSE,169
P. falciparum,paper_replica_corrigido,13007,Manaus,AM,2017,3,171,2409396,0.2075208890526921,8.612744548756883,-8.405223659704191,4.959159545990547,15.013627057248536,FALSE,169
P. falciparum,paper_replica_corrigido,13008,Rio Preto da Eva,AM,2017,1,169,66575,0,46.64995418287483,-46.64995418287483,8.09968257397494,91.79640250504933,FALSE,169
P. falciparum,paper_replica_corrigido,13008,Rio Preto da Eva,AM,2017,2,170,66575,0,41.233240565887876,-41.233240565887876,6.68223812352933,86.39661412239937,FALSE,169
P. falciparum,paper_replica_corrigido,13008,Rio Preto da Eva,AM,2017,3,171,66575,0,39.431383183401245,-39.431383183401245,2.6998941913249803,86.39661412239937,FALSE,169
P. falciparum,paper_replica_corrigido,13009,Itacoatiara,AM,2017,1,169,176769,0,10.505594865423339,-10.505594865423339,0,22.370438410151852,TRUE,169
P. falciparum,paper_replica_corrigido,13009,Itacoatiara,AM,2017,2,170,176769,0,9.10023535865181,-9.10023535865181,1.0168381095523567,19.85376408900974,FALSE,169
P. falciparum,paper_replica_corrigido,13009,Itacoatiara,AM,2017,3,171,176769,0,9.07228053261099,-9.07228053261099,0,20.870602198562104,TRUE,169
P. falciparum,paper_replica_corrigido,13010,Parintins,AM,2017,1,169,277360,1.0816267666570525,0.367874262787161,0.7137525038698915,0,0.8315025747600814,FALSE,169
P. falciparum,paper_replica_corrigido,13010,Parintins,AM,2017,2,170,277360,0.3605422555523507,0.31907949285828946,0.04146276269406124,0,0.8607050681435238,TRUE,169
P. falciparum,paper_replica_corrigido,13010,Parintins,AM,2017,3,171,277360,0,0.31337894940742483,-0.31337894940742483,0,0.8315025747600814,TRUE,169
P. falciparum,paper_replica_corrigido,13011,Boca do Acre,AM,2017,1,169,53773,24.175701560262585,27.772463974324257,-3.596762414061672,0,60.16808071289104,TRUE,169
P. falciparum,paper_replica_corrigido,13011,Boca do Acre,AM,2017,2,170,53773,7.438677403157718,24.94727644693172,-17.508599043774,0,56.82540956217487,TRUE,169
P. falciparum,paper_replica_corrigido,13011,Boca do Acre,AM,2017,3,171,53773,3.719338701578859,24.773531007440347,-21.054192305861488,0,53.4827384114587,TRUE,169
P. falciparum,paper_replica_corrigido,13012,Purus,AM,2017,1,169,78281,3.832347568375468,44.623580373844874,-40.791232805469406,6.888470604136146,87.25396098572452,FALSE,169
P. falciparum,paper_replica_corrigido,13012,Purus,AM,2017,2,170,78281,6.387245947292447,40.38616523016411,-33.99891928287166,6.888470604136146,86.1632864734029,FALSE,169
P. falciparum,paper_replica_corrigido,13012,Purus,AM,2017,3,171,78281,10.219593515667912,39.447569680624376,-29.227976164956466,4.592313736090763,82.7764550930359,TRUE,169
P. falciparum,paper_replica_corrigido,13013,Madeira,AM,2017,1,169,195073,25.631430285072767,26.818627961765788,-1.187197676693021,7.37141299051988,45.14990456693426,TRUE,169
P. falciparum,paper_replica_corrigido,13013,Madeira,AM,2017,2,170,195073,25.118801679371312,23.251039782855404,1.8677618965159084,5.966237389202029,44.274549274309976,TRUE,169
P. falciparum,paper_replica_corrigido,13013,Madeira,AM,2017,3,171,195073,7.1768004798203755,23.74065729435135,-16.563856814530975,7.37141299051988,45.63365354443711,FALSE,169
P. falciparum,paper_replica_corrigido,14001,Boa Vista,RR,2017,1,169,371888,19.091769565030333,13.07159758724078,6.020171977789554,3.866657827893571,24.42036084429032,TRUE,169
P. falciparum,paper_replica_corrigido,14001,Boa Vista,RR,2017,2,170,371888,15.327195284601816,12.073004962147019,3.2541903224547966,3.866657827893571,23.683279195848122,TRUE,169
P. falciparum,paper_replica_corrigido,14001,Boa Vista,RR,2017,3,171,371888,22.318547519683342,11.881243787592812,10.43730373209053,3.383325599406875,23.683279195848122,TRUE,169
P. falciparum,paper_replica_corrigido,14002,Nordeste de Roraima,RR,2017,1,169,49185,0,34.966402457540006,-34.966402457540006,0,73.08954184709182,TRUE,169
P. falciparum,paper_replica_corrigido,14002,Nordeste de Roraima,RR,2017,2,170,49185,0,28.395682348902305,-28.395682348902305,0,64.04471104351411,TRUE,169
P. falciparum,paper_replica_corrigido,14002,Nordeste de Roraima,RR,2017,3,171,49185,0,28.75653541804646,-28.75653541804646,0,65.78058766238264,TRUE,169
P. falciparum,paper_replica_corrigido,14003,Caracaraí,RR,2017,1,169,48518,45.34399604270581,30.897811422156355,14.446184620549456,0,64.9251641179612,TRUE,169
P. falciparum,paper_replica_corrigido,14003,Caracaraí,RR,2017,2,170,48518,4.1221814584278,27.32540989883918,-23.20322844041138,0,61.220447192542586,TRUE,169
P. falciparum,paper_replica_corrigido,14003,Caracaraí,RR,2017,3,171,48518,6.1832721876417,27.088133395494808,-20.90486120785311,0,62.98018773211651,TRUE,169
P. falciparum,paper_replica_corrigido,14004,Sudeste de Roraima,RR,2017,1,169,53045,3.7703836365350174,29.46732573436088,-25.69694209782586,3.3885466262128485,64.38238589804412,TRUE,169
P. falciparum,paper_replica_corrigido,14004,Sudeste de Roraima,RR,2017,2,170,53045,1.8851918182675087,25.99507575663246,-24.109883938364952,0,60.99383927183127,TRUE,169
P. falciparum,paper_replica_corrigido,14004,Sudeste de Roraima,RR,2017,3,171,53045,0,25.992752860568544,-25.992752860568544,0,64.38238589804412,TRUE,169
P. falciparum,paper_replica_corrigido,15001,Óbidos,PA,2017,1,169,203396,0.983303506460304,0.37307954215624517,0.6102239643040588,0,0.9662036626987364,FALSE,169
P. falciparum,paper_replica_corrigido,15001,Óbidos,PA,2017,2,170,203396,0,0.33187757380432853,-0.33187757380432853,0,0.9221900468274292,TRUE,169
P. falciparum,paper_replica_corrigido,15001,Óbidos,PA,2017,3,171,203396,0,0.3181624359265026,-0.3181624359265026,0,0.8383545880249357,TRUE,169
P. falciparum,paper_replica_corrigido,15002,Santarém,PA,2017,1,169,514081,1.3616531247021384,0.23502558155872835,1.12662754314341,0,0.5638810783438091,FALSE,169
P. falciparum,paper_replica_corrigido,15002,Santarém,PA,2017,2,170,514081,1.1671312497446902,0.2087705914601463,0.9583606582845439,0,0.49754212795041974,FALSE,169
P. falciparum,paper_replica_corrigido,15002,Santarém,PA,2017,3,171,514081,2.3342624994893804,0.1964770106575992,2.1377854888317813,0,0.49754212795041974,FALSE,169
P. falciparum,paper_replica_corrigido,15003,Almeirim,PA,2017,1,169,73186,0,0.4497057040976874,-0.4497057040976874,0,1.3979556454998483,TRUE,169
P. falciparum,paper_replica_corrigido,15003,Almeirim,PA,2017,2,170,73186,1.3663815483835706,0.398333519142471,0.9680480292410996,0,1.2872841568977718,FALSE,169
P. falciparum,paper_replica_corrigido,15003,Almeirim,PA,2017,3,171,73186,0,0.37254288963363824,-0.37254288963363824,0,1.16496303791654,TRUE,169
P. falciparum,paper_replica_corrigido,15004,Portel,PA,2017,1,169,149485,0,0.4960118592806885,-0.4960118592806885,0,1.2547731663010457,TRUE,169
P. falciparum,paper_replica_corrigido,15004,Portel,PA,2017,2,170,149485,0,0.42522480362819776,-0.42522480362819776,0,1.2005897795744072,TRUE,169
P. falciparum,paper_replica_corrigido,15004,Portel,PA,2017,3,171,149485,0,0.41558580478676416,-0.41558580478676416,0,1.2005897795744072,TRUE,169
P. falciparum,paper_replica_corrigido,15005,Furos de Breves,PA,2017,1,169,225900,9.296148738379811,53.644302515683876,-44.34815377730406,29.02264497497841,85.17818079702364,FALSE,169
P. falciparum,paper_replica_corrigido,15005,Furos de Breves,PA,2017,2,170,225900,7.082779991146525,46.23667852140777,-39.153898530261245,18.300776817669735,81.19975105405196,FALSE,169
P. falciparum,paper_replica_corrigido,15005,Furos de Breves,PA,2017,3,171,225900,4.426737494466578,44.02869593574646,-39.60195844127988,18.678727643252042,85.17818079702364,FALSE,169
P. falciparum,paper_replica_corrigido,15006,Arari,PA,2017,1,169,173249,0,0.6048583603015797,-0.6048583603015797,0,1.3779309415943974,TRUE,169
P. falciparum,paper_replica_corrigido,15006,Arari,PA,2017,2,170,173249,0.5772039088248705,0.5259974824344732,0.0512064263903973,0,1.331179713218871,TRUE,169
P. falciparum,paper_replica_corrigido,15006,Arari,PA,2017,3,171,173249,0,0.4887562880536223,-0.4887562880536223,0,1.1810836642237692,TRUE,169
P. falciparum,paper_replica_corrigido,15007,Belém,PA,2017,1,169,2298862,0.08699956761214897,0.029007531801654406,0.057992035810494565,0,0.08819230180391989,TRUE,169
P. falciparum,paper_replica_corrigido,15007,Belém,PA,2017,2,170,2298862,0.08699956761214897,0.025204083333067815,0.06179548427908116,0,0.08109636947486915,FALSE,169
P. falciparum,paper_replica_corrigido,15007,Belém,PA,2017,3,171,2298862,0,0.02353516066320755,-0.02353516066320755,0,0.08109636947486915,TRUE,169
P. falciparum,paper_replica_corrigido,15008,Castanhal,PA,2017,1,169,334419,0,0.03241254128240383,-0.03241254128240383,0,0.18582413292280708,TRUE,169
P. falciparum,paper_replica_corrigido,15008,Castanhal,PA,2017,2,170,334419,0,0.02829927157475667,-0.02829927157475667,0,0.18582413292280708,TRUE,169
P. falciparum,paper_replica_corrigido,15008,Castanhal,PA,2017,3,171,334419,0,0.02591665606610519,-0.02591665606610519,0,0.09291206646140354,TRUE,169
P. falciparum,paper_replica_corrigido,15009,Salgado,PA,2017,1,169,264414,0,0.022494443203960695,-0.022494443203960695,0,0.11751102571708041,TRUE,169
P. falciparum,paper_replica_corrigido,15009,Salgado,PA,2017,2,170,264414,0,0.019448601420922824,-0.019448601420922824,0,0.11751102571708041,TRUE,169
P. falciparum,paper_replica_corrigido,15009,Salgado,PA,2017,3,171,264414,0,0.017916827750254105,-0.017916827750254105,0,0.11751102571708041,TRUE,169
P. falciparum,paper_replica_corrigido,15010,Bragantina,PA,2017,1,169,412502,0,0.06571108835530493,-0.06571108835530493,0,0.2259738887614322,TRUE,169
P. falciparum,paper_replica_corrigido,15010,Bragantina,PA,2017,2,170,412502,0,0.056533296477617685,-0.056533296477617685,0,0.2259738887614322,TRUE,169
P. falciparum,paper_replica_corrigido,15010,Bragantina,PA,2017,3,171,412502,0,0.051412431024357934,-0.051412431024357934,0,0.2259738887614322,TRUE,169
P. falciparum,paper_replica_corrigido,15011,Cametá,PA,2017,1,169,484618,0,0.23291500767913514,-0.23291500767913514,0,0.5770401495313937,TRUE,169
P. falciparum,paper_replica_corrigido,15011,Cametá,PA,2017,2,170,484618,0,0.20327299689749898,-0.20327299689749898,0,0.5129245773612389,TRUE,169
P. falciparum,paper_replica_corrigido,15011,Cametá,PA,2017,3,171,484618,0,0.19400244104617823,-0.19400244104617823,0,0.5770401495313937,TRUE,169
P. falciparum,paper_replica_corrigido,15012,Tomé-Açu,PA,2017,1,169,331346,0,0.30114439990496805,-0.30114439990496805,0,0.6960263716340507,TRUE,169
P. falciparum,paper_replica_corrigido,15012,Tomé-Açu,PA,2017,2,170,331346,0.3017993275910981,0.26371712150386983,0.03808220608722829,0,0.6690087121066672,TRUE,169
P. falciparum,paper_replica_corrigido,15012,Tomé-Açu,PA,2017,3,171,331346,0,0.24772064324589044,-0.24772064324589044,0,0.6175465034830775,TRUE,169
P. falciparum,paper_replica_corrigido,15013,Guamá,PA,2017,1,169,470473,0,0.5458323682175305,-0.5458323682175305,0.017215873312243668,1.1235622582727414,FALSE,169
P. falciparum,paper_replica_corrigido,15013,Guamá,PA,2017,2,170,470473,0,0.47181789067446456,-0.47181789067446456,0.07248788763049945,1.014830426826992,FALSE,169
P. falciparum,paper_replica_corrigido,15013,Guamá,PA,2017,3,171,470473,0,0.43561084320296567,-0.43561084320296567,0,0.9251266658842484,TRUE,169
P. falciparum,paper_replica_corrigido,15014,Itaituba,PA,2017,1,169,215162,24.16783632797613,71.35054095715054,-47.18270462917441,40.49581696255449,110.75261338443856,FALSE,169
P. falciparum,paper_replica_corrigido,15014,Itaituba,PA,2017,2,170,215162,17.661111162751787,61.24847698964678,-43.587365826894995,35.92202432985752,99.85069669828417,FALSE,169
P. falciparum,paper_replica_corrigido,15014,Itaituba,PA,2017,3,171,215162,14.872514663369929,63.31060104904146,-48.43808638567153,30.074252927322572,115.28463622140322,FALSE,169
P. falciparum,paper_replica_corrigido,15015,Altamira,PA,2017,1,169,300663,0,16.003044164687804,-16.003044164687804,4.46878159936962,31.714898173452582,FALSE,169
P. falciparum,paper_replica_corrigido,15015,Altamira,PA,2017,2,170,300663,0,13.722052575781339,-13.722052575781339,4.184812200078572,26.902364143362252,FALSE,169
P. falciparum,paper_replica_corrigido,15015,Altamira,PA,2017,3,171,300663,0,13.822712764245352,-13.822712764245352,2.6752906564788024,29.29368540055001,FALSE,169
P. falciparum,paper_replica_corrigido,15016,Tucuruí,PA,2017,1,169,374094,0,20.40499097094917,-20.40499097094917,8.396424000079852,35.09921448960417,FALSE,169
P. falciparum,paper_replica_corrigido,15016,Tucuruí,PA,2017,2,170,374094,0,17.806624901252302,-17.806624901252302,7.915941939989448,34.84696140805672,FALSE,169
P. falciparum,paper_replica_corrigido,15016,Tucuruí,PA,2017,3,171,374094,0,17.741354896445397,-17.741354896445397,6.222242678170766,35.32744346814713,FALSE,169
P. falciparum,paper_replica_corrigido,15017,Paragominas,PA,2017,1,169,339647,0,8.387215242891182,-8.387215242891182,0.780588514800674,15.876376572217087,FALSE,169
P. falciparum,paper_replica_corrigido,15017,Paragominas,PA,2017,2,170,339647,0,7.371756158469464,-7.371756158469464,1.0584251048144722,15.095788057416401,FALSE,169
P. falciparum,paper_replica_corrigido,15017,Paragominas,PA,2017,3,171,339647,0.2944233277491042,0.6638977424347293,-0.36947441468562514,0.10040893621078344,1.582695857022473,TRUE,169
P. falciparum,paper_replica_corrigido,15018,São Félix do Xingu,PA,2017,1,169,211528,0,0.2530185289765066,-0.2530185289765066,0,0.8115727986630932,TRUE,169
P. falciparum,paper_replica_corrigido,15018,São Félix do Xingu,PA,2017,2,170,211528,0,0.21776252901462667,-0.21776252901462667,0,0.7344550214145671,TRUE,169
P. falciparum,paper_replica_corrigido,15018,São Félix do Xingu,PA,2017,3,171,211528,0,0.21937475062970369,-0.21937475062970369,0,0.7344550214145671,TRUE,169
P. falciparum,paper_replica_corrigido,15019,Parauapebas,PA,2017,1,169,315410,0.317047652262135,0.2276861436777427,0.08936150858439229,0,0.5946855418804471,TRUE,169
P. falciparum,paper_replica_corrigido,15019,Parauapebas,PA,2017,2,170,315410,0,0.19545302764867356,-0.19545302764867356,0,0.5406232198913155,TRUE,169
P. falciparum,paper_replica_corrigido,15019,Parauapebas,PA,2017,3,171,315410,0,0.1984148864055661,-0.1984148864055661,0,0.5946855418804471,TRUE,169
P. falciparum,paper_replica_corrigido,15020,Marabá,PA,2017,1,169,324637,0,0.33544558344800535,-0.33544558344800535,0,0.73536028764524,TRUE,169
P. falciparum,paper_replica_corrigido,15020,Marabá,PA,2017,2,170,324637,0,0.28955657323329415,-0.28955657323329415,0,0.73536028764524,TRUE,169
P. falciparum,paper_replica_corrigido,15020,Marabá,PA,2017,3,171,324637,0,0.2925203078776138,-0.2925203078776138,0,0.6828345528134371,TRUE,169
P. falciparum,paper_replica_corrigido,15021,Redenção,PA,2017,1,169,191626,0,0.13849781484317888,-0.13849781484317888,0,0.48644067643152983,TRUE,169
P. falciparum,paper_replica_corrigido,15021,Redenção,PA,2017,2,170,191626,0,0.12140428134817448,-0.12140428134817448,0,0.48644067643152983,TRUE,169
P. falciparum,paper_replica_corrigido,15021,Redenção,PA,2017,3,171,191626,0,0.12064789137996337,-0.12064789137996337,0,0.48644067643152983,TRUE,169
P. falciparum,paper_replica_corrigido,15022,Conceição do Araguaia,PA,2017,1,169,157930,0,0.6573124269558971,-0.6573124269558971,0,1.403617809926523,TRUE,169
P. falciparum,paper_replica_corrigido,15022,Conceição do Araguaia,PA,2017,2,170,157930,0,0.5632938851161534,-0.5632938851161534,0,1.2956472091629443,TRUE,169
P. falciparum,paper_replica_corrigido,15022,Conceição do Araguaia,PA,2017,3,171,157930,0,0.569949552243147,-0.569949552243147,0,1.2956472091629443,TRUE,169
P. falciparum,paper_replica_corrigido,16001,Oiapoque,AP,2017,1,169,36039,11.099087100086017,159.88795071133413,-148.7888636112481,52.244336673427384,294.51342057908204,FALSE,169
P. falciparum,paper_replica_corrigido,16001,Oiapoque,AP,2017,2,170,36039,2.774771775021504,139.07579691744908,-136.3010251424276,44.887735566667914,271.94486464139635,FALSE,169
P. falciparum,paper_replica_corrigido,16001,Oiapoque,AP,2017,3,171,36039,2.774771775021504,134.4312267082192,-131.65645493319772,42.26928432527895,249.3763087037106,FALSE,169
P. falciparum,paper_replica_corrigido,16002,Amapá,AP,2017,1,169,29648,3.3729087965461413,21.349755755059483,-17.97684695851334,0,54.5638526068249,TRUE,169
P. falciparum,paper_replica_corrigido,16002,Amapá,AP,2017,2,170,29648,0,18.250615127992468,-18.250615127992468,0,48.5012023171777,TRUE,169
P. falciparum,paper_replica_corrigido,16002,Amapá,AP,2017,3,171,29648,0,17.474165425163115,-17.474165425163115,0,48.5012023171777,TRUE,169
P. falciparum,paper_replica_corrigido,16003,Macapá,AP,2017,1,169,649103,27.26839962224793,11.619963396411391,15.648436225836539,5.815185835740508,20.21469361947891,FALSE,169
P. falciparum,paper_replica_corrigido,16003,Macapá,AP,2017,2,170,649103,12.632817904092262,9.919163843194188,2.713654060898074,2.4922225010316468,17.722471118447267,TRUE,169
P. falciparum,paper_replica_corrigido,16003,Macapá,AP,2017,3,171,649103,10.167877825244991,9.55119886297851,0.6166789622664819,3.862944876599053,18.830125563350215,TRUE,169
P. falciparum,paper_replica_corrigido,16004,Mazagão,AP,2017,1,169,82932,157.96073891863213,33.596422138455274,124.36431678017686,4.2263979981858455,65.02150766439755,FALSE,169
P. falciparum,paper_replica_corrigido,16004,Mazagão,AP,2017,2,170,82932,113.34587372787344,29.48720845120717,83.85866527666627,3.1968907934995485,61.824616870897955,FALSE,169
P. falciparum,paper_replica_corrigido,16004,Mazagão,AP,2017,3,171,82932,62.70197270052574,27.8834984758443,34.81847422468144,2.167383588813251,60.686740486771036,FALSE,169
P. falciparum,paper_replica_corrigido,17001,Bico do Papagaio,TO,2017,1,169,214274,0,0.050052526472738106,-0.050052526472738106,0,0.29001708423752864,TRUE,169
P. falciparum,paper_replica_corrigido,17001,Bico do Papagaio,TO,2017,2,170,214274,0,0.04368923791892769,-0.04368923791892769,0,0.29001708423752864,TRUE,169
P. falciparum,paper_replica_corrigido,17001,Bico do Papagaio,TO,2017,3,171,214274,0.4666921791724614,0.04343513411741448,0.4232570450550469,0,0.29001708423752864,FALSE,169
P. falciparum,paper_replica_corrigido,17002,Araguaína,TO,2017,1,169,314505,0,0.041975599667639404,-0.041975599667639404,0,0.19759024723903346,TRUE,169
P. falciparum,paper_replica_corrigido,17002,Araguaína,TO,2017,2,170,314505,0,0.0369216619186789,-0.0369216619186789,0,0.19759024723903346,TRUE,169
P. falciparum,paper_replica_corrigido,17002,Araguaína,TO,2017,3,171,314505,0,0.03636847565519298,-0.03636847565519298,0,0.19759024723903346,TRUE,169
P. falciparum,paper_replica_corrigido,17003,Miracema do Tocantins,TO,2017,1,169,149576,0,0.040343069487485624,-0.040343069487485624,0,0.20773092176523045,TRUE,169
P. falciparum,paper_replica_corrigido,17003,Miracema do Tocantins,TO,2017,2,170,149576,0,0.03448750442888812,-0.03448750442888812,0,0.20773092176523045,TRUE,169
P. falciparum,paper_replica_corrigido,17003,Miracema do Tocantins,TO,2017,3,171,149576,0,0.03525994996183326,-0.03525994996183326,0,0.20773092176523045,TRUE,169
P. falciparum,paper_replica_corrigido,17004,Rio Formoso,TO,2017,1,169,126840,0,0.0413102581731796,-0.0413102581731796,0,0.24496657484985893,TRUE,169
P. falciparum,paper_replica_corrigido,17004,Rio Formoso,TO,2017,2,170,126840,0,0.033664583356582255,-0.033664583356582255,0,0.24496657484985893,TRUE,169
P. falciparum,paper_replica_corrigido,17004,Rio Formoso,TO,2017,3,171,126840,0,0.03566249431867238,-0.03566249431867238,0,0.24496657484985893,TRUE,169
P. falciparum,paper_replica_corrigido,17005,Gurupi,TO,2017,1,169,149665,0,0.005439854499859611,-0.005439854499859611,0,0,TRUE,169
P. falciparum,paper_replica_corrigido,17005,Gurupi,TO,2017,2,170,149665,0,0.004378475410828967,-0.004378475410828967,0,0,TRUE,169
P. falciparum,paper_replica_corrigido,17005,Gurupi,TO,2017,3,171,149665,0,0.004644473499656139,-0.004644473499656139,0,0,TRUE,169
P. falciparum,paper_replica_corrigido,17006,Porto Nacional,TO,2017,1,169,391361,0,0.01429602259013522,-0.01429602259013522,0,0.0793936042527388,TRUE,169
P. falciparum,paper_replica_corrigido,17006,Porto Nacional,TO,2017,2,170,391361,0,0.01212243734274235,-0.01212243734274235,0,0.0793936042527388,TRUE,169
P. falciparum,paper_replica_corrigido,17006,Porto Nacional,TO,2017,3,171,391361,0,0.012607412671736713,-0.012607412671736713,0,0.0793936042527388,TRUE,169
P. falciparum,paper_replica_corrigido,17007,Jalapão,TO,2017,1,169,79352,0,0.0010905423934587895,-0.0010905423934587895,0,0,TRUE,169
P. falciparum,paper_replica_corrigido,17007,Jalapão,TO,2017,2,170,79352,0,9.363226176435089e-4,-9.363226176435089e-4,0,0,TRUE,169
P. falciparum,paper_replica_corrigido,17007,Jalapão,TO,2017,3,171,79352,0,9.619676357706774e-4,-9.619676357706774e-4,0,0,TRUE,169
P. falciparum,paper_replica_corrigido,17008,Dianópolis,TO,2017,1,169,124621,0,4.4963913772494326e-4,-4.4963913772494326e-4,0,0,TRUE,169
P. falciparum,paper_replica_corrigido,17008,Dianópolis,TO,2017,2,170,124621,0,3.611105941136054e-4,-3.611105941136054e-4,0,0,TRUE,169
P. falciparum,paper_replica_corrigido,17008,Dianópolis,TO,2017,3,171,124621,0,3.7853458452679576e-4,-3.7853458452679576e-4,0,0,TRUE,169
P. falciparum,paper_replica_corrigido,21001,Litoral Ocidental Maranhense,MA,2017,1,169,188098,0,0.008008046678722566,-0.008008046678722566,0,0,TRUE,169
P. falciparum,paper_replica_corrigido,21001,Litoral Ocidental Maranhense,MA,2017,2,170,188098,0,0.006758016303152394,-0.006758016303152394,0,0.16518814848619393,TRUE,169
P. falciparum,paper_replica_corrigido,21001,Litoral Ocidental Maranhense,MA,2017,3,171,188098,0,0.006344310342519835,-0.006344310342519835,0,0.16518814848619393,TRUE,169
P. falciparum,paper_replica_corrigido,21002,Aglomeração Urbana de São Luís,MA,2017,1,169,1421569,0,0.006826257877614918,-0.006826257877614918,0,0.04371445966246606,TRUE,169
P. falciparum,paper_replica_corrigido,21002,Aglomeração Urbana de São Luís,MA,2017,2,170,1421569,0,0.005813858011118619,-0.005813858011118619,0,0.03333227549262987,TRUE,169
P. falciparum,paper_replica_corrigido,21002,Aglomeração Urbana de São Luís,MA,2017,3,171,1421569,0.4220688549060932,0.005509140200411066,0.41655971470568215,0,0.04371445966246606,FALSE,169
P. falciparum,paper_replica_corrigido,21003,Rosário,MA,2017,1,169,176135,0,0.0073528469387424385,-0.0073528469387424385,0,0,TRUE,169
P. falciparum,paper_replica_corrigido,21003,Rosário,MA,2017,2,170,176135,0,0.0060784475002429415,-0.0060784475002429415,0,0,TRUE,169
P. falciparum,paper_replica_corrigido,21003,Rosário,MA,2017,3,171,176135,0,0.005751557386385076,-0.005751557386385076,0,0,TRUE,169
P. falciparum,paper_replica_corrigido,21004,Lençóis Maranhenses,MA,2017,1,169,196569,0,0.006979181795477065,-0.006979181795477065,0,0.15806948376374763,TRUE,169
P. falciparum,paper_replica_corrigido,21004,Lençóis Maranhenses,MA,2017,2,170,196569,0,0.005802585093507813,-0.005802585093507813,0,0,TRUE,169
P. falciparum,paper_replica_corrigido,21004,Lençóis Maranhenses,MA,2017,3,171,196569,0,0.005416089019531339,-0.005416089019531339,0,0,TRUE,169
P. falciparum,paper_replica_corrigido,21005,Baixada Maranhense,MA,2017,1,169,599144,0.3338095683174662,0.2758160782428951,0.05799349007457111,0,0.6741789696657722,TRUE,169
P. falciparum,paper_replica_corrigido,21005,Baixada Maranhense,MA,2017,2,170,599144,0,0.2302850115017896,-0.2302850115017896,0,0.5704591281787302,TRUE,169
P. falciparum,paper_replica_corrigido,21005,Baixada Maranhense,MA,2017,3,171,599144,0.1669047841587331,0.21879715592549678,-0.05189237176676367,0,0.5976855865690778,TRUE,169
P. falciparum,paper_replica_corrigido,21006,Itapecuru Mirim,MA,2017,1,169,235736,0,0.053007324460793884,-0.053007324460793884,0,0.26361319742386485,TRUE,169
P. falciparum,paper_replica_corrigido,21006,Itapecuru Mirim,MA,2017,2,170,235736,0,0.04357314655995455,-0.04357314655995455,0,0.26361319742386485,TRUE,169
P. falciparum,paper_replica_corrigido,21006,Itapecuru Mirim,MA,2017,3,171,235736,0,0.04125382571562129,-0.04125382571562129,0,0.26361319742386485,TRUE,169
P. falciparum,paper_replica_corrigido,21007,Gurupi,MA,2017,1,169,240034,0.8332152944999458,0.3840074665965483,0.4492078279033975,0,0.8897646048345825,TRUE,169
P. falciparum,paper_replica_corrigido,21007,Gurupi,MA,2017,2,170,240034,0,0.32579589177361123,-0.32579589177361123,0,0.8187255146282287,TRUE,169
P. falciparum,paper_replica_corrigido,21007,Gurupi,MA,2017,3,171,240034,0,0.3047960762064758,-0.3047960762064758,0,0.8187255146282287,TRUE,169
P. falciparum,paper_replica_corrigido,21008,Pindaré,MA,2017,1,169,658029,1.0637829031851178,0.22939242921493921,0.8343904739701786,0,0.5666296230826806,FALSE,169
P. falciparum,paper_replica_corrigido,21008,Pindaré,MA,2017,2,170,658029,0.4559069585079077,0.2007926685015068,0.2551142900064009,0,0.5194104878257907,TRUE,169
P. falciparum,paper_replica_corrigido,21008,Pindaré,MA,2017,3,171,658029,0.4559069585079077,0.1878071765143628,0.2680997819935449,0,0.5194104878257907,TRUE,169
P. falciparum,paper_replica_corrigido,21009,Imperatriz,MA,2017,1,169,592084,0,0.061007525956195525,-0.061007525956195525,0,0.20991319038485154,TRUE,169
P. falciparum,paper_replica_corrigido,21009,Imperatriz,MA,2017,2,170,592084,0.33778990818870297,0.05338976650690379,0.28440014168179917,0,0.18498599902664922,FALSE,169
P. falciparum,paper_replica_corrigido,21009,Imperatriz,MA,2017,3,171,592084,0.16889495409435148,0.05246519843778296,0.11642975565656852,0,0.15743489278863865,FALSE,169
P. falciparum,paper_replica_corrigido,21010,Médio Mearim,MA,2017,1,169,416725,0.23996640470334152,0.14932839472790113,0.09063800997544039,0,0.44736783759970394,TRUE,169
P. falciparum,paper_replica_corrigido,21010,Médio Mearim,MA,2017,2,170,416725,0,0.12931108733921193,-0.12931108733921193,0,0.411951217123059,TRUE,169
P. falciparum,paper_replica_corrigido,21010,Médio Mearim,MA,2017,3,171,416725,0.23996640470334152,0.12127915018404169,0.11868725451929983,0,0.37280653133308667,TRUE,169
P. falciparum,paper_replica_corrigido,21011,Alto Mearim e Grajaú,MA,2017,1,169,332957,0.6006781656490178,0.06985469788845347,0.5308234677605643,0,0.27996011815900645,FALSE,169
P. falciparum,paper_replica_corrigido,21011,Alto Mearim e Grajaú,MA,2017,2,170,332957,2.402712662596071,0.06177657334947351,2.340936089246598,0,0.27996011815900645,FALSE,169
P. falciparum,paper_replica_corrigido,21011,Alto Mearim e Grajaú,MA,2017,3,171,332957,1.8020344969470532,0.059245648012123675,1.7427888489349295,0,0.27996011815900645,FALSE,169
P. falciparum,paper_replica_corrigido,21012,Presidente Dutra,MA,2017,1,169,196340,0,0.14926720417055225,-0.14926720417055225,0,0.47476154151914185,TRUE,169
P. falciparum,paper_replica_corrigido,21012,Presidente Dutra,MA,2017,2,170,196340,1.0186411327289395,0.1289006973253148,0.8897404354036247,0,0.47476154151914185,FALSE,169
P. falciparum,paper_replica_corrigido,21012,Presidente Dutra,MA,2017,3,171,196340,0,0.12156476641688868,-0.12156476641688868,0,0.47476154151914185,TRUE,169
P. falciparum,paper_replica_corrigido,21013,Baixo Parnaíba Maranhense,MA,2017,1,169,145247,0,0.05786368784939261,-0.05786368784939261,0,0.21392221769782582,TRUE,169
P. falciparum,paper_replica_corrigido,21013,Baixo Parnaíba Maranhense,MA,2017,2,170,145247,0,0.04751312583191065,-0.04751312583191065,0,0.21392221769782582,TRUE,169
P. falciparum,paper_replica_corrigido,21013,Baixo Parnaíba Maranhense,MA,2017,3,171,145247,0,0.04426537495389501,-0.04426537495389501,0,0.21392221769782582,TRUE,169
P. falciparum,paper_replica_corrigido,21014,Chapadinha,MA,2017,1,169,242977,0,0.026699972410903976,-0.026699972410903976,0,0.1278786072507114,TRUE,169
P. falciparum,paper_replica_corrigido,21014,Chapadinha,MA,2017,2,170,242977,0,0.021819000229439955,-0.021819000229439955,0,0.1278786072507114,TRUE,169
P. falciparum,paper_replica_corrigido,21014,Chapadinha,MA,2017,3,171,242977,0,0.020519725797995277,-0.020519725797995277,0,0.1278786072507114,TRUE,169
P. falciparum,paper_replica_corrigido,21015,Codó,MA,2017,1,169,274452,0,0.08915223412226558,-0.08915223412226558,0,0.33963928505483043,TRUE,169
P. falciparum,paper_replica_corrigido,21015,Codó,MA,2017,2,170,274452,0,0.07578576221745482,-0.07578576221745482,0,0.33963928505483043,TRUE,169
P. falciparum,paper_replica_corrigido,21015,Codó,MA,2017,3,171,274452,0,0.07125228318782167,-0.07125228318782167,0,0.33963928505483043,TRUE,169
P. falciparum,paper_replica_corrigido,21016,Coelho Neto,MA,2017,1,169,92837,0,0.00855682451302976,-0.00855682451302976,0,0,TRUE,169
P. falciparum,paper_replica_corrigido,21016,Coelho Neto,MA,2017,2,170,92837,0,0.007062547870943003,-0.007062547870943003,0,0,TRUE,169
P. falciparum,paper_replica_corrigido,21016,Coelho Neto,MA,2017,3,171,92837,0,0.0066378782833963045,-0.0066378782833963045,0,0,TRUE,169
P. falciparum,paper_replica_corrigido,21017,Caxias,MA,2017,1,169,439865,0,0.048114333176241225,-0.048114333176241225,0,0.21191656772388875,TRUE,169
P. falciparum,paper_replica_corrigido,21017,Caxias,MA,2017,2,170,439865,0,0.040774455200419224,-0.040774455200419224,0,0.14127771181592583,TRUE,169
P. falciparum,paper_replica_corrigido,21017,Caxias,MA,2017,3,171,439865,0,0.0386397772586258,-0.0386397772586258,0,0.21191656772388875,TRUE,169
P. falciparum,paper_replica_corrigido,21018,Chapadas do Alto Itapecuru,MA,2017,1,169,218371,0,0.04779829101586323,-0.04779829101586323,0,0.2845758855704843,TRUE,169
P. falciparum,paper_replica_corrigido,21018,Chapadas do Alto Itapecuru,MA,2017,2,170,218371,0,0.041291452107863655,-0.041291452107863655,0,0.14228794278524212,TRUE,169
P. falciparum,paper_replica_corrigido,21018,Chapadas do Alto Itapecuru,MA,2017,3,171,218371,0,0.0394874408838108,-0.0394874408838108,0,0.14228794278524212,TRUE,169
P. falciparum,paper_replica_corrigido,21019,Porto Franco,MA,2017,1,169,119470,0,0.03722442414476439,-0.03722442414476439,0,0.2600783489910112,TRUE,169
P. falciparum,paper_replica_corrigido,21019,Porto Franco,MA,2017,2,170,119470,0,0.03242015890455627,-0.03242015890455627,0,0.2600783489910112,TRUE,169
P. falciparum,paper_replica_corrigido,21019,Porto Franco,MA,2017,3,171,119470,0,0.03263714925476562,-0.03263714925476562,0,0.2600783489910112,TRUE,169
P. falciparum,paper_replica_corrigido,21020,Gerais de Balsas,MA,2017,1,169,142308,0,0.0041530078899392805,-0.0041530078899392805,0,0,TRUE,169
P. falciparum,paper_replica_corrigido,21020,Gerais de Balsas,MA,2017,2,170,142308,0,0.0035961382144966405,-0.0035961382144966405,0,0,TRUE,169
P. falciparum,paper_replica_corrigido,21020,Gerais de Balsas,MA,2017,3,171,142308,0,0.003657291469734517,-0.003657291469734517,0,0,TRUE,169
P. falciparum,paper_replica_corrigido,21021,Chapadas das Mangabeiras,MA,2017,1,169,71282,0,0.0019701377662662933,-0.0019701377662662933,0,0,TRUE,169
P. falciparum,paper_replica_corrigido,21021,Chapadas das Mangabeiras,MA,2017,2,170,71282,0,0.0017259715019715197,-0.0017259715019715197,0,0,TRUE,169
P. falciparum,paper_replica_corrigido,21021,Chapadas das Mangabeiras,MA,2017,3,171,71282,0,0.0016947817214848734,-0.0016947817214848734,0,0,TRUE,169
P. falciparum,paper_replica_corrigido,51001,Aripuanã,MT,2017,1,169,161895,0,12.781151390666802,-12.781151390666802,1.637632708153461,26.64622711571731,FALSE,169
P. falciparum,paper_replica_corrigido,51001,Aripuanã,MT,2017,2,170,161895,0,10.75037490894631,-10.75037490894631,0,23.898334944408933,TRUE,169
P. falciparum,paper_replica_corrigido,51001,Aripuanã,MT,2017,3,171,161895,0,11.19868075259523,-11.19868075259523,0,25.00859440756382,TRUE,169
P. falciparum,paper_replica_corrigido,51002,Alta Floresta,MT,2017,1,169,104198,0,0.20622786910389465,-0.20622786910389465,0,0.8945918449669698,TRUE,169
P. falciparum,paper_replica_corrigido,51002,Alta Floresta,MT,2017,2,170,104198,0,0.176036308861275,-0.176036308861275,0,0.8945918449669698,TRUE,169
P. falciparum,paper_replica_corrigido,51002,Alta Floresta,MT,2017,3,171,104198,0,0.18318837932164672,-0.18318837932164672,0,0.8945918449669698,TRUE,169
P. falciparum,paper_replica_corrigido,51003,Colíder,MT,2017,1,169,151479,0,0.2553970362292105,-0.2553970362292105,0,0.8204849610561493,TRUE,169
P. falciparum,paper_replica_corrigido,51003,Colíder,MT,2017,2,170,151479,0,0.21364342980671008,-0.21364342980671008,0,0.8204849610561493,TRUE,169
P. falciparum,paper_replica_corrigido,51003,Colíder,MT,2017,3,171,151479,0,0.2234988404742552,-0.2234988404742552,0,0.8204849610561493,TRUE,169
P. falciparum,paper_replica_corrigido,51004,Parecis,MT,2017,1,169,105594,0,0.08986053706558327,-0.08986053706558327,0,0.29425497996056693,TRUE,169
P. falciparum,paper_replica_corrigido,51004,Parecis,MT,2017,2,170,105594,0,0.07653010380743556,-0.07653010380743556,0,0.29425497996056693,TRUE,169
P. falciparum,paper_replica_corrigido,51004,Parecis,MT,2017,3,171,105594,0,0.07939549927310334,-0.07939549927310334,0,0.5885099599211339,TRUE,169
P. falciparum,paper_replica_corrigido,51005,Arinos,MT,2017,1,169,80229,0,0.12213780042826464,-0.12213780042826464,0,0.7745717970797619,TRUE,169
P. falciparum,paper_replica_corrigido,51005,Arinos,MT,2017,2,170,80229,0,0.10112849322429668,-0.10112849322429668,0,0.5906109952733096,TRUE,169
P. falciparum,paper_replica_corrigido,51005,Arinos,MT,2017,3,171,80229,0,0.10833710257320081,-0.10833710257320081,0,0.38728589853988094,TRUE,169
P. falciparum,paper_replica_corrigido,51006,Alto Teles Pires,MT,2017,1,169,245379,0,0.066348952646656,-0.066348952646656,0,0.25325362279539904,TRUE,169
P. falciparum,paper_replica_corrigido,51006,Alto Teles Pires,MT,2017,2,170,245379,0.4075328369583379,0.05525123896419276,0.35228159799414516,0,0.25325362279539904,FALSE,169
P. falciparum,paper_replica_corrigido,51006,Alto Teles Pires,MT,2017,3,171,245379,0,0.058024565994769683,-0.058024565994769683,0,0.25325362279539904,TRUE,169
P. falciparum,paper_replica_corrigido,51007,Sinop,MT,2017,1,169,197588,0,0.05195668563468674,-0.05195668563468674,0,0.3145085769779148,TRUE,169
P. falciparum,paper_replica_corrigido,51007,Sinop,MT,2017,2,170,197588,0,0.042735191197069096,-0.042735191197069096,0,0.3145085769779148,TRUE,169
P. falciparum,paper_replica_corrigido,51007,Sinop,MT,2017,3,171,197588,0,0.04425283558071663,-0.04425283558071663,0,0.3145085769779148,TRUE,169
P. falciparum,paper_replica_corrigido,51008,Paranatinga,MT,2017,1,169,35339,0,0.00572408414184689,-0.00572408414184689,0,0,TRUE,169
P. falciparum,paper_replica_corrigido,51008,Paranatinga,MT,2017,2,170,35339,0,0.0047558051245667615,-0.0047558051245667615,0,0,TRUE,169
P. falciparum,paper_replica_corrigido,51008,Paranatinga,MT,2017,3,171,35339,0,0.004941858160245395,-0.004941858160245395,0,0,TRUE,169
P. falciparum,paper_replica_corrigido,51009,Norte Araguaia,MT,2017,1,169,126751,0,0.01941837848115197,-0.01941837848115197,0,0.24513858158086413,TRUE,169
P. falciparum,paper_replica_corrigido,51009,Norte Araguaia,MT,2017,2,170,126751,0,0.015867616305697056,-0.015867616305697056,0,0.24513858158086413,TRUE,169
P. falciparum,paper_replica_corrigido,51009,Norte Araguaia,MT,2017,3,171,126751,0,0.016437301897446757,-0.016437301897446757,0,0.24513858158086413,TRUE,169
P. falciparum,paper_replica_corrigido,51010,Canarana,MT,2017,1,169,111341,0,0.003574290620292199,-0.003574290620292199,0,0,TRUE,169
P. falciparum,paper_replica_corrigido,51010,Canarana,MT,2017,2,170,111341,0,0.0029413399497251937,-0.0029413399497251937,0,0,TRUE,169
P. falciparum,paper_replica_corrigido,51010,Canarana,MT,2017,3,171,111341,0,0.0030566215052375144,-0.0030566215052375144,0,0,TRUE,169
P. falciparum,paper_replica_corrigido,51011,Médio Araguaia,MT,2017,1,169,67545,0,9.634358258456073e-4,-9.634358258456073e-4,0,0,TRUE,169
P. falciparum,paper_replica_corrigido,51011,Médio Araguaia,MT,2017,2,170,67545,0,7.756694816376049e-4,-7.756694816376049e-4,0,0,TRUE,169
P. falciparum,paper_replica_corrigido,51011,Médio Araguaia,MT,2017,3,171,67545,0,8.153915545587661e-4,-8.153915545587661e-4,0,0,TRUE,169
P. falciparum,paper_replica_corrigido,51012,Alto Guaporé,MT,2017,1,169,72605,0,0.08975526280636928,-0.08975526280636928,0,0.42795345160741133,TRUE,169
P. falciparum,paper_replica_corrigido,51012,Alto Guaporé,MT,2017,2,170,72605,0,0.07865044077772324,-0.07865044077772324,0,0.42795345160741133,TRUE,169
P. falciparum,paper_replica_corrigido,51012,Alto Guaporé,MT,2017,3,171,72605,0,0.07834851950789516,-0.07834851950789516,0,0.42795345160741133,TRUE,169
P. falciparum,paper_replica_corrigido,51013,Tangará da Serra,MT,2017,1,169,164025,0,0.018134202241101353,-0.018134202241101353,0,0.18943185705810767,TRUE,169
P. falciparum,paper_replica_corrigido,51013,Tangará da Serra,MT,2017,2,170,164025,0,0.015764916882409698,-0.015764916882409698,0,0.18943185705810767,TRUE,169
P. falciparum,paper_replica_corrigido,51013,Tangará da Serra,MT,2017,3,171,164025,0,0.01591191835669402,-0.01591191835669402,0,0.18943185705810767,TRUE,169
P. falciparum,paper_replica_corrigido,51014,Jauru,MT,2017,1,169,107777,0,0.011039378354970352,-0.011039378354970352,0,0,TRUE,169
P. falciparum,paper_replica_corrigido,51014,Jauru,MT,2017,2,170,107777,0,0.009715646625056952,-0.009715646625056952,0,0,TRUE,169
P. falciparum,paper_replica_corrigido,51014,Jauru,MT,2017,3,171,107777,0,0.009656652818062132,-0.009656652818062132,0,0,TRUE,169
P. falciparum,paper_replica_corrigido,51015,Alto Paraguai,MT,2017,1,169,32480,0,0.007837002478631096,-0.007837002478631096,0,0,TRUE,169
P. falciparum,paper_replica_corrigido,51015,Alto Paraguai,MT,2017,2,170,32480,0,0.006731815048531648,-0.006731815048531648,0,0,TRUE,169
P. falciparum,paper_replica_corrigido,51015,Alto Paraguai,MT,2017,3,171,32480,0,0.006806851910534613,-0.006806851910534613,0,0,TRUE,169
P. falciparum,paper_replica_corrigido,51016,Rosário Oeste,MT,2017,1,169,30173,0,0.011346881951424312,-0.011346881951424312,0,0,TRUE,169
P. falciparum,paper_replica_corrigido,51016,Rosário Oeste,MT,2017,2,170,30173,0,0.009770031224478644,-0.009770031224478644,0,0,TRUE,169
P. falciparum,paper_replica_corrigido,51016,Rosário Oeste,MT,2017,3,171,30173,0,0.009945344173147175,-0.009945344173147175,0,0,TRUE,169
P. falciparum,paper_replica_corrigido,51017,Cuiabá,MT,2017,1,169,914056,0,0.012425202346522873,-0.012425202346522873,0,0.06798611978687544,TRUE,169
P. falciparum,paper_replica_corrigido,51017,Cuiabá,MT,2017,2,170,914056,0,0.010807770634073224,-0.010807770634073224,0,0.06798611978687544,TRUE,169
P. falciparum,paper_replica_corrigido,51017,Cuiabá,MT,2017,3,171,914056,0,0.01076936528116815,-0.01076936528116815,0,0.06798611978687544,TRUE,169
P. falciparum,paper_replica_corrigido,51018,Alto Pantanal,MT,2017,1,169,136433,0,0.007713917323743696,-0.007713917323743696,0,0,TRUE,169
P. falciparum,paper_replica_corrigido,51018,Alto Pantanal,MT,2017,2,170,136433,0,0.006860099712548521,-0.006860099712548521,0,0,TRUE,169
P. falciparum,paper_replica_corrigido,51018,Alto Pantanal,MT,2017,3,171,136433,0,0.006716730590816226,-0.006716730590816226,0,0,TRUE,169
P. falciparum,paper_replica_corrigido,51019,Primavera do Leste,MT,2017,1,169,99226,0,0.004895936564235956,-0.004895936564235956,0,0,TRUE,169
P. falciparum,paper_replica_corrigido,51019,Primavera do Leste,MT,2017,2,170,99226,0,0.004225036197692875,-0.004225036197692875,0,0,TRUE,169
P. falciparum,paper_replica_corrigido,51019,Primavera do Leste,MT,2017,3,171,99226,0,0.004237293057960695,-0.004237293057960695,0,0,TRUE,169
P. falciparum,paper_replica_corrigido,51020,Tesouro,MT,2017,1,169,54389,0,0.002448052536590279,-0.002448052536590279,0,0,TRUE,169
P. falciparum,paper_replica_corrigido,51020,Tesouro,MT,2017,2,170,54389,0,0.002125464309825479,-0.002125464309825479,0,0,TRUE,169
P. falciparum,paper_replica_corrigido,51020,Tesouro,MT,2017,3,171,54389,0,0.0021625723432989567,-0.0021625723432989567,0,0,TRUE,169
P. falciparum,paper_replica_corrigido,51021,Rondonópolis,MT,2017,1,169,306100,0,0.004321735494364756,-0.004321735494364756,0,0,TRUE,169
P. falciparum,paper_replica_corrigido,51021,Rondonópolis,MT,2017,2,170,306100,0,0.0038315088548803136,-0.0038315088548803136,0,0,TRUE,169
P. falciparum,paper_replica_corrigido,51021,Rondonópolis,MT,2017,3,171,306100,0,0.003841009691898861,-0.003841009691898861,0,0.05329163406019683,TRUE,169
P. falciparum,paper_replica_corrigido,51022,Alto Araguaia,MT,2017,1,169,39942,0,9.79649122037259e-4,-9.79649122037259e-4,0,0,TRUE,169
P. falciparum,paper_replica_corrigido,51022,Alto Araguaia,MT,2017,2,170,39942,0,8.827328621323e-4,-8.827328621323e-4,0,0,TRUE,169
P. falciparum,paper_replica_corrigido,51022,Alto Araguaia,MT,2017,3,171,39942,0,8.698458586117951e-4,-8.698458586117951e-4,0,0,TRUE,169
P. falciparum,paper_replica_corrigido,11001,Porto Velho,RO,2018,1,181,662715,8.75187674943226,69.25800946341727,-60.50613271398501,47.86458630043397,96.97003097924724,FALSE,181
P. falciparum,paper_replica_corrigido,11001,Porto Velho,RO,2018,2,182,662715,7.846510189146163,59.13382322087608,-51.287313031729916,37.286777173266245,91.58619735939386,FALSE,181
P. falciparum,paper_replica_corrigido,11001,Porto Velho,RO,2018,3,183,662715,7.393826909003116,60.183606137110786,-52.78977922810767,37.42917075767043,96.45470181664162,FALSE,181
P. falciparum,paper_replica_corrigido,11002,Guajará-Mirim,RO,2018,1,181,83480,0,22.27817277129826,-22.27817277129826,0,45.216274215820214,TRUE,181
P. falciparum,paper_replica_corrigido,11002,Guajará-Mirim,RO,2018,2,182,83480,1.1978917105893627,19.327373647526446,-18.129481936937083,0,40.9099623857421,TRUE,181
P. falciparum,paper_replica_corrigido,11002,Guajará-Mirim,RO,2018,3,183,83480,1.1978917105893627,19.0259370096328,-17.828045299043435,0,47.369430130859264,TRUE,181
P. falciparum,paper_replica_corrigido,11003,Ariquemes,RO,2018,1,181,202900,1.4785608674223756,76.87661213202658,-75.3980512646042,45.179981494137444,115.62974675533901,FALSE,181
P. falciparum,paper_replica_corrigido,11003,Ariquemes,RO,2018,2,182,202900,1.4785608674223756,65.0364293277006,-63.55786846027823,36.32116159332618,111.62113075022194,FALSE,181
P. falciparum,paper_replica_corrigido,11003,Ariquemes,RO,2018,3,183,202900,0,65.61131408073452,-65.61131408073452,32.31254558820909,112.55130683980708,FALSE,181
P. falciparum,paper_replica_corrigido,11004,Ji-Paraná,RO,2018,1,181,295352,0.677158102873859,9.291771782076959,-8.6146136792031,2.114817095741439,19.474574694597422,FALSE,181
P. falciparum,paper_replica_corrigido,11004,Ji-Paraná,RO,2018,2,182,295352,0,7.8932247488669525,-7.8932247488669525,1.8257413776185083,16.751177139649798,FALSE,181
P. falciparum,paper_replica_corrigido,11004,Ji-Paraná,RO,2018,3,183,295352,0,7.942870047599299,-7.942870047599299,0.8976561773291009,18.25741377618508,FALSE,181
P. falciparum,paper_replica_corrigido,11005,Alvorada D'Oeste,RO,2018,1,181,69972,0,0.39511744692809453,-0.39511744692809453,0,1.218472887625906,TRUE,181
P. falciparum,paper_replica_corrigido,11005,Alvorada D'Oeste,RO,2018,2,182,69972,0,0.3398818309203211,-0.3398818309203211,0,1.218472887625906,TRUE,181
P. falciparum,paper_replica_corrigido,11005,Alvorada D'Oeste,RO,2018,3,183,69972,0,0.33727827582695474,-0.33727827582695474,0,1.218472887625906,TRUE,181
P. falciparum,paper_replica_corrigido,11006,Cacoal,RO,2018,1,181,236369,0.42306732270306174,0.35005408801042304,0.0730132346926387,0,0.9378275523511787,TRUE,181
P. falciparum,paper_replica_corrigido,11006,Cacoal,RO,2018,2,182,236369,0.42306732270306174,0.304853552526011,0.11821377017705076,0,0.7935463904509974,TRUE,181
P. falciparum,paper_replica_corrigido,11006,Cacoal,RO,2018,3,183,236369,0.42306732270306174,0.30090399451276795,0.1221633281902938,0,0.7935463904509974,TRUE,181
P. falciparum,paper_replica_corrigido,11007,Vilhena,RO,2018,1,181,158934,0,0.20207835439150104,-0.20207835439150104,0,0.6437312461245038,TRUE,181
P. falciparum,paper_replica_corrigido,11007,Vilhena,RO,2018,2,182,158934,0,0.17535745338176048,-0.17535745338176048,0,0.5364427051037532,TRUE,181
P. falciparum,paper_replica_corrigido,11007,Vilhena,RO,2018,3,183,158934,1.887575974932991,0.17180428287753358,1.7157716920554575,0,0.5364427051037532,FALSE,181
P. falciparum,paper_replica_corrigido,11008,Colorado do Oeste,RO,2018,1,181,47867,0,0.47868293724059147,-0.47868293724059147,0,1.781164160966008,TRUE,181
P. falciparum,paper_replica_corrigido,11008,Colorado do Oeste,RO,2018,2,182,47867,0,0.4169741186450273,-0.4169741186450273,0,1.4249313287728063,TRUE,181
P. falciparum,paper_replica_corrigido,11008,Colorado do Oeste,RO,2018,3,183,47867,0,0.40731337609565027,-0.40731337609565027,0,1.4249313287728063,TRUE,181
P. falciparum,paper_replica_corrigido,12001,Cruzeiro do Sul,AC,2018,1,181,154965,567.8701642306328,305.56238120638994,262.30778302424284,219.22299321672665,426.29592900517173,FALSE,181
P. falciparum,paper_replica_corrigido,12001,Cruzeiro do Sul,AC,2018,2,182,154965,447.8430613364308,278.4580146156966,169.38504672073424,191.9361100663378,436.73511915834916,FALSE,181
P. falciparum,paper_replica_corrigido,12001,Cruzeiro do Sul,AC,2018,3,183,154965,347.175168586455,264.87598271053434,82.29918587592067,165.25817967488433,452.10392688386014,TRUE,181
P. falciparum,paper_replica_corrigido,12002,Tarauacá,AC,2018,1,181,84810,0,17.312826182564894,-17.312826182564894,0,36.02962797296108,TRUE,181
P. falciparum,paper_replica_corrigido,12002,Tarauacá,AC,2018,2,182,84810,2.358212474943992,15.294706473818051,-12.93649399887406,0,37.142307660361304,TRUE,181
P. falciparum,paper_replica_corrigido,12002,Tarauacá,AC,2018,3,183,84810,4.716424949887984,14.60545171449826,-9.889026764610275,0,33.91023809219866,TRUE,181
P. falciparum,paper_replica_corrigido,12003,Sena Madureira,AC,2018,1,181,60875,0,0.127630883571262,-0.127630883571262,0,0.510415775835008,TRUE,181
P. falciparum,paper_replica_corrigido,12003,Sena Madureira,AC,2018,2,182,60875,0,0.11083455513949829,-0.11083455513949829,0,0.510415775835008,TRUE,181
P. falciparum,paper_replica_corrigido,12003,Sena Madureira,AC,2018,3,183,60875,0,0.10656599268190592,-0.10656599268190592,0,0.510415775835008,TRUE,181
P. falciparum,paper_replica_corrigido,12004,Rio Branco,AC,2018,1,181,498297,1.806151752870276,9.314063342153718,-7.507911589283442,2.3356589066837796,17.503914818043295,FALSE,181
P. falciparum,paper_replica_corrigido,12004,Rio Branco,AC,2018,2,182,498297,1.0034176404834867,8.135590167554877,-7.132172527071391,1.7855616352254382,16.953817546584958,FALSE,181
P. falciparum,paper_replica_corrigido,12004,Rio Branco,AC,2018,3,183,498297,0.20068352809669737,7.840366124040206,-7.639682595943508,1.4248421129576732,14.97887816216894,FALSE,181
P. falciparum,paper_replica_corrigido,12005,Brasiléia,AC,2018,1,181,70318,0,0.3023865672130717,-0.3023865672130717,0,0.9699819095305318,TRUE,181
P. falciparum,paper_replica_corrigido,12005,Brasiléia,AC,2018,2,182,70318,0,0.26863301778580495,-0.26863301778580495,0,0.9699819095305318,TRUE,181
P. falciparum,paper_replica_corrigido,12005,Brasiléia,AC,2018,3,183,70318,1.4221109815409996,0.24951883154123009,1.1725921499997696,0,0.9699819095305318,FALSE,181
P. falciparum,paper_replica_corrigido,13001,Rio Negro,AM,2018,1,181,115590,582.2302967384721,96.2417517671689,485.9885449713032,48.9444434718429,159.4290410468846,FALSE,181
P. falciparum,paper_replica_corrigido,13001,Rio Negro,AM,2018,2,182,115590,497.44787611385067,86.04772598212347,411.4001501317272,43.540728108390816,148.54385901978688,FALSE,181
P. falciparum,paper_replica_corrigido,13001,Rio Negro,AM,2018,3,183,115590,551.0857340600397,81.43256161068557,469.65317244935414,36.50423544087409,146.98883301591576,FALSE,181
P. falciparum,paper_replica_corrigido,13002,Japurá,AM,2018,1,181,21451,9.32357465852408,20.55734514481943,-11.233770486295349,0,58.655456179768954,TRUE,181
P. falciparum,paper_replica_corrigido,13002,Japurá,AM,2018,2,182,21451,4.661787329262039,18.173013720820737,-13.511226391558697,0,58.655456179768954,TRUE,181
P. falciparum,paper_replica_corrigido,13002,Japurá,AM,2018,3,183,21451,0,18.215268086139538,-18.215268086139538,0,58.655456179768954,TRUE,181
P. falciparum,paper_replica_corrigido,13003,Alto Solimões,AM,2018,1,181,249343,29.67799376762131,37.55308942628466,-7.875095658663348,18.36432338660222,62.373820648704886,TRUE,181
P. falciparum,paper_replica_corrigido,13003,Alto Solimões,AM,2018,2,182,249343,34.49064140561396,33.31790462388888,1.172736781725078,15.102358192318606,56.22835031030317,TRUE,181
P. falciparum,paper_replica_corrigido,13003,Alto Solimões,AM,2018,3,183,249343,23.662184220130506,33.769300473967725,-10.10711625383722,13.696649434561028,61.6889881769768,TRUE,181
P. falciparum,paper_replica_corrigido,13004,Juruá,AM,2018,1,181,150133,78.59697734675255,62.275433324175566,16.321544022576987,27.536554142737387,99.99959499009303,TRUE,181
P. falciparum,paper_replica_corrigido,13004,Juruá,AM,2018,2,182,150133,69.2719122378158,54.82306827877018,14.448843959045618,19.664691382367902,97.60511202115936,TRUE,181
P. falciparum,paper_replica_corrigido,13004,Juruá,AM,2018,3,183,150133,44.62709730705441,55.35686242474192,-10.729765117687506,21.550346720403176,103.02262973837179,TRUE,181
P. falciparum,paper_replica_corrigido,13005,Tefé,AM,2018,1,181,89401,8.948445766825875,65.65381185643524,-56.70536608960936,24.126636944212333,114.60152548500857,FALSE,181
P. falciparum,paper_replica_corrigido,13005,Tefé,AM,2018,2,182,89401,2.237111441706469,56.80089232773166,-54.56378088602519,21.06054349921868,108.67039390288961,FALSE,181
P. falciparum,paper_replica_corrigido,13005,Tefé,AM,2018,3,183,89401,7.82989004597264,57.35453093098028,-49.52464088500764,18.094977708159245,110.58041932763985,FALSE,181
P. falciparum,paper_replica_corrigido,13006,Coari,AM,2018,1,181,178314,0.5608084614780668,32.629708257172055,-32.06889979569399,10.080277251783963,56.44955260999019,FALSE,181
P. falciparum,paper_replica_corrigido,13006,Coari,AM,2018,2,182,178314,0.5608084614780668,28.21034887701908,-27.64954041554101,9.551062696065307,51.40941398409821,FALSE,181
P. falciparum,paper_replica_corrigido,13006,Coari,AM,2018,3,183,178314,0,28.658895519591304,-28.658895519591304,10.080277251783963,57.45758033516859,FALSE,181
P. falciparum,paper_replica_corrigido,13007,Manaus,AM,2018,1,181,2426207,0.6594655773394438,14.395246834066462,-13.73578125672702,9.66623554538789,20.751198131926778,FALSE,181
P. falciparum,paper_replica_corrigido,13007,Manaus,AM,2018,2,182,2426207,0.3297327886697219,12.94342991557204,-12.613697126902318,7.630751187391858,19.749199007562943,FALSE,181
P. falciparum,paper_replica_corrigido,13007,Manaus,AM,2018,3,183,2426207,0.6182489787557286,12.782823503303305,-12.164574524547577,7.9270910393294045,21.04753798386433,FALSE,181
P. falciparum,paper_replica_corrigido,13008,Rio Preto da Eva,AM,2018,1,181,67929,0,66.61083090110239,-66.61083090110239,19.77943561676556,120.4627165823748,FALSE,181
P. falciparum,paper_replica_corrigido,13008,Rio Preto da Eva,AM,2018,2,182,67929,0,59.67900235863314,-59.67900235863314,21.168626747040065,112.52448155223477,FALSE,181
P. falciparum,paper_replica_corrigido,13008,Rio Preto da Eva,AM,2018,3,183,67929,5.888501229224632,59.54208293783197,-53.65358170860734,17.133357273385553,128.40095161251483,FALSE,181
P. falciparum,paper_replica_corrigido,13009,Itacoatiara,AM,2018,1,181,177387,0,15.164459134659959,-15.164459134659959,3.039886617183794,31.41216171089921,FALSE,181
P. falciparum,paper_replica_corrigido,13009,Itacoatiara,AM,2018,2,182,177387,0,13.033081234265888,-13.033081234265888,1.4946109201153668,29.385570632776677,FALSE,181
P. falciparum,paper_replica_corrigido,13009,Itacoatiara,AM,2018,3,183,177387,0.5637391691612125,13.406320052573943,-12.84258088341273,1.4946109201153668,28.37227509371541,FALSE,181
P. falciparum,paper_replica_corrigido,13010,Parintins,AM,2018,1,181,277264,5.410006347740781,0.548482498098174,4.861523849642607,0,1.0455037388051234,FALSE,181
P. falciparum,paper_replica_corrigido,13010,Parintins,AM,2018,2,182,277264,1.4426683593975418,0.47186830101425153,0.9708000583832903,0,1.1685041786645496,FALSE,181
P. falciparum,paper_replica_corrigido,13010,Parintins,AM,2018,3,183,277264,1.8033354492469271,0.4829430023782012,1.320392446868726,0,1.1685041786645496,FALSE,181
P. falciparum,paper_replica_corrigido,13011,Boca do Acre,AM,2018,1,181,53305,0,40.36111320592906,-40.36111320592906,3.372018680939134,86.07077683097133,FALSE,181
P. falciparum,paper_replica_corrigido,13011,Boca do Acre,AM,2018,2,182,53305,3.7519932464121566,35.85498869184451,-32.102995445432356,3.372018680939134,74.18441098066096,TRUE,181
P. falciparum,paper_replica_corrigido,13011,Boca do Acre,AM,2018,3,183,53305,0,35.19006360449657,-35.19006360449657,0,74.18441098066096,TRUE,181
P. falciparum,paper_replica_corrigido,13012,Purus,AM,2018,1,181,77994,8.975049362771495,67.2388973712272,-58.2638480084557,24.14074992145101,121.04944053691773,FALSE,181
P. falciparum,paper_replica_corrigido,13012,Purus,AM,2018,2,182,77994,5.128599635869426,57.851394773369826,-52.7227951375004,16.132243384263198,111.83101574591018,FALSE,181
P. falciparum,paper_replica_corrigido,13012,Purus,AM,2018,3,183,77994,14.10364899864092,57.67332999728716,-43.56968099864624,13.827637186511312,111.83101574591018,TRUE,181
P. falciparum,paper_replica_corrigido,13013,Madeira,AM,2018,1,181,196293,4.075540136428706,39.39858125610923,-35.323041119680525,14.651196388049337,67.76178329472819,FALSE,181
P. falciparum,paper_replica_corrigido,13013,Madeira,AM,2018,2,182,196293,4.584982653482294,33.00593141687842,-28.420948763396126,13.689711625083604,61.35188487495661,FALSE,181
P. falciparum,paper_replica_corrigido,13013,Madeira,AM,2018,3,183,196293,2.5472125852679413,33.114526052452476,-30.567313467184533,13.254754232313388,61.83262725643945,FALSE,181
P. falciparum,paper_replica_corrigido,14001,Boa Vista,RR,2018,1,181,418986,67.54402295064752,19.962926510460868,47.58109644018665,9.212798668775841,34.34153822749736,FALSE,181
P. falciparum,paper_replica_corrigido,14001,Boa Vista,RR,2018,2,182,418986,53.462406858463055,17.3295552989059,36.13285155955715,7.700569783679927,32.17508266161529,FALSE,181
P. falciparum,paper_replica_corrigido,14001,Boa Vista,RR,2018,3,183,418986,79.71626736931545,17.46270583190968,62.253561537405766,7.722019838787668,32.196532716723006,FALSE,181
P. falciparum,paper_replica_corrigido,14002,Nordeste de Roraima,RR,2018,1,181,51495,9.709680551509855,46.61049283115369,-36.90081227964384,6.981083825127121,97.7351735517797,TRUE,181
P. falciparum,paper_replica_corrigido,14002,Nordeste de Roraima,RR,2018,2,182,51495,11.651616661811826,39.694082144005776,-28.04246548219395,5.148549321031257,85.60554040562124,TRUE,181
P. falciparum,paper_replica_corrigido,14002,Nordeste de Roraima,RR,2018,3,183,51495,3.883872220603942,42.78818302991979,-38.90431080931585,6.981083825127121,90.75408972665257,FALSE,181
P. falciparum,paper_replica_corrigido,14003,Caracaraí,RR,2018,1,181,50692,45.37205081669691,44.65645369854515,0.7155971181517629,0,92.19170382849315,TRUE,181
P. falciparum,paper_replica_corrigido,14003,Caracaraí,RR,2018,2,182,50692,7.890791446382072,39.42515191936892,-31.53436047298685,3.5458347626343514,95.73753859112749,TRUE,181
P. falciparum,paper_replica_corrigido,14003,Caracaraí,RR,2018,3,183,50692,5.918093584786554,40.01455611100706,-34.096462526220506,7.091669525268703,83.41576279097305,FALSE,181
P. falciparum,paper_replica_corrigido,14004,Sudeste de Roraima,RR,2018,1,181,55395,1.8052170773535516,42.66198025053896,-40.856763173185406,6.4895913272844314,87.60948291833984,FALSE,181
P. falciparum,paper_replica_corrigido,14004,Sudeste de Roraima,RR,2018,2,182,55395,23.467822005596172,36.40612160587256,-12.938299600276391,1.5412779402300572,84.52692703787957,TRUE,181
P. falciparum,paper_replica_corrigido,14004,Sudeste de Roraima,RR,2018,3,183,55395,108.3130246412131,37.58821142579976,70.72481321541335,0,77.87509592741318,FALSE,181
P. falciparum,paper_replica_corrigido,15001,Óbidos,PA,2018,1,181,206970,0,0.5374775656906361,-0.5374775656906361,0,1.153428794995834,TRUE,181
P. falciparum,paper_replica_corrigido,15001,Óbidos,PA,2018,2,182,206970,0,0.4415534984298672,-0.4415534984298672,0,1.071041023924703,TRUE,181
P. falciparum,paper_replica_corrigido,15001,Óbidos,PA,2018,3,183,206970,0.4831618108904672,0.46329880264414514,0.01986300824632209,0,1.235816566066965,TRUE,181
P. falciparum,paper_replica_corrigido,15002,Santarém,PA,2018,1,181,525029,2.0951223646693804,0.3584302191518954,1.736692145517485,0.03247781927968166,0.7469898434326782,FALSE,181
P. falciparum,paper_replica_corrigido,15002,Santarém,PA,2018,2,182,525029,3.999779059823362,0.2963481056185554,3.7034309542048067,0.03247781927968166,0.6495563855936333,FALSE,181
P. falciparum,paper_replica_corrigido,15002,Santarém,PA,2018,3,183,525029,6.475832763523538,0.30223324702125764,6.17359951650228,0,0.6820342048733148,FALSE,181
P. falciparum,paper_replica_corrigido,15003,Almeirim,PA,2018,1,181,74600,1.3404825737265416,0.648851413012782,0.6916311607137595,0,1.8286109360420355,TRUE,181
P. falciparum,paper_replica_corrigido,15003,Almeirim,PA,2018,2,182,74600,5.361930294906166,0.5401922932729046,4.821738001633261,0,1.6000345690367814,FALSE,181
P. falciparum,paper_replica_corrigido,15003,Almeirim,PA,2018,3,183,74600,1.3404825737265416,0.5486670193445462,0.7918155543819954,0,1.8286109360420355,TRUE,181
P. falciparum,paper_replica_corrigido,15004,Portel,PA,2018,1,181,151541,0,7.601797200425859,-7.601797200425859,0,17.791764847875548,TRUE,181
P. falciparum,paper_replica_corrigido,15004,Portel,PA,2018,2,182,151541,0,0.6077641744691665,-0.6077641744691665,0,1.4093463627458191,TRUE,181
P. falciparum,paper_replica_corrigido,15004,Portel,PA,2018,3,183,151541,0,0.6055930155276791,-0.6055930155276791,0,1.5218690264381,TRUE,181
P. falciparum,paper_replica_corrigido,15005,Furos de Breves,PA,2018,1,181,229807,13.489580387020412,78.87781886363314,-65.38823847661273,43.39023249861568,123.20948849651977,FALSE,181
P. falciparum,paper_replica_corrigido,15005,Furos de Breves,PA,2018,2,182,229807,16.100466913540494,66.1058254244562,-50.005358510915705,30.465066350988394,106.78416389136557,FALSE,181
P. falciparum,paper_replica_corrigido,15005,Furos de Breves,PA,2018,3,183,229807,16.535614667960505,65.7693107427666,-49.233696074806105,36.72233286723761,112.25927209308365,FALSE,181
P. falciparum,paper_replica_corrigido,15006,Arari,PA,2018,1,181,175883,0.5685597812181962,9.269839823620442,-8.701280042402246,0,19.41724703332187,TRUE,181
P. falciparum,paper_replica_corrigido,15006,Arari,PA,2018,2,182,175883,0,7.760931013133515,-7.760931013133515,0,17.3733262929722,TRUE,181
P. falciparum,paper_replica_corrigido,15006,Arari,PA,2018,3,183,175883,0,7.7875831276319545,-7.7875831276319545,0,18.395286663147036,TRUE,181
P. falciparum,paper_replica_corrigido,15007,Belém,PA,2018,1,181,2345306,0.04263835934415381,0.04182258270096203,8.157766431917818e-4,0,0.1192356320179989,TRUE,181
P. falciparum,paper_replica_corrigido,15007,Belém,PA,2018,2,182,2345306,0.08527671868830762,0.03491847958029625,0.05035823910801137,0,0.10598722846044348,TRUE,181
P. falciparum,paper_replica_corrigido,15007,Belém,PA,2018,3,183,2345306,0,0.03542965000964869,-0.03542965000964869,0,0.09273882490288805,TRUE,181
P. falciparum,paper_replica_corrigido,15008,Castanhal,PA,2018,1,181,339469,0,0.046717600886984824,-0.046717600886984824,0,0.1830597807396617,TRUE,181
P. falciparum,paper_replica_corrigido,15008,Castanhal,PA,2018,2,182,339469,0,0.03861458418582621,-0.03861458418582621,0,0.1830597807396617,TRUE,181
P. falciparum,paper_replica_corrigido,15008,Castanhal,PA,2018,3,183,339469,0,0.03959764584705553,-0.03959764584705553,0,0.1830597807396617,TRUE,181
P. falciparum,paper_replica_corrigido,15009,Salgado,PA,2018,1,181,269829,0,0.03216248955242998,-0.03216248955242998,0,0.11515278325886437,TRUE,181
P. falciparum,paper_replica_corrigido,15009,Salgado,PA,2018,2,182,269829,0,0.026782801523988937,-0.026782801523988937,0,0.11515278325886437,TRUE,181
P. falciparum,paper_replica_corrigido,15009,Salgado,PA,2018,3,183,269829,0,0.027395395061392203,-0.027395395061392203,0,0.11515278325886437,TRUE,181
P. falciparum,paper_replica_corrigido,15010,Bragantina,PA,2018,1,181,420667,0,0.09301182912960289,-0.09301182912960289,0,0.2954504190150985,TRUE,181
P. falciparum,paper_replica_corrigido,15010,Bragantina,PA,2018,2,182,420667,0,0.07695699909951778,-0.07695699909951778,0,0.22158781426132385,TRUE,181
P. falciparum,paper_replica_corrigido,15010,Bragantina,PA,2018,3,183,420667,0,0.07968761887422503,-0.07968761887422503,0,0.2954504190150985,TRUE,181
P. falciparum,paper_replica_corrigido,15011,Cametá,PA,2018,1,181,492940,0,0.1867271543233523,-0.1867271543233523,0,0.4332652192089589,TRUE,181
P. falciparum,paper_replica_corrigido,15011,Cametá,PA,2018,2,182,492940,0,0.28778210518129915,-0.28778210518129915,0,0.7264570395572351,TRUE,181
P. falciparum,paper_replica_corrigido,15011,Cametá,PA,2018,3,183,492940,0,0.2907093760476238,-0.2907093760476238,0,0.6933646364537616,TRUE,181
P. falciparum,paper_replica_corrigido,15012,Tomé-Açu,PA,2018,1,181,335866,0,0.43933493934339246,-0.43933493934339246,0,0.9405076400362528,TRUE,181
P. falciparum,paper_replica_corrigido,15012,Tomé-Açu,PA,2018,2,182,335866,0,0.3658951261240221,-0.3658951261240221,0,0.8630839341763193,TRUE,181
P. falciparum,paper_replica_corrigido,15012,Tomé-Açu,PA,2018,3,183,335866,0,0.37320266593889695,-0.37320266593889695,0,0.8630839341763193,TRUE,181
P. falciparum,paper_replica_corrigido,15013,Guamá,PA,2018,1,181,479227,0,8.318317220558285,-8.318317220558285,2.2504423472065707,14.824788962223279,FALSE,181
P. falciparum,paper_replica_corrigido,15013,Guamá,PA,2018,2,182,479227,0,0.6469173047186251,-0.6469173047186251,0.21349127213523422,1.2453657541221996,FALSE,181
P. falciparum,paper_replica_corrigido,15013,Guamá,PA,2018,3,183,479227,0,0.6649681174052138,-0.6649681174052138,0.17613029951156833,1.370791876501649,FALSE,181
P. falciparum,paper_replica_corrigido,15014,Itaituba,PA,2018,1,181,220435,25.4043141969288,100.37498917713192,-74.97067498020311,57.46619636909422,150.03590112682986,FALSE,181
P. falciparum,paper_replica_corrigido,15014,Itaituba,PA,2018,2,182,220435,30.3944473427541,85.58049125687805,-55.18604391412395,44.84768783682416,141.49445512518017,FALSE,181
P. falciparum,paper_replica_corrigido,15014,Itaituba,PA,2018,3,183,220435,14.9703994374759,87.30144176013896,-72.33104232266305,49.69939224826239,149.3020298713181,FALSE,181
P. falciparum,paper_replica_corrigido,15015,Altamira,PA,2018,1,181,306088,0,22.66690997125832,-22.66690997125832,8.500220435049696,39.931950921131566,FALSE,181
P. falciparum,paper_replica_corrigido,15015,Altamira,PA,2018,2,182,306088,0.32670343169284655,19.53104416498973,-19.204340733296885,9.366391429294831,35.542372492668925,FALSE,181
P. falciparum,paper_replica_corrigido,15015,Altamira,PA,2018,3,183,306088,0,19.359173565029515,-19.359173565029515,7.912985862680115,38.22897066125972,FALSE,181
P. falciparum,paper_replica_corrigido,15016,Tucuruí,PA,2018,1,181,379626,0,29.520873267244816,-29.520873267244816,14.204410850742088,48.7684772542145,FALSE,181
P. falciparum,paper_replica_corrigido,15016,Tucuruí,PA,2018,2,182,379626,0,24.694522372453307,-24.694522372453307,11.114951490705685,43.80877046549705,FALSE,181
P. falciparum,paper_replica_corrigido,15016,Tucuruí,PA,2018,3,183,379626,0,25.388030264740912,-25.388030264740912,11.58843185239709,48.31867091060765,FALSE,181
P. falciparum,paper_replica_corrigido,15017,Paragominas,PA,2018,1,181,344335,0,12.11804654177742,-12.11804654177742,2.6100375475548594,21.40230788994985,FALSE,181
P. falciparum,paper_replica_corrigido,15017,Paragominas,PA,2018,2,182,344335,0,10.00070342189836,-10.00070342189836,2.3359836050616005,21.428408265425375,FALSE,181
P. falciparum,paper_replica_corrigido,15017,Paragominas,PA,2018,3,183,344335,0,10.414349811629915,-10.414349811629915,2.6100375475548594,20.65844718889668,FALSE,181
P. falciparum,paper_replica_corrigido,15018,São Félix do Xingu,PA,2018,1,181,212630,0,0.19529975396962662,-0.19529975396962662,0,0.5613628314449696,TRUE,181
P. falciparum,paper_replica_corrigido,15018,São Félix do Xingu,PA,2018,2,182,212630,0,0.29986495094211696,-0.29986495094211696,0,0.8767782632918057,TRUE,181
P. falciparum,paper_replica_corrigido,15018,São Félix do Xingu,PA,2018,3,183,212630,0,0.3035060563835306,-0.3035060563835306,0,1.02290797384044,TRUE,181
P. falciparum,paper_replica_corrigido,15019,Parauapebas,PA,2018,1,181,317861,0,0.31747243419673254,-0.31747243419673254,0,0.8583272300076816,TRUE,181
P. falciparum,paper_replica_corrigido,15019,Parauapebas,PA,2018,2,182,317861,0,0.2705692048165684,-0.2705692048165684,0,0.6437454225057613,TRUE,181
P. falciparum,paper_replica_corrigido,15019,Parauapebas,PA,2018,3,183,317861,0,0.2728512735843458,-0.2728512735843458,0,0.6973908743812415,TRUE,181
P. falciparum,paper_replica_corrigido,15020,Marabá,PA,2018,1,181,329372,0,0.46977170849009753,-0.46977170849009753,0,0.983642029660225,TRUE,181
P. falciparum,paper_replica_corrigido,15020,Marabá,PA,2018,2,182,329372,0,0.39974582583895657,-0.39974582583895657,0,0.9318713965202132,TRUE,181
P. falciparum,paper_replica_corrigido,15020,Marabá,PA,2018,3,183,329372,0.30360807840375015,0.4044342303581608,-0.10082615195441064,0,1.035412662800237,TRUE,181
P. falciparum,paper_replica_corrigido,15021,Redenção,PA,2018,1,181,195973,0,0.19348466235712367,-0.19348466235712367,0,0.6342008410129172,TRUE,181
P. falciparum,paper_replica_corrigido,15021,Redenção,PA,2018,2,182,195973,0,0.16712101316442368,-0.16712101316442368,0,0.6342008410129172,TRUE,181
P. falciparum,paper_replica_corrigido,15021,Redenção,PA,2018,3,183,195973,0,0.16824847803977833,-0.16824847803977833,0,0.6342008410129172,TRUE,181
P. falciparum,paper_replica_corrigido,15022,Conceição do Araguaia,PA,2018,1,181,160043,0,9.647200442243143,-9.647200442243143,0,20.215930744701673,TRUE,181
P. falciparum,paper_replica_corrigido,15022,Conceição do Araguaia,PA,2018,2,182,160043,0,8.282046513435038,-8.282046513435038,0,19.092823481107132,TRUE,181
P. falciparum,paper_replica_corrigido,15022,Conceição do Araguaia,PA,2018,3,183,160043,0,8.432110151206482,-8.432110151206482,0,20.215930744701673,TRUE,181
P. falciparum,paper_replica_corrigido,16001,Oiapoque,AP,2018,1,181,37553,0,226.0779232287227,-226.0779232287227,100.27607111941255,378.12933739539807,FALSE,181
P. falciparum,paper_replica_corrigido,16001,Oiapoque,AP,2018,2,182,37553,7.988709290868906,188.96752126237843,-180.97881197150951,88.42961403012633,356.9493080539466,FALSE,181
P. falciparum,paper_replica_corrigido,16001,Oiapoque,AP,2018,3,183,37553,5.325806193912603,195.61899386262945,-190.29318766871685,76.34383457540001,368.795765143233,FALSE,181
P. falciparum,paper_replica_corrigido,16002,Amapá,AP,2018,1,181,30877,3.238656605240146,30.472453493798803,-27.233796888558658,0,69.85605691775518,TRUE,181
P. falciparum,paper_replica_corrigido,16002,Amapá,AP,2018,2,182,30877,3.238656605240146,25.131085876886935,-21.89242927164679,0,67.09092133142724,TRUE,181
P. falciparum,paper_replica_corrigido,16002,Amapá,AP,2018,3,183,30877,6.477313210480292,25.96981654708376,-19.492503336603466,0,67.09092133142724,TRUE,181
P. falciparum,paper_replica_corrigido,16003,Macapá,AP,2018,1,181,674807,9.928764817199584,17.190407830145542,-7.261643012945958,8.790068924872147,28.6542928664582,TRUE,181
P. falciparum,paper_replica_corrigido,16003,Macapá,AP,2018,2,182,674807,6.224001825707202,14.215261987167203,-7.991260161460001,6.519301119280175,24.92517271651244,FALSE,181
P. falciparum,paper_replica_corrigido,16003,Macapá,AP,2018,3,183,674807,12.448003651414403,14.433393480541108,-1.9853898291267047,6.912190563649461,26.243683055243274,TRUE,181
P. falciparum,paper_replica_corrigido,16004,Mazagão,AP,2018,1,181,86257,11.59326199612785,51.66749390681913,-40.07423191069128,14.586853130902117,97.94029959319991,FALSE,181
P. falciparum,paper_replica_corrigido,16004,Mazagão,AP,2018,2,182,86257,42.89506938567305,42.7524297140745,0.14263967159854474,10.419180807787226,83.35344646229781,TRUE,181
P. falciparum,paper_replica_corrigido,16004,Mazagão,AP,2018,3,183,86257,26.66450259109406,43.655671981311514,-16.991169390217454,10.419180807787226,87.5211187854127,TRUE,181
P. falciparum,paper_replica_corrigido,17001,Bico do Papagaio,TO,2018,1,181,214202,0,0.07168374558066164,-0.07168374558066164,0,0.29011456806151303,TRUE,181
P. falciparum,paper_replica_corrigido,17001,Bico do Papagaio,TO,2018,2,182,214202,0,0.060785253497020485,-0.060785253497020485,0,0.29011456806151303,TRUE,181
P. falciparum,paper_replica_corrigido,17001,Bico do Papagaio,TO,2018,3,183,214202,0,0.0622405050998843,-0.0622405050998843,0,0.29011456806151303,TRUE,181
P. falciparum,paper_replica_corrigido,17002,Araguaína,TO,2018,1,181,315817,0,0.05924159912511042,-0.05924159912511042,0,0.2951540957639023,TRUE,181
P. falciparum,paper_replica_corrigido,17002,Araguaína,TO,2018,2,182,315817,0,0.05033161852109054,-0.05033161852109054,0,0.1967693971759348,TRUE,181
P. falciparum,paper_replica_corrigido,17002,Araguaína,TO,2018,3,183,315817,0,0.05139730603843383,-0.05139730603843383,0,0.2951540957639023,TRUE,181
P. falciparum,paper_replica_corrigido,17003,Miracema do Tocantins,TO,2018,1,181,148745,0,0.05624516406662673,-0.05624516406662673,0,0.41778292183207644,TRUE,181
P. falciparum,paper_replica_corrigido,17003,Miracema do Tocantins,TO,2018,2,182,148745,0,0.0486722719466654,-0.0486722719466654,0,0.20889146091603822,TRUE,181
P. falciparum,paper_replica_corrigido,17003,Miracema do Tocantins,TO,2018,3,183,148745,0,0.0496983810537068,-0.0496983810537068,0,0.20889146091603822,TRUE,181
P. falciparum,paper_replica_corrigido,17004,Rio Formoso,TO,2018,1,181,126836,0,0.05641473811398713,-0.05641473811398713,0,0.24497430030871445,TRUE,181
P. falciparum,paper_replica_corrigido,17004,Rio Formoso,TO,2018,2,182,126836,0,0.047697055145847475,-0.047697055145847475,0,0.24497430030871445,TRUE,181
P. falciparum,paper_replica_corrigido,17004,Rio Formoso,TO,2018,3,183,126836,0,0.048983957683374935,-0.048983957683374935,0,0.24497430030871445,TRUE,181
P. falciparum,paper_replica_corrigido,17005,Gurupi,TO,2018,1,181,149602,0,0.007328625816455832,-0.007328625816455832,0,0,TRUE,181
P. falciparum,paper_replica_corrigido,17005,Gurupi,TO,2018,2,182,149602,0,0.006182842034176573,-0.006182842034176573,0,0,TRUE,181
P. falciparum,paper_replica_corrigido,17005,Gurupi,TO,2018,3,183,149602,0,0.006303947606797015,-0.006303947606797015,0,0,TRUE,181
P. falciparum,paper_replica_corrigido,17006,Porto Nacional,TO,2018,1,181,396590,0,0.020069766817143023,-0.020069766817143023,0,0.07834680741812983,TRUE,181
P. falciparum,paper_replica_corrigido,17006,Porto Nacional,TO,2018,2,182,396590,0,0.017032141552221627,-0.017032141552221627,0,0.07834680741812983,TRUE,181
P. falciparum,paper_replica_corrigido,17006,Porto Nacional,TO,2018,3,183,396590,0,0.01741768086014322,-0.01741768086014322,0,0.07834680741812983,TRUE,181
P. falciparum,paper_replica_corrigido,17007,Jalapão,TO,2018,1,181,79443,0,0.0015246113908898606,-0.0015246113908898606,0,0,TRUE,181
P. falciparum,paper_replica_corrigido,17007,Jalapão,TO,2018,2,182,79443,0,0.0013226510042575325,-0.0013226510042575325,0,0,TRUE,181
P. falciparum,paper_replica_corrigido,17007,Jalapão,TO,2018,3,183,79443,0,0.001347347864677778,-0.001347347864677778,0,0,TRUE,181
P. falciparum,paper_replica_corrigido,17008,Dianópolis,TO,2018,1,181,123994,0,5.863066419596898e-4,-5.863066419596898e-4,0,0,TRUE,181
P. falciparum,paper_replica_corrigido,17008,Dianópolis,TO,2018,2,182,123994,0,4.990186007241663e-4,-4.990186007241663e-4,0,0,TRUE,181
P. falciparum,paper_replica_corrigido,17008,Dianópolis,TO,2018,3,183,123994,0,5.079686113711512e-4,-5.079686113711512e-4,0,0,TRUE,181
P. falciparum,paper_replica_corrigido,21001,Litoral Ocidental Maranhense,MA,2018,1,181,190870,0.5239168020118405,0.010838091487989122,0.5130787105238515,0,0.16278912534162576,FALSE,181
P. falciparum,paper_replica_corrigido,21001,Litoral Ocidental Maranhense,MA,2018,2,182,190870,0,0.008985713501814213,-0.008985713501814213,0,0.16278912534162576,TRUE,181
P. falciparum,paper_replica_corrigido,21001,Litoral Ocidental Maranhense,MA,2018,3,183,190870,0,0.009618387755566313,-0.009618387755566313,0,0.16278912534162576,TRUE,181
P. falciparum,paper_replica_corrigido,21002,Aglomeração Urbana de São Luís,MA,2018,1,181,1421946,0.07032615865862699,0.010115997143219764,0.06021016151540722,0,0.04370286966446842,FALSE,181
P. falciparum,paper_replica_corrigido,21002,Aglomeração Urbana de São Luís,MA,2018,2,182,1421946,0,0.008325487533201286,-0.008325487533201286,0,0.04370286966446842,TRUE,181
P. falciparum,paper_replica_corrigido,21002,Aglomeração Urbana de São Luís,MA,2018,3,183,1421946,0,0.00863497608004063,-0.00863497608004063,0,0.04370286966446842,TRUE,181
P. falciparum,paper_replica_corrigido,21003,Rosário,MA,2018,1,181,177073,0,0.009864920921567325,-0.009864920921567325,0,0.17547316843311012,TRUE,181
P. falciparum,paper_replica_corrigido,21003,Rosário,MA,2018,2,182,177073,0,0.008041343180105078,-0.008041343180105078,0,0,TRUE,181
P. falciparum,paper_replica_corrigido,21003,Rosário,MA,2018,3,183,177073,0,0.008575617687693757,-0.008575617687693757,0,0,TRUE,181
P. falciparum,paper_replica_corrigido,21004,Lençóis Maranhenses,MA,2018,1,181,195389,0,0.009331368478185994,-0.009331368478185994,0,0.15902410245180695,TRUE,181
P. falciparum,paper_replica_corrigido,21004,Lençóis Maranhenses,MA,2018,2,182,195389,0,0.007459058452900823,-0.007459058452900823,0,0.08348765378719503,TRUE,181
P. falciparum,paper_replica_corrigido,21004,Lençóis Maranhenses,MA,2018,3,183,195389,0,0.00816096962025776,-0.00816096962025776,0,0.15902410245180695,TRUE,181
P. falciparum,paper_replica_corrigido,21005,Baixada Maranhense,MA,2018,1,181,601025,0.16638243001539038,0.20481782305761426,-0.038435393042223875,0,0.4688339837298484,TRUE,181
P. falciparum,paper_replica_corrigido,21005,Baixada Maranhense,MA,2018,2,182,601025,0,0.3106236339917122,-0.3106236339917122,0,0.7237666402485512,TRUE,181
P. falciparum,paper_replica_corrigido,21005,Baixada Maranhense,MA,2018,3,183,601025,0,0.17914176730743447,-0.17914176730743447,0,0.42556791261408383,TRUE,181
P. falciparum,paper_replica_corrigido,21006,Itapecuru Mirim,MA,2018,1,181,233753,0,0.07028537194379487,-0.07028537194379487,0,0.26584951084226605,TRUE,181
P. falciparum,paper_replica_corrigido,21006,Itapecuru Mirim,MA,2018,2,182,233753,0,0.05685985695609019,-0.05685985695609019,0,0.26584951084226605,TRUE,181
P. falciparum,paper_replica_corrigido,21006,Itapecuru Mirim,MA,2018,3,183,233753,0,0.06068131104698672,-0.06068131104698672,0,0.26584951084226605,TRUE,181
P. falciparum,paper_replica_corrigido,21007,Gurupi,MA,2018,1,181,240239,0,0.5295499801693144,-0.5295499801693144,0,1.2776124842954546,TRUE,181
P. falciparum,paper_replica_corrigido,21007,Gurupi,MA,2018,2,182,240239,0,0.44293978570733966,-0.44293978570733966,0,1.064677070246212,TRUE,181
P. falciparum,paper_replica_corrigido,21007,Gurupi,MA,2018,3,183,240239,0,0.4587070980440458,-0.4587070980440458,0,1.1356555415959595,TRUE,181
P. falciparum,paper_replica_corrigido,21008,Pindaré,MA,2018,1,181,662890,1.2068367300758798,0.1745586568759265,1.0322780731999532,0,0.36012786088233,FALSE,181
P. falciparum,paper_replica_corrigido,21008,Pindaré,MA,2018,2,182,662890,0.4525637737784549,0.2761815999712824,0.17638217380717253,0,0.6562202551786653,TRUE,181
P. falciparum,paper_replica_corrigido,21008,Pindaré,MA,2018,3,183,662890,0.4525637737784549,0.2818984924652834,0.1706652813131715,0,0.70309313054857,TRUE,181
P. falciparum,paper_replica_corrigido,21009,Imperatriz,MA,2018,1,181,597823,0.16727359101272452,0.08717501795567903,0.08009857305704549,0,0.25987257393874197,TRUE,181
P. falciparum,paper_replica_corrigido,21009,Imperatriz,MA,2018,2,182,597823,0,0.07400686832118138,-0.07400686832118138,0,0.25987257393874197,TRUE,181
P. falciparum,paper_replica_corrigido,21009,Imperatriz,MA,2018,3,183,597823,0.16727359101272452,0.07563651463903341,0.0916370763736911,0,0.25987257393874197,TRUE,181
P. falciparum,paper_replica_corrigido,21010,Médio Mearim,MA,2018,1,181,424133,1.6504256919409714,0.20445612820468764,1.4459695637362837,0,0.5128130149686366,FALSE,181
P. falciparum,paper_replica_corrigido,21010,Médio Mearim,MA,2018,2,182,424133,0.4715501976974203,0.1712484870020428,0.3003017106953775,0,0.5128130149686366,TRUE,181
P. falciparum,paper_replica_corrigido,21010,Médio Mearim,MA,2018,3,183,424133,0.23577509884871015,0.18057219423920828,0.05520290460950186,0,0.5128130149686366,TRUE,181
P. falciparum,paper_replica_corrigido,21011,Alto Mearim e Grajaú,MA,2018,1,181,334288,0.29914325372134204,0.10341261380641746,0.19573063991492456,0,0.37179390649925936,TRUE,181
P. falciparum,paper_replica_corrigido,21011,Alto Mearim e Grajaú,MA,2018,2,182,334288,0,0.08961111207604187,-0.08961111207604187,0,0.37179390649925936,TRUE,181
P. falciparum,paper_replica_corrigido,21011,Alto Mearim e Grajaú,MA,2018,3,183,334288,0.29914325372134204,0.09128606016579402,0.20785719355554802,0,0.37179390649925936,TRUE,181
P. falciparum,paper_replica_corrigido,21012,Presidente Dutra,MA,2018,1,181,199032,0.5024317697656658,0.20298506226693586,0.29944670749873,0,0.7805669529009431,TRUE,181
P. falciparum,paper_replica_corrigido,21012,Presidente Dutra,MA,2018,2,182,199032,0,0.171365863916384,-0.171365863916384,0,0.6244535623207547,TRUE,181
P. falciparum,paper_replica_corrigido,21012,Presidente Dutra,MA,2018,3,183,199032,0,0.17954255490441806,-0.17954255490441806,0,0.6244535623207547,TRUE,181
P. falciparum,paper_replica_corrigido,21013,Baixo Parnaíba Maranhense,MA,2018,1,181,145296,0,0.0778321456370875,-0.0778321456370875,0,0.4277001480282473,TRUE,181
P. falciparum,paper_replica_corrigido,21013,Baixo Parnaíba Maranhense,MA,2018,2,182,145296,0,0.06204714230747791,-0.06204714230747791,0,0.21385007401412362,TRUE,181
P. falciparum,paper_replica_corrigido,21013,Baixo Parnaíba Maranhense,MA,2018,3,183,145296,0,0.06669128146734286,-0.06669128146734286,0,0.4277001480282473,TRUE,181
P. falciparum,paper_replica_corrigido,21014,Chapadinha,MA,2018,1,181,243323,0,0.03533194638624869,-0.03533194638624869,0,0.12769676665977367,TRUE,181
P. falciparum,paper_replica_corrigido,21014,Chapadinha,MA,2018,2,182,243323,0,0.028518841954533854,-0.028518841954533854,0,0.12769676665977367,TRUE,181
P. falciparum,paper_replica_corrigido,21014,Chapadinha,MA,2018,3,183,243323,0,0.030361145218204103,-0.030361145218204103,0,0.12769676665977367,TRUE,181
P. falciparum,paper_replica_corrigido,21015,Codó,MA,2018,1,181,277501,0,0.11919469021303543,-0.11919469021303543,0,0.44787673347420165,TRUE,181
P. falciparum,paper_replica_corrigido,21015,Codó,MA,2018,2,182,277501,0,0.09970847152663066,-0.09970847152663066,0,0.3946913713741377,TRUE,181
P. falciparum,paper_replica_corrigido,21015,Codó,MA,2018,3,183,277501,0,0.10458198215857045,-0.10458198215857045,0,0.3359075501056512,TRUE,181
P. falciparum,paper_replica_corrigido,21016,Coelho Neto,MA,2018,1,181,93313,0,0.012072676497416458,-0.012072676497416458,0,0,TRUE,181
P. falciparum,paper_replica_corrigido,21016,Coelho Neto,MA,2018,2,182,93313,0,0.009876034744466421,-0.009876034744466421,0,0,TRUE,181
P. falciparum,paper_replica_corrigido,21016,Coelho Neto,MA,2018,3,183,93313,0,0.010370265909582154,-0.010370265909582154,0,0,TRUE,181
P. falciparum,paper_replica_corrigido,21017,Caxias,MA,2018,1,181,442882,0,0.06450229314835339,-0.06450229314835339,0,0.21047295004508723,TRUE,181
P. falciparum,paper_replica_corrigido,21017,Caxias,MA,2018,2,182,442882,0,0.05393963996863365,-0.05393963996863365,0,0.21047295004508723,TRUE,181
P. falciparum,paper_replica_corrigido,21017,Caxias,MA,2018,3,183,442882,0,0.056555814762955556,-0.056555814762955556,0,0.2806306000601163,TRUE,181
P. falciparum,paper_replica_corrigido,21018,Chapadas do Alto Itapecuru,MA,2018,1,181,220558,0,0.06498775813330698,-0.06498775813330698,0,0.2817540996377924,TRUE,181
P. falciparum,paper_replica_corrigido,21018,Chapadas do Alto Itapecuru,MA,2018,2,182,220558,0,0.056337595216316934,-0.056337595216316934,0,0.2817540996377924,TRUE,181
P. falciparum,paper_replica_corrigido,21018,Chapadas do Alto Itapecuru,MA,2018,3,183,220558,0,0.057215647237253836,-0.057215647237253836,0,0.2817540996377924,TRUE,181
P. falciparum,paper_replica_corrigido,21019,Porto Franco,MA,2018,1,181,119474,0,0.052447995547314934,-0.052447995547314934,0,0.2600696415450735,TRUE,181
P. falciparum,paper_replica_corrigido,21019,Porto Franco,MA,2018,2,182,119474,0,0.04495923289571309,-0.04495923289571309,0,0.2600696415450735,TRUE,181
P. falciparum,paper_replica_corrigido,21019,Porto Franco,MA,2018,3,183,119474,0,0.04571558462727152,-0.04571558462727152,0,0.2600696415450735,TRUE,181
P. falciparum,paper_replica_corrigido,21020,Gerais de Balsas,MA,2018,1,181,142177,0,0.005804454247786291,-0.005804454247786291,0,0,TRUE,181
P. falciparum,paper_replica_corrigido,21020,Gerais de Balsas,MA,2018,2,182,142177,0,0.005012005187706817,-0.005012005187706817,0,0,TRUE,181
P. falciparum,paper_replica_corrigido,21020,Gerais de Balsas,MA,2018,3,183,142177,0,0.005124943271794062,-0.005124943271794062,0,0,TRUE,181
P. falciparum,paper_replica_corrigido,21021,Chapadas das Mangabeiras,MA,2018,1,181,72070,0,0.00273571315682243,-0.00273571315682243,0,0,TRUE,181
P. falciparum,paper_replica_corrigido,21021,Chapadas das Mangabeiras,MA,2018,2,182,72070,0,0.0023862542903904443,-0.0023862542903904443,0,0,TRUE,181
P. falciparum,paper_replica_corrigido,21021,Chapadas das Mangabeiras,MA,2018,3,183,72070,0,0.0024189491484161983,-0.0024189491484161983,0,0,TRUE,181
P. falciparum,paper_replica_corrigido,51001,Aripuanã,MT,2018,1,181,166705,0.5998620317327015,18.021978743548903,-17.4221167118162,1.0782247430338654,37.73786600618529,FALSE,181
P. falciparum,paper_replica_corrigido,51001,Aripuanã,MT,2018,2,182,166705,0,15.153746974807895,-15.153746974807895,3.2346742291015964,32.346742291015964,FALSE,181
P. falciparum,paper_replica_corrigido,51001,Aripuanã,MT,2018,3,183,166705,0,15.424234233552667,-15.424234233552667,1.0243135058821753,31.268517547982103,FALSE,181
P. falciparum,paper_replica_corrigido,51002,Alta Floresta,MT,2018,1,181,107187,0,0.2975590984623998,-0.2975590984623998,0,1.1595271946768213,TRUE,181
P. falciparum,paper_replica_corrigido,51002,Alta Floresta,MT,2018,2,182,107187,0,0.2488457176259659,-0.2488457176259659,0,0.8696453960076158,TRUE,181
P. falciparum,paper_replica_corrigido,51002,Alta Floresta,MT,2018,3,183,107187,0,0.25767210447285216,-0.25767210447285216,0,1.1595271946768213,TRUE,181
P. falciparum,paper_replica_corrigido,51003,Colíder,MT,2018,1,181,155831,0,0.19918982026116086,-0.19918982026116086,0,0.5471246728376249,TRUE,181
P. falciparum,paper_replica_corrigido,51003,Colíder,MT,2018,2,182,155831,1.2834416772015838,0.30136411521611645,0.9820775619854674,0,0.9969633883487916,FALSE,181
P. falciparum,paper_replica_corrigido,51003,Colíder,MT,2018,3,183,155831,0,0.17211312294206615,-0.17211312294206615,0,0.5471246728376249,TRUE,181
P. falciparum,paper_replica_corrigido,51004,Parecis,MT,2018,1,181,108739,0,0.12977935286494596,-0.12977935286494596,0,0.5714888007790417,TRUE,181
P. falciparum,paper_replica_corrigido,51004,Parecis,MT,2018,2,182,108739,0,0.11176096379106931,-0.11176096379106931,0,0.5714888007790417,TRUE,181
P. falciparum,paper_replica_corrigido,51004,Parecis,MT,2018,3,183,108739,0,0.11229933271009161,-0.11229933271009161,0,0.5714888007790417,TRUE,181
P. falciparum,paper_replica_corrigido,51005,Arinos,MT,2018,1,181,82534,0,0.17552885629660092,-0.17552885629660092,0,0.752939645575305,TRUE,181
P. falciparum,paper_replica_corrigido,51005,Arinos,MT,2018,2,182,82534,0,0.14561091680277108,-0.14561091680277108,0,0.752939645575305,TRUE,181
P. falciparum,paper_replica_corrigido,51005,Arinos,MT,2018,3,183,82534,0,0.15165358720526376,-0.15165358720526376,0,0.752939645575305,TRUE,181
P. falciparum,paper_replica_corrigido,51006,Alto Teles Pires,MT,2018,1,181,252848,0,0.094537236845504,-0.094537236845504,0,0.368658961359664,TRUE,181
P. falciparum,paper_replica_corrigido,51006,Alto Teles Pires,MT,2018,2,182,252848,0,0.08070129213666002,-0.08070129213666002,0,0.368658961359664,TRUE,181
P. falciparum,paper_replica_corrigido,51006,Alto Teles Pires,MT,2018,3,183,252848,0,0.08367749456094084,-0.08367749456094084,0,0.368658961359664,TRUE,181
P. falciparum,paper_replica_corrigido,51007,Sinop,MT,2018,1,181,203408,0,0.0732898717557196,-0.0732898717557196,0,0.3055097179457652,TRUE,181
P. falciparum,paper_replica_corrigido,51007,Sinop,MT,2018,2,182,203408,0,0.060604416209657716,-0.060604416209657716,0,0.3055097179457652,TRUE,181
P. falciparum,paper_replica_corrigido,51007,Sinop,MT,2018,3,183,203408,0,0.06394305007893694,-0.06394305007893694,0,0.3055097179457652,TRUE,181
P. falciparum,paper_replica_corrigido,51008,Paranatinga,MT,2018,1,181,36363,0,0.008007935063190613,-0.008007935063190613,0,0,TRUE,181
P. falciparum,paper_replica_corrigido,51008,Paranatinga,MT,2018,2,182,36363,0,0.00696068267678992,-0.00696068267678992,0,0,TRUE,181
P. falciparum,paper_replica_corrigido,51008,Paranatinga,MT,2018,3,183,36363,0,0.007171045694192577,-0.007171045694192577,0,0,TRUE,181
P. falciparum,paper_replica_corrigido,51009,Norte Araguaia,MT,2018,1,181,130472,0,0.02678775239383237,-0.02678775239383237,0,0.23814734467131726,TRUE,181
P. falciparum,paper_replica_corrigido,51009,Norte Araguaia,MT,2018,2,182,130472,0,0.022805447590400357,-0.022805447590400357,0,0.23814734467131726,TRUE,181
P. falciparum,paper_replica_corrigido,51009,Norte Araguaia,MT,2018,3,183,130472,0,0.02377195882195158,-0.02377195882195158,0,0.23814734467131726,TRUE,181
P. falciparum,paper_replica_corrigido,51010,Canarana,MT,2018,1,181,114602,0,0.004874252202571645,-0.004874252202571645,0,0,TRUE,181
P. falciparum,paper_replica_corrigido,51010,Canarana,MT,2018,2,182,114602,0,0.004303715917278469,-0.004303715917278469,0,0,TRUE,181
P. falciparum,paper_replica_corrigido,51010,Canarana,MT,2018,3,183,114602,0,0.0043739121050722415,-0.0043739121050722415,0,0,TRUE,181
P. falciparum,paper_replica_corrigido,51011,Médio Araguaia,MT,2018,1,181,69471,0,0.0012846052858298273,-0.0012846052858298273,0,0,TRUE,181
P. falciparum,paper_replica_corrigido,51011,Médio Araguaia,MT,2018,2,182,69471,0,0.001125450783140793,-0.001125450783140793,0,0,TRUE,181
P. falciparum,paper_replica_corrigido,51011,Médio Araguaia,MT,2018,3,183,69471,0,0.0011562978197144382,-0.0011562978197144382,0,0,TRUE,181
P. falciparum,paper_replica_corrigido,51012,Alto Guaporé,MT,2018,1,181,74703,0,0.12898114882665093,-0.12898114882665093,0,0.4159345722923592,TRUE,181
P. falciparum,paper_replica_corrigido,51012,Alto Guaporé,MT,2018,2,182,74703,0,0.11344037258713184,-0.11344037258713184,0,0.8318691445847184,TRUE,181
P. falciparum,paper_replica_corrigido,51012,Alto Guaporé,MT,2018,3,183,74703,0,0.10728496475476659,-0.10728496475476659,0,0.4159345722923592,TRUE,181
P. falciparum,paper_replica_corrigido,51013,Tangará da Serra,MT,2018,1,181,168844,0,0.02757345266755271,-0.02757345266755271,0,0.18402525617703977,TRUE,181
P. falciparum,paper_replica_corrigido,51013,Tangará da Serra,MT,2018,2,182,168844,0,0.023751850971560174,-0.023751850971560174,0,0.18402525617703977,TRUE,181
P. falciparum,paper_replica_corrigido,51013,Tangará da Serra,MT,2018,3,183,168844,0,0.022896771527430717,-0.022896771527430717,0,0.18402525617703977,TRUE,181
P. falciparum,paper_replica_corrigido,51014,Jauru,MT,2018,1,181,110817,0,0.016173052680617833,-0.016173052680617833,0,0.2803862255245685,TRUE,181
P. falciparum,paper_replica_corrigido,51014,Jauru,MT,2018,2,182,110817,0,0.014198118970731687,-0.014198118970731687,0,0.2803862255245685,TRUE,181
P. falciparum,paper_replica_corrigido,51014,Jauru,MT,2018,3,183,110817,0,0.013389565869210763,-0.013389565869210763,0,0.2803862255245685,TRUE,181
P. falciparum,paper_replica_corrigido,51015,Alto Paraguai,MT,2018,1,181,33393,0,0.011425969652912513,-0.011425969652912513,0,0,TRUE,181
P. falciparum,paper_replica_corrigido,51015,Alto Paraguai,MT,2018,2,182,33393,0,0.009902864893176863,-0.009902864893176863,0,0,TRUE,181
P. falciparum,paper_replica_corrigido,51015,Alto Paraguai,MT,2018,3,183,33393,0,0.009830011088128162,-0.009830011088128162,0,0,TRUE,181
P. falciparum,paper_replica_corrigido,51016,Rosário Oeste,MT,2018,1,181,31027,0,0.016540821079389197,-0.016540821079389197,0,0,TRUE,181
P. falciparum,paper_replica_corrigido,51016,Rosário Oeste,MT,2018,2,182,31027,0,0.0143935915250545,-0.0143935915250545,0,0,TRUE,181
P. falciparum,paper_replica_corrigido,51016,Rosário Oeste,MT,2018,3,183,31027,0,0.014615747548863823,-0.014615747548863823,0,0,TRUE,181
P. falciparum,paper_replica_corrigido,51017,Cuiabá,MT,2018,1,181,938414,0,0.018200192758604357,-0.018200192758604357,0,0.0662214339384453,TRUE,181
P. falciparum,paper_replica_corrigido,51017,Cuiabá,MT,2018,2,182,938414,0,0.016081410985841482,-0.016081410985841482,0,0.0662214339384453,TRUE,181
P. falciparum,paper_replica_corrigido,51017,Cuiabá,MT,2018,3,183,938414,0,0.016143128624619793,-0.016143128624619793,0,0.0662214339384453,TRUE,181
P. falciparum,paper_replica_corrigido,51018,Alto Pantanal,MT,2018,1,181,140405,0,0.011242226859130688,-0.011242226859130688,0,0,TRUE,181
P. falciparum,paper_replica_corrigido,51018,Alto Pantanal,MT,2018,2,182,140405,0,0.009959957767951862,-0.009959957767951862,0,0.22129952889110865,TRUE,181
P. falciparum,paper_replica_corrigido,51018,Alto Pantanal,MT,2018,3,183,140405,0,0.009580257402928151,-0.009580257402928151,0,0.22129952889110865,TRUE,181
P. falciparum,paper_replica_corrigido,51019,Primavera do Leste,MT,2018,1,181,103909,0,0.007029600538509942,-0.007029600538509942,0,0,TRUE,181
P. falciparum,paper_replica_corrigido,51019,Primavera do Leste,MT,2018,2,182,103909,0,0.006321990142579826,-0.006321990142579826,0,0,TRUE,181
P. falciparum,paper_replica_corrigido,51019,Primavera do Leste,MT,2018,3,183,103909,0,0.006371776719728958,-0.006371776719728958,0,0,TRUE,181
P. falciparum,paper_replica_corrigido,51020,Tesouro,MT,2018,1,181,55925,0,0.0034870465092946275,-0.0034870465092946275,0,0,TRUE,181
P. falciparum,paper_replica_corrigido,51020,Tesouro,MT,2018,2,182,55925,0,0.0031842627244536782,-0.0031842627244536782,0,0,TRUE,181
P. falciparum,paper_replica_corrigido,51020,Tesouro,MT,2018,3,183,55925,0,0.0032088552757670147,-0.0032088552757670147,0,0,TRUE,181
P. falciparum,paper_replica_corrigido,51021,Rondonópolis,MT,2018,1,181,315273,0,0.006289542813992322,-0.006289542813992322,0,0.09855446027397241,TRUE,181
P. falciparum,paper_replica_corrigido,51021,Rondonópolis,MT,2018,2,182,315273,0,0.0056507400773709495,-0.0056507400773709495,0,0.09855446027397241,TRUE,181
P. falciparum,paper_replica_corrigido,51021,Rondonópolis,MT,2018,3,183,315273,0,0.005776371653598001,-0.005776371653598001,0,0.09855446027397241,TRUE,181
P. falciparum,paper_replica_corrigido,51022,Alto Araguaia,MT,2018,1,181,41128,0,0.0013984776315931725,-0.0013984776315931725,0,0,TRUE,181
P. falciparum,paper_replica_corrigido,51022,Alto Araguaia,MT,2018,2,182,41128,0,0.0012920712894886695,-0.0012920712894886695,0,0,TRUE,181
P. falciparum,paper_replica_corrigido,51022,Alto Araguaia,MT,2018,3,183,41128,0,0.0013257059743966228,-0.0013257059743966228,0,0,TRUE,181
P. falciparum,paper_replica_corrigido,11001,Porto Velho,RO,2019,1,193,676286,8.576253241971592,49.22939227969669,-40.6531390377251,29.893965185874944,68.19332400592009,FALSE,193
P. falciparum,paper_replica_corrigido,11001,Porto Velho,RO,2019,2,194,676286,10.49851689965488,44.049797169992765,-33.551280270337884,26.119843775433303,68.57206506295387,FALSE,193
P. falciparum,paper_replica_corrigido,11001,Porto Velho,RO,2019,3,195,676286,5.47105810263705,43.82580803611236,-38.35474993347531,27.23613320669069,71.50896939995246,FALSE,193
P. falciparum,paper_replica_corrigido,11002,Guajará-Mirim,RO,2019,1,193,84771,0,15.653313646236933,-15.653313646236933,0,33.925838937836865,TRUE,193
P. falciparum,paper_replica_corrigido,11002,Guajará-Mirim,RO,2019,2,194,84771,0,13.915794408191136,-13.915794408191136,0,33.925838937836865,TRUE,193
P. falciparum,paper_replica_corrigido,11002,Guajará-Mirim,RO,2019,3,195,84771,0,13.762309363999464,-13.762309363999464,0,32.91866559436978,TRUE,193
P. falciparum,paper_replica_corrigido,11003,Ariquemes,RO,2019,1,193,206332,3.877246379621193,53.30239072310198,-49.42514434348079,26.54819788071099,91.47041107381966,FALSE,193
P. falciparum,paper_replica_corrigido,11003,Ariquemes,RO,2019,2,194,206332,1.9386231898105968,48.00452854636274,-46.06590535655214,22.60625873681543,82.34514863574098,FALSE,193
P. falciparum,paper_replica_corrigido,11003,Ariquemes,RO,2019,3,195,206332,3.877246379621193,47.53712916137785,-43.65988278175666,23.47740550894705,89.81523220676951,FALSE,193
P. falciparum,paper_replica_corrigido,11004,Ji-Paraná,RO,2019,1,193,294493,0,0.6109516199496768,-0.6109516199496768,0.05790221492053116,1.2738487282516855,FALSE,193
P. falciparum,paper_replica_corrigido,11004,Ji-Paraná,RO,2019,2,194,294493,0,0.5513426722224688,-0.5513426722224688,0.027503552087252383,1.158044298410623,FALSE,193
P. falciparum,paper_replica_corrigido,11004,Ji-Paraná,RO,2019,3,195,294493,0.6791332900951805,0.5492518199827182,0.12988147011246232,0,1.2159465133311542,TRUE,193
P. falciparum,paper_replica_corrigido,11005,Alvorada D'Oeste,RO,2019,1,193,69746,0,0.2783842287634612,-0.2783842287634612,0,0.9779369127171154,TRUE,193
P. falciparum,paper_replica_corrigido,11005,Alvorada D'Oeste,RO,2019,2,194,69746,0,0.24566069564625373,-0.24566069564625373,0,0.9779369127171154,TRUE,193
P. falciparum,paper_replica_corrigido,11005,Alvorada D'Oeste,RO,2019,3,195,69746,0,0.2423509726454412,-0.2423509726454412,0,0.9779369127171154,TRUE,193
P. falciparum,paper_replica_corrigido,11006,Cacoal,RO,2019,1,193,236722,0,0.24445232183520907,-0.24445232183520907,0,0.6482970438207173,TRUE,193
P. falciparum,paper_replica_corrigido,11006,Cacoal,RO,2019,2,194,236722,0,0.22088397844916324,-0.22088397844916324,0,0.5762640389517487,TRUE,193
P. falciparum,paper_replica_corrigido,11006,Cacoal,RO,2019,3,195,236722,0,0.2153399816150928,-0.2153399816150928,0,0.6861143713769241,TRUE,193
P. falciparum,paper_replica_corrigido,11007,Vilhena,RO,2019,1,193,161798,0,0.2588577042954016,-0.2588577042954016,0,0.8689774323641251,TRUE,193
P. falciparum,paper_replica_corrigido,11007,Vilhena,RO,2019,2,194,161798,0,0.22988390959805166,-0.22988390959805166,0,0.768156846288733,TRUE,193
P. falciparum,paper_replica_corrigido,11007,Vilhena,RO,2019,3,195,161798,0,0.22498121865596687,-0.22498121865596687,0,0.768156846288733,TRUE,193
P. falciparum,paper_replica_corrigido,11008,Colorado do Oeste,RO,2019,1,193,47077,0,0.33725510883336557,-0.33725510883336557,0,1.0866323456417346,TRUE,193
P. falciparum,paper_replica_corrigido,11008,Colorado do Oeste,RO,2019,2,194,47077,2.1241795356543536,0.30021318400102737,1.8239663516533262,0,1.0866323456417346,FALSE,193
P. falciparum,paper_replica_corrigido,11008,Colorado do Oeste,RO,2019,3,195,47077,0,0.29351207304417304,-0.29351207304417304,0,1.0866323456417346,TRUE,193
P. falciparum,paper_replica_corrigido,12001,Cruzeiro do Sul,AC,2019,1,193,157132,206.1960644553624,227.42902144312774,-21.232956987765334,151.53997438741845,319.7524917202728,TRUE,193
P. falciparum,paper_replica_corrigido,12001,Cruzeiro do Sul,AC,2019,2,194,157132,150.1921950971158,201.31156102155882,-51.119365924443,121.74102112988119,313.48956392430284,TRUE,193
P. falciparum,paper_replica_corrigido,12001,Cruzeiro do Sul,AC,2019,3,195,157132,129.19074408777334,195.71867068668755,-66.5279265989142,110.90243832315699,327.2165289565657,TRUE,193
P. falciparum,paper_replica_corrigido,12002,Tarauacá,AC,2019,1,193,85664,1.167351512887561,12.04985885742552,-10.88250734453796,0,29.375658164741875,TRUE,193
P. falciparum,paper_replica_corrigido,12002,Tarauacá,AC,2019,2,194,85664,0,10.945094172216423,-10.945094172216423,0,29.375658164741875,TRUE,193
P. falciparum,paper_replica_corrigido,12002,Tarauacá,AC,2019,3,195,85664,0,10.53789106665388,-10.53789106665388,0,26.28072275095652,TRUE,193
P. falciparum,paper_replica_corrigido,12003,Sena Madureira,AC,2019,1,193,61847,3.2337866024221062,0.08888482457261289,3.144901777849493,0,0.5023939779448657,FALSE,193
P. falciparum,paper_replica_corrigido,12003,Sena Madureira,AC,2019,2,194,61847,0,0.08025219780150215,-0.08025219780150215,0,0.5023939779448657,TRUE,193
P. falciparum,paper_replica_corrigido,12003,Sena Madureira,AC,2019,3,195,61847,0,0.07737975214434446,-0.07737975214434446,0,0.5023939779448657,TRUE,193
P. falciparum,paper_replica_corrigido,12004,Rio Branco,AC,2019,1,193,505863,0.5930459432692251,0.630762619684556,-0.03771667641533094,0.10112499023604404,1.1797915527538472,TRUE,193
P. falciparum,paper_replica_corrigido,12004,Rio Branco,AC,2019,2,194,505863,0.3953639621794834,0.5643088157454433,-0.16894485356595995,0.0834281169447364,1.1460832226751656,TRUE,193
P. falciparum,paper_replica_corrigido,12004,Rio Branco,AC,2019,3,195,505863,0.9884099054487084,0.5495488098772886,0.43886109557141983,0.1348333203147254,1.0786665625178031,TRUE,193
P. falciparum,paper_replica_corrigido,12005,Brasiléia,AC,2019,1,193,71429,0,0.2141723399567112,-0.2141723399567112,0,0.7161711760738068,TRUE,193
P. falciparum,paper_replica_corrigido,12005,Brasiléia,AC,2019,2,194,71429,0,0.19122116653029497,-0.19122116653029497,0,0.7161711760738068,TRUE,193
P. falciparum,paper_replica_corrigido,12005,Brasiléia,AC,2019,3,195,71429,0,0.18319975970479663,-0.18319975970479663,0,0.7161711760738068,TRUE,193
P. falciparum,paper_replica_corrigido,13001,Rio Negro,AM,2019,1,193,117676,458.8871137700126,86.5090696419713,372.3780441280413,41.241436709791586,142.0538375559488,FALSE,193
P. falciparum,paper_replica_corrigido,13001,Rio Negro,AM,2019,2,194,117676,364.5603181617322,79.03427449254376,285.5260436691884,36.58268182220402,139.80083314309906,FALSE,193
P. falciparum,paper_replica_corrigido,13001,Rio Negro,AM,2019,3,195,117676,226.04439307930252,78.27476708405464,147.76962599524788,36.65905485314808,152.82243491906098,FALSE,193
P. falciparum,paper_replica_corrigido,13002,Japurá,AM,2019,1,193,20979,28.6000286000286,14.504827012462771,14.09520158756583,0,42.839376468721234,TRUE,193
P. falciparum,paper_replica_corrigido,13002,Japurá,AM,2019,2,194,20979,95.333428666762,13.715642396243984,81.61778627051802,0,42.839376468721234,FALSE,193
P. falciparum,paper_replica_corrigido,13002,Japurá,AM,2019,3,195,20979,81.0334143667477,13.276952516769143,67.75646184997856,0,42.839376468721234,FALSE,193
P. falciparum,paper_replica_corrigido,13003,Alto Solimões,AM,2019,1,193,251867,28.18948095621896,27.17582510446154,1.0136558517574201,9.27747948416024,49.61667393355695,TRUE,193
P. falciparum,paper_replica_corrigido,13003,Alto Solimões,AM,2019,2,194,251867,15.08732783572282,25.47831713330298,-10.390989297580159,9.991131752172565,44.28212323016481,TRUE,193
P. falciparum,paper_replica_corrigido,13003,Alto Solimões,AM,2019,3,195,251867,15.881397721813498,24.90186408542612,-9.020466363612622,6.422870412110935,49.27768910625108,TRUE,193
P. falciparum,paper_replica_corrigido,13004,Juruá,AM,2019,1,193,152530,9.178522257916477,44.29411076133527,-35.11558850341879,14.141122857467556,78.39484984108574,FALSE,193
P. falciparum,paper_replica_corrigido,13004,Juruá,AM,2019,2,194,152530,9.834130990624796,40.93390899739542,-31.099778006770624,14.141122857467556,77.77617571607156,FALSE,193
P. falciparum,paper_replica_corrigido,13004,Juruá,AM,2019,3,195,152530,7.2116960597915165,40.75075365978185,-33.539057599990336,13.522448732453354,86.08408539483369,FALSE,193
P. falciparum,paper_replica_corrigido,13005,Tefé,AM,2019,1,193,89430,2.2363860002236384,45.1920783655026,-42.95569236527896,14.069307732441281,81.4512422653118,FALSE,193
P. falciparum,paper_replica_corrigido,13005,Tefé,AM,2019,2,194,89430,3.354579000335458,41.820498663675586,-38.46591966334013,8.99430744323925,83.46114336994627,FALSE,193
P. falciparum,paper_replica_corrigido,13005,Tefé,AM,2019,3,195,89430,1.1181930001118192,41.97943376839223,-40.86124076828041,10.049505523172344,86.52624255451379,FALSE,193
P. falciparum,paper_replica_corrigido,13006,Coari,AM,2019,1,193,181118,1.104252476286178,22.307963357688134,-21.203710881401957,6.9469527629071885,41.21031621138868,FALSE,193
P. falciparum,paper_replica_corrigido,13006,Coari,AM,2019,2,194,181118,0.552126238143089,20.46753356876968,-19.915407330626593,4.962109116362276,40.68929475417067,FALSE,193
P. falciparum,paper_replica_corrigido,13006,Coari,AM,2019,3,195,181118,0.552126238143089,20.98928346168435,-20.437157223541263,3.969687293089821,42.67413840071558,FALSE,193
P. falciparum,paper_replica_corrigido,13007,Manaus,AM,2019,1,193,2468200,0.52669961915566,10.303600565286176,-9.776900946130516,6.262907867158904,15.220322607397803,FALSE,193
P. falciparum,paper_replica_corrigido,13007,Manaus,AM,2019,2,194,2468200,0.2025767765983308,8.985813386583608,-8.783236609985277,5.1668989904060965,14.93630701807315,FALSE,193
P. falciparum,paper_replica_corrigido,13007,Manaus,AM,2019,3,195,2468200,0.36463819787699536,9.318646528751735,-8.95400833087474,4.726310704402476,15.730094177980504,FALSE,193
P. falciparum,paper_replica_corrigido,13008,Rio Preto da Eva,AM,2019,1,193,69626,1.4362450808605982,47.32938068446346,-45.89313560360286,8.971008802192078,87.77389907180736,FALSE,193
P. falciparum,paper_replica_corrigido,13008,Rio Preto da Eva,AM,2019,2,194,69626,0,42.00146725957579,-42.00146725957579,12.907926334089318,83.96606080325095,FALSE,193
P. falciparum,paper_replica_corrigido,13008,Rio Preto da Eva,AM,2019,3,195,69626,0,44.30786282542156,-44.30786282542156,2.452506003476978,96.873987137340265,FALSE,193
P. falciparum,paper_replica_corrigido,13009,Itacoatiara,AM,2019,1,193,180099,0,10.629204341070222,-10.629204341070222,0,20.95877584848706,TRUE,193
P. falciparum,paper_replica_corrigido,13009,Itacoatiara,AM,2019,2,194,180099,0,9.17754713654497,-9.17754713654497,0,21.956812793653114,TRUE,193
P. falciparum,paper_replica_corrigido,13009,Itacoatiara,AM,2019,3,195,180099,0,9.6269577052006845,-9.6269577052006845,0,24.95092362915127,TRUE,193
P. falciparum,paper_replica_corrigido,13010,Parintins,AM,2019,1,193,280875,1.068090787716956,0.3916599118923316,0.6764308758246245,0,0.910643363342696,FALSE,193
P. falciparum,paper_replica_corrigido,13010,Parintins,AM,2019,2,194,280875,1.4241210502892745,0.3437451151689721,1.0803759351203024,0,0.8499338057865163,FALSE,193
P. falciparum,paper_replica_corrigido,13010,Parintins,AM,2019,3,195,280875,2.136181575433912,0.3580263744050985,1.7781552010288137,0,0.8818063235035093,FALSE,193
P. falciparum,paper_replica_corrigido,13011,Boca do Acre,AM,2019,1,193,53734,0,28.228178763032368,-28.228178763032368,0,63.55684780514666,TRUE,193
P. falciparum,paper_replica_corrigido,13011,Boca do Acre,AM,2019,2,194,53734,0,25.951896560694586,-25.951896560694586,0,58.62282935711546,TRUE,193
P. falciparum,paper_replica_corrigido,13011,Boca do Acre,AM,2019,3,195,53734,1.8610190940559053,25.56529346715708,-23.704274373101175,0,56.86665329934175,TRUE,193
P. falciparum,paper_replica_corrigido,13012,Purus,AM,2019,1,193,78854,3.804499454688412,46.69352191753417,-42.88902246284576,13.676829770522273,88.89939350839478,FALSE,193
P. falciparum,paper_replica_corrigido,13012,Purus,AM,2019,2,194,78854,2.5363329697922743,42.937633028136126,-40.40130005834385,7.921163908760819,82.06097862313364,FALSE,193
P. falciparum,paper_replica_corrigido,13012,Purus,AM,2019,3,195,78854,0,42.61385790332578,-42.61385790332578,6.8384148852611375,88.89939350839478,FALSE,193
P. falciparum,paper_replica_corrigido,13013,Madeira,AM,2019,1,193,199609,10.019588295116954,27.2442388932448,-17.224650598127845,9.43260899745828,49.099093612068,TRUE,193
P. falciparum,paper_replica_corrigido,13013,Madeira,AM,2019,2,194,199609,8.015670636093562,24.28737077780232,-16.271700141708756,5.402926394725505,50.94509346359918,TRUE,193
P. falciparum,paper_replica_corrigido,13013,Madeira,AM,2019,3,195,199609,6.011752977070172,24.16798450599174,-18.156231528921566,9.905365056996759,45.96989874178946,FALSE,193
P. falciparum,paper_replica_corrigido,14001,Boa Vista,RR,2019,1,193,444920,17.980760586172796,16.96436936726685,1.0163912189059445,7.2517102656318375,29.299737438158708,TRUE,193
P. falciparum,paper_replica_corrigido,14001,Boa Vista,RR,2019,2,194,444920,13.935089454283917,15.022463779408866,-1.0873743251249497,5.655930012191962,27.68375743467529,TRUE,193
P. falciparum,paper_replica_corrigido,14001,Boa Vista,RR,2019,3,195,444920,12.361772902993795,15.678540483834068,-3.3167675808402723,5.655930012191962,29.299737438158708,TRUE,193
P. falciparum,paper_replica_corrigido,14002,Nordeste de Roraima,RR,2019,1,193,52593,1.9013937215979313,32.61410423199979,-30.71271051040186,0,71.77104503520758,TRUE,193
P. falciparum,paper_replica_corrigido,14002,Nordeste de Roraima,RR,2019,2,194,52593,1.9013937215979313,27.821299951535654,-25.919906229937723,0,66.72998353868697,TRUE,193
P. falciparum,paper_replica_corrigido,14002,Nordeste de Roraima,RR,2019,3,195,52593,0,29.873181476517928,-29.873181476517928,0,73.56532116108767,TRUE,193
P. falciparum,paper_replica_corrigido,14003,Caracaraí,RR,2019,1,193,51729,25.13097102205726,32.78330041147621,-7.652329389418952,3.4747521851854963,69.49504370370992,TRUE,193
P. falciparum,paper_replica_corrigido,14003,Caracaraí,RR,2019,2,194,51729,7.732606468325311,29.524660158419447,-21.792053690094136,0,67.84453641574675,TRUE,193
P. falciparum,paper_replica_corrigido,14003,Caracaraí,RR,2019,3,195,51729,1.9331516170813277,31.081759125179474,-29.148607508098145,1.6505072879631157,76.44454807408093,TRUE,193
P. falciparum,paper_replica_corrigido,14004,Sudeste de Roraima,RR,2019,1,193,56519,33.61701374758931,31.59692867566656,2.0200850719227503,0,65.27496027950997,TRUE,193
P. falciparum,paper_replica_corrigido,14004,Sudeste de Roraima,RR,2019,2,194,56519,8.84658256515508,27.345354094865016,-18.498771529709934,0,57.24478855206727,TRUE,193
P. falciparum,paper_replica_corrigido,14004,Sudeste de Roraima,RR,2019,3,195,56519,8.84658256515508,30.11184503816278,-21.265262473007702,0,66.78558664407848,TRUE,193
P. falciparum,paper_replica_corrigido,15001,Óbidos,PA,2019,1,193,209139,0,0.36579491302028183,-0.36579491302028183,0,0.9783998381129478,TRUE,193
P. falciparum,paper_replica_corrigido,15001,Óbidos,PA,2019,2,194,209139,0,0.32384417624003003,-0.32384417624003003,0,0.8581381913448961,TRUE,193
P. falciparum,paper_replica_corrigido,15001,Óbidos,PA,2019,3,195,209139,0,0.3316543353630815,-0.3316543353630815,0,1.0599331579556932,TRUE,193
P. falciparum,paper_replica_corrigido,15002,Santarém,PA,2019,1,193,528467,3.784531484463552,0.2526181847995394,3.5319132996640126,0,0.5162645002572945,FALSE,193
P. falciparum,paper_replica_corrigido,15002,Santarém,PA,2019,2,194,528467,4.5414377813562625,0.22912970172239042,4.312308079633872,0,0.5332044291719863,FALSE,193
P. falciparum,paper_replica_corrigido,15002,Santarém,PA,2019,3,195,528467,0.946132871115888,0.2158037260764262,0.7303291450394618,0,0.5807975627894564,FALSE,193
P. falciparum,paper_replica_corrigido,15003,Almeirim,PA,2019,1,193,75244,0,0.44601307875630436,-0.44601307875630436,0,1.3597201354467052,TRUE,193
P. falciparum,paper_replica_corrigido,15003,Almeirim,PA,2019,2,194,75244,0,0.39229749506136946,-0.39229749506136946,0,1.3597201354467052,TRUE,193
P. falciparum,paper_replica_corrigido,15003,Almeirim,PA,2019,3,195,75244,0,0.380644327686634,-0.380644327686634,0,1.3597201354467052,TRUE,193
P. falciparum,paper_replica_corrigido,15004,Portel,PA,2019,1,193,153746,0,0.48894458141605757,-0.48894458141605757,0,1.219997702473637,TRUE,193
P. falciparum,paper_replica_corrigido,15004,Portel,PA,2019,2,194,153746,0,0.41670519888635876,-0.41670519888635876,0,1.109088820430579,TRUE,193
P. falciparum,paper_replica_corrigido,15004,Portel,PA,2019,3,195,153746,0,0.3986027998757142,-0.3986027998757142,0,1.219997702473637,TRUE,193
P. falciparum,paper_replica_corrigido,15005,Furos de Breves,PA,2019,1,193,232284,1.722029928880164,53.92708056533855,-52.20505063645839,28.631252536274733,85.56488511347504,FALSE,193
P. falciparum,paper_replica_corrigido,15005,Furos de Breves,PA,2019,2,194,232284,4.30507482220041,45.21877044368841,-40.913695621488,21.260639552274284,83.20474132332271,FALSE,193
P. falciparum,paper_replica_corrigido,15005,Furos de Breves,PA,2019,3,195,232284,3.013552375540287,43.412346670308885,-40.3987942947686,18.93918664392768,78.9293988837844,FALSE,193
P. falciparum,paper_replica_corrigido,15006,Arari,PA,2019,1,193,178169,0,0.5978214172604198,-0.5978214172604198,0,1.485831699637087,TRUE,193
P. falciparum,paper_replica_corrigido,15006,Arari,PA,2019,2,194,178169,0,0.5014297793438428,-0.5014297793438428,0,1.3398804376759579,TRUE,193
P. falciparum,paper_replica_corrigido,15006,Arari,PA,2019,3,195,178169,0,0.478053904454468,-0.478053904454468,0,1.2441746921276753,TRUE,193
P. falciparum,paper_replica_corrigido,15007,Belém,PA,2019,1,193,2363360,0,0.029202346262639463,-0.029202346262639463,0,0.07888318416311381,TRUE,193
P. falciparum,paper_replica_corrigido,15007,Belém,PA,2019,2,194,2363360,0.08462527926342157,0.02488978446652415,0.05973549479689742,0,0.07888318416311381,FALSE,193
P. falciparum,paper_replica_corrigido,15007,Belém,PA,2019,3,195,2363360,0,0.023294176113661188,-0.023294176113661188,0,0.07888318416311381,TRUE,193
P. falciparum,paper_replica_corrigido,15008,Castanhal,PA,2019,1,193,343919,0,0.032193140941748306,-0.032193140941748306,0,0.1806911531724395,TRUE,193
P. falciparum,paper_replica_corrigido,15008,Castanhal,PA,2019,2,194,343919,0,0.027039412334387124,-0.027039412334387124,0,0.1806911531724395,TRUE,193
P. falciparum,paper_replica_corrigido,15008,Castanhal,PA,2019,3,195,343919,0,0.025472714474620725,-0.025472714474620725,0,0.13777700429398304,TRUE,193
P. falciparum,paper_replica_corrigido,15009,Salgado,PA,2019,1,193,271823,0,0.022482974970211338,-0.022482974970211338,0,0.11430806206228358,TRUE,193
P. falciparum,paper_replica_corrigido,15009,Salgado,PA,2019,2,194,271823,0,0.018993209312092682,-0.018993209312092682,0,0.11430806206228358,TRUE,193
P. falciparum,paper_replica_corrigido,15009,Salgado,PA,2019,3,195,271823,0,0.017836716113542057,-0.017836716113542057,0,0.11430806206228358,TRUE,193
P. falciparum,paper_replica_corrigido,15010,Bragantina,PA,2019,1,193,424088,0,0.06576004277531687,-0.06576004277531687,0,0.2198003269648477,TRUE,193
P. falciparum,paper_replica_corrigido,15010,Bragantina,PA,2019,2,194,424088,0,0.05482016610074736,-0.05482016610074736,0,0.2198003269648477,TRUE,193
P. falciparum,paper_replica_corrigido,15010,Bragantina,PA,2019,3,195,424088,0,0.05102035441402802,-0.05102035441402802,0,0.2198003269648477,TRUE,193
P. falciparum,paper_replica_corrigido,15011,Cametá,PA,2019,1,193,498315,0,0.2341048763980617,-0.2341048763980617,0,0.6235325116433602,TRUE,193
P. falciparum,paper_replica_corrigido,15011,Cametá,PA,2019,2,194,498315,0,0.19815934604299185,-0.19815934604299185,0,0.5611792604790242,TRUE,193
P. falciparum,paper_replica_corrigido,15011,Cametá,PA,2019,3,195,498315,0,0.18666168201495392,-0.18666168201495392,0,0.49882600931468823,TRUE,193
P. falciparum,paper_replica_corrigido,15012,Tomé-Açu,PA,2019,1,193,340789,0,0.30205691671606083,-0.30205691671606083,0,0.7005072279336708,TRUE,193
P. falciparum,paper_replica_corrigido,15012,Tomé-Açu,PA,2019,2,194,340789,0,0.2566873481629247,-0.2566873481629247,0,0.6767400184144915,TRUE,193
P. falciparum,paper_replica_corrigido,15012,Tomé-Açu,PA,2019,3,195,340789,0,0.23995464809351602,-0.23995464809351602,0,0.6767400184144915,TRUE,193
P. falciparum,paper_replica_corrigido,15013,Guamá,PA,2019,1,193,483723,0,0.5460062694805541,-0.5460062694805541,0.07050232045444182,1.0927859670438482,FALSE,193
P. falciparum,paper_replica_corrigido,15013,Guamá,PA,2019,2,194,483723,0,0.4603014560463915,-0.4603014560463915,0.051995461335150886,0.9702881852542549,FALSE,193
P. falciparum,paper_replica_corrigido,15013,Guamá,PA,2019,3,195,483723,0,0.43089410284144436,-0.43089410284144436,0.016744301107929984,0.9702881852542549,FALSE,193
P. falciparum,paper_replica_corrigido,15014,Itaituba,PA,2019,1,193,221135,37.98584575033351,70.06285092921482,-32.07700517888131,35.7239368795482,111.39853354589486,TRUE,193
P. falciparum,paper_replica_corrigido,15014,Itaituba,PA,2019,2,194,221135,16.731860628123094,62.53219345695536,-45.80033282883227,32.51325313269461,105.66807268125748,FALSE,193
P. falciparum,paper_replica_corrigido,15014,Itaituba,PA,2019,3,195,221135,20.34956022339295,59.29889755688442,-38.94933733349147,27.63626516279042,104.16433472387024,FALSE,193
P. falciparum,paper_replica_corrigido,15015,Altamira,PA,2019,1,193,309141,0.32347698946435444,15.903073784622762,-15.579596795158407,3.4886111344815576,27.3274538867722,FALSE,193
P. falciparum,paper_replica_corrigido,15015,Altamira,PA,2019,2,194,309141,0,13.963872657935475,-13.963872657935475,3.7647928492946825,26.775090457145925,FALSE,193
P. falciparum,paper_replica_corrigido,15015,Altamira,PA,2019,3,195,309141,0,13.167205894899183,-13.167205894899183,0.8576169038933839,25.583148319531425,FALSE,193
P. falciparum,paper_replica_corrigido,15016,Tucuruí,PA,2019,1,193,384726,0,20.439952759334695,-20.439952759334695,8.409668710132118,34.10587865775804,FALSE,193
P. falciparum,paper_replica_corrigido,15016,Tucuruí,PA,2019,2,194,384726,0.25992524549939433,18.36548042176991,-18.105555176270514,6.762775254397915,32.94954921011487,FALSE,193
P. falciparum,paper_replica_corrigido,15016,Tucuruí,PA,2019,3,195,384726,0,17.066437821591332,-17.066437821591332,5.82836761993879,32.4823453928853,FALSE,193
P. falciparum,paper_replica_corrigido,15017,Paragominas,PA,2019,1,193,349321,0,8.349198768082996,-8.349198768082996,1.788084480639371,16.98037060751057,FALSE,193
P. falciparum,paper_replica_corrigido,15017,Paragominas,PA,2019,2,194,349321,0,7.304670547990742,-7.304670547990742,1.0291133701521553,14.677729441795107,FALSE,193
P. falciparum,paper_replica_corrigido,15017,Paragominas,PA,2019,3,195,349321,0,0.6459412988161859,-0.6459412988161859,0,1.3436086345674723,TRUE,193
P. falciparum,paper_replica_corrigido,15018,São Félix do Xingu,PA,2019,1,193,217674,1.8376103714729368,0.24156747147403515,1.5960428999989016,0,0.7137177695534631,FALSE,193
P. falciparum,paper_replica_corrigido,15018,São Félix do Xingu,PA,2019,2,194,217674,0,0.21982778615729137,-0.21982778615729137,0,0.7137177695534631,TRUE,193
P. falciparum,paper_replica_corrigido,15018,São Félix do Xingu,PA,2019,3,195,217674,2.2970129643411705,0.20707219779072467,2.0899407665504457,0,0.7137177695534631,FALSE,193
P. falciparum,paper_replica_corrigido,15019,Parauapebas,PA,2019,1,193,324525,0,0.21975896167019796,-0.21975896167019796,0,0.5530241528377791,TRUE,193
P. falciparum,paper_replica_corrigido,15019,Parauapebas,PA,2019,2,194,324525,0,0.20045716285571114,-0.20045716285571114,0,0.5254386250240193,TRUE,193
P. falciparum,paper_replica_corrigido,15019,Parauapebas,PA,2019,3,195,324525,0,0.18718414283663573,-0.18718414283663573,0,0.5004802903353771,TRUE,193
P. falciparum,paper_replica_corrigido,15020,Marabá,PA,2019,1,193,333871,0.29951687927373144,0.3287141643086944,-0.02919728503496294,0,0.766095152555567,TRUE,193
P. falciparum,paper_replica_corrigido,15020,Marabá,PA,2019,2,194,333871,0,0.2991570204358594,-0.2991570204358594,0,0.8171681627259381,TRUE,193
P. falciparum,paper_replica_corrigido,15020,Marabá,PA,2019,3,195,333871,0,0.2756805682678074,-0.2756805682678074,0,0.6639491322148248,TRUE,193
P. falciparum,paper_replica_corrigido,15021,Redenção,PA,2019,1,193,196972,0,0.13592682667613853,-0.13592682667613853,0,0.47323823214400185,TRUE,193
P. falciparum,paper_replica_corrigido,15021,Redenção,PA,2019,2,194,196972,0,0.12276431335274202,-0.12276431335274202,0,0.47323823214400185,TRUE,193
P. falciparum,paper_replica_corrigido,15021,Redenção,PA,2019,3,195,196972,0,0.11600535068096833,-0.11600535068096833,0,0.47323823214400185,TRUE,193
P. falciparum,paper_replica_corrigido,15022,Conceição do Araguaia,PA,2019,1,193,162434,0,0.6251975330209311,-0.6251975330209311,0,1.469674807615941,TRUE,193
P. falciparum,paper_replica_corrigido,15022,Conceição do Araguaia,PA,2019,2,194,162434,0,0.5717339378968916,-0.5717339378968916,0,1.469674807615941,TRUE,193
P. falciparum,paper_replica_corrigido,15022,Conceição do Araguaia,PA,2019,3,195,162434,0,0.5453462611754567,-0.5453462611754567,0,1.469674807615941,TRUE,193
P. falciparum,paper_replica_corrigido,16001,Oiapoque,AP,2019,1,193,38387,7.8151457524682835,156.87580694133712,-149.06066118886883,65.55439031506623,278.7232202503084,FALSE,193
P. falciparum,paper_replica_corrigido,16001,Oiapoque,AP,2019,2,194,38387,0,138.58416991788874,-138.58416991788874,58.413644227175105,250.62848154385136,FALSE,193
P. falciparum,paper_replica_corrigido,16001,Oiapoque,AP,2019,3,195,38387,0,131.90099018515303,-131.90099018515303,35.0013619717943,243.4877354559603,FALSE,193
P. falciparum,paper_replica_corrigido,16002,Amapá,AP,2019,1,193,31544,3.17017499365965,20.911360520050152,-17.741185526390503,0,51.284209424522736,TRUE,193
P. falciparum,paper_replica_corrigido,16002,Amapá,AP,2019,2,194,31544,0,18.068102285772174,-18.068102285772174,0,51.284209424522736,TRUE,193
P. falciparum,paper_replica_corrigido,16002,Amapá,AP,2019,3,195,31544,0,17.286646106299486,-17.286646106299486,0,45.58596393290909,TRUE,193
P. falciparum,paper_replica_corrigido,16003,Macapá,AP,2019,1,193,687827,4.652332635968056,11.894261020407285,-7.241928384439229,5.350601542609195,19.736467961199484,FALSE,193
P. falciparum,paper_replica_corrigido,16003,Macapá,AP,2019,2,194,687827,18.46394514899822,10.272658869162207,8.191286279836014,4.703825531964128,17.907202476546768,FALSE,193
P. falciparum,paper_replica_corrigido,16003,Macapá,AP,2019,3,195,687827,9.013894482188109,9.892135569110543,-0.8782410869224346,3.919854609970106,18.442915939909334,TRUE,193
P. falciparum,paper_replica_corrigido,16004,Mazagão,AP,2019,1,193,87973,23.870960408307095,35.92461677490764,-12.053656366600546,6.1295666552508346,73.55479986301002,TRUE,193
P. falciparum,paper_replica_corrigido,16004,Mazagão,AP,2019,2,194,87973,13.640548804746912,31.010165061714854,-17.369616256967944,4.086377770167223,65.38204432267557,TRUE,193
P. falciparum,paper_replica_corrigido,16004,Mazagão,AP,2019,3,195,87973,9.093699203164608,29.8249019321184,-20.731202728953793,2.0431888850836115,68.49790737242805,TRUE,193
P. falciparum,paper_replica_corrigido,17001,Bico do Papagaio,TO,2019,1,193,215893,0,0.050881269035821526,-0.050881269035821526,0,0.28784222141483146,TRUE,193
P. falciparum,paper_replica_corrigido,17001,Bico do Papagaio,TO,2019,2,194,215893,0,0.045962371981748254,-0.045962371981748254,0,0.14392111070741573,TRUE,193
P. falciparum,paper_replica_corrigido,17001,Bico do Papagaio,TO,2019,3,195,215893,0,0.042199925710231546,-0.042199925710231546,0,0.28784222141483146,TRUE,193
P. falciparum,paper_replica_corrigido,17002,Araguaína,TO,2019,1,193,319685,0,0.041787842222023246,-0.041787842222023246,0,0.19438860349378986,TRUE,193
P. falciparum,paper_replica_corrigido,17002,Araguaína,TO,2019,2,194,319685,0,0.03727149582038793,-0.03727149582038793,0,0.19438860349378986,TRUE,193
P. falciparum,paper_replica_corrigido,17002,Araguaína,TO,2019,3,195,319685,0,0.03543299847427778,-0.03543299847427778,0,0.19438860349378986,TRUE,193
P. falciparum,paper_replica_corrigido,17003,Miracema do Tocantins,TO,2019,1,193,149165,0,0.03972565453413707,-0.03972565453413707,0,0.20830329067781386,TRUE,193
P. falciparum,paper_replica_corrigido,17003,Miracema do Tocantins,TO,2019,2,194,149165,0,0.03541831081621059,-0.03541831081621059,0,0.20830329067781386,TRUE,193
P. falciparum,paper_replica_corrigido,17003,Miracema do Tocantins,TO,2019,3,195,149165,0,0.03442786928055489,-0.03442786928055489,0,0.20830329067781386,TRUE,193
P. falciparum,paper_replica_corrigido,17004,Rio Formoso,TO,2019,1,193,127871,0,0.04020029694828297,-0.04020029694828297,0,0.24299145509111608,TRUE,193
P. falciparum,paper_replica_corrigido,17004,Rio Formoso,TO,2019,2,194,127871,0,0.03533063112428369,-0.03533063112428369,0,0.24299145509111608,TRUE,193
P. falciparum,paper_replica_corrigido,17004,Rio Formoso,TO,2019,3,195,127871,0,0.0338927347435623,-0.0338927347435623,0,0.24299145509111608,TRUE,193
P. falciparum,paper_replica_corrigido,17005,Gurupi,TO,2019,1,193,150776,0,0.005312774619227035,-0.005312774619227035,0,0,TRUE,193
P. falciparum,paper_replica_corrigido,17005,Gurupi,TO,2019,2,194,150776,0,0.004562334790539932,-0.004562334790539932,0,0,TRUE,193
P. falciparum,paper_replica_corrigido,17005,Gurupi,TO,2019,3,195,150776,0,0.004322412268212786,-0.004322412268212786,0,0,TRUE,193
P. falciparum,paper_replica_corrigido,17006,Porto Nacional,TO,2019,1,193,404882,0,0.014183208340189313,-0.014183208340189313,0,0.07674226158227856,TRUE,193
P. falciparum,paper_replica_corrigido,17006,Porto Nacional,TO,2019,2,194,404882,0,0.012461996578991521,-0.012461996578991521,0,0.07674226158227856,TRUE,193
P. falciparum,paper_replica_corrigido,17006,Porto Nacional,TO,2019,3,195,404882,0,0.011889565027110027,-0.011889565027110027,0,0.07674226158227856,TRUE,193
P. falciparum,paper_replica_corrigido,17007,Jalapão,TO,2019,1,193,80184,0,0.001103943539952392,-0.001103943539952392,0,0,TRUE,193
P. falciparum,paper_replica_corrigido,17007,Jalapão,TO,2019,2,194,80184,0,9.749026726184978e-4,-9.749026726184978e-4,0,0,TRUE,193
P. falciparum,paper_replica_corrigido,17007,Jalapão,TO,2019,3,195,80184,0,9.442849808122804e-4,-9.442849808122804e-4,0,0,TRUE,193
P. falciparum,paper_replica_corrigido,17008,Dianópolis,TO,2019,1,193,124410,0,4.2538937890557036e-4,-4.2538937890557036e-4,0,0,TRUE,193
P. falciparum,paper_replica_corrigido,17008,Dianópolis,TO,2019,2,194,124410,0,3.789915431066757e-4,-3.789915431066757e-4,0,0,TRUE,193
P. falciparum,paper_replica_corrigido,17008,Dianópolis,TO,2019,3,195,124410,0,3.575423205952812e-4,-3.575423205952812e-4,0,0,TRUE,193
P. falciparum,paper_replica_corrigido,21001,Litoral Ocidental Maranhense,MA,2019,1,193,191282,0,0.00806046977120535,-0.00806046977120535,0,0.1624384958017801,TRUE,193
P. falciparum,paper_replica_corrigido,21001,Litoral Ocidental Maranhense,MA,2019,2,194,191282,0,0.006787433956794416,-0.006787433956794416,0,0.1624384958017801,TRUE,193
P. falciparum,paper_replica_corrigido,21001,Litoral Ocidental Maranhense,MA,2019,3,195,191282,0,0.006489310888807773,-0.006489310888807773,0,0,TRUE,193
P. falciparum,paper_replica_corrigido,21002,Aglomeração Urbana de São Luís,MA,2019,1,193,1432529,0,0.007248243941757251,-0.007248243941757251,0,0.043380008857001995,TRUE,193
P. falciparum,paper_replica_corrigido,21002,Aglomeração Urbana de São Luís,MA,2019,2,194,1432529,0,0.006131671747422347,-0.006131671747422347,0,0.021690004428500997,TRUE,193
P. falciparum,paper_replica_corrigido,21002,Aglomeração Urbana de São Luís,MA,2019,3,195,1432529,0,0.005671009310089246,-0.005671009310089246,0,0.021690004428500997,TRUE,193
P. falciparum,paper_replica_corrigido,21003,Rosário,MA,2019,1,193,178491,0,0.007005892202682454,-0.007005892202682454,0,0,TRUE,193
P. falciparum,paper_replica_corrigido,21003,Rosário,MA,2019,2,194,178491,0,0.0060060242736453065,-0.0060060242736453065,0,0,TRUE,193
P. falciparum,paper_replica_corrigido,21003,Rosário,MA,2019,3,195,178491,0,0.005655839220223697,-0.005655839220223697,0,0,TRUE,193
P. falciparum,paper_replica_corrigido,21004,Lençóis Maranhenses,MA,2019,1,193,197301,0,0.006855536687860939,-0.006855536687860939,0,0,TRUE,193
P. falciparum,paper_replica_corrigido,21004,Lençóis Maranhenses,MA,2019,2,194,197301,0,0.005822914100617455,-0.005822914100617455,0,0,TRUE,193
P. falciparum,paper_replica_corrigido,21004,Lençóis Maranhenses,MA,2019,3,195,197301,0,0.00555142885943364,-0.00555142885943364,0,0,TRUE,193
P. falciparum,paper_replica_corrigido,21005,Baixada Maranhense,MA,2019,1,193,604575,0.3308109002191622,0.26883618494127265,0.06197471527788956,0,0.6681227053739064,TRUE,193
P. falciparum,paper_replica_corrigido,21005,Baixada Maranhense,MA,2019,2,194,604575,0,0.22698358285209366,-0.22698358285209366,0,0.6167286511143749,TRUE,193
P. falciparum,paper_replica_corrigido,21005,Baixada Maranhense,MA,2019,3,195,604575,0,0.2134517136639907,-0.2134517136639907,0,0.5923164753410964,TRUE,193
P. falciparum,paper_replica_corrigido,21006,Itapecuru Mirim,MA,2019,1,193,236106,0,0.04960772475552015,-0.04960772475552015,0,0.263200091094306,TRUE,193
P. falciparum,paper_replica_corrigido,21006,Itapecuru Mirim,MA,2019,2,194,236106,0,0.04289068287901768,-0.04289068287901768,0,0.263200091094306,TRUE,193
P. falciparum,paper_replica_corrigido,21006,Itapecuru Mirim,MA,2019,3,195,236106,0,0.04000152217379796,-0.04000152217379796,0,0.263200091094306,TRUE,193
P. falciparum,paper_replica_corrigido,21007,Gurupi,MA,2019,1,193,241976,0,0.37807581292973197,-0.37807581292973197,0,0.9160964753599355,TRUE,193
P. falciparum,paper_replica_corrigido,21007,Gurupi,MA,2019,2,194,241976,0,0.31810057682027276,-0.31810057682027276,0,0.8456275157168637,TRUE,193
P. falciparum,paper_replica_corrigido,21007,Gurupi,MA,2019,3,195,241976,0.41326412536780505,0.299550138493576,0.11371398687422907,0,0.8121547598864027,TRUE,193
P. falciparum,paper_replica_corrigido,21008,Pindaré,MA,2019,1,193,666083,0.15013144007578635,0.2331425713456557,-0.08301113126986934,0,0.5597781721609368,TRUE,193
P. falciparum,paper_replica_corrigido,21008,Pindaré,MA,2019,2,194,666083,0.15013144007578635,0.20344757284769552,-0.053316132771909164,0,0.5597781721609368,TRUE,193
P. falciparum,paper_replica_corrigido,21008,Pindaré,MA,2019,3,195,666083,0,0.18882543805523738,-0.18882543805523738,0,0.49097210516615397,TRUE,193
P. falciparum,paper_replica_corrigido,21009,Imperatriz,MA,2019,1,193,600199,0,0.062426114113626696,-0.062426114113626696,0,0.23425365687322153,TRUE,193
P. falciparum,paper_replica_corrigido,21009,Imperatriz,MA,2019,2,194,600199,0,0.05644408785603703,-0.05644408785603703,0,0.20707505579953386,TRUE,193
P. falciparum,paper_replica_corrigido,21009,Imperatriz,MA,2019,3,195,600199,0.1666114072166065,0.051760797337269564,0.11485060987933693,0,0.20707505579953386,TRUE,193
P. falciparum,paper_replica_corrigido,21010,Médio Mearim,MA,2019,1,193,424583,0,0.1500056928908019,-0.1500056928908019,0,0.4775083583411557,TRUE,193
P. falciparum,paper_replica_corrigido,21010,Médio Mearim,MA,2019,2,194,424583,0,0.12962742743952227,-0.12962742743952227,0,0.3659067880008869,TRUE,193
P. falciparum,paper_replica_corrigido,21010,Médio Mearim,MA,2019,3,195,424583,0,0.12235594298213505,-0.12235594298213505,0,0.4043270007409783,TRUE,193
P. falciparum,paper_replica_corrigido,21011,Alto Mearim e Grajaú,MA,2019,1,193,336315,0,0.07662054077149193,-0.07662054077149193,0,0.2771648040137024,TRUE,193
P. falciparum,paper_replica_corrigido,21011,Alto Mearim e Grajaú,MA,2019,2,194,336315,0,0.06826617458932475,-0.06826617458932475,0,0.2771648040137024,TRUE,193
P. falciparum,paper_replica_corrigido,21011,Alto Mearim e Grajaú,MA,2019,3,195,336315,0,0.06348531557309621,-0.06348531557309621,0,0.2771648040137024,TRUE,193
P. falciparum,paper_replica_corrigido,21012,Presidente Dutra,MA,2019,1,193,199535,0.5011652091111836,0.14945314411998062,0.35171206499120294,0,0.6228794016880469,TRUE,193
P. falciparum,paper_replica_corrigido,21012,Presidente Dutra,MA,2019,2,194,199535,0,0.1304230930057064,-0.1304230930057064,0,0.46715955126603514,TRUE,193
P. falciparum,paper_replica_corrigido,21012,Presidente Dutra,MA,2019,3,195,199535,0,0.12185004284662602,-0.12185004284662602,0,0.46715955126603514,TRUE,193
P. falciparum,paper_replica_corrigido,21013,Baixo Parnaíba Maranhense,MA,2019,1,193,146372,0,0.05497842111958815,-0.05497842111958815,0,0.21227803373566057,TRUE,193
P. falciparum,paper_replica_corrigido,21013,Baixo Parnaíba Maranhense,MA,2019,2,194,146372,0,0.04669647975869319,-0.04669647975869319,0,0.21227803373566057,TRUE,193
P. falciparum,paper_replica_corrigido,21013,Baixo Parnaíba Maranhense,MA,2019,3,195,146372,0,0.04399840001903792,-0.04399840001903792,0,0.21227803373566057,TRUE,193
P. falciparum,paper_replica_corrigido,21014,Chapadinha,MA,2019,1,193,245029,0,0.02496223520788154,-0.02496223520788154,0,0.1268076854329737,TRUE,193
P. falciparum,paper_replica_corrigido,21014,Chapadinha,MA,2019,2,194,245029,0,0.021608967126095717,-0.021608967126095717,0,0.1268076854329737,TRUE,193
P. falciparum,paper_replica_corrigido,21014,Chapadinha,MA,2019,3,195,245029,0,0.020231094732904596,-0.020231094732904596,0,0.1268076854329737,TRUE,193
P. falciparum,paper_replica_corrigido,21015,Codó,MA,2019,1,193,278462,0,0.08586798530227402,-0.08586798530227402,0,0.3347482998106323,TRUE,193
P. falciparum,paper_replica_corrigido,21015,Codó,MA,2019,2,194,278462,0,0.07451609794625284,-0.07451609794625284,0,0.3347482998106323,TRUE,193
P. falciparum,paper_replica_corrigido,21015,Codó,MA,2019,3,195,278462,0,0.06949442117096952,-0.06949442117096952,0,0.3347482998106323,TRUE,193
P. falciparum,paper_replica_corrigido,21016,Coelho Neto,MA,2019,1,193,93840,0,0.008592665399413,-0.008592665399413,0,0,TRUE,193
P. falciparum,paper_replica_corrigido,21016,Coelho Neto,MA,2019,2,194,93840,0,0.007454132714836988,-0.007454132714836988,0,0,TRUE,193
P. falciparum,paper_replica_corrigido,21016,Coelho Neto,MA,2019,3,195,93840,0,0.006951300855085313,-0.006951300855085313,0,0,TRUE,193
P. falciparum,paper_replica_corrigido,21017,Caxias,MA,2019,1,193,445103,0,0.04646499407137194,-0.04646499407137194,0,0.20942272027343856,TRUE,193
P. falciparum,paper_replica_corrigido,21017,Caxias,MA,2019,2,194,445103,0,0.040475850866900656,-0.040475850866900656,0,0.13961514684895904,TRUE,193
P. falciparum,paper_replica_corrigido,21017,Caxias,MA,2019,3,195,445103,0,0.03772178917925724,-0.03772178917925724,0,0.20942272027343856,TRUE,193
P. falciparum,paper_replica_corrigido,21018,Chapadas do Alto Itapecuru,MA,2019,1,193,221411,0,0.048069668248259284,-0.048069668248259284,0,0.28066862399750786,TRUE,193
P. falciparum,paper_replica_corrigido,21018,Chapadas do Alto Itapecuru,MA,2019,2,194,221411,0,0.04282825277685937,-0.04282825277685937,0,0.28066862399750786,TRUE,193
P. falciparum,paper_replica_corrigido,21018,Chapadas do Alto Itapecuru,MA,2019,3,195,221411,0,0.039997217481987965,-0.039997217481987965,0,0.14033431199875393,TRUE,193
P. falciparum,paper_replica_corrigido,21019,Porto Franco,MA,2019,1,193,120372,0,0.03732122315704992,-0.03732122315704992,0,0.2581294682646804,TRUE,193
P. falciparum,paper_replica_corrigido,21019,Porto Franco,MA,2019,2,194,120372,0,0.0335782472742932,-0.0335782472742932,0,0.2581294682646804,TRUE,193
P. falciparum,paper_replica_corrigido,21019,Porto Franco,MA,2019,3,195,120372,0,0.0318507879657672,-0.0318507879657672,0,0.2581294682646804,TRUE,193
P. falciparum,paper_replica_corrigido,21020,Gerais de Balsas,MA,2019,1,193,143297,0,0.00450821726615186,-0.00450821726615186,0,0,TRUE,193
P. falciparum,paper_replica_corrigido,21020,Gerais de Balsas,MA,2019,2,194,143297,0,0.004059669365348355,-0.004059669365348355,0,0,TRUE,193
P. falciparum,paper_replica_corrigido,21020,Gerais de Balsas,MA,2019,3,195,143297,0,0.003934631153126932,-0.003934631153126932,0,0,TRUE,193
P. falciparum,paper_replica_corrigido,21021,Chapadas das Mangabeiras,MA,2019,1,193,72320,0,0.0020156927270437077,-0.0020156927270437077,0,0,TRUE,193
P. falciparum,paper_replica_corrigido,21021,Chapadas das Mangabeiras,MA,2019,2,194,72320,0,0.0018294558876760284,-0.0018294558876760284,0,0,TRUE,193
P. falciparum,paper_replica_corrigido,21021,Chapadas das Mangabeiras,MA,2019,3,195,72320,0,0.001720676795999084,-0.001720676795999084,0,0,TRUE,193
P. falciparum,paper_replica_corrigido,51001,Aripuanã,MT,2019,1,193,169973,1.1766574691274496,12.328434782248788,-11.151777313121338,1.0574941654701662,25.43273467955745,TRUE,193
P. falciparum,paper_replica_corrigido,51001,Aripuanã,MT,2019,2,194,169973,1.7649862036911743,11.162262017507857,-9.397275813816682,1.0574941654701662,24.32236580581382,TRUE,193
P. falciparum,paper_replica_corrigido,51001,Aripuanã,MT,2019,3,195,169973,3.529972407382349,10.735468435412978,-7.205496028030629,0,24.877550242685636,TRUE,193
P. falciparum,paper_replica_corrigido,51002,Alta Floresta,MT,2019,1,193,107911,0,0.19902381124491791,-0.19902381124491791,0,0.8638107427590174,TRUE,193
P. falciparum,paper_replica_corrigido,51002,Alta Floresta,MT,2019,2,194,107911,0,0.1816123815906381,-0.1816123815906381,0,0.8638107427590174,TRUE,193
P. falciparum,paper_replica_corrigido,51002,Alta Floresta,MT,2019,3,195,107911,0,0.17181729636732918,-0.17181729636732918,0,0.5758738285060115,TRUE,193
P. falciparum,paper_replica_corrigido,51003,Colíder,MT,2019,1,193,156947,0,0.2450822566558592,-0.2450822566558592,0,0.7918994400391498,TRUE,193
P. falciparum,paper_replica_corrigido,51003,Colíder,MT,2019,2,194,156947,0,0.21755534177991231,-0.21755534177991231,0,0.7918994400391498,TRUE,193
P. falciparum,paper_replica_corrigido,51003,Colíder,MT,2019,3,195,156947,0,0.20635564163740383,-0.20635564163740383,0,0.7918994400391498,TRUE,193
P. falciparum,paper_replica_corrigido,51004,Parecis,MT,2019,1,193,110936,0,0.08793341163991383,-0.08793341163991383,0,0.5601709157344072,TRUE,193
P. falciparum,paper_replica_corrigido,51004,Parecis,MT,2019,2,194,110936,0.9014206389269488,0.081692132680554,0.8197285062463948,0,0.2800854578672036,FALSE,193
P. falciparum,paper_replica_corrigido,51004,Parecis,MT,2019,3,195,110936,0.9014206389269488,0.08115124945025917,0.8202693894766896,0,0.5601709157344072,FALSE,193
P. falciparum,paper_replica_corrigido,51005,Arinos,MT,2019,1,193,83182,0,0.11709329219901916,-0.11709329219901916,0,0.7470741351243323,TRUE,193
P. falciparum,paper_replica_corrigido,51005,Arinos,MT,2019,2,194,83182,0,0.1076538396362303,-0.1076538396362303,0,0.7470741351243323,TRUE,193
P. falciparum,paper_replica_corrigido,51005,Arinos,MT,2019,3,195,83182,0,0.10638106262455095,-0.10638106262455095,0,0.37353706756216615,TRUE,193
P. falciparum,paper_replica_corrigido,51006,Alto Teles Pires,MT,2019,1,193,260081,0,0.0635472411276576,-0.0635472411276576,0,0.23893756448149694,TRUE,193
P. falciparum,paper_replica_corrigido,51006,Alto Teles Pires,MT,2019,2,194,260081,0,0.060110968017787286,-0.060110968017787286,0,0.23893756448149694,TRUE,193
P. falciparum,paper_replica_corrigido,51006,Alto Teles Pires,MT,2019,3,195,260081,0,0.060843703036031135,-0.060843703036031135,0,0.23893756448149694,TRUE,193
P. falciparum,paper_replica_corrigido,51007,Sinop,MT,2019,1,193,206715,0.4837578308298866,0.05015080347884991,0.4336070273510367,0,0.3006222127465942,FALSE,193
P. falciparum,paper_replica_corrigido,51007,Sinop,MT,2019,2,194,206715,0,0.04528353251927795,-0.04528353251927795,0,0.3006222127465942,TRUE,193
P. falciparum,paper_replica_corrigido,51007,Sinop,MT,2019,3,195,206715,0,0.04314409859743233,-0.04314409859743233,0,0.3006222127465942,TRUE,193
P. falciparum,paper_replica_corrigido,51008,Paranatinga,MT,2019,1,193,36702,0,0.00566363370660446,-0.00566363370660446,0,0,TRUE,193
P. falciparum,paper_replica_corrigido,51008,Paranatinga,MT,2019,2,194,36702,0,0.00522018156087881,-0.00522018156087881,0,0,TRUE,193
P. falciparum,paper_replica_corrigido,51008,Paranatinga,MT,2019,3,195,36702,0,0.005158060364434687,-0.005158060364434687,0,0,TRUE,193
P. falciparum,paper_replica_corrigido,51009,Norte Araguaia,MT,2019,1,193,132443,0,0.01889960401537855,-0.01889960401537855,0,0.23460326596313968,TRUE,193
P. falciparum,paper_replica_corrigido,51009,Norte Araguaia,MT,2019,2,194,132443,0,0.016867376383386343,-0.016867376383386343,0,0.23460326596313968,TRUE,193
P. falciparum,paper_replica_corrigido,51009,Norte Araguaia,MT,2019,3,195,132443,0,0.015999220847378075,-0.015999220847378075,0,0.23460326596313968,TRUE,193
P. falciparum,paper_replica_corrigido,51010,Canarana,MT,2019,1,193,116230,0,0.003485293375896257,-0.003485293375896257,0,0,TRUE,193
P. falciparum,paper_replica_corrigido,51010,Canarana,MT,2019,2,194,116230,0,0.00312506334424383,-0.00312506334424383,0,0,TRUE,193
P. falciparum,paper_replica_corrigido,51010,Canarana,MT,2019,3,195,116230,0,0.003050755471872054,-0.003050755471872054,0,0,TRUE,193
P. falciparum,paper_replica_corrigido,51011,Médio Araguaia,MT,2019,1,193,69812,0,9.313934591064972e-4,-9.313934591064972e-4,0,0,TRUE,193
P. falciparum,paper_replica_corrigido,51011,Médio Araguaia,MT,2019,2,194,69812,0,8.204212109021152e-4,-8.204212109021152e-4,0,0,TRUE,193
P. falciparum,paper_replica_corrigido,51011,Médio Araguaia,MT,2019,3,195,69812,0,7.923125538597618e-4,-7.923125538597618e-4,0,0,TRUE,193
P. falciparum,paper_replica_corrigido,51012,Alto Guaporé,MT,2019,1,193,75369,0,0.09100064740132614,-0.09100064740132614,0,0.41225915633690385,TRUE,193
P. falciparum,paper_replica_corrigido,51012,Alto Guaporé,MT,2019,2,194,75369,0,0.08142979502735681,-0.08142979502735681,0,0.41225915633690385,TRUE,193
P. falciparum,paper_replica_corrigido,51012,Alto Guaporé,MT,2019,3,195,75369,0,0.079300666930839675,-0.079300666930839675,0,0.41225915633690385,TRUE,193
P. falciparum,paper_replica_corrigido,51013,Tangará da Serra,MT,2019,1,193,171442,0,0.018267702675739458,-0.018267702675739458,0,0.1812365718666144,TRUE,193
P. falciparum,paper_replica_corrigido,51013,Tangará da Serra,MT,2019,2,194,171442,0,0.017489811864482233,-0.017489811864482233,0,0.1812365718666144,TRUE,193
P. falciparum,paper_replica_corrigido,51013,Tangará da Serra,MT,2019,3,195,171442,0,0.01736267477615384,-0.01736267477615384,0,0.1812365718666144,TRUE,193
P. falciparum,paper_replica_corrigido,51014,Jauru,MT,2019,1,193,110923,0,0.011241807010679067,-0.011241807010679067,0,0,TRUE,193
P. falciparum,paper_replica_corrigido,51014,Jauru,MT,2019,2,194,110923,0,0.010375014091669913,-0.010375014091669913,0,0,TRUE,193
P. falciparum,paper_replica_corrigido,51014,Jauru,MT,2019,3,195,110923,0,0.010199552944375901,-0.010199552944375901,0,0.280118283439468,TRUE,193
P. falciparum,paper_replica_corrigido,51015,Alto Paraguai,MT,2019,1,193,33376,0,0.00758847448731721,-0.00758847448731721,0,0,TRUE,193
P. falciparum,paper_replica_corrigido,51015,Alto Paraguai,MT,2019,2,194,33376,0,0.007343670286170804,-0.007343670286170804,0,0,TRUE,193
P. falciparum,paper_replica_corrigido,51015,Alto Paraguai,MT,2019,3,195,33376,0,0.007437291157581791,-0.007437291157581791,0,0,TRUE,193
P. falciparum,paper_replica_corrigido,51016,Rosário Oeste,MT,2019,1,193,30959,0,0.011115008508986014,-0.011115008508986014,0,0,TRUE,193
P. falciparum,paper_replica_corrigido,51016,Rosário Oeste,MT,2019,2,194,30959,0,0.010961740811048089,-0.010961740811048089,0,0,TRUE,193
P. falciparum,paper_replica_corrigido,51016,Rosário Oeste,MT,2019,3,195,30959,0,0.011017603866954469,-0.011017603866954469,0,0,TRUE,193
P. falciparum,paper_replica_corrigido,51017,Cuiabá,MT,2019,1,193,947114,0,0.012588100515521958,-0.012588100515521958,0,0.06561313707527523,TRUE,193
P. falciparum,paper_replica_corrigido,51017,Cuiabá,MT,2019,2,194,947114,0,0.012128956833893536,-0.012128956833893536,0,0.06561313707527523,TRUE,193
P. falciparum,paper_replica_corrigido,51017,Cuiabá,MT,2019,3,195,947114,0,0.012308955808471527,-0.012308955808471527,0,0.06561313707527523,TRUE,193
P. falciparum,paper_replica_corrigido,51018,Alto Pantanal,MT,2019,1,193,141002,0,0.00801306634138005,-0.00801306634138005,0,0,TRUE,193
P. falciparum,paper_replica_corrigido,51018,Alto Pantanal,MT,2019,2,194,141002,0,0.007330007386062526,-0.007330007386062526,0,0,TRUE,193
P. falciparum,paper_replica_corrigido,51018,Alto Pantanal,MT,2019,3,195,141002,0,0.007294381138141381,-0.007294381138141381,0,0,TRUE,193
P. falciparum,paper_replica_corrigido,51019,Primavera do Leste,MT,2019,1,193,106060,0,0.00487228205354639,-0.00487228205354639,0,0,TRUE,193
P. falciparum,paper_replica_corrigido,51019,Primavera do Leste,MT,2019,2,194,106060,0,0.004584748772158673,-0.004584748772158673,0,0,TRUE,193
P. falciparum,paper_replica_corrigido,51019,Primavera do Leste,MT,2019,3,195,106060,0,0.004645048363804998,-0.004645048363804998,0,0,TRUE,193
P. falciparum,paper_replica_corrigido,51020,Tesouro,MT,2019,1,193,55941,0,0.002500699963520152,-0.002500699963520152,0,0,TRUE,193
P. falciparum,paper_replica_corrigido,51020,Tesouro,MT,2019,2,194,55941,0,0.0022755555398858924,-0.0022755555398858924,0,0,TRUE,193
P. falciparum,paper_replica_corrigido,51020,Tesouro,MT,2019,3,195,55941,0,0.002257010269965968,-0.002257010269965968,0,0,TRUE,193
P. falciparum,paper_replica_corrigido,51021,Rondonópolis,MT,2019,1,193,319427,0.6261211481809615,0.004518654548185672,0.6216024936327759,0,0.05106822274205452,FALSE,193
P. falciparum,paper_replica_corrigido,51021,Rondonópolis,MT,2019,2,194,319427,0,0.004116804372078197,-0.004116804372078197,0,0,TRUE,193
P. falciparum,paper_replica_corrigido,51021,Rondonópolis,MT,2019,3,195,319427,0,0.004110286185837173,-0.004110286185837173,0,0.0972728052229652,TRUE,193
P. falciparum,paper_replica_corrigido,51022,Alto Araguaia,MT,2019,1,193,41921,0,0.0010093471286748634,-0.0010093471286748634,0,0,TRUE,193
P. falciparum,paper_replica_corrigido,51022,Alto Araguaia,MT,2019,2,194,41921,0,9.08202993338891e-4,-9.08202993338891e-4,0,0,TRUE,193
P. falciparum,paper_replica_corrigido,51022,Alto Araguaia,MT,2019,3,195,41921,0,8.920137595981863e-4,-8.920137595981863e-4,0,0,TRUE,193
P. falciparum,paper_replica_corrigido,11001,Porto Velho,RO,2020,1,205,689580,12.181327764726356,46.278483888582464,-34.09715612385611,29.291591394930077,68.82709417424948,FALSE,205
P. falciparum,paper_replica_corrigido,11001,Porto Velho,RO,2020,2,206,689580,9.135995823544766,38.146595073012776,-29.010599249468008,23.172613793186056,61.7892924597835,FALSE,205
P. falciparum,paper_replica_corrigido,11001,Porto Velho,RO,2020,3,207,689580,9.86107485715943,36.62870203747601,-26.76762718031658,21.22418535557002,65.20392958791327,FALSE,205
P. falciparum,paper_replica_corrigido,11002,Guajará-Mirim,RO,2020,1,205,86035,0,14.615081483449453,-14.615081483449453,0,33.42741085139035,TRUE,205
P. falciparum,paper_replica_corrigido,11002,Guajará-Mirim,RO,2020,2,206,86035,0,11.845006532369919,-11.845006532369919,0,29.248984494966557,TRUE,205
P. falciparum,paper_replica_corrigido,11002,Guajará-Mirim,RO,2020,3,207,86035,0,11.986864617970214,-11.986864617970214,0,28.25660823531586,TRUE,205
P. falciparum,paper_replica_corrigido,11003,Ariquemes,RO,2020,1,205,209694,5.722624395547798,49.87602941792766,-44.153405022379864,23.100994942497458,85.35367611870808,FALSE,205
P. falciparum,paper_replica_corrigido,11003,Ariquemes,RO,2020,2,206,209694,6.676395128139098,42.06263758476683,-35.386242456627734,17.550755897871447,72.86028089470442,FALSE,205
P. falciparum,paper_replica_corrigido,11003,Ariquemes,RO,2020,3,207,209694,8.583936593321697,39.6775130079531,-31.093576414631407,18.40793567310326,75.43182022039987,FALSE,205
P. falciparum,paper_replica_corrigido,11004,Ji-Paraná,RO,2020,1,205,293651,1.362161204967802,0.5724295200100673,0.7897316849577347,0,1.3079871239763665,FALSE,205
P. falciparum,paper_replica_corrigido,11004,Ji-Paraná,RO,2020,2,206,293651,1.7027015062097524,0.4824741551665174,1.2202273510432349,0,1.103296575163196,FALSE,205
P. falciparum,paper_replica_corrigido,11004,Ji-Paraná,RO,2020,3,207,293651,0.3405403012419505,0.45716298955058376,-0.11662268830863326,0,1.103296575163196,TRUE,205
P. falciparum,paper_replica_corrigido,11005,Alvorada D'Oeste,RO,2020,1,205,69523,0,0.25870908773338475,-0.25870908773338475,0,0.9810737153800602,TRUE,205
P. falciparum,paper_replica_corrigido,11005,Alvorada D'Oeste,RO,2020,2,206,69523,0,0.2131501643138674,-0.2131501643138674,0,0.7358052865350452,TRUE,205
P. falciparum,paper_replica_corrigido,11005,Alvorada D'Oeste,RO,2020,3,207,69523,1.4383729125613105,0.20695626973665296,1.2314166428246576,0,0.7358052865350452,FALSE,205
P. falciparum,paper_replica_corrigido,11006,Cacoal,RO,2020,1,205,237069,0,0.22627476994149928,-0.22627476994149928,0,0.6131825301599799,TRUE,205
P. falciparum,paper_replica_corrigido,11006,Cacoal,RO,2020,2,206,237069,0,0.1901039337985745,-0.1901039337985745,0,0.5412549606397473,TRUE,205
P. falciparum,paper_replica_corrigido,11006,Cacoal,RO,2020,3,207,237069,0,0.1829771627506335,-0.1829771627506335,0,0.503492986641627,TRUE,205
P. falciparum,paper_replica_corrigido,11007,Vilhena,RO,2020,1,205,164604,0,0.23349757670754312,-0.23349757670754312,0,0.7550620970075116,TRUE,205
P. falciparum,paper_replica_corrigido,11007,Vilhena,RO,2020,2,206,164604,0,0.19712786097427587,-0.19712786097427587,0,0.7550620970075116,TRUE,205
P. falciparum,paper_replica_corrigido,11007,Vilhena,RO,2020,3,207,164604,0,0.18723115138367016,-0.18723115138367016,0,0.7550620970075116,TRUE,205
P. falciparum,paper_replica_corrigido,11008,Colorado do Oeste,RO,2020,1,205,46304,0,0.3045925402570336,-0.3045925402570336,0,1.298107816809268,TRUE,205
P. falciparum,paper_replica_corrigido,11008,Colorado do Oeste,RO,2020,2,206,46304,0,0.253394885480757,-0.253394885480757,0,1.104772610050448,TRUE,205
P. falciparum,paper_replica_corrigido,11008,Colorado do Oeste,RO,2020,3,207,46304,0,0.24663848233157817,-0.24663848233157817,0,1.104772610050448,TRUE,205
P. falciparum,paper_replica_corrigido,12001,Cruzeiro do Sul,AC,2020,1,205,159274,187.7268104022,212.62789485103303,-24.901084448833046,138.16026108956805,313.1952334807627,TRUE,205
P. falciparum,paper_replica_corrigido,12001,Cruzeiro do Sul,AC,2020,2,206,159274,199.0280899581853,183.60132896109243,15.426760997092856,114.51756172402627,298.04472088017076,TRUE,205
P. falciparum,paper_replica_corrigido,12001,Cruzeiro do Sul,AC,2020,3,207,159274,194.63314790863544,169.4809973048132,25.152150603822236,93.61154712991356,282.8942082795789,TRUE,205
P. falciparum,paper_replica_corrigido,12002,Tarauacá,AC,2020,1,205,86508,0,10.959786675970518,-10.959786675970518,0,24.93347978741303,TRUE,205
P. falciparum,paper_replica_corrigido,12002,Tarauacá,AC,2020,2,206,86508,0,9.352921916804457,-9.352921916804457,0,24.93347978741303,TRUE,205
P. falciparum,paper_replica_corrigido,12002,Tarauacá,AC,2020,3,207,86508,0,8.84334579225795,-8.84334579225795,0,23.946529545827886,TRUE,205
P. falciparum,paper_replica_corrigido,12003,Sena Madureira,AC,2020,1,205,62809,0,0.08362507209451188,-0.08362507209451188,0,0.49469917295222193,TRUE,205
P. falciparum,paper_replica_corrigido,12003,Sena Madureira,AC,2020,2,206,62809,0,0.07039866316555585,-0.07039866316555585,0,0.49469917295222193,TRUE,205
P. falciparum,paper_replica_corrigido,12003,Sena Madureira,AC,2020,3,207,62809,0,0.06723219338746128,-0.06723219338746128,0,0.49469917295222193,TRUE,205
P. falciparum,paper_replica_corrigido,12004,Rio Branco,AC,2020,1,205,513351,3.506372832623293,0.610202744982124,2.8961700876411687,0.13286657260698417,1.2464545342692692,FALSE,205
P. falciparum,paper_replica_corrigido,12004,Rio Branco,AC,2020,2,206,513351,7.012745665246586,0.48752795323419446,6.525217712012391,0.13286657260698417,1.0139380322070473,FALSE,205
P. falciparum,paper_replica_corrigido,12004,Rio Branco,AC,2020,3,207,513351,6.038753211740116,0.4689183267702856,5.56983488496983,0.06643328630349209,1.0803713185105392,FALSE,205
P. falciparum,paper_replica_corrigido,12005,Brasiléia,AC,2020,1,205,72528,1.3787778513125966,0.19964007038490705,1.1791377809276895,0,0.7053191999748504,FALSE,205
P. falciparum,paper_replica_corrigido,12005,Brasiléia,AC,2020,2,206,72528,0,0.29944424714709744,-0.29944424714709744,0,1.285223376652718,TRUE,205
P. falciparum,paper_replica_corrigido,12005,Brasiléia,AC,2020,3,207,72528,0,0.2946985873253371,-0.2946985873253371,0,1.285223376652718,TRUE,205
P. falciparum,paper_replica_corrigido,13001,Rio Negro,AM,2020,1,205,119734,333.2386790719428,93.0701052754117,240.16857379653106,48.75168019691802,156.2005334715725,FALSE,205
P. falciparum,paper_replica_corrigido,13001,Rio Negro,AM,2020,2,206,119734,302.33684667680023,83.64510359446992,218.69174308233033,35.24082194373057,144.90395476543526,FALSE,205
P. falciparum,paper_replica_corrigido,13001,Rio Negro,AM,2020,3,207,119734,376.668281357008,75.11824084726989,301.55004050973815,31.525335924104027,141.9015418202825,FALSE,205
P. falciparum,paper_replica_corrigido,13002,Japurá,AM,2020,1,205,20512,160.8814352574103,16.041885166332534,144.83955009107774,0,52.57764892378916,FALSE,205
P. falciparum,paper_replica_corrigido,13002,Japurá,AM,2020,2,206,20512,112.12948517940718,14.528064317334858,97.60142086207233,0,48.41525171732232,FALSE,205
P. falciparum,paper_replica_corrigido,13002,Japurá,AM,2020,3,207,20512,92.62870514820594,13.366436620161867,79.26226852804407,0,52.57764892378916,FALSE,205
P. falciparum,paper_replica_corrigido,13003,Alto Solimões,AM,2020,1,205,254355,11.008236519824656,25.758648099315295,-14.750411579490638,10.229071465170694,45.26231622412313,TRUE,205
P. falciparum,paper_replica_corrigido,13003,Alto Solimões,AM,2020,2,206,254355,12.580841736942462,22.730440472100444,-10.149598735157982,9.893402453360256,39.94461240544201,TRUE,205
P. falciparum,paper_replica_corrigido,13003,Alto Solimões,AM,2020,3,207,254355,12.580841736942462,21.768076519120186,-9.187234782177724,5.653372830491574,41.35795561306491,TRUE,205
P. falciparum,paper_replica_corrigido,13004,Juruá,AM,2020,1,205,154894,17.431275582010922,41.770549642305326,-24.339274060294404,16.79739352410998,71.94738504281996,TRUE,205
P. falciparum,paper_replica_corrigido,13004,Juruá,AM,2020,2,206,154894,45.192195953361654,36.44127845393375,8.750917499427906,10.995185052914824,63.27308337838317,TRUE,205
P. falciparum,paper_replica_corrigido,13004,Juruá,AM,2020,3,207,154894,52.29382674603277,34.59271629660976,17.701110449423012,12.764858636629347,70.23573354381735,TRUE,205
P. falciparum,paper_replica_corrigido,13005,Tefé,AM,2020,1,205,89457,0,42.24417184436263,-42.24417184436263,10.046472371500306,76.3531900234023,FALSE,205
P. falciparum,paper_replica_corrigido,13005,Tefé,AM,2020,2,206,89457,6.7071330359837695,37.25698495111929,-30.549851915135523,10.046472371500306,77.4080696224098,FALSE,205
P. falciparum,paper_replica_corrigido,13005,Tefé,AM,2020,3,207,89457,4.471422023989179,35.049080804676606,-30.57765878068743,8.991592772492776,74.34389554910226,FALSE,205
P. falciparum,paper_replica_corrigido,13006,Coari,AM,2020,1,205,183887,4.350497860098865,21.447116633441606,-17.09661877334274,4.8873888797865135,37.14415548637751,FALSE,205
P. falciparum,paper_replica_corrigido,13006,Coari,AM,2020,2,206,183887,6.525746790148299,18.76045005206718,-12.234703261918883,3.3967352714516292,37.14415548637751,TRUE,205
P. falciparum,paper_replica_corrigido,13006,Coari,AM,2020,3,207,183887,7.069559022660656,17.219420316925934,-10.149861294265278,2.9324333278719092,38.12163326233481,TRUE,205
P. falciparum,paper_replica_corrigido,13007,Manaus,AM,2020,1,205,2509626,0.2390794484915282,9.745100577024152,-9.506021128532623,5.9070580501121706,15.293174539559882,FALSE,205
P. falciparum,paper_replica_corrigido,13007,Manaus,AM,2020,2,206,2509626,0.3586191727372923,8.467024054326354,-8.108404881589061,4.832721939149061,13.6906231740399,FALSE,205
P. falciparum,paper_replica_corrigido,13007,Manaus,AM,2020,3,207,2509626,0.3586191727372923,8.045527745079772,-7.68690857234248,4.188120272571194,13.966369442520442,FALSE,205
P. falciparum,paper_replica_corrigido,13008,Rio Preto da Eva,AM,2020,1,205,71299,0,44.02491269423674,-44.02491269423674,3.718489001058985,84.51684322745916,FALSE,205
P. falciparum,paper_replica_corrigido,13008,Rio Preto da Eva,AM,2020,2,206,71299,0,38.7098734011043,-38.7098734011043,8.760507985545738,83.19331324403146,FALSE,205
P. falciparum,paper_replica_corrigido,13008,Rio Preto da Eva,AM,2020,3,207,71299,0,37.943073365000984,-37.943073365000984,5.042018984486755,84.51684322745916,FALSE,205
P. falciparum,paper_replica_corrigido,13009,Itacoatiara,AM,2020,1,205,182772,0,9.819004046415774,-9.819004046415774,0,21.684871315702058,TRUE,205
P. falciparum,paper_replica_corrigido,13009,Itacoatiara,AM,2020,2,206,182772,0,8.384772440045008,-8.384772440045008,0,21.635699271902325,TRUE,205
P. falciparum,paper_replica_corrigido,13009,Itacoatiara,AM,2020,3,207,182772,0.5471297572932396,8.081357718079156,-7.534227960785916,0,18.218242227817733,TRUE,205
P. falciparum,paper_replica_corrigido,13010,Parintins,AM,2020,1,205,284437,6.328290623231155,0.3858197032848156,5.942470919946339,0,0.9591886838121331,FALSE,205
P. falciparum,paper_replica_corrigido,13010,Parintins,AM,2020,2,206,284437,3.515717012906197,0.3258812036784255,3.1898358092277714,0,0.7793408055973581,FALSE,205
P. falciparum,paper_replica_corrigido,13010,Parintins,AM,2020,3,207,284437,5.9767189219405354,0.32172748914804594,5.65499143279249,0,0.7793408055973581,FALSE,205
P. falciparum,paper_replica_corrigido,13011,Boca do Acre,AM,2020,1,205,54157,44.31560093801355,27.302947020851363,17.01265391716219,0,59.74145916823846,TRUE,205
P. falciparum,paper_replica_corrigido,13011,Boca do Acre,AM,2020,2,206,54157,22.157800469006776,23.002701927865164,-0.8449014588583879,0,54.84597848639661,TRUE,205
P. falciparum,paper_replica_corrigido,13011,Boca do Acre,AM,2020,3,207,54157,20.311317096589544,22.017798522246736,-1.7064814256571914,0,54.84597848639661,TRUE,205
P. falciparum,paper_replica_corrigido,13012,Purus,AM,2020,1,205,79704,11.29177958446251,44.08205824713092,-32.790278662668406,5.5815266871670826,78.93068042458496,TRUE,205
P. falciparum,paper_replica_corrigido,13012,Purus,AM,2020,2,206,79704,22.58355916892502,37.415982798814596,-14.832423629889576,6.765486893535853,79.04343853947712,TRUE,205
P. falciparum,paper_replica_corrigido,13012,Purus,AM,2020,3,207,79704,33.87533875338753,35.776738423614425,-1.901399670226894,6.765486893535853,74.42035582889437,TRUE,205
P. falciparum,paper_replica_corrigido,13013,Madeira,AM,2020,1,205,202880,2.4645110410094637,25.330725951211686,-22.866214910202224,7.0877545657516,46.53553857076283,FALSE,205
P. falciparum,paper_replica_corrigido,13013,Madeira,AM,2020,2,206,202880,0.9858044164037856,21.62891632123881,-20.643111904835024,7.0877545657516,40.75458875307169,FALSE,205
P. falciparum,paper_replica_corrigido,13013,Madeira,AM,2020,3,207,202880,2.4645110410094637,20.861083930651443,-18.39657288964198,4.42984660359475,40.75458875307169,FALSE,205
P. falciparum,paper_replica_corrigido,14001,Boa Vista,RR,2020,1,205,467130,38.105024297304816,14.593021420099419,23.512002877205397,5.771801932678073,25.011141708271648,FALSE,205
P. falciparum,paper_replica_corrigido,14001,Boa Vista,RR,2020,2,206,467130,35.964292595209045,12.691124993557752,23.273167601651295,3.8478679551187156,24.241568117247905,FALSE,205
P. falciparum,paper_replica_corrigido,14001,Boa Vista,RR,2020,3,207,467130,55.4449510842806,12.784302310347497,42.660648773933104,4.617441546142458,23.67400759386789,FALSE,205
P. falciparum,paper_replica_corrigido,14002,Nordeste de Roraima,RR,2020,1,205,53677,9.314976619408686,29.163938477987106,-19.84896185857842,0,63.62433928799581,TRUE,205
P. falciparum,paper_replica_corrigido,14002,Nordeste de Roraima,RR,2020,2,206,53677,16.766957914935634,24.23580487537154,-7.468846960435904,0,56.92704041557519,TRUE,205
P. falciparum,paper_replica_corrigido,14002,Nordeste de Roraima,RR,2020,3,207,53677,18.62995323881737,25.241684076668854,-6.611730837851482,0,63.62433928799581,TRUE,205
P. falciparum,paper_replica_corrigido,14003,Caracaraí,RR,2020,1,205,52751,43.60106917404409,27.995811667776362,15.60525750626773,0,63.122681436611686,TRUE,205
P. falciparum,paper_replica_corrigido,14003,Caracaraí,RR,2020,2,206,52751,3.791397319482095,24.65156653446284,-20.860169214980747,0,54.518915140933224,TRUE,205
P. falciparum,paper_replica_corrigido,14003,Caracaraí,RR,2020,3,207,52751,34.12257587533886,25.659193565935855,8.463382309403006,0,63.122681436611686,TRUE,205
P. falciparum,paper_replica_corrigido,14004,Sudeste de Roraima,RR,2020,1,205,57623,8.677090745015011,28.05004555386321,-19.3729548088482,0,59.267369973131395,TRUE,205
P. falciparum,paper_replica_corrigido,14004,Sudeste de Roraima,RR,2020,2,206,57623,1.7354181490030025,24.277695399085765,-22.542277250082762,0,53.028699449643874,TRUE,205
P. falciparum,paper_replica_corrigido,14004,Sudeste de Roraima,RR,2020,3,207,57623,1.7354181490030025,25.348276270566288,-23.612858121563285,0,59.267369973131395,TRUE,205
P. falciparum,paper_replica_corrigido,15001,Óbidos,PA,2020,1,205,211269,0,0.3195891884243895,-0.3195891884243895,0,0.9685356760485627,TRUE,205
P. falciparum,paper_replica_corrigido,15001,Óbidos,PA,2020,2,206,211269,0,0.27249163958180955,-0.27249163958180955,0,0.7264017570364221,TRUE,205
P. falciparum,paper_replica_corrigido,15001,Óbidos,PA,2020,3,207,211269,0,0.27531273834012826,-0.27531273834012826,0,0.8071130633738022,TRUE,205
P. falciparum,paper_replica_corrigido,15002,Santarém,PA,2020,1,205,531849,0.18802329232545328,0.22415853557619092,-0.036135243250737636,0,0.5129816012768129,TRUE,205
P. falciparum,paper_replica_corrigido,15002,Santarém,PA,2020,2,206,531849,0.18802329232545328,0.18984520426537738,-0.0018219119399240924,0,0.48092025119701215,TRUE,205
P. falciparum,paper_replica_corrigido,15002,Santarém,PA,2020,3,207,531849,0.3760465846509065,0.18301058223999092,0.1930360024109156,0,0.5298138100687076,TRUE,205
P. falciparum,paper_replica_corrigido,15003,Almeirim,PA,2020,1,205,75877,0,0.3855569624265019,-0.3855569624265019,0,1.3483767396121604,TRUE,205
P. falciparum,paper_replica_corrigido,15003,Almeirim,PA,2020,2,206,75877,0,0.3279303318717285,-0.3279303318717285,0,1.1236472830101336,TRUE,205
P. falciparum,paper_replica_corrigido,15003,Almeirim,PA,2020,3,207,75877,0,0.32460939569118685,-0.32460939569118685,0,1.1236472830101336,TRUE,205
P. falciparum,paper_replica_corrigido,15004,Portel,PA,2020,1,205,155915,0.6413751082320495,0.4009360102151319,0.24043909801691754,0,1.0936598132695368,TRUE,205
P. falciparum,paper_replica_corrigido,15004,Portel,PA,2020,2,206,155915,0,0.3451315276914835,-0.3451315276914835,0,0.9842938319425831,TRUE,205
P. falciparum,paper_replica_corrigido,15004,Portel,PA,2020,3,207,155915,0,0.3314126625762401,-0.3314126625762401,0,0.8749278506156293,TRUE,205
P. falciparum,paper_replica_corrigido,15005,Furos de Breves,PA,2020,1,205,234720,25.98841172460805,45.17886495447659,-19.190453229868538,21.44202778650688,73.55381317478518,TRUE,205
P. falciparum,paper_replica_corrigido,15005,Furos de Breves,PA,2020,2,206,234720,25.56237218813906,39.127704982862454,-13.565332794723393,17.21105623220508,70.45237701280833,TRUE,205
P. falciparum,paper_replica_corrigido,15005,Furos de Breves,PA,2020,3,207,234720,21.301976823449216,36.86717129590812,-15.565194472458906,17.97684293886604,73.91756186044915,TRUE,205
P. falciparum,paper_replica_corrigido,15006,Arari,PA,2020,1,205,180421,1.1085184097194891,0.5039312389288646,0.6045871707906245,0,1.2286450065219445,TRUE,205
P. falciparum,paper_replica_corrigido,15006,Arari,PA,2020,2,206,180421,0.5542592048597447,0.43067483486330116,0.12358436999644351,0,1.2286450065219445,TRUE,205
P. falciparum,paper_replica_corrigido,15006,Arari,PA,2020,3,207,180421,2.7712960242987235,0.4101743230184145,2.361121701280309,0,1.1341338521741027,FALSE,205
P. falciparum,paper_replica_corrigido,15007,Belém,PA,2020,1,205,2381117,0,0.0250826670088505,-0.0250826670088505,0,0.08514572417464697,TRUE,205
P. falciparum,paper_replica_corrigido,15007,Belém,PA,2020,2,206,2381117,0.04199709632076038,0.021385397671663312,0.02061169864909707,0,0.06524576565107071,TRUE,205
P. falciparum,paper_replica_corrigido,15007,Belém,PA,2020,3,207,2381117,0.08399419264152076,0.02017407635934267,0.0638201162821781,0,0.07829491878128485,FALSE,205
P. falciparum,paper_replica_corrigido,15008,Castanhal,PA,2020,1,205,348294,0,0.026523833419578462,-0.026523833419578462,0,0.08921072528942821,TRUE,205
P. falciparum,paper_replica_corrigido,15008,Castanhal,PA,2020,2,206,348294,0.28711376021407203,0.02256970000910965,0.2645440602049624,0,0.08921072528942821,FALSE,205
P. falciparum,paper_replica_corrigido,15008,Castanhal,PA,2020,3,207,348294,0,0.02132120251754443,-0.02132120251754443,0,0.08921072528942821,TRUE,205
P. falciparum,paper_replica_corrigido,15009,Salgado,PA,2020,1,205,273785,0,0.018976499374482134,-0.018976499374482134,0,0.11348890682088539,TRUE,205
P. falciparum,paper_replica_corrigido,15009,Salgado,PA,2020,2,206,273785,0,0.01606567112158269,-0.01606567112158269,0,0.11348890682088539,TRUE,205
P. falciparum,paper_replica_corrigido,15009,Salgado,PA,2020,3,207,273785,0,0.01538601595826578,-0.01538601595826578,0,0.11348890682088539,TRUE,205
P. falciparum,paper_replica_corrigido,15010,Bragantina,PA,2020,1,205,427450,0,0.05428308988114023,-0.05428308988114023,0,0.21807154301524934,TRUE,205
P. falciparum,paper_replica_corrigido,15010,Bragantina,PA,2020,2,206,427450,0,0.04555163387471508,-0.04555163387471508,0,0.21807154301524934,TRUE,205
P. falciparum,paper_replica_corrigido,15010,Bragantina,PA,2020,3,207,427450,0,0.04371174775471186,-0.04371174775471186,0,0.21807154301524934,TRUE,205
P. falciparum,paper_replica_corrigido,15011,Cametá,PA,2020,1,205,503601,0,0.18958848531782915,-0.18958848531782915,0,0.5552888957440613,TRUE,205
P. falciparum,paper_replica_corrigido,15011,Cametá,PA,2020,2,206,503601,0,0.1633520174230679,-0.1633520174230679,0,0.49359012955027665,TRUE,205
P. falciparum,paper_replica_corrigido,15011,Cametá,PA,2020,3,207,503601,0,0.15574413874718715,-0.15574413874718715,0,0.46428321560822755,TRUE,205
P. falciparum,paper_replica_corrigido,15012,Tomé-Açu,PA,2020,1,205,345631,0,0.24095138795508345,-0.24095138795508345,0,0.5426879150438236,TRUE,205
P. falciparum,paper_replica_corrigido,15012,Tomé-Açu,PA,2020,2,206,345631,0.5786517991731066,0.21021682681548087,0.36843497235762573,0,0.5920231800478075,TRUE,205
P. falciparum,paper_replica_corrigido,15012,Tomé-Açu,PA,2020,3,207,345631,0,0.19834825407919385,-0.19834825407919385,0,0.5426879150438236,TRUE,205
P. falciparum,paper_replica_corrigido,15013,Guamá,PA,2020,1,205,488143,0.20485800267544552,0.44761491573313167,-0.24275691305768615,0.034931970710615504,0.8732992677653875,TRUE,205
P. falciparum,paper_replica_corrigido,15013,Guamá,PA,2020,2,206,488143,0,0.38216224939237753,-0.38216224939237753,0.016592686087542413,0.8401138955903011,FALSE,205
P. falciparum,paper_replica_corrigido,15013,Guamá,PA,2020,3,207,488143,0,0.3637594409171084,-0.3637594409171084,0,0.8217746109672288,TRUE,205
P. falciparum,paper_replica_corrigido,15014,Itaituba,PA,2020,1,205,221823,13.07348651853054,62.574371885681266,-49.50088536715073,30.3663774975322,99.66816363432848,FALSE,205
P. falciparum,paper_replica_corrigido,15014,Itaituba,PA,2020,2,206,221823,27.04859279695974,54.45111611426342,-27.402523317303682,24.30930820349475,91.18016351994154,TRUE,205
P. falciparum,paper_replica_corrigido,15014,Itaituba,PA,2020,3,207,221823,13.52429639847987,52.314772674246974,-38.790476275767105,24.694205583383418,100.09357652788962,FALSE,205
P. falciparum,paper_replica_corrigido,15015,Altamira,PA,2020,1,205,312142,0.3203670124494621,13.88236412704816,-13.561997114598697,3.4550708803197363,25.91303160239802,FALSE,205
P. falciparum,paper_replica_corrigido,15015,Altamira,PA,2020,2,206,312142,0.3203670124494621,12.177930886099197,-11.857563873649735,2.576907031571804,24.761341308958112,FALSE,205
P. falciparum,paper_replica_corrigido,15015,Altamira,PA,2020,3,207,312142,0.9611010373483864,11.507126895169865,-10.546025857821478,2.8792257335997804,26.215350304425993,FALSE,205
P. falciparum,paper_replica_corrigido,15016,Tucuruí,PA,2020,1,205,389741,0,16.948959845395404,-16.948959845395404,9.223841258038572,28.593907899919568,FALSE,205
P. falciparum,paper_replica_corrigido,15016,Tucuruí,PA,2020,2,206,389741,0.25658065227933424,14.665318714499403,-14.408738062220069,5.534304754823142,28.132715837017646,FALSE,205
P. falciparum,paper_replica_corrigido,15016,Tucuruí,PA,2020,3,207,389741,0.25658065227933424,14.105551504217061,-13.848970851937727,4.150728566117357,28.132715837017646,FALSE,205
P. falciparum,paper_replica_corrigido,15017,Paragominas,PA,2020,1,205,354221,0,0.6418450203530343,-0.6418450203530343,0.09627773044846004,1.3478882262784406,FALSE,205
P. falciparum,paper_replica_corrigido,15017,Paragominas,PA,2020,2,206,354221,0.28230963155769984,0.5588393895754237,-0.27652975801772384,0.04813886522423002,1.2034716306057507,TRUE,205
P. falciparum,paper_replica_corrigido,15017,Paragominas,PA,2020,3,207,354221,0,0.5245418569431023,-0.5245418569431023,0.09627773044846004,1.2287445348484702,FALSE,205
P. falciparum,paper_replica_corrigido,15018,São Félix do Xingu,PA,2020,1,205,222632,14.373495274713427,0.22947092701867552,14.144024347694751,0,0.6978233217586894,FALSE,205
P. falciparum,paper_replica_corrigido,15018,São Félix do Xingu,PA,2020,2,206,222632,4.4917172733479465,0.19909021048428752,4.292627062863659,0,0.6978233217586894,FALSE,205
P. falciparum,paper_replica_corrigido,15018,São Félix do Xingu,PA,2020,3,207,222632,1.7966869093391786,0.18585131261824653,1.610835596720932,0,0.6978233217586894,FALSE,205
P. falciparum,paper_replica_corrigido,15019,Parauapebas,PA,2020,1,205,331080,0,0.1910158704076724,-0.1910158704076724,0,0.46353199470619744,TRUE,205
P. falciparum,paper_replica_corrigido,15019,Parauapebas,PA,2020,2,206,331080,0.3020418025854778,0.2987696203911471,0.0032721821943307305,0,0.8446419088607133,TRUE,205
P. falciparum,paper_replica_corrigido,15019,Parauapebas,PA,2020,3,207,331080,0,0.2838867113133144,-0.2838867113133144,0,0.8446419088607133,TRUE,205
P. falciparum,paper_replica_corrigido,15020,Marabá,PA,2020,1,205,338296,0,0.2777892609288408,-0.2777892609288408,0,0.6552645042261681,TRUE,205
P. falciparum,paper_replica_corrigido,15020,Marabá,PA,2020,2,206,338296,0.295599120297018,0.23837155767938356,0.05722756261763445,0,0.6048595423626167,TRUE,205
P. falciparum,paper_replica_corrigido,15020,Marabá,PA,2020,3,207,338296,0,0.22768532836405947,-0.22768532836405947,0,0.6048595423626167,TRUE,205
P. falciparum,paper_replica_corrigido,15021,Redenção,PA,2020,1,205,197953,0,0.1173732718617073,-0.1173732718617073,0,0.4708929951143368,TRUE,205
P. falciparum,paper_replica_corrigido,15021,Redenção,PA,2020,2,206,197953,0,0.10085739786976945,-0.10085739786976945,0,0.4708929951143368,TRUE,205
P. falciparum,paper_replica_corrigido,15021,Redenção,PA,2020,3,207,197953,0,0.09557833145277785,-0.09557833145277785,0,0.4708929951143368,TRUE,205
P. falciparum,paper_replica_corrigido,15022,Conceição do Araguaia,PA,2020,1,205,164785,0,0.5572690518805634,-0.5572690518805634,0,1.4487068464986967,TRUE,205
P. falciparum,paper_replica_corrigido,15022,Conceição do Araguaia,PA,2020,2,206,164785,0,0.4717855377722077,-0.4717855377722077,0,1.138269665106119,TRUE,205
P. falciparum,paper_replica_corrigido,15022,Conceição do Araguaia,PA,2020,3,207,164785,0,0.4470204165653379,-0.4470204165653379,0,1.345227786034504,TRUE,205
P. falciparum,paper_replica_corrigido,16001,Oiapoque,AP,2020,1,205,39212,2.550239722533918,141.62146837712538,-139.07122865459147,59.59122016823899,254.52326921857448,FALSE,205
P. falciparum,paper_replica_corrigido,16001,Oiapoque,AP,2020,2,206,39212,20.401917780271344,121.04092384931235,-100.639006069041,48.01677163556181,224.61306063413159,FALSE,205
P. falciparum,paper_replica_corrigido,16001,Oiapoque,AP,2020,3,207,39212,0,118.58879154323412,-118.58879154323412,22.69050306406024,256.7006407247218,FALSE,205
P. falciparum,paper_replica_corrigido,16002,Amapá,AP,2020,1,205,32202,3.1053971802993603,18.390858666016378,-15.285461485717018,0,50.2362928416603,TRUE,205
P. falciparum,paper_replica_corrigido,16002,Amapá,AP,2020,2,206,32202,0,15.716026022995809,-15.716026022995809,0,44.65448252592026,TRUE,205
P. falciparum,paper_replica_corrigido,16002,Amapá,AP,2020,3,207,32202,0,15.25522612631756,-15.25522612631756,0,44.65448252592026,TRUE,205
P. falciparum,paper_replica_corrigido,16003,Macapá,AP,2020,1,205,700690,7.135823259929499,10.703116604131266,-3.567293344201767,4.617474495389245,18.861100681860783,TRUE,205
P. falciparum,paper_replica_corrigido,16003,Macapá,AP,2020,2,206,700690,3.282478699567569,9.10552141604635,-5.823042716478781,3.0783163302594967,17.18726617728219,TRUE,205
P. falciparum,paper_replica_corrigido,16003,Macapá,AP,2020,3,207,700690,2.7116128387732092,8.88581265211256,-6.174199813339351,3.591369051969412,17.321942516731035,FALSE,205
P. falciparum,paper_replica_corrigido,16004,Mazagão,AP,2020,1,205,89669,3.3456378458553124,31.614883719584032,-28.26924587372872,4.009087996686938,62.14086394864755,FALSE,205
P. falciparum,paper_replica_corrigido,16004,Mazagão,AP,2020,2,206,89669,1.115212615285104,26.939987084742263,-25.82477446945716,6.0136319950304085,57.17961755274741,FALSE,205
P. falciparum,paper_replica_corrigido,16004,Mazagão,AP,2020,3,207,89669,6.691275691710625,26.525193322403886,-19.83391763069326,4.009087996686938,57.17961755274741,TRUE,205
P. falciparum,paper_replica_corrigido,17001,Bico do Papagaio,TO,2020,1,205,217560,0,0.04186354726194467,-0.04186354726194467,0,0.14281835058814168,TRUE,205
P. falciparum,paper_replica_corrigido,17001,Bico do Papagaio,TO,2020,2,206,217560,0,0.036559056527110986,-0.036559056527110986,0,0.14281835058814168,TRUE,205
P. falciparum,paper_replica_corrigido,17001,Bico do Papagaio,TO,2020,3,207,217560,0,0.033806890998634154,-0.033806890998634154,0,0.14281835058814168,TRUE,205
P. falciparum,paper_replica_corrigido,17002,Araguaína,TO,2020,1,205,323491,0,0.0353683913899055,-0.0353683913899055,0,0.19210154442600325,TRUE,205
P. falciparum,paper_replica_corrigido,17002,Araguaína,TO,2020,2,206,323491,0,0.030642328736517854,-0.030642328736517854,0,0.19210154442600325,TRUE,205
P. falciparum,paper_replica_corrigido,17002,Araguaína,TO,2020,3,207,323491,0,0.028772314242667397,-0.028772314242667397,0,0.1464774276248253,TRUE,205
P. falciparum,paper_replica_corrigido,17003,Miracema do Tocantins,TO,2020,1,205,149583,0,0.03385174090688644,-0.03385174090688644,0,0.20772120063079433,TRUE,205
P. falciparum,paper_replica_corrigido,17003,Miracema do Tocantins,TO,2020,2,206,149583,0,0.029060447334012793,-0.029060447334012793,0,0.20772120063079433,TRUE,205
P. falciparum,paper_replica_corrigido,17003,Miracema do Tocantins,TO,2020,3,207,149583,0,0.02768942917048904,-0.02768942917048904,0,0.20772120063079433,TRUE,205
P. falciparum,paper_replica_corrigido,17004,Rio Formoso,TO,2020,1,205,128892,0,0.03316265872224607,-0.03316265872224607,0,0.24106663217233115,TRUE,205
P. falciparum,paper_replica_corrigido,17004,Rio Formoso,TO,2020,2,206,128892,0,0.028347984901239194,-0.028347984901239194,0,0.24106663217233115,TRUE,205
P. falciparum,paper_replica_corrigido,17004,Rio Formoso,TO,2020,3,207,128892,0,0.026380813805655143,-0.026380813805655143,0,0.24106663217233115,TRUE,205
P. falciparum,paper_replica_corrigido,17005,Gurupi,TO,2020,1,205,151930,0,0.004296880320236231,-0.004296880320236231,0,0,TRUE,205
P. falciparum,paper_replica_corrigido,17005,Gurupi,TO,2020,2,206,151930,0,0.0036376471683387456,-0.0036376471683387456,0,0,TRUE,205
P. falciparum,paper_replica_corrigido,17005,Gurupi,TO,2020,3,207,151930,0,0.003359292164815897,-0.003359292164815897,0,0,TRUE,205
P. falciparum,paper_replica_corrigido,17006,Porto Nacional,TO,2020,1,205,413057,0.24209733765557775,0.011828508173793398,0.23026882948178434,0,0.07522342038497375,FALSE,205
P. falciparum,paper_replica_corrigido,17006,Porto Nacional,TO,2020,2,206,413057,0,0.01010941335414347,-0.01010941335414347,0,0.07522342038497375,TRUE,205
P. falciparum,paper_replica_corrigido,17006,Porto Nacional,TO,2020,3,207,413057,0,0.009586156703432974,-0.009586156703432974,0,0.07522342038497375,TRUE,205
P. falciparum,paper_replica_corrigido,17007,Jalapão,TO,2020,1,205,80915,0,9.263898797719913e-4,-9.263898797719913e-4,0,0,TRUE,205
P. falciparum,paper_replica_corrigido,17007,Jalapão,TO,2020,2,206,80915,0,7.908033959415531e-4,-7.908033959415531e-4,0,0,TRUE,205
P. falciparum,paper_replica_corrigido,17007,Jalapão,TO,2020,3,207,80915,0,7.529311797137091e-4,-7.529311797137091e-4,0,0,TRUE,205
P. falciparum,paper_replica_corrigido,17008,Dianópolis,TO,2020,1,205,124820,0,3.45927034833619e-4,-3.45927034833619e-4,0,0,TRUE,205
P. falciparum,paper_replica_corrigido,17008,Dianópolis,TO,2020,2,206,124820,0,2.994620167451935e-4,-2.994620167451935e-4,0,0,TRUE,205
P. falciparum,paper_replica_corrigido,17008,Dianópolis,TO,2020,3,207,124820,0,2.7529805695577494e-4,-2.7529805695577494e-4,0,0,TRUE,205
P. falciparum,paper_replica_corrigido,21001,Litoral Ocidental Maranhense,MA,2020,1,205,191685,0,0.006939769438386914,-0.006939769438386914,0,0,TRUE,205
P. falciparum,paper_replica_corrigido,21001,Litoral Ocidental Maranhense,MA,2020,2,206,191685,0,0.005951918370640628,-0.005951918370640628,0,0,TRUE,205
P. falciparum,paper_replica_corrigido,21001,Litoral Ocidental Maranhense,MA,2020,3,207,191685,0,0.005648913530941255,-0.005648913530941255,0,0,TRUE,205
P. falciparum,paper_replica_corrigido,21002,Aglomeração Urbana de São Luís,MA,2020,1,205,1442927,0,0.006318260647243881,-0.006318260647243881,0,0.043067404454911584,TRUE,205
P. falciparum,paper_replica_corrigido,21002,Aglomeração Urbana de São Luís,MA,2020,2,206,1442927,0,0.005379566018868836,-0.005379566018868836,0,0.043067404454911584,TRUE,205
P. falciparum,paper_replica_corrigido,21002,Aglomeração Urbana de São Luís,MA,2020,3,207,1442927,0,0.0050442348876147056,-0.0050442348876147056,0,0.021533702227455792,TRUE,205
P. falciparum,paper_replica_corrigido,21003,Rosário,MA,2020,1,205,179884,0,0.006040947293790126,-0.006040947293790126,0,0,TRUE,205
P. falciparum,paper_replica_corrigido,21003,Rosário,MA,2020,2,206,179884,0,0.00517037280834437,-0.00517037280834437,0,0,TRUE,205
P. falciparum,paper_replica_corrigido,21003,Rosário,MA,2020,3,207,179884,0,0.004890336634608555,-0.004890336634608555,0,0,TRUE,205
P. falciparum,paper_replica_corrigido,21004,Lençóis Maranhenses,MA,2020,1,205,199178,0,0.005941107321483562,-0.005941107321483562,0,0.0818994526796446,TRUE,205
P. falciparum,paper_replica_corrigido,21004,Lençóis Maranhenses,MA,2020,2,206,199178,0,0.005016434320829587,-0.005016434320829587,0,0,TRUE,205
P. falciparum,paper_replica_corrigido,21004,Lençóis Maranhenses,MA,2020,3,207,199178,0,0.004796453268533468,-0.004796453268533468,0,0,TRUE,205
P. falciparum,paper_replica_corrigido,21005,Baixada Maranhense,MA,2020,1,205,608061,0,0.22456628980990695,-0.22456628980990695,0,0.5109941330550077,TRUE,205
P. falciparum,paper_replica_corrigido,21005,Baixada Maranhense,MA,2020,2,206,608061,0,0.19370226635416987,-0.19370226635416987,0,0.5109941330550077,TRUE,205
P. falciparum,paper_replica_corrigido,21005,Baixada Maranhense,MA,2020,3,207,608061,0.4933715531829866,0.18355793342068338,0.3098136197623032,0,0.5109941330550077,TRUE,205
P. falciparum,paper_replica_corrigido,21006,Itapecuru Mirim,MA,2020,1,205,238418,0,0.042460097822954096,-0.042460097822954096,0,0.2606477728523527,TRUE,205
P. falciparum,paper_replica_corrigido,21006,Itapecuru Mirim,MA,2020,2,206,238418,0,0.03634170252907777,-0.03634170252907777,0,0.2606477728523527,TRUE,205
P. falciparum,paper_replica_corrigido,21006,Itapecuru Mirim,MA,2020,3,207,238418,0,0.03409669546153142,-0.03409669546153142,0,0.2606477728523527,TRUE,205
P. falciparum,paper_replica_corrigido,21007,Gurupi,MA,2020,1,205,243679,0,0.31414885305944595,-0.31414885305944595,0,0.6997647305919665,TRUE,205
P. falciparum,paper_replica_corrigido,21007,Gurupi,MA,2020,2,206,243679,0,0.270989897285312,-0.270989897285312,0,0.6665259058888465,TRUE,205
P. falciparum,paper_replica_corrigido,21007,Gurupi,MA,2020,3,207,243679,0,0.2558181432456732,-0.2558181432456732,0,0.6665259058888465,TRUE,205
P. falciparum,paper_replica_corrigido,21008,Pindaré,MA,2020,1,205,669222,0.8965634722110152,0.19401894985894114,0.7025445223520741,0,0.4178643905693551,FALSE,205
P. falciparum,paper_replica_corrigido,21008,Pindaré,MA,2020,2,206,669222,0.2988544907370051,0.1703123293322528,0.1285421614047523,0,0.46429376729928346,TRUE,205
P. falciparum,paper_replica_corrigido,21008,Pindaré,MA,2020,3,207,669222,0.4482817361055076,0.1592899720357954,0.28899176406971216,0,0.46429376729928346,TRUE,205
P. falciparum,paper_replica_corrigido,21009,Imperatriz,MA,2020,1,205,602537,0.3319298233967375,0.05165188482819216,0.2802779385685453,0,0.1547036631142458,FALSE,205
P. falciparum,paper_replica_corrigido,21009,Imperatriz,MA,2020,2,206,602537,0,0.04526219228172066,-0.04526219228172066,0,0.1547036631142458,TRUE,205
P. falciparum,paper_replica_corrigido,21009,Imperatriz,MA,2020,3,207,602537,0.16596491169836874,0.0419555271252452,0.12400938457312355,0,0.1547036631142458,FALSE,205
P. falciparum,paper_replica_corrigido,21010,Médio Mearim,MA,2020,1,205,424432,0.2356090021487541,0.12733065678210884,0.10827834536664527,0,0.3660369665100193,TRUE,205
P. falciparum,paper_replica_corrigido,21010,Médio Mearim,MA,2020,2,206,424432,0,0.11056673439559028,-0.11056673439559028,0,0.3660369665100193,TRUE,205
P. falciparum,paper_replica_corrigido,21010,Médio Mearim,MA,2020,3,207,424432,0,0.10268047656387405,-0.10268047656387405,0,0.3660369665100193,TRUE,205
P. falciparum,paper_replica_corrigido,21011,Alto Mearim e Grajaú,MA,2020,1,205,338308,0,0.06403873953414206,-0.06403873953414206,0,0.27553200356440966,TRUE,205
P. falciparum,paper_replica_corrigido,21011,Alto Mearim e Grajaú,MA,2020,2,206,338308,0,0.05664278519767788,-0.05664278519767788,0,0.18368800237627317,TRUE,205
P. falciparum,paper_replica_corrigido,21011,Alto Mearim e Grajaú,MA,2020,3,207,338308,0,0.05177526152643298,-0.05177526152643298,0,0.18368800237627317,TRUE,205
P. falciparum,paper_replica_corrigido,21012,Presidente Dutra,MA,2020,1,205,200027,0,0.12510041741788533,-0.12510041741788533,0,0.46601049389266613,TRUE,205
P. falciparum,paper_replica_corrigido,21012,Presidente Dutra,MA,2020,2,206,200027,0,0.1078027479071402,-0.1078027479071402,0,0.46601049389266613,TRUE,205
P. falciparum,paper_replica_corrigido,21012,Presidente Dutra,MA,2020,3,207,200027,0,0.1007497096161264,-0.1007497096161264,0,0.46601049389266613,TRUE,205
P. falciparum,paper_replica_corrigido,21013,Baixo Parnaíba Maranhense,MA,2020,1,205,147430,0.6782880010852608,0.047344878681911555,0.6309431224033493,0,0.21075466563084924,FALSE,205
P. falciparum,paper_replica_corrigido,21013,Baixo Parnaíba Maranhense,MA,2020,2,206,147430,0,0.039585523831418834,-0.039585523831418834,0,0.21075466563084924,TRUE,205
P. falciparum,paper_replica_corrigido,21013,Baixo Parnaíba Maranhense,MA,2020,3,207,147430,0,0.037681913852216226,-0.037681913852216226,0,0.21075466563084924,TRUE,205
P. falciparum,paper_replica_corrigido,21014,Chapadinha,MA,2020,1,205,246702,0,0.02172831584712235,-0.02172831584712235,0,0.1259477440554033,TRUE,205
P. falciparum,paper_replica_corrigido,21014,Chapadinha,MA,2020,2,206,246702,0,0.018443145855485486,-0.018443145855485486,0,0.1259477440554033,TRUE,205
P. falciparum,paper_replica_corrigido,21014,Chapadinha,MA,2020,3,207,246702,0,0.017326701007438685,-0.017326701007438685,0,0.1259477440554033,TRUE,205
P. falciparum,paper_replica_corrigido,21015,Codó,MA,2020,1,205,280000,0.35714285714285715,0.07218088483681777,0.28496197230603937,0,0.33290957522095826,FALSE,205
P. falciparum,paper_replica_corrigido,21015,Codó,MA,2020,2,206,280000,0,0.06263373456327063,-0.06263373456327063,0,0.2219397168139722,TRUE,205
P. falciparum,paper_replica_corrigido,21015,Codó,MA,2020,3,207,280000,0,0.058102472617042225,-0.058102472617042225,0,0.2219397168139722,TRUE,205
P. falciparum,paper_replica_corrigido,21016,Coelho Neto,MA,2020,1,205,94357,0,0.007330823464752284,-0.007330823464752284,0,0,TRUE,205
P. falciparum,paper_replica_corrigido,21016,Coelho Neto,MA,2020,2,206,94357,0,0.006256291618332237,-0.006256291618332237,0,0,TRUE,205
P. falciparum,paper_replica_corrigido,21016,Coelho Neto,MA,2020,3,207,94357,0,0.005881644250548788,-0.005881644250548788,0,0,TRUE,205
P. falciparum,paper_replica_corrigido,21017,Caxias,MA,2020,1,205,447282,0,0.038352753703160214,-0.038352753703160214,0,0.1389349911418573,TRUE,205
P. falciparum,paper_replica_corrigido,21017,Caxias,MA,2020,2,206,447282,0,0.033304396261242486,-0.033304396261242486,0,0.1389349911418573,TRUE,205
P. falciparum,paper_replica_corrigido,21017,Caxias,MA,2020,3,207,447282,0,0.03118335286672186,-0.03118335286672186,0,0.1389349911418573,TRUE,205
P. falciparum,paper_replica_corrigido,21018,Chapadas do Alto Itapecuru,MA,2020,1,205,222247,0,0.039498121836439935,-0.039498121836439935,0,0.2796128663510068,TRUE,205
P. falciparum,paper_replica_corrigido,21018,Chapadas do Alto Itapecuru,MA,2020,2,206,222247,0,0.034684706470681184,-0.034684706470681184,0,0.13980643317550343,TRUE,205
P. falciparum,paper_replica_corrigido,21018,Chapadas do Alto Itapecuru,MA,2020,3,207,222247,0,0.03189797060613782,-0.03189797060613782,0,0.13980643317550343,TRUE,205
P. falciparum,paper_replica_corrigido,21019,Porto Franco,MA,2020,1,205,121114,0,0.03140418542508166,-0.03140418542508166,0,0.2565480485654516,TRUE,205
P. falciparum,paper_replica_corrigido,21019,Porto Franco,MA,2020,2,206,121114,0,0.0271391377916475,-0.0271391377916475,0,0.2565480485654516,TRUE,205
P. falciparum,paper_replica_corrigido,21019,Porto Franco,MA,2020,3,207,121114,0,0.025197927061912068,-0.025197927061912068,0,0.2565480485654516,TRUE,205
P. falciparum,paper_replica_corrigido,21020,Gerais de Balsas,MA,2020,1,205,144541,0,0.003976019161399958,-0.003976019161399958,0,0,TRUE,205
P. falciparum,paper_replica_corrigido,21020,Gerais de Balsas,MA,2020,2,206,144541,0,0.0034775031593020788,-0.0034775031593020788,0,0,TRUE,205
P. falciparum,paper_replica_corrigido,21020,Gerais de Balsas,MA,2020,3,207,144541,0,0.0032989671406616753,-0.0032989671406616753,0,0,TRUE,205
P. falciparum,paper_replica_corrigido,21021,Chapadas das Mangabeiras,MA,2020,1,205,72567,0,0.0016685936114191953,-0.0016685936114191953,0,0,TRUE,205
P. falciparum,paper_replica_corrigido,21021,Chapadas das Mangabeiras,MA,2020,2,206,72567,0,0.001466513084738697,-0.001466513084738697,0,0,TRUE,205
P. falciparum,paper_replica_corrigido,21021,Chapadas das Mangabeiras,MA,2020,3,207,72567,0,0.001342529305780319,-0.001342529305780319,0,0,TRUE,205
P. falciparum,paper_replica_corrigido,51001,Aripuanã,MT,2020,1,205,173174,0.577453890306859,11.76713914640801,-11.18968525610115,2.0758942541889724,24.417706164897762,FALSE,205
P. falciparum,paper_replica_corrigido,51001,Aripuanã,MT,2020,2,206,173174,6.351992793375449,9.905182764035471,-3.5531899706600223,0,21.3038647836143,TRUE,205
P. falciparum,paper_replica_corrigido,51001,Aripuanã,MT,2020,3,207,173174,2.8872694515342947,9.352606306742372,-6.465336855208077,0,22.341811910708792,TRUE,205
P. falciparum,paper_replica_corrigido,51002,Alta Floresta,MT,2020,1,205,108647,0,0.17711344563845816,-0.17711344563845816,0,0.8579590882570926,TRUE,205
P. falciparum,paper_replica_corrigido,51002,Alta Floresta,MT,2020,2,206,108647,0,0.15099848154532097,-0.15099848154532097,0,0.5719727255047282,TRUE,205
P. falciparum,paper_replica_corrigido,51002,Alta Floresta,MT,2020,3,207,108647,0,0.14574640364204378,-0.14574640364204378,0,0.5719727255047282,TRUE,205
P. falciparum,paper_replica_corrigido,51003,Colíder,MT,2020,1,205,158041,0,0.21156141988347155,-0.21156141988347155,0,0.7864177106942151,TRUE,205
P. falciparum,paper_replica_corrigido,51003,Colíder,MT,2020,2,206,158041,0,0.18244685939080862,-0.18244685939080862,0,0.7864177106942151,TRUE,205
P. falciparum,paper_replica_corrigido,51003,Colíder,MT,2020,3,207,158041,0,0.17438060464489,-0.17438060464489,0,0.5898132830206613,TRUE,205
P. falciparum,paper_replica_corrigido,51004,Parecis,MT,2020,1,205,113087,0.8842749387639606,0.08095269415340813,0.8033222446105525,0,0.2747580212929524,FALSE,205
P. falciparum,paper_replica_corrigido,51004,Parecis,MT,2020,2,206,113087,0,0.06860788487600197,-0.06860788487600197,0,0.2747580212929524,TRUE,205
P. falciparum,paper_replica_corrigido,51004,Parecis,MT,2020,3,207,113087,0,0.06502233343470612,-0.06502233343470612,0,0.2747580212929524,TRUE,205
P. falciparum,paper_replica_corrigido,51005,Arinos,MT,2020,1,205,83825,0,0.10504263632457883,-0.10504263632457883,0,0.3706717608584086,TRUE,205
P. falciparum,paper_replica_corrigido,51005,Arinos,MT,2020,2,206,83825,0,0.08996111142856114,-0.08996111142856114,0,0.3706717608584086,TRUE,205
P. falciparum,paper_replica_corrigido,51005,Arinos,MT,2020,3,207,83825,0,0.0878963214268633,-0.0878963214268633,0,0.3706717608584086,TRUE,205
P. falciparum,paper_replica_corrigido,51006,Alto Teles Pires,MT,2020,1,205,267191,0,0.058171387491554864,-0.058171387491554864,0,0.2325793934223541,TRUE,205
P. falciparum,paper_replica_corrigido,51006,Alto Teles Pires,MT,2020,2,206,267191,0,0.04937273741630433,-0.04937273741630433,0,0.2325793934223541,TRUE,205
P. falciparum,paper_replica_corrigido,51006,Alto Teles Pires,MT,2020,3,207,267191,0,0.04787094966860164,-0.04787094966860164,0,0.2325793934223541,TRUE,205
P. falciparum,paper_replica_corrigido,51007,Sinop,MT,2020,1,205,209969,0,0.0436627264588584,-0.0436627264588584,0,0.14798165612045638,TRUE,205
P. falciparum,paper_replica_corrigido,51007,Sinop,MT,2020,2,206,209969,0,0.03756703111893057,-0.03756703111893057,0,0.14798165612045638,TRUE,205
P. falciparum,paper_replica_corrigido,51007,Sinop,MT,2020,3,207,209969,0,0.03572519243461902,-0.03572519243461902,0,0.22567202558369265,TRUE,205
P. falciparum,paper_replica_corrigido,51008,Paranatinga,MT,2020,1,205,37097,0,0.004976957166319365,-0.004976957166319365,0,0,TRUE,205
P. falciparum,paper_replica_corrigido,51008,Paranatinga,MT,2020,2,206,37097,0,0.004222746140952097,-0.004222746140952097,0,0,TRUE,205
P. falciparum,paper_replica_corrigido,51008,Paranatinga,MT,2020,3,207,37097,0,0.004076031208620084,-0.004076031208620084,0,0,TRUE,205
P. falciparum,paper_replica_corrigido,51009,Norte Araguaia,MT,2020,1,205,134387,0,0.01604685425129132,-0.01604685425129132,0,0.2312095690353688,TRUE,205
P. falciparum,paper_replica_corrigido,51009,Norte Araguaia,MT,2020,2,206,134387,0,0.013636442273433582,-0.013636442273433582,0,0.2312095690353688,TRUE,205
P. falciparum,paper_replica_corrigido,51009,Norte Araguaia,MT,2020,3,207,134387,0,0.013018536681048319,-0.013018536681048319,0,0.2312095690353688,TRUE,205
P. falciparum,paper_replica_corrigido,51010,Canarana,MT,2020,1,205,118050,0,0.00295761202841986,-0.00295761202841986,0,0,TRUE,205
P. falciparum,paper_replica_corrigido,51010,Canarana,MT,2020,2,206,118050,0,0.0025443637201800194,-0.0025443637201800194,0,0,TRUE,205
P. falciparum,paper_replica_corrigido,51010,Canarana,MT,2020,3,207,118050,0,0.002399399406697706,-0.002399399406697706,0,0,TRUE,205
P. falciparum,paper_replica_corrigido,51011,Médio Araguaia,MT,2020,1,205,69925,0,7.995365816307858e-4,-7.995365816307858e-4,0,0,TRUE,205
P. falciparum,paper_replica_corrigido,51011,Médio Araguaia,MT,2020,2,206,69925,0,6.724969673623303e-4,-6.724969673623303e-4,0,0,TRUE,205
P. falciparum,paper_replica_corrigido,51011,Médio Araguaia,MT,2020,3,207,69925,0,6.343130649236809e-4,-6.343130649236809e-4,0,0,TRUE,205
P. falciparum,paper_replica_corrigido,51012,Alto Guaporé,MT,2020,1,205,76023,0,0.0799471076337467,-0.0799471076337467,0,0.408712631097906,TRUE,205
P. falciparum,paper_replica_corrigido,51012,Alto Guaporé,MT,2020,2,206,76023,0,0.06513839702548029,-0.06513839702548029,0,0.408712631097906,TRUE,205
P. falciparum,paper_replica_corrigido,51012,Alto Guaporé,MT,2020,3,207,76023,0,0.06239905436360182,-0.06239905436360182,0,0.408712631097906,TRUE,205
P. falciparum,paper_replica_corrigido,51013,Tangará da Serra,MT,2020,1,205,174002,0,0.01814523443496948,-0.01814523443496948,0,0.17857013341200736,TRUE,205
P. falciparum,paper_replica_corrigido,51013,Tangará da Serra,MT,2020,2,206,174002,0,0.014521611893518322,-0.014521611893518322,0,0.17857013341200736,TRUE,205
P. falciparum,paper_replica_corrigido,51013,Tangará da Serra,MT,2020,3,207,174002,0,0.013903701263384832,-0.013903701263384832,0,0.17857013341200736,TRUE,205
P. falciparum,paper_replica_corrigido,51014,Jauru,MT,2020,1,205,111030,0,0.010296513988572951,-0.010296513988572951,0,0,TRUE,205
P. falciparum,paper_replica_corrigido,51014,Jauru,MT,2020,2,206,111030,0,0.007943717753789398,-0.007943717753789398,0,0,TRUE,205
P. falciparum,paper_replica_corrigido,51014,Jauru,MT,2020,3,207,111030,0,0.00786098287186655,-0.00786098287186655,0,0,TRUE,205
P. falciparum,paper_replica_corrigido,51015,Alto Paraguai,MT,2020,1,205,33357,0,0.00729098051534235,-0.00729098051534235,0,0,TRUE,205
P. falciparum,paper_replica_corrigido,51015,Alto Paraguai,MT,2020,2,206,33357,0,0.005878721075936658,-0.005878721075936658,0,0,TRUE,205
P. falciparum,paper_replica_corrigido,51015,Alto Paraguai,MT,2020,3,207,33357,0,0.005722873101976452,-0.005722873101976452,0,0,TRUE,205
P. falciparum,paper_replica_corrigido,51016,Rosário Oeste,MT,2020,1,205,30839,0,0.01047360090681604,-0.01047360090681604,0,0,TRUE,205
P. falciparum,paper_replica_corrigido,51016,Rosário Oeste,MT,2020,2,206,30839,0,0.00854691033260552,-0.00854691033260552,0,0,TRUE,205
P. falciparum,paper_replica_corrigido,51016,Rosário Oeste,MT,2020,3,207,30839,0,0.008255874663813199,-0.008255874663813199,0,0,TRUE,205
P. falciparum,paper_replica_corrigido,51017,Cuiabá,MT,2020,1,205,955206,0,0.01172558243649668,-0.01172558243649668,0,0.0650572972823791,TRUE,205
P. falciparum,paper_replica_corrigido,51017,Cuiabá,MT,2020,2,206,955206,0,0.009468900234288032,-0.009468900234288032,0,0.03252864864118955,TRUE,205
P. falciparum,paper_replica_corrigido,51017,Cuiabá,MT,2020,3,207,955206,0,0.008991986753457437,-0.008991986753457437,0,0.0650572972823791,TRUE,205
P. falciparum,paper_replica_corrigido,51018,Alto Pantanal,MT,2020,1,205,141581,0,0.007535162972287309,-0.007535162972287309,0,0,TRUE,205
P. falciparum,paper_replica_corrigido,51018,Alto Pantanal,MT,2020,2,206,141581,0,0.005629440323823604,-0.005629440323823604,0,0,TRUE,205
P. falciparum,paper_replica_corrigido,51018,Alto Pantanal,MT,2020,3,207,141581,0,0.0055664785190686905,-0.0055664785190686905,0,0,TRUE,205
P. falciparum,paper_replica_corrigido,51019,Primavera do Leste,MT,2020,1,205,108832,0,0.004879292067798383,-0.004879292067798383,0,0,TRUE,205
P. falciparum,paper_replica_corrigido,51019,Primavera do Leste,MT,2020,2,206,108832,0,0.00401902842183295,-0.00401902842183295,0,0,TRUE,205
P. falciparum,paper_replica_corrigido,51019,Primavera do Leste,MT,2020,3,207,108832,0,0.0037737199641066973,-0.0037737199641066973,0,0,TRUE,205
P. falciparum,paper_replica_corrigido,51020,Tesouro,MT,2020,1,205,55885,0,0.00223943578331703,-0.00223943578331703,0,0,TRUE,205
P. falciparum,paper_replica_corrigido,51020,Tesouro,MT,2020,2,206,55885,0,0.0018356053767275987,-0.0018356053767275987,0,0,TRUE,205
P. falciparum,paper_replica_corrigido,51020,Tesouro,MT,2020,3,207,55885,0,0.0017187022561856013,-0.0017187022561856013,0,0,TRUE,205
P. falciparum,paper_replica_corrigido,51021,Rondonópolis,MT,2020,1,205,323403,0.3092117265455175,0.004749663177630898,0.30446206336788656,0,0.09607690823510018,FALSE,205
P. falciparum,paper_replica_corrigido,51021,Rondonópolis,MT,2020,2,206,323403,0,0.003813345896747277,-0.003813345896747277,0,0,TRUE,205
P. falciparum,paper_replica_corrigido,51021,Rondonópolis,MT,2020,3,207,323403,0,0.00366667351348868,-0.00366667351348868,0,0,TRUE,205
P. falciparum,paper_replica_corrigido,51022,Alto Araguaia,MT,2020,1,205,42669,0,8.966015508422442e-4,-8.966015508422442e-4,0,0,TRUE,205
P. falciparum,paper_replica_corrigido,51022,Alto Araguaia,MT,2020,2,206,42669,0,7.443851746548803e-4,-7.443851746548803e-4,0,0,TRUE,205
P. falciparum,paper_replica_corrigido,51022,Alto Araguaia,MT,2020,3,207,42669,0,6.863525839852007e-4,-6.863525839852007e-4,0,0,TRUE,205
