especie,modelo,codMicroRes,nomeMicroRes,siglaUF,ano,mes,idMes,populacao,real_taxa,pred_taxa,residual,ci_low,ci_high,covered,test_start
P. vivax,paper_replica,11001,Porto Velho,RO,2012,1,109,559543,340.992559999857,242.40093187293775,98.59162812691926,120.18289925885946,1856.2156974530994,TRUE,109
P. vivax,paper_replica,11001,Porto Velho,RO,2012,2,110,559543,263.2505455344808,223.67432159870145,39.57622393577935,100.03699447584904,1447.4222713893275,TRUE,109
P. vivax,paper_replica,11001,Porto Velho,RO,2012,3,111,559543,284.1604666665475,230.11632368228024,54.04414298426727,80.50766429032265,1338.1679334742805,TRUE,109
P. vivax,paper_replica,11002,Guajará-Mirim,RO,2012,1,109,73193,91.53880835599033,91.73189512091353,-0.19308676492320842,26.539423168882276,584.003934802508,TRUE,109
P. vivax,paper_replica,11002,Guajará-Mirim,RO,2012,2,110,73193,94.27131009796018,84.64523846555335,9.626071632406834,19.776481357506867,522.3860205210876,TRUE,109
P. vivax,paper_replica,11002,Guajará-Mirim,RO,2012,3,111,73193,94.27131009796018,87.08319508882909,7.188115009131096,29.340237454401382,586.9755304469005,TRUE,109
P. vivax,paper_replica,11003,Ariquemes,RO,2012,1,109,176003,136.3613120230905,191.03673377251525,-54.67542174942474,73.39363533576133,1215.4906450458225,TRUE,109
P. vivax,paper_replica,11003,Ariquemes,RO,2012,2,110,176003,110.79356601876106,176.27827694582106,-65.48471092706001,57.05868649966194,1123.5603938569216,TRUE,109
P. vivax,paper_replica,11003,Ariquemes,RO,2012,3,111,176003,111.92991028562012,181.35526785194185,-69.42535756632172,70.33971011857753,1204.1556109839007,TRUE,109
P. vivax,paper_replica,11004,Ji-Paraná,RO,2012,1,109,294157,22.097043415590996,26.293219713713242,-4.196176298122246,7.640477704083194,162.17530094473358,TRUE,109
P. vivax,paper_replica,11004,Ji-Paraná,RO,2012,2,110,294157,21.75708890150498,24.261956740138636,-2.5048678386336576,8.498862852150383,174.43066117753443,TRUE,109
P. vivax,paper_replica,11004,Ji-Paraná,RO,2012,3,111,294157,20.737225359246935,24.960740978081375,-4.2235156188344405,7.980432218169209,149.28252599802127,TRUE,109
P. vivax,paper_replica,11005,Alvorada D'Oeste,RO,2012,1,109,69841,25.772826849558285,15.477915910053726,10.29491093950456,0.6801162640855678,118.23284317234851,TRUE,109
P. vivax,paper_replica,11005,Alvorada D'Oeste,RO,2012,2,110,69841,14.31823713864349,14.282224484428186,0.03601265421530364,0,81.6139516902679,TRUE,109
P. vivax,paper_replica,11005,Alvorada D'Oeste,RO,2012,3,111,69841,28.63647427728698,14.693632091525679,13.9428421857613,0.6801162640855678,90.41966753053345,TRUE,109
P. vivax,paper_replica,11006,Cacoal,RO,2012,1,109,228654,11.370892265169207,12.472623016243713,-1.1017307510745056,3.706473536434963,73.7030622687554,TRUE,109
P. vivax,paper_replica,11006,Cacoal,RO,2012,2,110,228654,9.184182214175129,11.509076697316528,-2.3248944831413993,2.3944475058385164,81.68455395488368,TRUE,109
P. vivax,paper_replica,11006,Cacoal,RO,2012,3,111,228654,11.370892265169207,11.840577699759477,-0.4696854345902697,3.0613940713917094,90.5953974126846,TRUE,109
P. vivax,paper_replica,11007,Vilhena,RO,2012,1,109,136730,4.388210341549038,7.242619165162952,-2.8544088236139142,0.3473999853726332,42.07196664960139,TRUE,109
P. vivax,paper_replica,11007,Vilhena,RO,2012,2,110,136730,6.582315512323557,6.683129791601851,-0.10081427927829356,0.731368390258173,44.99744021063408,TRUE,109
P. vivax,paper_replica,11007,Vilhena,RO,2012,3,111,136730,7.31368390258173,6.875647044965831,0.4380368576158995,0.731368390258173,47.575513786294124,TRUE,109
P. vivax,paper_replica,11008,Colorado do Oeste,RO,2012,1,109,51890,7.708614376565812,7.971960949060303,-0.2633465724944912,0,55.887454230102136,TRUE,109
P. vivax,paper_replica,11008,Colorado do Oeste,RO,2012,2,110,51890,0,7.356145072761931,-7.356145072761931,0,48.178839853536324,TRUE,109
P. vivax,paper_replica,11008,Colorado do Oeste,RO,2012,3,111,51890,3.854307188282906,7.5680706931926345,-3.7137635049097284,0,55.887454230102136,TRUE,109
P. vivax,paper_replica,12001,Cruzeiro do Sul,AC,2012,1,109,135803,1572.1302180364205,498.0687428935218,1074.0614751428986,188.12176461492012,3470.394615730135,TRUE,109
P. vivax,paper_replica,12001,Cruzeiro do Sul,AC,2012,2,110,135803,1248.1314845769239,459.59060581687174,788.5408787600521,137.27605428451506,3290.4280465085435,TRUE,109
P. vivax,paper_replica,12001,Cruzeiro do Sul,AC,2012,3,111,135803,1029.4323394917637,472.8272505000446,556.6050889917192,212.66098687068774,3029.5170209789176,TRUE,109
P. vivax,paper_replica,12002,Tarauacá,AC,2012,1,109,76221,17.05566707337873,51.07265555347315,-34.01698848009442,15.054906128232378,350.9859487542803,TRUE,109
P. vivax,paper_replica,12002,Tarauacá,AC,2012,2,110,76221,13.119743902599021,47.12711970633679,-34.00737580373777,14.431718292858923,291.7175056742888,FALSE,109
P. vivax,paper_replica,12002,Tarauacá,AC,2012,3,111,76221,7.871846341559412,48.48450475259733,-40.61265841103792,14.366119573345932,267.7739730520459,FALSE,109
P. vivax,paper_replica,12003,Sena Madureira,AC,2012,1,109,52651,1.8992991586104726,1.5749980909852521,0.3243010676252205,0,12.392927009933292,TRUE,109
P. vivax,paper_replica,12003,Sena Madureira,AC,2012,2,110,52651,0,1.4533768293547338,-1.4533768293547338,0,13.295094110273311,TRUE,109
P. vivax,paper_replica,12003,Sena Madureira,AC,2012,3,111,52651,7.59719663444189,1.4952779868917447,6.1019186475501455,0,18.992991586104726,TRUE,109
P. vivax,paper_replica,12004,Rio Branco,AC,2012,1,109,433224,24.467711853452254,21.938204514497727,2.5295073389545273,7.386479050098795,118.58184218787505,TRUE,109
P. vivax,paper_replica,12004,Rio Branco,AC,2012,2,110,433224,21.46695473934962,20.24338757311805,1.2235671662315717,6.00151422820527,143.009159234022,TRUE,109
P. vivax,paper_replica,12004,Rio Branco,AC,2012,3,111,433224,12.695510867357303,20.82643693106068,-8.130926063703377,7.265294628183111,138.62920798478382,TRUE,109
P. vivax,paper_replica,12005,Brasiléia,AC,2012,1,109,60887,13.139093731009902,4.286223435549699,8.852870295460203,0,30.425213920869773,TRUE,109
P. vivax,paper_replica,12005,Brasiléia,AC,2012,2,110,60887,9.854320298257427,3.955148854580528,5.899171443676899,0,33.70998735362225,TRUE,109
P. vivax,paper_replica,12005,Brasiléia,AC,2012,3,111,60887,1.6423867163762378,4.069124332657842,-2.4267376162816046,0,34.490121043901,TRUE,109
P. vivax,paper_replica,13001,Rio Negro,AM,2012,1,109,99826,1045.8197263238035,270.73534241386454,775.0843839099389,126.16953499088413,2064.7426522148535,TRUE,109
P. vivax,paper_replica,13001,Rio Negro,AM,2012,2,110,99826,1017.7709214032417,249.8197805514598,767.9511408517819,97.0688998858013,1680.3738504998694,TRUE,109
P. vivax,paper_replica,13001,Rio Negro,AM,2012,3,111,99826,897.5617574579769,257.014892071706,640.5468653862708,88.1032997415503,1740.9041732614737,TRUE,109
P. vivax,paper_replica,13002,Japurá,AM,2012,1,109,25044,43.9226960549433,61.72351685003013,-17.80082079508683,11.978917105893627,343.59527232071537,TRUE,109
P. vivax,paper_replica,13002,Japurá,AM,2012,2,110,25044,107.81025395304265,56.95521599551425,50.855037957528396,7.985944737262418,337.70563807698426,TRUE,109
P. vivax,paper_replica,13002,Japurá,AM,2012,3,111,25044,143.74700527072352,58.595948986850104,85.15105628387342,9.882606612362249,345.69158281424666,TRUE,109
P. vivax,paper_replica,13003,Alto Solimões,AM,2012,1,109,231482,292.89534391442965,71.09719241128543,221.7981515031442,19.850355535203605,484.9081138058239,TRUE,109
P. vivax,paper_replica,13003,Alto Solimões,AM,2012,2,110,231482,447.5509974857656,65.60467569726973,381.9463217884959,23.943546366456143,461.14816702810504,TRUE,109
P. vivax,paper_replica,13003,Alto Solimões,AM,2012,3,111,231482,834.1901314141056,67.49419013426296,766.6959412798426,25.855142084481734,438.8138170570497,FALSE,109
P. vivax,paper_replica,13004,Juruá,AM,2012,1,109,131695,532.2905197615703,100.61230324460031,431.67821651697,38.21329587303998,780.6105015376413,TRUE,109
P. vivax,paper_replica,13004,Juruá,AM,2012,2,110,131695,527.7345381373628,92.83960080769369,434.8949373296692,28.095220015945937,540.1495880633279,TRUE,109
P. vivax,paper_replica,13004,Juruá,AM,2012,3,111,131695,981.0547097460042,95.5135625526847,885.5411471933195,39.40924104939444,659.0796917119098,FALSE,109
P. vivax,paper_replica,13005,Tefé,AM,2012,1,109,87520,286.79159049360146,155.91813408001502,130.87345641358644,65.01371115173674,927.9593235831808,TRUE,109
P. vivax,paper_replica,13005,Tefé,AM,2012,2,110,87520,294.7897623400366,143.87282819592397,150.91693414411262,48.41750457038392,916.0191956124297,TRUE,109
P. vivax,paper_replica,13005,Tefé,AM,2012,3,111,87520,298.217550274223,148.0166044932017,150.20094578102132,49.61723034734918,858.6037477148075,TRUE,109
P. vivax,paper_replica,13006,Coari,AM,2012,1,109,156671,72.12566460927677,94.31750809236974,-22.191843483092967,29.664073121381747,755.4205947495045,TRUE,109
P. vivax,paper_replica,13006,Coari,AM,2012,2,110,156671,103.40139528055606,87.03110627559151,16.370289004964548,35.743692195747776,706.799599160023,TRUE,109
P. vivax,paper_replica,13006,Coari,AM,2012,3,111,156671,132.12400508071053,89.53774799547394,42.586257085236596,28.722609800154462,590.3134594149508,TRUE,109
P. vivax,paper_replica,13007,Manaus,AM,2012,1,109,2106861,74.37605043711949,69.06453050247727,5.31151993464222,22.556068008283415,536.7000955449828,TRUE,109
P. vivax,paper_replica,13007,Manaus,AM,2012,2,110,2106861,57.09916316263864,63.72897360167096,-6.629810439032319,24.12356581663432,373.24484149642484,TRUE,109
P. vivax,paper_replica,13007,Manaus,AM,2012,3,111,2106861,50.12195868640599,65.56441924330001,-15.44246055689402,21.1736797064448,428.00521724024503,TRUE,109
P. vivax,paper_replica,13008,Rio Preto da Eva,AM,2012,1,109,55600,303.9568345323741,265.18415925328515,38.77267527908896,92.58093525179856,1640.6025179856056,TRUE,109
P. vivax,paper_replica,13008,Rio Preto da Eva,AM,2012,2,110,55600,212.23021582733813,244.69748518335905,-32.46726935602092,80.6654676258993,1610.6115107913663,TRUE,109
P. vivax,paper_replica,13008,Rio Preto da Eva,AM,2012,3,111,55600,197.84172661870502,251.74503282955922,-53.9033062108542,80.8453237410072,1763.0395683453198,TRUE,109
P. vivax,paper_replica,13009,Itacoatiara,AM,2012,1,109,156384,23.02025782688766,55.74699707094539,-32.726739244057725,19.45531512175159,343.513402905668,TRUE,109
P. vivax,paper_replica,13009,Itacoatiara,AM,2012,2,110,156384,18.544096582770617,51.4403105296628,-32.89621394689219,16.89750869654185,330.30872723552193,TRUE,109
P. vivax,paper_replica,13009,Itacoatiara,AM,2012,3,111,156384,7.033967669326786,52.921863143740815,-45.88789547441403,19.822999795375488,407.12285144260215,FALSE,109
P. vivax,paper_replica,13010,Parintins,AM,2012,1,109,248506,20.120238545548194,12.38802529871942,7.732213246828774,3.8127852043813837,72.82520341561153,TRUE,109
P. vivax,paper_replica,13010,Parintins,AM,2012,2,110,248506,14.084166981883737,11.431005300263646,2.653161681620091,2.605570891648492,77.09069398726788,TRUE,109
P. vivax,paper_replica,13010,Parintins,AM,2012,3,111,248506,19.71783377463723,11.760257469542823,7.957576305094408,3.6216429381986752,79.56548332837025,TRUE,109
P. vivax,paper_replica,13011,Boca do Acre,AM,2012,1,109,49500,68.68686868686869,87.35066579834682,-18.663797111478132,32.323232323232325,501.41414141414106,TRUE,109
P. vivax,paper_replica,13011,Boca do Acre,AM,2012,2,110,49500,58.58585858585859,80.60250373073677,-22.016645144878183,25.202020202020204,509.24242424242317,TRUE,109
P. vivax,paper_replica,13011,Boca do Acre,AM,2012,3,111,49500,133.33333333333334,82.92406647319362,50.409266860139724,24.242424242424242,456.6666666666665,TRUE,109
P. vivax,paper_replica,13012,Purus,AM,2012,1,109,70911,277.81303323884873,188.47799025696082,89.33504298188791,68.21931717222999,1368.334955084541,TRUE,109
P. vivax,paper_replica,13012,Purus,AM,2012,2,110,70911,315.8889311954422,173.91731662182866,141.97161457361352,66.28026681332938,1382.719183201476,TRUE,109
P. vivax,paper_replica,13012,Purus,AM,2012,3,111,70911,492.16623655004156,178.92653515799907,313.2397013920425,83.13237720522909,1188.1442935510709,TRUE,109
P. vivax,paper_replica,13013,Madeira,AM,2012,1,109,170985,162.0025148404831,186.56400421185938,-24.561489371376297,70.15235254554494,1107.1731438430265,TRUE,109
P. vivax,paper_replica,13013,Madeira,AM,2012,2,110,170985,103.51785244319677,172.15112248751524,-68.63327004431846,43.55645232037898,980.9778635552823,TRUE,109
P. vivax,paper_replica,13013,Madeira,AM,2012,3,111,170985,106.44208556306108,177.10928001746507,-70.66719445440398,67.97379887124602,920.5047226364884,TRUE,109
P. vivax,paper_replica,14001,Boa Vista,RR,2012,1,109,334076,144.27854739640082,54.91620452708919,89.36234286931163,18.985200972233862,296.99828781474866,TRUE,109
P. vivax,paper_replica,14001,Boa Vista,RR,2012,2,110,334076,124.82189681389862,50.67368700281897,74.14820981107965,19.157317496617537,309.2784276631662,TRUE,109
P. vivax,paper_replica,14001,Boa Vista,RR,2012,3,111,334076,122.72656521270609,52.13314847209962,70.59341674060647,18.813084447850194,325.3900310109077,TRUE,109
P. vivax,paper_replica,14002,Nordeste de Roraima,RR,2012,1,109,44023,545.1695704518092,229.65017328951797,315.5193971622913,70.4177361833587,1292.7901324307736,TRUE,109
P. vivax,paper_replica,14002,Nordeste de Roraima,RR,2012,2,110,44023,436.1356563614474,211.90880651417487,224.22684984727252,82.40010903391412,1304.0910433182632,TRUE,109
P. vivax,paper_replica,14002,Nordeste de Roraima,RR,2012,3,111,44023,367.9894600549713,218.0120363079309,149.97742374704038,81.7754355677714,1377.6321468323335,TRUE,109
P. vivax,paper_replica,14003,Caracaraí,RR,2012,1,109,43635,435.4302738627249,222.34382290053514,213.08645096218976,58.38203277185745,1307.6085711011779,TRUE,109
P. vivax,paper_replica,14003,Caracaraí,RR,2012,2,110,43635,359.80291050762,205.1667755972703,154.63613491034974,71.0438867881288,1126.503953248538,TRUE,109
P. vivax,paper_replica,14003,Caracaraí,RR,2012,3,111,43635,263.54990260112294,211.07583923002036,52.474063371102574,66.34582330697835,1125.3007906497066,TRUE,109
P. vivax,paper_replica,14004,Sudeste de Roraima,RR,2012,1,109,47790,257.37602008788446,168.2148114896601,89.16120859822436,65.8610587989119,1095.8882611424979,TRUE,109
P. vivax,paper_replica,14004,Sudeste de Roraima,RR,2012,2,110,47790,259.46850805607863,155.21953071174042,104.24897734433821,62.56539024900608,980.801422891818,TRUE,109
P. vivax,paper_replica,14004,Sudeste de Roraima,RR,2012,3,111,47790,280.3933877380205,159.69010319378208,120.70328454423844,46.03473530027202,1220.3389830508472,TRUE,109
P. vivax,paper_replica,15001,Óbidos,PA,2012,1,109,189429,3.695315923116313,13.148877227991003,-9.45356130487469,2.111609098923607,77.65442461291562,TRUE,109
P. vivax,paper_replica,15001,Óbidos,PA,2012,2,110,189429,2.6395113736545093,12.133100361429266,-9.493588987774757,3.695315923116313,82.93344736022462,FALSE,109
P. vivax,paper_replica,15001,Óbidos,PA,2012,3,111,189429,2.6395113736545093,12.482584992023346,-9.843073618368837,3.167413648385411,68.09939344028633,FALSE,109
P. vivax,paper_replica,15002,Santarém,PA,2012,1,109,492734,40.18395320801893,19.799800941621363,20.384152266397564,8.011421984275492,120.99834799303474,TRUE,109
P. vivax,paper_replica,15002,Santarém,PA,2012,2,110,492734,34.907272483733614,18.27018861464932,16.637083869084293,4.946888179017483,109.69914801901228,TRUE,109
P. vivax,paper_replica,15002,Santarém,PA,2012,3,111,492734,31.457135087085526,18.796395609410926,12.6607394776746,4.7642338462537595,116.56390669204879,TRUE,109
P. vivax,paper_replica,15003,Almeirim,PA,2012,1,109,69092,144.73455682278703,35.29052826422165,109.44402855856538,9.371562554275462,271.26874312510733,TRUE,109
P. vivax,paper_replica,15003,Almeirim,PA,2012,2,110,69092,150.5239390956985,32.564251148302695,117.95968794739579,5.029525849591851,220.4307300411042,TRUE,109
P. vivax,paper_replica,15003,Almeirim,PA,2012,3,111,69092,108.55091761709026,33.50215937219988,75.0487582448904,4.34203670468361,223.3977884559713,TRUE,109
P. vivax,paper_replica,15004,Portel,PA,2012,1,109,135041,479.1137506386949,46.37314944083867,432.7406011978562,17.38360942232359,296.0397212698364,FALSE,109
P. vivax,paper_replica,15004,Portel,PA,2012,2,110,135041,593.8937063558475,42.79070723058195,551.1029991252656,12.58876933671996,273.00967854207227,FALSE,109
P. vivax,paper_replica,15004,Portel,PA,2012,3,111,135041,388.7708177516458,44.023196760457466,344.74762099118834,14.421546048977719,351.4117934553206,FALSE,109
P. vivax,paper_replica,15005,Furos de Breves,PA,2012,1,109,209923,1253.3166923109902,198.12413352391948,1055.1925587870708,81.68471296618284,1340.4557861692133,TRUE,109
P. vivax,paper_replica,15005,Furos de Breves,PA,2012,2,110,209923,1816.8566569646966,182.81819343286602,1634.0384635318305,72.38368354110793,1246.1950334170144,FALSE,109
P. vivax,paper_replica,15005,Furos de Breves,PA,2012,3,111,209923,1729.2054705773069,188.08354519046472,1541.1219253868421,54.05553464841871,1279.5525025842794,FALSE,109
P. vivax,paper_replica,15006,Arari,PA,2012,1,109,158333,50.52642216088876,17.76709255858282,32.75932960230594,3.7579026482161035,135.48975892580825,TRUE,109
P. vivax,paper_replica,15006,Arari,PA,2012,2,110,158333,209.68465196768835,16.39459096767791,193.29006100001044,4.421061939077767,121.75288790081649,FALSE,109
P. vivax,paper_replica,15006,Arari,PA,2012,3,111,158333,248.21104886536602,16.866835426399003,231.34421343896702,4.421061939077767,107.43180511958967,FALSE,109
P. vivax,paper_replica,15007,Belém,PA,2012,1,109,2185084,5.079896241975137,1.8048574691105739,3.275038772864563,0.4336217738082381,11.238698374982377,TRUE,109
P. vivax,paper_replica,15007,Belém,PA,2012,2,110,2185084,4.3934237768433615,1.665426253094752,2.7279975237486096,0.5949428031142052,10.159792483950234,TRUE,109
P. vivax,paper_replica,15007,Belém,PA,2012,3,111,2185084,3.4323623256588762,1.7133952522966822,1.718967073362194,0.38785694279945304,11.46180192615019,TRUE,109
P. vivax,paper_replica,15008,Castanhal,PA,2012,1,109,305405,2.6194725037245625,2.745896574541815,-0.1264240708172526,0,16.731880617540615,TRUE,109
P. vivax,paper_replica,15008,Castanhal,PA,2012,2,110,305405,2.6194725037245625,2.5337772686293185,0.08569523509524402,0,14.90643571650758,TRUE,109
P. vivax,paper_replica,15008,Castanhal,PA,2012,3,111,305405,1.3097362518622813,2.606767556987607,-1.297031305125326,0,18.352679229220204,TRUE,109
P. vivax,paper_replica,15009,Salgado,PA,2012,1,109,251888,40.09718605094328,13.157239510554984,26.939946540388295,3.5730165787969255,102.46617544305401,TRUE,109
P. vivax,paper_replica,15009,Salgado,PA,2012,2,110,251888,27.79012894619831,12.14080714666139,15.649321799536919,3.5730165787969255,76.03577780600901,TRUE,109
P. vivax,paper_replica,15009,Salgado,PA,2012,3,111,251888,17.071079209807532,12.4905171407384,4.580562069069133,3.176014736708378,79.78744521374563,TRUE,109
P. vivax,paper_replica,15010,Bragantina,PA,2012,1,109,390863,1.0233764771799838,10.4791994191466,-9.455822941966616,2.8142853122449556,72.7108987036378,FALSE,109
P. vivax,paper_replica,15010,Bragantina,PA,2012,2,110,390863,2.0467529543599676,9.669644062319767,-7.622891107959799,3.5818176701299436,63.23187408375821,FALSE,109
P. vivax,paper_replica,15010,Bragantina,PA,2012,3,111,390863,1.5350647157699757,9.948166737443243,-8.413102021673268,3.0701294315399514,78.59531344742271,FALSE,109
P. vivax,paper_replica,15011,Cametá,PA,2012,1,109,449907,404.97258322275496,9.076200482593794,395.8963827401612,2.9950634242187832,61.04039279228816,FALSE,109
P. vivax,paper_replica,15011,Cametá,PA,2012,2,110,449907,686.3640707968536,8.375044179533523,677.9890266173201,2.328258951294379,64.46887912390783,FALSE,109
P. vivax,paper_replica,15011,Cametá,PA,2012,3,111,449907,368.0760690542712,8.616277012523646,359.45979204174756,2.328258951294379,65.68579728699486,FALSE,109
P. vivax,paper_replica,15012,Tomé-Açu,PA,2012,1,109,299079,63.86272523313238,18.669453528603917,45.19327170452846,8.183456544926258,111.6176662353424,TRUE,109
P. vivax,paper_replica,15012,Tomé-Açu,PA,2012,2,110,299079,33.77034161542603,17.22715321446094,16.543188400965086,4.346677633668696,120.32773949357852,TRUE,109
P. vivax,paper_replica,15012,Tomé-Açu,PA,2012,3,111,299079,34.43906125137505,17.723325486208097,16.715735765166954,5.349757087592241,136.9287044560133,TRUE,109
P. vivax,paper_replica,15013,Guamá,PA,2012,1,109,441719,45.50404216255131,34.684441681911665,10.819600480639643,12.332500979129264,210.89765212725717,TRUE,109
P. vivax,paper_replica,15013,Guamá,PA,2012,2,110,441719,43.240159467897016,32.00492038399508,11.235239083901938,11.879724440198407,206.35290761773877,TRUE,109
P. vivax,paper_replica,15013,Guamá,PA,2012,3,111,441719,33.73185215034898,32.92670712546038,0.8051450248885956,11.772190012202328,202.75899383997495,TRUE,109
P. vivax,paper_replica,15014,Itaituba,PA,2012,1,109,213017,615.9132839163071,128.12107140605752,487.7922125102496,53.04740936169414,818.5027486069181,TRUE,109
P. vivax,paper_replica,15014,Itaituba,PA,2012,2,110,213017,547.3741532365962,118.22313534823007,429.1510178883661,41.51077144077703,768.2837520010139,TRUE,109
P. vivax,paper_replica,15014,Itaituba,PA,2012,3,111,213017,587.2770717830033,121.62808099788465,465.64899078511866,43.04820742006507,728.0287488791973,TRUE,109
P. vivax,paper_replica,15015,Altamira,PA,2012,1,109,281058,407.033423706139,115.52046022855083,291.5129634775882,40.676657487066734,781.0398565420655,TRUE,109
P. vivax,paper_replica,15015,Altamira,PA,2012,2,110,281058,293.5337190188502,106.59597540139242,186.93774361745778,35.69547922492866,675.5011421130137,TRUE,109
P. vivax,paper_replica,15015,Altamira,PA,2012,3,111,281058,258.3096727365882,109.66602374029763,148.64364899629055,44.119007464651425,653.9842310128154,TRUE,109
P. vivax,paper_replica,15016,Tucuruí,PA,2012,1,109,340793,107.10313885555162,99.16295259685148,7.9401862587001375,28.308973482436553,580.8217891799419,TRUE,109
P. vivax,paper_replica,15016,Tucuruí,PA,2012,2,110,340793,121.7748017124765,91.50215881457422,30.272642897902287,36.95791873659377,578.6283755828317,TRUE,109
P. vivax,paper_replica,15016,Tucuruí,PA,2012,3,111,340793,89.20371017010326,94.13749452629897,-4.9337843561957015,29.13058660242435,630.0158747392112,TRUE,109
P. vivax,paper_replica,15017,Paragominas,PA,2012,1,109,306994,125.73535639133011,50.134591480555436,75.60076491077467,21.498791507325876,331.65143292702754,TRUE,109
P. vivax,paper_replica,15017,Paragominas,PA,2012,2,110,306994,103.91082561874174,46.2614711173963,57.64935450134544,17.4189072099129,265.55893600526383,TRUE,109
P. vivax,paper_replica,15017,Paragominas,PA,2012,3,111,306994,74.92003101037805,47.59384735080456,27.326183659573495,19.373342801487976,235.74564975211234,TRUE,109
P. vivax,paper_replica,15018,São Félix do Xingu,PA,2012,1,109,177935,8.992047657852586,7.971697238293366,1.02035041955922,1.3909573720740727,52.96878073453777,TRUE,109
P. vivax,paper_replica,15018,São Félix do Xingu,PA,2012,2,110,177935,13.48807148677888,7.355890160607886,6.132181326170994,0.5620029786157866,56.49534942535194,TRUE,109
P. vivax,paper_replica,15018,São Félix do Xingu,PA,2012,3,111,177935,12.364065529547307,7.56780580439741,4.7962597251498975,1.68600893584736,50.63646837328233,TRUE,109
P. vivax,paper_replica,15019,Parauapebas,PA,2012,1,109,271172,6.637853465697048,5.716977277569412,0.9208761881276359,1.1063089109495081,40.2143289130146,TRUE,109
P. vivax,paper_replica,15019,Parauapebas,PA,2012,2,110,271172,5.90031419173071,5.275331568101451,0.6249826236292595,1.1063089109495081,33.087855678314796,TRUE,109
P. vivax,paper_replica,15019,Parauapebas,PA,2012,3,111,271172,3.687696369831694,5.427282814806791,-1.7395864449750968,0.9127048515333447,29.888779077485864,TRUE,109
P. vivax,paper_replica,15020,Marabá,PA,2012,1,109,295238,15.241940400625936,19.028606829656656,-3.7866664290307206,6.596373095604226,133.16375263346853,TRUE,109
P. vivax,paper_replica,15020,Marabá,PA,2012,2,110,295238,16.59677954734824,17.55857225439786,-0.961792707049618,5.419356586889222,102.31575881153492,TRUE,109
P. vivax,paper_replica,15020,Marabá,PA,2012,3,111,295238,14.225811040584205,18.064294184973303,-3.838483144389098,5.580243735562496,118.72624797620901,TRUE,109
P. vivax,paper_replica,15021,Redenção,PA,2012,1,109,185608,1.6163096418257832,3.5768971495301747,-1.9605875077043915,0,25.322184388603937,TRUE,109
P. vivax,paper_replica,15021,Redenção,PA,2012,2,110,185608,2.1550795224343777,3.30058583579162,-1.145506313357242,0,25.86095426921253,TRUE,109
P. vivax,paper_replica,15021,Redenção,PA,2012,3,111,185608,8.620318089737511,3.3956718269913124,5.224646262746198,0,25.63197706995384,TRUE,109
P. vivax,paper_replica,15022,Conceição do Araguaia,PA,2012,1,109,142249,0,10.964898079445792,-10.964898079445792,1.4059852793341254,66.45037926452909,FALSE,109
P. vivax,paper_replica,15022,Conceição do Araguaia,PA,2012,2,110,142249,0.7029926396670627,10.117887747211684,-9.414895107544622,1.0369141435089184,70.10594099079769,FALSE,109
P. vivax,paper_replica,15022,Conceição do Araguaia,PA,2012,3,111,142249,0,10.409371145306583,-10.409371145306583,1.4059852793341254,81.91621733720447,FALSE,109
P. vivax,paper_replica,16001,Oiapoque,AP,2012,1,109,31004,841.8268610501871,483.5460369159484,358.2808241342387,182.1539156237905,2938.8143465359303,TRUE,109
P. vivax,paper_replica,16001,Oiapoque,AP,2012,2,110,31004,845.05225132241,446.1899795757432,398.8622717466668,191.3462778996259,3179.9122693845875,TRUE,109
P. vivax,paper_replica,16001,Oiapoque,AP,2012,3,111,31004,780.5444458779513,459.040836576707,321.50360930124424,186.7500967617082,2804.476841697844,TRUE,109
P. vivax,paper_replica,16002,Amapá,AP,2012,1,109,25619,199.07100199071004,58.242916428572585,140.82808556213746,11.71005894063,369.1596081033605,TRUE,109
P. vivax,paper_replica,16002,Amapá,AP,2012,2,110,25619,160.03747218861,53.74357855296515,106.29389363564485,3.90335298021,367.3055154377606,TRUE,109
P. vivax,paper_replica,16002,Amapá,AP,2012,3,111,25619,187.36094305008,55.29153509218163,132.06940795789836,7.80670596042,392.5797259846205,TRUE,109
P. vivax,paper_replica,16003,Macapá,AP,2012,1,109,569504,135.5565544754734,39.63127894509032,95.92527553038309,15.610074731696354,289.29120778782925,TRUE,109
P. vivax,paper_replica,16003,Macapá,AP,2012,2,110,569504,111.32494240602348,36.56958437349434,74.75535803252914,15.434483339888747,234.59009945496433,TRUE,109
P. vivax,paper_replica,16003,Macapá,AP,2012,3,111,569504,80.59644883969209,37.6228161370721,42.97363270261999,10.886666292071698,238.36970416362294,TRUE,109
P. vivax,paper_replica,16004,Mazagão,AP,2012,1,109,72475,292.5146602276647,66.44222589433836,226.07243433332633,24.1117626767851,429.3204553294238,TRUE,109
P. vivax,paper_replica,16004,Mazagão,AP,2012,2,110,72475,190.41048637461193,61.30931662939559,129.10116974521634,18.592618144187654,396.10210417385235,TRUE,109
P. vivax,paper_replica,16004,Mazagão,AP,2012,3,111,72475,211.10727837185235,63.07514508119592,148.03213329065642,16.557433597792343,379.61365988271734,TRUE,109
P. vivax,paper_replica,17001,Bico do Papagaio,TO,2012,1,109,199722,1.0013919347893572,0.8797480706908997,0.12164386409845751,0,6.771912959013016,TRUE,109
P. vivax,paper_replica,17001,Bico do Papagaio,TO,2012,2,110,199722,1.0013919347893572,0.8117985194260274,0.18959341536332974,0,5.507655641341464,TRUE,109
P. vivax,paper_replica,17001,Bico do Papagaio,TO,2012,3,111,199722,0,0.8351925727495191,-0.8351925727495191,0,7.272608926407695,TRUE,109
P. vivax,paper_replica,17002,Araguaína,TO,2012,1,109,286178,0.6988657409025152,0.7293870541794668,-0.030521313276951623,0,5.774378184207023,TRUE,109
P. vivax,paper_replica,17002,Araguaína,TO,2012,2,110,286178,1.048298611353773,0.6730497310929693,0.3752488802608036,0,5.2414930567688645,TRUE,109
P. vivax,paper_replica,17002,Araguaína,TO,2012,3,111,286178,0.3494328704512576,0.6924454902319757,-0.34301261978071806,0,4.8920601863176065,TRUE,109
P. vivax,paper_replica,17003,Miracema do Tocantins,TO,2012,1,109,143238,0,1.0329532177617156,-1.0329532177617156,0,8.046049232745485,TRUE,109
P. vivax,paper_replica,17003,Miracema do Tocantins,TO,2012,2,110,143238,0,0.953174802034172,-0.953174802034172,0,6.981387620603471,TRUE,109
P. vivax,paper_replica,17003,Miracema do Tocantins,TO,2012,3,111,143238,0,0.9806497498408103,-0.9806497498408103,0,8.046049232745485,TRUE,109
P. vivax,paper_replica,17004,Rio Formoso,TO,2012,1,109,118053,0.8470771602585279,0.613157389567832,0.23391977069069592,0,5.082462961551168,TRUE,109
P. vivax,paper_replica,17004,Rio Formoso,TO,2012,2,110,118053,0.8470771602585279,0.5658120323502293,0.2812651279082986,0,5.929540121809695,TRUE,109
P. vivax,paper_replica,17004,Rio Formoso,TO,2012,3,111,118053,0,0.5821292935436919,-0.5821292935436919,0,5.929540121809695,TRUE,109
P. vivax,paper_replica,17005,Gurupi,TO,2012,1,109,139542,0,0.14175937241929382,-0.14175937241929382,0,1.433260237061243,TRUE,109
P. vivax,paper_replica,17005,Gurupi,TO,2012,2,110,139542,0,0.13082128346255964,-0.13082128346255964,0,1.433260237061243,TRUE,109
P. vivax,paper_replica,17005,Gurupi,TO,2012,3,111,139542,0,0.1346050405981738,-0.1346050405981738,0,1.433260237061243,TRUE,109
P. vivax,paper_replica,17006,Porto Nacional,TO,2012,1,109,338559,0.5907389849332022,0.3892411447061427,0.20149784022705952,0,2.6583254321994096,TRUE,109
P. vivax,paper_replica,17006,Porto Nacional,TO,2012,2,110,338559,0.2953694924666011,0.3591820986277179,-0.06381260616111678,0,2.362955939732809,TRUE,109
P. vivax,paper_replica,17006,Porto Nacional,TO,2012,3,111,338559,0,0.3695383599013418,-0.3695383599013418,0,2.953694924666011,TRUE,109
P. vivax,paper_replica,17007,Jalapão,TO,2012,1,109,73385,0,0.022419518922145942,-0.022419518922145942,0,0,TRUE,109
P. vivax,paper_replica,17007,Jalapão,TO,2012,2,110,73385,0,0.020702854341926744,-0.020702854341926744,0,0,TRUE,109
P. vivax,paper_replica,17007,Jalapão,TO,2012,3,111,73385,0,0.021314068510907516,-0.021314068510907516,0,0,TRUE,109
P. vivax,paper_replica,17008,Dianópolis,TO,2012,1,109,119017,0,0.040204945153951115,-0.040204945153951115,0,0.8402161035818412,TRUE,109
P. vivax,paper_replica,17008,Dianópolis,TO,2012,2,110,119017,0,0.037110615528638806,-0.037110615528638806,0,0.8402161035818412,TRUE,109
P. vivax,paper_replica,17008,Dianópolis,TO,2012,3,111,119017,0,0.03819134444284891,-0.03819134444284891,0,0.8402161035818412,TRUE,109
P. vivax,paper_replica,21001,Litoral Ocidental Maranhense,MA,2012,1,109,185387,14.024715864650704,6.133884350363584,7.89083151428712,0.7956329192446079,37.75885040482882,TRUE,109
P. vivax,paper_replica,21001,Litoral Ocidental Maranhense,MA,2012,2,110,185387,10.248830824167822,5.660034274091076,4.588796550076746,0.7956329192446079,39.943469606822454,TRUE,109
P. vivax,paper_replica,21001,Litoral Ocidental Maranhense,MA,2012,3,111,185387,2.6970607432020586,5.823097127194799,-3.1260363839927408,0.5394121486404116,36.787908537275975,TRUE,109
P. vivax,paper_replica,21002,Aglomeração Urbana de São Luís,MA,2012,1,109,1345368,0.2973164219752514,0.515023478303222,-0.21770705632797066,0,3.943159046446768,TRUE,109
P. vivax,paper_replica,21002,Aglomeração Urbana de São Luís,MA,2012,2,110,1345368,0.2973164219752514,0.4752390499573773,-0.17792262798212594,0,3.68114894958108,TRUE,109
P. vivax,paper_replica,21002,Aglomeração Urbana de São Luís,MA,2012,3,111,1345368,0.1486582109876257,0.48893162914289595,-0.34027341815527024,0,3.3132198773867025,TRUE,109
P. vivax,paper_replica,21003,Rosário,MA,2012,1,109,165969,0.6025221577523513,3.1519424169505483,-2.549420259198197,0,19.310835155962835,TRUE,109
P. vivax,paper_replica,21003,Rosário,MA,2012,2,110,165969,1.2050443155047026,2.9084681764715126,-1.70342386096681,0,24.703408467846405,TRUE,109
P. vivax,paper_replica,21003,Rosário,MA,2012,3,111,165969,0,2.9922706934370016,-2.9922706934370016,0,19.597033180895213,TRUE,109
P. vivax,paper_replica,21004,Lençóis Maranhenses,MA,2012,1,109,183427,0.5451760100748527,0.9438002405961633,-0.3986242305213106,0,7.37350553626237,TRUE,109
P. vivax,paper_replica,21004,Lençóis Maranhenses,MA,2012,2,110,183427,0.5451760100748527,0.8709120543137844,-0.32573604423893165,0,6.542112120898231,TRUE,109
P. vivax,paper_replica,21004,Lençóis Maranhenses,MA,2012,3,111,183427,0,0.8960198387580105,-0.8960198387580105,0,7.6324641410479375,TRUE,109
P. vivax,paper_replica,21005,Baixada Maranhense,MA,2012,1,109,576587,11.966971159599506,4.1461158586033555,7.820855300996151,1.0406061877912614,26.505106774866533,TRUE,109
P. vivax,paper_replica,21005,Baixada Maranhense,MA,2012,2,110,576587,6.4170714913794455,3.8258178242123484,2.591253667167097,1.2140405524231381,24.31549792138911,TRUE,109
P. vivax,paper_replica,21005,Baixada Maranhense,MA,2012,3,111,576587,5.8967683974838145,3.9360143412739523,1.9607540562098622,0.8671718231593843,27.610750849394773,TRUE,109
P. vivax,paper_replica,21006,Itapecuru Mirim,MA,2012,1,109,218636,0.91476243619532,1.177729805545381,-0.26296736935006104,0,7.31809948956256,TRUE,109
P. vivax,paper_replica,21006,Itapecuru Mirim,MA,2012,2,110,218636,0,1.0867664132796953,-1.0867664132796953,0,7.7983497685650836,TRUE,109
P. vivax,paper_replica,21006,Itapecuru Mirim,MA,2012,3,111,218636,0,1.1180895253430663,-1.1180895253430663,0,9.1476243619532,TRUE,109
P. vivax,paper_replica,21007,Gurupi,MA,2012,1,109,227567,21.971551235460325,26.58934491994308,-4.617793684482756,8.997350230921004,147.780653609706,TRUE,109
P. vivax,paper_replica,21007,Gurupi,MA,2012,2,110,227567,11.864637667148576,24.535238073607122,-12.670600406458545,7.030896395347304,157.0746197823057,TRUE,109
P. vivax,paper_replica,21007,Gurupi,MA,2012,3,111,227567,20.2138271366235,25.241913747567697,-5.028086610944197,6.152034345928891,156.4813878989484,TRUE,109
P. vivax,paper_replica,21008,Pindaré,MA,2012,1,109,634376,15.290616290654121,5.313511748391292,9.977104542262829,1.0955647754643938,32.173348298170154,TRUE,109
P. vivax,paper_replica,21008,Pindaré,MA,2012,2,110,634376,6.935949657616303,4.903026074845146,2.032923582771157,1.1034465364389572,36.6028979658751,TRUE,109
P. vivax,paper_replica,21008,Pindaré,MA,2012,3,111,634376,8.19703141354654,5.04424773621069,3.15278367733585,1.1034465364389572,35.065954575835086,TRUE,109
P. vivax,paper_replica,21009,Imperatriz,MA,2012,1,109,575448,5.73466238478542,1.6843296816908622,4.050332703094558,0.17377764802380058,11.139147238325602,TRUE,109
P. vivax,paper_replica,21009,Imperatriz,MA,2012,2,110,575448,2.432887072333208,1.5542143826967492,0.8786726896364587,0.08254438281130552,11.925491095633296,TRUE,109
P. vivax,paper_replica,21009,Imperatriz,MA,2012,3,111,575448,2.606664720357009,1.5989840153844381,1.007680704972571,0,10.774214177475637,TRUE,109
P. vivax,paper_replica,21010,Médio Mearim,MA,2012,1,109,414136,2.4146657136785983,1.612379762277727,0.8022859514008713,0,12.200098518361113,TRUE,109
P. vivax,paper_replica,21010,Médio Mearim,MA,2012,2,110,414136,2.897598856414318,1.4878243648970715,1.4097744915172465,0,12.683031661096832,TRUE,109
P. vivax,paper_replica,21010,Médio Mearim,MA,2012,3,111,414136,3.3805319991500378,1.530688536226581,1.8498434629234568,0,9.900129426082254,TRUE,109
P. vivax,paper_replica,21011,Alto Mearim e Grajaú,MA,2012,1,109,316734,7.261613846318992,1.5405446559571754,5.721069190361817,0,11.366004281194945,TRUE,109
P. vivax,paper_replica,21011,Alto Mearim e Grajaú,MA,2012,2,110,316734,5.0515574583088645,1.4215415461579466,3.6300159121509177,0,11.050281940050642,TRUE,109
P. vivax,paper_replica,21011,Alto Mearim e Grajaú,MA,2012,3,111,316734,3.472945752587345,1.462496952064801,2.010448800522544,0,10.268869145718483,TRUE,109
P. vivax,paper_replica,21012,Presidente Dutra,MA,2012,1,109,192964,5.700545179411704,1.1559164817339798,4.544628697677725,0,9.328164839037333,TRUE,109
P. vivax,paper_replica,21012,Presidente Dutra,MA,2012,2,110,192964,1.0364627598930372,1.0666342412960295,-0.030171481402992306,0,7.527310793723171,TRUE,109
P. vivax,paper_replica,21012,Presidente Dutra,MA,2012,3,111,192964,0.5182313799465186,1.0973766432163554,-0.5791452632698368,0,7.7734706991977776,TRUE,109
P. vivax,paper_replica,21013,Baixo Parnaíba Maranhense,MA,2012,1,109,141956,1.4088872608413874,0.9421167893147695,0.4667704715266179,0,6.339992673786244,TRUE,109
P. vivax,paper_replica,21013,Baixo Parnaíba Maranhense,MA,2012,2,110,141956,3.522218152103469,0.8693560232798796,2.6528621288235894,0,7.044436304206938,TRUE,109
P. vivax,paper_replica,21013,Baixo Parnaíba Maranhense,MA,2012,3,111,141956,1.4088872608413874,0.8944152984477918,0.5144719623935956,0,9.157767195469019,TRUE,109
P. vivax,paper_replica,21014,Chapadinha,MA,2012,1,109,225548,0.44336460531682836,0.5980932466015833,-0.1547286412847549,0,4.877010658485111,TRUE,109
P. vivax,paper_replica,21014,Chapadinha,MA,2012,2,110,225548,0.44336460531682836,0.551901762663965,-0.10853715734713659,0,4.877010658485111,TRUE,109
P. vivax,paper_replica,21014,Chapadinha,MA,2012,3,111,225548,0.8867292106336567,0.5678103207187988,0.31891888991485795,0,5.763739869118768,TRUE,109
P. vivax,paper_replica,21015,Codó,MA,2012,1,109,267789,1.4937133340055042,1.0419922100438703,0.4517211239616339,0,8.411473212118487,TRUE,109
P. vivax,paper_replica,21015,Codó,MA,2012,2,110,267789,0.37342833350137605,0.9615064068601988,-0.5880780733588228,0,6.917759878112983,TRUE,109
P. vivax,paper_replica,21015,Codó,MA,2012,3,111,267789,0.7468566670027521,0.989218498092467,-0.24236183108971487,0,7.487238086702574,TRUE,109
P. vivax,paper_replica,21016,Coelho Neto,MA,2012,1,109,89087,0,0.13211127751354962,-0.13211127751354962,0,1.1224982320652843,TRUE,109
P. vivax,paper_replica,21016,Coelho Neto,MA,2012,2,110,89087,0,0.12192433991159424,-0.12192433991159424,0,1.1224982320652843,TRUE,109
P. vivax,paper_replica,21016,Coelho Neto,MA,2012,3,111,89087,0,0.12545316661651854,-0.12545316661651854,0,2.2449964641305686,TRUE,109
P. vivax,paper_replica,21017,Caxias,MA,2012,1,109,424136,1.1788671558179453,0.31022621208493006,0.8686409437330153,0,2.5935077427994795,TRUE,109
P. vivax,paper_replica,21017,Caxias,MA,2012,2,110,424136,0.4715468623271781,0.2862663664296544,0.18528049589752366,0,1.8861874493087123,TRUE,109
P. vivax,paper_replica,21017,Caxias,MA,2012,3,111,424136,0.7073202934907671,0.2945180593786557,0.41280223411211137,0,2.8292811739630683,TRUE,109
P. vivax,paper_replica,21018,Chapadas do Alto Itapecuru,MA,2012,1,109,212427,0.47074995174812995,0.2861301837862303,0.18461976796189966,0,2.600893483408407,TRUE,109
P. vivax,paper_replica,21018,Chapadas do Alto Itapecuru,MA,2012,2,110,212427,0,0.2640342801001924,-0.2640342801001924,0,2.35374975874065,TRUE,109
P. vivax,paper_replica,21018,Chapadas do Alto Itapecuru,MA,2012,3,111,212427,0.47074995174812995,0.27165090678611487,0.19909904496201508,0,2.35374975874065,TRUE,109
P. vivax,paper_replica,21019,Porto Franco,MA,2012,1,109,112995,1.7699898225585204,0.6651585618952095,1.1048312606633108,0,5.309969467675561,TRUE,109
P. vivax,paper_replica,21019,Porto Franco,MA,2012,2,110,112995,1.7699898225585204,0.6137911080517248,1.1561987145067958,0,6.194964378954821,TRUE,109
P. vivax,paper_replica,21019,Porto Franco,MA,2012,3,111,112995,0,0.6314900921154616,-0.6314900921154616,0,5.309969467675561,TRUE,109
P. vivax,paper_replica,21020,Gerais de Balsas,MA,2012,1,109,134229,0,0.08399491726063958,-0.08399491726063958,0,1.4899909855545372,TRUE,109
P. vivax,paper_replica,21020,Gerais de Balsas,MA,2012,2,110,134229,0,0.07751734683552362,-0.07751734683552362,0,0.7449954927772686,TRUE,109
P. vivax,paper_replica,21020,Gerais de Balsas,MA,2012,3,111,134229,0,0.07976203256915856,-0.07976203256915856,0,1.4899909855545372,TRUE,109
P. vivax,paper_replica,21021,Chapadas das Mangabeiras,MA,2012,1,109,69548,0,0.044816702822159715,-0.044816702822159715,0,1.4378558693276586,TRUE,109
P. vivax,paper_replica,21021,Chapadas das Mangabeiras,MA,2012,2,110,69548,0,0.0413730414939166,-0.0413730414939166,0,1.4378558693276586,TRUE,109
P. vivax,paper_replica,21021,Chapadas das Mangabeiras,MA,2012,3,111,69548,0,0.042582657391653,-0.042582657391653,0,1.4378558693276586,TRUE,109
P. vivax,paper_replica,51001,Aripuanã,MT,2012,1,109,143796,33.38062254861053,50.348178730208524,-16.967556181597992,13.213163092158336,346.56735931458434,TRUE,109
P. vivax,paper_replica,51001,Aripuanã,MT,2012,2,110,143796,25.730896547887284,46.45858850136442,-20.727691953477134,18.411499624467996,259.8820551336611,TRUE,109
P. vivax,paper_replica,51001,Aripuanã,MT,2012,3,111,143796,15.99488163787588,47.79667250640241,-31.80179086852653,15.99488163787588,267.75779576622404,TRUE,109
P. vivax,paper_replica,51002,Alta Floresta,MT,2012,1,109,100528,13.926468247652394,3.8477433404871153,10.07872490716528,0,28.47465382778916,TRUE,109
P. vivax,paper_replica,51002,Alta Floresta,MT,2012,2,110,100528,11.936972783702053,3.550515713289137,8.386457070412916,0,28.424916441190444,TRUE,109
P. vivax,paper_replica,51002,Alta Floresta,MT,2012,3,111,100528,4.973738659875855,3.6528010272644025,1.3209376326114528,0,26.957663536527043,TRUE,109
P. vivax,paper_replica,51003,Colíder,MT,2012,1,109,145783,22.63638421489474,3.775889735077566,18.860494479817174,0,26.10043695081042,TRUE,109
P. vivax,paper_replica,51003,Colíder,MT,2012,2,110,145783,26.066139398969703,3.484206964728967,22.581932434240738,0,21.62460643559261,FALSE,109
P. vivax,paper_replica,51003,Colíder,MT,2012,3,111,145783,16.46282488355981,3.5845827979040243,12.878242085655787,0,24.694237325339714,TRUE,109
P. vivax,paper_replica,51004,Parecis,MT,2012,1,109,93467,4.279585308183637,1.8163451514074598,2.463240156776177,0,12.83875592455091,TRUE,109
P. vivax,paper_replica,51004,Parecis,MT,2012,2,110,93467,1.0698963270459092,1.6760689227003807,-0.6061725956544715,0,13.90865225159682,TRUE,109
P. vivax,paper_replica,51004,Parecis,MT,2012,3,111,93467,3.2096889811377274,1.7243849951495724,1.485303985988155,0,11.768859597505003,TRUE,109
P. vivax,paper_replica,51005,Arinos,MT,2012,1,109,76872,1.3008637735456343,0.6809545594300729,0.6199092141155614,0,5.886408575293966,TRUE,109
P. vivax,paper_replica,51005,Arinos,MT,2012,2,110,76872,2.6017275470912686,0.6283748715463309,1.9733526755449378,0,5.886408575293966,TRUE,109
P. vivax,paper_replica,51005,Arinos,MT,2012,3,111,76872,0,0.6465063468660609,-0.6465063468660609,0,6.504318867728172,TRUE,109
P. vivax,paper_replica,51006,Alto Teles Pires,MT,2012,1,109,204751,2.4419905153088384,1.9149951054966585,0.5269954098121798,0,14.651943091853031,TRUE,109
P. vivax,paper_replica,51006,Alto Teles Pires,MT,2012,2,110,204751,0.9767962061235353,1.7670822791334042,-0.7902860730098689,0,14.676362997006098,TRUE,109
P. vivax,paper_replica,51006,Alto Teles Pires,MT,2012,3,111,204751,0.4883981030617677,1.8180027837522765,-1.3296046806905089,0,13.748406601188695,TRUE,109
P. vivax,paper_replica,51007,Sinop,MT,2012,1,109,179412,2.7868815909749625,4.3355809149264894,-1.548699323951527,0,27.604062158606993,TRUE,109
P. vivax,paper_replica,51007,Sinop,MT,2012,2,110,179412,0.5573763181949926,4.000667858602599,-3.443291540407606,0.5573763181949926,27.896684725659348,TRUE,109
P. vivax,paper_replica,51007,Sinop,MT,2012,3,111,179412,2.2295052727799702,4.1159277171257544,-1.8864224443457842,0,29.27619111319197,TRUE,109
P. vivax,paper_replica,51008,Paranatinga,MT,2012,1,109,33544,0,2.2423706382473134,-2.2423706382473134,0,16.470903887431366,TRUE,109
P. vivax,paper_replica,51008,Paranatinga,MT,2012,2,110,33544,0,2.0692228900927625,-2.0692228900927625,0,20.868113522537563,TRUE,109
P. vivax,paper_replica,51008,Paranatinga,MT,2012,3,111,33544,0,2.1288977977985217,-2.1288977977985217,0,19.452062962079587,TRUE,109
P. vivax,paper_replica,51009,Norte Araguaia,MT,2012,1,109,115959,0.8623737700394105,0.8596060834197772,0.002767686619633336,0,7.761363930354694,TRUE,109
P. vivax,paper_replica,51009,Norte Araguaia,MT,2012,2,110,115959,0,0.7932237810332803,-0.7932237810332803,0,6.489362619546545,TRUE,109
P. vivax,paper_replica,51009,Norte Araguaia,MT,2012,3,111,115959,0,0.8160991616154187,-0.8160991616154187,0,8.214110159625365,TRUE,109
P. vivax,paper_replica,51010,Canarana,MT,2012,1,109,102483,0,0.619906875586666,-0.619906875586666,0,7.806172731087107,TRUE,109
P. vivax,paper_replica,51010,Canarana,MT,2012,2,110,102483,0,0.5720438708455683,-0.5720438708455683,0,5.85462954831533,TRUE,109
P. vivax,paper_replica,51010,Canarana,MT,2012,3,111,102483,0,0.5885423204341176,-0.5885423204341176,0,5.85462954831533,TRUE,109
P. vivax,paper_replica,51011,Médio Araguaia,MT,2012,1,109,65908,0,0.1339120889791848,-0.1339120889791848,0,1.5172664926867756,TRUE,109
P. vivax,paper_replica,51011,Médio Araguaia,MT,2012,2,110,65908,0,0.12359016350110771,-0.12359016350110771,0,1.5172664926867756,TRUE,109
P. vivax,paper_replica,51011,Médio Araguaia,MT,2012,3,111,65908,0,0.12717188963372902,-0.12717188963372902,0,1.5172664926867756,TRUE,109
P. vivax,paper_replica,51012,Alto Guaporé,MT,2012,1,109,69039,4.345370008256203,1.9379067739550886,2.4074632343011144,0,15.933023363606079,TRUE,109
P. vivax,paper_replica,51012,Alto Guaporé,MT,2012,2,110,69039,2.896913338837469,1.7882397701596324,1.1086735686778364,0,15.933023363606079,TRUE,109
P. vivax,paper_replica,51012,Alto Guaporé,MT,2012,3,111,69039,0,1.8397850552590436,-1.8397850552590436,0,18.141919784469614,TRUE,109
P. vivax,paper_replica,51013,Tangará da Serra,MT,2012,1,109,149801,1.335104572065607,0.3294046865707935,1.0056998854948134,0,2.670209144131214,TRUE,109
P. vivax,paper_replica,51013,Tangará da Serra,MT,2012,2,110,149801,1.335104572065607,0.3039720266474642,1.0311325454181428,0,3.0206740942984207,TRUE,109
P. vivax,paper_replica,51013,Tangará da Serra,MT,2012,3,111,149801,0.6675522860328035,0.31274189289315685,0.35481039313964663,0,3.3377614301640177,TRUE,109
P. vivax,paper_replica,51014,Jauru,MT,2012,1,109,107679,4.643430938251655,0.26125673331459454,4.382174204937061,0,2.786058562950993,FALSE,109
P. vivax,paper_replica,51014,Jauru,MT,2012,2,110,107679,0,0.2410895446317054,-0.2410895446317054,0,2.786058562950993,TRUE,109
P. vivax,paper_replica,51014,Jauru,MT,2012,3,111,107679,0,0.2480513939745468,-0.2480513939745468,0,2.786058562950993,TRUE,109
P. vivax,paper_replica,51015,Alto Paraguai,MT,2012,1,109,32743,0,0.31889041150058517,-0.31889041150058517,0,3.0540878966496656,TRUE,109
P. vivax,paper_replica,51015,Alto Paraguai,MT,2012,2,110,32743,0,0.2943025891060688,-0.2943025891060688,0,3.0540878966496656,TRUE,109
P. vivax,paper_replica,51015,Alto Paraguai,MT,2012,3,111,32743,3.0540878966496656,0.30282826037845895,2.7512596362712065,0,6.108175793299331,TRUE,109
P. vivax,paper_replica,51016,Rosário Oeste,MT,2012,1,109,30778,0,0.24049781592906902,-0.24049781592906902,0,3.2490740139060366,TRUE,109
P. vivax,paper_replica,51016,Rosário Oeste,MT,2012,2,110,30778,0,0.22196108783344426,-0.22196108783344426,0,3.2490740139060366,TRUE,109
P. vivax,paper_replica,51016,Rosário Oeste,MT,2012,3,111,30778,0,0.22839553378794236,-0.22839553378794236,0,3.2490740139060366,TRUE,109
P. vivax,paper_replica,51017,Cuiabá,MT,2012,1,109,868141,1.2670752792461133,0.28384790885662087,0.9832273703894925,0,1.9582072497439933,TRUE,109
P. vivax,paper_replica,51017,Cuiabá,MT,2012,2,110,868141,0.5759433087482333,0.2619221198783891,0.3140211888698442,0,1.9582072497439933,TRUE,109
P. vivax,paper_replica,51017,Cuiabá,MT,2012,3,111,868141,1.0366979557468199,0.2694694816107082,0.7672284741361117,0,1.8430185879943464,TRUE,109
P. vivax,paper_replica,51018,Alto Pantanal,MT,2012,1,109,133324,0,0.20367783093253242,-0.20367783093253242,0,2.250157511025772,TRUE,109
P. vivax,paper_replica,51018,Alto Pantanal,MT,2012,2,110,133324,0,0.18795929149770121,-0.18795929149770121,0,1.8938825717800079,TRUE,109
P. vivax,paper_replica,51018,Alto Pantanal,MT,2012,3,111,133324,0,0.1933881410625887,-0.1933881410625887,0,2.250157511025772,TRUE,109
P. vivax,paper_replica,51019,Primavera do Leste,MT,2012,1,109,87669,0,0.2811440521240354,-0.2811440521240354,0,3.421962153098587,TRUE,109
P. vivax,paper_replica,51019,Primavera do Leste,MT,2012,2,110,87669,1.1406540510328622,0.25944932143740185,0.8812047295954604,0,2.880151478857951,TRUE,109
P. vivax,paper_replica,51019,Primavera do Leste,MT,2012,3,111,87669,1.1406540510328622,0.26694450298602723,0.873709548046835,0,2.2813081020657244,TRUE,109
P. vivax,paper_replica,51020,Tesouro,MT,2012,1,109,54567,0,0.06610808779574943,-0.06610808779574943,0,1.8326094525995564,TRUE,109
P. vivax,paper_replica,51020,Tesouro,MT,2012,2,110,54567,0,0.06102372544578062,-0.06102372544578062,0,1.8326094525995564,TRUE,109
P. vivax,paper_replica,51020,Tesouro,MT,2012,3,111,54567,0,0.06280384654681392,-0.06280384654681392,0,1.8326094525995564,TRUE,109
P. vivax,paper_replica,51021,Rondonópolis,MT,2012,1,109,283538,0.35268641240327575,0.1910214967573274,0.16166491564594834,0,1.9485924285280904,TRUE,109
P. vivax,paper_replica,51021,Rondonópolis,MT,2012,2,110,283538,0,0.17627300065915358,-0.17627300065915358,0,1.7634320620163788,TRUE,109
P. vivax,paper_replica,51021,Rondonópolis,MT,2012,3,111,283538,0,0.1813573819785881,-0.1813573819785881,0,1.410745649613103,TRUE,109
P. vivax,paper_replica,51022,Alto Araguaia,MT,2012,1,109,35554,0,0.019303059721877562,-0.019303059721877562,0,0,TRUE,109
P. vivax,paper_replica,51022,Alto Araguaia,MT,2012,2,110,35554,0,0.017839606344205658,-0.017839606344205658,0,0,TRUE,109
P. vivax,paper_replica,51022,Alto Araguaia,MT,2012,3,111,35554,2.8126230522585365,0.01838009642794641,2.79424295583059,0,0,FALSE,109
P. vivax,paper_replica,11001,Porto Velho,RO,2013,1,121,613757,233.80588734629504,151.07231882565966,82.73356852063537,50.964795513533865,940.2418220891979,TRUE,121
P. vivax,paper_replica,11001,Porto Velho,RO,2013,2,122,613757,167.16713617930225,139.6315749676082,27.535561211694045,51.39248920989903,902.0996909200219,TRUE,121
P. vivax,paper_replica,11001,Porto Velho,RO,2013,3,123,613757,164.56024126812403,142.805141598761,21.755099669363034,45.262212895331544,867.4198420547541,TRUE,121
P. vivax,paper_replica,11002,Guajará-Mirim,RO,2013,1,121,79879,95.14390515654928,56.466184164812766,38.677720991736514,23.12873220746379,387.6801161757156,TRUE,121
P. vivax,paper_replica,11002,Guajará-Mirim,RO,2013,2,122,79879,71.35792886741197,52.190039941146665,19.167888926265306,12.518934889019643,448.8351131085767,TRUE,121
P. vivax,paper_replica,11002,Guajará-Mirim,RO,2013,3,123,79879,76.36550282301981,53.376296196709355,22.989206626310455,14.365477785150041,343.1440053080283,TRUE,121
P. vivax,paper_replica,11003,Ariquemes,RO,2013,1,121,192354,86.81909396217391,110.60074530480699,-23.781651342633083,42.083866205017834,821.7921124593195,TRUE,121
P. vivax,paper_replica,11003,Ariquemes,RO,2013,2,122,192354,54.586855485199166,102.2249488492389,-47.63809336403973,37.353005396300574,655.0682595630934,TRUE,121
P. vivax,paper_replica,11003,Ariquemes,RO,2013,3,123,192354,58.22597918421244,104.54836253132622,-46.32238334711378,38.44474250600456,688.2232758351773,TRUE,121
P. vivax,paper_replica,11004,Ji-Paraná,RO,2013,1,121,315964,14.875112354572039,15.415657711738938,-0.5405453571668986,3.1649175222493704,87.79481206719741,TRUE,121
P. vivax,paper_replica,11004,Ji-Paraná,RO,2013,2,122,315964,8.228785557848362,14.248238436866831,-6.01945287901847,4.565393525844717,87.39919737691632,TRUE,121
P. vivax,paper_replica,11004,Ji-Paraná,RO,2013,3,123,315964,8.861769062298237,14.572090504520407,-5.71032144222217,4.114392778924181,102.44838019521191,TRUE,121
P. vivax,paper_replica,11005,Alvorada D'Oeste,RO,2013,1,121,74999,6.666755556740757,9.236803649346724,-2.5700480926059672,0,62.66750223336311,TRUE,121
P. vivax,paper_replica,11005,Alvorada D'Oeste,RO,2013,2,122,74999,4.000053334044454,8.53733807678097,-4.5372847427365155,0,58.034107121428256,TRUE,121
P. vivax,paper_replica,11005,Alvorada D'Oeste,RO,2013,3,123,74999,6.666755556740757,8.731428103058056,-2.064672546317299,0,60.700809344124565,TRUE,121
P. vivax,paper_replica,11006,Cacoal,RO,2013,1,121,246464,12.577901843676967,7.357292853281871,5.220608990395096,0.7911905998441975,52.55331407426641,TRUE,121
P. vivax,paper_replica,11006,Cacoal,RO,2013,2,122,246464,7.709036613866528,6.800140535393778,0.9088960784727496,0.8114775383017399,43.819787068293955,TRUE,121
P. vivax,paper_replica,11006,Cacoal,RO,2013,3,123,246464,5.274603998961309,6.954715935411377,-1.6801119364500678,0.8114775383017399,50.79849389768883,TRUE,121
P. vivax,paper_replica,11007,Vilhena,RO,2013,1,121,149595,6.68471539824192,4.422237085714583,2.262478312527337,0,28.10922824960724,TRUE,121
P. vivax,paper_replica,11007,Vilhena,RO,2013,2,122,149595,1.336943079648384,4.087367100789308,-2.750424021140924,0,36.515257862896405,TRUE,121
P. vivax,paper_replica,11007,Vilhena,RO,2013,3,123,149595,3.34235769912096,4.180292048142801,-0.8379343490218414,0,32.1200574885524,TRUE,121
P. vivax,paper_replica,11008,Colorado do Oeste,RO,2013,1,121,55202,10.869171406833086,4.659655446245156,6.20951596058793,0,45.28821419513786,TRUE,121
P. vivax,paper_replica,11008,Colorado do Oeste,RO,2013,2,122,55202,3.623057135611029,4.306819568474058,-0.6837624328630292,0,37.18162385420814,TRUE,121
P. vivax,paper_replica,11008,Colorado do Oeste,RO,2013,3,123,55202,5.434585703416543,4.404755475549574,1.0298302278669693,0,32.607514220499255,TRUE,121
P. vivax,paper_replica,12001,Cruzeiro do Sul,AC,2013,1,121,138755,1669.1290403949406,329.47549553045076,1339.65354486449,129.0043602032359,2138.283305106118,TRUE,121
P. vivax,paper_replica,12001,Cruzeiro do Sul,AC,2013,2,122,138755,1491.11743720947,304.52425261923287,1186.5931845902371,116.30211523909048,1838.9967929083627,TRUE,121
P. vivax,paper_replica,12001,Cruzeiro do Sul,AC,2013,3,123,138755,1169.6875788259883,311.44556395810645,858.2420148678818,97.293791214731,1882.8690857987099,TRUE,121
P. vivax,paper_replica,12002,Tarauacá,AC,2013,1,121,77129,111.50151045650793,31.086704886372832,80.4148055701351,4.505438939957735,192.63182460553088,TRUE,121
P. vivax,paper_replica,12002,Tarauacá,AC,2013,2,122,77129,75.1986930985751,28.7325431506576,46.4661499479175,5.186116765418974,196.58623863916284,TRUE,121
P. vivax,paper_replica,12002,Tarauacá,AC,2013,3,123,77129,53.15769684554448,29.38563088637367,23.77206595917081,5.186116765418974,240.53857822608873,TRUE,121
P. vivax,paper_replica,12003,Sena Madureira,AC,2013,1,121,54071,1.8494202067651793,0.9659904813496231,0.8834297254155562,0,9.247101033825896,TRUE,121
P. vivax,paper_replica,12003,Sena Madureira,AC,2013,2,122,54071,3.6988404135303585,0.8928730364085271,2.8059673771218314,0,10.218046642377573,TRUE,121
P. vivax,paper_replica,12003,Sena Madureira,AC,2013,3,123,54071,1.8494202067651793,0.9131990877477509,0.9362211190174283,0,9.247101033825896,TRUE,121
P. vivax,paper_replica,12004,Rio Branco,AC,2013,1,121,444009,19.14375609503411,13.115309497677712,6.028446597356398,4.053971878948399,87.56016206878684,TRUE,121
P. vivax,paper_replica,12004,Rio Branco,AC,2013,2,122,444009,20.495080054683577,12.12209364017476,8.372986414508816,3.367048866126588,88.64685175300488,TRUE,121
P. vivax,paper_replica,12004,Rio Branco,AC,2013,3,123,444009,14.188901576319399,12.397619941145472,1.7912816351739274,3.4852897125959164,87.54327051929114,TRUE,121
P. vivax,paper_replica,12005,Brasiléia,AC,2013,1,121,62499,11.200179202867247,2.620402409820608,8.579776793046639,0,26.440423046768714,TRUE,121
P. vivax,paper_replica,12005,Brasiléia,AC,2013,2,122,62499,4.800076801228819,2.4219994889052554,2.3780773123235637,0,19.200307204915276,TRUE,121
P. vivax,paper_replica,12005,Brasiléia,AC,2013,3,123,62499,3.200051200819213,2.4770889495796244,0.7229622512395886,0,24.0003840061441,TRUE,121
P. vivax,paper_replica,13001,Rio Negro,AM,2013,1,121,106390,831.8450982235173,175.0942155888489,656.7508826346684,61.54243819907886,1102.2417520443641,TRUE,121
P. vivax,paper_replica,13001,Rio Negro,AM,2013,2,122,106390,990.6946141554656,161.83431334505417,828.8603008104114,54.915875552213564,940.666416016541,FALSE,121
P. vivax,paper_replica,13001,Rio Negro,AM,2013,3,123,106390,887.3014381050851,165.51257020798585,721.7888678970993,52.143058558135166,1038.0909859949238,TRUE,121
P. vivax,paper_replica,13002,Japurá,AM,2013,1,121,24393,159.8819333415324,42.600247066402424,117.28168627512997,0,266.6748657401712,TRUE,121
P. vivax,paper_replica,13002,Japurá,AM,2013,2,122,24393,135.2847128274505,39.37425052504539,95.91046230240511,0,237.97810847374228,TRUE,121
P. vivax,paper_replica,13002,Japurá,AM,2013,3,123,24393,131.1851760751035,40.269398011323645,90.91577806377985,0,268.82712253515325,TRUE,121
P. vivax,paper_replica,13003,Alto Solimões,AM,2013,1,121,240175,286.4577911939211,52.757057523099284,233.7007336708218,15.603205995628187,291.12105756219376,TRUE,121
P. vivax,paper_replica,13003,Alto Solimões,AM,2013,2,122,240175,341.41771624856875,48.76180260650359,292.6559136420652,18.29915686478609,275.8925783283022,FALSE,121
P. vivax,paper_replica,13003,Alto Solimões,AM,2013,3,123,240175,543.7701675861351,49.87010082002493,493.90006676611017,14.770479858436559,398.5115020297697,FALSE,121
P. vivax,paper_replica,13004,Juruá,AM,2013,1,121,139876,571.2202236266407,76.0090229389859,495.21120068765487,20.321570533901458,412.2043810231919,FALSE,121
P. vivax,paper_replica,13004,Juruá,AM,2013,2,122,139876,514.7416282993509,70.25289190628375,444.4887363930671,21.787154336698222,428.9692298893302,FALSE,121
P. vivax,paper_replica,13004,Juruá,AM,2013,3,123,139876,993.7373101890246,71.8496812583739,921.8876289306506,22.502073264891763,539.692298893305,FALSE,121
P. vivax,paper_replica,13005,Tefé,AM,2013,1,121,90852,157.39884647558668,103.46375275284714,53.93509372273954,36.845639061330516,598.2532030114912,TRUE,121
P. vivax,paper_replica,13005,Tefé,AM,2013,2,122,90852,112.27050587769118,95.62849361470899,16.642012262982192,32.965702461145604,564.2968784396598,TRUE,121
P. vivax,paper_replica,13005,Tefé,AM,2013,3,123,90852,186.01681856205695,97.80203457922856,88.2147839828284,35.74494782723551,674.3384845683082,TRUE,121
P. vivax,paper_replica,13006,Coari,AM,2013,1,121,166344,85.9664310104362,60.12869174483046,25.837739265605734,16.80252969749435,392.0339777809836,TRUE,121
P. vivax,paper_replica,13006,Coari,AM,2013,2,122,166344,62.52104073486269,55.575180227344454,6.945860507518233,20.725123839753763,383.8581493771942,TRUE,121
P. vivax,paper_replica,13006,Coari,AM,2013,3,123,166344,55.30707449622469,56.83835125414175,-1.5312767579170554,18.29041023421344,400.66067907468806,TRUE,121
P. vivax,paper_replica,13007,Manaus,AM,2013,1,121,2242712,52.39192549021007,40.98031173917606,11.411613751034011,18.234619514230985,284.8716197175562,TRUE,121
P. vivax,paper_replica,13007,Manaus,AM,2013,2,122,2242712,38.79231929913426,37.876864307906736,0.9154549912275272,15.898162581731405,247.98547472881035,TRUE,121
P. vivax,paper_replica,13007,Manaus,AM,2013,3,123,2242712,27.332979000424487,38.73773510746442,-11.40475610703993,12.926314212435658,204.13454781532315,TRUE,121
P. vivax,paper_replica,13008,Rio Preto da Eva,AM,2013,1,121,59977,498.5244343665072,156.44427695280444,342.08015741370275,53.353785617820165,975.6656718408698,TRUE,121
P. vivax,paper_replica,13008,Rio Preto da Eva,AM,2013,2,122,59977,301.78234990079534,144.5967669778274,157.18558292296794,33.97135568634644,938.5681177784811,TRUE,121
P. vivax,paper_replica,13008,Rio Preto da Eva,AM,2013,3,123,59977,248.42856428297515,147.8832479711757,100.54531631179944,52.47845007252781,1192.1236473981692,TRUE,121
P. vivax,paper_replica,13009,Itacoatiara,AM,2013,1,121,165918,12.05414722935426,29.834988853385358,-17.780841624031098,7.51877433430972,220.65116503332968,TRUE,121
P. vivax,paper_replica,13009,Itacoatiara,AM,2013,2,122,165918,9.643317783483408,27.575612792547386,-17.932295009063978,8.121481695777433,191.84175315517285,TRUE,121
P. vivax,paper_replica,13009,Itacoatiara,AM,2013,3,123,165918,7.835195699080268,28.20238253251124,-20.36718683343097,7.232488337612555,190.03363107076973,TRUE,121
P. vivax,paper_replica,13010,Parintins,AM,2013,1,121,262719,12.560949150994027,7.414311789659865,5.146637361334162,1.9031741137869738,50.44362988592373,TRUE,121
P. vivax,paper_replica,13010,Parintins,AM,2013,2,122,262719,7.993331277905291,6.852839151143638,1.1404921267616528,1.1419044682721842,50.68152665014706,TRUE,121
P. vivax,paper_replica,13010,Parintins,AM,2013,3,123,262719,18.270471492354947,7.008614534464123,11.261856957890824,1.9031741137869738,51.49989151907541,TRUE,121
P. vivax,paper_replica,13011,Boca do Acre,AM,2013,1,121,51941,80.86097687761114,55.948840037298545,24.91213684031259,13.476829479601856,336.00623784678766,TRUE,121
P. vivax,paper_replica,13011,Boca do Acre,AM,2013,2,122,51941,63.53362468955161,51.71189329548805,11.821731394063555,11.55156812537302,405.0749889297465,TRUE,121
P. vivax,paper_replica,13011,Boca do Acre,AM,2013,3,123,51941,125.14198802487438,52.88732888911939,72.25465913575499,11.55156812537302,476.839105908625,TRUE,121
P. vivax,paper_replica,13012,Purus,AM,2013,1,121,74737,385.35129855359463,126.62794868429903,258.7233498692956,32.74817025034454,800.741266039577,TRUE,121
P. vivax,paper_replica,13012,Purus,AM,2013,2,122,74737,351.90066499859506,117.03847596650351,234.86218903209155,41.41188434108942,775.486037705554,TRUE,121
P. vivax,paper_replica,13012,Purus,AM,2013,3,123,74737,382.67524786919466,119.6987009002207,262.97654696897393,40.07385899888945,865.7692976704966,TRUE,121
P. vivax,paper_replica,13013,Madeira,AM,2013,1,121,181887,98.96254267759653,106.65537623210544,-7.692833554508908,44.505654609730215,622.0620495142587,TRUE,121
P. vivax,paper_replica,13013,Madeira,AM,2013,2,122,181887,83.0185774684282,98.57837768195714,-15.55980021352893,38.19679251403343,718.5780182201017,TRUE,121
P. vivax,paper_replica,13013,Madeira,AM,2013,3,123,181887,63.226068932908895,100.81892589898632,-37.59285696607743,35.65400495912298,792.0027269678424,TRUE,121
P. vivax,paper_replica,14001,Boa Vista,RR,2013,1,121,347279,149.44756233460703,34.91656083310867,114.53100150149837,12.230800019580798,251.90120911428545,TRUE,121
P. vivax,paper_replica,14001,Boa Vista,RR,2013,2,122,347279,110.86187186671236,32.272335314913725,78.58953655179863,12.806705847459824,225.8702656941536,TRUE,121
P. vivax,paper_replica,14001,Boa Vista,RR,2013,3,123,347279,119.78841219883725,33.00584005689839,86.78257214193886,12.504355287823337,222.31404720700073,TRUE,121
P. vivax,paper_replica,14002,Nordeste de Roraima,RR,2013,1,121,45799,137.5575885936374,141.54998550446828,-3.9923969108308768,44.70621629293217,1006.6813685888337,TRUE,121
P. vivax,paper_replica,14002,Nordeste de Roraima,RR,2013,2,122,45799,100.43887421122733,130.8305123463591,-30.391638135131757,38.15585493133038,830.585820651105,TRUE,121
P. vivax,paper_replica,14002,Nordeste de Roraima,RR,2013,3,123,45799,128.82377344483504,133.80413312652166,-4.980359681686622,40.33930871853097,770.0495644009691,TRUE,121
P. vivax,paper_replica,14003,Caracaraí,RR,2013,1,121,45348,205.08070918232335,133.23313944570114,71.8475697366222,31.919820058216462,917.2951398077083,TRUE,121
P. vivax,paper_replica,14003,Caracaraí,RR,2013,2,122,45348,110.25844579694805,123.14344256205722,-12.884996765109165,41.89820940284026,837.9641880568032,TRUE,121
P. vivax,paper_replica,14003,Caracaraí,RR,2013,3,123,45348,121.28429037664284,125.94235447567982,-4.658064099036977,40.74049572197231,907.5923965775778,TRUE,121
P. vivax,paper_replica,14004,Sudeste de Roraima,RR,2013,1,121,49646,338.3958425653628,105.29900239658386,233.09684016877893,34.24243645006647,690.9922249526649,TRUE,121
P. vivax,paper_replica,14004,Sudeste de Roraima,RR,2013,2,122,49646,308.18192805059823,97.32476910832958,210.85715894226865,29.15642750674778,590.2791765701163,TRUE,121
P. vivax,paper_replica,14004,Sudeste de Roraima,RR,2013,3,123,49646,350.48140837126857,99.53687324629075,250.94453512497782,28.09894049873102,605.0839946823503,TRUE,121
P. vivax,paper_replica,15001,Óbidos,PA,2013,1,121,193769,4.12862738621761,7.1489037684214916,-3.020276382203882,0.5160784232772012,47.55662670499402,TRUE,121
P. vivax,paper_replica,15001,Óbidos,PA,2013,2,122,193769,5.160784232772012,6.607541142132431,-1.4467569093604187,0.5160784232772012,48.53717570922075,TRUE,121
P. vivax,paper_replica,15001,Óbidos,PA,2013,3,123,193769,5.676862656049213,6.757746912193002,-1.080884256143789,0.2451372510566713,45.7374502629419,TRUE,121
P. vivax,paper_replica,15002,Santarém,PA,2013,1,121,499965,16.801176082325764,12.281833373359571,4.519342708966192,2.8001960137209605,73.73016111127777,TRUE,121
P. vivax,paper_replica,15002,Santarém,PA,2013,2,122,499965,18.201274089186242,11.351738219841593,6.849535869344649,3.4952446671266992,77.04539317752239,TRUE,121
P. vivax,paper_replica,15002,Santarém,PA,2013,3,123,499965,13.600952066644664,11.609750687751507,1.991201378893157,3.9902793195523696,80.81565709599671,TRUE,121
P. vivax,paper_replica,15003,Almeirim,PA,2013,1,121,70403,31.24866838060878,22.020169465226953,9.228498915381827,4.261182051901198,168.35220090052977,TRUE,121
P. vivax,paper_replica,15003,Almeirim,PA,2013,2,122,70403,51.13418462281437,20.35264217480089,30.781542448013475,1.4203940173003993,130.001562433419,TRUE,121
P. vivax,paper_replica,15003,Almeirim,PA,2013,3,123,70403,72.44009488232035,20.815257654675317,51.62483722764503,4.93586921011889,147.0462906410238,TRUE,121
P. vivax,paper_replica,15004,Portel,PA,2013,1,121,139347,42.34034460734713,31.218029442441914,11.122315164905213,6.08193933130961,211.00203090127488,TRUE,121
P. vivax,paper_replica,15004,Portel,PA,2013,2,122,139347,68.17513114742334,28.853952254929357,39.32117889249399,7.893962553912176,211.61201891680457,TRUE,121
P. vivax,paper_replica,15004,Portel,PA,2013,3,123,139347,71.04566298520959,29.50980739051899,41.5358555946906,8.234838209649293,172.6086675708842,TRUE,121
P. vivax,paper_replica,15005,Furos de Breves,PA,2013,1,121,214867,282.0349332377703,137.5736575674435,144.4612756703268,50.36836740867607,892.0634625140195,TRUE,121
P. vivax,paper_replica,15005,Furos de Breves,PA,2013,2,122,214867,221.53238980392524,127.155223088283,94.37716671564225,46.93601157925602,790.9078639344336,TRUE,121
P. vivax,paper_replica,15005,Furos de Breves,PA,2013,3,123,214867,160.56444218981974,130.04525370822012,30.519188481599627,43.48038554082293,958.8955027994057,TRUE,121
P. vivax,paper_replica,15006,Arari,PA,2013,1,121,162836,23.3363629664202,12.157079377280763,11.179283589139438,1.2282296298115896,85.13166621631572,TRUE,121
P. vivax,paper_replica,15006,Arari,PA,2013,2,122,162836,15.966985187550664,11.23648358563009,4.730501601920574,1.2282296298115896,104.7526345525559,TRUE,121
P. vivax,paper_replica,15006,Arari,PA,2013,3,123,162836,12.896411113021689,11.491914331677245,1.4044967813444433,3.070574074528974,101.48247316318245,TRUE,121
P. vivax,paper_replica,15007,Belém,PA,2013,1,121,2222335,1.5299223564404107,1.1314999643807013,0.3984223920597094,0.2699862981953666,7.7441069865704275,TRUE,121
P. vivax,paper_replica,15007,Belém,PA,2013,2,122,2222335,1.3049337746109384,1.0458132064407581,0.25912056817018025,0.314984014561261,8.136712061862848,TRUE,121
P. vivax,paper_replica,15007,Belém,PA,2013,3,123,2222335,0.9449520436837829,1.0695848944228312,-0.12463285073904828,0.1799908654635777,6.799154942886645,TRUE,121
P. vivax,paper_replica,15008,Castanhal,PA,2013,1,121,314158,0.9549335047969493,1.5814579817324559,-0.6265244769355066,0,11.626315420902852,TRUE,121
P. vivax,paper_replica,15008,Castanhal,PA,2013,2,122,314158,0.6366223365312995,1.4617048188884914,-0.8250824823571918,0,13.066673457304908,TRUE,121
P. vivax,paper_replica,15008,Castanhal,PA,2013,3,123,314158,1.273244673062599,1.4949375036355814,-0.2216928305729824,0,10.185957384500792,TRUE,121
P. vivax,paper_replica,15009,Salgado,PA,2013,1,121,256020,10.155456604952738,8.532848902480923,1.6226077024718144,2.7341613936411218,62.309585188657124,TRUE,121
P. vivax,paper_replica,15009,Salgado,PA,2013,2,122,256020,14.842590422623232,7.88667347449398,6.955916948129252,1.3573158347004146,59.46801031169431,TRUE,121
P. vivax,paper_replica,15009,Salgado,PA,2013,3,123,256020,25.77923599718772,8.065950707846797,17.713285289340924,1.1717834544176238,52.84743379423472,TRUE,121
P. vivax,paper_replica,15010,Bragantina,PA,2013,1,121,397869,0.7540170257044404,5.475080977956525,-4.721063952252084,1.1247420633424572,39.975469312763735,FALSE,121
P. vivax,paper_replica,15010,Bragantina,PA,2013,2,122,397869,1.0053560342725871,5.0604660710877125,-4.055110036815125,1.256695042840734,35.225162050825745,FALSE,121
P. vivax,paper_replica,15010,Bragantina,PA,2013,3,123,397869,0.7540170257044404,5.175501272707526,-4.421484247003085,1.6274200804787509,34.18210516526796,FALSE,121
P. vivax,paper_replica,15011,Cametá,PA,2013,1,121,460628,15.413739503460492,6.980982979345422,8.43275652411507,1.8398794688989817,48.580416301223494,TRUE,121
P. vivax,paper_replica,15011,Cametá,PA,2013,2,122,460628,14.54535981312469,6.45232960652299,8.0930302066017,1.3025695355037037,44.50988650277437,TRUE,121
P. vivax,paper_replica,15011,Cametá,PA,2013,3,123,460628,8.900891825941976,6.598997878146199,2.3018939477957767,1.736759380671605,39.18563352640299,TRUE,121
P. vivax,paper_replica,15012,Tomé-Açu,PA,2013,1,121,308695,11.661996469006626,11.56434357077567,0.09765289823095635,2.745428335411977,86.43645021785247,TRUE,121
P. vivax,paper_replica,15012,Tomé-Açu,PA,2013,2,122,308695,6.154942580864608,10.688581199228159,-4.53363861836355,2.0975396426893864,66.38429517808828,TRUE,121
P. vivax,paper_replica,15012,Tomé-Açu,PA,2013,3,123,308695,4.211276502696837,10.93152810138024,-6.720251598683403,2.899301899933592,80.29770485430592,TRUE,121
P. vivax,paper_replica,15013,Guamá,PA,2013,1,121,450804,3.1055625061002123,19.679119469134008,-16.573556963033795,4.214691972564573,107.35264105908536,FALSE,121
P. vivax,paper_replica,15013,Guamá,PA,2013,2,122,450804,1.5527812530501062,18.188831781870697,-16.63605052882059,5.196271550385534,123.24092066618752,FALSE,121
P. vivax,paper_replica,15013,Guamá,PA,2013,3,123,450804,0.6654776798786168,18.60224681004781,-17.936769130169193,6.094666418221667,154.19117842787531,FALSE,121
P. vivax,paper_replica,15014,Itaituba,PA,2013,1,121,212956,652.2474126110558,90.22232253373498,562.0250900773208,30.4992580626984,613.7418058190424,FALSE,121
P. vivax,paper_replica,15014,Itaituba,PA,2013,2,122,212956,537.6697533762842,83.3897776231855,454.2799757530987,25.08734198613798,613.9531170758272,TRUE,121
P. vivax,paper_replica,15014,Itaituba,PA,2013,3,123,212956,486.4854711771446,85.28508848331764,401.20038269382695,32.154529574184345,569.9064595503294,TRUE,121
P. vivax,paper_replica,15015,Altamira,PA,2013,1,121,287193,112.11972436654096,72.10859561888253,40.01112874765843,29.06581984936959,463.6603259828754,TRUE,121
P. vivax,paper_replica,15015,Altamira,PA,2013,2,122,287193,68.94318454836991,66.64780716503724,2.295377383332678,20.857054315390698,436.03082247826336,TRUE,121
P. vivax,paper_replica,15015,Altamira,PA,2013,3,123,287193,43.87293562168995,68.16259287484502,-24.28965725315507,23.67745731964219,422.7035477884205,TRUE,121
P. vivax,paper_replica,15016,Tucuruí,PA,2013,1,121,350813,62.99652521428795,58.51609700678429,4.480428207503657,17.38818116774464,357.4696490722978,TRUE,121
P. vivax,paper_replica,15016,Tucuruí,PA,2013,2,122,350813,37.626883838398236,54.084672096752016,-16.45778825835378,20.92995413510902,326.8194166122692,TRUE,121
P. vivax,paper_replica,15016,Tucuruí,PA,2013,3,123,350813,24.22943277472614,55.31392255901697,-31.084489784290835,20.91570152759447,484.3463611667752,TRUE,121
P. vivax,paper_replica,15017,Paragominas,PA,2013,1,121,316737,22.100354552830897,30.328045625013328,-8.22769107218243,9.155861171887086,180.93875991753407,TRUE,121
P. vivax,paper_replica,15017,Paragominas,PA,2013,2,122,316737,24.941828709623444,28.031310099815638,-3.0894813901921943,8.177131184547434,178.3577542251141,TRUE,121
P. vivax,paper_replica,15017,Paragominas,PA,2013,3,123,316737,9.155861171887086,28.668420636640725,-19.51255946475364,9.62154721425031,164.85285899658044,FALSE,121
P. vivax,paper_replica,15018,São Félix do Xingu,PA,2013,1,121,187552,3.732298242620713,5.153182329251559,-1.4208840866308456,0,35.470162941477554,TRUE,121
P. vivax,paper_replica,15018,São Félix do Xingu,PA,2013,2,122,187552,3.732298242620713,4.762962307563027,-1.0306640649423144,0,32.01778706705338,TRUE,121
P. vivax,paper_replica,15018,São Félix do Xingu,PA,2013,3,123,187552,3.732298242620713,4.871253527131352,-1.1389552845106392,0.7864485582665082,31.4579423306603,TRUE,121
P. vivax,paper_replica,15019,Parauapebas,PA,2013,1,121,283946,5.987053876441295,3.3054512567891767,2.6816026196521183,0,23.26146520817337,TRUE,121
P. vivax,paper_replica,15019,Parauapebas,PA,2013,2,122,283946,4.226155677487973,3.0551427433745597,1.171012934113413,0,23.613644847964032,TRUE,121
P. vivax,paper_replica,15019,Parauapebas,PA,2013,3,123,283946,1.0565389193719932,3.1245938480780198,-2.068054928706027,0.35217963979066447,29.08123375571409,TRUE,121
P. vivax,paper_replica,15020,Marabá,PA,2013,1,121,304066,3.28875967717535,10.71337894733672,-7.4246192701613705,3.7738517295587144,80.97748515124985,FALSE,121
P. vivax,paper_replica,15020,Marabá,PA,2013,2,122,304066,3.6176356448928852,9.902068899007418,-6.284433254114532,1.8005959232535045,63.69505304769355,TRUE,121
P. vivax,paper_replica,15020,Marabá,PA,2013,3,123,304066,1.644379838587675,10.127142416659416,-8.48276257807174,2.7872238264061098,62.083560805877596,FALSE,121
P. vivax,paper_replica,15021,Redenção,PA,2013,1,121,187783,14.378298355016163,2.163909319555354,12.214389035460808,0,14.378298355016163,TRUE,121
P. vivax,paper_replica,15021,Redenção,PA,2013,2,122,187783,9.05300266797314,2.0000519103886534,7.052950757584486,0,16.787994653403118,TRUE,121
P. vivax,paper_replica,15021,Redenção,PA,2013,3,123,187783,6.390354824451627,2.0455288645033183,4.3448259599483094,0,14.910827923720467,TRUE,121
P. vivax,paper_replica,15022,Conceição do Araguaia,PA,2013,1,121,146912,4.08407754301895,5.728962260012318,-1.6448847169933671,0,39.190127423219295,TRUE,121
P. vivax,paper_replica,15022,Conceição do Araguaia,PA,2013,2,122,146912,0.6806795905031584,5.295158261061563,-4.614478670558405,0,37.47141145719884,TRUE,121
P. vivax,paper_replica,15022,Conceição do Araguaia,PA,2013,3,123,146912,1.3613591810063168,5.4155570303746705,-4.054197849368354,0.3233228054890012,40.87480940971463,TRUE,121
P. vivax,paper_replica,16001,Oiapoque,AP,2013,1,121,32779,1418.591171176668,307.2138907286516,1111.3772804480163,94.42020806003845,2058.101223344214,TRUE,121
P. vivax,paper_replica,16001,Oiapoque,AP,2013,2,122,32779,1226.3949479849905,283.9486328133616,942.4463151716288,63.760334360413694,2032.3987919094534,TRUE,121
P. vivax,paper_replica,16001,Oiapoque,AP,2013,3,123,32779,985.3869855700297,290.4024170413212,694.9845685287085,92.81857286677447,1872.7691509808042,TRUE,121
P. vivax,paper_replica,16002,Amapá,AP,2013,1,121,27052,236.5813987875203,37.54575749217643,199.03564129534388,5.4524619251811375,263.0119769333131,TRUE,121
P. vivax,paper_replica,16002,Amapá,AP,2013,2,122,27052,203.31213958302527,34.70255653366728,168.60958304935798,0,244.15939671743294,TRUE,121
P. vivax,paper_replica,16002,Amapá,AP,2013,3,123,27052,147.86337424220022,35.49137766468834,112.37199657751188,0,295.72674848440045,TRUE,121
P. vivax,paper_replica,16003,Macapá,AP,2013,1,121,598870,104.8641608362416,26.06084402646009,78.8033168097815,9.350944278390969,147.01855160552367,TRUE,121
P. vivax,paper_replica,16003,Macapá,AP,2013,2,122,598870,84.32547965334713,24.08725646792714,60.23822318541999,7.338821447058628,173.6645682702422,TRUE,121
P. vivax,paper_replica,16003,Macapá,AP,2013,3,123,598870,58.27642059211515,24.63471623223536,33.641704359879796,7.338821447058628,170.512799104981,TRUE,121
P. vivax,paper_replica,16004,Mazagão,AP,2013,1,121,76295,247.7226554820106,45.14142511185594,202.58123037015466,11.796316927714791,365.71859230617815,TRUE,121
P. vivax,paper_replica,16004,Mazagão,AP,2013,2,122,76295,233.30493479258143,41.7229045187582,191.58203027382325,6.553509404285996,299.52814732289136,TRUE,121
P. vivax,paper_replica,16004,Mazagão,AP,2013,3,123,76295,169.08054263057866,42.6712438246657,126.40929880591295,10.420079952814737,312.01258273805615,TRUE,121
P. vivax,paper_replica,17001,Bico do Papagaio,TO,2013,1,121,207214,2.8955572499927613,0.5266014330664011,2.36895581692636,0,5.079290009362291,TRUE,121
P. vivax,paper_replica,17001,Bico do Papagaio,TO,2013,2,122,207214,2.4129643749939675,0.48673267923217545,1.9262316957617922,0,4.825928749987935,TRUE,121
P. vivax,paper_replica,17001,Bico do Papagaio,TO,2013,3,123,207214,1.930371499995174,0.497804844663182,1.432566655331992,0,4.596697134363497,TRUE,121
P. vivax,paper_replica,17002,Araguaína,TO,2013,1,121,298783,0,0.427512508744331,-0.427512508744331,0,4.01629276096699,TRUE,121
P. vivax,paper_replica,17002,Araguaína,TO,2013,2,122,298783,0,0.3951452094516874,-0.3951452094516874,0,3.522623442431456,TRUE,121
P. vivax,paper_replica,17002,Araguaína,TO,2013,3,123,298783,0,0.40413399637008884,-0.40413399637008884,0,3.522623442431456,TRUE,121
P. vivax,paper_replica,17003,Miracema do Tocantins,TO,2013,1,121,147591,0,0.5724946381310042,-0.5724946381310042,0,4.742836622829305,TRUE,121
P. vivax,paper_replica,17003,Miracema do Tocantins,TO,2013,2,122,147591,0,0.5291549704369416,-0.5291549704369416,0,4.742836622829305,TRUE,121
P. vivax,paper_replica,17003,Miracema do Tocantins,TO,2013,3,123,147591,0,0.5411973969430622,-0.5411973969430622,0,5.7760974585171025,TRUE,121
P. vivax,paper_replica,17004,Rio Formoso,TO,2013,1,121,122527,0,0.35025138600799577,-0.35025138600799577,0,3.6930635696621783,TRUE,121
P. vivax,paper_replica,17004,Rio Formoso,TO,2013,2,122,122527,0,0.3237426093980332,-0.3237426093980332,0,3.264586580916859,TRUE,121
P. vivax,paper_replica,17004,Rio Formoso,TO,2013,3,123,122527,0,0.33111493954620985,-0.33111493954620985,0,3.264586580916859,TRUE,121
P. vivax,paper_replica,17005,Gurupi,TO,2013,1,121,144769,0,0.08167597205703324,-0.08167597205703324,0,1.3815112351401198,TRUE,121
P. vivax,paper_replica,17005,Gurupi,TO,2013,2,122,144769,0,0.07549979608091048,-0.07549979608091048,0,0.6907556175700599,TRUE,121
P. vivax,paper_replica,17005,Gurupi,TO,2013,3,123,144769,0,0.07722611264121552,-0.07722611264121552,0,1.0534023167943256,TRUE,121
P. vivax,paper_replica,17006,Porto Nacional,TO,2013,1,121,358276,0.8373432772499414,0.23248133926269032,0.6048619379872511,0,2.2329154059998437,TRUE,121
P. vivax,paper_replica,17006,Porto Nacional,TO,2013,2,122,358276,0.5582288514999609,0.21488302936515535,0.3433458221348056,0,1.6746865544998828,TRUE,121
P. vivax,paper_replica,17006,Porto Nacional,TO,2013,3,123,358276,0,0.21977430962758018,-0.21977430962758018,0,2.1003360537685967,TRUE,121
P. vivax,paper_replica,17007,Jalapão,TO,2013,1,121,76288,0,0.01313415486465728,-0.01313415486465728,0,0,TRUE,121
P. vivax,paper_replica,17007,Jalapão,TO,2013,2,122,76288,0,0.012149769787687255,-0.012149769787687255,0,0,TRUE,121
P. vivax,paper_replica,17007,Jalapão,TO,2013,3,123,76288,0,0.012435912907385653,-0.012435912907385653,0,0,TRUE,121
P. vivax,paper_replica,17008,Dianópolis,TO,2013,1,121,122716,0,0.02352008163409096,-0.02352008163409096,0,0.8148896639395026,TRUE,121
P. vivax,paper_replica,17008,Dianópolis,TO,2013,2,122,122716,0,0.021746777239232067,-0.021746777239232067,0,0.8148896639395026,TRUE,121
P. vivax,paper_replica,17008,Dianópolis,TO,2013,3,123,122716,0,0.022248978624902722,-0.022248978624902722,0,0.8148896639395026,TRUE,121
P. vivax,paper_replica,21001,Litoral Ocidental Maranhense,MA,2013,1,121,186262,1.6106344826105163,3.6284518639959775,-2.017817381385461,0,23.9045001127444,TRUE,121
P. vivax,paper_replica,21001,Litoral Ocidental Maranhense,MA,2013,2,122,186262,0.5368781608701721,3.353685903843143,-2.816807742972971,0,20.683231147523365,TRUE,121
P. vivax,paper_replica,21001,Litoral Ocidental Maranhense,MA,2013,3,123,186262,0,3.4299376876019316,-3.4299376876019316,0,23.394465859917716,TRUE,121
P. vivax,paper_replica,21002,Aglomeração Urbana de São Luís,MA,2013,1,121,1366266,0.36596094757536235,0.29719638226258716,0.0687645653127752,0,2.272617484442997,TRUE,121
P. vivax,paper_replica,21002,Aglomeração Urbana de São Luís,MA,2013,2,122,1366266,0.4391531370904348,0.2746921945245354,0.16446094256589938,0,2.053040915897779,TRUE,121
P. vivax,paper_replica,21002,Aglomeração Urbana de São Luís,MA,2013,3,123,1366266,0.14638437903014495,0.2809387949255472,-0.13455441589540224,0,1.902996927391884,TRUE,121
P. vivax,paper_replica,21003,Rosário,MA,2013,1,121,168740,0.592627711271779,1.7305310520177926,-1.1379033407460135,0,12.756311485125032,TRUE,121
P. vivax,paper_replica,21003,Rosário,MA,2013,2,122,168740,0.592627711271779,1.5994975749080123,-1.0068698636362332,0,10.385800640037914,TRUE,121
P. vivax,paper_replica,21003,Rosário,MA,2013,3,123,168740,0,1.6358737339539466,-1.6358737339539466,0,14.815692781794477,TRUE,121
P. vivax,paper_replica,21004,Lençóis Maranhenses,MA,2013,1,121,186318,0,0.5250531194203558,-0.5250531194203558,0,4.830451164138731,TRUE,121
P. vivax,paper_replica,21004,Lençóis Maranhenses,MA,2013,2,122,186318,0,0.4853068557839808,-0.4853068557839808,0,4.293734368123316,TRUE,121
P. vivax,paper_replica,21004,Lençóis Maranhenses,MA,2013,3,123,186318,0,0.49635259314483315,-0.49635259314483315,0,5.367167960154145,TRUE,121
P. vivax,paper_replica,21005,Baixada Maranhense,MA,2013,1,121,581920,5.499037668408028,2.550017412267693,2.949020256140335,0.5155347814132527,22.004742919988992,TRUE,121
P. vivax,paper_replica,21005,Baixada Maranhense,MA,2013,2,122,581920,3.436898542755018,2.3569105146659246,1.0799880280890934,0,15.040727247731642,TRUE,121
P. vivax,paper_replica,21005,Baixada Maranhense,MA,2013,3,123,581920,3.0932086884795162,2.410485933614565,0.682722754864951,0.17184492713775087,16.931021446246902,TRUE,121
P. vivax,paper_replica,21006,Itapecuru Mirim,MA,2013,1,121,223241,1.3438391693282148,0.6594927300229024,0.6843464393053124,0,5.162582142169215,TRUE,121
P. vivax,paper_replica,21006,Itapecuru Mirim,MA,2013,2,122,223241,0,0.6095631905163666,-0.6095631905163666,0,5.162582142169215,TRUE,121
P. vivax,paper_replica,21006,Itapecuru Mirim,MA,2013,3,123,223241,0.8958927795521432,0.6234323301738217,0.2724604493783215,0,4.714635752393143,TRUE,121
P. vivax,paper_replica,21007,Gurupi,MA,2013,1,121,230990,10.390060175765186,15.66424437074625,-5.274184194981064,4.32919173990216,90.06883414866442,TRUE,121
P. vivax,paper_replica,21007,Gurupi,MA,2013,2,122,230990,11.255898523745618,14.478016027767396,-3.222117504021778,2.8031516515866493,92.11437724576811,TRUE,121
P. vivax,paper_replica,21007,Gurupi,MA,2013,3,123,230990,7.359625957833672,14.80710646368125,-7.447480505847579,4.740464955192866,98.06701588813367,TRUE,121
P. vivax,paper_replica,21008,Pindaré,MA,2013,1,121,642579,10.893602187435318,3.3228933853968217,7.570708802038497,0.9337373303515989,25.95400721156461,TRUE,121
P. vivax,paper_replica,21008,Pindaré,MA,2013,2,122,642579,10.737979299043387,3.0712553518949743,7.666723947148412,0.3112457767838663,20.65504786181929,TRUE,121
P. vivax,paper_replica,21008,Pindaré,MA,2013,3,123,642579,6.380538424069258,3.1410665506362854,3.239471873432973,0.5407895371619679,23.42513527519573,TRUE,121
P. vivax,paper_replica,21009,Imperatriz,MA,2013,1,121,580283,3.7912535779955645,1.0337732137392635,2.757480364256301,0,7.328320836557331,TRUE,121
P. vivax,paper_replica,21009,Imperatriz,MA,2013,2,122,580283,1.2063079566349522,0.9554902725085275,0.2508176841264247,0,6.212485976669996,TRUE,121
P. vivax,paper_replica,21009,Imperatriz,MA,2013,3,123,580283,2.240286205179197,0.9772119882917059,1.263074216887491,0,7.763453349486364,TRUE,121
P. vivax,paper_replica,21010,Médio Mearim,MA,2013,1,121,415203,3.853536703732873,1.0142311601546121,2.839305543578261,0,6.021151099582614,TRUE,121
P. vivax,paper_replica,21010,Médio Mearim,MA,2013,2,122,415203,2.8901525277996543,0.9374298502741895,1.9527226775254647,0,5.425057140723929,TRUE,121
P. vivax,paper_replica,21010,Médio Mearim,MA,2013,3,123,415203,3.371844615766264,0.9587450310805963,2.4130995846856678,0,7.110979448607061,TRUE,121
P. vivax,paper_replica,21011,Alto Mearim e Grajaú,MA,2013,1,121,320723,6.859501813091048,0.9973204857343065,5.862181327356741,0,9.205763228705138,TRUE,121
P. vivax,paper_replica,21011,Alto Mearim e Grajaú,MA,2013,2,122,320723,4.988728591338944,0.9218015174538094,4.066927073885134,0,7.646785543911717,TRUE,121
P. vivax,paper_replica,21011,Alto Mearim e Grajaú,MA,2013,3,123,320723,2.806159832628156,0.9427618308843508,1.863398001743805,0,7.794888423967099,TRUE,121
P. vivax,paper_replica,21012,Presidente Dutra,MA,2013,1,121,194017,2.061675007860136,0.688406813736427,1.3732681941237088,0,5.15418751965034,TRUE,121
P. vivax,paper_replica,21012,Presidente Dutra,MA,2013,2,122,194017,1.546256255895102,0.6362852202410592,0.9099710356540429,0,5.669606271615374,TRUE,121
P. vivax,paper_replica,21012,Presidente Dutra,MA,2013,3,123,194017,2.061675007860136,0.6507611081039935,1.4109138997561423,0,5.669606271615374,TRUE,121
P. vivax,paper_replica,21013,Baixo Parnaíba Maranhense,MA,2013,1,121,139621,2.148673910085159,0.5632310775420674,1.5854428325430914,0,5.729797093560425,TRUE,121
P. vivax,paper_replica,21013,Baixo Parnaíba Maranhense,MA,2013,2,122,139621,0.7162246366950531,0.520593443321066,0.19563119337398704,0,4.297347820170318,TRUE,121
P. vivax,paper_replica,21013,Baixo Parnaíba Maranhense,MA,2013,3,123,139621,0.7162246366950531,0.5324400280119221,0.18378460868313096,0,4.6733657544352045,TRUE,121
P. vivax,paper_replica,21014,Chapadinha,MA,2013,1,121,234229,0,0.3539848095847018,-0.3539848095847018,0,2.9885283205751634,TRUE,121
P. vivax,paper_replica,21014,Chapadinha,MA,2013,2,122,234229,0,0.3271872680092756,-0.3271872680092756,0,2.9885283205751634,TRUE,121
P. vivax,paper_replica,21014,Chapadinha,MA,2013,3,123,234229,0,0.3346331570558744,-0.3346331570558744,0,3.415460937800187,TRUE,121
P. vivax,paper_replica,21015,Codó,MA,2013,1,121,269763,0.37069575886982276,0.6099883967689997,-0.23929263789917699,0,5.560436383047342,TRUE,121
P. vivax,paper_replica,21015,Codó,MA,2013,2,122,269763,0.7413915177396455,0.5638028687457552,0.17758864899389026,0,4.642964379844521,TRUE,121
P. vivax,paper_replica,21015,Codó,MA,2013,3,123,269763,0.7413915177396455,0.576629920237461,0.16476159750218455,0,5.578971170990815,TRUE,121
P. vivax,paper_replica,21016,Coelho Neto,MA,2013,1,121,90137,1.1094223237959995,0.08104774002965304,1.0283745837663465,0,1.1094223237959995,TRUE,121
P. vivax,paper_replica,21016,Coelho Neto,MA,2013,2,122,90137,0,0.07492329826942698,-0.07492329826942698,0,1.1094223237959995,TRUE,121
P. vivax,paper_replica,21016,Coelho Neto,MA,2013,3,123,90137,1.1094223237959995,0.07663841450523702,1.0327839092907625,0,1.1094223237959995,TRUE,121
P. vivax,paper_replica,21017,Caxias,MA,2013,1,121,428592,1.3999328032254452,0.18957359949745237,1.2103592037279929,0,1.6332549370963527,TRUE,121
P. vivax,paper_replica,21017,Caxias,MA,2013,2,122,428592,0.4666442677418151,0.17522170810610177,0.29142255963571334,0,1.289104789636759,TRUE,121
P. vivax,paper_replica,21017,Caxias,MA,2013,3,123,428592,0,0.17920902015785783,-0.17920902015785783,0,1.5224269235076662,TRUE,121
P. vivax,paper_replica,21018,Chapadas do Alto Itapecuru,MA,2013,1,121,214158,1.4008348975989688,0.17105634514346285,1.229778552455506,0,1.4008348975989688,TRUE,121
P. vivax,paper_replica,21018,Chapadas do Alto Itapecuru,MA,2013,2,122,214158,0.933889931732646,0.15810887253873537,0.7757810591939106,0,1.4008348975989688,TRUE,121
P. vivax,paper_replica,21018,Chapadas do Alto Itapecuru,MA,2013,3,123,214158,0.933889931732646,0.16171080384109782,0.7721791278915482,0,1.867779863465292,TRUE,121
P. vivax,paper_replica,21019,Porto Franco,MA,2013,1,121,114767,0,0.40700942457911377,-0.40700942457911377,0,3.48532243589185,TRUE,121
P. vivax,paper_replica,21019,Porto Franco,MA,2013,2,122,114767,0,0.37620090122103333,-0.37620090122103333,0,4.356653044864813,TRUE,121
P. vivax,paper_replica,21019,Porto Franco,MA,2013,3,123,114767,1.742661217945925,0.38476601390262866,1.3578952040432966,0,3.48532243589185,TRUE,121
P. vivax,paper_replica,21020,Gerais de Balsas,MA,2013,1,121,136434,0,0.048716062999125995,-0.048716062999125995,0,0.732955128487034,TRUE,121
P. vivax,paper_replica,21020,Gerais de Balsas,MA,2013,2,122,136434,0,0.04503473031443778,-0.04503473031443778,0,0.732955128487034,TRUE,121
P. vivax,paper_replica,21020,Gerais de Balsas,MA,2013,3,123,136434,0,0.04606652679327299,-0.04606652679327299,0,0.732955128487034,TRUE,121
P. vivax,paper_replica,21021,Chapadas das Mangabeiras,MA,2013,1,121,70058,0,0.028623604360159503,-0.028623604360159503,0,0,TRUE,121
P. vivax,paper_replica,21021,Chapadas das Mangabeiras,MA,2013,2,122,70058,0,0.02646882941492404,-0.02646882941492404,0,1.4273887350481032,TRUE,121
P. vivax,paper_replica,21021,Chapadas das Mangabeiras,MA,2013,3,123,70058,0,0.02708293753011152,-0.02708293753011152,0,1.4273887350481032,TRUE,121
P. vivax,paper_replica,51001,Aripuanã,MT,2013,1,121,148922,41.6325324666604,29.78680449248135,11.845727974179049,9.719853346046925,163.40768993164187,TRUE,121
P. vivax,paper_replica,51001,Aripuanã,MT,2013,2,122,148922,27.53119082472704,27.531071539706822,1.192850202187401e-4,7.3528424275795405,192.03005600247081,TRUE,121
P. vivax,paper_replica,51001,Aripuanã,MT,2013,3,123,148922,24.845220988168304,28.156828141679622,-3.311607153511318,7.386417050536522,212.00695666187656,TRUE,121
P. vivax,paper_replica,51002,Alta Floresta,MT,2013,1,121,101672,8.851994649461012,2.4556943278449843,6.396300321616028,0,17.703989298922025,TRUE,121
P. vivax,paper_replica,51002,Alta Floresta,MT,2013,2,122,101672,10.819104571563459,2.269746241076772,8.549358330486687,0,17.23680069242267,TRUE,121
P. vivax,paper_replica,51002,Alta Floresta,MT,2013,3,123,101672,14.753324415768352,2.321353744101636,12.431970671666717,0,17.703989298922025,TRUE,121
P. vivax,paper_replica,51003,Colíder,MT,2013,1,121,147540,22.36681577877186,2.6320359200264236,19.734779858745434,0,25.07794496407754,TRUE,121
P. vivax,paper_replica,51003,Colíder,MT,2013,2,122,147540,17.62233970448692,2.432728863545233,15.189610840941686,0,23.04459807509828,TRUE,121
P. vivax,paper_replica,51003,Colíder,MT,2013,3,123,147540,18.97790429713976,2.4880394069821103,16.489864890157648,0,23.434322895485924,TRUE,121
P. vivax,paper_replica,51004,Parecis,MT,2013,1,121,96914,1.0318426646304972,1.0975699772438785,-0.06572731261338127,0,9.82830138060546,TRUE,121
P. vivax,paper_replica,51004,Parecis,MT,2013,2,122,96914,1.0318426646304972,1.0144796998907788,0.017362964739718434,0,9.286583981674474,TRUE,121
P. vivax,paper_replica,51004,Parecis,MT,2013,3,123,96914,0,1.0375662002595905,-1.0375662002595905,0,10.318426646304971,TRUE,121
P. vivax,paper_replica,51005,Arinos,MT,2013,1,121,77897,2.5674929714879906,0.4332281804094987,2.134264791078492,0,5.134985942975981,TRUE,121
P. vivax,paper_replica,51005,Arinos,MT,2013,2,122,77897,0,0.40043960264420553,-0.40043960264420553,0,5.134985942975981,TRUE,121
P. vivax,paper_replica,51005,Arinos,MT,2013,3,123,77897,0,0.40956333257135863,-0.40956333257135863,0,5.134985942975981,TRUE,121
P. vivax,paper_replica,51006,Alto Teles Pires,MT,2013,1,121,216083,0.4627851334903717,1.0931169276680601,-0.6303317941776885,0,9.278841926481933,TRUE,121
P. vivax,paper_replica,51006,Alto Teles Pires,MT,2013,2,122,216083,1.8511405339614868,1.0103535251507396,0.8407870088107472,0,9.035879731399499,TRUE,121
P. vivax,paper_replica,51006,Alto Teles Pires,MT,2013,3,123,216083,0,1.033334562664803,-1.033334562664803,0,10.424235131870613,TRUE,121
P. vivax,paper_replica,51007,Sinop,MT,2013,1,121,184603,10.292357112289617,2.718096455188703,7.574260657100914,0,20.354490447067455,TRUE,121
P. vivax,paper_replica,51007,Sinop,MT,2013,2,122,184603,8.125545088649696,2.5122737857221447,5.613271302927552,0,19.528393363054747,TRUE,121
P. vivax,paper_replica,51007,Sinop,MT,2013,3,123,184603,3.250218035459879,2.5693978951904772,0.6808201402694016,0,20.611799374874707,TRUE,121
P. vivax,paper_replica,51008,Paranatinga,MT,2013,1,121,34079,0,1.2505676726917054,-1.2505676726917054,0,11.737433610141142,TRUE,121
P. vivax,paper_replica,51008,Paranatinga,MT,2013,2,122,34079,0,1.155920116002677,-1.155920116002677,0,11.737433610141142,TRUE,121
P. vivax,paper_replica,51008,Paranatinga,MT,2013,3,123,34079,0,1.1822466742352915,-1.1822466742352915,0,14.671792012676429,TRUE,121
P. vivax,paper_replica,51009,Norte Araguaia,MT,2013,1,121,119054,0.8399549784131571,0.48591086115145393,0.3540441172617032,0,4.199774892065785,TRUE,121
P. vivax,paper_replica,51009,Norte Araguaia,MT,2013,2,122,119054,0,0.44913045755926967,-0.44913045755926967,0,4.640751255732674,TRUE,121
P. vivax,paper_replica,51009,Norte Araguaia,MT,2013,3,123,119054,0,0.4593579410801038,-0.4593579410801038,0,5.039729870478943,TRUE,121
P. vivax,paper_replica,51010,Canarana,MT,2013,1,121,105035,0.9520635978483363,0.3465424836752155,0.6055211141731207,0,3.808254391393345,TRUE,121
P. vivax,paper_replica,51010,Canarana,MT,2013,2,122,105035,0,0.32031684294542434,-0.32031684294542434,0,2.856190793545009,TRUE,121
P. vivax,paper_replica,51010,Canarana,MT,2013,3,123,105035,0,0.3276129349378356,-0.3276129349378356,0,2.856190793545009,TRUE,121
P. vivax,paper_replica,51011,Médio Araguaia,MT,2013,1,121,66449,0,0.07773965815557606,-0.07773965815557606,0,1.5049135427169709,TRUE,121
P. vivax,paper_replica,51011,Médio Araguaia,MT,2013,2,122,66449,0,0.07186831616202796,-0.07186831616202796,0,1.5049135427169709,TRUE,121
P. vivax,paper_replica,51011,Médio Araguaia,MT,2013,3,123,66449,0,0.07351693826635539,-0.07351693826635539,0,1.5049135427169709,TRUE,121
P. vivax,paper_replica,51012,Alto Guaporé,MT,2013,1,121,70085,0,1.1389748776759527,-1.1389748776759527,0,12.84154954697867,TRUE,121
P. vivax,paper_replica,51012,Alto Guaporé,MT,2013,2,122,70085,0,1.0527512253612774,-1.0527512253612774,0,7.134194192765928,TRUE,121
P. vivax,paper_replica,51012,Alto Guaporé,MT,2013,3,123,70085,0,1.076707360850647,-1.076707360850647,0,8.561033031319113,TRUE,121
P. vivax,paper_replica,51013,Tangará da Serra,MT,2013,1,121,153881,1.2997056166778225,0.203126649854748,1.0965789668230745,0,2.599411233355645,TRUE,121
P. vivax,paper_replica,51013,Tangará da Serra,MT,2013,2,122,153881,0,0.18775456630600812,-0.18775456630600812,0,1.949558425016734,TRUE,121
P. vivax,paper_replica,51013,Tangará da Serra,MT,2013,3,123,153881,0.6498528083389112,0.1920322336724559,0.4578205746664553,0,1.949558425016734,TRUE,121
P. vivax,paper_replica,51014,Jauru,MT,2013,1,121,107853,0,0.16226976196993426,-0.16226976196993426,0,1.8543758634437613,TRUE,121
P. vivax,paper_replica,51014,Jauru,MT,2013,2,122,107853,0,0.14999211644504756,-0.14999211644504756,0,1.8543758634437613,TRUE,121
P. vivax,paper_replica,51014,Jauru,MT,2013,3,123,107853,0,0.1534137339140739,-0.1534137339140739,0,1.8543758634437613,TRUE,121
P. vivax,paper_replica,51015,Alto Paraguai,MT,2013,1,121,32717,0,0.19061712343971926,-0.19061712343971926,0,3.056514961640737,TRUE,121
P. vivax,paper_replica,51015,Alto Paraguai,MT,2013,2,122,32717,0,0.17621501552367155,-0.17621501552367155,0,3.056514961640737,TRUE,121
P. vivax,paper_replica,51015,Alto Paraguai,MT,2013,3,123,32717,0,0.1802542033230237,-0.1802542033230237,0,3.056514961640737,TRUE,121
P. vivax,paper_replica,51016,Rosário Oeste,MT,2013,1,121,30675,0,0.14535561794168295,-0.14535561794168295,0,3.2599837000814995,TRUE,121
P. vivax,paper_replica,51016,Rosário Oeste,MT,2013,2,122,30675,0,0.1343776724761117,-0.1343776724761117,0,3.2599837000814995,TRUE,121
P. vivax,paper_replica,51016,Rosário Oeste,MT,2013,3,123,30675,0,0.137460959369114,-0.137460959369114,0,3.2599837000814995,TRUE,121
P. vivax,paper_replica,51017,Cuiabá,MT,2013,1,121,881902,1.3606954060655265,0.19157815791002333,1.1691172481555032,0,1.5874779737431144,TRUE,121
P. vivax,paper_replica,51017,Cuiabá,MT,2013,2,122,881902,0.4535651353551755,0.1770719828543746,0.2764931525008009,0,1.4740866899043206,TRUE,121
P. vivax,paper_replica,51017,Cuiabá,MT,2013,3,123,881902,1.0205215545491448,0.18109928331941041,0.8394222712297345,0,1.3606954060655265,TRUE,121
P. vivax,paper_replica,51018,Alto Pantanal,MT,2013,1,121,134262,0.7448123817610344,0.12411298678930822,0.6206993949717261,0,1.4896247635220687,TRUE,121
P. vivax,paper_replica,51018,Alto Pantanal,MT,2013,2,122,134262,0.7448123817610344,0.11472502934039451,0.6300873524206398,0,1.4896247635220687,TRUE,121
P. vivax,paper_replica,51018,Alto Pantanal,MT,2013,3,123,134262,0.7448123817610344,0.11734309861313026,0.6274692831479041,0,1.4896247635220687,TRUE,121
P. vivax,paper_replica,51019,Primavera do Leste,MT,2013,1,121,91029,0,0.17235491507511325,-0.17235491507511325,0,3.2956530336486174,TRUE,121
P. vivax,paper_replica,51019,Primavera do Leste,MT,2013,2,122,91029,1.0985510112162058,0.15931967836614264,0.9392313328500632,0,2.1971020224324116,TRUE,121
P. vivax,paper_replica,51019,Primavera do Leste,MT,2013,3,123,91029,0,0.162956581470266,-0.162956581470266,0,2.1971020224324116,TRUE,121
P. vivax,paper_replica,51020,Tesouro,MT,2013,1,121,54596,1.8316360172906438,0.04192042003266129,1.7897155972579826,0,1.8316360172906438,TRUE,121
P. vivax,paper_replica,51020,Tesouro,MT,2013,2,122,54596,0,0.038761736051300406,-0.038761736051300406,0,1.8316360172906438,TRUE,121
P. vivax,paper_replica,51020,Tesouro,MT,2013,3,123,54596,0,0.039658488031658626,-0.039658488031658626,0,1.8316360172906438,TRUE,121
P. vivax,paper_replica,51021,Rondonópolis,MT,2013,1,121,290068,1.0342402471144698,0.1177903871137531,0.9164498600007167,0,1.3789869961526262,TRUE,121
P. vivax,paper_replica,51021,Rondonópolis,MT,2013,2,122,290068,0.6894934980763131,0.10887612606992256,0.5806173720063905,0,1.215232290359494,TRUE,121
P. vivax,paper_replica,51021,Rondonópolis,MT,2013,3,123,290068,1.3789869961526262,0.11135618046912026,1.2676308156835059,0,1.0342402471144698,FALSE,121
P. vivax,paper_replica,51022,Alto Araguaia,MT,2013,1,121,36797,0,0.0161481672291935,-0.0161481672291935,0,0,TRUE,121
P. vivax,paper_replica,51022,Alto Araguaia,MT,2013,2,122,36797,0,0.014946593652306423,-0.014946593652306423,0,0,TRUE,121
P. vivax,paper_replica,51022,Alto Araguaia,MT,2013,3,123,36797,0,0.015306898292102121,-0.015306898292102121,0,0,TRUE,121
P. vivax,paper_replica,11001,Porto Velho,RO,2014,1,133,625834,109.45394465625071,98.56176674357911,10.892177912671599,34.17839235324384,613.3735143824065,TRUE,133
P. vivax,paper_replica,11001,Porto Velho,RO,2014,2,134,625834,85.16635401719945,90.44403642464624,-5.27768240744679,35.584516021820484,723.438643474148,TRUE,133
P. vivax,paper_replica,11001,Porto Velho,RO,2014,3,135,625834,100.34609816660647,91.82942352972398,8.516674636882485,29.344842242511593,644.6757446862905,TRUE,133
P. vivax,paper_replica,11002,Guajará-Mirim,RO,2014,1,133,81101,43.15606466011516,37.30767239349394,5.848392266621225,8.631212932023033,294.2935352215137,TRUE,133
P. vivax,paper_replica,11002,Guajará-Mirim,RO,2014,2,134,81101,43.15606466011516,34.23498483657045,8.921079823544716,7.3981825131626,265.93383558772376,TRUE,133
P. vivax,paper_replica,11002,Guajará-Mirim,RO,2014,3,135,81101,33.2918213092317,34.75943457890275,-1.4676132696710482,6.750841543260874,224.01080134646904,TRUE,133
P. vivax,paper_replica,11003,Ariquemes,RO,2014,1,133,195532,66.99670642145531,68.92217708745851,-1.9254706660031928,20.3291532843729,504.77671174027785,TRUE,133
P. vivax,paper_replica,11003,Ariquemes,RO,2014,2,134,195532,52.165374465560625,63.24563701483269,-11.080262549272064,20.699936583270258,453.97939979133747,TRUE,133
P. vivax,paper_replica,11003,Ariquemes,RO,2014,3,135,195532,32.21979011108156,64.2144332905855,-31.994643179503946,18.11723912198515,463.0188409058362,TRUE,133
P. vivax,paper_replica,11004,Ji-Paraná,RO,2014,1,133,316402,9.165555211408272,9.79510353851495,-0.6295483271066775,2.3625008691474774,74.30420793800289,TRUE,133
P. vivax,paper_replica,11004,Ji-Paraná,RO,2014,2,134,316402,6.321072559591911,8.988369195686237,-2.667296636094327,2.678554497127073,62.74454649464921,TRUE,133
P. vivax,paper_replica,11004,Ji-Paraná,RO,2014,3,135,316402,5.056858047673529,9.126061037123218,-4.069202989449689,1.8963217678775734,55.17506210453788,TRUE,133
P. vivax,paper_replica,11005,Alvorada D'Oeste,RO,2014,1,133,75085,6.659119664380368,5.8622888579633265,0.7968308064170415,0,57.26842911367117,TRUE,133
P. vivax,paper_replica,11005,Alvorada D'Oeste,RO,2014,2,134,75085,1.331823932876074,5.379489596682155,-4.047665663806081,0,44.01678098155418,TRUE,133
P. vivax,paper_replica,11005,Alvorada D'Oeste,RO,2014,3,135,75085,1.331823932876074,5.461927027340679,-4.130103094464605,0,45.981221282546414,TRUE,133
P. vivax,paper_replica,11006,Cacoal,RO,2014,1,133,247558,5.655240388111069,4.717229323510895,0.9380110646001736,0.4039457420079335,45.70646070819761,TRUE,133
P. vivax,paper_replica,11006,Cacoal,RO,2014,2,134,247558,6.463131872126936,4.328721683063506,2.1344101890634297,0.4039457420079335,31.315893649165034,TRUE,133
P. vivax,paper_replica,11006,Cacoal,RO,2014,3,135,247558,5.655240388111069,4.395040609445003,1.260199778666066,0,35.587619870898905,TRUE,133
P. vivax,paper_replica,11007,Vilhena,RO,2014,1,133,152211,7.2268101516973156,2.8985583526139846,4.328251799083331,0,26.34500791664197,TRUE,133
P. vivax,paper_replica,11007,Vilhena,RO,2014,2,134,152211,4.598879187443746,2.6598443901235505,1.9390347973201956,0,23.339311876276994,TRUE,133
P. vivax,paper_replica,11007,Vilhena,RO,2014,3,135,152211,4.598879187443746,2.7006055241323095,1.8982736633114365,0,25.622326901472295,TRUE,133
P. vivax,paper_replica,11008,Colorado do Oeste,RO,2014,1,133,54808,1.824551160414538,2.953925459171812,-1.1293742987572741,0,21.894613924974458,TRUE,133
P. vivax,paper_replica,11008,Colorado do Oeste,RO,2014,2,134,54808,0,2.7106643740352103,-2.7106643740352103,0,21.894613924974458,TRUE,133
P. vivax,paper_replica,11008,Colorado do Oeste,RO,2014,3,135,54808,0,2.752219691151245,-2.752219691151245,0,25.54371624580353,TRUE,133
P. vivax,paper_replica,12001,Cruzeiro do Sul,AC,2014,1,133,141056,1877.268602540835,240.59728607960835,1636.6713164612265,91.75433870235935,1793.0467332123412,FALSE,133
P. vivax,paper_replica,12001,Cruzeiro do Sul,AC,2014,2,134,141056,1232.8436932849365,220.78126136032125,1012.0624319246153,76.45899500907441,1579.106879537203,TRUE,133
P. vivax,paper_replica,12001,Cruzeiro do Sul,AC,2014,3,135,141056,1018.0353901996369,224.1631286199336,793.8722615797034,91.71889178765882,1799.9766050362973,TRUE,133
P. vivax,paper_replica,12002,Tarauacá,AC,2014,1,133,77929,114.20652132068933,22.657947454561743,91.54857386612758,3.849658022045708,174.83863516790896,TRUE,133
P. vivax,paper_replica,12002,Tarauacá,AC,2014,2,134,77929,102.65754725455223,20.791826708536146,81.86572054601608,3.175967868187711,146.35116580477094,TRUE,133
P. vivax,paper_replica,12002,Tarauacá,AC,2014,3,135,77929,60.31130901204943,21.110342698778087,39.20096631327134,5.132877362727611,156.6810814972602,TRUE,133
P. vivax,paper_replica,12003,Sena Madureira,AC,2014,1,133,55143,3.6269336089802873,0.6282949869294666,2.9986386220508208,0,7.2538672179605745,TRUE,133
P. vivax,paper_replica,12003,Sena Madureira,AC,2014,2,134,55143,3.6269336089802873,0.5765723700711871,3.0503612389091,0,7.2538672179605745,TRUE,133
P. vivax,paper_replica,12003,Sena Madureira,AC,2014,3,135,55143,0,0.5854258591093838,-0.5854258591093838,0,7.2538672179605745,TRUE,133
P. vivax,paper_replica,12004,Rio Branco,AC,2014,1,133,452251,19.458221209018888,8.952163902945125,10.506057306073762,2.432277651127361,67.33539560995995,TRUE,133
P. vivax,paper_replica,12004,Rio Branco,AC,2014,2,134,452251,16.583711257686552,8.214854261083325,8.368856996603228,2.2111615010248733,64.63225067495699,TRUE,133
P. vivax,paper_replica,12004,Rio Branco,AC,2014,3,135,452251,13.045852856046752,8.34069472989703,4.705158126149721,2.0950755222210677,62.78040291784863,TRUE,133
P. vivax,paper_replica,12005,Brasiléia,AC,2014,1,133,63722,6.277266878001318,1.7211875832769539,4.5560792947243645,0,14.123850475502964,TRUE,133
P. vivax,paper_replica,12005,Brasiléia,AC,2014,2,134,63722,1.5693167195003295,1.5794556230211922,-0.010138903520862774,0,11.809108314239943,TRUE,133
P. vivax,paper_replica,12005,Brasiléia,AC,2014,3,135,63722,1.5693167195003295,1.6036772638763594,-0.03436054437602998,0,12.554533756002636,TRUE,133
P. vivax,paper_replica,13001,Rio Negro,AM,2014,1,133,108516,772.2363522429872,125.3095856030168,646.9267666399704,46.513878137786136,888.2791477754412,TRUE,133
P. vivax,paper_replica,13001,Rio Negro,AM,2014,2,134,108516,634.929411331048,114.98887757082142,519.9405337602266,33.036602897268615,896.7110840797657,TRUE,133
P. vivax,paper_replica,13001,Rio Negro,AM,2014,3,135,108516,579.6380257289247,116.75027087070326,462.88775485822146,35.939400641380075,923.55044417413,TRUE,133
P. vivax,paper_replica,13002,Japurá,AM,2014,1,133,23966,91.79671200867895,32.43726125334334,59.359450755335615,0,290.30710172744693,TRUE,133
P. vivax,paper_replica,13002,Japurá,AM,2014,2,134,23966,83.45155637152632,29.765764624163932,53.68579174736239,0,231.8910122673785,TRUE,133
P. vivax,paper_replica,13002,Japurá,AM,2014,3,135,23966,179.42084619878162,30.221864466588734,149.1989817321929,0,248.58132354168376,TRUE,133
P. vivax,paper_replica,13003,Alto Solimões,AM,2014,1,133,242875,262.2748327328873,41.23686994445117,221.03796278843615,15.82089552238806,308.00823468862563,TRUE,133
P. vivax,paper_replica,13003,Alto Solimões,AM,2014,2,134,242875,221.51312403499742,37.8405567177648,183.67256731723262,12.1358723623263,294.47246525990727,TRUE,133
P. vivax,paper_replica,13003,Alto Solimões,AM,2014,3,135,242875,287.39063304168815,38.420206098511095,248.97042694317705,12.115285640761712,290.1801338136901,TRUE,133
P. vivax,paper_replica,13004,Juruá,AM,2014,1,133,142338,480.5463052733634,61.622941947665616,418.9233633256978,20.37403925866599,545.1636246118392,TRUE,133
P. vivax,paper_replica,13004,Juruá,AM,2014,2,134,142338,425.7471651983307,56.547597058927764,369.19956813940297,17.897539659121247,364.41428149896683,FALSE,133
P. vivax,paper_replica,13004,Juruá,AM,2014,3,135,142338,645.6462785763464,57.413818481139074,588.2324600952073,13.682221191811042,454.7977349688767,FALSE,133
P. vivax,paper_replica,13005,Tefé,AM,2014,1,133,90982,228.6166494471434,75.53451942516514,153.08213002197826,26.900925457782858,538.513112483787,TRUE,133
P. vivax,paper_replica,13005,Tefé,AM,2014,2,134,90982,223.1210569123563,69.3134024241764,153.80765448817988,19.784133125233563,567.7771427315292,TRUE,133
P. vivax,paper_replica,13005,Tefé,AM,2014,3,135,90982,298.9602338924183,70.37517478804274,228.58505910437555,20.251258490690468,447.0114967795821,TRUE,133
P. vivax,paper_replica,13006,Coari,AM,2014,1,133,169227,91.0020268633256,41.153272288832795,49.8487545744928,11.227522794825886,284.82452563716134,TRUE,133
P. vivax,paper_replica,13006,Coari,AM,2014,2,134,169227,128.82105101431804,37.76384097575253,91.05721003856551,10.636600542466628,323.02764925218753,TRUE,133
P. vivax,paper_replica,13006,Coari,AM,2014,3,135,169227,105.18416091994777,38.342322707958246,66.84183821198953,8.553599602900247,267.1264041790022,TRUE,133
P. vivax,paper_replica,13007,Manaus,AM,2014,1,133,2285623,54.33967019057823,26.087396232195974,28.252273958382258,8.33361407371207,188.24954946638175,TRUE,133
P. vivax,paper_replica,13007,Manaus,AM,2014,2,134,2285623,40.64537327459516,23.938790714291617,16.70658256030354,8.137825004386112,176.2539141406959,TRUE,133
P. vivax,paper_replica,13007,Manaus,AM,2014,3,135,2285623,32.3325412808674,24.305475814027982,8.02706546683942,8.156419497003661,184.32064255566192,TRUE,133
P. vivax,paper_replica,13008,Rio Preto da Eva,AM,2014,1,133,61674,116.74287382041054,101.48063100673605,15.26224281367449,34.73911210558745,740.5065343580753,TRUE,133
P. vivax,paper_replica,13008,Rio Preto da Eva,AM,2014,2,134,61674,74.58572494081785,93.12255356873598,-18.536828627918126,30.807147258163894,675.4467036352418,TRUE,133
P. vivax,paper_replica,13008,Rio Preto da Eva,AM,2014,3,135,61674,77.82858254694037,94.54902539610562,-16.720442849165252,28.334468333495476,773.9079677011379,TRUE,133
P. vivax,paper_replica,13009,Itacoatiara,AM,2014,1,133,168711,4.14910705288926,17.54495509094495,-13.39584803805569,2.9636478949209004,147.75266580128107,TRUE,133
P. vivax,paper_replica,13009,Itacoatiara,AM,2014,2,134,168711,9.483673263746882,16.099948774307617,-6.616275510560735,2.9636478949209004,101.13448441417566,TRUE,133
P. vivax,paper_replica,13009,Itacoatiara,AM,2014,3,135,168711,5.927295789841801,16.346584587235878,-10.419288797394078,4.14910705288926,114.82653768871018,TRUE,133
P. vivax,paper_replica,13010,Parintins,AM,2014,1,133,266488,9.006034042808682,4.990720705021813,4.0153133377868695,0.17824442376392235,40.52715319263907,TRUE,133
P. vivax,paper_replica,13010,Parintins,AM,2014,2,134,266488,15.01005673801447,4.579686691578976,10.430370046435494,0.37525141845036175,31.41792500975646,TRUE,133
P. vivax,paper_replica,13010,Parintins,AM,2014,3,135,266488,7.880279787457596,4.649851839519478,3.230427947938118,0,32.29038455765361,TRUE,133
P. vivax,paper_replica,13011,Boca do Acre,AM,2014,1,133,52413,106.84372197737203,39.58521130220201,67.25851067517002,9.53961803369393,314.9027912922366,TRUE,133
P. vivax,paper_replica,13011,Boca do Acre,AM,2014,2,134,52413,164.0814301795356,36.32495367345368,127.75647650608192,5.723770820216359,269.9711903535374,TRUE,133
P. vivax,paper_replica,13011,Boca do Acre,AM,2014,3,135,52413,131.64672886497624,36.88145210116059,94.76527676381565,8.537958140156071,319.62490221891517,TRUE,133
P. vivax,paper_replica,13012,Purus,AM,2014,1,133,75649,482.4915068275853,92.8428638556702,389.6486429719151,29.70957976972597,802.4560800539332,TRUE,133
P. vivax,paper_replica,13012,Purus,AM,2014,2,134,75649,466.6287723565414,85.19621314233825,381.43255921420314,23.79410170656585,532.5582625018171,TRUE,133
P. vivax,paper_replica,13012,Purus,AM,2014,3,135,75649,799.7461962484633,86.50130887991479,713.2448873685486,27.065790691218655,591.9113273143065,FALSE,133
P. vivax,paper_replica,13013,Madeira,AM,2014,1,133,185281,58.28984083635127,66.25229718788616,-7.96245635153489,22.384918043404344,514.9070870731476,TRUE,133
P. vivax,paper_replica,13013,Madeira,AM,2014,2,134,185281,38.32017314241612,60.79566430566054,-22.47549116324442,21.561843901965126,441.6669815037685,TRUE,133
P. vivax,paper_replica,13013,Madeira,AM,2014,3,135,185281,41.55849763332452,61.72693787171698,-20.168440238392456,18.06715205552647,491.22683923338053,TRUE,133
P. vivax,paper_replica,14001,Boa Vista,RR,2014,1,133,353589,122.17574641745077,25.041494781211192,97.13425163623958,7.904657667517938,170.96120071608524,TRUE,133
P. vivax,paper_replica,14001,Boa Vista,RR,2014,2,134,353589,93.89432363563346,22.979040879101078,70.91528275653238,7.770320909304305,146.3917146743818,TRUE,133
P. vivax,paper_replica,14001,Boa Vista,RR,2014,3,135,353589,106.05533543181491,23.331035220568,82.72430021124691,9.184392048395171,170.23295407945372,TRUE,133
P. vivax,paper_replica,14002,Nordeste de Roraima,RR,2014,1,133,46668,122.13936744664437,88.30775676919906,33.83161067744531,25.606411245392994,674.8200051427094,TRUE,133
P. vivax,paper_replica,14002,Nordeste de Roraima,RR,2014,2,134,46668,122.13936744664437,81.03466194201076,41.104705504633614,19.285163281049115,640.9102597068653,TRUE,133
P. vivax,paper_replica,14002,Nordeste de Roraima,RR,2014,3,135,46668,111.42538784606154,82.27599795463851,29.149389891423027,20.302991343104487,687.4625010713953,TRUE,133
P. vivax,paper_replica,14003,Caracaraí,RR,2014,1,133,46161,262.1260371309114,86.09759898880549,176.02843814210593,19.496977968414896,657.860531617599,TRUE,133
P. vivax,paper_replica,14003,Caracaraí,RR,2014,2,134,46161,242.6290591624965,79.00649821229588,163.62256095020064,20.525985138970128,553.6600160308485,TRUE,133
P. vivax,paper_replica,14003,Caracaraí,RR,2014,3,135,46161,186.3044561426312,80.21675873715007,106.08769740548114,25.99597062455319,682.4483871666548,TRUE,133
P. vivax,paper_replica,14004,Sudeste de Roraima,RR,2014,1,133,50518,401.8369690011481,73.53963701002557,328.2973319911225,12.817213666415935,617.7995961835384,TRUE,133
P. vivax,paper_replica,14004,Sudeste de Roraima,RR,2014,2,134,50518,296.92386872006017,67.4828405682444,229.44102815181577,18.755691040817137,626.5588503107803,TRUE,133
P. vivax,paper_replica,14004,Sudeste de Roraima,RR,2014,3,135,50518,261.29300447365296,68.51658441728503,192.77642005636793,18.755691040817137,509.3234094778094,TRUE,133
P. vivax,paper_replica,15001,Óbidos,PA,2014,1,133,196298,2.037718163200848,4.348060449484206,-2.310342286283358,0,31.877553515573226,TRUE,133
P. vivax,paper_replica,15001,Óbidos,PA,2014,2,134,196298,1.5282886224006358,3.989965203581599,-2.461676581180963,0.509429540800212,30.56577244801272,TRUE,133
P. vivax,paper_replica,15001,Óbidos,PA,2014,3,135,196298,1.5282886224006358,4.051101432065971,-2.522812809665335,0,36.704398414655245,TRUE,133
P. vivax,paper_replica,15002,Santarém,PA,2014,1,133,503673,12.111032356310542,7.827763067856644,4.283269288453898,2.0797223595467695,54.117453188874514,TRUE,133
P. vivax,paper_replica,15002,Santarém,PA,2014,2,134,503673,7.544577533439355,7.1830626904220125,0.3615148430173427,1.7868736263408997,51.65057487695387,TRUE,133
P. vivax,paper_replica,15002,Santarém,PA,2014,3,135,503673,7.94166056151511,7.293096968436946,0.6485635930781637,1.1813220085253733,52.22138172981269,TRUE,133
P. vivax,paper_replica,15003,Almeirim,PA,2014,1,133,71135,19.68088845153581,14.488250574982683,5.192637876553128,0,106.38223096928354,TRUE,133
P. vivax,paper_replica,15003,Almeirim,PA,2014,2,134,71135,11.246221972306179,13.295023839303036,-2.0488018669968575,0,101.95403106768818,TRUE,133
P. vivax,paper_replica,15003,Almeirim,PA,2014,3,135,71135,21.086666198074084,13.498708536337205,7.58795766173688,0.6677444296056814,92.78133127152597,TRUE,133
P. vivax,paper_replica,15004,Portel,PA,2014,1,133,142011,7.74587884037152,20.48277028679646,-12.736891446424938,3.8553351500940076,150.76296906577653,TRUE,133
P. vivax,paper_replica,15004,Portel,PA,2014,2,134,142011,22.53346571744442,18.79582307915262,3.7376426382918027,4.9291956256909675,161.73042933293888,TRUE,133
P. vivax,paper_replica,15004,Portel,PA,2014,3,135,142011,26.758490539465257,19.08377213259048,7.674718406874778,3.520854018350691,145.42887522797528,TRUE,133
P. vivax,paper_replica,15005,Furos de Breves,PA,2014,1,133,217765,74.39211994581315,87.88875442632728,-13.496634480514132,32.339907698665996,601.1296581176957,TRUE,133
P. vivax,paper_replica,15005,Furos de Breves,PA,2014,2,134,217765,89.086859688196,80.65010599218058,8.436753696015415,20.09046449153905,437.48995476775394,TRUE,133
P. vivax,paper_replica,15005,Furos de Breves,PA,2014,3,135,217765,78.52501549835831,81.88549311737681,-3.3604776190184964,26.393130209170437,525.979840653915,TRUE,133
P. vivax,paper_replica,15006,Arari,PA,2014,1,133,165571,3.62382301248407,7.592392828900045,-3.968569816415975,0.6039705020806784,48.63472468004661,TRUE,133
P. vivax,paper_replica,15006,Arari,PA,2014,2,134,165571,3.0198525104033918,6.967107392494681,-3.947254882091289,0.6039705020806784,54.855620851477426,TRUE,133
P. vivax,paper_replica,15006,Arari,PA,2014,3,135,165571,3.0198525104033918,7.073856019884273,-4.054003509480881,0.8908564905690015,58.645535752033815,TRUE,133
P. vivax,paper_replica,15007,Belém,PA,2014,1,133,2242436,0.5797266900816791,0.7364800730335123,-0.15675338295183316,0.17837744310205508,6.1540217870209,TRUE,133
P. vivax,paper_replica,15007,Belém,PA,2014,2,134,2242436,0.5797266900816791,0.6758236635732415,-0.09609697349156243,0.13378308232654132,5.290006046995316,TRUE,133
P. vivax,paper_replica,15007,Belém,PA,2014,3,135,2242436,0.8472928547347617,0.6861772804614318,0.1611155742733299,0.13378308232654132,5.8831110453096365,TRUE,133
P. vivax,paper_replica,15008,Castanhal,PA,2014,1,133,319481,0.31300765929742297,0.9658677757354399,-0.652860116438017,0,7.512183823138153,TRUE,133
P. vivax,paper_replica,15008,Castanhal,PA,2014,2,134,319481,0.6260153185948459,0.8863250946680985,-0.26030977607325256,0,6.4244822070796,TRUE,133
P. vivax,paper_replica,15008,Castanhal,PA,2014,3,135,319481,0,0.8999094486632984,-0.8999094486632984,0,9.077222119625267,TRUE,133
P. vivax,paper_replica,15009,Salgado,PA,2014,1,133,258222,3.0981093787516163,5.444214455844157,-2.3461050770925405,0.5712139167073298,39.13299409035635,TRUE,133
P. vivax,paper_replica,15009,Salgado,PA,2014,2,134,258222,0,4.995835722668512,-4.995835722668512,0.38726367234395204,36.72227773001515,FALSE,133
P. vivax,paper_replica,15009,Salgado,PA,2014,3,135,258222,1.9363183617197606,5.0723802860342015,-3.1360619243144408,0.18395024436337776,40.70141196334933,TRUE,133
P. vivax,paper_replica,15010,Bragantina,PA,2014,1,133,401712,0.24893456008284545,3.1437983134483245,-2.894863753365479,0,24.538724260166468,TRUE,133
P. vivax,paper_replica,15010,Bragantina,PA,2014,2,134,401712,0,2.8848810075575972,-2.8848810075575972,0.24893456008284545,24.432927072131243,FALSE,133
P. vivax,paper_replica,15010,Bragantina,PA,2014,3,135,401712,0.7468036802485363,2.9290843524500265,-2.1822806722014905,0.11824391603935194,22.31075994742499,TRUE,133
P. vivax,paper_replica,15011,Cametá,PA,2014,1,133,466929,2.3558185505719287,4.303796958615318,-1.9479784080433893,0.8566612911170649,27.525598110205188,TRUE,133
P. vivax,paper_replica,15011,Cametá,PA,2014,2,134,466929,0.21416532277926623,3.9493423418160662,-3.7351770190368,0.6424959683377987,30.995076339229264,FALSE,133
P. vivax,paper_replica,15011,Cametá,PA,2014,3,135,466929,0.6424959683377987,4.009850274753909,-3.36735430641611,0.5300591738786842,27.659451436942206,TRUE,133
P. vivax,paper_replica,15012,Tomé-Açu,PA,2014,1,133,314645,2.2247294570071032,6.764041141996028,-4.539311684988925,0.7866007722989405,56.9451286370352,TRUE,133
P. vivax,paper_replica,15012,Tomé-Açu,PA,2014,2,134,314645,1.2712739754326303,6.2069523288828234,-4.935678353450193,1.589092469290788,47.5377012188339,FALSE,133
P. vivax,paper_replica,15012,Tomé-Açu,PA,2014,3,135,314645,0.3178184938581576,6.302040989211034,-5.984222495352876,1.2712739754326303,50.53314052344706,FALSE,133
P. vivax,paper_replica,15013,Guamá,PA,2014,1,133,455970,0.43862534815887017,10.669824249597477,-10.231198901438606,2.7359256091409527,73.70002412439413,FALSE,133
P. vivax,paper_replica,15013,Guamá,PA,2014,2,134,455970,0.21931267407943508,9.791052235626372,-9.571739561546938,2.8510647630326558,81.54593503958587,FALSE,133
P. vivax,paper_replica,15013,Guamá,PA,2014,3,135,455970,0.21931267407943508,9.941042384701378,-9.721729710621943,2.2973002609820825,77.2638550781849,FALSE,133
P. vivax,paper_replica,15014,Itaituba,PA,2014,1,133,213536,289.41255806983366,66.54561586381652,222.86694220601714,19.6688146261052,512.4428667765617,TRUE,133
P. vivax,paper_replica,15014,Itaituba,PA,2014,2,134,213536,256.16289524951293,61.064804839081944,195.09809041043098,21.22592911733853,389.45423722463613,TRUE,133
P. vivax,paper_replica,15014,Itaituba,PA,2014,3,135,213536,214.9520455567211,62.000182177170984,152.9518633795501,18.954649333133524,347.4121459613359,TRUE,133
P. vivax,paper_replica,15015,Altamira,PA,2014,1,133,290730,45.74691294328071,43.03824273486789,2.708670208412819,17.00030956557631,322.10298214838497,TRUE,133
P. vivax,paper_replica,15015,Altamira,PA,2014,2,134,290730,30.95655763079146,39.4935498453399,-8.536992214548441,10.82619612699068,290.75086850342234,TRUE,133
P. vivax,paper_replica,15015,Altamira,PA,2014,3,135,290730,26.141093110446118,40.0985081061167,-13.957414995670579,12.88996663571011,320.57235235441726,TRUE,133
P. vivax,paper_replica,15016,Tucuruí,PA,2014,1,133,356928,11.486910525372064,33.68898215086535,-22.202071625493286,11.059653487538103,211.89147391070463,TRUE,133
P. vivax,paper_replica,15016,Tucuruí,PA,2014,2,134,356928,10.646404877174108,30.914310939844018,-20.26790606266991,10.779484938138786,258.4764994620761,FALSE,133
P. vivax,paper_replica,15016,Tucuruí,PA,2014,3,135,356928,13.167921821767976,31.387855907644433,-18.219934085876456,11.605982158866777,213.2923166577012,TRUE,133
P. vivax,paper_replica,15017,Paragominas,PA,2014,1,133,322755,2.478660284116435,17.374389015556343,-14.895728731439908,4.322163870428034,140.97380365912224,FALSE,133
P. vivax,paper_replica,15017,Paragominas,PA,2014,2,134,322755,1.5491626775727718,15.943420947796419,-14.394258270223647,6.033988629145947,118.51094483431692,FALSE,133
P. vivax,paper_replica,15017,Paragominas,PA,2014,3,135,322755,0.9294976065436632,16.187649130800473,-15.25815152425681,4.95732056823287,122.91831265201125,FALSE,133
P. vivax,paper_replica,15018,São Félix do Xingu,PA,2014,1,133,193850,4.642765024503482,3.1395590037548353,1.5032060207486464,0,24.245550683518186,TRUE,133
P. vivax,paper_replica,15018,São Félix do Xingu,PA,2014,2,134,193850,18.571060098013927,2.8810009595017236,15.690059138512204,0,19.383543977302004,TRUE,133
P. vivax,paper_replica,15018,São Félix do Xingu,PA,2014,3,135,193850,17.539334537013154,2.9251552261167353,14.614179310896418,0,23.484653082280104,TRUE,133
P. vivax,paper_replica,15019,Parauapebas,PA,2014,1,133,292211,2.053310792543744,2.0432884018978714,0.010022390645872736,0,14.895058707577736,TRUE,133
P. vivax,paper_replica,15019,Parauapebas,PA,2014,2,134,292211,0.6844369308479147,1.8750096555425275,-1.1905727246946127,0,14.048068005653434,TRUE,133
P. vivax,paper_replica,15019,Parauapebas,PA,2014,3,135,292211,0.6844369308479147,1.9037393633160862,-1.2193024324681714,0,12.319864755262465,TRUE,133
P. vivax,paper_replica,15020,Marabá,PA,2014,1,133,309469,2.2619389987365457,6.145259533947673,-3.8833205352111273,1.1228911458013568,53.179801531009545,TRUE,133
P. vivax,paper_replica,15020,Marabá,PA,2014,2,134,309469,2.2619389987365457,5.6391395452518935,-3.377200546515348,0.6462682853532987,53.47870061298532,TRUE,133
P. vivax,paper_replica,15020,Marabá,PA,2014,3,135,309469,0.969402428029948,5.725531074408491,-4.756128646378543,0.969402428029948,46.07085039212326,TRUE,133
P. vivax,paper_replica,15021,Redenção,PA,2014,1,133,188791,2.6484313341208003,1.3982136764808037,1.2502176576399966,0,12.209268450296864,TRUE,133
P. vivax,paper_replica,15021,Redenção,PA,2014,2,134,188791,4.237490134593281,1.2830660388275437,2.954424095765737,0,10.342124359741714,TRUE,133
P. vivax,paper_replica,15021,Redenção,PA,2014,3,135,188791,5.296862668241601,1.3027327645872477,3.994129903654353,0,11.679582183472705,TRUE,133
P. vivax,paper_replica,15022,Conceição do Araguaia,PA,2014,1,133,149806,0,3.28115774040483,-3.28115774040483,0,25.432893208549665,TRUE,133
P. vivax,paper_replica,15022,Conceição do Araguaia,PA,2014,2,134,149806,0.6675300054737461,3.010947367792524,-2.3434173623187777,0,22.06186668090728,TRUE,133
P. vivax,paper_replica,15022,Conceição do Araguaia,PA,2014,3,135,149806,0.6675300054737461,3.05709962534407,-2.389569619870324,0,20.376353417086083,TRUE,133
P. vivax,paper_replica,16001,Oiapoque,AP,2014,1,133,33607,785.5506293331746,215.00219382107568,570.5484355120989,62.189424822209666,1528.178653256759,TRUE,133
P. vivax,paper_replica,16001,Oiapoque,AP,2014,2,134,33607,586.187401434225,197.29431111204687,388.89309032217807,71.26491504746036,1645.1929657511803,TRUE,133
P. vivax,paper_replica,16001,Oiapoque,AP,2014,3,135,33607,428.4821614544589,200.31649726436552,228.16566419009337,51.99809563483798,1407.4448775552685,TRUE,133
P. vivax,paper_replica,16002,Amapá,AP,2014,1,133,27711,317.56342246761216,28.50650932161207,289.05691314600006,0,169.7881707625129,FALSE,133
P. vivax,paper_replica,16002,Amapá,AP,2014,2,134,27711,176.82508751037494,26.1587631942259,150.66632431614903,0,209.30316480819891,TRUE,133
P. vivax,paper_replica,16002,Amapá,AP,2014,3,135,27711,191.25978853163002,26.55952324753785,164.70026528409218,3.6086752553137744,229.60196311933845,TRUE,133
P. vivax,paper_replica,16003,Macapá,AP,2014,1,133,611615,99.73594499807885,18.616249932344054,81.11969506573479,5.4732143587060484,156.52412056604226,TRUE,133
P. vivax,paper_replica,16003,Macapá,AP,2014,2,134,611615,78.80774670340001,17.082985644002292,61.72476105939772,5.636715907883227,120.68866852513426,TRUE,133
P. vivax,paper_replica,16003,Macapá,AP,2014,3,135,611615,52.48399728587428,17.34465780355383,35.13933948232045,6.1272205554147625,147.11460641089556,TRUE,133
P. vivax,paper_replica,16004,Mazagão,AP,2014,1,133,77979,292.386411726234,34.17297193567806,258.2134397905559,5.738724528398674,243.655343105195,FALSE,133
P. vivax,paper_replica,16004,Mazagão,AP,2014,2,134,77979,192.35948139883814,31.3584597510925,161.00102164774563,6.347862886161662,251.41384218828142,TRUE,133
P. vivax,paper_replica,16004,Mazagão,AP,2014,3,135,77979,157.73477474704728,31.83883426948229,125.89594047756499,10.259172341271368,242.34088664896905,TRUE,133
P. vivax,paper_replica,17001,Bico do Papagaio,TO,2014,1,133,209048,0,0.34835402364308005,-0.34835402364308005,0,3.82687229727144,TRUE,133
P. vivax,paper_replica,17001,Bico do Papagaio,TO,2014,2,134,209048,0,0.3196705422829888,-0.3196705422829888,0,3.3485132601125103,TRUE,133
P. vivax,paper_replica,17001,Bico do Papagaio,TO,2014,3,135,209048,1.91343614863572,0.32457382161492615,1.588862327020794,0,2.87015422295358,TRUE,133
P. vivax,paper_replica,17002,Araguaína,TO,2014,1,133,302864,0.6603624068889006,0.2607677639954921,0.39959464289340846,0,2.8147947593639313,TRUE,133
P. vivax,paper_replica,17002,Araguaína,TO,2014,2,134,302864,0,0.23929610968144985,-0.23929610968144985,0,2.6414496275556023,TRUE,133
P. vivax,paper_replica,17002,Araguaína,TO,2014,3,135,302864,0.6603624068889006,0.2429669859102455,0.4173954209786551,0,2.311268424111152,TRUE,133
P. vivax,paper_replica,17003,Miracema do Tocantins,TO,2014,1,133,148107,0,0.34410729775809484,-0.34410729775809484,0,3.3759376666869225,TRUE,133
P. vivax,paper_replica,17003,Miracema do Tocantins,TO,2014,2,134,148107,0,0.31577639402820595,-0.31577639402820595,0,3.3759376666869225,TRUE,133
P. vivax,paper_replica,17003,Miracema do Tocantins,TO,2014,3,135,148107,0,0.32062374561639606,-0.32062374561639606,0,4.051125200024306,TRUE,133
P. vivax,paper_replica,17004,Rio Formoso,TO,2014,1,133,123649,0,0.21962344337547052,-0.21962344337547052,0,3.234963485349659,TRUE,133
P. vivax,paper_replica,17004,Rio Formoso,TO,2014,2,134,123649,0,0.20154510401976478,-0.20154510401976478,0,1.6174817426748296,TRUE,133
P. vivax,paper_replica,17004,Rio Formoso,TO,2014,3,135,123649,0,0.20464166634575046,-0.20464166634575046,0,2.042070700126954,TRUE,133
P. vivax,paper_replica,17005,Gurupi,TO,2014,1,133,146042,0,0.05094964617536137,-0.05094964617536137,0,0.6847345284233303,TRUE,133
P. vivax,paper_replica,17005,Gurupi,TO,2014,2,134,146042,0,0.046759335692405486,-0.046759335692405486,0,0.6847345284233303,TRUE,133
P. vivax,paper_replica,17005,Gurupi,TO,2014,3,135,146042,0,0.0474820932096868,-0.0474820932096868,0,0.6847345284233303,TRUE,133
P. vivax,paper_replica,17006,Porto Nacional,TO,2014,1,133,366873,0.2725738879666806,0.1495703261009621,0.12300356186571848,0,1.362869439833403,TRUE,133
P. vivax,paper_replica,17006,Porto Nacional,TO,2014,2,134,366873,0,0.13725633063578346,-0.13725633063578346,0,1.362869439833403,TRUE,133
P. vivax,paper_replica,17006,Porto Nacional,TO,2014,3,135,366873,0,0.1393634352360504,-0.1393634352360504,0,1.362869439833403,TRUE,133
P. vivax,paper_replica,17007,Jalapão,TO,2014,1,133,77087,0,0.008418920374849318,-0.008418920374849318,0,0,TRUE,133
P. vivax,paper_replica,17007,Jalapão,TO,2014,2,134,77087,0,0.007731990500161016,-0.007731990500161016,0,0,TRUE,133
P. vivax,paper_replica,17007,Jalapão,TO,2014,3,135,77087,0,0.007856681855477813,-0.007856681855477813,0,0,TRUE,133
P. vivax,paper_replica,17008,Dianópolis,TO,2014,1,133,123210,0,0.014887894541184787,-0.014887894541184787,0,0.8116224332440548,TRUE,133
P. vivax,paper_replica,17008,Dianópolis,TO,2014,2,134,123210,0,0.013666780940043937,-0.013666780940043937,0,0,TRUE,133
P. vivax,paper_replica,17008,Dianópolis,TO,2014,3,135,123210,0,0.013881171462383676,-0.013881171462383676,0,0.8116224332440548,TRUE,133
P. vivax,paper_replica,21001,Litoral Ocidental Maranhense,MA,2014,1,133,186768,0,2.148749523727706,-2.148749523727706,0,18.512271909534785,TRUE,133
P. vivax,paper_replica,21001,Litoral Ocidental Maranhense,MA,2014,2,134,186768,0,1.9717876080436054,-1.9717876080436054,0,15.2729589651332,TRUE,133
P. vivax,paper_replica,21001,Litoral Ocidental Maranhense,MA,2014,3,135,186768,0,2.002008879981005,-2.002008879981005,0,15.018632742225623,TRUE,133
P. vivax,paper_replica,21002,Aglomeração Urbana de São Luís,MA,2014,1,133,1381459,0,0.18913295049068388,-0.18913295049068388,0,1.9924586976522631,TRUE,133
P. vivax,paper_replica,21002,Aglomeração Urbana de São Luís,MA,2014,2,134,1381459,0.07238723697192606,0.17355743964497208,-0.10117020267304602,0,1.5201319764104473,TRUE,133
P. vivax,paper_replica,21002,Aglomeração Urbana de São Luís,MA,2014,3,135,1381459,0.07238723697192606,0.17621800524558917,-0.10383076827366311,0,1.6685258122028923,TRUE,133
P. vivax,paper_replica,21003,Rosário,MA,2014,1,133,170773,0,1.0371933266839508,-1.0371933266839508,0,11.125880554888653,TRUE,133
P. vivax,paper_replica,21003,Rosário,MA,2014,2,134,170773,0,0.9517818296123947,-0.9517818296123947,0,7.612444590186973,TRUE,133
P. vivax,paper_replica,21003,Rosário,MA,2014,3,135,170773,0,0.9663751589351296,-0.9663751589351296,0,9.98401386636058,TRUE,133
P. vivax,paper_replica,21004,Lençóis Maranhenses,MA,2014,1,133,189098,0,0.3159824498406969,-0.3159824498406969,0,2.644131614295233,TRUE,133
P. vivax,paper_replica,21004,Lençóis Maranhenses,MA,2014,2,134,189098,0,0.28996789395034267,-0.28996789395034267,0,3.4505917566552675,TRUE,133
P. vivax,paper_replica,21004,Lençóis Maranhenses,MA,2014,3,135,189098,0,0.29441947553275655,-0.29441947553275655,0,3.17295793715428,TRUE,133
P. vivax,paper_replica,21005,Baixada Maranhense,MA,2014,1,133,585881,3.072296251286524,1.732797698737394,1.33949855254913,0,12.459868130217568,TRUE,133
P. vivax,paper_replica,21005,Baixada Maranhense,MA,2014,2,134,585881,1.536148125643262,1.590085748541687,-0.053937622898424964,0.25175760948042375,13.825333130789357,TRUE,133
P. vivax,paper_replica,21005,Baixada Maranhense,MA,2014,3,135,585881,2.5602468760721036,1.61444696367072,0.9457999124013836,0,13.671718318225016,TRUE,133
P. vivax,paper_replica,21006,Itapecuru Mirim,MA,2014,1,133,226672,0,0.41730838040026885,-0.41730838040026885,0,3.970494811886779,TRUE,133
P. vivax,paper_replica,21006,Itapecuru Mirim,MA,2014,2,134,226672,0,0.3829470643529683,-0.3829470643529683,0,3.970494811886779,TRUE,133
P. vivax,paper_replica,21006,Itapecuru Mirim,MA,2014,3,135,226672,1.3234982706289264,0.3888225894436569,0.9346756811852696,0,3.529328721677137,TRUE,133
P. vivax,paper_replica,21007,Gurupi,MA,2014,1,133,233474,5.996385036449455,9.782033016145993,-3.785647979696538,1.713252867556987,67.10597325612267,TRUE,133
P. vivax,paper_replica,21007,Gurupi,MA,2014,2,134,233474,3.426505735113974,8.97638580076769,-5.549880065653717,1.2849396506677402,73.46642452692805,TRUE,133
P. vivax,paper_replica,21007,Gurupi,MA,2014,3,135,233474,4.7114453857817145,9.113901775444472,-4.402456389662757,1.488388428690133,63.229738643275,TRUE,133
P. vivax,paper_replica,21008,Pindaré,MA,2014,1,133,648120,14.50348700857866,2.298115663455173,12.205371345123487,0.462877244954638,16.28170709127939,TRUE,133
P. vivax,paper_replica,21008,Pindaré,MA,2014,2,134,648120,8.640375239153244,2.1088427405931096,6.531532498560134,0.15429241498487933,16.744584336234027,TRUE,133
P. vivax,paper_replica,21008,Pindaré,MA,2014,3,135,648120,8.023205579213725,2.1411498891834713,5.882055690030254,0.15429241498487933,14.842930321545364,TRUE,133
P. vivax,paper_replica,21009,Imperatriz,MA,2014,1,133,583526,1.8850916668666007,0.6934412476271513,1.1916504192394495,0,5.312531061169511,TRUE,133
P. vivax,paper_replica,21009,Imperatriz,MA,2014,2,134,583526,1.8850916668666007,0.6363316015630871,1.2487600653035136,0,5.1582962884258645,TRUE,133
P. vivax,paper_replica,21009,Imperatriz,MA,2014,3,135,583526,1.713719697151455,0.6460826182005927,1.0676370789508622,0,4.97835572022497,TRUE,133
P. vivax,paper_replica,21010,Médio Mearim,MA,2014,1,133,415623,2.4060266154664203,0.6921259544512768,1.7139006610151435,0,5.660177612884748,TRUE,133
P. vivax,paper_replica,21010,Médio Mearim,MA,2014,2,134,415623,1.9248212923731363,0.6351259153563453,1.289695377016791,0,6.255669200212692,TRUE,133
P. vivax,paper_replica,21010,Médio Mearim,MA,2014,3,135,415623,1.6842186308264944,0.6448605482053431,1.0393580826211513,0,5.305288687103445,TRUE,133
P. vivax,paper_replica,21011,Alto Mearim e Grajaú,MA,2014,1,133,323562,6.490255345188865,0.7353084831251768,5.754946862063688,0,7.123827890790622,TRUE,133
P. vivax,paper_replica,21011,Alto Mearim e Grajaú,MA,2014,2,134,323562,6.181195566846539,0.6747529330736656,5.506442633772874,0,5.578528999078987,FALSE,133
P. vivax,paper_replica,21011,Alto Mearim e Grajaú,MA,2014,3,135,323562,7.417434680215846,0.6850946790893676,6.732340001126479,0,5.887588777421314,FALSE,133
P. vivax,paper_replica,21012,Presidente Dutra,MA,2014,1,133,194658,3.5960505090980077,0.4552937421897938,3.140756766908214,0,4.623493511697439,TRUE,133
P. vivax,paper_replica,21012,Presidente Dutra,MA,2014,2,134,194658,1.5411645038991462,0.41780293807829,1.1233615658208562,0,4.623493511697439,TRUE,133
P. vivax,paper_replica,21012,Presidente Dutra,MA,2014,3,135,194658,1.5411645038991462,0.42421187857396736,1.1169526253251787,0,4.893197299879778,TRUE,133
P. vivax,paper_replica,21013,Baixo Parnaíba Maranhense,MA,2014,1,133,141167,1.4167617077645627,0.3726430104678361,1.0441186972967267,0,4.958665977175969,TRUE,133
P. vivax,paper_replica,21013,Baixo Parnaíba Maranhense,MA,2014,2,134,141167,1.4167617077645627,0.34196205675799696,1.0747996510065656,0,3.5419042694114067,TRUE,133
P. vivax,paper_replica,21013,Baixo Parnaíba Maranhense,MA,2014,3,135,141167,0.7083808538822813,0.3472099984689265,0.36117085541335486,0,4.250285123293687,TRUE,133
P. vivax,paper_replica,21014,Chapadinha,MA,2014,1,133,236667,0.8450692322968558,0.22318050105590956,0.6218887312409462,0,1.9119691380716266,TRUE,133
P. vivax,paper_replica,21014,Chapadinha,MA,2014,2,134,236667,0.8450692322968558,0.20480547346899416,0.6402637588278617,0,2.1126730807421397,TRUE,133
P. vivax,paper_replica,21014,Chapadinha,MA,2014,3,135,236667,0.4225346161484279,0.20794894598370564,0.21458567016472227,0,2.535207696890568,TRUE,133
P. vivax,paper_replica,21015,Codó,MA,2014,1,133,271051,16.233107422588372,0.4102620301044389,15.822845392483933,0,3.689342596042811,FALSE,133
P. vivax,paper_replica,21015,Codó,MA,2014,2,134,271051,7.7476194516899035,0.3764784090052381,7.371141042684665,0,3.5140988227307695,FALSE,133
P. vivax,paper_replica,21015,Codó,MA,2014,3,135,271051,3.689342596042811,0.38225322917129273,3.3070893668715184,0,3.3204083364385304,FALSE,133
P. vivax,paper_replica,21016,Coelho Neto,MA,2014,1,133,90879,0,0.05559047987182733,-0.05559047987182733,0,1.1003642205570043,TRUE,133
P. vivax,paper_replica,21016,Coelho Neto,MA,2014,2,134,90879,0,0.05102085653159687,-0.05102085653159687,0,1.1003642205570043,TRUE,133
P. vivax,paper_replica,21016,Coelho Neto,MA,2014,3,135,90879,0,0.05181072042027474,-0.05181072042027474,0,1.1003642205570043,TRUE,133
P. vivax,paper_replica,21017,Caxias,MA,2014,1,133,431688,1.8531902670447173,0.12253739871343076,1.7306528683312865,0,1.6215414836641278,FALSE,133
P. vivax,paper_replica,21017,Caxias,MA,2014,2,134,431688,2.7797854005670763,0.11244796879770297,2.6673374317693734,0,0.9265951335223587,FALSE,133
P. vivax,paper_replica,21017,Caxias,MA,2014,3,135,431688,1.3898927002835382,0.11417347609793432,1.275719224185604,0,1.1582439169029484,FALSE,133
P. vivax,paper_replica,21018,Chapadas do Alto Itapecuru,MA,2014,1,133,215316,0,0.11924499650178699,-0.11924499650178699,0,1.3933010087499305,TRUE,133
P. vivax,paper_replica,21018,Chapadas do Alto Itapecuru,MA,2014,2,134,215316,0.4644336695833101,0.10942848966192478,0.35500517992138536,0,1.3933010087499305,TRUE,133
P. vivax,paper_replica,21018,Chapadas do Alto Itapecuru,MA,2014,3,135,215316,0.4644336695833101,0.1111102380526536,0.3533234315306565,0,1.3933010087499305,TRUE,133
P. vivax,paper_replica,21019,Porto Franco,MA,2014,1,133,116059,0.8616307223050345,0.26705878804694755,0.5945719342580869,0,2.5848921669151035,TRUE,133
P. vivax,paper_replica,21019,Porto Franco,MA,2014,2,134,116059,0.8616307223050345,0.24507346934345783,0.6165572529615766,0,2.5848921669151035,TRUE,133
P. vivax,paper_replica,21019,Porto Franco,MA,2014,3,135,116059,0.8616307223050345,0.24883780545203119,0.6127929168530033,0,3.037248296125227,TRUE,133
P. vivax,paper_replica,21020,Gerais de Balsas,MA,2014,1,133,138048,0,0.03060078235675605,-0.03060078235675605,0,0.7243857209086694,TRUE,133
P. vivax,paper_replica,21020,Gerais de Balsas,MA,2014,2,134,138048,0,0.02808570477351815,-0.02808570477351815,0,0.7243857209086694,TRUE,133
P. vivax,paper_replica,21020,Gerais de Balsas,MA,2014,3,135,138048,0,0.028521255530127066,-0.028521255530127066,0,0.7243857209086694,TRUE,133
P. vivax,paper_replica,21021,Chapadas das Mangabeiras,MA,2014,1,133,70395,0,0.01981297431170454,-0.01981297431170454,0,0,TRUE,133
P. vivax,paper_replica,21021,Chapadas das Mangabeiras,MA,2014,2,134,70395,0,0.01818965745993309,-0.01818965745993309,0,0,TRUE,133
P. vivax,paper_replica,21021,Chapadas das Mangabeiras,MA,2014,3,135,70395,0,0.018476499782679727,-0.018476499782679727,0,0,TRUE,133
P. vivax,paper_replica,51001,Aripuanã,MT,2014,1,133,152295,38.08398174595358,19.5885741771673,18.49540756878628,5.2529629994418725,147.37844315309076,TRUE,133
P. vivax,paper_replica,51001,Aripuanã,MT,2014,2,134,152295,17.72875012311632,17.9752436727587,-0.24649354964238057,3.2831018746511704,143.9311861847072,TRUE,133
P. vivax,paper_replica,51001,Aripuanã,MT,2014,3,135,152295,12.475787123674447,18.250602494056718,-5.774815370382271,3.906891230834895,151.38382744016513,TRUE,133
P. vivax,paper_replica,51002,Alta Floresta,MT,2014,1,133,102328,25.408490344773668,1.9182835958685582,23.49020674890511,0,17.59049331561254,FALSE,133
P. vivax,paper_replica,51002,Alta Floresta,MT,2014,2,134,102328,15.635994058322257,1.7603068624117935,13.875687195910464,0,14.194550856070652,FALSE,133
P. vivax,paper_replica,51002,Alta Floresta,MT,2014,3,135,102328,13.681494801031976,1.7872860294412092,11.894208771590767,0,15.635994058322257,TRUE,133
P. vivax,paper_replica,51003,Colíder,MT,2014,1,133,148564,10.769769257693653,1.9638941996915635,8.80587505800209,0,18.847096200963893,TRUE,133
P. vivax,paper_replica,51003,Colíder,MT,2014,2,134,148564,6.057995207452681,1.8021574485922494,4.255837758860432,0,12.789100993511216,TRUE,133
P. vivax,paper_replica,51003,Colíder,MT,2014,3,135,148564,8.750437521876094,1.8297761469042586,6.920661374971836,0,14.842088258259036,TRUE,133
P. vivax,paper_replica,51004,Parecis,MT,2014,1,133,99190,4.032664583123299,0.706542846752414,3.326121736370885,0,7.057163020465773,TRUE,133
P. vivax,paper_replica,51004,Parecis,MT,2014,2,134,99190,1.0081661457808246,0.6483694719821698,0.3597966737986549,0,5.040830728904123,TRUE,133
P. vivax,paper_replica,51004,Parecis,MT,2014,3,135,99190,1.0081661457808246,0.6583194419809154,0.34984670379990923,0,7.586450247000682,TRUE,133
P. vivax,paper_replica,51005,Arinos,MT,2014,1,133,78503,0,0.27513543999731854,-0.27513543999731854,0,3.821510005987032,TRUE,133
P. vivax,paper_replica,51005,Arinos,MT,2014,2,134,78503,0,0.25248800019762374,-0.25248800019762374,0,3.21643758837239,TRUE,133
P. vivax,paper_replica,51005,Arinos,MT,2014,3,135,78503,0,0.2563701534548537,-0.2563701534548537,0,3.821510005987032,TRUE,133
P. vivax,paper_replica,51006,Alto Teles Pires,MT,2014,1,133,223705,0.44701727721776446,0.6684615583830071,-0.22144428116524267,0,6.045908674370255,TRUE,133
P. vivax,paper_replica,51006,Alto Teles Pires,MT,2014,2,134,223705,1.3410518316532933,0.6134181681146019,0.7276336635386914,0,5.598891397152489,TRUE,133
P. vivax,paper_replica,51006,Alto Teles Pires,MT,2014,3,135,223705,1.3410518316532933,0.6228251660738209,0.7182266655794725,0,6.045908674370255,TRUE,133
P. vivax,paper_replica,51007,Sinop,MT,2014,1,133,187978,0.5319771462617966,1.7204649720651777,-1.188487825803381,0,15.733224100692599,TRUE,133
P. vivax,paper_replica,51007,Sinop,MT,2014,2,134,187978,1.59593143878539,1.578778210850635,0.017153227934755044,0,12.76745151028312,TRUE,133
P. vivax,paper_replica,51007,Sinop,MT,2014,3,135,187978,0.5319771462617966,1.6029771464495892,-1.0710000001877926,0,11.982785219546956,TRUE,133
P. vivax,paper_replica,51008,Paranatinga,MT,2014,1,133,34407,0,0.7504949619597053,-0.7504949619597053,0,8.719155985700585,TRUE,133
P. vivax,paper_replica,51008,Paranatinga,MT,2014,2,134,34407,0,0.6887209083585082,-0.6887209083585082,0,8.719155985700585,TRUE,133
P. vivax,paper_replica,51008,Paranatinga,MT,2014,3,135,34407,0,0.6993062425238977,-0.6993062425238977,0,8.719155985700585,TRUE,133
P. vivax,paper_replica,51009,Norte Araguaia,MT,2014,1,133,121056,0,0.29314625507268527,-0.29314625507268527,0,3.304255881575469,TRUE,133
P. vivax,paper_replica,51009,Norte Araguaia,MT,2014,2,134,121056,0,0.26901384783529053,-0.26901384783529053,0,3.304255881575469,TRUE,133
P. vivax,paper_replica,51009,Norte Araguaia,MT,2014,3,135,121056,0,0.27314705470087774,-0.27314705470087774,0,2.9118754956383635,TRUE,133
P. vivax,paper_replica,51010,Canarana,MT,2014,1,133,106676,0,0.21245338802110672,-0.21245338802110672,0,2.812253927781319,TRUE,133
P. vivax,paper_replica,51010,Canarana,MT,2014,2,134,106676,0,0.1949667675899985,-0.1949667675899985,0,1.8748359518542128,TRUE,133
P. vivax,paper_replica,51010,Canarana,MT,2014,3,135,106676,0,0.19796354314172332,-0.19796354314172332,0,1.8748359518542128,TRUE,133
P. vivax,paper_replica,51011,Médio Araguaia,MT,2014,1,133,66734,0,0.05069428569937991,-0.05069428569937991,0,1.4984865286061078,TRUE,133
P. vivax,paper_replica,51011,Médio Araguaia,MT,2014,2,134,66734,0,0.04652949344188856,-0.04652949344188856,0,1.4984865286061078,TRUE,133
P. vivax,paper_replica,51011,Médio Araguaia,MT,2014,3,135,66734,0,0.047252201736585654,-0.047252201736585654,0,1.4984865286061078,TRUE,133
P. vivax,paper_replica,51012,Alto Guaporé,MT,2014,1,133,70719,0,0.7074204195769555,-0.7074204195769555,0,7.07023572165896,TRUE,133
P. vivax,paper_replica,51012,Alto Guaporé,MT,2014,2,134,70719,0,0.6491768596327351,-0.6491768596327351,0,5.6561885773271685,TRUE,133
P. vivax,paper_replica,51012,Alto Guaporé,MT,2014,3,135,70719,0,0.6591403014946237,-0.6591403014946237,0,7.07023572165896,TRUE,133
P. vivax,paper_replica,51013,Tangará da Serra,MT,2014,1,133,156519,0,0.14212493675024396,-0.14212493675024396,0,1.916700208920323,TRUE,133
P. vivax,paper_replica,51013,Tangará da Serra,MT,2014,2,134,156519,0,0.13042651427129864,-0.13042651427129864,0,1.6132226758412571,TRUE,133
P. vivax,paper_replica,51013,Tangará da Serra,MT,2014,3,135,156519,0,0.13243153531527102,-0.13243153531527102,0,1.916700208920323,TRUE,133
P. vivax,paper_replica,51014,Jauru,MT,2014,1,133,107828,0,0.10138106432521893,-0.10138106432521893,0,1.8548058018325482,TRUE,133
P. vivax,paper_replica,51014,Jauru,MT,2014,2,134,107828,0,0.09303872957180041,-0.09303872957180041,0,0.9274029009162741,TRUE,133
P. vivax,paper_replica,51014,Jauru,MT,2014,3,135,107828,0,0.09447212401406266,-0.09447212401406266,0,0.9274029009162741,TRUE,133
P. vivax,paper_replica,51015,Alto Paraguai,MT,2014,1,133,32657,0,0.12346807144670598,-0.12346807144670598,0,3.062130630492697,TRUE,133
P. vivax,paper_replica,51015,Alto Paraguai,MT,2014,2,134,32657,0,0.1133211267488692,-0.1133211267488692,0,3.062130630492697,TRUE,133
P. vivax,paper_replica,51015,Alto Paraguai,MT,2014,3,135,32657,0,0.11507917814047024,-0.11507917814047024,0,3.062130630492697,TRUE,133
P. vivax,paper_replica,51016,Rosário Oeste,MT,2014,1,133,30560,0,0.09147184459199956,-0.09147184459199956,0,3.272251308900524,TRUE,133
P. vivax,paper_replica,51016,Rosário Oeste,MT,2014,2,134,30560,0,0.08395771168927871,-0.08395771168927871,0,3.272251308900524,TRUE,133
P. vivax,paper_replica,51016,Rosário Oeste,MT,2014,3,135,30560,0,0.08526278295752915,-0.08526278295752915,0,3.272251308900524,TRUE,133
P. vivax,paper_replica,51017,Cuiabá,MT,2014,1,133,890277,0.22464918222081443,0.13357185076516906,0.09107733145564537,0,1.4068655036578477,TRUE,133
P. vivax,paper_replica,51017,Cuiabá,MT,2014,2,134,890277,0.6739475466624433,0.12257214738436635,0.5513753992780769,0,1.2355705022144794,TRUE,133
P. vivax,paper_replica,51017,Cuiabá,MT,2014,3,135,890277,0.22464918222081443,0.12445163099007597,0.10019755123073845,0,1.123245911104072,TRUE,133
P. vivax,paper_replica,51018,Alto Pantanal,MT,2014,1,133,134727,0,0.08238386316569879,-0.08238386316569879,0,1.484483436876053,TRUE,133
P. vivax,paper_replica,51018,Alto Pantanal,MT,2014,2,134,134727,0,0.07560596345771241,-0.07560596345771241,0,1.484483436876053,TRUE,133
P. vivax,paper_replica,51018,Alto Pantanal,MT,2014,3,135,134727,0,0.07677102564589627,-0.07677102564589627,0,0.7422417184380266,TRUE,133
P. vivax,paper_replica,51019,Primavera do Leste,MT,2014,1,133,93250,0,0.11817487675602795,-0.11817487675602795,0,2.1447721179624666,TRUE,133
P. vivax,paper_replica,51019,Primavera do Leste,MT,2014,2,134,93250,0,0.10845335745657682,-0.10845335745657682,0,2.1447721179624666,TRUE,133
P. vivax,paper_replica,51019,Primavera do Leste,MT,2014,3,135,93250,0,0.11012511669191545,-0.11012511669191545,0,1.0723860589812333,TRUE,133
P. vivax,paper_replica,51020,Tesouro,MT,2014,1,133,54544,0,0.028626275916387618,-0.028626275916387618,0,1.8333822235259607,TRUE,133
P. vivax,paper_replica,51020,Tesouro,MT,2014,2,134,54544,0,0.02627913651324866,-0.02627913651324866,0,0,TRUE,133
P. vivax,paper_replica,51020,Tesouro,MT,2014,3,135,54544,0,0.026692045906286384,-0.026692045906286384,0,0,TRUE,133
P. vivax,paper_replica,51021,Rondonópolis,MT,2014,1,133,294225,0.33987594527997284,0.08943459998821623,0.2504413452917566,0,1.0196278358399185,TRUE,133
P. vivax,paper_replica,51021,Rondonópolis,MT,2014,2,134,294225,0,0.08207283783702309,-0.08207283783702309,0,1.0196278358399185,TRUE,133
P. vivax,paper_replica,51021,Rondonópolis,MT,2014,3,135,294225,0,0.08333393033585315,-0.08333393033585315,0,1.0196278358399185,TRUE,133
P. vivax,paper_replica,51022,Alto Araguaia,MT,2014,1,133,37615,0,0.010505159036747891,-0.010505159036747891,0,0,TRUE,133
P. vivax,paper_replica,51022,Alto Araguaia,MT,2014,2,134,37615,0,0.009652948355678164,-0.009652948355678164,0,0,TRUE,133
P. vivax,paper_replica,51022,Alto Araguaia,MT,2014,3,135,37615,0,0.009813302813434722,-0.009813302813434722,0,0,TRUE,133
P. vivax,paper_replica,11001,Porto Velho,RO,2015,1,145,637530,66.34981883205496,75.50711606703943,-9.157297234984469,25.07332988251533,536.8061110849683,TRUE,145
P. vivax,paper_replica,11001,Porto Velho,RO,2015,2,146,637530,57.87962919392029,69.13239677619609,-11.252767582275801,27.504588019387327,481.5067526234059,TRUE,145
P. vivax,paper_replica,11001,Porto Velho,RO,2015,3,147,637530,67.44780637773908,69.83974200583961,-2.3919356281005264,23.308707041237277,583.858798801625,TRUE,145
P. vivax,paper_replica,11002,Guajará-Mirim,RO,2015,1,145,82285,59.54912803062527,28.63951231698388,30.90961571364139,6.076441635778088,223.09655465759243,TRUE,145
P. vivax,paper_replica,11002,Guajará-Mirim,RO,2015,2,146,82285,36.45864981466853,26.221643489141798,10.237006325526735,6.076441635778088,187.3366956310383,TRUE,145
P. vivax,paper_replica,11002,Guajará-Mirim,RO,2015,3,147,82285,47.39624475906909,26.48997316553248,20.906271593536612,5.4384152640213905,212.73622166859082,TRUE,145
P. vivax,paper_replica,11003,Ariquemes,RO,2015,1,145,198611,19.132877836575013,50.363679516994054,-31.23080168041904,17.86154845401312,372.8519568402555,TRUE,145
P. vivax,paper_replica,11003,Ariquemes,RO,2015,2,146,198611,34.237781391765814,46.111721511397576,-11.873940119631762,13.330077387455882,305.2701008504059,TRUE,145
P. vivax,paper_replica,11003,Ariquemes,RO,2015,3,147,198611,25.67833604382436,46.58354157670586,-20.905205532881503,16.85455488366707,365.66454023191005,TRUE,145
P. vivax,paper_replica,11004,Ji-Paraná,RO,2015,1,145,316823,5.997039356359861,7.219028911566416,-1.2219895552065552,1.2625346013389178,59.867812627239765,TRUE,145
P. vivax,paper_replica,11004,Ji-Paraná,RO,2015,2,146,316823,2.8407028530125653,6.60956691379801,-3.7688640607854444,1.4124605852479148,54.375787111415306,TRUE,145
P. vivax,paper_replica,11004,Ji-Paraná,RO,2015,3,147,316823,6.62830665702932,6.677203430947715,-0.0488967739183952,1.5781682516736473,51.64555603602008,TRUE,145
P. vivax,paper_replica,11005,Alvorada D'Oeste,RO,2015,1,145,75169,0,4.59789659682821,-4.59789659682821,0,35.91906237943834,TRUE,145
P. vivax,paper_replica,11005,Alvorada D'Oeste,RO,2015,2,146,75169,6.6516782184145065,4.2097381499717335,2.441940068442773,0,35.28715294868893,TRUE,145
P. vivax,paper_replica,11005,Alvorada D'Oeste,RO,2015,3,147,75169,10.64268514946321,4.252837332145492,6.389847817317718,0,37.94782423605472,TRUE,145
P. vivax,paper_replica,11006,Cacoal,RO,2015,1,145,248619,4.826662483559181,3.6561149853830432,1.1705474981761377,0.4022218736299317,31.58447262679038,TRUE,145
P. vivax,paper_replica,11006,Cacoal,RO,2015,2,146,248619,7.642215598968703,3.3474558323640378,4.294759766604665,0,24.746700775081543,TRUE,145
P. vivax,paper_replica,11006,Cacoal,RO,2015,3,147,248619,6.8377718517088395,3.3817159156915495,3.45605593601729,0,31.202361846841924,TRUE,145
P. vivax,paper_replica,11007,Vilhena,RO,2015,1,145,154743,5.1698622877933085,2.278996700750377,2.8908655870429314,0,20.679449151173234,TRUE,145
P. vivax,paper_replica,11007,Vilhena,RO,2015,2,146,154743,3.877396715844982,2.0866040402659234,1.7907926755790586,0,23.296691934368567,TRUE,145
P. vivax,paper_replica,11007,Vilhena,RO,2015,3,147,154743,3.2311639298708177,2.10796731314206,1.1231966167287575,0,17.787557433938836,TRUE,145
P. vivax,paper_replica,11008,Colorado do Oeste,RO,2015,1,145,54424,3.6748493311774215,2.2238420649431045,1.451007266234317,0,21.17631927090985,TRUE,145
P. vivax,paper_replica,11008,Colorado do Oeste,RO,2015,2,146,54424,0,2.0361159157110595,-2.0361159157110595,0,22.049095987064533,TRUE,145
P. vivax,paper_replica,11008,Colorado do Oeste,RO,2015,3,147,54424,0,2.056974554361093,-2.056974554361093,0,21.17631927090985,TRUE,145
P. vivax,paper_replica,12001,Cruzeiro do Sul,AC,2015,1,145,143320,1263.6059168294726,209.03578172352724,1054.5701351059454,69.70415852637454,1502.825844264579,TRUE,145
P. vivax,paper_replica,12001,Cruzeiro do Sul,AC,2015,2,146,143320,962.8802679319006,191.38786028847417,771.4924076434264,62.79653921295004,1336.2056935528888,TRUE,145
P. vivax,paper_replica,12001,Cruzeiro do Sul,AC,2015,3,147,143320,894.5018141222439,193.34610665513821,701.1557074671057,59.203181691320125,1418.4866034049664,TRUE,145
P. vivax,paper_replica,12002,Tarauacá,AC,2015,1,145,78713,40.6540215720402,19.195843501040436,21.458178070999764,1.206916265419947,161.47269193144706,TRUE,145
P. vivax,paper_replica,12002,Tarauacá,AC,2015,2,146,78713,24.13832530839887,17.57525155188972,6.563073756509148,3.144334480962486,160.13873184861453,TRUE,145
P. vivax,paper_replica,12002,Tarauacá,AC,2015,3,147,78713,19.05657261189384,17.755103310489464,1.3014693014043779,2.5408763482525125,202.03143064042726,TRUE,145
P. vivax,paper_replica,12003,Sena Madureira,AC,2015,1,145,56200,0,0.4979531868459796,-0.4979531868459796,0,7.117437722419928,TRUE,145
P. vivax,paper_replica,12003,Sena Madureira,AC,2015,2,146,56200,0,0.45593140499834994,-0.45593140499834994,0,5.338078291814947,TRUE,145
P. vivax,paper_replica,12003,Sena Madureira,AC,2015,3,147,56200,0,0.4606119579733372,-0.4606119579733372,0,7.117437722419928,TRUE,145
P. vivax,paper_replica,12004,Rio Branco,AC,2015,1,145,460354,16.074586079408455,7.1315942447412715,8.942991834667183,1.737793089665779,55.071749132189574,TRUE,145
P. vivax,paper_replica,12004,Rio Branco,AC,2015,2,146,460354,13.250672308701565,6.52951220447484,6.721160104226725,1.5205689534575566,47.273402642314366,TRUE,145
P. vivax,paper_replica,12004,Rio Branco,AC,2015,3,147,460354,13.467896444909787,6.596326797125214,6.871569647784573,1.5205689534575566,65.93295594260069,TRUE,145
P. vivax,paper_replica,12005,Brasiléia,AC,2015,1,145,64926,3.0804300280319135,1.3205352758412998,1.7598947521906136,0,13.86193512614361,TRUE,145
P. vivax,paper_replica,12005,Brasiléia,AC,2015,2,146,64926,1.5402150140159567,1.2090690449768435,0.3311459690391132,0,13.86193512614361,TRUE,145
P. vivax,paper_replica,12005,Brasiléia,AC,2015,3,147,64926,1.5402150140159567,1.221460561189185,0.31875445282677184,0,13.130332994485997,TRUE,145
P. vivax,paper_replica,13001,Rio Negro,AM,2015,1,145,110602,700.7106562268314,108.25481021046765,592.4558460163637,36.03008987179256,852.2675900978281,TRUE,145
P. vivax,paper_replica,13001,Rio Negro,AM,2015,2,146,110602,903.2386394459413,99.1153693931546,804.1232700527867,30.266179635087973,896.2993435923395,FALSE,145
P. vivax,paper_replica,13001,Rio Negro,AM,2015,3,147,110602,832.7155024321441,100.1295166702836,732.5859857618606,28.457894070631635,934.5671868501469,TRUE,145
P. vivax,paper_replica,13002,Japurá,AM,2015,1,145,23548,233.5654832682181,27.60768683333199,205.9577964348861,0,244.2882622728044,TRUE,145
P. vivax,paper_replica,13002,Japurá,AM,2015,2,146,23548,191.09903176490573,25.276973581884793,165.82205818302094,0,216.79123492440954,TRUE,145
P. vivax,paper_replica,13002,Japurá,AM,2015,3,147,23548,191.09903176490573,25.53572207894032,165.5633096859654,0,210.31510107015447,TRUE,145
P. vivax,paper_replica,13003,Alto Solimões,AM,2015,1,145,245521,197.13181357195515,37.0237693926936,160.10804417926155,8.746705984416812,339.27851385421206,TRUE,145
P. vivax,paper_replica,13003,Alto Solimões,AM,2015,2,146,245521,220.75504742975144,33.898044352549896,186.85700307720154,11.19048879729229,311.47030192936643,TRUE,145
P. vivax,paper_replica,13003,Alto Solimões,AM,2015,3,147,245521,298.9560974417667,34.24489613557911,264.7112013061876,13.848102606294368,264.5700367789313,FALSE,145
P. vivax,paper_replica,13004,Juruá,AM,2015,1,145,144754,304.65479364991637,56.206776329689276,248.4480173202271,15.129115603023065,395.2049684291968,TRUE,145
P. vivax,paper_replica,13004,Juruá,AM,2015,2,146,144754,442.12940575044564,51.46152179285883,390.6678839575868,11.38137806209155,338.91982259557557,FALSE,145
P. vivax,paper_replica,13004,Juruá,AM,2015,3,147,144754,847.6449700871825,51.98809599870595,795.6568740884766,13.816543929701426,458.294762148196,FALSE,145
P. vivax,paper_replica,13005,Tefé,AM,2015,1,145,91110,200.8561080013171,65.46890043336757,135.38720756794953,12.59466578860718,527.4667983755899,TRUE,145
P. vivax,paper_replica,13005,Tefé,AM,2015,2,146,91110,155.85555921413675,59.941697192636745,95.9138620215,12.59466578860718,415.1575019207549,TRUE,145
P. vivax,paper_replica,13005,Tefé,AM,2015,3,147,91110,245.8566567884974,60.55504691838065,185.30160987011675,21.37526067391066,440.9779387553504,TRUE,145
P. vivax,paper_replica,13006,Coari,AM,2015,1,145,172058,66.25672738262678,33.81711538586019,32.43961199676659,7.555591719071475,278.69962454521146,TRUE,145
P. vivax,paper_replica,13006,Coari,AM,2015,2,146,172058,86.59870508781923,30.962113668347882,55.636591419471344,7.555591719071475,256.6431087191528,TRUE,145
P. vivax,paper_replica,13006,Coari,AM,2015,3,147,172058,74.39351846470376,31.27893072474069,43.11458773996307,8.1077311139267,229.53015843494615,TRUE,145
P. vivax,paper_replica,13007,Manaus,AM,2015,1,145,2327732,38.191681860282884,20.439016624636068,17.752665235646816,6.439744781615754,151.03113244995552,TRUE,145
P. vivax,paper_replica,13007,Manaus,AM,2015,2,146,2327732,29.556667176461897,18.713444730441186,10.843222446020711,5.9929579522041205,160.71652578561452,TRUE,145
P. vivax,paper_replica,13007,Manaus,AM,2015,3,147,2327732,34.96966145587207,18.904915589205633,16.06474586666644,5.863003129226216,148.66831748672095,TRUE,145
P. vivax,paper_replica,13008,Rio Preto da Eva,AM,2015,1,145,63342,86.83022323261028,76.03791959727707,10.792303635333212,22.852136023491525,658.7256480692113,TRUE,145
P. vivax,paper_replica,13008,Rio Preto da Eva,AM,2015,2,146,63342,94.7238798901203,69.61843201645779,25.105447873662513,18.944775978024058,641.122793722964,TRUE,145
P. vivax,paper_replica,13008,Rio Preto da Eva,AM,2015,3,147,63342,107.35373054213633,70.33079701906553,37.022933523070805,21.27340469198952,528.6776546367319,TRUE,145
P. vivax,paper_replica,13009,Itacoatiara,AM,2015,1,145,171452,5.832536220049926,12.826008198795128,-6.993471978745202,2.3330144880199706,128.1554020950469,TRUE,145
P. vivax,paper_replica,13009,Itacoatiara,AM,2015,2,146,171452,2.916268110024963,11.743191370757584,-8.82692326073262,2.3330144880199706,96.86384527447885,TRUE,145
P. vivax,paper_replica,13009,Itacoatiara,AM,2015,3,147,171452,5.832536220049926,11.863360992684198,-6.030824772634272,2.02680633646735,95.6535940088188,TRUE,145
P. vivax,paper_replica,13010,Parintins,AM,2015,1,145,270186,50.33569466959798,4.406728745877765,45.92896592372021,0.7402308039646761,45.792528110264705,FALSE,145
P. vivax,paper_replica,13010,Parintins,AM,2015,2,146,270186,36.27130939426913,4.034697340978114,32.23661205329102,0,33.310386178410425,FALSE,145
P. vivax,paper_replica,13010,Parintins,AM,2015,3,147,270186,18.135654697134566,4.075989242952908,14.059665454181658,0.1758048159416111,31.35802743295352,TRUE,145
P. vivax,paper_replica,13011,Boca do Acre,AM,2015,1,145,52876,132.38520311672593,35.185967894576244,97.1992352221497,5.6736515621453965,337.72410923670463,TRUE,145
P. vivax,paper_replica,13011,Boca do Acre,AM,2015,2,146,52876,83.21355624479915,32.215421718102846,50.998134526696305,6.571979726151754,253.70678568726808,TRUE,145
P. vivax,paper_replica,13011,Boca do Acre,AM,2015,3,147,52876,88.88720780694455,32.54510245330106,56.34210535364348,3.782434374763598,245.95279521900284,TRUE,145
P. vivax,paper_replica,13012,Purus,AM,2015,1,145,76545,516.0363185054543,84.71533988801703,431.32097861743733,18.28989483310471,614.9650532366579,TRUE,145
P. vivax,paper_replica,13012,Purus,AM,2015,2,146,76545,411.522633744856,77.56325549350436,333.95937825135167,22.20915801162715,603.0113005421636,TRUE,145
P. vivax,paper_replica,13012,Purus,AM,2015,3,147,76545,617.9371611470377,78.35692605959828,539.5802350874394,22.829708014893203,640.0483375792013,TRUE,145
P. vivax,paper_replica,13013,Madeira,AM,2015,1,145,188610,65.74412809501086,51.49301840611755,14.251109688893315,12.72466995387307,618.2466465192708,TRUE,145
P. vivax,paper_replica,13013,Madeira,AM,2015,2,146,188610,52.48926355972642,47.145716442280566,5.343547117445851,13.785059116695829,353.24213986532993,TRUE,145
P. vivax,paper_replica,13013,Madeira,AM,2015,3,147,188610,46.12692858278988,47.62811766460042,-1.5011890818105371,12.194475372461694,367.6104130215788,TRUE,145
P. vivax,paper_replica,14001,Boa Vista,RR,2015,1,145,359804,82.26701203988839,21.281804566666878,60.98520747322151,6.232559949305735,189.83946815488432,TRUE,145
P. vivax,paper_replica,14001,Boa Vista,RR,2015,2,146,359804,73.3732810085491,19.48508728194973,53.88819372659937,4.432969060933175,170.5859301175081,TRUE,145
P. vivax,paper_replica,14001,Boa Vista,RR,2015,3,147,359804,95.32967949216795,19.68446151151931,75.64521798064865,5.398772665117676,144.94697112872564,TRUE,145
P. vivax,paper_replica,14002,Nordeste de Roraima,RR,2015,1,145,47524,96.7931992256544,66.94993351373972,29.843265711914682,16.833599865331202,415.6321016749431,TRUE,145
P. vivax,paper_replica,14002,Nordeste de Roraima,RR,2015,2,146,47524,65.2301994781584,61.297738705199095,3.9324607729593026,8.416799932665601,453.92854136857125,TRUE,145
P. vivax,paper_replica,14002,Nordeste de Roraima,RR,2015,3,147,47524,46.29239962966081,61.92498883540209,-15.632589205741283,14.7293998821648,574.6570154027437,TRUE,145
P. vivax,paper_replica,14003,Caracaraí,RR,2015,1,145,46961,202.29552181597498,69.66571400430088,132.62980781167408,17.035412363450522,590.0640957390174,TRUE,145
P. vivax,paper_replica,14003,Caracaraí,RR,2015,2,146,46961,159.70699090734865,63.78420615427466,95.92278475307398,13.788036881667768,491.5248823491827,TRUE,145
P. vivax,paper_replica,14003,Caracaraí,RR,2015,3,147,46961,161.83641745277998,64.43688152316611,97.39953592961388,18.0468899725304,584.5275867208951,TRUE,145
P. vivax,paper_replica,14004,Sudeste de Roraima,RR,2015,1,145,51376,471.037060105886,62.87795267484349,408.1591074310425,16.496029274369363,535.2207256306438,TRUE,145
P. vivax,paper_replica,14004,Sudeste de Roraima,RR,2015,2,146,51376,525.5372158206167,57.569503449010604,467.96771237160607,11.678604796013703,475.221893491124,FALSE,145
P. vivax,paper_replica,14004,Sudeste de Roraima,RR,2015,3,147,51376,548.8944254126441,58.158588471626835,490.7358369410172,13.625038928682653,560.3297259420734,TRUE,145
P. vivax,paper_replica,15001,Óbidos,PA,2015,1,145,198751,1.5094263676660746,3.1243154853878314,-1.6148891177217568,0.23899250821379583,23.647679760101834,TRUE,145
P. vivax,paper_replica,15001,Óbidos,PA,2015,2,146,198751,0,2.860558869828558,-2.860558869828558,0,32.54071677626771,TRUE,145
P. vivax,paper_replica,15001,Óbidos,PA,2015,3,147,198751,2.0125684902214327,2.889842388361643,-0.8772738981402104,0,24.440128603126492,TRUE,145
P. vivax,paper_replica,15002,Santarém,PA,2015,1,145,507271,4.534065617786154,5.801382172087721,-1.2673165543015674,1.4735713257805003,38.554342747762036,TRUE,145
P. vivax,paper_replica,15002,Santarém,PA,2015,2,146,507271,2.759866028217659,5.311604851069134,-2.5517388228514752,1.1827997263789967,45.316014516895244,TRUE,145
P. vivax,paper_replica,15002,Santarém,PA,2015,3,147,507271,3.7455324668668224,5.365957627060987,-1.6204251601941646,1.3799330141088295,46.03555101710919,TRUE,145
P. vivax,paper_replica,15003,Almeirim,PA,2015,1,145,71843,20.878860849352062,10.867902996887965,10.010957852464097,0.6611639268961506,87.1692440460447,TRUE,145
P. vivax,paper_replica,15003,Almeirim,PA,2015,2,146,71843,13.919240566234706,9.95041306270516,3.968827503529546,0,75.89465918739471,TRUE,145
P. vivax,paper_replica,15003,Almeirim,PA,2015,3,147,71843,5.567696226493883,10.0522537858215,-4.484557559327618,0,84.45499213562886,TRUE,145
P. vivax,paper_replica,15004,Portel,PA,2015,1,145,144594,8.299099547699075,15.249534251213523,-6.950434703514448,2.7663665158996915,129.1374469203423,TRUE,145
P. vivax,paper_replica,15004,Portel,PA,2015,2,146,144594,10.373874434623843,13.962127611912662,-3.588253177288818,3.0948725396627808,95.80273040375118,TRUE,145
P. vivax,paper_replica,15004,Portel,PA,2015,3,147,144594,22.822523756172455,14.10501683607512,8.717506920097335,3.4579581448746146,124.53836258765887,TRUE,145
P. vivax,paper_replica,15005,Furos de Breves,PA,2015,1,145,220578,121.49897088558242,66.92215720139943,54.576813684182994,23.075737380881144,505.4901214083,TRUE,145
P. vivax,paper_replica,15005,Furos de Breves,PA,2015,2,146,220578,127.84593205124719,61.272249152451096,66.5736828987961,21.069644298162103,530.5492841534507,TRUE,145
P. vivax,paper_replica,15005,Furos de Breves,PA,2015,3,147,220578,141.89991748950484,61.89918484926277,80.00073264024208,18.564861409569406,446.8147322035734,TRUE,145
P. vivax,paper_replica,15006,Arari,PA,2015,1,145,168225,3.566651805617477,5.360704566776642,-1.7940527611591648,0,38.35636795957794,TRUE,145
P. vivax,paper_replica,15006,Arari,PA,2015,2,146,168225,8.916629514043692,4.90815165205295,4.008477861990742,0,37.16748402437211,TRUE,145
P. vivax,paper_replica,15006,Arari,PA,2015,3,147,168225,3.566651805617477,4.95839236964995,-1.3917405640324727,0.5944419676029128,48.23896567097629,TRUE,145
P. vivax,paper_replica,15007,Belém,PA,2015,1,145,2261942,0.7515665742092414,0.5423449166887591,0.20922165752048238,0.06520945276227247,6.791730291934978,TRUE,145
P. vivax,paper_replica,15007,Belém,PA,2015,2,146,2261942,0.39788818634606904,0.49655849822239645,-0.09867031187632741,0.04420979848289655,3.764464340818636,TRUE,145
P. vivax,paper_replica,15007,Belém,PA,2015,3,147,2261942,0.3536783878631724,0.5016405026251853,-0.14796211476201293,0.0884195969657931,4.444189992493175,TRUE,145
P. vivax,paper_replica,15008,Castanhal,PA,2015,1,145,324645,0.616057539774215,0.7260626650102745,-0.11000512523605954,0,6.630319271819982,TRUE,145
P. vivax,paper_replica,15008,Castanhal,PA,2015,2,146,324645,0.616057539774215,0.664770652643586,-0.04871311286937108,0,4.782146652497337,TRUE,145
P. vivax,paper_replica,15008,Castanhal,PA,2015,3,147,324645,0,0.6715783724181067,-0.6715783724181067,0,6.322290501932874,TRUE,145
P. vivax,paper_replica,15009,Salgado,PA,2015,1,145,260362,0.7681612524101059,3.7936571697294315,-3.0254959173193257,0.38408062620505296,28.623608667931563,TRUE,145
P. vivax,paper_replica,15009,Salgado,PA,2015,2,146,260362,0,3.4733881688113666,-3.4733881688113666,0,34.20237976355995,TRUE,145
P. vivax,paper_replica,15009,Salgado,PA,2015,3,147,260362,0.7681612524101059,3.508942997548988,-2.7407817451388823,0,27.26972446055876,TRUE,145
P. vivax,paper_replica,15010,Bragantina,PA,2015,1,145,405443,0.24664379456545063,2.140123782604985,-1.893479988039534,0,12.825477317403433,TRUE,145
P. vivax,paper_replica,15010,Bragantina,PA,2015,2,146,405443,0.24664379456545063,1.9594523586041757,-1.712808564038725,0,14.798627673927038,TRUE,145
P. vivax,paper_replica,15010,Bragantina,PA,2015,3,147,405443,0.7399313836963519,1.9795119219892854,-1.2395805382929335,0,14.564316069089848,TRUE,145
P. vivax,paper_replica,15011,Cametá,PA,2015,1,145,473045,0.8455855151201259,2.9306178329066577,-2.0850323177865318,0.42279275756006296,27.069306302783023,TRUE,145
P. vivax,paper_replica,15011,Cametá,PA,2015,2,146,473045,0.42279275756006296,2.683209033481288,-2.260416275921225,0.3118096587005467,28.9824435307423,TRUE,145
P. vivax,paper_replica,15011,Cametá,PA,2015,3,147,473045,0.42279275756006296,2.7106731643864057,-2.2878804068263427,0.21139637878003148,23.618260419198975,TRUE,145
P. vivax,paper_replica,15012,Tomé-Açu,PA,2015,1,145,320418,0.31209232939472814,4.659024540094749,-4.346932210700021,0.6241846587894563,36.67865101211542,FALSE,145
P. vivax,paper_replica,15012,Tomé-Açu,PA,2015,2,146,320418,0.9362769881841844,4.265693943713898,-3.3294169555297133,0.31209232939472814,34.03366852049509,TRUE,145
P. vivax,paper_replica,15012,Tomé-Açu,PA,2015,3,147,320418,0.9362769881841844,4.309349838627182,-3.3730728504429974,0.6241846587894563,33.86982004756286,TRUE,145
P. vivax,paper_replica,15013,Guamá,PA,2015,1,145,460985,0.4338535961039947,6.934142132248767,-6.500288536144772,1.5076412464613822,49.18272828833905,FALSE,145
P. vivax,paper_replica,15013,Guamá,PA,2015,2,146,460985,0.21692679805199735,6.348737661388923,-6.131810863336925,2.2723082095946725,43.905983925724186,FALSE,145
P. vivax,paper_replica,15013,Guamá,PA,2015,3,147,460985,0.21692679805199735,6.413709779023092,-6.196782980971094,1.0846339902599866,43.4612839897176,FALSE,145
P. vivax,paper_replica,15014,Itaituba,PA,2015,1,145,214099,187.29653104404971,55.01897654841899,132.27755449563074,16.569437503211134,427.0571090943897,TRUE,145
P. vivax,paper_replica,15014,Itaituba,PA,2015,2,146,214099,130.78062018038386,50.37398411329237,80.40663606709148,19.371879364219357,406.15556354770456,TRUE,145
P. vivax,paper_replica,15014,Itaituba,PA,2015,3,147,214099,136.3855039024003,50.88940460352422,85.49609929887609,15.635290216208393,407.87205918757195,TRUE,145
P. vivax,paper_replica,15015,Altamira,PA,2015,1,145,294165,12.917920214845411,30.931222611244518,-18.013302396399105,9.178522257916475,249.47733414920185,TRUE,145
P. vivax,paper_replica,15015,Altamira,PA,2015,2,146,294165,23.11627827919705,28.319855574380153,-5.203577295183102,9.679941529413764,195.51102272534104,TRUE,145
P. vivax,paper_replica,15015,Altamira,PA,2015,3,147,294165,14.277701290092294,28.609626058019984,-14.33192476792769,8.660105722978601,348.78384580082604,TRUE,145
P. vivax,paper_replica,15016,Tucuruí,PA,2015,1,145,362863,8.8187552878083455,23.10238936775084,-14.283634079942493,5.918211556427632,159.4954569630961,TRUE,145
P. vivax,paper_replica,15016,Tucuruí,PA,2015,2,146,362863,8.543169185064336,21.151976881368554,-12.608807696304218,7.020555967403675,181.0118419348346,TRUE,145
P. vivax,paper_replica,15016,Tucuruí,PA,2015,3,147,362863,7.165238671344281,21.368411869639136,-14.203173198294856,6.338480363112249,147.46612357832015,TRUE,145
P. vivax,paper_replica,15017,Paragominas,PA,2015,1,145,328594,2.1302884410549185,11.426960697793037,-9.296672256738118,2.5791706482772057,72.93955458711963,FALSE,145
P. vivax,paper_replica,15017,Paragominas,PA,2015,2,146,328594,0.9129807604521082,10.462251947969404,-9.549271187517297,2.5639543022696714,76.07412186467178,FALSE,145
P. vivax,paper_replica,15017,Paragominas,PA,2015,3,147,328594,0.6086538403014053,10.569313134557053,-9.960659294255647,2.274843728126503,112.24337632458284,FALSE,145
P. vivax,paper_replica,15018,São Félix do Xingu,PA,2015,1,145,199960,5.501100220044009,2.6412092082590246,2.8598910117849843,0,23.767253450690127,TRUE,145
P. vivax,paper_replica,15018,São Félix do Xingu,PA,2015,2,146,199960,1.0002000400080016,2.4182411696767487,-1.4180411296687472,0,22.55451090218039,TRUE,145
P. vivax,paper_replica,15018,São Félix do Xingu,PA,2015,3,147,199960,5.001000200040008,2.443000823279495,2.557999376760513,0,21.291758351670303,TRUE,145
P. vivax,paper_replica,15019,Parauapebas,PA,2015,1,145,300231,1.9984611848876364,1.4997236264193627,0.4987375584682736,0,11.849209442062923,TRUE,145
P. vivax,paper_replica,15019,Parauapebas,PA,2015,2,146,300231,1.665384320739697,1.3731163823201142,0.29226793841958276,0,13.514593762802619,TRUE,145
P. vivax,paper_replica,15019,Parauapebas,PA,2015,3,147,300231,0.6661537282958789,1.3871728552407288,-0.7210191269448498,0,12.49870932715142,TRUE,145
P. vivax,paper_replica,15020,Marabá,PA,2015,1,145,314713,2.859748405690264,4.413381138842878,-1.553632733152614,0.6354996457089475,33.911849844143646,TRUE,145
P. vivax,paper_replica,15020,Marabá,PA,2015,2,146,314713,2.859748405690264,4.04079075074112,-1.1810423450508565,0.31774982285447373,33.36373139971975,TRUE,145
P. vivax,paper_replica,15020,Marabá,PA,2015,3,147,314713,3.812997874253685,4.082144334548245,-0.26914646029455946,0.31774982285447373,37.35943542211473,TRUE,145
P. vivax,paper_replica,15021,Redenção,PA,2015,1,145,189772,0,1.1099713123885213,-1.1099713123885213,0,9.76171405686823,TRUE,145
P. vivax,paper_replica,15021,Redenção,PA,2015,2,146,189772,0.5269481272263559,1.0162712537619543,-0.4893231265355984,0,9.76171405686823,TRUE,145
P. vivax,paper_replica,15021,Redenção,PA,2015,3,147,189772,1.5808443816790676,1.0266796940704346,0.554164687608633,0,11.368905844908591,TRUE,145
P. vivax,paper_replica,15022,Conceição do Araguaia,PA,2015,1,145,152614,0,2.242682647429267,-2.242682647429267,0,21.344699699896427,TRUE,145
P. vivax,paper_replica,15022,Conceição do Araguaia,PA,2015,2,146,152614,0,2.0533665171072513,-2.0533665171072513,0,16.72520214397105,TRUE,145
P. vivax,paper_replica,15022,Conceição do Araguaia,PA,2015,3,147,152614,0,2.0743985262784164,-2.0743985262784164,0,19.65743640819322,TRUE,145
P. vivax,paper_replica,16001,Oiapoque,AP,2015,1,145,34426,1010.8638819496892,175.16371890379315,835.700163045896,34.71213617614595,1510.9219775750882,TRUE,145
P. vivax,paper_replica,16001,Oiapoque,AP,2015,2,146,34426,726.1953174925927,160.37552341468393,565.8197940779088,42.04670888282113,1010.7912624179387,TRUE,145
P. vivax,paper_replica,16001,Oiapoque,AP,2015,3,147,34426,461.86022192528907,162.01651967028224,299.84370225500686,44.9514901527915,1136.786150002904,TRUE,145
P. vivax,paper_replica,16002,Amapá,AP,2015,1,145,28365,179.7990481226864,25.05399725671903,154.74505086596736,0,204.47734884540807,TRUE,145
P. vivax,paper_replica,16002,Amapá,AP,2015,2,146,28365,222.10470650449497,22.938880960165477,199.1658255443295,0,188.8771373171159,FALSE,145
P. vivax,paper_replica,16002,Amapá,AP,2015,3,147,28365,165.69716199541688,23.173644322812798,142.52351767260407,0,178.6532698748452,TRUE,145
P. vivax,paper_replica,16003,Macapá,AP,2015,1,145,624241,162.5974583534244,16.226339048560607,146.37111930486378,5.27841010122693,132.3327048367537,FALSE,145
P. vivax,paper_replica,16003,Macapá,AP,2015,2,146,624241,123.99057415325171,14.85642701635105,109.13414713690067,4.16505804649166,118.39177497152511,FALSE,145
P. vivax,paper_replica,16003,Macapá,AP,2015,3,147,624241,88.26719167757325,15.008435351590068,73.25875632598319,6.0032903958567285,132.8573419560714,TRUE,145
P. vivax,paper_replica,16004,Mazagão,AP,2015,1,145,79647,277.4743555940588,29.865375977787355,247.60897961627145,8.788780493929464,239.6512109683976,FALSE,145
P. vivax,paper_replica,16004,Mazagão,AP,2015,2,146,79647,200.8864112898163,27.344007602606112,173.5424036872102,8.788780493929464,256.8207214333239,TRUE,145
P. vivax,paper_replica,16004,Mazagão,AP,2015,3,147,79647,143.13156804399412,27.623812811765482,115.50775523222865,6.277700352806759,243.10394616244162,TRUE,145
P. vivax,paper_replica,17001,Bico do Papagaio,TO,2015,1,145,210839,0,0.26756284829343585,-0.26756284829343585,0,2.8457733151836235,TRUE,145
P. vivax,paper_replica,17001,Bico do Papagaio,TO,2015,2,146,210839,0,0.24497947028196224,-0.24497947028196224,0,2.3714777626530195,TRUE,145
P. vivax,paper_replica,17001,Bico do Papagaio,TO,2015,3,147,210839,0,0.24749134076689852,-0.24749134076689852,0,2.3714777626530195,TRUE,145
P. vivax,paper_replica,17002,Araguaína,TO,2015,1,145,306848,0.3258942538325164,0.19646571499557444,0.12942853883694197,0,2.4523542600896784,TRUE,145
P. vivax,paper_replica,17002,Araguaína,TO,2015,2,146,306848,0.6517885076650328,0.17988308978409348,0.4719054178809393,0,1.9553655229950986,TRUE,145
P. vivax,paper_replica,17002,Araguaína,TO,2015,3,147,306848,0,0.18172765841082356,-0.18172765841082356,0,2.126460006257162,TRUE,145
P. vivax,paper_replica,17003,Miracema do Tocantins,TO,2015,1,145,148608,0,0.24754843797595907,-0.24754843797595907,0,2.6916451335055984,TRUE,145
P. vivax,paper_replica,17003,Miracema do Tocantins,TO,2015,2,146,148608,0,0.22665661838255774,-0.22665661838255774,0,2.6916451335055984,TRUE,145
P. vivax,paper_replica,17003,Miracema do Tocantins,TO,2015,3,147,148608,0,0.2289831824063922,-0.2289831824063922,0,2.6916451335055984,TRUE,145
P. vivax,paper_replica,17004,Rio Formoso,TO,2015,1,145,124739,0,0.15953670576265963,-0.15953670576265963,0,2.405021685278862,TRUE,145
P. vivax,paper_replica,17004,Rio Formoso,TO,2015,2,146,124739,0,0.1460749738586901,-0.1460749738586901,0,2.405021685278862,TRUE,145
P. vivax,paper_replica,17004,Rio Formoso,TO,2015,3,147,124739,0,0.14757620801576124,-0.14757620801576124,0,2.405021685278862,TRUE,145
P. vivax,paper_replica,17005,Gurupi,TO,2015,1,145,147284,0,0.03805886515916265,-0.03805886515916265,0,0.678960375872464,TRUE,145
P. vivax,paper_replica,17005,Gurupi,TO,2015,2,146,147284,0,0.03484999497404761,-0.03484999497404761,0,0.678960375872464,TRUE,145
P. vivax,paper_replica,17005,Gurupi,TO,2015,3,147,147284,0,0.0352110913179697,-0.0352110913179697,0,0.678960375872464,TRUE,145
P. vivax,paper_replica,17006,Porto Nacional,TO,2015,1,145,375255,0,0.1112719131214678,-0.1112719131214678,0,1.3324272827810422,TRUE,145
P. vivax,paper_replica,17006,Porto Nacional,TO,2015,2,146,375255,0,0.10188118167487532,-0.10188118167487532,0,1.3324272827810422,TRUE,145
P. vivax,paper_replica,17006,Porto Nacional,TO,2015,3,147,375255,0,0.10292690909023568,-0.10292690909023568,0,1.065941826224834,TRUE,145
P. vivax,paper_replica,17007,Jalapão,TO,2015,1,145,77860,0,0.0064260948639085535,-0.0064260948639085535,0,0,TRUE,145
P. vivax,paper_replica,17007,Jalapão,TO,2015,2,146,77860,0,0.0058879882884297395,-0.0058879882884297395,0,0,TRUE,145
P. vivax,paper_replica,17007,Jalapão,TO,2015,3,147,77860,0,0.005952478479415691,-0.005952478479415691,0,0,TRUE,145
P. vivax,paper_replica,17008,Dianópolis,TO,2015,1,145,123693,0,0.011256146045556966,-0.011256146045556966,0,0,TRUE,145
P. vivax,paper_replica,17008,Dianópolis,TO,2015,2,146,123693,0,0.010309403514367444,-0.010309403514367444,0,0,TRUE,145
P. vivax,paper_replica,17008,Dianópolis,TO,2015,3,147,123693,0,0.010418387566151384,-0.010418387566151384,0,0,TRUE,145
P. vivax,paper_replica,21001,Litoral Ocidental Maranhense,MA,2015,1,145,187243,0,1.5312708149450702,-1.5312708149450702,0,13.351633972965612,TRUE,145
P. vivax,paper_replica,21001,Litoral Ocidental Maranhense,MA,2015,2,146,187243,0,1.402003158829668,-1.402003158829668,0,10.681307178372489,TRUE,145
P. vivax,paper_replica,21001,Litoral Ocidental Maranhense,MA,2015,3,147,187243,0,1.4163611125574742,-1.4163611125574742,0,13.097952927479252,TRUE,145
P. vivax,paper_replica,21002,Aglomeração Urbana de São Luís,MA,2015,1,145,1395792,0.0716439125600376,0.14214977043078242,-0.07050585787074481,0,1.074658688400564,TRUE,145
P. vivax,paper_replica,21002,Aglomeração Urbana de São Luís,MA,2015,2,146,1395792,0.0716439125600376,0.13015009963035978,-0.05850618707032218,0,1.1839156550546197,TRUE,145
P. vivax,paper_replica,21002,Aglomeração Urbana de São Luís,MA,2015,3,147,1395792,0,0.13148326068885152,-0.13148326068885152,0,1.2179465135206393,TRUE,145
P. vivax,paper_replica,21003,Rosário,MA,2015,1,145,172687,0,0.7366581370445586,-0.7366581370445586,0,6.948988632612761,TRUE,145
P. vivax,paper_replica,21003,Rosário,MA,2015,2,146,172687,0,0.674475533229629,-0.674475533229629,0,6.369906246561699,TRUE,145
P. vivax,paper_replica,21003,Rosário,MA,2015,3,147,172687,0,0.6813868064047014,-0.6813868064047014,0,6.673924499238494,TRUE,145
P. vivax,paper_replica,21004,Lençóis Maranhenses,MA,2015,1,145,191719,0,0.22828757979358413,-0.22828757979358413,0,2.6079835592716423,TRUE,145
P. vivax,paper_replica,21004,Lençóis Maranhenses,MA,2015,2,146,191719,0,0.20902154658417196,-0.20902154658417196,0,2.0863868474173137,TRUE,145
P. vivax,paper_replica,21004,Lençóis Maranhenses,MA,2015,3,147,191719,0,0.21116712681677952,-0.21116712681677952,0,2.881821832995153,TRUE,145
P. vivax,paper_replica,21005,Baixada Maranhense,MA,2015,1,145,590620,0.8465680132741865,1.3396822163869335,-0.493114203112747,0,10.417019403338859,TRUE,145
P. vivax,paper_replica,21005,Baixada Maranhense,MA,2015,2,146,590620,1.5238224238935356,1.2265825584508991,0.2972398654426365,0,8.893196979445325,TRUE,145
P. vivax,paper_replica,21005,Baixada Maranhense,MA,2015,3,147,590620,0.6772544106193492,1.2391366901483434,-0.5618822795289942,0,9.93447563577255,TRUE,145
P. vivax,paper_replica,21006,Itapecuru Mirim,MA,2015,1,145,229914,0,0.305411148115031,-0.305411148115031,0,3.2729629339666033,TRUE,145
P. vivax,paper_replica,21006,Itapecuru Mirim,MA,2015,2,146,229914,0,0.2796332890701535,-0.2796332890701535,0,2.609671442365406,TRUE,145
P. vivax,paper_replica,21006,Itapecuru Mirim,MA,2015,3,147,229914,0,0.28250149974913663,-0.28250149974913663,0,3.2729629339666033,TRUE,145
P. vivax,paper_replica,21007,Gurupi,MA,2015,1,145,235816,8.0571292872409,7.542064121693569,0.5150651655473304,0.4240594361705737,64.2025986362247,TRUE,145
P. vivax,paper_replica,21007,Gurupi,MA,2015,2,146,235816,5.088713234046884,6.905335012239154,-1.8166217781922693,1.0495471045221705,48.363978695253905,TRUE,145
P. vivax,paper_replica,21007,Gurupi,MA,2015,3,147,235816,2.968416053194016,6.976002559778262,-4.007586506584246,1.473606540692744,58.785239339145726,TRUE,145
P. vivax,paper_replica,21008,Pindaré,MA,2015,1,145,650498,5.995406596177083,1.8722290063516471,4.123177589825436,0.3804777262958535,13.785591961850741,TRUE,145
P. vivax,paper_replica,21008,Pindaré,MA,2015,2,146,650498,3.996937730784722,1.7141686066888708,2.282769124095851,0,11.149150343275457,TRUE,145
P. vivax,paper_replica,21008,Pindaré,MA,2015,3,147,650498,3.0745674852190166,1.7317110841478216,1.342856401071195,0.15372837426095085,13.916261079972571,TRUE,145
P. vivax,paper_replica,21009,Imperatriz,MA,2015,1,145,586584,2.0457428092140257,0.546099804877611,1.4996430043364146,0,4.943878455600562,TRUE,145
P. vivax,paper_replica,21009,Imperatriz,MA,2015,2,146,586584,0.8523928371725106,0.49999792547226496,0.3523949117002456,0,3.669551164027655,TRUE,145
P. vivax,paper_replica,21009,Imperatriz,MA,2015,3,147,586584,1.193349972041515,0.505116733666299,0.6882332383752161,0,4.0914856184280515,TRUE,145
P. vivax,paper_replica,21010,Médio Mearim,MA,2015,1,145,416015,0.9615037919305794,0.5474483551337512,0.4140554367968282,0,5.414468228309071,TRUE,145
P. vivax,paper_replica,21010,Médio Mearim,MA,2015,2,146,416015,2.6441354278090934,0.5012335264251486,2.1429019013839445,0,4.464983233777611,TRUE,145
P. vivax,paper_replica,21010,Médio Mearim,MA,2015,3,147,416015,1.442255687895869,0.5063664035926182,0.9358892843032508,0,3.8460151677223178,TRUE,145
P. vivax,paper_replica,21011,Alto Mearim e Grajaú,MA,2015,1,145,328081,1.5240138868145365,0.6482238567011748,0.8757900301133618,0,5.806492908763371,TRUE,145
P. vivax,paper_replica,21011,Alto Mearim e Grajaú,MA,2015,2,146,328081,1.5240138868145365,0.5935019127948972,0.9305119740196394,0,6.256077005373665,TRUE,145
P. vivax,paper_replica,21011,Alto Mearim e Grajaú,MA,2015,3,147,328081,2.4384222189032587,0.599579183562156,1.8388430353411027,0,5.341668673284944,TRUE,145
P. vivax,paper_replica,21012,Presidente Dutra,MA,2015,1,145,195258,0,0.357669194899656,-0.357669194899656,0,4.366018293744675,TRUE,145
P. vivax,paper_replica,21012,Presidente Dutra,MA,2015,2,146,195258,1.024285816714296,0.3274788152764701,0.696807001437826,0,3.5850003585000354,TRUE,145
P. vivax,paper_replica,21012,Presidente Dutra,MA,2015,3,147,195258,0.512142908357148,0.3308361841833528,0.18130672417379523,0,3.853875385387527,TRUE,145
P. vivax,paper_replica,21013,Baixo Parnaíba Maranhense,MA,2015,1,145,142624,0.7011442674444693,0.29877227556300856,0.4023719918814608,0,3.505721337222347,TRUE,145
P. vivax,paper_replica,21013,Baixo Parnaíba Maranhense,MA,2015,2,146,142624,0,0.27355612258055,-0.27355612258055,0,2.8045770697778774,TRUE,145
P. vivax,paper_replica,21013,Baixo Parnaíba Maranhense,MA,2015,3,147,142624,0.7011442674444693,0.2763622281832191,0.42478203926125024,0,2.8045770697778774,TRUE,145
P. vivax,paper_replica,21014,Chapadinha,MA,2015,1,145,238969,0,0.17452333706105955,-0.17452333706105955,0,2.312015366009808,TRUE,145
P. vivax,paper_replica,21014,Chapadinha,MA,2015,2,146,238969,0.4184643196397859,0.15979397003519993,0.258670349604586,0,1.6738572785591437,TRUE,145
P. vivax,paper_replica,21014,Chapadinha,MA,2015,3,147,238969,0.8369286392795718,0.1614335316877466,0.6754951075918252,0,2.0923215981989296,TRUE,145
P. vivax,paper_replica,21015,Codó,MA,2015,1,145,272267,0.36728652389015193,0.3446318130218962,0.022654710868255712,0,3.305578715011367,TRUE,145
P. vivax,paper_replica,21015,Codó,MA,2015,2,146,272267,0,0.31554110752670655,-0.31554110752670655,0,3.131117616163537,TRUE,145
P. vivax,paper_replica,21015,Codó,MA,2015,3,147,272267,0,0.3187754120008656,-0.3187754120008656,0,3.131117616163537,TRUE,145
P. vivax,paper_replica,21016,Coelho Neto,MA,2015,1,145,91578,0,0.04312351383922582,-0.04312351383922582,0,1.091965319181463,TRUE,145
P. vivax,paper_replica,21016,Coelho Neto,MA,2015,2,146,91578,0,0.039489195708221424,-0.039489195708221424,0,1.091965319181463,TRUE,145
P. vivax,paper_replica,21016,Coelho Neto,MA,2015,3,147,91578,0,0.03989922770571252,-0.03989922770571252,0,1.091965319181463,TRUE,145
P. vivax,paper_replica,21017,Caxias,MA,2015,1,145,434610,0,0.10131121753181488,-0.10131121753181488,0,1.1504567313223348,TRUE,145
P. vivax,paper_replica,21017,Caxias,MA,2015,2,146,434610,0,0.09276031086775004,-0.09276031086775004,0,1.1504567313223348,TRUE,145
P. vivax,paper_replica,21017,Caxias,MA,2015,3,147,434610,0,0.09371164019109691,-0.09371164019109691,0,1.1504567313223348,TRUE,145
P. vivax,paper_replica,21018,Chapadas do Alto Itapecuru,MA,2015,1,145,216408,0.9241802521163729,0.09381187634493648,0.8303683757714364,0,1.3862703781745591,TRUE,145
P. vivax,paper_replica,21018,Chapadas do Alto Itapecuru,MA,2015,2,146,216408,0,0.08589541205884875,-0.08589541205884875,0,1.3862703781745591,TRUE,145
P. vivax,paper_replica,21018,Chapadas do Alto Itapecuru,MA,2015,3,147,216408,0,0.08677832102283879,-0.08677832102283879,0,0.9241802521163729,TRUE,145
P. vivax,paper_replica,21019,Porto Franco,MA,2015,1,145,117278,0,0.2089410129027984,-0.2089410129027984,0,2.5580245229284264,TRUE,145
P. vivax,paper_replica,21019,Porto Franco,MA,2015,2,146,117278,0,0.19130872111155592,-0.19130872111155592,0,2.5580245229284264,TRUE,145
P. vivax,paper_replica,21019,Porto Franco,MA,2015,3,147,117278,0,0.19327384493329272,-0.19327384493329272,0,2.1530039734647395,TRUE,145
P. vivax,paper_replica,21020,Gerais de Balsas,MA,2015,1,145,139570,0,0.02299226738385768,-0.02299226738385768,0,0.7164863509350147,TRUE,145
P. vivax,paper_replica,21020,Gerais de Balsas,MA,2015,2,146,139570,0,0.02105489382129048,-0.02105489382129048,0,0.7164863509350147,TRUE,145
P. vivax,paper_replica,21020,Gerais de Balsas,MA,2015,3,147,139570,0,0.021274086744834355,-0.021274086744834355,0,0.7164863509350147,TRUE,145
P. vivax,paper_replica,21021,Chapadas das Mangabeiras,MA,2015,1,145,70710,0,0.015058488201505028,-0.015058488201505028,0,0,TRUE,145
P. vivax,paper_replica,21021,Chapadas das Mangabeiras,MA,2015,2,146,70710,0,0.013793131689914445,-0.013793131689914445,0,0,TRUE,145
P. vivax,paper_replica,21021,Chapadas das Mangabeiras,MA,2015,3,147,70710,1.414227124876255,0.013939978467480633,1.4002871464087743,0,0,FALSE,145
P. vivax,paper_replica,51001,Aripuanã,MT,2015,1,145,155581,35.3513603846228,15.5524030281713,19.798957356451503,3.213760034965709,123.10307813936147,TRUE,145
P. vivax,paper_replica,51001,Aripuanã,MT,2015,2,146,155581,26.995584293711957,14.239398499230413,12.756185794481544,4.499264048951993,136.134875081147,TRUE,145
P. vivax,paper_replica,51001,Aripuanã,MT,2015,3,147,155581,28.28108830769824,14.385106741769158,13.895981565929082,3.213760034965709,118.33064448743735,TRUE,145
P. vivax,paper_replica,51002,Alta Floresta,MT,2015,1,145,102968,9.711755108383187,1.6326399994788099,8.079115108904377,0,17.99102633827983,TRUE,145
P. vivax,paper_replica,51002,Alta Floresta,MT,2015,2,146,102968,10.682930619221507,1.4948171098531229,9.188113509368383,0,17.481159195089738,TRUE,145
P. vivax,paper_replica,51002,Alta Floresta,MT,2015,3,147,102968,6.798228575868231,1.5101242487783695,5.2881043270898616,0,15.5388081734131,TRUE,145
P. vivax,paper_replica,51003,Colíder,MT,2015,1,145,149561,3.343117523953437,1.537367043028535,1.8057504809249019,0,13.054873931038157,TRUE,145
P. vivax,paper_replica,51003,Colíder,MT,2015,2,146,149561,2.005870514372062,1.40758464327677,0.5982858710952921,0,13.405901271053253,TRUE,145
P. vivax,paper_replica,51003,Colíder,MT,2015,3,147,149561,2.6744940191627498,1.4219976839272799,1.2524963352354699,0,15.060744445410219,TRUE,145
P. vivax,paper_replica,51004,Parecis,MT,2015,1,145,101405,1.9722893348454218,0.5579167524065608,1.4143725824388609,0,4.930723337113554,TRUE,145
P. vivax,paper_replica,51004,Parecis,MT,2015,2,146,101405,0,0.5108276897550859,-0.5108276897550859,0,6.434593954933167,TRUE,145
P. vivax,paper_replica,51004,Parecis,MT,2015,3,147,101405,0,0.5160674098374936,-0.5160674098374936,0,6.434593954933167,TRUE,145
P. vivax,paper_replica,51005,Arinos,MT,2015,1,145,79094,0,0.20624897649232027,-0.20624897649232027,0,2.5286368118947076,TRUE,145
P. vivax,paper_replica,51005,Arinos,MT,2015,2,146,79094,0,0.18884600252085396,-0.18884600252085396,0,2.5286368118947076,TRUE,145
P. vivax,paper_replica,51005,Arinos,MT,2015,3,147,79094,0,0.19078860661461036,-0.19078860661461036,0,2.5286368118947076,TRUE,145
P. vivax,paper_replica,51006,Alto Teles Pires,MT,2015,1,145,231128,0.865321380360666,0.49912617879833787,0.3661952015623281,0,4.986414454328328,TRUE,145
P. vivax,paper_replica,51006,Alto Teles Pires,MT,2015,2,146,231128,0,0.4569962608172607,-0.4569962608172607,0,4.986414454328328,TRUE,145
P. vivax,paper_replica,51006,Alto Teles Pires,MT,2015,3,147,231128,0,0.46168002765622496,-0.46168002765622496,0,4.32660690180333,TRUE,145
P. vivax,paper_replica,51007,Sinop,MT,2015,1,145,191263,0.5228402775236193,1.2474262229545254,-0.7245859454309062,0,13.071006938090482,TRUE,145
P. vivax,paper_replica,51007,Sinop,MT,2015,2,146,191263,2.091361110094477,1.1421228240112915,0.9492382860831856,0,9.411124995425148,TRUE,145
P. vivax,paper_replica,51007,Sinop,MT,2015,3,147,191263,1.568520832570858,1.153820109343109,0.41470072322774887,0,10.979645827996006,TRUE,145
P. vivax,paper_replica,51008,Paranatinga,MT,2015,1,145,34726,0,0.540884428738102,-0.540884428738102,0,5.759373380176237,TRUE,145
P. vivax,paper_replica,51008,Paranatinga,MT,2015,2,146,34726,0,0.49524716524638634,-0.49524716524638634,0,7.271208892472433,TRUE,145
P. vivax,paper_replica,51008,Paranatinga,MT,2015,3,147,34726,0,0.5003398006914712,-0.5003398006914712,0,7.271208892472433,TRUE,145
P. vivax,paper_replica,51009,Norte Araguaia,MT,2015,1,145,123004,0,0.21269978873138048,-0.21269978873138048,0,2.4389450749569117,TRUE,145
P. vivax,paper_replica,51009,Norte Araguaia,MT,2015,2,146,123004,0,0.19475094235528118,-0.19475094235528118,0,2.4389450749569117,TRUE,145
P. vivax,paper_replica,51009,Norte Araguaia,MT,2015,3,147,123004,0,0.19675241654846415,-0.19675241654846415,0,2.4389450749569117,TRUE,145
P. vivax,paper_replica,51010,Canarana,MT,2015,1,145,108272,0,0.1579538633366713,-0.1579538633366713,0,2.770799468006502,TRUE,145
P. vivax,paper_replica,51010,Canarana,MT,2015,2,146,108272,0,0.14462659922623333,-0.14462659922623333,0,1.847199645337668,TRUE,145
P. vivax,paper_replica,51010,Canarana,MT,2015,3,147,108272,0,0.14611373833326344,-0.14611373833326344,0,1.847199645337668,TRUE,145
P. vivax,paper_replica,51011,Médio Araguaia,MT,2015,1,145,67011,2.984584620435451,0.03807256495228809,2.9465120554831628,0,1.4922923102177255,FALSE,145
P. vivax,paper_replica,51011,Médio Araguaia,MT,2015,2,146,67011,0,0.0348657044954093,-0.0348657044954093,0,1.4922923102177255,TRUE,145
P. vivax,paper_replica,51011,Médio Araguaia,MT,2015,3,147,67011,0,0.03522949150990609,-0.03522949150990609,0,1.4922923102177255,TRUE,145
P. vivax,paper_replica,51012,Alto Guaporé,MT,2015,1,145,71338,0,0.5199182477783334,-0.5199182477783334,0,6.343042978496702,TRUE,145
P. vivax,paper_replica,51012,Alto Guaporé,MT,2015,2,146,71338,0,0.4760391084820672,-0.4760391084820672,0,5.607109815245732,TRUE,145
P. vivax,paper_replica,51012,Alto Guaporé,MT,2015,3,147,71338,0,0.48092406840353985,-0.48092406840353985,0,5.607109815245732,TRUE,145
P. vivax,paper_replica,51013,Tangará da Serra,MT,2015,1,145,159087,0,0.10686202035352638,-0.10686202035352638,0,1.8857606215467009,TRUE,145
P. vivax,paper_replica,51013,Tangará da Serra,MT,2015,2,146,159087,0,0.09784540484567829,-0.09784540484567829,0,1.2571737476978007,TRUE,145
P. vivax,paper_replica,51013,Tangará da Serra,MT,2015,3,147,159087,0,0.09885170818955419,-0.09885170818955419,0,1.2571737476978007,TRUE,145
P. vivax,paper_replica,51014,Jauru,MT,2015,1,145,107801,0,0.07585174394180247,-0.07585174394180247,0,0.9276351796365526,TRUE,145
P. vivax,paper_replica,51014,Jauru,MT,2015,2,146,107801,0,0.06945349170014731,-0.06945349170014731,0,0.9276351796365526,TRUE,145
P. vivax,paper_replica,51014,Jauru,MT,2015,3,147,107801,0,0.07017001032148448,-0.07017001032148448,0,0.9276351796365526,TRUE,145
P. vivax,paper_replica,51015,Alto Paraguai,MT,2015,1,145,32596,0,0.0958732411773051,-0.0958732411773051,0,3.067861087249969,TRUE,145
P. vivax,paper_replica,51015,Alto Paraguai,MT,2015,2,146,32596,0,0.08779502242312763,-0.08779502242312763,0,3.067861087249969,TRUE,145
P. vivax,paper_replica,51015,Alto Paraguai,MT,2015,3,147,32596,0,0.08870915200144444,-0.08870915200144444,0,3.067861087249969,TRUE,145
P. vivax,paper_replica,51016,Rosário Oeste,MT,2015,1,145,30448,0,0.06874008829650963,-0.06874008829650963,0,3.284287966368891,TRUE,145
P. vivax,paper_replica,51016,Rosário Oeste,MT,2015,2,146,30448,0,0.06295067704575612,-0.06295067704575612,0,1.724251182343593,TRUE,145
P. vivax,paper_replica,51016,Rosário Oeste,MT,2015,3,147,30448,0,0.06360823712631893,-0.06360823712631893,0,3.284287966368891,TRUE,145
P. vivax,paper_replica,51017,Cuiabá,MT,2015,1,145,898432,0.4452201168257586,0.10608364266995175,0.3391364741558069,0,1.1714854323977748,TRUE,145
P. vivax,paper_replica,51017,Cuiabá,MT,2015,2,146,898432,0.11130502920643966,0.09712874871714708,0.014176280489292578,0,1.0017452628579568,TRUE,145
P. vivax,paper_replica,51017,Cuiabá,MT,2015,3,147,898432,0.11130502920643966,0.09812395250792769,0.01318107669851197,0,1.0017452628579568,TRUE,145
P. vivax,paper_replica,51018,Alto Pantanal,MT,2015,1,145,135181,0,0.06548914891088493,-0.06548914891088493,0,1.1281171170504563,TRUE,145
P. vivax,paper_replica,51018,Alto Pantanal,MT,2015,2,146,135181,0,0.05996554394789246,-0.05996554394789246,0,0.7397489292134249,TRUE,145
P. vivax,paper_replica,51018,Alto Pantanal,MT,2015,3,147,135181,0,0.06058410901721532,-0.06058410901721532,0,0.7397489292134249,TRUE,145
P. vivax,paper_replica,51019,Primavera do Leste,MT,2015,1,145,95412,0,0.08857151317694835,-0.08857151317694835,0,1.0480861946086446,TRUE,145
P. vivax,paper_replica,51019,Primavera do Leste,MT,2015,2,146,95412,0,0.08110200675738083,-0.08110200675738083,0,1.0480861946086446,TRUE,145
P. vivax,paper_replica,51019,Primavera do Leste,MT,2015,3,147,95412,0,0.0819392729946955,-0.0819392729946955,0,1.0480861946086446,TRUE,145
P. vivax,paper_replica,51020,Tesouro,MT,2015,1,145,54493,0,0.023272158428320224,-0.023272158428320224,0,0,TRUE,145
P. vivax,paper_replica,51020,Tesouro,MT,2015,2,146,54493,0,0.021315022580918167,-0.021315022580918167,0,0,TRUE,145
P. vivax,paper_replica,51020,Tesouro,MT,2015,3,147,54493,0,0.021540530820664063,-0.021540530820664063,0,0,TRUE,145
P. vivax,paper_replica,51021,Rondonópolis,MT,2015,1,145,298273,0,0.07100169639726168,-0.07100169639726168,0,1.0057899977537357,TRUE,145
P. vivax,paper_replica,51021,Rondonópolis,MT,2015,2,146,298273,0,0.0650104157274292,-0.0650104157274292,0,1.0057899977537357,TRUE,145
P. vivax,paper_replica,51021,Rondonópolis,MT,2015,3,147,298273,0,0.06567849839070422,-0.06567849839070422,0,0.6705266651691572,TRUE,145
P. vivax,paper_replica,51022,Alto Araguaia,MT,2015,1,145,38412,0,0.008106529016678927,-0.008106529016678927,0,0,TRUE,145
P. vivax,paper_replica,51022,Alto Araguaia,MT,2015,2,146,38412,0,0.007430736563512578,-0.007430736563512578,0,0,TRUE,145
P. vivax,paper_replica,51022,Alto Araguaia,MT,2015,3,147,38412,0,0.00751497954406163,-0.00751497954406163,0,0,TRUE,145
P. vivax,paper_replica,11001,Porto Velho,RO,2016,1,157,648872,48.854011268786444,67.32108919279074,-18.467077924004293,28.642012600327952,645.3584065886636,TRUE,157
P. vivax,paper_replica,11001,Porto Velho,RO,2016,2,158,648872,44.38471686249368,61.618456379024906,-17.233739516531223,18.277872985735247,432.0343611683038,TRUE,157
P. vivax,paper_replica,11001,Porto Velho,RO,2016,3,159,648872,38.220172853814,62.123387988622234,-23.903215134808235,20.75139626921797,684.1603582832977,TRUE,157
P. vivax,paper_replica,11002,Guajará-Mirim,RO,2016,1,157,83432,93.48930865854828,27.363231643563804,66.12607701498447,6.562230319301949,321.3994630357655,TRUE,157
P. vivax,paper_replica,11002,Guajará-Mirim,RO,2016,2,158,83432,104.27653658068847,25.045375114321075,79.2311614663674,3.5957426407133957,214.90555182663695,TRUE,157
P. vivax,paper_replica,11002,Guajará-Mirim,RO,2016,3,159,83432,83.90066161664589,25.250640008185183,58.650021608460705,3.5957426407133957,215.62470035477895,TRUE,157
P. vivax,paper_replica,11003,Ariquemes,RO,2016,1,157,201599,80.85357566257768,44.66664109305288,36.1869345695248,15.116642443662917,290.7008467303905,TRUE,157
P. vivax,paper_replica,11003,Ariquemes,RO,2016,2,158,201599,68.94875470612453,40.883037059339884,28.06571764678465,11.619601287704803,300.9315522398424,TRUE,157
P. vivax,paper_replica,11003,Ariquemes,RO,2016,3,159,201599,65.47651526049236,41.21806698700919,24.258448273483175,12.140437204549627,338.2705271355508,TRUE,157
P. vivax,paper_replica,11004,Ji-Paraná,RO,2016,1,157,317230,13.870062730510986,6.55239354860903,7.317669181901956,1.8913721905242253,57.08003656652885,TRUE,157
P. vivax,paper_replica,11004,Ji-Paraná,RO,2016,2,158,317230,12.609147936828169,5.997359697061118,6.611788239767051,1.260914793682817,49.301768432998024,TRUE,157
P. vivax,paper_replica,11004,Ji-Paraná,RO,2016,3,159,317230,11.033004444724648,6.046513537071365,4.986490907653283,0.9456860952621127,46.969076064684934,TRUE,157
P. vivax,paper_replica,11005,Alvorada D'Oeste,RO,2016,1,157,75248,3.986816925366787,4.145568826806229,-0.15875190143944184,0,43.35663406336366,TRUE,157
P. vivax,paper_replica,11005,Alvorada D'Oeste,RO,2016,2,158,75248,2.6578779502445244,3.7944275854868885,-1.136549635242364,0,33.92116733999572,TRUE,157
P. vivax,paper_replica,11005,Alvorada D'Oeste,RO,2016,3,159,75248,7.973633850733574,3.825544927452315,4.148088923281259,0,37.9079842653625,TRUE,157
P. vivax,paper_replica,11006,Cacoal,RO,2016,1,157,249644,4.406274534937752,3.338307153138503,1.0679673817992485,0,24.64509461473137,TRUE,157
P. vivax,paper_replica,11006,Cacoal,RO,2016,2,158,249644,1.6022816490682732,3.0555353287581335,-1.4532536796898603,0,24.835365560558234,TRUE,157
P. vivax,paper_replica,11006,Cacoal,RO,2016,3,159,249644,2.40342247360241,3.080582496909164,-0.6771600233067541,0.19027094582685802,28.250228325134984,TRUE,157
P. vivax,paper_replica,11007,Vilhena,RO,2016,1,157,157201,3.1806413445207093,2.051557493161417,1.1290838513592925,0,18.781687139394773,TRUE,157
P. vivax,paper_replica,11007,Vilhena,RO,2016,2,158,157201,2.544513075616567,1.8777853560588726,0.6667277195576944,0,15.903206722603546,TRUE,157
P. vivax,paper_replica,11007,Vilhena,RO,2016,3,159,157201,0.6361282689041418,1.8931844197937822,-1.2570561508896403,0,14.328789257065779,TRUE,157
P. vivax,paper_replica,11008,Colorado do Oeste,RO,2016,1,157,54053,0,1.9626980774975429,-1.9626980774975429,0,18.592862560819853,TRUE,157
P. vivax,paper_replica,11008,Colorado do Oeste,RO,2016,2,158,54053,0,1.7964619213705155,-1.7964619213705155,0,23.171701848185997,TRUE,157
P. vivax,paper_replica,11008,Colorado do Oeste,RO,2016,3,159,54053,3.7000721514069523,1.8112052906201348,1.8888668607868175,0,25.021737923889475,TRUE,157
P. vivax,paper_replica,12001,Cruzeiro do Sul,AC,2016,1,157,145544,1775.4081240037376,214.41594817676736,1560.9921758269702,79.34026823503545,1576.5507337987137,FALSE,157
P. vivax,paper_replica,12001,Cruzeiro do Sul,AC,2016,2,158,145544,1712.8840762930797,196.25321447260995,1516.6308618204698,55.65327323695927,1814.7433078656604,TRUE,157
P. vivax,paper_replica,12001,Cruzeiro do Sul,AC,2016,3,159,145544,1578.2168966085856,197.86141589913757,1380.3554807094479,53.557687022481176,1632.461661078436,TRUE,157
P. vivax,paper_replica,12002,Tarauacá,AC,2016,1,157,79484,81.77746464697299,18.45459557661703,63.32286907035596,3.113834230788588,132.10205827587941,TRUE,157
P. vivax,paper_replica,12002,Tarauacá,AC,2016,2,158,79484,67.9382013990237,16.891365093600964,51.04683630542273,0,169.81405062654065,TRUE,157
P. vivax,paper_replica,12002,Tarauacá,AC,2016,3,159,79484,79.26123496552766,17.029803737817705,62.23143122770996,1.2581148407226612,196.3917266368073,TRUE,157
P. vivax,paper_replica,12003,Sena Madureira,AC,2016,1,157,57237,5.241364851407306,0.45295733704947144,4.788407514357835,0,6.158603700403546,TRUE,157
P. vivax,paper_replica,12003,Sena Madureira,AC,2016,2,158,57237,5.241364851407306,0.41460309984178706,4.8267617515655195,0,5.241364851407306,TRUE,157
P. vivax,paper_replica,12003,Sena Madureira,AC,2016,3,159,57237,1.7471216171357689,0.4180136015061268,1.329108015629642,0,5.241364851407306,TRUE,157
P. vivax,paper_replica,12004,Rio Branco,AC,2016,1,157,468316,19.431324148651765,6.688351507057891,12.742972641593873,2.1246337942756606,57.67473244561363,TRUE,157
P. vivax,paper_replica,12004,Rio Branco,AC,2016,2,158,468316,20.28544828705404,6.121799932577204,14.163648354476837,1.7082482768045508,50.52678106235959,TRUE,157
P. vivax,paper_replica,12004,Rio Branco,AC,2016,3,159,468316,21.353103460056886,6.171970278475939,15.181133181580947,1.0676551730028443,47.42524278478632,TRUE,157
P. vivax,paper_replica,12005,Brasiléia,AC,2016,1,157,66106,3.0254439839046383,1.1799639704397986,1.8454800134648397,0,13.614497927570872,TRUE,157
P. vivax,paper_replica,12005,Brasiléia,AC,2016,2,158,66106,3.0254439839046383,1.0800295634822492,1.945414420422389,0,12.101775935618553,TRUE,157
P. vivax,paper_replica,12005,Brasiléia,AC,2016,3,159,66106,1.5127219919523192,1.088897799770442,0.42382419218187706,0,14.408676973345806,TRUE,157
P. vivax,paper_replica,13001,Rio Negro,AM,2016,1,157,112645,1328.0660482045364,112.23646768089706,1215.8295805236394,31.914421412401794,797.5498246704237,FALSE,157
P. vivax,paper_replica,13001,Rio Negro,AM,2016,2,158,112645,1206.4450264104044,102.72915718439558,1103.7158692260089,35.4654001509166,875.4938079808246,FALSE,157
P. vivax,paper_replica,13001,Rio Negro,AM,2016,3,159,112645,1360.0248568511697,103.57098647042675,1256.453870380743,35.50978738514803,935.2612188734511,FALSE,157
P. vivax,paper_replica,13002,Japurá,AM,2016,1,157,23137,172.8832605782945,30.394955771072823,142.48830480722168,0,250.89683191424973,TRUE,157
P. vivax,paper_replica,13002,Japurá,AM,2016,2,158,23137,168.56117906383716,27.820329309222195,140.74084975461497,0,222.9113541081382,TRUE,157
P. vivax,paper_replica,13002,Japurá,AM,2016,3,159,23137,99.40787483251935,28.048402413481828,71.35947241903753,0,248.62773911915974,TRUE,157
P. vivax,paper_replica,13003,Alto Solimões,AM,2016,1,157,248118,196.6806116444595,39.82161291023437,156.85899873422514,12.897089288161279,385.23001152677347,TRUE,157
P. vivax,paper_replica,13003,Alto Solimões,AM,2016,2,158,248118,218.04141577797662,36.448422148747305,181.5929936292293,14.70066661830258,310.75939673864855,TRUE,157
P. vivax,paper_replica,13003,Alto Solimões,AM,2016,3,159,248118,182.17138619527807,36.74711063369211,145.42427556158597,11.476394296262264,344.0802360167339,TRUE,157
P. vivax,paper_replica,13004,Juruá,AM,2016,1,157,147121,419.3826850007817,62.484284318863764,356.8984006819179,20.03452940096927,633.7640445619589,TRUE,157
P. vivax,paper_replica,13004,Juruá,AM,2016,2,158,147121,432.29722473338273,57.191388763804376,375.1058359695784,16.63596631344268,505.67220179308134,TRUE,157
P. vivax,paper_replica,13004,Juruá,AM,2016,3,159,147121,396.2724560056009,57.66006880456327,338.6123872010376,16.63596631344268,557.0414828610463,TRUE,157
P. vivax,paper_replica,13005,Tefé,AM,2016,1,157,91235,252.09623499753386,67.87228965593422,184.22394534159963,16.961692332986246,713.9529785718191,TRUE,157
P. vivax,paper_replica,13005,Tefé,AM,2016,2,158,91235,200.5809174110813,62.12299406249889,138.4579233485824,15.344988217241191,501.47969529237685,TRUE,157
P. vivax,paper_replica,13005,Tefé,AM,2016,3,159,91235,145.7773880637913,62.63209366886482,83.14529439492648,17.482325861785505,418.86337480133705,TRUE,157
P. vivax,paper_replica,13006,Coari,AM,2016,1,157,174835,85.2232104555724,32.862458152697,52.3607523028754,7.10670060342609,279.50639174078407,TRUE,157
P. vivax,paper_replica,13006,Coari,AM,2016,2,158,174835,76.64369262447451,30.07876427845541,46.5649283460191,10.567106128635572,275.37392398547127,TRUE,157
P. vivax,paper_replica,13006,Coari,AM,2016,3,159,174835,75.49975691366146,30.325260288047307,45.174496625614154,7.135298996196415,271.2271570337746,TRUE,157
P. vivax,paper_replica,13007,Manaus,AM,2016,1,157,2369017,81.34175482911267,19.381181547939136,61.96057328117354,6.0320377608096525,200.84068624243696,TRUE,157
P. vivax,paper_replica,13007,Manaus,AM,2016,2,158,2369017,59.60278039372449,17.739441015481823,41.863339378242664,6.120682122585022,198.91900311394977,TRUE,157
P. vivax,paper_replica,13007,Manaus,AM,2016,3,159,2369017,50.40065140942424,17.884806042408034,32.51584536701621,5.989826159964238,151.2568293093717,TRUE,157
P. vivax,paper_replica,13008,Rio Preto da Eva,AM,2016,1,157,64977,229.31191036828415,67.59718328706232,161.71472708122184,16.929067208396816,468.8197362143526,TRUE,157
P. vivax,paper_replica,13008,Rio Preto da Eva,AM,2016,2,158,64977,184.68073318251072,61.871208319443625,122.8095248630671,16.929067208396816,547.1166720531874,TRUE,157
P. vivax,paper_replica,13008,Rio Preto da Eva,AM,2016,3,159,64977,293.95016698216295,62.37825547557793,231.57191150658502,13.851054988688304,560.4290749034258,TRUE,157
P. vivax,paper_replica,13009,Itacoatiara,AM,2016,1,157,174140,9.18800964741013,10.811077354894467,-1.6230677074843367,1.7227518088893994,89.33903755598939,TRUE,157
P. vivax,paper_replica,13009,Itacoatiara,AM,2016,2,158,174140,41.920294016308716,9.895314649756857,32.02497936655186,0.5742506029631331,91.75089008843446,TRUE,157
P. vivax,paper_replica,13009,Itacoatiara,AM,2016,3,159,174140,24.11852532445159,9.97641998492916,14.142105339522429,2.2970024118525325,99.1300103365108,TRUE,157
P. vivax,paper_replica,13010,Parintins,AM,2016,1,157,273814,12.782399731204393,4.606185788765174,8.176213942439219,0.5386868458150429,41.28715113179018,TRUE,157
P. vivax,paper_replica,13010,Parintins,AM,2016,2,158,273814,8.7650741013973,4.216012722709176,4.5490613786881235,0,43.28668366117144,TRUE,157
P. vivax,paper_replica,13010,Parintins,AM,2016,3,159,273814,6.573805576047974,4.2505687971085075,2.3232367789394663,0.7304228417831082,34.61291241499695,TRUE,157
P. vivax,paper_replica,13011,Boca do Acre,AM,2016,1,157,53328,106.88568856885689,35.184406345611585,71.7012822232453,5.625562556255625,256.0099759975997,TRUE,157
P. vivax,paper_replica,13011,Boca do Acre,AM,2016,2,158,53328,84.38343834383438,32.204043687423095,52.17939465641129,4.641089108910894,225.11626162616255,TRUE,157
P. vivax,paper_replica,13011,Boca do Acre,AM,2016,3,159,53328,58.130813081308126,32.46798975209966,25.662823329208464,5.625562556255625,348.1754425442541,TRUE,157
P. vivax,paper_replica,13012,Purus,AM,2016,1,157,77422,343.57159463718324,89.05533338111854,254.5162612560647,28.35111467024877,985.5725762703073,TRUE,157
P. vivax,paper_replica,13012,Purus,AM,2016,2,158,77422,262.19937485469245,81.51167093881168,180.68770391588077,15.499470434760147,652.1079279791269,TRUE,157
P. vivax,paper_replica,13012,Purus,AM,2016,3,159,77422,348.7380847821033,82.17966523644569,266.55841954565756,18.63165508511793,779.8493968122741,TRUE,157
P. vivax,paper_replica,13013,Madeira,AM,2016,1,157,191878,28.142882456560937,45.51445765648773,-17.37157519992679,11.192007421382339,415.3290111424966,TRUE,157
P. vivax,paper_replica,13013,Madeira,AM,2016,2,158,191878,39.087336745223524,41.65903753045949,-2.5717007852359686,10.397231574229458,334.77001011059093,TRUE,157
P. vivax,paper_replica,13013,Madeira,AM,2016,3,159,191878,26.579388986752,42.00042904930881,-15.421040062556813,9.876067084293148,374.3654822335021,TRUE,157
P. vivax,paper_replica,14001,Boa Vista,RR,2016,1,157,365901,115.05844477058002,21.424394983436468,93.63404978714355,7.638678221704779,197.23914392144306,TRUE,157
P. vivax,paper_replica,14001,Boa Vista,RR,2016,2,158,365901,115.33174273915623,19.609584562263255,95.72215817689298,4.3727674972191934,172.0410712187175,TRUE,157
P. vivax,paper_replica,14001,Boa Vista,RR,2016,3,159,365901,171.35782629727711,19.77028159499919,151.5875447022779,4.502584032292889,163.88312685671792,FALSE,157
P. vivax,paper_replica,14002,Nordeste de Roraima,RR,2016,1,157,48362,62.03217402092552,59.68897776501299,2.343196255912524,16.43852611554527,491.34651172408064,TRUE,157
P. vivax,paper_replica,14002,Nordeste de Roraima,RR,2016,2,158,48362,59.96443488689467,54.63291219119958,5.331522695695092,13.388610892849762,511.0417269757245,TRUE,157
P. vivax,paper_replica,14002,Nordeste de Roraima,RR,2016,3,159,48362,35.151565278524465,55.08065696405327,-19.929091685528803,7.185393490757209,388.9934245895526,TRUE,157
P. vivax,paper_replica,14003,Caracaraí,RR,2016,1,157,47747,286.929021718642,68.15702604617422,218.77199567246777,15.655433849247077,535.3215908852901,TRUE,157
P. vivax,paper_replica,14003,Caracaraí,RR,2016,2,158,47747,129.85109012084527,62.38362528841898,67.46746483242629,11.466689006639164,483.6429513896153,TRUE,157
P. vivax,paper_replica,14003,Caracaraí,RR,2016,3,159,47747,236.66408360734707,62.89487196127765,173.7692116460694,11.466689006639164,454.5835340440236,TRUE,157
P. vivax,paper_replica,14004,Sudeste de Roraima,RR,2016,1,157,52219,473.00790899864035,65.860810765193,407.14709823344737,14.314713035485173,436.90993699611226,FALSE,157
P. vivax,paper_replica,14004,Sudeste de Roraima,RR,2016,2,158,52219,325.5520021448132,60.28191665110734,265.27008549370584,9.575058886612153,690.2181198414354,TRUE,157
P. vivax,paper_replica,14004,Sudeste de Roraima,RR,2016,3,159,52219,448.11275589344876,60.77593644649303,387.33681944695576,12.39970125816274,647.3218560294138,TRUE,157
P. vivax,paper_replica,15001,Óbidos,PA,2016,1,157,201119,2.4860903246336745,2.721541937717928,-0.23545161308425344,0,29.360726733923673,TRUE,157
P. vivax,paper_replica,15001,Óbidos,PA,2016,2,158,201119,5.469398714194084,2.491018098961363,2.9783806152327212,0,24.624724665496537,TRUE,157
P. vivax,paper_replica,15001,Óbidos,PA,2016,3,159,201119,3.4805264544871446,2.5114444332538657,0.9690820212332789,0,23.13307047071633,TRUE,157
P. vivax,paper_replica,15002,Santarém,PA,2016,1,157,510742,6.852774982280682,4.987820957413852,1.8649540248668295,0.6803826589550108,48.58617462437,TRUE,157
P. vivax,paper_replica,15002,Santarém,PA,2016,2,158,510742,2.5453164219899675,4.565318824344889,-2.0200024023549212,0.5873807127669156,37.46509979598286,TRUE,157
P. vivax,paper_replica,15002,Santarém,PA,2016,3,159,510742,4.307458560290715,4.602735084037239,-0.2952765237465247,1.2677633717219265,41.97814160574217,TRUE,157
P. vivax,paper_replica,15003,Almeirim,PA,2016,1,157,72528,22.060445621001545,9.480889915190899,12.579555705810646,0,93.30879108757975,TRUE,157
P. vivax,paper_replica,15003,Almeirim,PA,2016,2,158,72528,38.6057798367527,8.677817113422403,29.9279627233303,0,81.3478932274432,TRUE,157
P. vivax,paper_replica,15003,Almeirim,PA,2016,3,159,72528,39.984557688065294,8.748955459125817,31.235602228939477,0,73.93696227663783,TRUE,157
P. vivax,paper_replica,15004,Portel,PA,2016,1,157,147088,3.399325573806157,13.2423090696252,-9.842983495819043,2.7194604590449254,122.06978135537875,TRUE,157
P. vivax,paper_replica,15004,Portel,PA,2016,2,158,147088,29.91406504949418,12.120614783766397,17.793450265727785,2.3625312737952795,118.33052322419229,TRUE,157
P. vivax,paper_replica,15004,Portel,PA,2016,3,159,147088,27.874469705210487,12.219966053240906,15.65450365196958,2.7194604590449254,131.3839334276078,TRUE,157
P. vivax,paper_replica,15005,Furos de Breves,PA,2016,1,157,223291,149.13274605783485,62.3015672132051,86.83117884462976,20.791254461666618,461.78529363028497,TRUE,157
P. vivax,paper_replica,15005,Furos de Breves,PA,2016,2,158,223291,177.79489545033164,57.02414477374429,120.77075067658734,17.84666645767183,421.55751911183154,TRUE,157
P. vivax,paper_replica,15005,Furos de Breves,PA,2016,3,159,223291,167.04658942814532,57.491438605855706,109.55515082228962,16.010497512215007,630.9367596544419,TRUE,157
P. vivax,paper_replica,15006,Arari,PA,2016,1,157,170786,2.342112351129484,4.600264295757568,-2.258151944628084,0,47.79373016523596,TRUE,157
P. vivax,paper_replica,15006,Arari,PA,2016,2,158,170786,6.44080896560608,4.210607315829678,2.2302016497764017,0,40.43071446137269,TRUE,157
P. vivax,paper_replica,15006,Arari,PA,2016,3,159,170786,5.855280877823709,4.245127644995094,1.6101532328286154,0,44.00243579684509,TRUE,157
P. vivax,paper_replica,15007,Belém,PA,2016,1,157,2280761,0.43845014887574807,0.4777457305055988,-0.03929558162985075,0.04384501488757481,4.5829001811237555,TRUE,157
P. vivax,paper_replica,15007,Belém,PA,2016,2,158,2280761,0.30691510421302365,0.43727794770042344,-0.1303628434873998,0,3.1403991913225404,TRUE,157
P. vivax,paper_replica,15007,Belém,PA,2016,3,159,2280761,0.17538005955029923,0.4408623640038129,-0.2654823044535137,0.08769002977514961,4.409712372317832,TRUE,157
P. vivax,paper_replica,15008,Castanhal,PA,2016,1,157,329626,0.30337412704094946,0.6306335346124926,-0.32725940757154315,0,7.743624592720227,TRUE,157
P. vivax,paper_replica,15008,Castanhal,PA,2016,2,158,329626,0.30337412704094946,0.5772191515784727,-0.27384502453752324,0,5.6200057034335815,TRUE,157
P. vivax,paper_replica,15008,Castanhal,PA,2016,3,159,329626,0.6067482540818989,0.5819541473615927,0.02479410672030624,0,6.992773628293871,TRUE,157
P. vivax,paper_replica,15009,Salgado,PA,2016,1,157,262427,0,3.1181809582794946,-3.1181809582794946,0,32.54238321514159,TRUE,157
P. vivax,paper_replica,15009,Salgado,PA,2016,2,158,262427,0.38105835146535993,2.854056855166693,-2.472998503701333,0,24.206731776836982,TRUE,157
P. vivax,paper_replica,15009,Salgado,PA,2016,3,159,262427,1.1431750543960797,2.8774580171391504,-1.7342829627430707,0,21.95848750319132,TRUE,157
P. vivax,paper_replica,15010,Bragantina,PA,2016,1,157,409039,0.24447546566464323,1.7567231608347027,-1.5122476951700594,0,15.401954336872523,TRUE,157
P. vivax,paper_replica,15010,Bragantina,PA,2016,2,158,409039,0,1.6079231671502354,-1.6079231671502354,0,14.796877559352524,TRUE,157
P. vivax,paper_replica,15010,Bragantina,PA,2016,3,159,409039,0,1.6211086353962267,-1.6211086353962267,0,16.893254677426825,TRUE,157
P. vivax,paper_replica,15011,Cametá,PA,2016,1,157,478943,1.4615517921756869,2.418553909932038,-0.957002117756351,0.2087931131679553,29.559884996753254,TRUE,157
P. vivax,paper_replica,15011,Cametá,PA,2016,2,158,478943,2.7143104711834187,2.213691217858606,0.5006192533248126,0,18.217199123904052,TRUE,157
P. vivax,paper_replica,15011,Cametá,PA,2016,3,159,478943,1.2527586790077316,2.231839552524769,-0.9790808735170373,0.2087931131679553,19.41775952461984,TRUE,157
P. vivax,paper_replica,15012,Tomé-Açu,PA,2016,1,157,325988,1.8405585481674174,3.818133740315171,-1.9775751921477536,0.30675975802790284,35.59946991913811,TRUE,157
P. vivax,paper_replica,15012,Tomé-Açu,PA,2016,2,158,325988,0.30675975802790284,3.4947174959741645,-3.187957737946262,0.30675975802790284,30.852362663656308,TRUE,157
P. vivax,paper_replica,15012,Tomé-Açu,PA,2016,3,159,325988,0.9202792740837087,3.5233651294385635,-2.6030858553548546,0,32.98434298195025,TRUE,157
P. vivax,paper_replica,15013,Guamá,PA,2016,1,157,465819,0.4293513145663874,5.424975075991676,-4.995623761425288,1.288053943699162,45.56490825835781,FALSE,157
P. vivax,paper_replica,15013,Guamá,PA,2016,2,158,465819,0,4.965449012368559,-4.965449012368559,1.3900248809086795,45.72591500132025,FALSE,157
P. vivax,paper_replica,15013,Guamá,PA,2016,3,159,465819,0.4293513145663874,5.006150974047644,-4.5767996594812566,1.288053943699162,46.05329537867712,FALSE,157
P. vivax,paper_replica,15014,Itaituba,PA,2016,1,157,214640,102.96310100633619,51.641429916630166,51.32167108970602,15.35128587402162,564.0607528885564,TRUE,157
P. vivax,paper_replica,15014,Itaituba,PA,2016,2,158,214640,110.88333954528512,47.26699593254749,63.61634361273764,16.748975027953783,371.9250838613491,TRUE,157
P. vivax,paper_replica,15014,Itaituba,PA,2016,3,159,214640,109.01975400670891,47.65433082998376,61.365423176725145,13.732295937383528,364.2960305628027,TRUE,157
P. vivax,paper_replica,15015,Altamira,PA,2016,1,157,297477,19.16114523139604,25.770215859804818,-6.609070628408777,6.723208853121418,254.34739492464962,TRUE,157
P. vivax,paper_replica,15015,Altamira,PA,2016,2,158,297477,31.599081609670662,23.58728865587516,8.011792953795503,5.538243292758769,226.43767417312915,TRUE,157
P. vivax,paper_replica,15015,Altamira,PA,2016,3,159,297477,17.144182575459613,23.780584121892122,-6.636401546432509,5.538243292758769,252.43968441257613,TRUE,157
P. vivax,paper_replica,15016,Tucuruí,PA,2016,1,157,368588,18.72008855415803,18.90520376403084,-0.18511520987281216,7.053946411711721,177.72553637123227,TRUE,157
P. vivax,paper_replica,15016,Tucuruí,PA,2016,2,158,368588,19.805311079036755,17.30379672658043,2.5015143524563257,4.998806255222634,156.68578467014612,TRUE,157
P. vivax,paper_replica,15016,Tucuruí,PA,2016,3,159,368588,18.72008855415803,17.445604165078965,1.2744843890790634,5.55498279922298,172.33333695074145,TRUE,157
P. vivax,paper_replica,15017,Paragominas,PA,2016,1,157,334228,1.4959847768589107,9.022407455079149,-7.526422678220238,2.236497241404072,72.86193855691323,FALSE,157
P. vivax,paper_replica,15017,Paragominas,PA,2016,2,158,334228,1.1967878214871286,8.258152724046957,-7.061364902559828,1.6381033306605075,66.73588089567599,FALSE,157
P. vivax,paper_replica,15017,Paragominas,PA,2016,3,159,334228,0.29919695537178215,8.325837534455893,-8.02664057908411,2.834891152147636,56.54822456526682,FALSE,157
P. vivax,paper_replica,15018,São Félix do Xingu,PA,2016,1,157,205857,76.26653453611003,2.6916122615850084,73.57492227452502,0,26.717575792904785,FALSE,157
P. vivax,paper_replica,15018,São Félix do Xingu,PA,2016,2,158,205857,92.29708001185288,2.4636240531430333,89.83345595870985,0,22.624928955537065,FALSE,157
P. vivax,paper_replica,15018,São Félix do Xingu,PA,2016,3,159,205857,125.32971917398972,2.483826466836214,122.8458927071535,0,21.374060634323826,FALSE,157
P. vivax,paper_replica,15019,Parauapebas,PA,2016,1,157,307967,6.169492185851081,1.3490441813291563,4.820448004521925,0,11.36485402656778,TRUE,157
P. vivax,paper_replica,15019,Parauapebas,PA,2016,2,158,307967,3.247101150447938,1.2347758184213848,2.012325332026553,0,13.483587527235054,TRUE,157
P. vivax,paper_replica,15019,Parauapebas,PA,2016,3,159,307967,2.9223910354031437,1.2449001172518648,1.677490918151279,0,9.911776261742322,TRUE,157
P. vivax,paper_replica,15020,Marabá,PA,2016,1,157,319770,0.9381743127873159,3.8397157159581266,-2.9015414031708104,0,32.86737342464894,TRUE,157
P. vivax,paper_replica,15020,Marabá,PA,2016,2,158,319770,3.7526972511492636,3.5144712038541837,0.2382260472950799,0.14854426619132546,25.956155987115743,TRUE,157
P. vivax,paper_replica,15020,Marabá,PA,2016,3,159,319770,1.5636238546455263,3.5432793210047615,-1.9796554663592352,0.14854426619132546,32.4061043875285,TRUE,157
P. vivax,paper_replica,15021,Redenção,PA,2016,1,157,190717,9.438067922628816,1.0737592000837402,8.364308722545076,0,9.71334490370548,TRUE,157
P. vivax,paper_replica,15021,Redenção,PA,2016,2,158,190717,8.389393709003393,0.9828114918442798,7.406582217159113,0,8.664670690080055,TRUE,157
P. vivax,paper_replica,15021,Redenção,PA,2016,3,159,190717,6.816382388565256,0.990873927645582,5.825508460919674,0,9.962405029441529,TRUE,157
P. vivax,paper_replica,15022,Conceição do Araguaia,PA,2016,1,157,155323,0,1.8836081875508703,-1.8836081875508703,0,19.990600233062686,TRUE,157
P. vivax,paper_replica,15022,Conceição do Araguaia,PA,2016,2,158,155323,0.6438196532387348,1.7240704140730367,-1.080250760834302,0,17.753326938058066,TRUE,157
P. vivax,paper_replica,15022,Conceição do Araguaia,PA,2016,3,159,155323,1.2876393064774696,1.7382164502252477,-0.45057714374777813,0,17.72113595539616,TRUE,157
P. vivax,paper_replica,16001,Oiapoque,AP,2016,1,157,35237,788.94344013395,173.49975089810468,615.4436892358453,53.77869852711639,1576.0422283395285,TRUE,157
P. vivax,paper_replica,16001,Oiapoque,AP,2016,2,158,35237,561.9093566421659,158.8030015547123,403.1063550874536,41.078979481794704,1476.147231603144,TRUE,157
P. vivax,paper_replica,16001,Oiapoque,AP,2016,3,159,35237,519.3404659874564,160.10436900203982,359.23609698541657,48.24474274200414,1311.1218321650538,TRUE,157
P. vivax,paper_replica,16002,Amapá,AP,2016,1,157,29010,203.37814546708034,26.04858135326512,177.32956411381522,1.6373664253705666,234.40193036883832,TRUE,157
P. vivax,paper_replica,16002,Amapá,AP,2016,2,158,29010,130.98931402964496,23.842128320081617,107.14718570956335,0,195.1913133402271,TRUE,157
P. vivax,paper_replica,16002,Amapá,AP,2016,3,159,29010,134.4364012409514,24.037555263734454,110.39884597721695,0,229.31747673216123,TRUE,157
P. vivax,paper_replica,16003,Macapá,AP,2016,1,157,636748,124.06792011910521,16.834977679295335,107.23294243980988,4.471941804293064,142.57602693687286,TRUE,157
P. vivax,paper_replica,16003,Macapá,AP,2016,2,158,636748,94.85699209106271,15.408923601990189,79.44806848907251,4.240296004070684,131.55518352629295,TRUE,157
P. vivax,paper_replica,16003,Macapá,AP,2016,3,159,636748,68.31588006558324,15.535192791428813,52.78068727415443,4.07539560391238,121.39417791653834,TRUE,157
P. vivax,paper_replica,16004,Mazagão,AP,2016,1,157,81300,110.7011070110701,30.170469137742916,80.5306378733272,4.274292742927431,271.24846248462484,TRUE,157
P. vivax,paper_replica,16004,Mazagão,AP,2016,2,158,81300,161.13161131611315,27.614815373069874,133.5167959430433,4.920049200492005,295.0492004920045,TRUE,157
P. vivax,paper_replica,16004,Mazagão,AP,2016,3,159,81300,91.02091020910208,27.841128713581853,63.17978149552023,6.1500615006150054,220.47970479704767,TRUE,157
P. vivax,paper_replica,17001,Bico do Papagaio,TO,2016,1,157,212579,0.9408267044251784,0.23682918637130113,0.7039975180538772,0,2.8224801132755353,TRUE,157
P. vivax,paper_replica,17001,Bico do Papagaio,TO,2016,2,158,212579,0,0.2167726804799041,-0.2167726804799041,0,2.3520667610629458,TRUE,157
P. vivax,paper_replica,17001,Bico do Papagaio,TO,2016,3,159,212579,0,0.21855352010524134,-0.21855352010524134,0,2.3520667610629458,TRUE,157
P. vivax,paper_replica,17002,Araguaína,TO,2016,1,157,310729,0.32182384006642445,0.18099433473012455,0.1408295053362999,0,1.9309430403985466,TRUE,157
P. vivax,paper_replica,17002,Araguaína,TO,2016,2,158,310729,0.6436476801328489,0.16566615975938476,0.47798152037346414,0,1.9309430403985466,TRUE,157
P. vivax,paper_replica,17002,Araguaína,TO,2016,3,159,310729,0.6436476801328489,0.16702703619482026,0.4766206439380286,0,2.252766880464971,TRUE,157
P. vivax,paper_replica,17003,Miracema do Tocantins,TO,2016,1,157,149097,0,0.21033587370360585,-0.21033587370360585,0,2.6828172263694103,TRUE,157
P. vivax,paper_replica,17003,Miracema do Tocantins,TO,2016,2,158,149097,0,0.19252501694337923,-0.19252501694337923,0,2.6828172263694103,TRUE,157
P. vivax,paper_replica,17003,Miracema do Tocantins,TO,2016,3,159,149097,0,0.19410880765420904,-0.19410880765420904,0,3.3535215329617634,TRUE,157
P. vivax,paper_replica,17004,Rio Formoso,TO,2016,1,157,125805,0,0.13878944685998418,-0.13878944685998418,0,1.5897619331505108,TRUE,157
P. vivax,paper_replica,17004,Rio Formoso,TO,2016,2,158,125805,0,0.12703874984470515,-0.12703874984470515,0,2.3846428997257663,TRUE,157
P. vivax,paper_replica,17004,Rio Formoso,TO,2016,3,159,125805,0.7948809665752554,0.1280851970797803,0.6667957694954751,0,1.5897619331505108,TRUE,157
P. vivax,paper_replica,17005,Gurupi,TO,2016,1,157,148490,0,0.033731595739130246,-0.033731595739130246,0,0.6734460233012324,TRUE,157
P. vivax,paper_replica,17005,Gurupi,TO,2016,2,158,148490,0,0.030877766217575615,-0.030877766217575615,0,0.6734460233012324,TRUE,157
P. vivax,paper_replica,17005,Gurupi,TO,2016,3,159,148490,0,0.031134425235844185,-0.031134425235844185,0,0.6734460233012324,TRUE,157
P. vivax,paper_replica,17006,Porto Nacional,TO,2016,1,157,383420,0.2608105993427573,0.09794596850763715,0.16286463083512015,0,1.1801679620259709,TRUE,157
P. vivax,paper_replica,17006,Porto Nacional,TO,2016,2,158,383420,0.2608105993427573,0.08965200026771922,0.17115859907503808,0,1.0432423973710292,TRUE,157
P. vivax,paper_replica,17006,Porto Nacional,TO,2016,3,159,383420,0,0.09038936804219112,-0.09038936804219112,0,1.0432423973710292,TRUE,157
P. vivax,paper_replica,17007,Jalapão,TO,2016,1,157,78618,0,0.005809267844491212,-0.005809267844491212,0,0,TRUE,157
P. vivax,paper_replica,17007,Jalapão,TO,2016,2,158,78618,0,0.005320653589188386,-0.005320653589188386,0,0,TRUE,157
P. vivax,paper_replica,17007,Jalapão,TO,2016,3,159,78618,0,0.005367578442250239,-0.005367578442250239,0,0,TRUE,157
P. vivax,paper_replica,17008,Dianópolis,TO,2016,1,157,124164,0,0.010083948982624099,-0.010083948982624099,0,0,TRUE,157
P. vivax,paper_replica,17008,Dianópolis,TO,2016,2,158,124164,0,0.009232637487270129,-0.009232637487270129,0,0,TRUE,157
P. vivax,paper_replica,17008,Dianópolis,TO,2016,3,159,124164,0,0.009311098895649747,-0.009311098895649747,0,0,TRUE,157
P. vivax,paper_replica,21001,Litoral Ocidental Maranhense,MA,2016,1,157,187688,0,1.294015011562333,-1.294015011562333,0,10.682622224116594,TRUE,157
P. vivax,paper_replica,21001,Litoral Ocidental Maranhense,MA,2016,2,158,187688,0,1.1844110481441004,-1.1844110481441004,0,10.655982268445506,TRUE,157
P. vivax,paper_replica,21001,Litoral Ocidental Maranhense,MA,2016,3,159,187688,0,1.194127532716782,-1.194127532716782,0,13.319977835556882,TRUE,157
P. vivax,paper_replica,21002,Aglomeração Urbana de São Luís,MA,2016,1,157,1409162,0.07096416167906884,0.12297838255405835,-0.05201422087498951,0,1.1354265868651015,TRUE,157
P. vivax,paper_replica,21002,Aglomeração Urbana de São Luís,MA,2016,2,158,1409162,0,0.11256232906246783,-0.11256232906246783,0,1.1354265868651015,TRUE,157
P. vivax,paper_replica,21002,Aglomeração Urbana de São Luís,MA,2016,3,159,1409162,0.28385664671627536,0.11348595912250471,0.17037068759377066,0,1.0644624251860326,TRUE,157
P. vivax,paper_replica,21003,Rosário,MA,2016,1,157,174476,0,0.6199273138190893,-0.6199273138190893,0,7.178637749604517,TRUE,157
P. vivax,paper_replica,21003,Rosário,MA,2016,2,158,174476,0.5731447305073477,0.5674229912674933,0.005721739239854418,0,6.877736766088173,TRUE,157
P. vivax,paper_replica,21003,Rosário,MA,2016,3,159,174476,0,0.5720811504943574,-0.5720811504943574,0,4.585157844058782,TRUE,157
P. vivax,paper_replica,21004,Lençóis Maranhenses,MA,2016,1,157,194298,0.514673336833112,0.19756225570706284,0.31711108112604913,0,2.058693347332448,TRUE,157
P. vivax,paper_replica,21004,Lençóis Maranhenses,MA,2016,2,158,194298,0,0.18083309436808617,-0.18083309436808617,0,2.058693347332448,TRUE,157
P. vivax,paper_replica,21004,Lençóis Maranhenses,MA,2016,3,159,194298,0,0.18232059775950477,-0.18232059775950477,0,3.088040020998672,TRUE,157
P. vivax,paper_replica,21005,Baixada Maranhense,MA,2016,1,157,595044,1.1763835951627106,1.1695802496105678,0.006803345552142792,0,8.570794764756892,TRUE,157
P. vivax,paper_replica,21005,Baixada Maranhense,MA,2016,2,158,595044,1.5124931937806279,1.0705110510291147,0.44198214275151315,0,8.75565504399673,TRUE,157
P. vivax,paper_replica,21005,Baixada Maranhense,MA,2016,3,159,595044,1.1763835951627106,1.0792868564506004,0.09709673871211022,0,10.25974549781192,TRUE,157
P. vivax,paper_replica,21006,Itapecuru Mirim,MA,2016,1,157,232934,0.429306155391656,0.264906073974558,0.164400081417098,0,3.2305288193222017,TRUE,157
P. vivax,paper_replica,21006,Itapecuru Mirim,MA,2016,2,158,232934,0,0.24247191540989957,-0.24247191540989957,0,2.575836932349936,TRUE,157
P. vivax,paper_replica,21006,Itapecuru Mirim,MA,2016,3,159,232934,0.429306155391656,0.24446457832565663,0.18484157706599938,0,3.434449243133248,TRUE,157
P. vivax,paper_replica,21007,Gurupi,MA,2016,1,157,238005,7.983025566689776,6.613264361018035,1.3697612056717405,0.6197348795193385,65.16669817860965,TRUE,157
P. vivax,paper_replica,21007,Gurupi,MA,2016,2,158,238005,5.882229364929308,6.053079702632792,-0.17085033770348446,0.8403184807041869,50.48213272830397,TRUE,157
P. vivax,paper_replica,21007,Gurupi,MA,2016,3,159,238005,4.201592403520934,6.102693402620761,-1.9011009990998273,0.42015924035209345,56.14377849204844,TRUE,157
P. vivax,paper_replica,21008,Pindaré,MA,2016,1,157,654404,4.431513254808956,1.7320551308675254,2.6994581239414304,0.305621603779928,16.969639549880494,TRUE,157
P. vivax,paper_replica,21008,Pindaré,MA,2016,2,158,654404,6.418053679378487,1.5853392826775854,4.832714396700902,0,15.326923429563347,TRUE,157
P. vivax,paper_replica,21008,Pindaré,MA,2016,3,159,654404,6.87648608504838,1.598333457665314,5.278152627383066,0,12.690937096961502,TRUE,157
P. vivax,paper_replica,21009,Imperatriz,MA,2016,1,157,589439,1.1875698757632256,0.4991254230867254,0.6884444526765001,0,4.3303887255509,TRUE,157
P. vivax,paper_replica,21009,Imperatriz,MA,2016,2,158,589439,1.0179170363684793,0.4568480137569399,0.5610690226115393,0,4.3303887255509,TRUE,157
P. vivax,paper_replica,21009,Imperatriz,MA,2016,3,159,589439,0.6786113575789862,0.46059426798034664,0.21801708959863952,0,4.071668145473917,TRUE,157
P. vivax,paper_replica,21010,Médio Mearim,MA,2016,1,157,416384,1.6811404857055026,0.5063322611723496,1.174808224533153,0,5.649832846603131,TRUE,157
P. vivax,paper_replica,21010,Médio Mearim,MA,2016,2,158,416384,1.2008146326467874,0.46344533198246546,0.737369300664322,0,4.208855287426985,TRUE,157
P. vivax,paper_replica,21010,Médio Mearim,MA,2016,3,159,416384,1.92130341223486,0.46724652795831456,1.4540568842765453,0,4.827274823240064,TRUE,157
P. vivax,paper_replica,21011,Alto Mearim e Grajaú,MA,2016,1,157,330611,0.6049405494675011,0.6163389539195371,-0.011398404452035993,0,5.7469352199412604,TRUE,157
P. vivax,paper_replica,21011,Alto Mearim e Grajaú,MA,2016,2,158,330611,1.8148216484025033,0.564134291862516,1.2506873565399874,0,7.259286593610013,TRUE,157
P. vivax,paper_replica,21011,Alto Mearim e Grajaú,MA,2016,3,159,330611,2.117291923136254,0.5687613255277574,1.5485305976084964,0,5.141994670473759,TRUE,157
P. vivax,paper_replica,21012,Presidente Dutra,MA,2016,1,157,195820,1.0213461342048822,0.3270220002289207,0.6943241339759615,0,3.574711469717087,TRUE,157
P. vivax,paper_replica,21012,Presidente Dutra,MA,2016,2,158,195820,1.5320192013073228,0.2993259325153939,1.232693268791929,0,2.553365335512205,TRUE,157
P. vivax,paper_replica,21012,Presidente Dutra,MA,2016,3,159,195820,2.553365335512205,0.3017842512686475,2.2515810842435577,0,4.353487897048298,TRUE,157
P. vivax,paper_replica,21013,Baixo Parnaíba Maranhense,MA,2016,1,157,143983,1.3890528742976602,0.2755289725354906,1.1135239017621696,0,3.1427321280984404,TRUE,157
P. vivax,paper_replica,21013,Baixo Parnaíba Maranhense,MA,2016,2,158,143983,0.6945264371488301,0.252196048916275,0.4423303882325551,0,3.4726321857441502,TRUE,157
P. vivax,paper_replica,21013,Baixo Parnaíba Maranhense,MA,2016,3,159,143983,0,0.25426892642064663,-0.25426892642064663,0,2.7781057485953204,TRUE,157
P. vivax,paper_replica,21014,Chapadinha,MA,2016,1,157,240987,0,0.1606185996217978,-0.1606185996217978,0,2.074800715391287,TRUE,157
P. vivax,paper_replica,21014,Chapadinha,MA,2016,2,158,240987,0.8299202861565147,0.1470170722555677,0.682903213900947,0,2.074800715391287,TRUE,157
P. vivax,paper_replica,21014,Chapadinha,MA,2016,3,159,240987,0.41496014307825735,0.14822571902392645,0.2667344240543309,0,1.6598405723130294,TRUE,157
P. vivax,paper_replica,21015,Codó,MA,2016,1,157,273399,0.7315315710737786,0.3078461294108414,0.42368544166293726,0,3.657657855368893,TRUE,157
P. vivax,paper_replica,21015,Codó,MA,2016,2,158,273399,0.3657657855368893,0.2817733402517158,0.08399244528517352,0,3.4839191072388624,TRUE,157
P. vivax,paper_replica,21015,Codó,MA,2016,3,159,273399,0.7315315710737786,0.2840871177291466,0.44744445334463206,0,2.9261262842951146,TRUE,157
P. vivax,paper_replica,21016,Coelho Neto,MA,2016,1,157,92230,0,0.0385285208875755,-0.0385285208875755,0,1.0842459069717012,TRUE,157
P. vivax,paper_replica,21016,Coelho Neto,MA,2016,2,158,92230,0,0.03527010619279543,-0.03527010619279543,0,1.0842459069717012,TRUE,157
P. vivax,paper_replica,21016,Coelho Neto,MA,2016,3,159,92230,0,0.03556405128907241,-0.03556405128907241,0,1.0842459069717012,TRUE,157
P. vivax,paper_replica,21017,Caxias,MA,2016,1,157,437336,0.22865714233449796,0.08939328900364449,0.13926385333085348,0,1.3719428540069878,TRUE,157
P. vivax,paper_replica,21017,Caxias,MA,2016,2,158,437336,0.22865714233449796,0.08182293739757858,0.1468342049369194,0,0.9146285693379919,TRUE,157
P. vivax,paper_replica,21017,Caxias,MA,2016,3,159,437336,0.22865714233449796,0.08249531764388454,0.14616182469061342,0,1.14328571167249,TRUE,157
P. vivax,paper_replica,21018,Chapadas do Alto Itapecuru,MA,2016,1,157,217425,0.9198574220995746,0.08688563090645175,0.8329717911931228,0,1.379786133149362,TRUE,157
P. vivax,paper_replica,21018,Chapadas do Alto Itapecuru,MA,2016,2,158,217425,0.4599287110497873,0.079528807616803407,0.38039990343298385,0,0.9198574220995746,TRUE,157
P. vivax,paper_replica,21018,Chapadas do Alto Itapecuru,MA,2016,3,159,217425,0.4599287110497873,0.08018386528322881,0.3797448457665585,0,1.1613199954007025,TRUE,157
P. vivax,paper_replica,21019,Porto Franco,MA,2016,1,157,118414,0,0.1875415203026616,-0.1875415203026616,0,2.9768439542621454,TRUE,157
P. vivax,paper_replica,21019,Porto Franco,MA,2016,2,158,118414,0,0.17166176297058272,-0.17166176297058272,0,1.6889894775955545,TRUE,157
P. vivax,paper_replica,21019,Porto Franco,MA,2016,3,159,118414,0,0.17307490068367098,-0.17307490068367098,0,2.9768439542621454,TRUE,157
P. vivax,paper_replica,21020,Gerais de Balsas,MA,2016,1,157,140990,0.7092701610043265,0.020479817487029067,0.6887903435172974,0,0.7092701610043265,TRUE,157
P. vivax,paper_replica,21020,Gerais de Balsas,MA,2016,2,158,140990,0,0.018748111847036727,-0.018748111847036727,0,0.7092701610043265,TRUE,157
P. vivax,paper_replica,21020,Gerais de Balsas,MA,2016,3,159,140990,0,0.018904809753541592,-0.018904809753541592,0,0.7092701610043265,TRUE,157
P. vivax,paper_replica,21021,Chapadas das Mangabeiras,MA,2016,1,157,71007,0,0.014670303947554544,-0.014670303947554544,0,0,TRUE,157
P. vivax,paper_replica,21021,Chapadas das Mangabeiras,MA,2016,2,158,71007,0,0.013432559496022513,-0.013432559496022513,0,0,TRUE,157
P. vivax,paper_replica,21021,Chapadas das Mangabeiras,MA,2016,3,159,71007,0,0.01354736405668582,-0.01354736405668582,0,0,TRUE,157
P. vivax,paper_replica,51001,Aripuanã,MT,2016,1,157,158779,44.716240812701926,15.15928793021464,29.556952882487288,3.1490310431480237,122.37134633673202,TRUE,157
P. vivax,paper_replica,51001,Aripuanã,MT,2016,2,158,158779,21.41341109340656,13.875187072499973,7.538224020906586,1.2596124172592094,127.8821506622412,TRUE,157
P. vivax,paper_replica,51001,Aripuanã,MT,2016,3,159,158779,30.230698014221026,13.9888997026921,16.241798311528925,2.188576574987877,132.44824567480566,TRUE,157
P. vivax,paper_replica,51002,Alta Floresta,MT,2016,1,157,103591,14.480022395767971,1.653465406065925,12.826556989702047,0,18.3413617013061,TRUE,157
P. vivax,paper_replica,51002,Alta Floresta,MT,2016,2,158,103591,5.792008958307189,1.5134157581703735,4.278593200136815,0,17.376026874921568,TRUE,157
P. vivax,paper_replica,51002,Alta Floresta,MT,2016,3,159,103591,5.792008958307189,1.5258284550339816,4.266180503273207,0,15.445357222152502,TRUE,157
P. vivax,paper_replica,51003,Colíder,MT,2016,1,157,150531,1.992944974789246,1.4067892635506887,0.5861557112385574,0,12.30643521932358,TRUE,157
P. vivax,paper_replica,51003,Colíder,MT,2016,2,158,150531,0.6643149915964154,1.2876321299156919,-0.6233171383192765,0,12.30643521932358,TRUE,157
P. vivax,paper_replica,51003,Colíder,MT,2016,3,159,150531,4.650204941174907,1.2981931675349312,3.352011773639976,0,13.950614823524722,TRUE,157
P. vivax,paper_replica,51004,Parecis,MT,2016,1,157,103492,0,0.49416502547688473,-0.49416502547688473,0,6.763807830556951,TRUE,157
P. vivax,paper_replica,51004,Parecis,MT,2016,2,158,103492,0,0.4523161476479001,-0.4523161476479001,0,6.763807830556951,TRUE,157
P. vivax,paper_replica,51004,Parecis,MT,2016,3,159,103492,0,0.45603341182100987,-0.45603341182100987,0,5.797549569048815,TRUE,157
P. vivax,paper_replica,51005,Arinos,MT,2016,1,157,79669,0,0.18214093341673832,-0.18214093341673832,0,2.510386725074998,TRUE,157
P. vivax,paper_replica,51005,Arinos,MT,2016,2,158,79669,0,0.16672030759622258,-0.16672030759622258,0,2.510386725074998,TRUE,157
P. vivax,paper_replica,51005,Arinos,MT,2016,3,159,79669,0,0.16809503188150537,-0.16809503188150537,0,2.510386725074998,TRUE,157
P. vivax,paper_replica,51006,Alto Teles Pires,MT,2016,1,157,238340,0,0.4373611620855152,-0.4373611620855152,0,4.615255517328187,TRUE,157
P. vivax,paper_replica,51006,Alto Teles Pires,MT,2016,2,158,238340,0,0.4003203781517441,-0.4003203781517441,0,3.776118150541244,TRUE,157
P. vivax,paper_replica,51006,Alto Teles Pires,MT,2016,3,159,238340,0.4195686833934715,0.40360731315136733,0.015961370242104145,0,5.873961567508601,TRUE,157
P. vivax,paper_replica,51007,Sinop,MT,2016,1,157,194473,0.5142101988450839,1.09683195643356,-0.5826217575884761,0,11.068374530140419,TRUE,157
P. vivax,paper_replica,51007,Sinop,MT,2016,2,158,194473,0.5142101988450839,1.0039314470187233,-0.4897212481736394,0,9.769993778056595,TRUE,157
P. vivax,paper_replica,51007,Sinop,MT,2016,3,159,194473,0,1.0121675995474633,-1.0121675995474633,0,9.037244244702315,TRUE,157
P. vivax,paper_replica,51008,Paranatinga,MT,2016,1,157,35035,0,0.4632880089125256,-0.4632880089125256,0,8.56286570572285,TRUE,157
P. vivax,paper_replica,51008,Paranatinga,MT,2016,2,158,35035,0,0.4240660820578574,-0.4240660820578574,0,5.708577137148565,TRUE,157
P. vivax,paper_replica,51008,Paranatinga,MT,2016,3,159,35035,0,0.42756194158482297,-0.42756194158482297,0,5.708577137148565,TRUE,157
P. vivax,paper_replica,51009,Norte Araguaia,MT,2016,1,157,124904,0,0.1823230284030084,-0.1823230284030084,0,2.401844616665599,TRUE,157
P. vivax,paper_replica,51009,Norte Araguaia,MT,2016,2,158,124904,0,0.166885811558967,-0.166885811558967,0,2.401844616665599,TRUE,157
P. vivax,paper_replica,51009,Norte Araguaia,MT,2016,3,159,124904,0.8006148722218663,0.16826054096026322,0.6323543312616031,0,2.401844616665599,TRUE,157
P. vivax,paper_replica,51010,Canarana,MT,2016,1,157,109827,0,0.13587286474747556,-0.13587286474747556,0,1.8210458266182268,TRUE,157
P. vivax,paper_replica,51010,Canarana,MT,2016,2,158,109827,0,0.12436986083277433,-0.12436986083277433,0,1.8210458266182268,TRUE,157
P. vivax,paper_replica,51010,Canarana,MT,2016,3,159,109827,0,0.12539501803924086,-0.12539501803924086,0,1.8210458266182268,TRUE,157
P. vivax,paper_replica,51011,Médio Araguaia,MT,2016,1,157,67282,2.9725632412829586,0.036396260002908166,2.9361669812800506,0,1.4862816206414793,FALSE,157
P. vivax,paper_replica,51011,Médio Araguaia,MT,2016,2,158,67282,0,0.03331938011418125,-0.03331938011418125,0,1.4862816206414793,TRUE,157
P. vivax,paper_replica,51011,Médio Araguaia,MT,2016,3,159,67282,0,0.03359829140309643,-0.03359829140309643,0,1.4862816206414793,TRUE,157
P. vivax,paper_replica,51012,Alto Guaporé,MT,2016,1,157,72021,0,0.4591322396078957,-0.4591322396078957,0,6.942419572069257,TRUE,157
P. vivax,paper_replica,51012,Alto Guaporé,MT,2016,2,158,72021,0,0.4202527806846489,-0.4202527806846489,0,5.553935657655406,TRUE,157
P. vivax,paper_replica,51012,Alto Guaporé,MT,2016,3,159,72021,1.3884839144138514,0.4237084954964376,0.9647754189174138,0,5.553935657655406,TRUE,157
P. vivax,paper_replica,51013,Tangará da Serra,MT,2016,1,157,161588,0,0.09534489265963142,-0.09534489265963142,0,1.2377156719558384,TRUE,157
P. vivax,paper_replica,51013,Tangará da Serra,MT,2016,2,158,161588,0,0.08727281060046366,-0.08727281060046366,0,1.2377156719558384,TRUE,157
P. vivax,paper_replica,51013,Tangará da Serra,MT,2016,3,159,161588,0,0.08799225477053355,-0.08799225477053355,0,1.2377156719558384,TRUE,157
P. vivax,paper_replica,51014,Jauru,MT,2016,1,157,107801,0,0.06731139688892065,-0.06731139688892065,0,0.9276351796365526,TRUE,157
P. vivax,paper_replica,51014,Jauru,MT,2016,2,158,107801,0,0.061614278158722294,-0.061614278158722294,0,0.9276351796365526,TRUE,157
P. vivax,paper_replica,51014,Jauru,MT,2016,3,159,107801,0,0.06212402647046662,-0.06212402647046662,0,0.9276351796365526,TRUE,157
P. vivax,paper_replica,51015,Alto Paraguai,MT,2016,1,157,32538,0,0.0853107218348234,-0.0853107218348234,0,3.073329645337759,TRUE,157
P. vivax,paper_replica,51015,Alto Paraguai,MT,2016,2,158,32538,0,0.078097281790043,-0.078097281790043,0,3.073329645337759,TRUE,157
P. vivax,paper_replica,51015,Alto Paraguai,MT,2016,3,159,32538,0,0.07875010296192009,-0.07875010296192009,0,3.073329645337759,TRUE,157
P. vivax,paper_replica,51016,Rosário Oeste,MT,2016,1,157,30278,0,0.06114388092242744,-0.06114388092242744,0,1.7339322280202698,TRUE,157
P. vivax,paper_replica,51016,Rosário Oeste,MT,2016,2,158,30278,0,0.05597598945530943,-0.05597598945530943,0,0,TRUE,157
P. vivax,paper_replica,51016,Rosário Oeste,MT,2016,3,159,30278,0,0.05644568121987566,-0.05644568121987566,0,0,TRUE,157
P. vivax,paper_replica,51017,Cuiabá,MT,2016,1,157,906316,0,0.09632998356164006,-0.09632998356164006,0,0.9930311282157658,TRUE,157
P. vivax,paper_replica,51017,Cuiabá,MT,2016,2,158,906316,0,0.08817115789248457,-0.08817115789248457,0,1.0509579440283496,TRUE,157
P. vivax,paper_replica,51017,Cuiabá,MT,2016,3,159,906316,0.5516839601198699,0.08889486976986553,0.4627890903500043,0,0.9406211520043757,TRUE,157
P. vivax,paper_replica,51018,Alto Pantanal,MT,2016,1,157,136000,0,0.05839596513385419,-0.05839596513385419,0,0.7352941176470589,TRUE,157
P. vivax,paper_replica,51018,Alto Pantanal,MT,2016,2,158,136000,0,0.053453743761882645,-0.053453743761882645,0,0.7352941176470589,TRUE,157
P. vivax,paper_replica,51018,Alto Pantanal,MT,2016,3,159,136000,0,0.05389588435315299,-0.05389588435315299,0,0.7352941176470589,TRUE,157
P. vivax,paper_replica,51019,Primavera do Leste,MT,2016,1,157,97184,0,0.07873290156061125,-0.07873290156061125,0,1.0289759631215014,TRUE,157
P. vivax,paper_replica,51019,Primavera do Leste,MT,2016,2,158,97184,0,0.07207026208335408,-0.07207026208335408,0,1.0289759631215014,TRUE,157
P. vivax,paper_replica,51019,Primavera do Leste,MT,2016,3,159,97184,0,0.0726669460869171,-0.0726669460869171,0,1.5691883437602663,TRUE,157
P. vivax,paper_replica,51020,Tesouro,MT,2016,1,157,54436,0,0.020966765110382944,-0.020966765110382944,0,0,TRUE,157
P. vivax,paper_replica,51020,Tesouro,MT,2016,2,158,54436,0,0.019196928837826404,-0.019196928837826404,0,0,TRUE,157
P. vivax,paper_replica,51020,Tesouro,MT,2016,3,159,54436,0,0.019360244530450575,-0.019360244530450575,0,0,TRUE,157
P. vivax,paper_replica,51021,Rondonópolis,MT,2016,1,157,302259,0,0.06540407276107633,-0.06540407276107633,0,0.992526277133187,TRUE,157
P. vivax,paper_replica,51021,Rondonópolis,MT,2016,2,158,302259,0.33084209237772905,0.05986639789048448,0.27097569448724457,0,0.6616841847554581,TRUE,157
P. vivax,paper_replica,51021,Rondonópolis,MT,2016,3,159,302259,0,0.06035943261248145,-0.06035943261248145,0,0.8353762832537583,TRUE,157
P. vivax,paper_replica,51022,Alto Araguaia,MT,2016,1,157,39187,0,0.009607847829884726,-0.009607847829884726,0,0,TRUE,157
P. vivax,paper_replica,51022,Alto Araguaia,MT,2016,2,158,39187,0,0.008801553186551672,-0.008801553186551672,0,0,TRUE,157
P. vivax,paper_replica,51022,Alto Araguaia,MT,2016,3,159,39187,0,0.008880883692411296,-0.008880883692411296,0,0,TRUE,157
P. vivax,paper_replica,11001,Porto Velho,RO,2017,1,169,659874,50.161091359865665,57.09294718680835,-6.931855826942687,19.302927528588793,441.4327583750835,TRUE,169
P. vivax,paper_replica,11001,Porto Velho,RO,2017,2,170,659874,39.85609373910777,52.38050478394558,-12.524411044837812,16.609231459339213,447.0057920148382,TRUE,169
P. vivax,paper_replica,11001,Porto Velho,RO,2017,3,171,659874,49.55491502923286,52.6265891755265,-3.0716741462936383,21.648072207724503,427.9036603957725,TRUE,169
P. vivax,paper_replica,11002,Guajará-Mirim,RO,2017,1,169,84545,22.47323910343604,24.326829994515883,-1.8535908910798433,4.731208232302324,212.69738009344098,TRUE,169
P. vivax,paper_replica,11002,Guajará-Mirim,RO,2017,2,170,84545,29.570051451889523,22.31892557913275,7.251125872756774,4.110237151812646,169.19983440771182,TRUE,169
P. vivax,paper_replica,11002,Guajará-Mirim,RO,2017,3,171,84545,21.29043704536046,22.423809152382944,-1.1333721070224847,2.927435093737065,263.8239990537583,TRUE,169
P. vivax,paper_replica,11003,Ariquemes,RO,2017,1,169,204494,78.24190440795329,40.13574896566249,38.10615544229079,10.501530607254981,392.54207947421435,TRUE,169
P. vivax,paper_replica,11003,Ariquemes,RO,2017,2,170,204494,49.879214060070225,36.82296440707088,13.056249652999348,8.313202343345038,375.9645759777783,TRUE,169
P. vivax,paper_replica,11003,Ariquemes,RO,2017,3,171,204494,56.23636879321642,36.99597116665312,19.2403976265633,10.501530607254981,273.2965270374679,TRUE,169
P. vivax,paper_replica,11004,Ji-Paraná,RO,2017,1,169,317627,11.019214361499493,5.776756046802435,5.242458314697059,0.944504088128528,45.98160735705716,TRUE,169
P. vivax,paper_replica,11004,Ji-Paraná,RO,2017,2,170,317627,8.18570209711391,5.299949483003599,2.885752614110312,0.6296693920856854,51.963466581871174,TRUE,169
P. vivax,paper_replica,11004,Ji-Paraná,RO,2017,3,171,317627,7.241198008985382,5.324856042801818,1.9163419661835643,1.2593387841713708,46.62701848394498,TRUE,169
P. vivax,paper_replica,11005,Alvorada D'Oeste,RO,2017,1,169,75328,2.655055225148683,3.6210286319591187,-0.9659734068104355,0,35.21266992353438,TRUE,169
P. vivax,paper_replica,11005,Alvorada D'Oeste,RO,2017,2,170,75328,7.965165675446049,3.3221687614770326,4.642996913969016,0,35.21266992353438,TRUE,169
P. vivax,paper_replica,11005,Alvorada D'Oeste,RO,2017,3,171,75328,7.965165675446049,3.337797703680913,4.6273679717651355,0,35.21266992353438,TRUE,169
P. vivax,paper_replica,11006,Cacoal,RO,2017,1,169,250643,1.1969215178560741,2.8477977482179315,-1.6508762303618574,0,29.544012799080747,TRUE,169
P. vivax,paper_replica,11006,Cacoal,RO,2017,2,170,250643,3.191790714282865,2.612748887620686,0.5790418266621788,0,28.78596250443853,TRUE,169
P. vivax,paper_replica,11006,Cacoal,RO,2017,3,171,250643,2.3938430357121483,2.6250313166117065,-0.23118828089955823,0,26.33227339283363,TRUE,169
P. vivax,paper_replica,11007,Vilhena,RO,2017,1,169,159583,0.6266331626802354,1.760438664056198,-1.1338055013759627,0,13.488278826692053,TRUE,169
P. vivax,paper_replica,11007,Vilhena,RO,2017,2,170,159583,3.7597989760814117,1.6151421906489958,2.144656785432416,0,16.29246222968612,TRUE,169
P. vivax,paper_replica,11007,Vilhena,RO,2017,3,171,159583,4.386432138761648,1.622739961681029,2.7636921770806184,0,15.697160725139867,TRUE,169
P. vivax,paper_replica,11008,Colorado do Oeste,RO,2017,1,169,53694,0,1.6664104313928076,-1.6664104313928076,0,15.877006741907806,TRUE,169
P. vivax,paper_replica,11008,Colorado do Oeste,RO,2017,2,170,53694,3.724810965843483,1.5288833278366734,2.19592763800681,0,14.899243863373933,TRUE,169
P. vivax,paper_replica,11008,Colorado do Oeste,RO,2017,3,171,53694,1.8624054829217416,1.5360858289215713,0.32631965400017027,0,19.601817707751287,TRUE,169
P. vivax,paper_replica,12001,Cruzeiro do Sul,AC,2017,1,169,147727,2200.0040615459598,212.12986150480816,1987.8742000411517,82.51707541613922,1985.3513575717316,FALSE,169
P. vivax,paper_replica,12001,Cruzeiro do Sul,AC,2017,2,170,147727,1350.4640316259045,194.62070020129556,1155.843331424609,53.121636532252055,1899.5681222796081,TRUE,169
P. vivax,paper_replica,12001,Cruzeiro do Sul,AC,2017,3,171,147727,1402.587204776378,195.5350339452717,1207.0521708311064,65.30627441158353,1945.531284057753,TRUE,169
P. vivax,paper_replica,12002,Tarauacá,AC,2017,1,169,80242,34.89444430597443,17.16983636336937,17.72460794260506,0.5919593230477823,159.70439420752206,TRUE,169
P. vivax,paper_replica,12002,Tarauacá,AC,2017,2,170,80242,27.417063383265624,15.752661004104787,11.664402379160837,1.246230153784801,107.83006405622987,TRUE,169
P. vivax,paper_replica,12002,Tarauacá,AC,2017,3,171,80242,26.17083322948082,15.826688295851458,10.344144933629362,1.246230153784801,129.0159766705715,TRUE,169
P. vivax,paper_replica,12003,Sena Madureira,AC,2017,1,169,58255,5.149772551712299,0.4061071013661519,4.743665450346148,0,5.149772551712299,TRUE,169
P. vivax,paper_replica,12003,Sena Madureira,AC,2017,2,170,58255,0,0.3725999292386184,-0.3725999292386184,0,5.149772551712299,TRUE,169
P. vivax,paper_replica,12003,Sena Madureira,AC,2017,3,171,58255,0,0.37436157552435145,-0.37436157552435145,0,5.149772551712299,TRUE,169
P. vivax,paper_replica,12004,Rio Branco,AC,2017,1,169,476130,18.272320584714258,6.092688867999028,12.17963171671523,1.4701867137126414,46.00634280553629,TRUE,169
P. vivax,paper_replica,12004,Rio Branco,AC,2017,2,170,476130,13.651733770188814,5.5898039948159965,8.061929775372818,1.2601600403251214,46.56816415684787,TRUE,169
P. vivax,paper_replica,12004,Rio Branco,AC,2017,3,171,476130,12.391573729863694,5.616069612730716,6.775504117132978,0.8401066935500809,43.79581206813265,TRUE,169
P. vivax,paper_replica,12005,Brasiléia,AC,2017,1,169,67265,4.459971753512228,1.0163779737255771,3.443593779786651,0,13.379915260536682,TRUE,169
P. vivax,paper_replica,12005,Brasiléia,AC,2017,2,170,67265,0,0.9325020669568065,-0.9325020669568065,0,10.406600758195198,TRUE,169
P. vivax,paper_replica,12005,Brasiléia,AC,2017,3,171,67265,5.94662900468297,0.9368982453780661,5.0097307593049045,0,13.379915260536682,TRUE,169
P. vivax,paper_replica,13001,Rio Negro,AM,2017,1,169,114647,1865.7269706141462,114.5488739688981,1751.1780966452482,31.357122297138172,1072.3132746604756,FALSE,169
P. vivax,paper_replica,13001,Rio Negro,AM,2017,2,170,114647,2082.043141120134,105.09403841050336,1976.9491027096306,29.19832180519333,1043.8345530192653,FALSE,169
P. vivax,paper_replica,13001,Rio Negro,AM,2017,3,171,114647,2222.4742034244246,105.5877838364153,2116.886419588009,37.048505412265484,990.1262135075483,FALSE,169
P. vivax,paper_replica,13002,Japurá,AM,2017,1,169,22736,593.7719915552428,30.891822902183517,562.8801686530593,0,299.08515130190005,FALSE,169
P. vivax,paper_replica,13002,Japurá,AM,2017,2,170,22736,316.6783954961295,28.34207876344357,288.33631673268593,0,294.6868402533427,FALSE,169
P. vivax,paper_replica,13002,Japurá,AM,2017,3,171,22736,277.0935960591133,28.475314300612723,248.61828175850056,2.0891977480647497,283.80102040816314,TRUE,169
P. vivax,paper_replica,13003,Alto Solimões,AM,2017,1,169,250657,107.31796837909972,37.3840237301976,69.93394464890213,8.168533095026271,357.3808032490601,TRUE,169
P. vivax,paper_replica,13003,Alto Solimões,AM,2017,2,170,250657,102.9295012706607,34.29836646301416,68.63113480764653,8.966436205651549,309.05779611181805,TRUE,169
P. vivax,paper_replica,13003,Alto Solimões,AM,2017,3,171,250657,117.29175726191568,34.45951084515164,82.83224641676404,9.574837327503321,218.0569463450053,TRUE,169
P. vivax,paper_replica,13004,Juruá,AM,2017,1,169,149439,177.9990497795087,58.5355988358841,119.46345094362461,16.37792008779502,562.0688039935997,TRUE,169
P. vivax,paper_replica,13004,Juruá,AM,2017,2,170,149439,211.45751778317577,53.70409847105298,157.7534193121228,12.99861481942465,413.32918448330076,TRUE,169
P. vivax,paper_replica,13004,Juruá,AM,2017,3,171,149439,343.2838817176239,53.956422234486496,289.32745948313743,17.013630979864693,566.9202818541319,TRUE,169
P. vivax,paper_replica,13005,Tefé,AM,2017,1,169,91357,94.13619098700701,61.24387884392075,32.892312143086265,18.608316823013016,538.6013113390325,TRUE,169
P. vivax,paper_replica,13005,Tefé,AM,2017,2,170,91357,70.05483980428428,56.18884522372887,13.865994580555416,14.229889335245247,597.1080486443288,TRUE,169
P. vivax,paper_replica,13005,Tefé,AM,2017,3,171,91357,55.824950469039045,56.45284943122509,-0.6278989621860447,14.74982759941767,482.01013605963385,TRUE,169
P. vivax,paper_replica,13006,Coari,AM,2017,1,169,177551,75.47127304267507,29.57801697172083,45.89325607095424,9.279024055060237,235.74916502863962,TRUE,169
P. vivax,paper_replica,13006,Coari,AM,2017,2,170,177551,65.8965592984551,27.13666819623952,38.75989110221558,7.589368688433183,258.3060641731107,TRUE,169
P. vivax,paper_replica,13006,Coari,AM,2017,3,171,177551,86.17242369797974,27.264170641489773,58.90825305648997,5.632184555423512,276.99083643572794,TRUE,169
P. vivax,paper_replica,13007,Manaus,AM,2017,1,169,2409396,47.937325371171866,17.539787461723385,30.39753790944848,5.45468656875001,161.81337563439124,TRUE,169
P. vivax,paper_replica,13007,Manaus,AM,2017,2,170,2409396,33.61838402653611,16.092056164982836,17.526327861553277,4.958711643914077,171.43819446865496,TRUE,169
P. vivax,paper_replica,13007,Manaus,AM,2017,3,171,2409396,38.10083523007426,16.16765629828957,21.93317893178469,5.911232524665934,156.92937151053616,TRUE,169
P. vivax,paper_replica,13008,Rio Preto da Eva,AM,2017,1,169,66575,306.4213293278258,63.94448232793085,242.47684699989495,17.2361997746902,573.2256853173111,TRUE,169
P. vivax,paper_replica,13008,Rio Preto da Eva,AM,2017,2,170,66575,346.9770935035674,58.66655280603277,288.31054069753463,15.020653398422832,446.9019902365752,TRUE,169
P. vivax,paper_replica,13008,Rio Preto da Eva,AM,2017,3,171,66575,276.3800225309801,58.942206149421494,217.4378163815586,13.443484791588439,599.7746901990233,TRUE,169
P. vivax,paper_replica,13009,Itacoatiara,AM,2017,1,169,176769,12.445621121350465,9.102591762546576,3.3430293588038893,1.6971301529114269,77.02142343963018,TRUE,169
P. vivax,paper_replica,13009,Itacoatiara,AM,2017,2,170,176769,23.1941120897895,8.351286055528297,14.842826034261202,1.131420101940951,80.9248227913265,TRUE,169
P. vivax,paper_replica,13009,Itacoatiara,AM,2017,3,171,176769,39.033993516962816,8.390536399156366,30.64345711780645,0.5657100509704756,90.57017916037309,TRUE,169
P. vivax,paper_replica,13010,Parintins,AM,2017,1,169,277360,6.489760599942312,4.001108042529282,2.4886525574130305,0.7210845111047015,40.57001730602826,TRUE,169
P. vivax,paper_replica,13010,Parintins,AM,2017,2,170,277360,3.244880299971156,3.670864588006025,-0.425984288034869,0,34.99062590135563,TRUE,169
P. vivax,paper_replica,13010,Parintins,AM,2017,3,171,277360,7.210845111047014,3.6881179497959575,3.5227271612510567,0,33.16988751081627,TRUE,169
P. vivax,paper_replica,13011,Boca do Acre,AM,2017,1,169,53773,40.91272571736745,31.36230146986038,9.55042424750707,1.8596693507894295,360.1714615141425,TRUE,169
P. vivax,paper_replica,13011,Boca do Acre,AM,2017,2,170,53773,26.035370911052013,28.773697394338125,-2.7383264832861123,3.719338701578859,327.4877726740184,TRUE,169
P. vivax,paper_replica,13011,Boca do Acre,AM,2017,3,171,53773,33.47404831420973,28.908919973758522,4.56512834045121,1.8596693507894295,217.67429750990266,TRUE,169
P. vivax,paper_replica,13012,Purus,AM,2017,1,169,78281,135.40961408259986,81.38408838152463,54.025525701075225,15.329390273501872,704.7048453647749,TRUE,169
P. vivax,paper_replica,13012,Purus,AM,2017,2,170,78281,169.90074219797907,74.66668953375418,95.23405266422489,21.71663622079432,847.3001111380786,TRUE,169
P. vivax,paper_replica,13012,Purus,AM,2017,3,171,78281,226.10850653415258,75.01751487996843,151.09099165418417,19.16173784187734,638.6926584995076,TRUE,169
P. vivax,paper_replica,13013,Madeira,AM,2017,1,169,195073,88.68474878635178,39.639715382993074,49.0450334033587,10.226940683744036,377.9354395533978,TRUE,169
P. vivax,paper_replica,13013,Madeira,AM,2017,2,170,195073,62.54068989557755,36.36787371482274,26.172816180754808,11.008699307438754,274.9611683831177,TRUE,169
P. vivax,paper_replica,13013,Madeira,AM,2017,3,171,195073,74.84377643241248,36.538742498224735,38.30503393418775,10.71393785916042,309.34573211054305,TRUE,169
P. vivax,paper_replica,14001,Boa Vista,RR,2017,1,169,371888,109.97934862109022,20.570570529756257,89.40877809133397,6.722454072193779,186.44054123822218,TRUE,169
P. vivax,paper_replica,14001,Boa Vista,RR,2017,2,170,371888,101.37460740868218,18.872684829059615,82.50192257962257,4.84016693197952,181.62726412253141,TRUE,169
P. vivax,paper_replica,14001,Boa Vista,RR,2017,3,171,371888,140.3648410274061,18.961354723337884,121.40348630406822,3.354504582024696,198.87035881770805,TRUE,169
P. vivax,paper_replica,14002,Nordeste de Roraima,RR,2017,1,169,49185,89.4581681406933,50.37732910489765,39.080839035795655,8.132560740063028,466.8598149842429,TRUE,169
P. vivax,paper_replica,14002,Nordeste de Roraima,RR,2017,2,170,49185,138.25353258107145,46.21925195853262,92.03428062253883,7.065162142929758,490.5967266443016,TRUE,169
P. vivax,paper_replica,14002,Nordeste de Roraima,RR,2017,3,171,49185,107.75642980583511,46.436441462848805,61.319988342986306,8.132560740063028,411.71088746568984,TRUE,169
P. vivax,paper_replica,14003,Caracaraí,RR,2017,1,169,48518,356.5686961540047,62.730982837541376,293.83771331646335,17.467743930087806,602.920565563296,TRUE,169
P. vivax,paper_replica,14003,Caracaraí,RR,2017,2,170,48518,319.4690630281545,57.55321474487658,261.9158482832779,14.4276351044973,581.7428583206229,TRUE,169
P. vivax,paper_replica,14003,Caracaraí,RR,2017,3,171,48518,465.80650480234135,57.82364234427214,407.98286245806923,12.26348983882271,512.7478461601875,TRUE,169
P. vivax,paper_replica,14004,Sudeste de Roraima,RR,2017,1,169,53045,884.1549627674616,62.96812781717313,821.1868349502885,14.091808841549629,559.6663210481661,FALSE,169
P. vivax,paper_replica,14004,Sudeste de Roraima,RR,2017,2,170,53045,904.8920727684042,57.770785072120304,847.1212876962838,10.321425205014613,628.5229522103867,FALSE,169
P. vivax,paper_replica,14004,Sudeste de Roraima,RR,2017,3,171,53045,1080.2149118672826,58.0422293745902,1022.1726824926924,18.851918182675085,440.5221981336598,FALSE,169
P. vivax,paper_replica,15001,Óbidos,PA,2017,1,169,203396,4.424865779071369,2.306942020165371,2.117923758905998,0,19.45711813408323,TRUE,169
P. vivax,paper_replica,15001,Óbidos,PA,2017,2,170,203396,0,2.116538882035831,-2.116538882035831,0,22.12432889535684,TRUE,169
P. vivax,paper_replica,15001,Óbidos,PA,2017,3,171,203396,0.983303506460304,2.1264941237438255,-1.1431906172835216,0,18.682766622745774,TRUE,169
P. vivax,paper_replica,15002,Santarém,PA,2017,1,169,514081,5.641134373766002,4.160875792029603,1.4802585817363996,0.5835656248723451,46.73388045852692,TRUE,169
P. vivax,paper_replica,15002,Santarém,PA,2017,2,170,514081,2.5287843744468286,3.8174430275341362,-1.2886586530873076,0.7780874998297933,35.91360116401887,TRUE,169
P. vivax,paper_replica,15002,Santarém,PA,2017,3,171,514081,2.917828124361725,3.835382947398181,-0.9175548230364559,0.7780874998297933,33.8127649144784,TRUE,169
P. vivax,paper_replica,15003,Almeirim,PA,2017,1,169,73186,4.099144645150712,8.044511539855433,-3.945366894704721,0,70.6077665127208,TRUE,169
P. vivax,paper_replica,15003,Almeirim,PA,2017,2,170,73186,1.3663815483835706,7.380551385454731,-6.01416983707116,0,75.15098516109639,TRUE,169
P. vivax,paper_replica,15003,Almeirim,PA,2017,3,171,73186,10.931052387068565,7.41525091081127,3.5158014762572947,0,69.03642773207987,TRUE,169
P. vivax,paper_replica,15004,Portel,PA,2017,1,169,149485,103.02036993678297,12.387487662784702,90.63288227399826,2.0068903234438236,114.4596447804127,TRUE,169
P. vivax,paper_replica,15004,Portel,PA,2017,2,170,149485,82.28250326119677,11.365055537547919,70.91744772364885,2.675853764591765,112.06810047830885,TRUE,169
P. vivax,paper_replica,15004,Portel,PA,2017,3,171,149485,75.59286884971736,11.418470616809515,64.17439823290785,1.3379268822958825,127.97270629160099,TRUE,169
P. vivax,paper_replica,15005,Furos de Breves,PA,2017,1,169,225900,704.2939353696325,59.099460850981075,645.1944745186515,21.248339973439574,541.7773351040265,FALSE,169
P. vivax,paper_replica,15005,Furos de Breves,PA,2017,2,170,225900,595.3961930057548,54.221413585610975,541.17477942014375,11.93005754758743,545.5511288180594,FALSE,169
P. vivax,paper_replica,15005,Furos de Breves,PA,2017,3,171,225900,679.061531651173,54.476153951815014,624.585377699358,17.895086321381143,705.8986277113763,TRUE,169
P. vivax,paper_replica,15006,Arari,PA,2017,1,169,173249,39.2498658000912,4.260469773357417,34.989396026733786,0,30.59180716771814,FALSE,169
P. vivax,paper_replica,15006,Arari,PA,2017,2,170,173249,30.59180716771814,3.908829441523621,26.68297772619452,0,37.82128612574964,TRUE,169
P. vivax,paper_replica,15006,Arari,PA,2017,3,171,173249,35.2094384383171,3.9272068323316844,31.282231605985416,0,34.35806267280041,FALSE,169
P. vivax,paper_replica,15007,Belém,PA,2017,1,169,2298862,1.1309943789579366,0.4101204551380655,0.7208739238198711,0,3.8986681236194203,TRUE,169
P. vivax,paper_replica,15007,Belém,PA,2017,2,170,2298862,0.6959965408971918,0.37627008862152245,0.3197264522756693,0.043499783806074485,2.9373229015051785,TRUE,169
P. vivax,paper_replica,15007,Belém,PA,2017,3,171,2298862,1.0439948113457875,0.37803874428510453,0.665956067060683,0,3.289671150334378,TRUE,169
P. vivax,paper_replica,15008,Castanhal,PA,2017,1,169,334419,0.8970782162496749,0.5263432858840269,0.370734930365648,0,5.539457985341736,TRUE,169
P. vivax,paper_replica,15008,Castanhal,PA,2017,2,170,334419,0.29902607208322496,0.48290370931081267,-0.1838776372275877,0,5.0834432254148245,TRUE,169
P. vivax,paper_replica,15008,Castanhal,PA,2017,3,171,334419,0.5980521441664499,0.48517682299382014,0.11287532117262977,0,4.642379769092061,TRUE,169
P. vivax,paper_replica,15009,Salgado,PA,2017,1,169,264414,1.134584401733645,2.478008608595068,-1.343424206861423,0,19.486487099775342,TRUE,169
P. vivax,paper_replica,15009,Salgado,PA,2017,2,170,264414,0,2.2734842184566317,-2.2734842184566317,0,23.107702315308536,TRUE,169
P. vivax,paper_replica,15009,Salgado,PA,2017,3,171,264414,0.37819480057788163,2.284176853375923,-1.9059820527980411,0,20.441428971234487,TRUE,169
P. vivax,paper_replica,15010,Bragantina,PA,2017,1,169,412502,0,1.3888404925536386,-1.3888404925536386,0,14.81204939612412,TRUE,169
P. vivax,paper_replica,15010,Bragantina,PA,2017,2,170,412502,0.24242306703967495,1.2742131651171331,-1.0317900980774581,0,10.921159170137347,TRUE,169
P. vivax,paper_replica,15010,Bragantina,PA,2017,3,171,412502,0,1.2802073497582593,-1.2802073497582593,0,12.872664859806719,TRUE,169
P. vivax,paper_replica,15011,Cametá,PA,2017,1,169,484618,23.93637875605116,2.0561648092745486,21.88021394677661,0,23.750665472599017,FALSE,169
P. vivax,paper_replica,15011,Cametá,PA,2017,2,170,484618,23.11098638515284,1.8864560048069532,21.22453038034589,0,17.854268722994192,FALSE,169
P. vivax,paper_replica,15011,Cametá,PA,2017,3,171,484618,19.396720716110423,1.895324907788648,17.501395808321774,0,19.427672930019078,TRUE,169
P. vivax,paper_replica,15012,Tomé-Açu,PA,2017,1,169,331346,1.2071973103643925,3.010108676406727,-1.8029113660423344,0,27.16193948319883,TRUE,169
P. vivax,paper_replica,15012,Tomé-Açu,PA,2017,2,170,331346,0.6035986551821962,2.7616641657076166,-2.1580655105254203,0,23.26872815727364,TRUE,169
P. vivax,paper_replica,15012,Tomé-Açu,PA,2017,3,171,331346,0,2.77464818113504,-2.77464818113504,0,28.58794130606671,TRUE,169
P. vivax,paper_replica,15013,Guamá,PA,2017,1,169,470473,1.0627602434146062,4.122668031796449,-3.059907788381843,0.850208194731685,30.931636884582105,TRUE,169
P. vivax,paper_replica,15013,Guamá,PA,2017,2,170,470473,0.4251040973658425,3.782394826471522,-3.3572907291056793,0.7386183691731516,39.33275660877456,FALSE,169
P. vivax,paper_replica,15013,Guamá,PA,2017,3,171,470473,0,3.800176002028196,-3.800176002028196,0.5260663204902304,31.36736858438209,FALSE,169
P. vivax,paper_replica,15014,Itaituba,PA,2017,1,169,215162,115.72675472434723,46.00979673254422,69.71695799180301,9.760087747836515,528.9270410202545,TRUE,169
P. vivax,paper_replica,15014,Itaituba,PA,2017,2,170,215162,114.33245647465631,42.21216198976046,72.12029448489585,12.304682053522463,361.4137254719699,TRUE,169
P. vivax,paper_replica,15014,Itaituba,PA,2017,3,171,215162,92.95321664606205,42.4104808417295,50.542735804332544,9.736849443675,473.86387930954345,TRUE,169
P. vivax,paper_replica,15015,Altamira,PA,2017,1,169,300663,30.931641073228164,21.088175765073284,9.84346530815488,5.146958554926945,205.71204305152264,TRUE,169
P. vivax,paper_replica,15015,Altamira,PA,2017,2,170,300663,16.297316264389035,19.34757565233945,-3.0502593879504154,3.6585812022097834,161.4598404193398,TRUE,169
P. vivax,paper_replica,15015,Altamira,PA,2017,3,171,300663,11.308341897739329,19.438479702730938,-8.130137804991609,4.814360263816965,255.4105427006309,TRUE,169
P. vivax,paper_replica,15016,Tucuruí,PA,2017,1,169,374094,44.3738739461205,15.563553884880804,28.810320061239693,3.869348345602977,133.85004838356105,TRUE,169
P. vivax,paper_replica,15016,Tucuruí,PA,2017,2,170,374094,23.25618694766556,14.278952955833118,8.977233991832444,3.7423749111185955,148.2849230407328,TRUE,169
P. vivax,paper_replica,15016,Tucuruí,PA,2017,3,171,374094,26.463936871481497,14.346045704016428,12.11789116746507,3.1943842991333735,141.0808513368297,TRUE,169
P. vivax,paper_replica,15017,Paragominas,PA,2017,1,169,339647,1.1776933109964167,6.961313534344874,-5.783620223348457,1.1776933109964167,69.62375642946915,TRUE,169
P. vivax,paper_replica,15017,Paragominas,PA,2017,2,170,339647,0.2944233277491042,6.386742167814217,-6.092318840065112,1.1629721446089625,59.50295453809366,FALSE,169
P. vivax,paper_replica,15017,Paragominas,PA,2017,3,171,339647,1.7665399664946253,6.416759990850691,-4.650220024356066,0.5888466554982084,60.29053693982274,TRUE,169
P. vivax,paper_replica,15018,São Félix do Xingu,PA,2017,1,169,211528,17.01902348625241,2.8382971756730075,14.180726310579404,0,29.35781551378537,TRUE,169
P. vivax,paper_replica,15018,São Félix do Xingu,PA,2017,2,170,211528,11.346015657501606,2.6040365876299196,8.741979069871686,0,28.140482583865953,TRUE,169
P. vivax,paper_replica,15018,São Félix do Xingu,PA,2017,3,171,211528,11.818766309897507,2.616283246635443,9.202483063262065,0,33.588933852728694,TRUE,169
P. vivax,paper_replica,15019,Parauapebas,PA,2017,1,169,315410,2.219333565834945,1.196492864889401,1.0228407009455438,0,12.047810785961131,TRUE,169
P. vivax,paper_replica,15019,Parauapebas,PA,2017,2,170,315410,0.951142956786405,1.0977402858139238,-0.14659732902751876,0,12.214260803398744,TRUE,169
P. vivax,paper_replica,15019,Parauapebas,PA,2017,3,171,315410,1.5852382613106748,1.1029028987782452,0.4823353625324296,0,11.310674994451617,TRUE,169
P. vivax,paper_replica,15020,Marabá,PA,2017,1,169,324637,0.9241090818360199,3.114222097242369,-2.1901130154063493,0.4543536319027103,34.515474206575334,TRUE,169
P. vivax,paper_replica,15020,Marabá,PA,2017,2,170,324637,1.2321454424480267,2.857184377273454,-1.6250389348254273,0.1463172712907036,26.08297883482161,TRUE,169
P. vivax,paper_replica,15020,Marabá,PA,2017,3,171,324637,0.9241090818360199,2.870615438017741,-1.9465063561817213,0,21.577947060871054,TRUE,169
P. vivax,paper_replica,15021,Redenção,PA,2017,1,169,191626,12.002546627284397,1.0008219549496615,11.001724672334737,0,9.915147213843632,FALSE,169
P. vivax,paper_replica,15021,Redenção,PA,2017,2,170,191626,2.609249266800956,0.918221764382408,1.6910275024185482,0,9.419389853151426,TRUE,169
P. vivax,paper_replica,15021,Redenção,PA,2017,3,171,191626,3.6529489735213385,0.9225433579730503,2.730405615548288,0,10.189118386857722,TRUE,169
P. vivax,paper_replica,15022,Conceição do Araguaia,PA,2017,1,169,157930,1.8995757614132844,1.525311187374353,0.37426457403893143,0,15.529031849553586,TRUE,169
P. vivax,paper_replica,15022,Conceição do Araguaia,PA,2017,2,170,157930,0,1.3994283497135547,-1.3994283497135547,0,16.462989932248465,TRUE,169
P. vivax,paper_replica,15022,Conceição do Araguaia,PA,2017,3,171,157930,0,1.4060182114524344,-1.4060182114524344,0,14.262648008611396,TRUE,169
P. vivax,paper_replica,16001,Oiapoque,AP,2017,1,169,36039,499.4589195038708,161.3014353936281,338.15748411024265,30.52248952523655,1375.3156302894072,TRUE,169
P. vivax,paper_replica,16001,Oiapoque,AP,2017,2,170,36039,457.8373428785482,147.98769624810996,309.84964663043826,38.84680485030106,1300.604900246954,TRUE,169
P. vivax,paper_replica,16001,Oiapoque,AP,2017,3,171,36039,502.2336912788923,148.6829962765984,353.5506950022939,35.79455589777743,1132.1068842087739,TRUE,169
P. vivax,paper_replica,16002,Amapá,AP,2017,1,169,29648,192.25580140313005,26.04610640882708,166.20969499430296,0,256.5097139773339,TRUE,169
P. vivax,paper_replica,16002,Amapá,AP,2017,2,170,29648,118.05180787911496,23.89632615169916,94.1554817274158,0,209.45763626551508,TRUE,169
P. vivax,paper_replica,16002,Amapá,AP,2017,3,171,29648,97.8143550998381,24.008641030569436,73.80571406926866,0,214.4326767404207,TRUE,169
P. vivax,paper_replica,16003,Macapá,AP,2017,1,169,649103,107.84112844956809,16.18546587291186,91.65566257665623,4.151883445308372,153.04967008317612,TRUE,169
P. vivax,paper_replica,16003,Macapá,AP,2017,2,170,649103,76.56720119919335,14.849522436174698,61.717678763018654,3.4547675792593786,148.90548957561424,TRUE,169
P. vivax,paper_replica,16003,Macapá,AP,2017,3,171,649103,66.86149963873221,14.919286623288523,51.94221301544369,4.687237618683014,160.14792721648155,TRUE,169
P. vivax,paper_replica,16004,Mazagão,AP,2017,1,169,82932,166.40138908985676,28.402551387489563,137.9988377023672,7.234843003906815,306.9080692615637,TRUE,169
P. vivax,paper_replica,16004,Mazagão,AP,2017,2,170,82932,97.67038055274202,26.058233700823905,71.61214685191811,6.029035836589013,252.43573047798156,TRUE,169
P. vivax,paper_replica,16004,Mazagão,AP,2017,3,171,82932,110.93425939323782,26.18067673011853,84.75358266311929,2.984372739111563,258.0125886268263,TRUE,169
P. vivax,paper_replica,17001,Bico do Papagaio,TO,2017,1,169,214274,4.666921791724614,0.20493854785285226,4.461983243871762,0,3.0451664691003,FALSE,169
P. vivax,paper_replica,17001,Bico do Papagaio,TO,2017,2,170,214274,5.133613970897075,0.18802706143795683,4.945586909459118,0,2.333460895862307,FALSE,169
P. vivax,paper_replica,17001,Bico do Papagaio,TO,2017,3,171,214274,2.8001530750347685,0.18891433740842964,2.611238737626339,0,2.333460895862307,FALSE,169
P. vivax,paper_replica,17002,Araguaína,TO,2017,1,169,314505,0,0.15915509408344283,-0.15915509408344283,0,2.0746887966804906,TRUE,169
P. vivax,paper_replica,17002,Araguaína,TO,2017,2,170,314505,0.31795996883992306,0.14602157464349919,0.17193839419642387,0,1.9077598130395381,TRUE,169
P. vivax,paper_replica,17002,Araguaína,TO,2017,3,171,314505,0.31795996883992306,0.14671053710059045,0.1712494317393326,0,1.589799844199615,TRUE,169
P. vivax,paper_replica,17003,Miracema do Tocantins,TO,2017,1,169,149576,0.6685564529068835,0.17660389309162972,0.49195255981525376,0,2.00566935872065,TRUE,169
P. vivax,paper_replica,17003,Miracema do Tocantins,TO,2017,2,170,149576,0.6685564529068835,0.1620324280711346,0.5065240248357489,0,2.674225811627534,TRUE,169
P. vivax,paper_replica,17003,Miracema do Tocantins,TO,2017,3,171,149576,0,0.16279890525974688,-0.16279890525974688,0,2.00566935872065,TRUE,169
P. vivax,paper_replica,17004,Rio Formoso,TO,2017,1,169,126840,0,0.11821235104218025,-0.11821235104218025,0,1.576789656259855,TRUE,169
P. vivax,paper_replica,17004,Rio Formoso,TO,2017,2,170,126840,0,0.10846008193016318,-0.10846008193016318,0,1.576789656259855,TRUE,169
P. vivax,paper_replica,17004,Rio Formoso,TO,2017,3,171,126840,0,0.10897425105813183,-0.10897425105813183,0,1.576789656259855,TRUE,169
P. vivax,paper_replica,17005,Gurupi,TO,2017,1,169,149665,0,0.02885076875960053,-0.02885076875960053,0,0.66815888818361,TRUE,169
P. vivax,paper_replica,17005,Gurupi,TO,2017,2,170,149665,0,0.026472399734606303,-0.026472399734606303,0,0.66815888818361,TRUE,169
P. vivax,paper_replica,17005,Gurupi,TO,2017,3,171,149665,0,0.02659979061616555,-0.02659979061616555,0,0.66815888818361,TRUE,169
P. vivax,paper_replica,17006,Porto Nacional,TO,2017,1,169,391361,0,0.08550630790245682,-0.08550630790245682,0,1.0220742485837884,TRUE,169
P. vivax,paper_replica,17006,Porto Nacional,TO,2017,2,170,391361,0,0.07845103913554219,-0.07845103913554219,0,1.0220742485837884,TRUE,169
P. vivax,paper_replica,17006,Porto Nacional,TO,2017,3,171,391361,0.5110371242918942,0.07882189046345907,0.43221523382843513,0,1.0220742485837884,TRUE,169
P. vivax,paper_replica,17007,Jalapão,TO,2017,1,169,79352,0,0.005022958935641604,-0.005022958935641604,0,0,TRUE,169
P. vivax,paper_replica,17007,Jalapão,TO,2017,2,170,79352,0,0.004611240996423294,-0.004611240996423294,0,0,TRUE,169
P. vivax,paper_replica,17007,Jalapão,TO,2017,3,171,79352,0,0.004635645858280896,-0.004635645858280896,0,0,TRUE,169
P. vivax,paper_replica,17008,Dianópolis,TO,2017,1,169,124621,0,0.008693754712460753,-0.008693754712460753,0,0,TRUE,169
P. vivax,paper_replica,17008,Dianópolis,TO,2017,2,170,124621,0,0.007978591057864314,-0.007978591057864314,0,0,TRUE,169
P. vivax,paper_replica,17008,Dianópolis,TO,2017,3,171,124621,0,0.00801841434674225,-0.00801841434674225,0,0,TRUE,169
P. vivax,paper_replica,21001,Litoral Ocidental Maranhense,MA,2017,1,169,188098,0.5316377632936022,1.047139799956481,-0.5155020366628789,0,11.443502854894778,TRUE,169
P. vivax,paper_replica,21001,Litoral Ocidental Maranhense,MA,2017,2,170,188098,0,0.9607175212895597,-0.9607175212895597,0,8.506204212697636,TRUE,169
P. vivax,paper_replica,21001,Litoral Ocidental Maranhense,MA,2017,3,171,188098,0.5316377632936022,0.96524023652315,-0.4336024732295478,0,11.164393029165648,TRUE,169
P. vivax,paper_replica,21002,Aglomeração Urbana de São Luís,MA,2017,1,169,1421569,0.14068961830203106,0.10340118254087266,0.037288435761158395,0,1.0921031620695145,TRUE,169
P. vivax,paper_replica,21002,Aglomeração Urbana de São Luís,MA,2017,2,170,1421569,0.14068961830203106,0.09486749151024503,0.04582212679178603,0,1.3400686143268428,TRUE,169
P. vivax,paper_replica,21002,Aglomeração Urbana de São Luís,MA,2017,3,171,1421569,0.14068961830203106,0.09531425142904437,0.04537536687298668,0,1.303137589522561,TRUE,169
P. vivax,paper_replica,21003,Rosário,MA,2017,1,169,176135,0,0.5094691121918762,-0.5094691121918762,0,5.677463309393363,TRUE,169
P. vivax,paper_replica,21003,Rosário,MA,2017,2,170,176135,0,0.4674248792468555,-0.4674248792468555,0,5.138104295000968,TRUE,169
P. vivax,paper_replica,21003,Rosário,MA,2017,3,171,176135,0,0.4696278331059363,-0.4696278331059363,0,5.109716978454027,TRUE,169
P. vivax,paper_replica,21004,Lençóis Maranhenses,MA,2017,1,169,196569,0,0.16551636656441165,-0.16551636656441165,0,2.034908861519365,TRUE,169
P. vivax,paper_replica,21004,Lençóis Maranhenses,MA,2017,2,170,196569,0,0.15185961663854228,-0.15185961663854228,0,2.034908861519365,TRUE,169
P. vivax,paper_replica,21004,Lençóis Maranhenses,MA,2017,3,171,196569,0,0.15257778317107476,-0.15257778317107476,0,2.034908861519365,TRUE,169
P. vivax,paper_replica,21005,Baixada Maranhense,MA,2017,1,169,599144,1.1683334891111319,0.9949837737258038,0.17334971538532806,0,10.398168053089027,TRUE,169
P. vivax,paper_replica,21005,Baixada Maranhense,MA,2017,2,170,599144,1.1683334891111319,0.9128612827358699,0.255472206375262,0,10.848810970317654,TRUE,169
P. vivax,paper_replica,21005,Baixada Maranhense,MA,2017,3,171,599144,1.0014287049523989,0.9171530468951772,0.0842756580572217,0,11.937864686953382,TRUE,169
P. vivax,paper_replica,21006,Itapecuru Mirim,MA,2017,1,169,235736,0,0.22465446506847778,-0.22465446506847778,0,2.545220076695965,TRUE,169
P. vivax,paper_replica,21006,Itapecuru Mirim,MA,2017,2,170,235736,0,0.20611619362316774,-0.20611619362316774,0,3.192130179522846,TRUE,169
P. vivax,paper_replica,21006,Itapecuru Mirim,MA,2017,3,171,235736,0,0.20708935994079947,-0.20708935994079947,0,2.545220076695965,TRUE,169
P. vivax,paper_replica,21007,Gurupi,MA,2017,1,169,240034,11.66501412299924,5.546295259811157,6.118718863188083,0.19788863244373772,58.76250864460866,TRUE,169
P. vivax,paper_replica,21007,Gurupi,MA,2017,2,170,240034,9.998583533999351,5.088515216186585,4.910068317812766,0,49.795029037553,TRUE,169
P. vivax,paper_replica,21007,Gurupi,MA,2017,3,171,240034,6.665722355999566,5.112431218725958,1.5532911372736082,0.8332152944999458,44.285392902672,TRUE,169
P. vivax,paper_replica,21008,Pindaré,MA,2017,1,169,658029,5.926790460602801,1.585806024295896,4.340984436306905,0.37612324076902404,14.220497880792479,TRUE,169
P. vivax,paper_replica,21008,Pindaré,MA,2017,2,170,658029,3.6472556680632615,1.4549166505033166,2.192339017559945,0,11.13172823690138,TRUE,169
P. vivax,paper_replica,21008,Pindaré,MA,2017,3,171,658029,6.382697419110708,1.4617545752486993,4.920942843862009,0,10.732809648206977,TRUE,169
P. vivax,paper_replica,21009,Imperatriz,MA,2017,1,169,592084,1.5200545868491633,0.4357603609234876,1.0842942259256758,0,6.080218347396653,TRUE,169
P. vivax,paper_replica,21009,Imperatriz,MA,2017,2,170,592084,0.6755798163774059,0.39979502316560545,0.2757847932118005,0,4.56016376054749,TRUE,169
P. vivax,paper_replica,21009,Imperatriz,MA,2017,3,171,592084,1.5200545868491633,0.40167554053114557,1.1183790463180177,0,3.884583944170084,TRUE,169
P. vivax,paper_replica,21010,Médio Mearim,MA,2017,1,169,416725,2.159697642330074,0.46479020395178855,1.6949074383782854,0,4.445377647129397,TRUE,169
P. vivax,paper_replica,21010,Médio Mearim,MA,2017,2,170,416725,2.639630451736757,0.4264294671053861,2.2132009846313707,0,4.331393604895304,TRUE,169
P. vivax,paper_replica,21010,Médio Mearim,MA,2017,3,171,416725,1.1998320235167077,0.42843586499828956,0.7713961585184181,0,4.685344051832738,TRUE,169
P. vivax,paper_replica,21011,Alto Mearim e Grajaú,MA,2017,1,169,332957,1.2013563312980355,0.5494349562782125,0.6519213750198231,0,5.879137546289741,TRUE,169
P. vivax,paper_replica,21011,Alto Mearim e Grajaú,MA,2017,2,170,332957,1.5016954141225443,0.5040885442840494,0.9976068698384949,0,7.223154941929424,TRUE,169
P. vivax,paper_replica,21011,Alto Mearim e Grajaú,MA,2017,3,171,332957,3.904408076718615,0.5064605267574546,3.3979475499611604,0,5.864120592148529,TRUE,169
P. vivax,paper_replica,21012,Presidente Dutra,MA,2017,1,169,196340,1.5279616990934093,0.299206045922543,1.2287556531708663,0,4.074564530915758,TRUE,169
P. vivax,paper_replica,21012,Presidente Dutra,MA,2017,2,170,196340,1.5279616990934093,0.27451437980004184,1.2534473192933675,0,3.0559233981868186,TRUE,169
P. vivax,paper_replica,21012,Presidente Dutra,MA,2017,3,171,196340,0,0.2758088681255748,-0.2758088681255748,0,2.8139961291636837,TRUE,169
P. vivax,paper_replica,21013,Baixo Parnaíba Maranhense,MA,2017,1,169,145247,0,0.2416157442281485,-0.2416157442281485,0,3.442411891467638,TRUE,169
P. vivax,paper_replica,21013,Baixo Parnaíba Maranhense,MA,2017,2,170,145247,0,0.22167848161250508,-0.22167848161250508,0,3.442411891467638,TRUE,169
P. vivax,paper_replica,21013,Baixo Parnaíba Maranhense,MA,2017,3,171,145247,0.6884823782935275,0.222725268317597,0.46575710997593056,0,2.75392951317411,TRUE,169
P. vivax,paper_replica,21014,Chapadinha,MA,2017,1,169,242977,1.2346847644015688,0.14496339655201712,1.0897213678495516,0,2.0578079406692815,TRUE,169
P. vivax,paper_replica,21014,Chapadinha,MA,2017,2,170,242977,0,0.1330017754681256,-0.1330017754681256,0,2.0578079406692815,TRUE,169
P. vivax,paper_replica,21014,Chapadinha,MA,2017,3,171,242977,0.4115615881338563,0.1336299736174185,0.2779316145164378,0,1.6462463525354252,TRUE,169
P. vivax,paper_replica,21015,Codó,MA,2017,1,169,274452,0.7287248772098581,0.27010463760711434,0.4586202396027438,0,3.279261947444362,TRUE,169
P. vivax,paper_replica,21015,Codó,MA,2017,2,170,274452,0,0.24781395817090995,-0.24781395817090995,0,2.9148995088394325,TRUE,169
P. vivax,paper_replica,21015,Codó,MA,2017,3,171,274452,0.36436243860492906,0.24898228263701017,0.1153801559679189,0,2.741827350502083,TRUE,169
P. vivax,paper_replica,21016,Coelho Neto,MA,2017,1,169,92837,0,0.03313352982653701,-0.03313352982653701,0,1.077156737076812,TRUE,169
P. vivax,paper_replica,21016,Coelho Neto,MA,2017,2,170,92837,0,0.03040314761495143,-0.03040314761495143,0,1.077156737076812,TRUE,169
P. vivax,paper_replica,21016,Coelho Neto,MA,2017,3,171,92837,0,0.03055015815301549,-0.03055015815301549,0,1.077156737076812,TRUE,169
P. vivax,paper_replica,21017,Caxias,MA,2017,1,169,439865,0.2273424800791152,0.08150329775491298,0.14583918232420223,0,1.136712400395576,TRUE,169
P. vivax,paper_replica,21017,Caxias,MA,2017,2,170,439865,0,0.07477775134649524,-0.07477775134649524,0,1.136712400395576,TRUE,169
P. vivax,paper_replica,21017,Caxias,MA,2017,3,171,439865,0,0.07513069998406122,-0.07513069998406122,0,1.136712400395576,TRUE,169
P. vivax,paper_replica,21018,Chapadas do Alto Itapecuru,MA,2017,1,169,218371,0.45793626443071656,0.07633531985526264,0.3816009445754539,0,1.3738087932921497,TRUE,169
P. vivax,paper_replica,21018,Chapadas do Alto Itapecuru,MA,2017,2,170,218371,0,0.07003732402142968,-0.07003732402142968,0,1.1562890676875488,TRUE,169
P. vivax,paper_replica,21018,Chapadas do Alto Itapecuru,MA,2017,3,171,218371,0,0.07036923252026459,-0.07036923252026459,0,0.9158725288614331,TRUE,169
P. vivax,paper_replica,21019,Porto Franco,MA,2017,1,169,119470,0,0.16243269101797542,-0.16243269101797542,0,2.5110906503724784,TRUE,169
P. vivax,paper_replica,21019,Porto Franco,MA,2017,2,170,119470,0,0.1490311581918928,-0.1490311581918928,0,2.5110906503724784,TRUE,169
P. vivax,paper_replica,21019,Porto Franco,MA,2017,3,171,119470,0,0.14973688019616846,-0.14973688019616846,0,2.5110906503724784,TRUE,169
P. vivax,paper_replica,21020,Gerais de Balsas,MA,2017,1,169,142308,0,0.01817559423864429,-0.01817559423864429,0,0.7027011833487927,TRUE,169
P. vivax,paper_replica,21020,Gerais de Balsas,MA,2017,2,170,142308,0,0.016678041605210626,-0.016678041605210626,0,0.7027011833487927,TRUE,169
P. vivax,paper_replica,21020,Gerais de Balsas,MA,2017,3,171,142308,0,0.01675900921124378,-0.01675900921124378,0,0.7027011833487927,TRUE,169
P. vivax,paper_replica,21021,Chapadas das Mangabeiras,MA,2017,1,169,71282,0,0.012675288077960447,-0.012675288077960447,0,0,TRUE,169
P. vivax,paper_replica,21021,Chapadas das Mangabeiras,MA,2017,2,170,71282,0,0.011633228409866789,-0.011633228409866789,0,0,TRUE,169
P. vivax,paper_replica,21021,Chapadas das Mangabeiras,MA,2017,3,171,71282,0,0.011691845242627875,-0.011691845242627875,0,0,TRUE,169
P. vivax,paper_replica,51001,Aripuanã,MT,2017,1,169,161895,15.442107538836902,13.496835969255784,1.9452715695811182,3.7061058093208565,110.1331109669846,TRUE,169
P. vivax,paper_replica,51001,Aripuanã,MT,2017,2,170,161895,9.882948824855617,12.382820417506123,-2.4998715926505053,2.1464529478983305,98.53608820531824,TRUE,169
P. vivax,paper_replica,51001,Aripuanã,MT,2017,3,171,161895,12.971370332622996,12.441007816326287,0.5303625162967087,2.4707372062139044,126.68705024861788,TRUE,169
P. vivax,paper_replica,51002,Alta Floresta,MT,2017,1,169,104198,7.677690550682355,1.5327713743368414,6.144919176345514,0,20.15393769554118,TRUE,169
P. vivax,paper_replica,51002,Alta Floresta,MT,2017,2,170,104198,3.8388452753411775,1.4062675634095971,2.4325777119315806,0,16.818940862588512,TRUE,169
P. vivax,paper_replica,51002,Alta Floresta,MT,2017,3,171,104198,1.9194226376705887,1.4128843467115815,0.5065382909590073,0,13.43595846369412,TRUE,169
P. vivax,paper_replica,51003,Colíder,MT,2017,1,169,151479,0.6601575135827409,1.2004927362988553,-0.5403352227161144,0,12.889575452703,TRUE,169
P. vivax,paper_replica,51003,Colíder,MT,2017,2,170,151479,0.6601575135827409,1.1014125469665705,-0.44125503338382965,0,13.549732966285742,TRUE,169
P. vivax,paper_replica,51003,Colíder,MT,2017,3,171,151479,3.9609450814964453,1.1065959304531696,2.8543491510432757,0,10.595528093002962,TRUE,169
P. vivax,paper_replica,51004,Parecis,MT,2017,1,169,105594,0.9470235051233973,0.41650788025577273,0.5305156248676246,0,4.735117525616986,TRUE,169
P. vivax,paper_replica,51004,Parecis,MT,2017,2,170,105594,0.9470235051233973,0.3821386419245827,0.5648848631988146,0,4.735117525616986,TRUE,169
P. vivax,paper_replica,51004,Parecis,MT,2017,3,171,105594,0.9470235051233973,0.38394306543641105,0.5630804396869862,0,4.735117525616986,TRUE,169
P. vivax,paper_replica,51005,Arinos,MT,2017,1,169,80229,0,0.15491181587608335,-0.15491181587608335,0,2.4928641762953547,TRUE,169
P. vivax,paper_replica,51005,Arinos,MT,2017,2,170,80229,0,0.14213244620906562,-0.14213244620906562,0,2.4928641762953547,TRUE,169
P. vivax,paper_replica,51005,Arinos,MT,2017,3,171,80229,0,0.14280738605788296,-0.14280738605788296,0,2.4928641762953547,TRUE,169
P. vivax,paper_replica,51006,Alto Teles Pires,MT,2017,1,169,245379,0.4075328369583379,0.36609468433034076,0.04143815262799716,0,3.6677955326250413,TRUE,169
P. vivax,paper_replica,51006,Alto Teles Pires,MT,2017,2,170,245379,0,0.335883365510134,-0.335883365510134,0,3.4742174350698214,TRUE,169
P. vivax,paper_replica,51006,Alto Teles Pires,MT,2017,3,171,245379,0.4075328369583379,0.33746695627986817,0.07006588067846975,0,4.289283108986497,TRUE,169
P. vivax,paper_replica,51007,Sinop,MT,2017,1,169,197588,0.5061036095309431,0.9068725074911101,-0.400768897960167,0,9.375569366560711,TRUE,169
P. vivax,paper_replica,51007,Sinop,MT,2017,2,170,197588,0,0.8320279631522732,-0.8320279631522732,0,8.363362147498824,TRUE,169
P. vivax,paper_replica,51007,Sinop,MT,2017,3,171,197588,1.0122072190618863,0.8359448579593817,0.1762623611025046,0,8.122962932971614,TRUE,169
P. vivax,paper_replica,51008,Paranatinga,MT,2017,1,169,35339,0,0.387621002978346,-0.387621002978346,0,5.659469707688389,TRUE,169
P. vivax,paper_replica,51008,Paranatinga,MT,2017,2,170,35339,0,0.3556456256257598,-0.3556456256257598,0,5.659469707688389,TRUE,169
P. vivax,paper_replica,51008,Paranatinga,MT,2017,3,171,35339,0,0.3573340729183041,-0.3573340729183041,0,5.659469707688389,TRUE,169
P. vivax,paper_replica,51009,Norte Araguaia,MT,2017,1,169,126751,0,0.15350284088538302,-0.15350284088538302,0,2.36684523199028,TRUE,169
P. vivax,paper_replica,51009,Norte Araguaia,MT,2017,2,170,126751,0,0.14083872650419854,-0.14083872650419854,0,1.5778968213268536,TRUE,169
P. vivax,paper_replica,51009,Norte Araguaia,MT,2017,3,171,126751,0,0.14150646357261812,-0.14150646357261812,0,2.36684523199028,TRUE,169
P. vivax,paper_replica,51010,Canarana,MT,2017,1,169,111341,0,0.11360792285782913,-0.11360792285782913,0,1.7962834894603066,TRUE,169
P. vivax,paper_replica,51010,Canarana,MT,2017,2,170,111341,0,0.10423618143591158,-0.10423618143591158,0,1.7962834894603066,TRUE,169
P. vivax,paper_replica,51010,Canarana,MT,2017,3,171,111341,0,0.10473093078058328,-0.10473093078058328,0,1.7962834894603066,TRUE,169
P. vivax,paper_replica,51011,Médio Araguaia,MT,2017,1,169,67545,0,0.033448061819569504,-0.033448061819569504,0,1.4804944851580428,TRUE,169
P. vivax,paper_replica,51011,Médio Araguaia,MT,2017,2,170,67545,0,0.030692570894662,-0.030692570894662,0,1.4804944851580428,TRUE,169
P. vivax,paper_replica,51011,Médio Araguaia,MT,2017,3,171,67545,0,0.030841830160459802,-0.030841830160459802,0,1.4804944851580428,TRUE,169
P. vivax,paper_replica,51012,Alto Guaporé,MT,2017,1,169,72605,0,0.389096477775268,-0.389096477775268,0,5.509262447489842,TRUE,169
P. vivax,paper_replica,51012,Alto Guaporé,MT,2017,2,170,72605,0,0.3569914451098818,-0.3569914451098818,0,5.509262447489842,TRUE,169
P. vivax,paper_replica,51012,Alto Guaporé,MT,2017,3,171,72605,0,0.35867896236156394,-0.35867896236156394,0,4.855037531850392,TRUE,169
P. vivax,paper_replica,51013,Tangará da Serra,MT,2017,1,169,164025,0,0.08191720995618756,-0.08191720995618756,0,1.5393994817862993,TRUE,169
P. vivax,paper_replica,51013,Tangará da Serra,MT,2017,2,170,164025,0.6096631611034904,0.07515953627435604,0.5345036248291344,0,1.2193263222069808,TRUE,169
P. vivax,paper_replica,51013,Tangará da Serra,MT,2017,3,171,164025,0,0.07551628476113767,-0.07551628476113767,0,1.2193263222069808,TRUE,169
P. vivax,paper_replica,51014,Jauru,MT,2017,1,169,107777,0,0.05852178700294076,-0.05852178700294076,0,0.9278417473115786,TRUE,169
P. vivax,paper_replica,51014,Jauru,MT,2017,2,170,107777,0,0.05369548535947707,-0.05369548535947707,0,0.9278417473115786,TRUE,169
P. vivax,paper_replica,51014,Jauru,MT,2017,3,171,107777,0,0.05395189625507012,-0.05395189625507012,0,0.9278417473115786,TRUE,169
P. vivax,paper_replica,51015,Alto Paraguai,MT,2017,1,169,32480,0,0.07322100059970889,-0.07322100059970889,0,3.0788177339901477,TRUE,169
P. vivax,paper_replica,51015,Alto Paraguai,MT,2017,2,170,32480,0,0.06718841734168503,-0.06718841734168503,0,3.0788177339901477,TRUE,169
P. vivax,paper_replica,51015,Alto Paraguai,MT,2017,3,171,32480,0,0.06751487575075818,-0.06751487575075818,0,3.0788177339901477,TRUE,169
P. vivax,paper_replica,51016,Rosário Oeste,MT,2017,1,169,30173,0,0.05256644129083021,-0.05256644129083021,0,3.3142213236999964,TRUE,169
P. vivax,paper_replica,51016,Rosário Oeste,MT,2017,2,170,30173,0,0.04823735960308853,-0.04823735960308853,0,0,TRUE,169
P. vivax,paper_replica,51016,Rosário Oeste,MT,2017,3,171,30173,0,0.048473282716272374,-0.048473282716272374,0,0,TRUE,169
P. vivax,paper_replica,51017,Cuiabá,MT,2017,1,169,914056,0.32820746212485885,0.08359726131944432,0.2446102008054145,0,0.9846223863745767,TRUE,169
P. vivax,paper_replica,51017,Cuiabá,MT,2017,2,170,914056,0.21880497474990593,0.07669814521774809,0.14210682953215784,0,0.8232537174965184,TRUE,169
P. vivax,paper_replica,51017,Cuiabá,MT,2017,3,171,914056,0.21880497474990593,0.07705955598752437,0.14174541876238156,0,0.7658174116246707,TRUE,169
P. vivax,paper_replica,51018,Alto Pantanal,MT,2017,1,169,136433,0.7329605007586141,0.05006511725658229,0.6828953835020318,0,0.7329605007586141,TRUE,169
P. vivax,paper_replica,51018,Alto Pantanal,MT,2017,2,170,136433,0.7329605007586141,0.04593644764879038,0.6870240531098237,0,0.7329605007586141,TRUE,169
P. vivax,paper_replica,51018,Alto Pantanal,MT,2017,3,171,136433,0,0.046155728347018705,-0.046155728347018705,0,0.7329605007586141,TRUE,169
P. vivax,paper_replica,51019,Primavera do Leste,MT,2017,1,169,99226,0,0.06963699310596004,-0.06963699310596004,0,1.0078003749017395,TRUE,169
P. vivax,paper_replica,51019,Primavera do Leste,MT,2017,2,170,99226,0,0.06389481641030571,-0.06389481641030571,0,1.0078003749017395,TRUE,169
P. vivax,paper_replica,51019,Primavera do Leste,MT,2017,3,171,99226,0,0.06420019586552003,-0.06420019586552003,0,1.0078003749017395,TRUE,169
P. vivax,paper_replica,51020,Tesouro,MT,2017,1,169,54389,0,0.018110624589288072,-0.018110624589288072,0,0,TRUE,169
P. vivax,paper_replica,51020,Tesouro,MT,2017,2,170,54389,0,0.01662102776965392,-0.01662102776965392,0,0,TRUE,169
P. vivax,paper_replica,51020,Tesouro,MT,2017,3,171,54389,0,0.01670416375476128,-0.01670416375476128,0,0,TRUE,169
P. vivax,paper_replica,51021,Rondonópolis,MT,2017,1,169,306100,0,0.05698906269011499,-0.05698906269011499,0,0.8248938255471994,TRUE,169
P. vivax,paper_replica,51021,Rondonópolis,MT,2017,2,170,306100,0,0.05228743452372812,-0.05228743452372812,0,0.9800718719372754,TRUE,169
P. vivax,paper_replica,51021,Rondonópolis,MT,2017,3,171,306100,0,0.0525351894871502,-0.0525351894871502,0,0.6533812479581836,TRUE,169
P. vivax,paper_replica,51022,Alto Araguaia,MT,2017,1,169,39942,0,0.008314809854217894,-0.008314809854217894,0,0,TRUE,169
P. vivax,paper_replica,51022,Alto Araguaia,MT,2017,2,170,39942,0,0.007634676134415313,-0.007634676134415313,0,0,TRUE,169
P. vivax,paper_replica,51022,Alto Araguaia,MT,2017,3,171,39942,0,0.007676402031377786,-0.007676402031377786,0,0,TRUE,169
P. vivax,paper_replica,11001,Porto Velho,RO,2018,1,181,662715,77.55973533117555,89.52725449812424,-11.96751916694869,31.442626166602537,994.0245807021113,TRUE,181
P. vivax,paper_replica,11001,Porto Velho,RO,2018,2,182,662715,61.86671495288322,81.6809463131505,-19.81423136026728,18.001705107021877,788.2573957130862,TRUE,181
P. vivax,paper_replica,11001,Porto Velho,RO,2018,3,183,662715,60.810453965882765,82.02823004529725,-21.217776079414485,31.04652829647737,872.2188270976203,TRUE,181
P. vivax,paper_replica,11002,Guajará-Mirim,RO,2018,1,181,83480,52.707235265931956,38.90730128946652,13.79993397646544,6.558457115476763,355.44441782462843,TRUE,181
P. vivax,paper_replica,11002,Guajará-Mirim,RO,2018,2,182,83480,73.07139434595113,35.49744666502762,37.57394768092352,9.583133684714902,356.46262577862956,TRUE,181
P. vivax,paper_replica,11002,Guajará-Mirim,RO,2018,3,183,83480,39.53042644944897,35.64841175272509,3.8820146967238784,8.954240536655488,418.36367992333464,TRUE,181
P. vivax,paper_replica,11003,Ariquemes,RO,2018,1,181,202900,62.5924100542139,64.73275784764536,-2.1403477934314594,18.703794972893053,679.2262198127141,TRUE,181
P. vivax,paper_replica,11003,Ariquemes,RO,2018,2,182,202900,63.08526367668802,59.05949835685321,4.025765319834811,19.923607688516512,675.899457861012,TRUE,181
P. vivax,paper_replica,11003,Ariquemes,RO,2018,3,183,202900,51.74963035978315,59.31062107903842,-7.5609907192552726,16.991128634795466,507.01084277969255,TRUE,181
P. vivax,paper_replica,11004,Ji-Paraná,RO,2018,1,181,295352,8.803055337360167,9.110910624257347,-0.3078552868971798,1.354316205747718,79.7438310896828,TRUE,181
P. vivax,paper_replica,11004,Ji-Paraná,RO,2018,2,182,295352,8.125897234486308,8.312425859485025,-0.1865286249987168,1.354316205747718,86.67623716785396,TRUE,181
P. vivax,paper_replica,11004,Ji-Paraná,RO,2018,3,183,295352,6.43300197730166,8.347778818286429,-1.9147768409847687,2.031474308621577,72.8283539640835,TRUE,181
P. vivax,paper_replica,11005,Alvorada D'Oeste,RO,2018,1,181,69972,4.287429257417252,5.756182519931668,-1.468753262514416,0,68.81323958154671,TRUE,181
P. vivax,paper_replica,11005,Alvorada D'Oeste,RO,2018,2,182,69972,7.145715429028754,5.251732827413784,1.8939826016149697,0,52.19945120905501,TRUE,181
P. vivax,paper_replica,11005,Alvorada D'Oeste,RO,2018,3,183,69972,1.4291430858057508,5.274094095935371,-3.84495101012962,0,56.48688046647227,TRUE,181
P. vivax,paper_replica,11006,Cacoal,RO,2018,1,181,236369,4.653740549733679,4.431609382541806,0.22213116719187287,0.42306732270306174,46.78066920789102,TRUE,181
P. vivax,paper_replica,11006,Cacoal,RO,2018,2,182,236369,1.692269290812247,4.043228829220609,-2.350959538408362,0,40.69907644403446,TRUE,181
P. vivax,paper_replica,11006,Cacoal,RO,2018,3,183,236369,2.1153366135153084,4.06043120931888,-1.9450945958035715,0,42.57114934699554,TRUE,181
P. vivax,paper_replica,11007,Vilhena,RO,2018,1,181,158934,3.1459599582216518,2.839820580271187,0.30613937795046464,0,33.67750135276276,TRUE,181
P. vivax,paper_replica,11007,Vilhena,RO,2018,2,182,158934,3.1459599582216518,2.590949639815906,0.5550103184057456,0,36.19426931934009,TRUE,181
P. vivax,paper_replica,11007,Vilhena,RO,2018,3,183,158934,2.5167679665773215,2.6019803254602514,-0.08521235888292988,0,27.684447632350537,TRUE,181
P. vivax,paper_replica,11008,Colorado do Oeste,RO,2018,1,181,47867,2.089121942047757,2.60411863495386,-0.5149966929061027,0,31.44128522781865,TRUE,181
P. vivax,paper_replica,11008,Colorado do Oeste,RO,2018,2,182,47867,2.089121942047757,2.375918317017085,-0.28679637496932786,0,19.898886498004842,TRUE,181
P. vivax,paper_replica,11008,Colorado do Oeste,RO,2018,3,183,47867,2.089121942047757,2.3860496164812885,-0.2969276744335314,0,21.988008440052596,TRUE,181
P. vivax,paper_replica,12001,Cruzeiro do Sul,AC,2018,1,181,154965,2579.292098215726,379.844674604535,2199.447423611191,116.12299551511632,3751.6374665246904,TRUE,181
P. vivax,paper_replica,12001,Cruzeiro do Sul,AC,2018,2,182,154965,2013.357854999516,346.5544964935821,1666.8033585059338,116.12299551511632,3800.4872067886254,TRUE,181
P. vivax,paper_replica,12001,Cruzeiro do Sul,AC,2018,3,183,154965,1657.793695350563,348.0279460124365,1309.7657493381266,107.42748362533476,3336.3017455554464,TRUE,181
P. vivax,paper_replica,12002,Tarauacá,AC,2018,1,181,84810,10.611956137247967,26.901257028503572,-16.289300891255607,3.5373187124159884,254.24478245489905,TRUE,181
P. vivax,paper_replica,12002,Tarauacá,AC,2018,2,182,84810,18.865699799551937,24.54362449553692,-5.677924695984984,4.097394175215189,280.71571748614485,TRUE,181
P. vivax,paper_replica,12002,Tarauacá,AC,2018,3,183,84810,9.432849899775968,24.648012773129405,-15.215162873353437,2.358212474943992,254.7459026058247,TRUE,181
P. vivax,paper_replica,12003,Sena Madureira,AC,2018,1,181,60875,13.141683778234087,0.670600510039925,12.471083268194162,0,9.856262833675563,FALSE,181
P. vivax,paper_replica,12003,Sena Madureira,AC,2018,2,182,60875,1.642710472279261,0.6118467681803722,1.0308637040988886,0,8.213552361396303,TRUE,181
P. vivax,paper_replica,12003,Sena Madureira,AC,2018,3,183,60875,4.928131416837782,0.6144649737554221,4.31366644308236,0,6.570841889117044,TRUE,181
P. vivax,paper_replica,12004,Rio Branco,AC,2018,1,181,498297,21.87450456254001,10.203658885747815,11.670845676792196,2.7995352169489287,95.97188022404296,TRUE,181
P. vivax,paper_replica,12004,Rio Branco,AC,2018,2,182,498297,24.483390427797076,9.309401131241717,15.173989296555359,2.092125780408071,90.4581002895862,TRUE,181
P. vivax,paper_replica,12004,Rio Branco,AC,2018,3,183,498297,20.068352809669733,9.348988721907935,10.719364087761798,1.7007929006195104,87.317403074873,TRUE,181
P. vivax,paper_replica,12005,Brasiléia,AC,2018,1,181,70318,1.4221109815409996,1.6465398797197999,-0.2244288981788003,0,14.967718080718987,TRUE,181
P. vivax,paper_replica,12005,Brasiléia,AC,2018,2,182,70318,4.266332944622998,1.50225817423003,2.764074770392968,0,19.90955374157399,TRUE,181
P. vivax,paper_replica,12005,Brasiléia,AC,2018,3,183,70318,0,1.5086688620414586,-1.5086688620414586,0,18.48744276003299,TRUE,181
P. vivax,paper_replica,13001,Rio Negro,AM,2018,1,181,115590,2028.7222078034433,215.01880582387182,1813.7034019795715,50.58828618392595,2432.476857859673,TRUE,181
P. vivax,paper_replica,13001,Rio Negro,AM,2018,2,182,115590,1625.5731464659573,196.1742354560247,1429.3989110099326,68.95060126308505,1516.242754563542,FALSE,181
P. vivax,paper_replica,13001,Rio Negro,AM,2018,3,183,115590,1612.5962453499437,197.00832618779893,1415.5879191621448,41.48282723418981,2048.1443031404096,TRUE,181
P. vivax,paper_replica,13002,Japurá,AM,2018,1,181,21451,498.81124423103824,58.66756667167266,440.1436775593656,6.876136310661515,576.3134585800191,TRUE,181
P. vivax,paper_replica,13002,Japurá,AM,2018,2,182,21451,321.66332571908066,53.52594919799223,268.1373765210884,0,538.7860705794599,TRUE,181
P. vivax,paper_replica,13002,Japurá,AM,2018,3,183,21451,186.47149317048158,53.7536529710172,132.71784019946438,0,533.891193883735,TRUE,181
P. vivax,paper_replica,13003,Alto Solimões,AM,2018,1,181,249343,189.69852773087675,63.188436394596,126.51009133628074,20.243199127306564,477.2642504501829,TRUE,181
P. vivax,paper_replica,13003,Alto Solimões,AM,2018,2,182,249343,202.5322547655238,57.65052190128701,144.88173286423677,15.029497519481197,581.468098161969,TRUE,181
P. vivax,paper_replica,13003,Alto Solimões,AM,2018,3,183,249343,158.81737205375728,57.89564920343754,100.92172285031974,17.83687530831024,582.982076898088,TRUE,181
P. vivax,paper_replica,13004,Juruá,AM,2018,1,181,150133,509.54820059547205,103.94533610237754,405.6028644930945,32.95411401890324,1132.7622841080893,TRUE,181
P. vivax,paper_replica,13004,Juruá,AM,2018,2,182,150133,420.29400598136317,94.83542985130701,325.45857613005614,23.27935896838137,1025.923681002841,TRUE,181
P. vivax,paper_replica,13004,Juruá,AM,2018,3,183,150133,394.983114971392,95.23867043334813,299.74444453804387,32.95411401890324,870.2783531935011,TRUE,181
P. vivax,paper_replica,13005,Tefé,AM,2018,1,181,89401,310.9584903971991,104.35747495448226,206.60101544271686,25.72678157962439,962.153667184929,TRUE,181
P. vivax,paper_replica,13005,Tefé,AM,2018,2,182,89401,253.9121486336842,95.21145754310766,158.70069109057656,22.371114417064685,981.0852227603718,TRUE,181
P. vivax,paper_replica,13005,Tefé,AM,2018,3,183,89401,392.6130580194852,95.61630603245884,296.99675198702636,28.495206988736147,888.9162313620645,TRUE,181
P. vivax,paper_replica,13006,Coari,AM,2018,1,181,178314,161.51283690568323,52.1893462844322,109.32349062125104,15.969020940587953,511.2189732718682,TRUE,181
P. vivax,paper_replica,13006,Coari,AM,2018,2,182,178314,134.59403075473602,47.61541211128684,86.97861864344918,9.800127864329218,420.9568513969733,TRUE,181
P. vivax,paper_replica,13006,Coari,AM,2018,3,183,178314,155.34394382942452,47.8178783429993,107.52606548642521,12.898594613995536,427.3360476462869,TRUE,181
P. vivax,paper_replica,13007,Manaus,AM,2018,1,181,2426207,84.49402709661625,29.64867306889533,54.845354027720916,9.041891314302532,244.08469681276156,TRUE,181
P. vivax,paper_replica,13007,Manaus,AM,2018,2,182,2426207,65.4519585509398,27.050216580439447,38.40174197050036,7.970259751125935,248.89364345251659,TRUE,181
P. vivax,paper_replica,13007,Manaus,AM,2018,3,183,2426207,57.868104411536194,27.16522510725263,30.702879304283563,8.792530892871055,203.44410019425356,TRUE,181
P. vivax,paper_replica,13008,Rio Preto da Eva,AM,2018,1,181,67929,834.6950492425915,112.94655661632622,721.7484926262653,20.609754302286213,1650.5468945516627,TRUE,181
P. vivax,paper_replica,13008,Rio Preto da Eva,AM,2018,2,182,67929,479.91285018180747,103.04780123023046,376.865048951577,30.141765667093587,1360.9798466045381,TRUE,181
P. vivax,paper_replica,13008,Rio Preto da Eva,AM,2018,3,183,67929,396.0017076653565,103.4859851444738,292.5157225208827,25.725389745175114,883.2383812510114,TRUE,181
P. vivax,paper_replica,13009,Itacoatiara,AM,2018,1,181,177387,97.52687626488976,16.521909875265703,81.00496638962406,3.382435014967275,194.4900133606183,TRUE,181
P. vivax,paper_replica,13009,Itacoatiara,AM,2018,2,182,177387,64.26626528437822,15.073934046857552,49.19233123752067,3.0864719511576393,178.0147361418817,TRUE,181
P. vivax,paper_replica,13009,Itacoatiara,AM,2018,3,183,177387,43.97165519457457,15.138047531621195,28.833607662953376,4.5099133532897,181.81997553372003,TRUE,181
P. vivax,paper_replica,13010,Parintins,AM,2018,1,181,277264,31.017369727047146,6.899210479863171,24.118159247183975,0.7213341796987709,70.51943274280109,TRUE,181
P. vivax,paper_replica,13010,Parintins,AM,2018,2,182,277264,23.08269375036067,6.29456304533876,16.788130705021906,0.531983957527844,58.25675168792198,TRUE,181
P. vivax,paper_replica,13010,Parintins,AM,2018,3,183,277264,23.08269375036067,6.32133675822404,16.76135699213663,0.7213341796987709,70.73583299671051,TRUE,181
P. vivax,paper_replica,13011,Boca do Acre,AM,2018,1,181,53305,58.15589531938842,51.09719088312012,7.0587044362683,11.162179908076173,599.0995216208605,TRUE,181
P. vivax,paper_replica,13011,Boca do Acre,AM,2018,2,182,53305,33.76793921770941,46.61900739261804,-12.851068174908626,5.627989869618235,440.10880780414493,TRUE,181
P. vivax,paper_replica,13011,Boca do Acre,AM,2018,3,183,53305,127.56777037801332,46.817282434426154,80.75048794358716,11.25597973923647,396.3042866522836,TRUE,181
P. vivax,paper_replica,13012,Purus,AM,2018,1,181,77994,338.4875759673821,140.1513058438624,198.3362701235197,35.227068748878125,1191.0852116829494,TRUE,181
P. vivax,paper_replica,13012,Purus,AM,2018,2,182,77994,369.2591737825987,127.86826856274911,241.39090521984957,28.81631920404134,1022.8671436264312,TRUE,181
P. vivax,paper_replica,13012,Purus,AM,2018,3,183,77994,430.8023694130318,128.4119791948956,302.3903902181362,33.94491883991076,992.6725132702506,TRUE,181
P. vivax,paper_replica,13013,Madeira,AM,2018,1,181,196293,62.66142959759135,64.81296364151144,-2.151534043920094,19.57532871778413,579.3635025191927,TRUE,181
P. vivax,paper_replica,13013,Madeira,AM,2018,2,182,196293,48.90648163714447,59.132674017347306,-10.226192380202832,14.480903547248248,597.9836265175011,TRUE,181
P. vivax,paper_replica,13013,Madeira,AM,2018,3,183,196293,50.43480918830523,59.38410672641751,-8.949297538112276,16.54414574131528,403.79687507960034,TRUE,181
P. vivax,paper_replica,14001,Boa Vista,RR,2018,1,181,418986,286.88309394585974,36.280926160293014,250.60216778556673,9.069515449203553,286.7637582162648,FALSE,181
P. vivax,paper_replica,14001,Boa Vista,RR,2018,2,182,418986,242.01285961822114,33.1012176950384,208.91164192318274,9.511057648704254,316.91989708486665,TRUE,181
P. vivax,paper_replica,14001,Boa Vista,RR,2018,3,183,418986,279.9616216293623,33.241962713066485,246.71965891629583,8.592172530824419,339.0507081382192,TRUE,181
P. vivax,paper_replica,14002,Nordeste de Roraima,RR,2018,1,181,51495,737.9357219147489,87.81244361737555,650.1232782973734,23.30323332362365,694.2907078357122,FALSE,181
P. vivax,paper_replica,14002,Nordeste de Roraima,RR,2018,2,182,51495,541.80017477425,80.11650930680668,461.6836654674433,22.28371686571512,848.383338188173,TRUE,181
P. vivax,paper_replica,14002,Nordeste de Roraima,RR,2018,3,183,51495,462.1807942518691,80.45721275132186,381.7235815005472,23.30323332362365,846.4899504806258,TRUE,181
P. vivax,paper_replica,14003,Caracaraí,RR,2018,1,181,50692,923.2225992267024,112.67670341594557,810.5458958107569,25.546437307661968,1264.2527420500269,TRUE,181
P. vivax,paper_replica,14003,Caracaraí,RR,2018,2,182,50692,623.3725242641837,102.80159954568335,520.5709247185004,22.636707961808572,1079.5589047581434,TRUE,181
P. vivax,paper_replica,14003,Caracaraí,RR,2018,3,183,50692,426.1027381046319,103.23874550813223,322.86399259649966,16.71861437702202,1123.9939240905821,TRUE,181
P. vivax,paper_replica,14004,Sudeste de Roraima,RR,2018,1,181,55395,909.8294069861901,114.25244957493919,795.5769574112509,26.130517194692665,901.3900171495609,FALSE,181
P. vivax,paper_replica,14004,Sudeste de Roraima,RR,2018,2,182,55395,1054.2467731744744,104.23924223288627,950.0075309415881,19.85738785088907,1245.825435508619,TRUE,181
P. vivax,paper_replica,14004,Sudeste de Roraima,RR,2018,3,183,55395,862.8937629749978,104.68249119504674,758.2112717799511,26.130517194692665,914.2521888257056,TRUE,181
P. vivax,paper_replica,15001,Óbidos,PA,2018,1,181,206970,3.865294487123738,3.5624263848837874,0.3028681022399504,0,38.4717591921534,TRUE,181
P. vivax,paper_replica,15001,Óbidos,PA,2018,2,182,206970,4.348456298014205,3.2502257222521096,1.0982305757620954,0,27.793883171474114,TRUE,181
P. vivax,paper_replica,15001,Óbidos,PA,2018,3,183,206970,27.057061409866165,3.2640618807154214,23.792999529150745,0,37.48127747982796,TRUE,181
P. vivax,paper_replica,15002,Santarém,PA,2018,1,181,525029,7.42816111110053,6.403263395883309,1.0248977152172207,1.2332652101122035,66.30109955831009,TRUE,181
P. vivax,paper_replica,15002,Santarém,PA,2018,2,182,525029,4.952107407400353,5.842078950463148,-0.8899715430627948,1.0427995405968054,53.51609149208893,TRUE,181
P. vivax,paper_replica,15002,Santarém,PA,2018,3,183,525029,3.809313390307964,5.866925852258246,-2.0576124619502822,1.3332596866077875,55.958813703623854,TRUE,181
P. vivax,paper_replica,15003,Almeirim,PA,2018,1,181,74600,0,12.140703417610439,-12.140703417610439,0,102.64745308310982,TRUE,181
P. vivax,paper_replica,15003,Almeirim,PA,2018,2,182,74600,2.680965147453083,11.07672126689,-8.395756119436918,0,115.3150134048251,TRUE,181
P. vivax,paper_replica,15003,Almeirim,PA,2018,3,183,74600,17.426273458445042,11.123858559032756,6.302414899412286,1.3404825737265416,94.03485254691671,TRUE,181
P. vivax,paper_replica,15004,Portel,PA,2018,1,181,151541,1032.06392989356,24.222311373697472,1007.8416185198625,6.912320758078673,227.23223418084854,FALSE,181
P. vivax,paper_replica,15004,Portel,PA,2018,2,182,151541,932.4209289895144,22.099472552992133,910.3214564365223,4.932658488461869,199.31899617925177,FALSE,181
P. vivax,paper_replica,15004,Portel,PA,2018,3,183,151541,855.2141004744591,22.19346586226594,833.0206346121931,2.2601144244791866,211.26295853927311,FALSE,181
P. vivax,paper_replica,15005,Furos de Breves,PA,2018,1,181,229807,756.2867971819832,107.92792209686871,648.3588750851145,26.27204567310831,849.1255705874928,TRUE,181
P. vivax,paper_replica,15005,Furos de Breves,PA,2018,2,182,229807,682.3116789305809,98.46896732735848,583.8427116032224,30.46034280940093,832.6334706949743,TRUE,181
P. vivax,paper_replica,15005,Furos de Breves,PA,2018,3,183,229807,643.1483810327798,98.8876385767571,544.2607424560226,32.636081581500996,1026.9160643496493,TRUE,181
P. vivax,paper_replica,15006,Arari,PA,2018,1,181,175883,43.77910315380111,7.60639942095446,36.17270373284665,1.4071854585150363,74.16862345991346,TRUE,181
P. vivax,paper_replica,15006,Arari,PA,2018,2,182,175883,57.99309768425601,6.939788375141444,51.05330930911456,0.5685597812181962,68.61095159850574,TRUE,181
P. vivax,paper_replica,15006,Arari,PA,2018,3,183,175883,94.38092368222057,6.96931432914916,87.41160935307141,0.5685597812181962,63.9771893815775,FALSE,181
P. vivax,paper_replica,15007,Belém,PA,2018,1,181,2345306,3.197876950811536,0.6860411724848647,2.511835778326671,0.10552993937678073,6.420270958245958,TRUE,181
P. vivax,paper_replica,15007,Belém,PA,2018,2,182,2345306,2.515663201305075,0.6259167733116017,1.8897464279934733,0.10552993937678073,4.8831581038892145,TRUE,181
P. vivax,paper_replica,15007,Belém,PA,2018,3,183,2345306,2.473024841960921,0.628579354781779,1.8444454871791423,0.04263835934415381,6.9500525730970715,TRUE,181
P. vivax,paper_replica,15008,Castanhal,PA,2018,1,181,339469,0.29457770812651524,0.8242629965487238,-0.5296852884222085,0,8.697406832435355,TRUE,181
P. vivax,paper_replica,15008,Castanhal,PA,2018,2,182,339469,0,0.7520301911019657,-0.7520301911019657,0,8.542753535668941,TRUE,181
P. vivax,paper_replica,15008,Castanhal,PA,2018,3,183,339469,0.5891554162530305,0.75523415356827,-0.16607873731523948,0,7.519095999929295,TRUE,181
P. vivax,paper_replica,15009,Salgado,PA,2018,1,181,269829,1.1118152607762695,3.6524348751030975,-2.540619614326828,0.37060508692542316,30.269170474633878,TRUE,181
P. vivax,paper_replica,15009,Salgado,PA,2018,2,182,269829,0.7412101738508463,3.332344276976585,-2.591134103125739,0,32.08513540056848,TRUE,181
P. vivax,paper_replica,15009,Salgado,PA,2018,3,183,269829,0,3.346529091834615,-3.346529091834615,0,30.093133058344293,TRUE,181
P. vivax,paper_replica,15010,Bragantina,PA,2018,1,181,420667,0.2377177197165454,2.0144289541378257,-1.7767112344212803,0.2377177197165454,19.7543425084449,TRUE,181
P. vivax,paper_replica,15010,Bragantina,PA,2018,2,182,420667,0.4754354394330908,1.8378923372540052,-1.3624568978209144,0,22.470267456206447,TRUE,181
P. vivax,paper_replica,15010,Bragantina,PA,2018,3,183,420667,0.2377177197165454,1.8457178677344195,-1.608000148017874,0,17.252363508428267,TRUE,181
P. vivax,paper_replica,15011,Cametá,PA,2018,1,181,492940,299.63078670832147,4.174625651933029,295.45616105638845,0.7049539497707634,33.83271797784715,FALSE,181
P. vivax,paper_replica,15011,Cametá,PA,2018,2,182,492940,210.37043047835436,3.8087655606775193,206.56166491767684,0.5020895037935654,34.0457256461232,FALSE,181
P. vivax,paper_replica,15011,Cametá,PA,2018,3,183,492940,205.0959548829472,3.8249691994591686,201.27098568348805,0.40572889195439604,33.609567087272254,FALSE,181
P. vivax,paper_replica,15012,Tomé-Açu,PA,2018,1,181,335866,0.2977377882846135,4.4084171345161005,-4.110679346231487,0.2977377882846135,41.41532635038971,TRUE,181
P. vivax,paper_replica,15012,Tomé-Açu,PA,2018,2,182,335866,0.2977377882846135,4.022070834978839,-3.724333046694226,0.595475576569227,41.102701672690884,FALSE,181
P. vivax,paper_replica,15012,Tomé-Açu,PA,2018,3,183,335866,1.4886889414230675,4.039185767404526,-2.550496825981459,0.14142544943519184,34.72366955869302,TRUE,181
P. vivax,paper_replica,15013,Guamá,PA,2018,1,181,479227,8.138105741120597,5.943466020377437,2.19463972074316,1.4606856458421584,79.76908646633001,TRUE,181
P. vivax,paper_replica,15013,Guamá,PA,2018,2,182,479227,6.886089473255889,5.422586866428817,1.4635026068270722,0.8346775119098048,42.15121435144514,TRUE,181
P. vivax,paper_replica,15013,Guamá,PA,2018,3,183,479227,4.173387559549024,5.44565769952226,-1.2722701399732363,0.7251260884716432,43.43453102600644,TRUE,181
P. vivax,paper_replica,15014,Itaituba,PA,2018,1,181,220435,178.73749631410618,76.95807904653343,101.77941726757275,19.5068841154989,880.078027536462,TRUE,181
P. vivax,paper_replica,15014,Itaituba,PA,2018,2,182,220435,151.0649397781659,70.21336167192226,80.85157810624364,18.576904756504184,642.6837843355181,TRUE,181
P. vivax,paper_replica,15014,Itaituba,PA,2018,3,183,220435,125.6606255812371,70.51189567989555,55.148729901341554,19.91516773652097,642.4796425250065,TRUE,181
P. vivax,paper_replica,15015,Altamira,PA,2018,1,181,306088,16.00846815294948,32.083258383879695,-16.074790230930216,10.781213245863935,435.56918271869444,TRUE,181
P. vivax,paper_replica,15015,Altamira,PA,2018,2,182,306088,12.088026972635319,29.27145191046243,-17.183424937827112,9.939951909254857,252.1905465095004,TRUE,181
P. vivax,paper_replica,15015,Altamira,PA,2018,3,183,306088,13.721544131099552,29.395919690605904,-15.674375559506352,9.131360915815062,249.32372389639573,TRUE,181
P. vivax,paper_replica,15016,Tucuruí,PA,2018,1,181,379626,64.01036809912914,25.32110555334012,38.68926254578902,7.237386269644334,255.77146981502835,TRUE,181
P. vivax,paper_replica,15016,Tucuruí,PA,2018,2,182,379626,37.66865283199781,23.10194061501457,14.566712216983241,5.268343053426267,232.5644186646852,TRUE,181
P. vivax,paper_replica,15016,Tucuruí,PA,2018,3,183,379626,35.82473276329861,23.200177017320033,12.62455574597858,5.656883353616454,233.80247928224068,TRUE,181
P. vivax,paper_replica,15017,Paragominas,PA,2018,1,181,344335,1.161659430496464,9.954973987496627,-8.793314557000164,2.6137337186170444,97.81898441924281,FALSE,181
P. vivax,paper_replica,15017,Paragominas,PA,2018,2,182,344335,1.7424891457446963,9.082525941538869,-7.340036795794172,1.5900213454920358,93.71687455530207,TRUE,181
P. vivax,paper_replica,15017,Paragominas,PA,2018,3,183,344335,2.9041485762411603,9.121162898086746,-6.2170143218455856,1.5900213454920358,95.27059404359125,TRUE,181
P. vivax,paper_replica,15018,São Félix do Xingu,PA,2018,1,181,212630,3.2921036542350564,4.607893034912386,-1.3157893806773293,0.47030052203357947,48.21756102149273,TRUE,181
P. vivax,paper_replica,15018,São Félix do Xingu,PA,2018,2,182,212630,2.821803132201477,4.204067896050259,-1.3822647638487822,0,43.51455580115693,TRUE,181
P. vivax,paper_replica,15018,São Félix do Xingu,PA,2018,3,183,212630,1.8812020881343179,4.22196095045009,-2.3407588623157727,0.47030052203357947,40.093119503362544,TRUE,181
P. vivax,paper_replica,15019,Parauapebas,PA,2018,1,181,317861,0.9438087717587248,1.8671029306731164,-0.9232941589143916,0,16.390812336209823,TRUE,181
P. vivax,paper_replica,15019,Parauapebas,PA,2018,2,182,317861,0.6292058478391498,1.7034759363306742,-1.0742700884915244,0,14.786337424220019,TRUE,181
P. vivax,paper_replica,15019,Parauapebas,PA,2018,3,183,317861,0.3146029239195749,1.710727186695011,-1.396124262775436,0,14.322298111438641,TRUE,181
P. vivax,paper_replica,15020,Marabá,PA,2018,1,181,329372,3.0360807840375017,4.6307041080582945,-1.5946233240207928,0.9108242352112504,45.86000024288645,TRUE,181
P. vivax,paper_replica,15020,Marabá,PA,2018,2,182,329372,0.30360807840375015,4.224876551375441,-3.921268472971691,0.14421383724178174,46.84672649769857,TRUE,181
P. vivax,paper_replica,15020,Marabá,PA,2018,3,183,329372,1.2144323136150006,4.242851835603098,-3.028419521988097,0.30360807840375015,50.664598083625705,TRUE,181
P. vivax,paper_replica,15021,Redenção,PA,2018,1,181,195973,0.5102743745311854,1.6398639402231139,-1.1295895656919286,0,21.457037449036324,TRUE,181
P. vivax,paper_replica,15021,Redenção,PA,2018,2,182,195973,0.5102743745311854,1.496154827417168,-0.9858804528859827,0,20.410974981247417,TRUE,181
P. vivax,paper_replica,15021,Redenção,PA,2018,3,183,195973,1.0205487490623708,1.50252764886092,-0.48197889979854924,0,13.777408112342005,TRUE,181
P. vivax,paper_replica,15022,Conceição do Araguaia,PA,2018,1,181,160043,0,2.25945431259236,-2.25945431259236,0,19.994626444143137,TRUE,181
P. vivax,paper_replica,15022,Conceição do Araguaia,PA,2018,2,182,160043,0,2.0614548223271587,-2.0614548223271587,0,17.52653974244419,TRUE,181
P. vivax,paper_replica,15022,Conceição do Araguaia,PA,2018,3,183,160043,0,2.0702413703857174,-2.0702413703857174,0,18.44816705510393,TRUE,181
P. vivax,paper_replica,16001,Oiapoque,AP,2018,1,181,37553,649.7483556573376,275.0923793455835,374.6559763117541,73.03011743402658,2587.076931270471,TRUE,181
P. vivax,paper_replica,16001,Oiapoque,AP,2018,2,182,37553,513.9402977125662,250.9829375665265,262.9573601460397,74.56128671477644,2523.4335472532152,TRUE,181
P. vivax,paper_replica,16001,Oiapoque,AP,2018,3,183,37553,356.82901499214444,252.05012265108155,104.77889234106289,69.23548052086385,2065.480787154154,TRUE,181
P. vivax,paper_replica,16002,Amapá,AP,2018,1,181,30877,58.295818894322636,44.39258881947318,13.903230074849454,4.77701849272922,478.91634549988555,TRUE,181
P. vivax,paper_replica,16002,Amapá,AP,2018,2,182,30877,80.96641513100366,40.50204740668949,40.464367724314165,3.238656605240146,470.4148719111305,TRUE,181
P. vivax,paper_replica,16002,Amapá,AP,2018,3,183,30877,64.77313210480294,40.674330324723435,24.098801780079505,4.77701849272922,411.95712018654604,TRUE,181
P. vivax,paper_replica,16003,Macapá,AP,2018,1,181,674807,139.29908848011357,28.527137097139583,110.77195138297398,6.7389638815246435,244.46249075661626,TRUE,181
P. vivax,paper_replica,16003,Macapá,AP,2018,2,182,674807,99.73221973097495,26.026977600899706,73.70524213007525,8.283850048976968,188.85399825431563,TRUE,181
P. vivax,paper_replica,16003,Macapá,AP,2018,3,183,674807,73.20611671188948,26.137638311621373,47.068478400268106,6.964954424005678,285.1815407961083,TRUE,181
P. vivax,paper_replica,16004,Mazagão,AP,2018,1,181,86257,165.78364654462825,49.51688616285267,116.26676038177558,15.621920539782279,506.3647008358718,TRUE,181
P. vivax,paper_replica,16004,Mazagão,AP,2018,2,182,86257,156.50903694772597,45.17718464918329,111.33185229854269,9.825289541718355,507.3501281055449,TRUE,181
P. vivax,paper_replica,16004,Mazagão,AP,2018,3,183,86257,146.0751011512109,45.36929694367938,100.70580420753151,12.143941940943925,462.1364063206463,TRUE,181
P. vivax,paper_replica,17001,Bico do Papagaio,TO,2018,1,181,214202,1.8673961961139485,0.38743301910665395,1.4799631770072945,0,4.913586241024817,TRUE,181
P. vivax,paper_replica,17001,Bico do Papagaio,TO,2018,2,182,214202,0.9336980980569742,0.35348434164916054,0.5802137564078137,0,3.979888142967842,TRUE,181
P. vivax,paper_replica,17001,Bico do Papagaio,TO,2018,3,183,214202,0.9336980980569742,0.354993409331969,0.5787046887250052,0,3.513039093939355,TRUE,181
P. vivax,paper_replica,17002,Araguaína,TO,2018,1,181,315817,0.6332781325894425,0.24754478621923262,0.38573334637020995,0,3.332626172751935,TRUE,181
P. vivax,paper_replica,17002,Araguaína,TO,2018,2,182,315817,0,0.2258542887030928,-0.2258542887030928,0,2.53311253035777,TRUE,181
P. vivax,paper_replica,17002,Araguaína,TO,2018,3,183,315817,0,0.22681898277789608,-0.22681898277789608,0,3.166390662947213,TRUE,181
P. vivax,paper_replica,17003,Miracema do Tocantins,TO,2018,1,181,148745,0,0.273301808260593,-0.273301808260593,0,3.3614575279841343,TRUE,181
P. vivax,paper_replica,17003,Miracema do Tocantins,TO,2018,2,182,148745,0,0.24935722008291802,-0.24935722008291802,0,4.0337490335809605,TRUE,181
P. vivax,paper_replica,17003,Miracema do Tocantins,TO,2018,3,183,148745,0,0.25042509427878495,-0.25042509427878495,0,3.3614575279841343,TRUE,181
P. vivax,paper_replica,17004,Rio Formoso,TO,2018,1,181,126836,0,0.1816089787294649,-0.1816089787294649,0,3.1536787662808665,TRUE,181
P. vivax,paper_replica,17004,Rio Formoso,TO,2018,2,182,126836,0,0.16569967633240867,-0.16569967633240867,0,2.7791794127849956,TRUE,181
P. vivax,paper_replica,17004,Rio Formoso,TO,2018,3,183,126836,0,0.16641091317304826,-0.16641091317304826,0,2.36525907471065,TRUE,181
P. vivax,paper_replica,17005,Gurupi,TO,2018,1,181,149602,0,0.04722824727972662,-0.04722824727972662,0,0.6684402614938303,TRUE,181
P. vivax,paper_replica,17005,Gurupi,TO,2018,2,182,149602,0,0.04309351903714497,-0.04309351903714497,0,0.6684402614938303,TRUE,181
P. vivax,paper_replica,17005,Gurupi,TO,2018,3,183,149602,0,0.043281179965980195,-0.043281179965980195,0,0.6684402614938303,TRUE,181
P. vivax,paper_replica,17006,Porto Nacional,TO,2018,1,181,396590,0.7564487253838977,0.13818845894654366,0.6182602664373541,0,2.0171966010237274,TRUE,181
P. vivax,paper_replica,17006,Porto Nacional,TO,2018,2,182,396590,0,0.12608098612136687,-0.12608098612136687,0,1.645275977709972,TRUE,181
P. vivax,paper_replica,17006,Porto Nacional,TO,2018,3,183,396590,0.7564487253838977,0.12662048418170688,0.6298282412021908,0,1.7650470258957613,TRUE,181
P. vivax,paper_replica,17007,Jalapão,TO,2018,1,181,79443,0,0.008051579388049046,-0.008051579388049046,0,0,TRUE,181
P. vivax,paper_replica,17007,Jalapão,TO,2018,2,182,79443,0,0.007350032440641752,-0.007350032440641752,0,0,TRUE,181
P. vivax,paper_replica,17007,Jalapão,TO,2018,3,183,79443,0,0.007385182726957369,-0.007385182726957369,0,0,TRUE,181
P. vivax,paper_replica,17008,Dianópolis,TO,2018,1,181,123994,0,0.013859098239316608,-0.013859098239316608,0,0.8064906366437086,TRUE,181
P. vivax,paper_replica,17008,Dianópolis,TO,2018,2,182,123994,0,0.012647998320157788,-0.012647998320157788,0,0,TRUE,181
P. vivax,paper_replica,17008,Dianópolis,TO,2018,3,183,123994,0,0.01270517352334806,-0.01270517352334806,0,0.8064906366437086,TRUE,181
P. vivax,paper_replica,21001,Litoral Ocidental Maranhense,MA,2018,1,181,190870,0.5239168020118405,1.5887207441536741,-1.0648039421418336,0,18.612144391470622,TRUE,181
P. vivax,paper_replica,21001,Litoral Ocidental Maranhense,MA,2018,2,182,190870,0,1.4494956473115308,-1.4494956473115308,0,14.145753654319694,TRUE,181
P. vivax,paper_replica,21001,Litoral Ocidental Maranhense,MA,2018,3,183,190870,0,1.4556721562239807,-1.4556721562239807,0,16.791533504479464,TRUE,181
P. vivax,paper_replica,21002,Aglomeração Urbana de São Luís,MA,2018,1,181,1421946,0.07032615865862699,0.16441164244418704,-0.09408548378556006,0,1.9357275170787058,TRUE,181
P. vivax,paper_replica,21002,Aglomeração Urbana de São Luís,MA,2018,2,182,1421946,0.07032615865862699,0.1500038682087844,-0.0796777095501574,0,1.2324659304924361,TRUE,181
P. vivax,paper_replica,21002,Aglomeração Urbana de São Luís,MA,2018,3,183,1421946,0.07032615865862699,0.15064319277844182,-0.08031703411981483,0,1.7247490411028252,TRUE,181
P. vivax,paper_replica,21003,Rosário,MA,2018,1,181,177073,0,0.7656839205406204,-0.7656839205406204,0,9.332309273576422,TRUE,181
P. vivax,paper_replica,21003,Rosário,MA,2018,2,182,177073,0,0.6985888525792168,-0.6985888525792168,0,9.897048110101473,TRUE,181
P. vivax,paper_replica,21003,Rosário,MA,2018,3,183,177073,0.564738836525049,0.7015692847431562,-0.1368304482181072,0,7.934580653176913,TRUE,181
P. vivax,paper_replica,21004,Lençóis Maranhenses,MA,2018,1,181,195389,0,0.25310055643143664,-0.25310055643143664,0,3.582596768497715,TRUE,181
P. vivax,paper_replica,21004,Lençóis Maranhenses,MA,2018,2,182,195389,0,0.2309256257720056,-0.2309256257720056,0,3.3394919877782154,TRUE,181
P. vivax,paper_replica,21004,Lençóis Maranhenses,MA,2018,3,183,195389,0,0.2319143159323274,-0.2319143159323274,0,3.3394919877782154,TRUE,181
P. vivax,paper_replica,21005,Baixada Maranhense,MA,2018,1,181,601025,1.4974418701385133,1.5700514573672923,-0.07260958722877908,0,14.063474897050867,TRUE,181
P. vivax,paper_replica,21005,Baixada Maranhense,MA,2018,2,182,601025,1.1646770101077326,1.4324546786847328,-0.26777766857700014,0,16.06006405723555,TRUE,181
P. vivax,paper_replica,21005,Baixada Maranhense,MA,2018,3,183,601025,0.33276486003078076,1.4385497386857353,-1.1057848786549545,0,13.90541158853624,TRUE,181
P. vivax,paper_replica,21006,Itapecuru Mirim,MA,2018,1,181,233753,0,0.3468587707002403,-0.3468587707002403,0,3.850217965117025,TRUE,181
P. vivax,paper_replica,21006,Itapecuru Mirim,MA,2018,2,182,233753,0,0.3164663924904195,-0.3164663924904195,0,3.6470120169580618,TRUE,181
P. vivax,paper_replica,21006,Itapecuru Mirim,MA,2018,3,183,233753,0,0.3178188899038983,-0.3178188899038983,0,3.850217965117025,TRUE,181
P. vivax,paper_replica,21007,Gurupi,MA,2018,1,181,240239,6.24378223352578,8.805052885767232,-2.5612706522414515,1.2487564467051562,75.58098393682954,TRUE,181
P. vivax,paper_replica,21007,Gurupi,MA,2018,2,182,240239,17.482590253872186,8.033379940612555,9.44921031325963,1.6650085956068748,85.43575356207768,TRUE,181
P. vivax,paper_replica,21007,Gurupi,MA,2018,3,183,240239,6.24378223352578,8.067550047064408,-1.8237678135386277,1.446476217433473,78.55718680147677,TRUE,181
P. vivax,paper_replica,21008,Pindaré,MA,2018,1,181,662890,8.900420884309614,2.6801267551943933,6.220294129115221,0.30170918251896994,22.707387349333974,TRUE,181
P. vivax,paper_replica,21008,Pindaré,MA,2018,2,182,662890,8.900420884309614,2.445240388152997,6.4551804961566175,0.30170918251896994,18.856823907435622,TRUE,181
P. vivax,paper_replica,21008,Pindaré,MA,2018,3,183,662890,7.54272956297425,2.4556409435243114,5.087088619449938,0.6034183650379399,24.30267465190302,TRUE,181
P. vivax,paper_replica,21009,Imperatriz,MA,2018,1,181,597823,1.8400095011399695,0.7066476354024023,1.1333618657375673,0,8.72331777131356,TRUE,181
P. vivax,paper_replica,21009,Imperatriz,MA,2018,2,182,597823,1.3381887281017961,0.6447193814286808,0.6934693466731153,0,6.452578773315837,TRUE,181
P. vivax,paper_replica,21009,Imperatriz,MA,2018,3,183,597823,1.1709151370890716,0.6474640462705173,0.5234510908185542,0,6.946035866803381,TRUE,181
P. vivax,paper_replica,21010,Médio Mearim,MA,2018,1,181,424133,2.121975889638392,0.7756094570141582,1.3463664326242335,0,7.432809991205583,TRUE,181
P. vivax,paper_replica,21010,Médio Mearim,MA,2018,2,182,424133,1.8862007907896814,0.7076383776991023,1.178562413090579,0,7.197034892356873,TRUE,181
P. vivax,paper_replica,21010,Médio Mearim,MA,2018,3,183,424133,1.178875494243551,0.7106514847930975,0.4682240094504536,0,8.263917214647282,TRUE,181
P. vivax,paper_replica,21011,Alto Mearim e Grajaú,MA,2018,1,181,334288,3.5897190446561047,0.9434384200933696,2.646280624562735,0,12.137737519743435,TRUE,181
P. vivax,paper_replica,21011,Alto Mearim e Grajaú,MA,2018,2,182,334288,3.290575790934763,0.8607598202250962,2.429815970709667,0,10.484971042933026,TRUE,181
P. vivax,paper_replica,21011,Alto Mearim e Grajaú,MA,2018,3,183,334288,8.67515435791892,0.8644252299381681,7.8107291279807525,0,8.076867850476235,FALSE,181
P. vivax,paper_replica,21012,Presidente Dutra,MA,2018,1,181,199032,0.5024317697656658,0.4921738889602657,0.010257880805400132,0,5.790526146549286,TRUE,181
P. vivax,paper_replica,21012,Presidente Dutra,MA,2018,2,182,199032,1.5072953092969974,0.4490461265924154,1.0582491827045821,0,5.790526146549286,TRUE,181
P. vivax,paper_replica,21012,Presidente Dutra,MA,2018,3,183,199032,0.5024317697656658,0.4509623100978934,0.051469459667772444,0,5.790526146549286,TRUE,181
P. vivax,paper_replica,21013,Baixo Parnaíba Maranhense,MA,2018,1,181,145296,1.3765003854201079,0.3823330219501362,0.9941673634699717,0,4.490832507433086,TRUE,181
P. vivax,paper_replica,21013,Baixo Parnaíba Maranhense,MA,2018,2,182,145296,0.6882501927100539,0.3488332523985713,0.3394169403114826,0,5.5060015416804315,TRUE,181
P. vivax,paper_replica,21013,Baixo Parnaíba Maranhense,MA,2018,3,183,145296,0,0.35032447348281687,-0.35032447348281687,0,4.129501156260323,TRUE,181
P. vivax,paper_replica,21014,Chapadinha,MA,2018,1,181,243323,2.0548817826510444,0.23806427916146555,1.8168175034895788,0,3.2878108522416705,TRUE,181
P. vivax,paper_replica,21014,Chapadinha,MA,2018,2,182,243323,0.4109763565302088,0.21720533894702881,0.19377101758318,0,3.5035734394200206,TRUE,181
P. vivax,paper_replica,21014,Chapadinha,MA,2018,3,183,243323,0.4109763565302088,0.2181339505221665,0.1928424060080423,0,3.2878108522416705,TRUE,181
P. vivax,paper_replica,21015,Codó,MA,2018,1,181,277501,0.3603590617691468,0.42880252848558126,-0.06844346671643448,0,4.153138186889408,TRUE,181
P. vivax,paper_replica,21015,Codó,MA,2018,2,182,277501,0,0.3912271371365427,-0.3912271371365427,0,3.2432315559223213,TRUE,181
P. vivax,paper_replica,21015,Codó,MA,2018,3,183,277501,0.3603590617691468,0.3928965453687651,-0.03253748359961833,0,4.513497248658555,TRUE,181
P. vivax,paper_replica,21016,Coelho Neto,MA,2018,1,181,93313,3.2149861219765734,0.05259798337531237,3.162388138601261,0,1.0716620406588577,FALSE,181
P. vivax,paper_replica,21016,Coelho Neto,MA,2018,2,182,93313,0,0.04799479180228127,-0.04799479180228127,0,1.0716620406588577,TRUE,181
P. vivax,paper_replica,21016,Coelho Neto,MA,2018,3,183,93313,1.0716620406588577,0.048205034180360096,1.0234570064784976,0,1.0716620406588577,TRUE,181
P. vivax,paper_replica,21017,Caxias,MA,2018,1,181,442882,0,0.12814833562520345,-0.12814833562520345,0,1.5805564461865689,TRUE,181
P. vivax,paper_replica,21017,Caxias,MA,2018,2,182,442882,0,0.11691976939081396,-0.11691976939081396,0,1.5805564461865689,TRUE,181
P. vivax,paper_replica,21017,Caxias,MA,2018,3,183,442882,0,0.11741933884320627,-0.11741933884320627,0,1.5805564461865689,TRUE,181
P. vivax,paper_replica,21018,Chapadas do Alto Itapecuru,MA,2018,1,181,220558,0,0.12275826961826318,-0.12275826961826318,0,1.813581914961144,TRUE,181
P. vivax,paper_replica,21018,Chapadas do Alto Itapecuru,MA,2018,2,182,220558,0,0.11200364422385299,-0.11200364422385299,0,1.360186436220858,TRUE,181
P. vivax,paper_replica,21018,Chapadas do Alto Itapecuru,MA,2018,3,183,220558,0,0.11248411322486711,-0.11248411322486711,0,1.360186436220858,TRUE,181
P. vivax,paper_replica,21019,Porto Franco,MA,2018,1,181,119474,0.8370021929457456,0.26298960656843734,0.5740125863773082,0,4.185010964728727,TRUE,181
P. vivax,paper_replica,21019,Porto Franco,MA,2018,2,182,119474,0.8370021929457456,0.2399493076046376,0.597052885341108,0,3.7874349230794793,TRUE,181
P. vivax,paper_replica,21019,Porto Franco,MA,2018,3,183,119474,0.8370021929457456,0.24097783987049062,0.596024353075255,0,3.3480087717829825,TRUE,181
P. vivax,paper_replica,21020,Gerais de Balsas,MA,2018,1,181,142177,0,0.029709376358222097,-0.029709376358222097,0,0.7033486428887935,TRUE,181
P. vivax,paper_replica,21020,Gerais de Balsas,MA,2018,2,182,142177,0,0.027109586377974546,-0.027109586377974546,0,0.7033486428887935,TRUE,181
P. vivax,paper_replica,21020,Gerais de Balsas,MA,2018,3,183,142177,0,0.02722873587222364,-0.02722873587222364,0,0.7033486428887935,TRUE,181
P. vivax,paper_replica,21021,Chapadas das Mangabeiras,MA,2018,1,181,72070,0,0.020259484338900027,-0.020259484338900027,0,1.3875398917718884,TRUE,181
P. vivax,paper_replica,21021,Chapadas das Mangabeiras,MA,2018,2,182,72070,0,0.01848998520854746,-0.01848998520854746,0,1.3875398917718884,TRUE,181
P. vivax,paper_replica,21021,Chapadas das Mangabeiras,MA,2018,3,183,72070,0,0.01857437695137844,-0.01857437695137844,0,0,TRUE,181
P. vivax,paper_replica,51001,Aripuanã,MT,2018,1,181,166705,48.58882457034882,21.723463756719518,26.8653608136293,5.3987582855943135,303.56018115833245,TRUE,181
P. vivax,paper_replica,51001,Aripuanã,MT,2018,2,182,166705,25.794067364506162,19.819602348926985,5.974465015579177,3.2842446237365417,209.9817042080321,TRUE,181
P. vivax,paper_replica,51001,Aripuanã,MT,2018,3,183,166705,41.990342221289104,19.9038887775354,22.086453443753705,4.483968687201944,233.93119582495999,TRUE,181
P. vivax,paper_replica,51002,Alta Floresta,MT,2018,1,181,107187,0,2.453783820192009,-2.453783820192009,0,23.3237239590622,TRUE,181
P. vivax,paper_replica,51002,Alta Floresta,MT,2018,2,182,107187,0.932948958362488,2.238747235342006,-1.3057982769795178,0,20.571524531892816,TRUE,181
P. vivax,paper_replica,51002,Alta Floresta,MT,2018,3,183,107187,0,2.2482813940549202,-2.2482813940549202,0,22.880573203839997,TRUE,181
P. vivax,paper_replica,51003,Colíder,MT,2018,1,181,155831,1.9251625158023757,1.9582179902659336,-0.03305547446355783,0,18.30508692108757,TRUE,181
P. vivax,paper_replica,51003,Colíder,MT,2018,2,182,155831,1.2834416772015838,1.7866090771493466,-0.5031673999477628,0,16.41201044721521,TRUE,181
P. vivax,paper_replica,51003,Colíder,MT,2018,3,183,155831,10.26753341761267,1.7942185696305837,8.473314847982087,0,18.641990361352974,TRUE,181
P. vivax,paper_replica,51004,Parecis,MT,2018,1,181,108739,0,0.6525776408182767,-0.6525776408182767,0,9.196332502597965,TRUE,181
P. vivax,paper_replica,51004,Parecis,MT,2018,2,182,108739,0,0.5953984122591858,-0.5953984122591858,0,6.437432751818576,TRUE,181
P. vivax,paper_replica,51004,Parecis,MT,2018,3,183,108739,0,0.5979432234019832,-0.5979432234019832,0,8.276699252338167,TRUE,181
P. vivax,paper_replica,51005,Arinos,MT,2018,1,181,82534,0,0.24276231959197556,-0.24276231959197556,0,3.634865631133836,TRUE,181
P. vivax,paper_replica,51005,Arinos,MT,2018,2,182,82534,1.2116218770446119,0.22149677322559355,0.9901251038190183,0,4.27096711658223,TRUE,181
P. vivax,paper_replica,51005,Arinos,MT,2018,3,183,82534,0,0.2224490945483636,-0.2224490945483636,0,3.634865631133836,TRUE,181
P. vivax,paper_replica,51006,Alto Teles Pires,MT,2018,1,181,252848,1.1864835790672656,0.5625056551957057,0.6239779238715599,0,7.118901474403595,TRUE,181
P. vivax,paper_replica,51006,Alto Teles Pires,MT,2018,2,182,252848,0,0.5132155393850777,-0.5132155393850777,0,5.7445579953173365,TRUE,181
P. vivax,paper_replica,51006,Alto Teles Pires,MT,2018,3,183,252848,0.3954945263557552,0.5154058445378714,-0.1199113181821162,0,5.932417895336329,TRUE,181
P. vivax,paper_replica,51007,Sinop,MT,2018,1,181,203408,0.49162274836781245,1.401595053812316,-0.9099723054445037,0,16.481652639030905,TRUE,181
P. vivax,paper_replica,51007,Sinop,MT,2018,2,182,203408,0.9832454967356249,1.2787696219089821,-0.29552412517335724,0,13.040293400456214,TRUE,181
P. vivax,paper_replica,51007,Sinop,MT,2018,3,183,203408,0.49162274836781245,1.2842186617587354,-0.7925959133909231,0,12.57325178950677,TRUE,181
P. vivax,paper_replica,51008,Paranatinga,MT,2018,1,181,36363,0,0.6036314908692303,-0.6036314908692303,0,8.250144377526606,TRUE,181
P. vivax,paper_replica,51008,Paranatinga,MT,2018,2,182,36363,0,0.550755814255135,-0.550755814255135,0,5.500096251684405,TRUE,181
P. vivax,paper_replica,51008,Paranatinga,MT,2018,3,183,36363,0,0.5531233734233522,-0.5531233734233522,0,8.250144377526606,TRUE,181
P. vivax,paper_replica,51009,Norte Araguaia,MT,2018,1,181,130472,0,0.23475699002905528,-0.23475699002905528,0,3.065791894046232,TRUE,181
P. vivax,paper_replica,51009,Norte Araguaia,MT,2018,2,182,130472,0,0.21419134666837272,-0.21419134666837272,0,3.83223986755779,TRUE,181
P. vivax,paper_replica,51009,Norte Araguaia,MT,2018,3,183,130472,0.766447973511558,0.2151108505833201,0.5513371229282379,0,3.065791894046232,TRUE,181
P. vivax,paper_replica,51010,Canarana,MT,2018,1,181,114602,0,0.1756170791617777,-0.1756170791617777,0,2.6177553620355662,TRUE,181
P. vivax,paper_replica,51010,Canarana,MT,2018,2,182,114602,0,0.16023361730237193,-0.16023361730237193,0,2.6177553620355662,TRUE,181
P. vivax,paper_replica,51010,Canarana,MT,2018,3,183,114602,0.8725851206785221,0.1609222595373132,0.7116628611412089,0,2.6177553620355662,TRUE,181
P. vivax,paper_replica,51011,Médio Araguaia,MT,2018,1,181,69471,0,0.053004826157846165,-0.053004826157846165,0,1.439449554490363,TRUE,181
P. vivax,paper_replica,51011,Médio Araguaia,MT,2018,2,182,69471,0,0.04836724565104094,-0.04836724565104094,0,1.439449554490363,TRUE,181
P. vivax,paper_replica,51011,Médio Araguaia,MT,2018,3,183,69471,0,0.04858035972209275,-0.04858035972209275,0,1.439449554490363,TRUE,181
P. vivax,paper_replica,51012,Alto Guaporé,MT,2018,1,181,74703,1.3386343252613684,0.6037091719076129,0.7349251533537555,0,9.370440276829578,TRUE,181
P. vivax,paper_replica,51012,Alto Guaporé,MT,2018,2,182,74703,0,0.550815345962853,-0.550815345962853,0,6.6931716263068415,TRUE,181
P. vivax,paper_replica,51012,Alto Guaporé,MT,2018,3,183,74703,0,0.5531726304357996,-0.5531726304357996,0,6.6931716263068415,TRUE,181
P. vivax,paper_replica,51013,Tangará da Serra,MT,2018,1,181,168844,0,0.13106672629658056,-0.13106672629658056,0,1.7767880410319583,TRUE,181
P. vivax,paper_replica,51013,Tangará da Serra,MT,2018,2,182,168844,0,0.11958548752719583,-0.11958548752719583,0,1.7767880410319583,TRUE,181
P. vivax,paper_replica,51013,Tangará da Serra,MT,2018,3,183,168844,0,0.1200993420502433,-0.1200993420502433,0,2.3690507213759444,TRUE,181
P. vivax,paper_replica,51014,Jauru,MT,2018,1,181,110817,0,0.09242883645688203,-0.09242883645688203,0,1.8047772453684905,TRUE,181
P. vivax,paper_replica,51014,Jauru,MT,2018,2,182,110817,0.9023886226842452,0.08433436421727253,0.8180542584669728,0,1.8047772453684905,TRUE,181
P. vivax,paper_replica,51014,Jauru,MT,2018,3,183,110817,0,0.08469907703260247,-0.08469907703260247,0,1.8047772453684905,TRUE,181
P. vivax,paper_replica,51015,Alto Paraguai,MT,2018,1,181,33393,0,0.11597466916921216,-0.11597466916921216,0,2.9946395951247267,TRUE,181
P. vivax,paper_replica,51015,Alto Paraguai,MT,2018,2,182,33393,0,0.10582682318679495,-0.10582682318679495,0,2.9946395951247267,TRUE,181
P. vivax,paper_replica,51015,Alto Paraguai,MT,2018,3,183,33393,0,0.10629262213259026,-0.10629262213259026,0,2.9946395951247267,TRUE,181
P. vivax,paper_replica,51016,Rosário Oeste,MT,2018,1,181,31027,0,0.08338852019063464,-0.08338852019063464,0,3.222999323170142,TRUE,181
P. vivax,paper_replica,51016,Rosário Oeste,MT,2018,2,182,31027,0,0.07609465238357373,-0.07609465238357373,0,3.222999323170142,TRUE,181
P. vivax,paper_replica,51016,Rosário Oeste,MT,2018,3,183,31027,0,0.0764319328792879,-0.0764319328792879,0,3.222999323170142,TRUE,181
P. vivax,paper_replica,51017,Cuiabá,MT,2018,1,181,938414,0.21312555013032627,0.1345954258697515,0.07853012426057476,0,1.3853160758471208,TRUE,181
P. vivax,paper_replica,51017,Cuiabá,MT,2018,2,182,938414,0.10656277506516314,0.12280078971746124,-0.0162380146522981,0,1.598441625977447,TRUE,181
P. vivax,paper_replica,51017,Cuiabá,MT,2018,3,183,938414,0,0.12332450472085826,-0.12332450472085826,0,1.1721905257167944,TRUE,181
P. vivax,paper_replica,51018,Alto Pantanal,MT,2018,1,181,140405,0,0.08660690746528688,-0.08660690746528688,0,1.4244506962002779,TRUE,181
P. vivax,paper_replica,51018,Alto Pantanal,MT,2018,2,182,140405,0,0.07902214001643132,-0.07902214001643132,0,1.4244506962002779,TRUE,181
P. vivax,paper_replica,51018,Alto Pantanal,MT,2018,3,183,140405,0,0.07936334466240354,-0.07936334466240354,0,1.4244506962002779,TRUE,181
P. vivax,paper_replica,51019,Primavera do Leste,MT,2018,1,181,103909,0,0.10981215404370485,-0.10981215404370485,0,1.9247610890298241,TRUE,181
P. vivax,paper_replica,51019,Primavera do Leste,MT,2018,2,182,103909,0,0.10019632169705699,-0.10019632169705699,0,1.9247610890298241,TRUE,181
P. vivax,paper_replica,51019,Primavera do Leste,MT,2018,3,183,103909,0,0.10063000056686183,-0.10063000056686183,0,1.9247610890298241,TRUE,181
P. vivax,paper_replica,51020,Tesouro,MT,2018,1,181,55925,0,0.02889064228749871,-0.02889064228749871,0,0,TRUE,181
P. vivax,paper_replica,51020,Tesouro,MT,2018,2,182,55925,0,0.026366341970938525,-0.026366341970938525,0,1.7881090746535537,TRUE,181
P. vivax,paper_replica,51020,Tesouro,MT,2018,3,183,55925,0,0.02648583685000449,-0.02648583685000449,0,1.7881090746535537,TRUE,181
P. vivax,paper_replica,51021,Rondonópolis,MT,2018,1,181,315273,0.317185423426681,0.09005417179890093,0.22713125162778006,0,1.268741693706724,TRUE,181
P. vivax,paper_replica,51021,Rondonópolis,MT,2018,2,182,315273,0,0.0821650122075169,-0.0821650122075169,0,0.951556270280043,TRUE,181
P. vivax,paper_replica,51021,Rondonópolis,MT,2018,3,183,315273,0,0.08251749594317435,-0.08251749594317435,0,1.268741693706724,TRUE,181
P. vivax,paper_replica,51022,Alto Araguaia,MT,2018,1,181,41128,0,0.013349449429320396,-0.013349449429320396,0,0,TRUE,181
P. vivax,paper_replica,51022,Alto Araguaia,MT,2018,2,182,41128,0,0.012188090794608832,-0.012188090794608832,0,0,TRUE,181
P. vivax,paper_replica,51022,Alto Araguaia,MT,2018,3,183,41128,0,0.012248057963395183,-0.012248057963395183,0,0,TRUE,181
P. vivax,paper_replica,11001,Porto Velho,RO,2019,1,193,676286,82.21373797476215,80.01484156988353,2.1988964048786244,29.628736954483756,746.6330812703495,TRUE,193
P. vivax,paper_replica,11001,Porto Velho,RO,2019,2,194,676286,104.54156969092958,72.69625381813752,31.845315872792057,19.115433411308235,682.9322209834293,TRUE,193
P. vivax,paper_replica,11001,Porto Velho,RO,2019,3,195,676286,88.42412825343123,72.94636247766415,15.477765775767082,16.62388397808028,782.1764756330899,TRUE,193
P. vivax,paper_replica,11002,Guajará-Mirim,RO,2019,1,193,84771,34.20981231789173,35.40689331092063,-1.197080993028898,3.538946101850869,394.2975781812174,TRUE,193
P. vivax,paper_replica,11002,Guajará-Mirim,RO,2019,2,194,84771,25.952271413573037,32.16842227795291,-6.21615086437987,2.3592974012339125,353.00987365962175,TRUE,193
P. vivax,paper_replica,11002,Guajará-Mirim,RO,2019,3,195,84771,30.670866216040864,32.27912782109124,-1.608261605050373,7.018909768670893,358.6721874225855,TRUE,193
P. vivax,paper_replica,11003,Ariquemes,RO,2019,1,193,206332,50.88885873252816,59.12183961491594,-8.232980882387778,13.800573832464185,719.3261345792217,TRUE,193
P. vivax,paper_replica,11003,Ariquemes,RO,2019,2,194,206332,50.40420293507551,53.714254090154895,-3.3100511550793854,15.2303084349495,545.080259000058,TRUE,193
P. vivax,paper_replica,11003,Ariquemes,RO,2019,3,195,206332,54.2814493146967,53.8990705860404,0.38237872865629896,12.298140860360974,557.0149080123291,TRUE,193
P. vivax,paper_replica,11004,Ji-Paraná,RO,2019,1,193,294493,6.791332900951804,8.072130641356424,-1.2807977404046191,1.0186999351427708,80.09528240060023,TRUE,193
P. vivax,paper_replica,11004,Ji-Paraná,RO,2019,2,194,294493,7.130899545999395,7.333818095141002,-0.20291854914160634,1.1799940915403768,68.44814647546798,TRUE,193
P. vivax,paper_replica,11004,Ji-Paraná,RO,2019,3,195,294493,6.112199610856625,7.359058382598821,-1.246858771742196,1.697833225237951,67.57376236447045,TRUE,193
P. vivax,paper_replica,11005,Alvorada D'Oeste,RO,2019,1,193,69746,0,5.103202413071919,-5.103202413071919,0,55.98887391391614,TRUE,193
P. vivax,paper_replica,11005,Alvorada D'Oeste,RO,2019,2,194,69746,5.735095919479253,4.636460848308535,1.098635071170718,0,58.17537923321758,TRUE,193
P. vivax,paper_replica,11005,Alvorada D'Oeste,RO,2019,3,195,69746,4.30132193960944,4.652437169503525,-0.35111522989408517,0,47.31454133570384,TRUE,193
P. vivax,paper_replica,11006,Cacoal,RO,2019,1,193,236722,2.112182222184672,3.867607405188433,-1.7554251830037608,0,40.237071332617916,TRUE,193
P. vivax,paper_replica,11006,Cacoal,RO,2019,2,194,236722,1.6897457777477378,3.5138650880941396,-1.8241193103464017,0.20065731110754448,40.796799621496916,TRUE,193
P. vivax,paper_replica,11006,Cacoal,RO,2019,3,195,236722,1.6897457777477378,3.525963934466463,-1.836218156718725,0,38.90639653264163,TRUE,193
P. vivax,paper_replica,11007,Vilhena,RO,2019,1,193,161798,3.090273056527275,2.610515565113181,0.4797574914140941,0,26.344577806894947,TRUE,193
P. vivax,paper_replica,11007,Vilhena,RO,2019,2,194,161798,7.41665533566546,2.3717558117606337,5.044899523904826,0,23.192499289237183,TRUE,193
P. vivax,paper_replica,11007,Vilhena,RO,2019,3,195,161798,3.70832766783273,2.379927142904264,1.3284005249284663,0,22.280868737561626,TRUE,193
P. vivax,paper_replica,11008,Colorado do Oeste,RO,2019,1,193,47077,4.248359071308707,2.342376475983761,1.905982595324946,0,25.49015442785224,TRUE,193
P. vivax,paper_replica,11008,Colorado do Oeste,RO,2019,2,194,47077,2.1241795356543536,2.128153205852178,-0.003973670197824575,0,30.85370775537944,TRUE,193
P. vivax,paper_replica,11008,Colorado do Oeste,RO,2019,3,195,47077,8.496718142617414,2.1354985179168975,6.361219624700517,0,21.241795356543538,TRUE,193
P. vivax,paper_replica,12001,Cruzeiro do Sul,AC,2019,1,193,157132,825.4206654277932,367.08237068705455,458.33829474073866,87.84015986559072,2794.62490135682,TRUE,193
P. vivax,paper_replica,12001,Cruzeiro do Sul,AC,2019,2,194,157132,560.0386935824657,333.5070436554799,226.53164992698584,79.93279535677011,3231.4073517806683,TRUE,193
P. vivax,paper_replica,12001,Cruzeiro do Sul,AC,2019,3,195,157132,476.0328895450958,334.65446121058324,141.3784283345126,111.54634320189396,3380.5494743273102,TRUE,193
P. vivax,paper_replica,12002,Tarauacá,AC,2019,1,193,85664,1.1673515128875607,22.766641320489814,-21.599289807602254,3.5020545386626822,270.35861038475844,FALSE,193
P. vivax,paper_replica,12002,Tarauacá,AC,2019,2,194,85664,5.836757564437804,20.68431541541857,-14.847557850980767,3.5020545386626822,213.91716473664525,TRUE,193
P. vivax,paper_replica,12002,Tarauacá,AC,2019,3,195,85664,4.669406051550243,20.75551050813238,-16.086104456582138,2.3347030257751213,214.29655397833386,TRUE,193
P. vivax,paper_replica,12003,Sena Madureira,AC,2019,1,193,61847,1.6168933012110531,0.6311049431300498,0.9857883580810033,0,8.084466506055264,TRUE,193
P. vivax,paper_replica,12003,Sena Madureira,AC,2019,2,194,61847,0,0.5733951441079199,-0.5733951441079199,0,6.4675732048442125,TRUE,193
P. vivax,paper_replica,12003,Sena Madureira,AC,2019,3,195,61847,3.2337866024221062,0.5753811733234945,2.658405429098612,0,9.701359807266318,TRUE,193
P. vivax,paper_replica,12004,Rio Branco,AC,2019,1,193,505863,15.419194524999853,9.457282535542351,5.9619119894575014,1.9669357118429305,83.44156421797994,TRUE,193
P. vivax,paper_replica,12004,Rio Branco,AC,2019,2,194,505863,12.651646789743468,8.592274118916457,4.0593726708270115,1.7791378298076752,84.56340946066419,TRUE,193
P. vivax,paper_replica,12004,Rio Branco,AC,2019,3,195,505863,15.616876506089595,8.62184079064147,6.995035715448125,2.0707187519150443,95.63360040168973,TRUE,193
P. vivax,paper_replica,12005,Brasiléia,AC,2019,1,193,71429,2.799983200100799,1.4800902072175592,1.31989299288324,0,15.399907600554396,TRUE,193
P. vivax,paper_replica,12005,Brasiléia,AC,2019,2,194,71429,0,1.3447319835153237,-1.3447319835153237,0,17.53489479063122,TRUE,193
P. vivax,paper_replica,12005,Brasiléia,AC,2019,3,195,71429,0,1.3493766939813545,-1.3493766939813545,0,12.599924400453595,TRUE,193
P. vivax,paper_replica,13001,Rio Negro,AM,2019,1,193,117676,1448.0437812298176,215.97480978865383,1232.0689714411637,56.04371324654135,2246.5710935109955,TRUE,193
P. vivax,paper_replica,13001,Rio Negro,AM,2019,2,194,117676,1045.2428702539175,196.22060144590864,849.0222688080089,53.536829939834796,2011.4551820252177,TRUE,193
P. vivax,paper_replica,13001,Rio Negro,AM,2019,3,195,117676,766.5114381862062,196.8957011405157,569.6157370456905,52.68703898840885,1781.4380162480024,TRUE,193
P. vivax,paper_replica,13002,Japurá,AM,2019,1,193,20979,309.8336431669765,58.69700900819308,251.13663415878344,4.7666714333381,538.872205538872,TRUE,193
P. vivax,paper_replica,13002,Japurá,AM,2019,2,194,20979,467.13380046713377,53.328345752711165,413.8054547144226,7.030840364173704,500.5005005005005,TRUE,193
P. vivax,paper_replica,13002,Japurá,AM,2019,3,195,20979,295.5336288669622,53.511918682415484,242.02171018454672,4.7666714333381,523.7380237380221,TRUE,193
P. vivax,paper_replica,13003,Alto Solimões,AM,2019,1,193,251867,95.68542127392632,59.81993192245203,35.865489351474295,16.40746902134857,651.6137485260052,TRUE,193
P. vivax,paper_replica,13003,Alto Solimões,AM,2019,2,194,251867,77.4218138938408,54.34849311447184,23.073320779368963,17.390130505385784,520.423477470252,TRUE,193
P. vivax,paper_replica,13003,Alto Solimões,AM,2019,3,195,251867,111.16978405269447,54.53548743592704,56.63429661676743,14.27340620247988,483.9855955722653,TRUE,193
P. vivax,paper_replica,13004,Juruá,AM,2019,1,193,152530,190.782141218121,98.93702220382742,91.84511901429359,31.46921916999934,1114.9118206254507,TRUE,193
P. vivax,paper_replica,13004,Juruá,AM,2019,2,194,152530,141.61148626499707,89.88772985200482,51.723756412992245,22.192355602176626,764.2594899364058,TRUE,193
P. vivax,paper_replica,13004,Juruá,AM,2019,3,195,152530,231.42988264603682,90.19700637476002,141.23287627127678,26.19156887169737,912.3615026552147,TRUE,193
P. vivax,paper_replica,13005,Tefé,AM,2019,1,193,89430,276.19367102761936,103.52062054953907,172.67305047808028,19.540422676954044,944.3419434194341,TRUE,193
P. vivax,paper_replica,13005,Tefé,AM,2019,2,194,89430,197.92016101979203,94.05209433258192,103.86806668721012,26.249580677624962,901.4871966901464,TRUE,193
P. vivax,paper_replica,13005,Tefé,AM,2019,3,195,89430,210.22028402102205,94.37570548842814,115.84457853259391,21.776808677177684,941.7421446941739,TRUE,193
P. vivax,paper_replica,13006,Coari,AM,2019,1,193,181118,91.65295553175278,50.4330907200089,41.21986481174388,11.567044689097717,599.1949999447872,TRUE,193
P. vivax,paper_replica,13006,Coari,AM,2019,2,194,181118,102.14335405647147,45.820225607790555,56.32312844868091,13.223423403526983,394.8806855199372,TRUE,193
P. vivax,paper_replica,13006,Coari,AM,2019,3,195,181118,107.11249019975926,45.97788340403034,61.13460679572893,9.91066597466845,389.95295884450934,TRUE,193
P. vivax,paper_replica,13007,Manaus,AM,2019,1,193,2468200,45.49874402398509,27.579467184930778,17.919276839054312,8.856656672879023,272.7979904383758,TRUE,193
P. vivax,paper_replica,13007,Manaus,AM,2019,2,194,2468200,29.13054047483996,25.056900372140337,4.073640102699624,6.254557977473462,232.60068065796918,TRUE,193
P. vivax,paper_replica,13007,Manaus,AM,2019,3,195,2468200,24.835912810955353,25.143106828162946,-0.30719401720759265,7.514585527915079,243.97435378008254,TRUE,193
P. vivax,paper_replica,13008,Rio Preto da Eva,AM,2019,1,193,69626,363.37000545773134,108.85560118278302,254.51440427494833,31.525579524890134,1181.2397667537982,TRUE,193
P. vivax,paper_replica,13008,Rio Preto da Eva,AM,2019,2,194,69626,249.90664406974406,98.89912726938333,151.00751680036075,24.344354120587145,965.3003188464053,TRUE,193
P. vivax,paper_replica,13008,Rio Preto da Eva,AM,2019,3,195,69626,152.2419785712234,99.23942875322426,53.00254981799914,18.671186051187775,1039.9491569241368,TRUE,193
P. vivax,paper_replica,13009,Itacoatiara,AM,2019,1,193,180099,24.986257558342913,15.849934832362107,9.136322725980806,3.886751175742231,158.55168546188457,TRUE,193
P. vivax,paper_replica,13009,Itacoatiara,AM,2019,2,194,180099,18.323255542784803,14.400237831271724,3.9230177115130793,2.4847445016352125,123.90407498098261,TRUE,193
P. vivax,paper_replica,13009,Itacoatiara,AM,2019,3,195,180099,20.544256214637503,14.449799930202467,6.0944562844350365,2.4847445016352125,168.032582079856,TRUE,193
P. vivax,paper_replica,13010,Parintins,AM,2019,1,193,280875,27.41433021806853,6.828956737752584,20.585373480315948,0.8811748998664892,68.76724521584329,TRUE,193
P. vivax,paper_replica,13010,Parintins,AM,2019,2,194,280875,22.429906542056074,6.204351723466283,16.225554818589792,1.068090787716956,59.28793947485536,TRUE,193
P. vivax,paper_replica,13010,Parintins,AM,2019,3,195,280875,20.29372496662216,6.225706309051978,14.068018657570182,1.068090787716956,81.21050289274585,TRUE,193
P. vivax,paper_replica,13011,Boca do Acre,AM,2019,1,193,53734,115.38318383146611,47.5595345069402,67.82364932452592,4.606022257788368,526.8079800498743,TRUE,193
P. vivax,paper_replica,13011,Boca do Acre,AM,2019,2,194,53734,81.88484013845982,43.209525330163316,38.675314808296505,7.444076376223621,420.77641716603995,TRUE,193
P. vivax,paper_replica,13011,Boca do Acre,AM,2019,3,195,53734,119.10522201957794,43.35823754041616,75.74698447916177,7.351025421520831,469.62816838500703,TRUE,193
P. vivax,paper_replica,13012,Purus,AM,2019,1,193,78854,265.0467953432927,136.5295682719077,128.51722707138498,37.98158622263931,1985.9170111852231,TRUE,193
P. vivax,paper_replica,13012,Purus,AM,2019,2,194,78854,291.67829152611154,124.04187167982677,167.63641984628475,27.836254343470213,1457.0915869835376,TRUE,193
P. vivax,paper_replica,13012,Purus,AM,2019,3,195,78854,398.2042762573871,124.46867142260142,273.7356048347857,50.72665939584548,1687.929591396754,TRUE,193
P. vivax,paper_replica,13013,Madeira,AM,2019,1,193,199609,114.22330656433327,60.154454562643984,54.06885200168929,16.98320216022324,619.3984239187607,TRUE,193
P. vivax,paper_replica,13013,Madeira,AM,2019,2,194,199609,97.69098587739029,54.65241886085188,43.03856701653841,17.459132604241297,473.77623253460433,TRUE,193
P. vivax,paper_replica,13013,Madeira,AM,2019,3,195,199609,105.70665651348386,54.84046162201235,50.866194891471515,12.52448536889619,473.463120400382,TRUE,193
P. vivax,paper_replica,14001,Boa Vista,RR,2019,1,193,444920,275.77991549042525,36.75153892733918,239.02837656308606,5.939269981120201,339.51047379304134,TRUE,193
P. vivax,paper_replica,14001,Boa Vista,RR,2019,2,194,444920,262.5191045581228,33.3900521074824,229.12905245064042,9.39494740627529,317.3042344691179,TRUE,193
P. vivax,paper_replica,14001,Boa Vista,RR,2019,3,195,444920,251.73064820641915,33.50493563161804,218.2257125748011,7.630585273757081,294.15400521441984,TRUE,193
P. vivax,paper_replica,14002,Nordeste de Roraima,RR,2019,1,193,52593,844.2188123894814,89.28889091123105,754.9299214782503,17.92063582606051,754.9483771604584,FALSE,193
P. vivax,paper_replica,14002,Nordeste de Roraima,RR,2019,2,194,52593,614.1501720761319,81.12211569673319,533.0280563793987,15.116080086703558,864.3735858384184,TRUE,193
P. vivax,paper_replica,14002,Nordeste de Roraima,RR,2019,3,195,52593,538.0944232122146,81.40126986327024,456.6931533489443,23.719886676934195,596.9900937387097,TRUE,193
P. vivax,paper_replica,14003,Caracaraí,RR,2019,1,193,51729,771.3274952154497,113.27560600192125,658.0518892135285,25.13097102205726,1131.1836687351388,TRUE,193
P. vivax,paper_replica,14003,Caracaraí,RR,2019,2,194,51729,601.2101529122929,102.91485654143747,498.2952963708554,27.98236965725222,913.5591254422084,TRUE,193
P. vivax,paper_replica,14003,Caracaraí,RR,2019,3,195,51729,473.62214618492527,103.2689809040454,370.35316528087986,33.7818245084962,1128.2356125190895,TRUE,193
P. vivax,paper_replica,14004,Sudeste de Roraima,RR,2019,1,193,56519,1072.2058068967958,115.65090316816139,956.5549037286344,36.13828977865852,1408.7298076752897,TRUE,193
P. vivax,paper_replica,14004,Sudeste de Roraima,RR,2019,2,194,56519,980.201348219183,105.07289339073739,875.1284548284457,26.36281604416215,964.7198287301611,FALSE,193
P. vivax,paper_replica,14004,Sudeste de Roraima,RR,2019,3,195,56519,819.1935455333605,105.4344345733747,713.7591109599858,28.132132557193167,1026.5574408605953,TRUE,193
P. vivax,paper_replica,15001,Óbidos,PA,2019,1,193,209139,23.429393848110585,3.410409251053616,20.01898459705697,0,36.81761890417378,TRUE,193
P. vivax,paper_replica,15001,Óbidos,PA,2019,2,194,209139,20.560488478954188,3.098487160769448,17.46200131818474,0,37.11646321346085,TRUE,193
P. vivax,paper_replica,15001,Óbidos,PA,2019,3,195,209139,17.69158310979779,3.109160634309158,14.582422475488633,0,24.409603182572333,TRUE,193
P. vivax,paper_replica,15002,Santarém,PA,2019,1,193,528467,31.60083789527066,5.739270215913265,25.861567679357396,1.4144686423182526,56.876777547131596,TRUE,193
P. vivax,paper_replica,15002,Santarém,PA,2019,2,194,528467,23.842548352120378,5.214331343693967,18.62821700842641,1.0360154938718975,54.03837893378376,TRUE,193
P. vivax,paper_replica,15002,Santarém,PA,2019,3,195,528467,15.70580566052374,5.232276987292189,10.473528673231552,0.7569062968927104,45.532644422452094,TRUE,193
P. vivax,paper_replica,15003,Almeirim,PA,2019,1,193,75244,17.277125086385624,11.136053944186981,6.141071142198642,0,138.4828026154907,TRUE,193
P. vivax,paper_replica,15003,Almeirim,PA,2019,2,194,75244,19.935144330444952,10.117526741858905,9.817617588586048,0,130.44229440221127,TRUE,193
P. vivax,paper_replica,15003,Almeirim,PA,2019,3,195,75244,6.645048110148317,10.152368871534879,-3.507320761386562,0,91.90101536335105,TRUE,193
P. vivax,paper_replica,15004,Portel,PA,2019,1,193,153746,310.25197403509685,26.545719675864824,283.70625435923205,5.512338532384582,304.1867755909095,FALSE,193
P. vivax,paper_replica,15004,Portel,PA,2019,2,194,153746,318.05705514289804,24.117739646934695,293.93931549596334,3.837498211335583,238.86800306999845,FALSE,193
P. vivax,paper_replica,15004,Portel,PA,2019,3,195,153746,326.5125596763493,24.200742620568445,302.31181705578086,4.861915106734485,254.03912947328706,FALSE,193
P. vivax,paper_replica,15005,Furos de Breves,PA,2019,1,193,232284,276.3858035852663,105.8268845149994,170.55891907026688,35.93661207831792,1160.8526631192842,TRUE,193
P. vivax,paper_replica,15005,Furos de Breves,PA,2019,2,194,232284,333.6432987205318,96.14740090434718,237.4958978161846,28.844001308742747,1092.1006182087444,TRUE,193
P. vivax,paper_replica,15005,Furos de Breves,PA,2019,3,195,232284,341.82294088271254,96.47819980443167,245.3447410782809,27.96146097019166,1229.7769110227127,TRUE,193
P. vivax,paper_replica,15006,Arari,PA,2019,1,193,178169,16.837945995094547,7.499834865552407,9.338111129542138,1.1225297330063029,73.28715994364897,TRUE,193
P. vivax,paper_replica,15006,Arari,PA,2019,2,194,178169,15.15415139558509,6.813879648550638,8.340271747034453,0,70.77549966604735,TRUE,193
P. vivax,paper_replica,15006,Arari,PA,2019,3,195,178169,24.695654126138667,6.837338391854152,17.858315734284517,0.5612648665031514,62.623127480089096,TRUE,193
P. vivax,paper_replica,15007,Belém,PA,2019,1,193,2363360,1.3116918285830343,0.659864380665709,0.6518274479173254,0.10472378308848426,6.941388531582152,TRUE,193
P. vivax,paper_replica,15007,Belém,PA,2019,2,194,2363360,1.6078803060050098,0.5995106862328765,1.0083696197721332,0.04231263963171079,5.099730891611941,TRUE,193
P. vivax,paper_replica,15007,Belém,PA,2019,3,195,2363360,1.4386297474781666,0.6015743477179587,0.8370553997602079,0.08462527926342157,5.680471870557163,TRUE,193
P. vivax,paper_replica,15008,Castanhal,PA,2019,1,193,343919,0.581532279402999,0.7288147331559988,-0.14728245375299975,0,7.131039576179268,TRUE,193
P. vivax,paper_replica,15008,Castanhal,PA,2019,2,194,343919,0.581532279402999,0.662158727049446,-0.080626447646447,0,6.687621213134488,TRUE,193
P. vivax,paper_replica,15008,Castanhal,PA,2019,3,195,343919,0.8722984191044986,0.6644420233828358,0.2078563957216628,0,10.038700973194263,TRUE,193
P. vivax,paper_replica,15009,Salgado,PA,2019,1,193,271823,1.471545822097468,3.0308913367907584,-1.5593455146932904,0,30.534575808522458,TRUE,193
P. vivax,paper_replica,15009,Salgado,PA,2019,2,194,271823,0,2.753680914558287,-2.753680914558287,0,31.50027775427388,TRUE,193
P. vivax,paper_replica,15009,Salgado,PA,2019,3,195,271823,0.735772911048734,2.763167225093113,-2.027394314044379,0,26.405050345261344,TRUE,193
P. vivax,paper_replica,15010,Bragantina,PA,2019,1,193,424088,0,1.6690295169092795,-1.6690295169092795,0,14.195167040802808,TRUE,193
P. vivax,paper_replica,15010,Bragantina,PA,2019,2,194,424088,0,1.516379647257344,-1.516379647257344,0,13.811991850747942,TRUE,193
P. vivax,paper_replica,15010,Bragantina,PA,2019,3,195,424088,0.235800116956858,1.5216051991682502,-1.2858050822113922,0,12.509196204561308,TRUE,193
P. vivax,paper_replica,15011,Cametá,PA,2019,1,193,498315,256.86563719735506,5.1093196600224084,251.75631753733265,0.6973500697350073,42.046697370137366,FALSE,193
P. vivax,paper_replica,15011,Cametá,PA,2019,2,194,498315,211.51279812969707,4.642003422357798,206.8707947073393,0.8980263487954409,47.354584951285744,FALSE,193
P. vivax,paper_replica,15011,Cametá,PA,2019,3,195,498315,221.1452595245979,4.657983032355568,216.48727649224233,0.6020288371813011,38.67533588192204,FALSE,193
P. vivax,paper_replica,15012,Tomé-Açu,PA,2019,1,193,340789,1.1737468052079145,3.692367134261148,-2.5186203290532334,0.43281913442041886,28.771468562658995,TRUE,193
P. vivax,paper_replica,15012,Tomé-Açu,PA,2019,2,194,340789,1.4671835065098933,3.3546543963968083,-1.887470889886915,0.29343670130197863,36.69425949781242,TRUE,193
P. vivax,paper_replica,15012,Tomé-Açu,PA,2019,3,195,340789,0.5868734026039573,3.3662070615654813,-2.779333658961524,0.13938243311844026,30.715486708784567,TRUE,193
P. vivax,paper_replica,15013,Guamá,PA,2019,1,193,483723,0.8269195386615893,5.088804539353389,-4.2618850006918,1.2300428137591148,54.99014932099569,FALSE,193
P. vivax,paper_replica,15013,Guamá,PA,2019,2,194,483723,0,4.623366940575497,-4.623366940575497,0.6201896539961921,52.607587400226805,FALSE,193
P. vivax,paper_replica,15013,Guamá,PA,2019,3,195,483723,0.20672988466539732,4.639285035231581,-4.432555150566184,1.0336494233269866,59.55887977210077,FALSE,193
P. vivax,paper_replica,15014,Itaituba,PA,2019,1,193,221135,179.5283424152667,71.59971867288787,107.92862374237883,17.636285526940558,623.5444411784655,TRUE,193
P. vivax,paper_replica,15014,Itaituba,PA,2019,2,194,221135,160.98763198950866,65.05083014620249,95.93680184330617,21.446175413209126,653.9218124674971,TRUE,193
P. vivax,paper_replica,15014,Itaituba,PA,2019,3,195,221135,150.58674565310784,65.27464065772834,85.3121049953795,17.16146245506139,716.315825174666,TRUE,193
P. vivax,paper_replica,15015,Altamira,PA,2019,1,193,309141,18.438188399468203,27.62689145965413,-9.188703060185926,6.146062799822735,286.7704380848868,TRUE,193
P. vivax,paper_replica,15015,Altamira,PA,2019,2,194,309141,21.672958294111748,25.100002350734243,-3.4270440566224956,5.175631831429671,202.13268379153837,TRUE,193
P. vivax,paper_replica,15015,Altamira,PA,2019,3,195,309141,16.820803452146432,25.186369152459417,-8.365565700312985,5.806411960885163,259.25063320620677,TRUE,193
P. vivax,paper_replica,15016,Tucuruí,PA,2019,1,193,384726,29.89140323243035,23.54939060790173,6.342012624528618,7.1284498578208915,207.67377302287852,TRUE,193
P. vivax,paper_replica,15016,Tucuruí,PA,2019,2,194,384726,22.353571112947915,21.39544895030072,0.958122162647193,5.3219694016001,249.24231790936904,TRUE,193
P. vivax,paper_replica,15016,Tucuruí,PA,2019,3,195,384726,12.216486538471536,21.46906970604491,-9.252583167573373,5.965284384211101,236.98684258407263,TRUE,193
P. vivax,paper_replica,15017,Paragominas,PA,2019,1,193,349321,5.4391233278274145,8.375327693711041,-2.9362043658836265,1.8535959761938166,82.83212288983476,TRUE,193
P. vivax,paper_replica,15017,Paragominas,PA,2019,2,194,349321,4.86658403016137,7.609290908300358,-2.7427068781389883,1.7176178929981307,80.42030109841653,TRUE,193
P. vivax,paper_replica,15017,Paragominas,PA,2019,3,195,349321,2.290157190664174,7.635485562240629,-5.345328371576455,0.9947870296947511,108.22424074132387,TRUE,193
P. vivax,paper_replica,15018,São Félix do Xingu,PA,2019,1,193,217674,15.619688157519962,4.126980051809509,11.492708105710452,0.45940259286823415,42.04682231226512,TRUE,193
P. vivax,paper_replica,15018,São Félix do Xingu,PA,2019,2,194,217674,12.403870007442322,3.749517354462673,8.654352652979648,0,33.99579187224933,TRUE,193
P. vivax,paper_replica,15018,São Félix do Xingu,PA,2019,3,195,217674,8.728649264496449,3.7624308862727776,4.966218378223671,0,37.6710126151952,TRUE,193
P. vivax,paper_replica,15019,Parauapebas,PA,2019,1,193,324525,1.2325706802249443,1.63738572940234,-0.40481504917739564,0,19.26662044526615,TRUE,193
P. vivax,paper_replica,15019,Parauapebas,PA,2019,2,194,324525,1.5407133502811803,1.4876284571683178,0.053084893112862463,0,14.174562822586857,TRUE,193
P. vivax,paper_replica,15019,Parauapebas,PA,2019,3,195,324525,0.924428010168708,1.4927532299746957,-0.5683252198059877,0,17.72590709498497,TRUE,193
P. vivax,paper_replica,15020,Marabá,PA,2019,1,193,333871,0.8985506378211945,3.8707625959930443,-2.97221195817185,0.5990337585474629,47.024150045975844,TRUE,193
P. vivax,paper_replica,15020,Marabá,PA,2019,2,194,333871,0,3.516732763863814,-3.516732763863814,0.29951687927373144,41.94733894228608,FALSE,193
P. vivax,paper_replica,15020,Marabá,PA,2019,3,195,333871,0.29951687927373144,3.5288419236436077,-3.2293250443698764,0,41.535503233284665,TRUE,193
P. vivax,paper_replica,15021,Redenção,PA,2019,1,193,196972,0.507686371667039,1.4175975111615384,-0.9099111394944994,0,20.865909875515257,TRUE,193
P. vivax,paper_replica,15021,Redenção,PA,2019,2,194,196972,0,1.2879453256582898,-1.2879453256582898,0,15.255975468594498,TRUE,193
P. vivax,paper_replica,15021,Redenção,PA,2019,3,195,196972,1.015372743334078,1.2923856153560571,-0.2770128720219791,0,15.497126495136353,TRUE,193
P. vivax,paper_replica,15022,Conceição do Araguaia,PA,2019,1,193,162434,0,1.8679357059555823,-1.8679357059555823,0,20.931578364135586,TRUE,193
P. vivax,paper_replica,15022,Conceição do Araguaia,PA,2019,2,194,162434,0,1.6971013276357882,-1.6971013276357882,0,21.639558220569498,TRUE,193
P. vivax,paper_replica,15022,Conceição do Araguaia,PA,2019,3,195,162434,0,1.7029565885959768,-1.7029565885959768,0,20.639151901695442,TRUE,193
P. vivax,paper_replica,16001,Oiapoque,AP,2019,1,193,38387,375.1269961184776,255.00106092998456,120.12593518849306,62.52116601974627,3286.7246724151373,TRUE,193
P. vivax,paper_replica,16001,Oiapoque,AP,2019,2,194,38387,364.70680178185324,231.67736014806474,133.0294416337885,58.41821449970043,2627.647380623648,TRUE,193
P. vivax,paper_replica,16001,Oiapoque,AP,2019,3,195,38387,369.91689895016543,232.47449995341452,137.4423989967509,61.15351551306432,2272.05824888634,TRUE,193
P. vivax,paper_replica,16002,Amapá,AP,2019,1,193,31544,98.27542480344916,41.08170865861448,57.193716144834674,0,443.98300786203384,TRUE,193
P. vivax,paper_replica,16002,Amapá,AP,2019,2,194,31544,19.0210499619579,37.324231300451835,-18.303181338493935,6.3403499873193,431.6193253867609,TRUE,193
P. vivax,paper_replica,16002,Amapá,AP,2019,3,195,31544,38.0420999239158,37.45270898986852,0.5893909340472803,0,444.775551610448,TRUE,193
P. vivax,paper_replica,16003,Macapá,AP,2019,1,193,687827,143.34999934576572,27.81294027220124,115.53705907356448,9.082952544753258,320.4584873812746,TRUE,193
P. vivax,paper_replica,16003,Macapá,AP,2019,2,194,687827,101.47900562205321,25.269021675288638,76.20998394676457,7.48371320113924,269.0102307702369,TRUE,193
P. vivax,paper_replica,16003,Macapá,AP,2019,3,195,687827,82.28813349868499,25.355960047286207,56.93217345139878,7.538232724216991,259.1967166162416,TRUE,193
P. vivax,paper_replica,16004,Mazagão,AP,2019,1,193,87973,405.80632694122056,49.03133374282592,356.77499319839467,9.633637593352507,671.1718368135663,TRUE,193
P. vivax,paper_replica,16004,Mazagão,AP,2019,2,194,87973,245.52987848544439,44.546692381509,200.9831861039354,7.956986802769031,484.75100314869184,TRUE,193
P. vivax,paper_replica,16004,Mazagão,AP,2019,3,195,87973,226.2057676787196,44.699979027108284,181.50578865161134,7.360212792561356,477.53287940618134,TRUE,193
P. vivax,paper_replica,17001,Bico do Papagaio,TO,2019,1,193,215893,0.9263848295220317,0.35549746924491177,0.57088736027712,0,4.875100165359681,TRUE,193
P. vivax,paper_replica,17001,Bico do Papagaio,TO,2019,2,194,215893,0,0.32298690771649846,-0.32298690771649846,0,3.242346903327111,TRUE,193
P. vivax,paper_replica,17001,Bico do Papagaio,TO,2019,3,195,215893,0,0.3241029817094049,-0.3241029817094049,0,4.6319241476101585,TRUE,193
P. vivax,paper_replica,17002,Araguaína,TO,2019,1,193,319685,0.6256158405930838,0.2167187379783582,0.40889710261472567,0,2.8152712826688773,TRUE,193
P. vivax,paper_replica,17002,Araguaína,TO,2019,2,194,319685,0.3128079202965419,0.196900086335492,0.11590783396104992,0,2.5024633623723354,TRUE,193
P. vivax,paper_replica,17002,Araguaína,TO,2019,3,195,319685,0,0.1975809356646925,-0.1975809356646925,0,2.8152712826688773,TRUE,193
P. vivax,paper_replica,17003,Miracema do Tocantins,TO,2019,1,193,149165,0,0.23593241199466186,-0.23593241199466186,0,3.351992759695639,TRUE,193
P. vivax,paper_replica,17003,Miracema do Tocantins,TO,2019,2,194,149165,0,0.21435893894006974,-0.21435893894006974,0,2.681594207756511,TRUE,193
P. vivax,paper_replica,17003,Miracema do Tocantins,TO,2019,3,195,149165,0,0.215102344932927,-0.215102344932927,0,3.351992759695639,TRUE,193
P. vivax,paper_replica,17004,Rio Formoso,TO,2019,1,193,127871,0,0.15734578391948792,-0.15734578391948792,0,2.346114443462552,TRUE,193
P. vivax,paper_replica,17004,Rio Formoso,TO,2019,2,194,127871,0,0.14295956686078454,-0.14295956686078454,0,1.9746463232476303,TRUE,193
P. vivax,paper_replica,17004,Rio Formoso,TO,2019,3,195,127871,0,0.143456545244401,-0.143456545244401,0,2.756684471068481,TRUE,193
P. vivax,paper_replica,17005,Gurupi,TO,2019,1,193,150776,0,0.043439316437870454,-0.043439316437870454,0,0.6632355282007747,TRUE,193
P. vivax,paper_replica,17005,Gurupi,TO,2019,2,194,150776,0,0.03946958796344933,-0.03946958796344933,0,0.6632355282007747,TRUE,193
P. vivax,paper_replica,17005,Gurupi,TO,2019,3,195,150776,0,0.039608829639914946,-0.039608829639914946,0,1.0114341805061664,TRUE,193
P. vivax,paper_replica,17006,Porto Nacional,TO,2019,1,193,404882,0,0.1253517521820934,-0.1253517521820934,0,1.4819132487984155,TRUE,193
P. vivax,paper_replica,17006,Porto Nacional,TO,2019,2,194,404882,0,0.11388915312947066,-0.11388915312947066,0,1.4819132487984155,TRUE,193
P. vivax,paper_replica,17006,Porto Nacional,TO,2019,3,195,404882,0,0.11428367382483873,-0.11428367382483873,0,1.3645951166018686,TRUE,193
P. vivax,paper_replica,17007,Jalapão,TO,2019,1,193,80184,0,0.007226170104626874,-0.007226170104626874,0,0,TRUE,193
P. vivax,paper_replica,17007,Jalapão,TO,2019,2,194,80184,0,0.00656830975835871,-0.00656830975835871,0,0,TRUE,193
P. vivax,paper_replica,17007,Jalapão,TO,2019,3,195,80184,0,0.0065938307625249435,-0.0065938307625249435,0,0,TRUE,193
P. vivax,paper_replica,17008,Dianópolis,TO,2019,1,193,124410,0,0.012407352248869935,-0.012407352248869935,0,0,TRUE,193
P. vivax,paper_replica,17008,Dianópolis,TO,2019,2,194,124410,0,0.011275220638138248,-0.011275220638138248,0,0.8037939072421831,TRUE,193
P. vivax,paper_replica,17008,Dianópolis,TO,2019,3,195,124410,0,0.011316613238106505,-0.011316613238106505,0,0.8037939072421831,TRUE,193
P. vivax,paper_replica,21001,Litoral Ocidental Maranhense,MA,2019,1,193,191282,0,1.3515075179233733,-1.3515075179233733,0,12.821384134419326,TRUE,193
P. vivax,paper_replica,21001,Litoral Ocidental Maranhense,MA,2019,2,194,191282,0,1.2279013636730505,-1.2279013636730505,0,14.38974916615258,TRUE,193
P. vivax,paper_replica,21001,Litoral Ocidental Maranhense,MA,2019,3,195,191282,0,1.232136352336094,-1.232136352336094,0,14.938676927259195,TRUE,193
P. vivax,paper_replica,21002,Aglomeração Urbana de São Luís,MA,2019,1,193,1432529,0.20941984420559723,0.14590656506265148,0.06351327914294574,0,1.8551107865879106,TRUE,193
P. vivax,paper_replica,21002,Aglomeração Urbana de São Luís,MA,2019,2,194,1432529,0,0.13256234606936868,-0.13256234606936868,0,1.3961322947039814,TRUE,193
P. vivax,paper_replica,21002,Aglomeração Urbana de São Luís,MA,2019,3,195,1432529,0.06980661473519907,0.13301961706718754,-0.06321300233198847,0,1.745165368379977,TRUE,193
P. vivax,paper_replica,21003,Rosário,MA,2019,1,193,178491,0,0.6490469639922024,-0.6490469639922024,0,6.723028051834547,TRUE,193
P. vivax,paper_replica,21003,Rosário,MA,2019,2,194,178491,0,0.5896898059213433,-0.5896898059213433,0,6.1627757141816675,TRUE,193
P. vivax,paper_replica,21003,Rosário,MA,2019,3,195,178491,0,0.5917264567775105,-0.5917264567775105,0,7.283280389487425,TRUE,193
P. vivax,paper_replica,21004,Lençóis Maranhenses,MA,2019,1,193,197301,0,0.21960669891823403,-0.21960669891823403,0,3.041038818860523,TRUE,193
P. vivax,paper_replica,21004,Lençóis Maranhenses,MA,2019,2,194,197301,0,0.19952576991077198,-0.19952576991077198,0,2.5341990157171024,TRUE,193
P. vivax,paper_replica,21004,Lençóis Maranhenses,MA,2019,3,195,197301,0,0.20021745177923372,-0.20021745177923372,0,2.8002899123673863,TRUE,193
P. vivax,paper_replica,21005,Baixada Maranhense,MA,2019,1,193,604575,0.6616218004383244,1.360587542347809,-0.6989657419094847,0,12.736219658437744,TRUE,193
P. vivax,paper_replica,21005,Baixada Maranhense,MA,2019,2,194,604575,0.9924327006574866,1.2361448771916919,-0.2437121765342053,0,13.153868419964434,TRUE,193
P. vivax,paper_replica,21005,Baixada Maranhense,MA,2019,3,195,604575,0.4962163503287433,1.2404014811352315,-0.7441851308064882,0,11.830624819087785,TRUE,193
P. vivax,paper_replica,21006,Itapecuru Mirim,MA,2019,1,193,236106,0,0.2996943725406076,-0.2996943725406076,0,4.457743555860494,TRUE,193
P. vivax,paper_replica,21006,Itapecuru Mirim,MA,2019,2,194,236106,0,0.27228800867191866,-0.27228800867191866,0,3.3883086410341114,TRUE,193
P. vivax,paper_replica,21006,Itapecuru Mirim,MA,2019,3,195,236106,0,0.2732301444664814,-0.2732301444664814,0,3.6106663956019656,TRUE,193
P. vivax,paper_replica,21007,Gurupi,MA,2019,1,193,241976,1.6530565014712202,7.802988043520013,-6.149931542048793,1.2397923761034153,69.66599993387771,TRUE,193
P. vivax,paper_replica,21007,Gurupi,MA,2019,2,194,241976,1.6530565014712202,7.089297978359548,-5.436241476888328,1.0228287102853182,67.50669487883083,TRUE,193
P. vivax,paper_replica,21007,Gurupi,MA,2019,3,195,241976,3.3061130029424404,7.113700029573385,-3.807587026630945,1.0228287102853182,59.72699771878202,TRUE,193
P. vivax,paper_replica,21008,Pindaré,MA,2019,1,193,666083,6.155389043107241,2.501294612836129,3.654094430271112,0.22144387411178507,30.37159032733154,TRUE,193
P. vivax,paper_replica,21008,Pindaré,MA,2019,2,194,666083,2.8524973614399407,2.27251610566157,0.5799812557783706,0.3002628801515727,24.786700756512314,TRUE,193
P. vivax,paper_replica,21008,Pindaré,MA,2019,3,195,666083,3.0026288015157268,2.280337873074792,0.7222909284409349,0.3002628801515727,21.585147796896145,TRUE,193
P. vivax,paper_replica,21009,Imperatriz,MA,2019,1,193,600199,1.332891257732852,0.6455447204496271,0.6873465372832249,0,7.847397279902149,TRUE,193
P. vivax,paper_replica,21009,Imperatriz,MA,2019,2,194,600199,0.999668443299639,0.5865024316755141,0.4131660116241249,0,5.260755182864338,TRUE,193
P. vivax,paper_replica,21009,Imperatriz,MA,2019,3,195,600199,0.8330570360830324,0.5885229869649264,0.24453404911810595,0,6.751927277452974,TRUE,193
P. vivax,paper_replica,21010,Médio Mearim,MA,2019,1,193,424583,1.6486764660855475,0.7272067344214811,0.9214697316640664,0,8.861636005209792,TRUE,193
P. vivax,paper_replica,21010,Médio Mearim,MA,2019,2,194,424583,1.1776260472039626,0.6606960412382921,0.5169300059656705,0,7.313057753136596,TRUE,193
P. vivax,paper_replica,21010,Médio Mearim,MA,2019,3,195,424583,1.6486764660855475,0.6629725616399229,0.9857039044456246,0,8.367033065384149,TRUE,193
P. vivax,paper_replica,21011,Alto Mearim e Grajaú,MA,2019,1,193,336315,2.3787223287691597,0.9349066662721126,1.443815662497047,0,8.48163180351753,TRUE,193
P. vivax,paper_replica,21011,Alto Mearim e Grajaú,MA,2019,2,194,336315,4.757444657538319,0.8493998160381294,3.90804484150019,0,8.778972094613675,TRUE,193
P. vivax,paper_replica,21011,Alto Mearim e Grajaú,MA,2019,3,195,336315,4.460104366442175,0.8523268377114194,3.607777528730755,0,9.514889315076639,TRUE,193
P. vivax,paper_replica,21012,Presidente Dutra,MA,2019,1,193,199535,2.0046608364447343,0.45285456350146763,1.5518062729432667,0,5.512817300223019,TRUE,193
P. vivax,paper_replica,21012,Presidente Dutra,MA,2019,2,194,199535,1.0023304182223671,0.41143972033878945,0.5908906978835777,0,7.041371188012105,TRUE,193
P. vivax,paper_replica,21012,Presidente Dutra,MA,2019,3,195,199535,0.5011652091111836,0.4128606676940106,0.08830454141717298,0,6.277094244117562,TRUE,193
P. vivax,paper_replica,21013,Baixo Parnaíba Maranhense,MA,2019,1,193,146372,0.6831907741917853,0.3446567167293088,0.3385340574624765,0,5.141010575793169,TRUE,193
P. vivax,paper_replica,21013,Baixo Parnaíba Maranhense,MA,2019,2,194,146372,0.6831907741917853,0.3131391547123065,0.3700516194794788,0,4.457819801601383,TRUE,193
P. vivax,paper_replica,21013,Baixo Parnaíba Maranhense,MA,2019,3,195,146372,0,0.3142227410079683,-0.3142227410079683,0,3.4159538709589263,TRUE,193
P. vivax,paper_replica,21014,Chapadinha,MA,2019,1,193,245029,0.4081149578213191,0.21907625739488645,0.18903870042643267,0,2.662950099784098,TRUE,193
P. vivax,paper_replica,21014,Chapadinha,MA,2019,2,194,245029,0,0.19904253614833267,-0.19904253614833267,0,2.254835141962779,TRUE,193
P. vivax,paper_replica,21014,Chapadinha,MA,2019,3,195,245029,0,0.19973133800533655,-0.19973133800533655,0,2.856804704749234,TRUE,193
P. vivax,paper_replica,21015,Codó,MA,2019,1,193,278462,0.7182308537610158,0.3770526284333182,0.3411782253276976,0,5.3867314032076195,TRUE,193
P. vivax,paper_replica,21015,Codó,MA,2019,2,194,278462,0.3591154268805079,0.3425697203842425,0.01654570649626541,0,4.309385122566095,TRUE,193
P. vivax,paper_replica,21015,Codó,MA,2019,3,195,278462,0,0.343753041850647,-0.343753041850647,0,4.309385122566095,TRUE,193
P. vivax,paper_replica,21016,Coelho Neto,MA,2019,1,193,93840,0,0.05416579677407916,-0.05416579677407916,0,1.0656436487638534,TRUE,193
P. vivax,paper_replica,21016,Coelho Neto,MA,2019,2,194,93840,0,0.04921677216308373,-0.04921677216308373,0,1.0656436487638534,TRUE,193
P. vivax,paper_replica,21016,Coelho Neto,MA,2019,3,195,93840,0,0.04939110901146174,-0.04939110901146174,0,1.0656436487638534,TRUE,193
P. vivax,paper_replica,21017,Caxias,MA,2019,1,193,445103,0,0.11313354809599793,-0.11313354809599793,0,1.572669696676949,TRUE,193
P. vivax,paper_replica,21017,Caxias,MA,2019,2,194,445103,0.2246670995252784,0.10278772274800421,0.1218793767772742,0,1.4659528244024367,TRUE,193
P. vivax,paper_replica,21017,Caxias,MA,2019,3,195,445103,0,0.10314326752785473,-0.10314326752785473,0,1.123335497626392,TRUE,193
P. vivax,paper_replica,21018,Chapadas do Alto Itapecuru,MA,2019,1,193,221411,0,0.11207618775883993,-0.11207618775883993,0,1.3549462312170577,TRUE,193
P. vivax,paper_replica,21018,Chapadas do Alto Itapecuru,MA,2019,2,194,221411,0,0.10182834232834172,-0.10182834232834172,0,1.5920618216800326,TRUE,193
P. vivax,paper_replica,21018,Chapadas do Alto Itapecuru,MA,2019,3,195,221411,0,0.10218202130869694,-0.10218202130869694,0,1.8065949749560772,TRUE,193
P. vivax,paper_replica,21019,Porto Franco,MA,2019,1,193,120372,0,0.24190645875977124,-0.24190645875977124,0,3.759179875718587,TRUE,193
P. vivax,paper_replica,21019,Porto Franco,MA,2019,2,194,120372,0,0.21978713938666478,-0.21978713938666478,0,3.759179875718587,TRUE,193
P. vivax,paper_replica,21019,Porto Franco,MA,2019,3,195,120372,0,0.22054987113239743,-0.22054987113239743,0,2.9284218921343648,TRUE,193
P. vivax,paper_replica,21020,Gerais de Balsas,MA,2019,1,193,143297,0,0.0272773863284966,-0.0272773863284966,0,0.6978513157986559,TRUE,193
P. vivax,paper_replica,21020,Gerais de Balsas,MA,2019,2,194,143297,0,0.024785568772034014,-0.024785568772034014,0,0.6978513157986559,TRUE,193
P. vivax,paper_replica,21020,Gerais de Balsas,MA,2019,3,195,143297,0,0.02487387177817404,-0.02487387177817404,0,0.6978513157986559,TRUE,193
P. vivax,paper_replica,21021,Chapadas das Mangabeiras,MA,2019,1,193,72320,0,0.0181815804414729,-0.0181815804414729,0,0,TRUE,193
P. vivax,paper_replica,21021,Chapadas das Mangabeiras,MA,2019,2,194,72320,0,0.016523251302542265,-0.016523251302542265,0,0,TRUE,193
P. vivax,paper_replica,21021,Chapadas das Mangabeiras,MA,2019,3,195,72320,0,0.016584521216208792,-0.016584521216208792,0,0,TRUE,193
P. vivax,paper_replica,51001,Aripuanã,MT,2019,1,193,169973,23.533149382548995,20.388980457878336,3.144168924670659,4.118301141946073,186.02954586904968,TRUE,193
P. vivax,paper_replica,51001,Aripuanã,MT,2019,2,194,169973,18.23819077147547,18.52410812739017,-0.2859173559147017,5.294958611073524,188.75056626640685,TRUE,193
P. vivax,paper_replica,51001,Aripuanã,MT,2019,3,195,169973,18.826519506039194,18.58785510539067,0.23866440064852412,3.75059568284375,211.79834444294093,TRUE,193
P. vivax,paper_replica,51002,Alta Floresta,MT,2019,1,193,107911,0.9266895867891133,2.1230500039133187,-1.1963604171242053,0,19.02030376884653,TRUE,193
P. vivax,paper_replica,51002,Alta Floresta,MT,2019,2,194,107911,0,1.9288781920282,-1.9288781920282,0,21.84670700855328,TRUE,193
P. vivax,paper_replica,51002,Alta Floresta,MT,2019,3,195,107911,0.9266895867891133,1.9355271099020412,-1.0088375231129278,0,20.873682942424757,TRUE,193
P. vivax,paper_replica,51003,Colíder,MT,2019,1,193,156947,3.1857888331729822,1.775086729717238,1.4107021034557443,0,18.812083059886447,TRUE,193
P. vivax,paper_replica,51003,Colíder,MT,2019,2,194,156947,2.548631066538386,1.6127376510763358,0.93589341546205,0,20.723556359790233,TRUE,193
P. vivax,paper_replica,51003,Colíder,MT,2019,3,195,156947,1.9114732999037891,1.618297082009679,0.2931762178941102,0,18.477575232403296,TRUE,193
P. vivax,paper_replica,51004,Parecis,MT,2019,1,193,110936,1.8028412778538978,0.6005367503374114,1.2023045275164863,0,8.11278575034254,TRUE,193
P. vivax,paper_replica,51004,Parecis,MT,2019,2,194,110936,6.309944472488642,0.5456189495519654,5.7643255229366765,0,8.11278575034254,TRUE,193
P. vivax,paper_replica,51004,Parecis,MT,2019,3,195,110936,1.8028412778538978,0.5475063809935073,1.2553348968603903,0,8.11278575034254,TRUE,193
P. vivax,paper_replica,51005,Arinos,MT,2019,1,193,83182,0,0.22138469164490343,-0.22138469164490343,0,3.606549493880888,TRUE,193
P. vivax,paper_replica,51005,Arinos,MT,2019,2,194,83182,0,0.20114391243620872,-0.20114391243620872,0,3.606549493880888,TRUE,193
P. vivax,paper_replica,51005,Arinos,MT,2019,3,195,83182,0,0.2018440937666696,-0.2018440937666696,0,3.035512490683053,TRUE,193
P. vivax,paper_replica,51006,Alto Teles Pires,MT,2019,1,193,260081,0,0.49937672816218787,-0.49937672816218787,0,5.767433991717964,TRUE,193
P. vivax,paper_replica,51006,Alto Teles Pires,MT,2019,2,194,260081,1.153486798343593,0.4537075736613126,0.6997792246822805,0,6.536425190613693,TRUE,193
P. vivax,paper_replica,51006,Alto Teles Pires,MT,2019,3,195,260081,1.153486798343593,0.45527483707957406,0.698211961264019,0,5.402163172242476,TRUE,193
P. vivax,paper_replica,51007,Sinop,MT,2019,1,193,206715,0.9675156616597732,1.2097640062315655,-0.24224834457179234,0,12.093945770747164,TRUE,193
P. vivax,paper_replica,51007,Sinop,MT,2019,2,194,206715,0,1.0991222666206621,-1.0991222666206621,0,13.799192124422504,TRUE,193
P. vivax,paper_replica,51007,Sinop,MT,2019,3,195,206715,2.4187891541494326,1.1029130262259421,1.3158761279234905,0,13.545219263236824,TRUE,193
P. vivax,paper_replica,51008,Paranatinga,MT,2019,1,193,36702,0,0.5320871513414337,-0.5320871513414337,0,8.173941474579042,TRUE,193
P. vivax,paper_replica,51008,Paranatinga,MT,2019,2,194,36702,0,0.48344088765961185,-0.48344088765961185,0,8.173941474579042,TRUE,193
P. vivax,paper_replica,51008,Paranatinga,MT,2019,3,195,36702,2.724647158193014,0.48512425171857365,2.2395229064744404,0,8.173941474579042,TRUE,193
P. vivax,paper_replica,51009,Norte Araguaia,MT,2019,1,193,132443,0,0.20573686075549966,-0.20573686075549966,0,2.6615223152601324,TRUE,193
P. vivax,paper_replica,51009,Norte Araguaia,MT,2019,2,194,132443,0,0.1869258710104105,-0.1869258710104105,0,3.0201671662526524,TRUE,193
P. vivax,paper_replica,51009,Norte Araguaia,MT,2019,3,195,132443,0,0.1875757643566578,-0.1875757643566578,0,3.0201671662526524,TRUE,193
P. vivax,paper_replica,51010,Canarana,MT,2019,1,193,116230,0.8603630732168975,0.15455454079109454,0.705808532425803,0,2.5810892196506927,TRUE,193
P. vivax,paper_replica,51010,Canarana,MT,2019,2,194,116230,0.8603630732168975,0.14042418241544338,0.7199388908014541,0,2.5810892196506927,TRUE,193
P. vivax,paper_replica,51010,Canarana,MT,2019,3,195,116230,0,0.14091297971338107,-0.14091297971338107,0,2.5810892196506927,TRUE,193
P. vivax,paper_replica,51011,Médio Araguaia,MT,2019,1,193,69812,0,0.04719292659166626,-0.04719292659166626,0,1.4324184953876125,TRUE,193
P. vivax,paper_replica,51011,Médio Araguaia,MT,2019,2,194,69812,0,0.042882465249126714,-0.042882465249126714,0,1.4324184953876125,TRUE,193
P. vivax,paper_replica,51011,Médio Araguaia,MT,2019,3,195,69812,0,0.0430357606789973,-0.0430357606789973,0,1.4324184953876125,TRUE,193
P. vivax,paper_replica,51012,Alto Guaporé,MT,2019,1,193,75369,0,0.5378258367309936,-0.5378258367309936,0,7.960832703100745,TRUE,193
P. vivax,paper_replica,51012,Alto Guaporé,MT,2019,2,194,75369,0,0.4886458806768992,-0.4886458806768992,0,6.003794663588447,TRUE,193
P. vivax,paper_replica,51012,Alto Guaporé,MT,2019,3,195,75369,0,0.490338984027718,-0.490338984027718,0,6.634027252583953,TRUE,193
P. vivax,paper_replica,51013,Tangará da Serra,MT,2019,1,193,171442,0.5832876424680067,0.11927819026160937,0.46400945220639733,0,2.3331505698720267,TRUE,193
P. vivax,paper_replica,51013,Tangará da Serra,MT,2019,2,194,171442,0.5832876424680067,0.10837276110507071,0.47491488136293597,0,1.74986292740402,TRUE,193
P. vivax,paper_replica,51013,Tangará da Serra,MT,2019,3,195,171442,0,0.10874981477005088,-0.10874981477005088,0,2.3331505698720267,TRUE,193
P. vivax,paper_replica,51014,Jauru,MT,2019,1,193,110923,0,0.08535774587102565,-0.08535774587102565,0,1.8030525679976201,TRUE,193
P. vivax,paper_replica,51014,Jauru,MT,2019,2,194,110923,0,0.07755533073951053,-0.07755533073951053,0,1.8030525679976201,TRUE,193
P. vivax,paper_replica,51014,Jauru,MT,2019,3,195,110923,0.9015262839988101,0.07782695000081784,0.8236993339979922,0,1.8030525679976201,TRUE,193
P. vivax,paper_replica,51015,Alto Paraguai,MT,2019,1,193,33376,0,0.10315988265731373,-0.10315988265731373,0,2.9961649089165867,TRUE,193
P. vivax,paper_replica,51015,Alto Paraguai,MT,2019,2,194,33376,0,0.09373693620341404,-0.09373693620341404,0,2.9961649089165867,TRUE,193
P. vivax,paper_replica,51015,Alto Paraguai,MT,2019,3,195,33376,0,0.0940716122211727,-0.0940716122211727,0,2.9961649089165867,TRUE,193
P. vivax,paper_replica,51016,Rosário Oeste,MT,2019,1,193,30959,0,0.07438689570904652,-0.07438689570904652,0,3.230078490907329,TRUE,193
P. vivax,paper_replica,51016,Rosário Oeste,MT,2019,2,194,30959,0,0.06759423662248996,-0.06759423662248996,0,3.230078490907329,TRUE,193
P. vivax,paper_replica,51016,Rosário Oeste,MT,2019,3,195,30959,0,0.06783741433307455,-0.06783741433307455,0,3.230078490907329,TRUE,193
P. vivax,paper_replica,51017,Cuiabá,MT,2019,1,193,947114,0.2111678214027034,0.12032984153831718,0.09083797986438623,0,1.3725908391175718,TRUE,193
P. vivax,paper_replica,51017,Cuiabá,MT,2019,2,194,947114,0.2111678214027034,0.10932500483047829,0.10184281657222512,0,1.2168545708330758,TRUE,193
P. vivax,paper_replica,51017,Cuiabá,MT,2019,3,195,947114,0.2111678214027034,0.10970236079238566,0.10146546061031775,0,1.055839107013517,TRUE,193
P. vivax,paper_replica,51018,Alto Pantanal,MT,2019,1,193,141002,0,0.0789203016316908,-0.0789203016316908,0,1.4184195968851507,TRUE,193
P. vivax,paper_replica,51018,Alto Pantanal,MT,2019,2,194,141002,0,0.07170618368565469,-0.07170618368565469,0,1.4184195968851507,TRUE,193
P. vivax,paper_replica,51018,Alto Pantanal,MT,2019,3,195,141002,0,0.07195696254742809,-0.07195696254742809,0,1.4184195968851507,TRUE,193
P. vivax,paper_replica,51019,Primavera do Leste,MT,2019,1,193,106060,0,0.1000901036552959,-0.1000901036552959,0,1.8857250612860645,TRUE,193
P. vivax,paper_replica,51019,Primavera do Leste,MT,2019,2,194,106060,0,0.09094171615893379,-0.09094171615893379,0,1.8857250612860645,TRUE,193
P. vivax,paper_replica,51019,Primavera do Leste,MT,2019,3,195,106060,0,0.09126053589134288,-0.09126053589134288,0,1.8857250612860645,TRUE,193
P. vivax,paper_replica,51020,Tesouro,MT,2019,1,193,55941,0,0.025868532576916185,-0.025868532576916185,0,0.9384887649487446,TRUE,193
P. vivax,paper_replica,51020,Tesouro,MT,2019,2,194,55941,0,0.02350839509870416,-0.02350839509870416,0,0,TRUE,193
P. vivax,paper_replica,51020,Tesouro,MT,2019,3,195,55941,0,0.023594946209893594,-0.023594946209893594,0,0.9384887649487446,TRUE,193
P. vivax,paper_replica,51021,Rondonópolis,MT,2019,1,193,319427,0.31306057409048077,0.08097629267430133,0.23208428141617943,0,1.4165990977594185,TRUE,193
P. vivax,paper_replica,51021,Rondonópolis,MT,2019,2,194,319427,0,0.07357233470533099,-0.07357233470533099,0,1.252242296361923,TRUE,193
P. vivax,paper_replica,51021,Rondonópolis,MT,2019,3,195,319427,0,0.073827893775151,-0.073827893775151,0,1.252242296361923,TRUE,193
P. vivax,paper_replica,51022,Alto Araguaia,MT,2019,1,193,41921,0,0.011949179387373096,-0.011949179387373096,0,0,TRUE,193
P. vivax,paper_replica,51022,Alto Araguaia,MT,2019,2,194,41921,0,0.010862562768254347,-0.010862562768254347,0,0,TRUE,193
P. vivax,paper_replica,51022,Alto Araguaia,MT,2019,3,195,41921,0,0.010905902362735816,-0.010905902362735816,0,0,TRUE,193
P. vivax,paper_replica,11001,Porto Velho,RO,2020,1,205,689580,105.86153890774094,79.76619047239632,26.09534843534462,23.52518924562778,902.3028510107602,TRUE,205
P. vivax,paper_replica,11001,Porto Velho,RO,2020,2,206,689580,94.84033759679805,72.19031818648116,22.650019410316887,21.09617448301865,794.6503668899909,TRUE,205
P. vivax,paper_replica,11001,Porto Velho,RO,2020,3,207,689580,123.40845152121582,72.28889079685429,51.119560724361534,15.62545317439601,537.4068273441799,TRUE,205
P. vivax,paper_replica,11002,Guajará-Mirim,RO,2020,1,205,86035,70.90137734642879,35.973448894276636,34.92792845215215,6.363689196257339,342.941826001046,TRUE,205
P. vivax,paper_replica,11002,Guajará-Mirim,RO,2020,2,206,86035,62.765153716510724,32.55686293484161,30.208290781669113,6.9739059685011915,251.96141105364066,TRUE,205
P. vivax,paper_replica,11002,Guajará-Mirim,RO,2020,3,207,86035,95.31004823618295,32.60134426141578,62.70870397476717,6.9739059685011915,391.0908351252387,TRUE,205
P. vivax,paper_replica,11003,Ariquemes,RO,2020,1,205,209694,49.59607809474759,58.20175089457959,-8.605672799832,16.214102454052096,497.9517773517599,TRUE,205
P. vivax,paper_replica,11003,Ariquemes,RO,2020,2,206,209694,42.442797600312836,52.673996217866176,-10.23119861755334,14.783446355165145,555.0111114290337,TRUE,205
P. vivax,paper_replica,11003,Ariquemes,RO,2020,3,207,209694,42.919682966608484,52.74593316412,-9.826250197511513,12.804372085038203,418.04963422892354,TRUE,205
P. vivax,paper_replica,11004,Ji-Paraná,RO,2020,1,205,293651,11.237829940984366,7.946598469172456,3.2912314718119093,1.362161204967802,88.05520839363732,TRUE,205
P. vivax,paper_replica,11004,Ji-Paraná,RO,2020,2,206,293651,19.410797170791177,7.191869342775226,12.218927828015952,1.7027015062097524,69.58941055879247,TRUE,205
P. vivax,paper_replica,11004,Ji-Paraná,RO,2020,3,207,293651,21.794579279484832,7.201696788585214,14.592882490899619,0.842837245573828,90.92426043160079,TRUE,205
P. vivax,paper_replica,11005,Alvorada D'Oeste,RO,2020,1,205,69523,11.506983300490484,4.999907587717342,6.507075712773142,0,59.80035383973639,TRUE,205
P. vivax,paper_replica,11005,Alvorada D'Oeste,RO,2020,2,206,69523,11.506983300490484,4.525057961892341,6.981925338598143,0,55.413316456424454,TRUE,205
P. vivax,paper_replica,11005,Alvorada D'Oeste,RO,2020,3,207,69523,10.068610387929175,4.531257561758198,5.537352826170976,0,69.79704558203757,TRUE,205
P. vivax,paper_replica,11006,Cacoal,RO,2020,1,205,237069,30.792722793785778,3.9585711926965375,26.83415160108924,0,54.277446650553145,TRUE,205
P. vivax,paper_replica,11006,Cacoal,RO,2020,2,206,237069,22.77817850499222,3.5826100268828394,19.19556847810938,0.20036360721983953,34.652358596020505,TRUE,205
P. vivax,paper_replica,11006,Cacoal,RO,2020,3,207,237069,26.152723468694766,3.5875097269460543,22.565213741748714,0,39.22908520304215,TRUE,205
P. vivax,paper_replica,11007,Vilhena,RO,2020,1,205,164604,1.2150373016451606,2.6288242547106004,-1.4137869530654399,0,36.16254769021407,TRUE,205
P. vivax,paper_replica,11007,Vilhena,RO,2020,2,206,164604,3.645111904935481,2.379159538813458,1.2659523661220233,0,28.00660980292089,TRUE,205
P. vivax,paper_replica,11007,Vilhena,RO,2020,3,207,164604,7.290223809870962,2.3824177818535563,4.907806028017406,0,20.65563412796773,TRUE,205
P. vivax,paper_replica,11008,Colorado do Oeste,RO,2020,1,205,46304,10.798203178991017,2.493649243745178,8.304553935245838,0,30.234968901174845,TRUE,205
P. vivax,paper_replica,11008,Colorado do Oeste,RO,2020,2,206,46304,2.159640635798203,2.2568323669831782,-0.09719173118497526,0,25.91568762957844,TRUE,205
P. vivax,paper_replica,11008,Colorado do Oeste,RO,2020,3,207,46304,0,2.2599343633973334,-2.2599343633973334,0,24.889858327574245,TRUE,205
P. vivax,paper_replica,12001,Cruzeiro do Sul,AC,2020,1,205,159274,467.11955498072507,367.0443476644612,100.07520731626386,93.15707522885091,3725.5295905169687,TRUE,205
P. vivax,paper_replica,12001,Cruzeiro do Sul,AC,2020,2,206,159274,370.43082989062873,332.18395116118944,38.24687872943929,96.79859864133508,3465.0037043082957,TRUE,205
P. vivax,paper_replica,12001,Cruzeiro do Sul,AC,2020,3,207,159274,405.5903662870274,332.63753378937344,72.95283249765396,103.8305059206148,3032.3216595301074,TRUE,205
P. vivax,paper_replica,12002,Tarauacá,AC,2020,1,205,86508,8.09173718037638,21.65047368136783,-13.55873650099145,2.8610070744902223,205.21223470661673,TRUE,205
P. vivax,paper_replica,12002,Tarauacá,AC,2020,2,206,86508,9.247699634715865,19.594227869021676,-10.346528234305811,2.311924908678966,178.13381421371423,TRUE,205
P. vivax,paper_replica,12002,Tarauacá,AC,2020,3,207,86508,1.155962454339483,19.621009303386597,-18.465046849047113,2.311924908678966,269.8016368428349,FALSE,205
P. vivax,paper_replica,12003,Sena Madureira,AC,2020,1,205,62809,0,0.620135686126671,-0.620135686126671,0,7.960642583069305,TRUE,205
P. vivax,paper_replica,12003,Sena Madureira,AC,2020,2,206,62809,0,0.5612499753262483,-0.5612499753262483,0,7.960642583069305,TRUE,205
P. vivax,paper_replica,12003,Sena Madureira,AC,2020,3,207,62809,0,0.5620278082184093,-0.5620278082184093,0,7.960642583069305,TRUE,205
P. vivax,paper_replica,12004,Rio Branco,AC,2020,1,205,513351,23.18102039345399,9.615501270556056,13.565519122897935,3.1070359266856404,127.38360303184328,TRUE,205
P. vivax,paper_replica,12004,Rio Branco,AC,2020,2,206,513351,23.18102039345399,8.70226419911294,14.47875619434105,1.4561187179921733,107.25604898013239,TRUE,205
P. vivax,paper_replica,12004,Rio Branco,AC,2020,3,207,513351,18.895453598025522,8.714151234492984,10.181302363532538,1.6509172086934671,98.95276331398975,TRUE,205
P. vivax,paper_replica,12005,Brasiléia,AC,2020,1,205,72528,5.515111405250386,1.4416415683418526,4.073469836908534,0,20.68166776968895,TRUE,205
P. vivax,paper_replica,12005,Brasiléia,AC,2020,2,206,72528,9.651444959188176,1.3047360219413238,8.346708937246852,0,13.13285903375245,TRUE,205
P. vivax,paper_replica,12005,Brasiléia,AC,2020,3,207,72528,8.272667107875579,1.3065330155426642,6.966134092332915,0,15.166556364438561,TRUE,205
P. vivax,paper_replica,13001,Rio Negro,AM,2020,1,205,119734,1024.7715769956737,234.0831543817928,790.6884226138809,76.39851671204502,2991.6105700970465,TRUE,205
P. vivax,paper_replica,13001,Rio Negro,AM,2020,2,206,119734,1011.408622446423,211.85088370866143,799.5577387377616,67.60819817261597,2545.8725174135993,TRUE,205
P. vivax,paper_replica,13001,Rio Negro,AM,2020,3,207,119734,1104.9493042911788,212.14016439583156,892.8091398953472,50.46603303990513,2628.9107521673036,TRUE,205
P. vivax,paper_replica,13002,Japurá,AM,2020,1,205,20512,463.1435257410297,64.72157228178048,398.4219534592492,7.190912636505468,742.9797191887658,TRUE,205
P. vivax,paper_replica,13002,Japurá,AM,2020,2,206,20512,614.2745709828392,58.574650772712644,555.6999202101266,0,647.0602574102954,TRUE,205
P. vivax,paper_replica,13002,Japurá,AM,2020,3,207,20512,745.9048361934477,58.65471874479933,687.2501174486484,0,602.2084633385334,FALSE,205
P. vivax,paper_replica,13003,Alto Solimões,AM,2020,1,205,254355,91.99740520139176,61.036702886459054,30.960702314932703,19.264413909693147,658.0763106681588,TRUE,205
P. vivax,paper_replica,13003,Alto Solimões,AM,2020,2,206,254355,77.45080694305203,55.239693850218366,22.211113092833664,17.839240431680132,468.223545831613,TRUE,205
P. vivax,paper_replica,13003,Alto Solimões,AM,2020,3,207,254355,153.32900866898626,55.31513053360843,98.01387813537784,11.568477128422874,578.1388217255408,TRUE,205
P. vivax,paper_replica,13004,Juruá,AM,2020,1,205,154894,223.37856856947332,102.96570296336547,120.41286560610784,27.72864023138405,1256.9402300928357,TRUE,205
P. vivax,paper_replica,13004,Juruá,AM,2020,2,206,154894,270.5075729208362,93.18645014799141,177.32112277284477,25.146229034049092,899.0018980722285,TRUE,205
P. vivax,paper_replica,13004,Juruá,AM,2020,3,207,154894,451.92195953361653,93.31370983182353,358.608249701793,30.343331568685684,969.5824241093907,TRUE,205
P. vivax,paper_replica,13005,Tefé,AM,2020,1,205,89457,184.44615848955365,108.7808473852968,75.66531110425686,33.479772404618984,920.6937411270196,TRUE,205
P. vivax,paper_replica,13005,Tefé,AM,2020,2,206,89457,196.7425690555239,98.44930230199732,98.29326675352657,23.47496562594319,999.670232625728,TRUE,205
P. vivax,paper_replica,13005,Tefé,AM,2020,3,207,89457,270.5210324513453,98.58375516161502,171.9372772897303,26.241658003286503,1146.612338889075,TRUE,205
P. vivax,paper_replica,13006,Coari,AM,2020,1,205,183887,98.97382631724918,52.626299383903884,46.34752693334529,10.876244650247163,656.8979862632996,TRUE,205
P. vivax,paper_replica,13006,Coari,AM,2020,2,206,183887,64.71365566897062,47.62807921060622,17.0855764583644,10.046930995665816,531.6852197273322,TRUE,205
P. vivax,paper_replica,13006,Coari,AM,2020,3,207,183887,75.04608808670542,47.69312630374431,27.352961782961117,13.051493580296597,473.1166422857516,TRUE,205
P. vivax,paper_replica,13007,Manaus,AM,2020,1,205,2509626,37.256547389929814,27.379019774137333,9.87752761579248,7.440351669930103,283.5601798833769,TRUE,205
P. vivax,paper_replica,13007,Manaus,AM,2020,2,206,2509626,27.41444342702857,24.77867007729591,2.635773349732659,7.103648113304533,197.01541185818076,TRUE,205
P. vivax,paper_replica,13007,Manaus,AM,2020,3,207,2509626,26.816744805799747,24.812503565134378,2.004241240665369,8.029084811840491,250.99457050572454,TRUE,205
P. vivax,paper_replica,13008,Rio Preto da Eva,AM,2020,1,205,71299,228.61470707864063,110.37675853141872,118.23794854722192,28.05088430412769,1231.994838637285,TRUE,205
P. vivax,paper_replica,13008,Rio Preto da Eva,AM,2020,2,206,71299,138.85187730543205,99.89365538519795,38.95822192023411,17.496739084699648,993.9830853167625,TRUE,205
P. vivax,paper_replica,13008,Rio Preto da Eva,AM,2020,3,207,71299,147.26714259667037,100.03009187734374,47.23705071932663,28.05088430412769,1070.8425083100738,TRUE,205
P. vivax,paper_replica,13009,Itacoatiara,AM,2020,1,205,182772,57.44862451579016,16.11367021906778,41.33495429672237,3.2827785437594383,173.4674895498216,TRUE,205
P. vivax,paper_replica,13009,Itacoatiara,AM,2020,2,206,182772,55.80723524391044,14.583277899698034,41.22395734421241,2.1885190291729586,177.05118946009208,TRUE,205
P. vivax,paper_replica,13009,Itacoatiara,AM,2020,3,207,182772,45.411769855338896,14.603206596281368,30.80856325905753,1.9012759065940088,178.76096995163363,TRUE,205
P. vivax,paper_replica,13010,Parintins,AM,2020,1,205,284437,16.523869960659127,7.145166577416226,9.3787033832429,1.221711661984904,60.40880757426062,TRUE,205
P. vivax,paper_replica,13010,Parintins,AM,2020,2,206,284437,13.00815294775293,6.466554440601562,6.541598507151368,0.3515717012906197,66.36794791113664,TRUE,205
P. vivax,paper_replica,13010,Parintins,AM,2020,3,207,284437,15.820726558077888,6.475391786920029,9.345334771157859,1.0547151038718592,69.81335058378478,TRUE,205
P. vivax,paper_replica,13011,Boca do Acre,AM,2020,1,205,54157,210.4991044555644,49.944270780329916,160.55483367523448,8.263013091567114,484.93269568107513,TRUE,205
P. vivax,paper_replica,13011,Boca do Acre,AM,2020,2,206,54157,99.7101021105305,45.200800235378516,54.509301875151984,9.232416862086158,467.5295898960426,TRUE,205
P. vivax,paper_replica,13011,Boca do Acre,AM,2020,3,207,54157,110.78900234503388,45.262564176203846,65.52643816883003,16.618350351755083,558.0534372287965,TRUE,205
P. vivax,paper_replica,13012,Purus,AM,2020,1,205,79704,392.7030011040851,145.22905363381653,247.47394747026857,44.97892201144235,1830.021077988557,TRUE,205
P. vivax,paper_replica,13012,Purus,AM,2020,2,206,79704,436.6154772658838,131.4358084723696,305.1796687935142,34.40856167820938,1138.71323898424,TRUE,205
P. vivax,paper_replica,13012,Purus,AM,2020,3,207,79704,595.9550336244102,131.61531058100792,464.33972304340233,36.32189099668774,1235.728445247415,TRUE,205
P. vivax,paper_replica,13013,Madeira,AM,2020,1,205,202880,138.99842271293377,63.116247899521596,75.88217481341218,17.485705835962147,527.109621451103,TRUE,205
P. vivax,paper_replica,13013,Madeira,AM,2020,2,206,202880,131.11198738170347,57.12173182655103,73.99025555515244,14.52829258675079,653.7115536277602,TRUE,205
P. vivax,paper_replica,13013,Madeira,AM,2020,3,207,202880,141.46293375394322,57.19974000208861,84.2631937518546,14.035390378548897,525.4460764984207,TRUE,205
P. vivax,paper_replica,14001,Boa Vista,RR,2020,1,205,467130,352.1503649947552,40.7230910928829,311.4272739018723,12.293151799284995,399.8833301222357,TRUE,205
P. vivax,paper_replica,14001,Boa Vista,RR,2020,2,206,467130,287.5002675914627,36.85538109467668,250.64488649678603,8.348853638173528,317.7006400787788,TRUE,205
P. vivax,paper_replica,14001,Boa Vista,RR,2020,3,207,467130,337.8074625907135,36.90571083958819,300.9017517511253,12.73200179821463,319.7878534883217,FALSE,205
P. vivax,paper_replica,14002,Nordeste de Roraima,RR,2020,1,205,53677,637.144400767554,95.61048119920417,541.5339195683498,24.21893921046258,1152.3557575870475,TRUE,205
P. vivax,paper_replica,14002,Nordeste de Roraima,RR,2020,2,206,53677,543.9946345734672,86.52983930887225,457.46479526459495,11.177971943290423,861.0298638150407,TRUE,205
P. vivax,paper_replica,14002,Nordeste de Roraima,RR,2020,3,207,53677,499.2827468003056,86.64804078709406,412.6347060132115,24.21893921046258,983.9409803081373,TRUE,205
P. vivax,paper_replica,14003,Caracaraí,RR,2020,1,205,52751,851.1686982237303,120.8751360093119,730.2935622144184,30.236393622869713,1151.779113192165,TRUE,205
P. vivax,paper_replica,14003,Caracaraí,RR,2020,2,206,52751,521.317131428788,109.39494194588018,411.9221894829078,24.454512710659525,1135.9026369168355,TRUE,205
P. vivax,paper_replica,14003,Caracaraí,RR,2020,3,207,52751,508.0472408106007,109.54435867524175,398.50288213535896,29.33593675949271,1237.5594775454488,TRUE,205
P. vivax,paper_replica,14004,Sudeste de Roraima,RR,2020,1,205,57623,529.3025354459157,125.1853988428211,404.11713660309465,47.68061364385749,1304.7741353279027,TRUE,205
P. vivax,paper_replica,14004,Sudeste de Roraima,RR,2020,2,206,57623,520.6254447009006,113.2958306485293,407.3296140523713,34.708362980060045,939.7723131388508,TRUE,205
P. vivax,paper_replica,14004,Sudeste de Roraima,RR,2020,3,207,57623,498.06500876386167,113.4505672663667,384.61444149749497,27.679919476597888,1131.6661749648574,TRUE,205
P. vivax,paper_replica,15001,Óbidos,PA,2020,1,205,211269,27.453152142529195,3.770741881768701,23.682410260760495,0,35.02643549219242,TRUE,205
P. vivax,paper_replica,15001,Óbidos,PA,2020,2,206,211269,16.093227118034353,3.41262257107401,12.680604546960343,0,32.90828280533348,TRUE,205
P. vivax,paper_replica,15001,Óbidos,PA,2020,3,207,211269,14.19990628061855,3.417293686312164,10.782612594306386,0,31.014961967917664,TRUE,205
P. vivax,paper_replica,15002,Santarém,PA,2020,1,205,531849,37.22861188043974,6.16535142069504,31.063260459744704,1.5934974024582167,79.688971869835,TRUE,205
P. vivax,paper_replica,15002,Santarém,PA,2020,2,206,531849,30.459773356723428,5.5797958073030784,24.87997754942035,0.9401164616272664,60.463590229557624,TRUE,205
P. vivax,paper_replica,15002,Santarém,PA,2020,3,207,531849,48.88605600461785,5.58741963385668,43.29863637076117,0.8414042331564036,52.10125430338309,TRUE,205
P. vivax,paper_replica,15003,Almeirim,PA,2020,1,205,75877,15.8150691250313,10.954487552105629,4.860581572925671,0,121.3806555346151,TRUE,205
P. vivax,paper_replica,15003,Almeirim,PA,2020,2,206,75877,7.90753456251565,9.914105131373999,-2.006570568858349,0,112.22109466636775,TRUE,205
P. vivax,paper_replica,15003,Almeirim,PA,2020,3,207,75877,13.179224270859418,9.92767023693138,3.2515540339280378,0,100.98580597546015,TRUE,205
P. vivax,paper_replica,15004,Portel,PA,2020,1,205,155915,187.28153160375848,30.023202619277814,157.25832898448067,7.023057435140944,321.4892730013147,TRUE,205
P. vivax,paper_replica,15004,Portel,PA,2020,2,206,155915,122.50264567232145,27.17174930835737,95.33089636396409,5.098932110444795,421.57585864092596,TRUE,205
P. vivax,paper_replica,15004,Portel,PA,2020,3,207,155915,103.90276753359203,27.208874563615844,76.69389296997619,6.381682326908894,262.4346599108485,TRUE,205
P. vivax,paper_replica,15005,Furos de Breves,PA,2020,1,205,234720,259.88411724608045,111.74284404435905,148.1412732017214,32.58137355146558,1195.477590320381,TRUE,205
P. vivax,paper_replica,15005,Furos de Breves,PA,2020,2,206,234720,205.35105657805047,101.12996775015276,104.22108882789772,29.37542603953647,1147.281867757326,TRUE,205
P. vivax,paper_replica,15005,Furos de Breves,PA,2020,3,207,234720,183.62304021813225,101.26806230447046,82.35497791366178,25.3173994546694,1084.9948875255602,TRUE,205
P. vivax,paper_replica,15006,Arari,PA,2020,1,205,180421,16.62777614579234,7.568550403472607,9.059225742319732,1.1085184097194893,84.88479722426983,TRUE,205
P. vivax,paper_replica,15006,Arari,PA,2020,2,206,180421,15.519257736072852,6.849736879083414,8.669520856989438,1.1085184097194893,87.50367196723201,TRUE,205
P. vivax,paper_replica,15006,Arari,PA,2020,3,207,180421,7.759628868036426,6.859103677700144,0.9005251903362819,0.5542592048597447,58.91775347659071,TRUE,205
P. vivax,paper_replica,15007,Belém,PA,2020,1,205,2381117,0.9659332153774888,0.6584996244682022,0.30743359090928657,0.06194571707312162,7.203551946418424,TRUE,205
P. vivax,paper_replica,15007,Belém,PA,2020,2,206,2381117,0.4199709632076038,0.5959589072160005,-0.17598794400839674,0.04199709632076038,5.757801905576245,TRUE,205
P. vivax,paper_replica,15007,Belém,PA,2020,3,207,2381117,0.7139506374529265,0.5967735893452015,0.117177048107725,0.08399419264152076,5.742052994455955,TRUE,205
P. vivax,paper_replica,15008,Castanhal,PA,2020,1,205,348294,0.5742275204281441,0.7001570356040849,-0.12592951517594086,0,8.929237942657615,TRUE,205
P. vivax,paper_replica,15008,Castanhal,PA,2020,2,206,348294,0,0.6336635015938288,-0.6336635015938288,0,5.74227520428144,TRUE,205
P. vivax,paper_replica,15008,Castanhal,PA,2020,3,207,348294,0,0.6345331810817111,-0.6345331810817111,0,6.467237448821965,TRUE,205
P. vivax,paper_replica,15009,Salgado,PA,2020,1,205,273785,1.0957503150282155,2.767513041225137,-1.6717627261969217,0,29.220008400752413,TRUE,205
P. vivax,paper_replica,15009,Salgado,PA,2020,2,206,273785,0,2.5046751057370487,-2.5046751057370487,0,27.585514180835318,TRUE,205
P. vivax,paper_replica,15009,Salgado,PA,2020,3,207,273785,0,2.508105568851906,-2.508105568851906,0,23.95127563599172,TRUE,205
P. vivax,paper_replica,15010,Bragantina,PA,2020,1,205,427450,0.7018364721020003,1.5111596181319111,-0.8093231460299108,0,15.095332787460515,TRUE,205
P. vivax,paper_replica,15010,Bragantina,PA,2020,2,206,427450,0,1.3676429341290601,-1.3676429341290601,0,16.276757515498872,TRUE,205
P. vivax,paper_replica,15010,Bragantina,PA,2020,3,207,427450,0,1.3695175315902508,-1.3695175315902508,0,16.38788162358169,TRUE,205
P. vivax,paper_replica,15011,Cametá,PA,2020,1,205,503601,73.86800264495106,6.2287249414500465,67.63927770350102,1.3899892970824124,69.02786134261049,FALSE,205
P. vivax,paper_replica,15011,Cametá,PA,2020,2,206,503601,35.74258192497632,5.637154620158051,30.10542730481827,0.5758527087912862,61.92898743251098,TRUE,205
P. vivax,paper_replica,15011,Cametá,PA,2020,3,207,503601,33.756882929144304,5.644860259554997,28.112022669589308,0.8886003006348282,50.94807198555998,TRUE,205
P. vivax,paper_replica,15012,Tomé-Açu,PA,2020,1,205,345631,0.2893258995865533,3.4059568922943138,-3.1166309927077602,0,33.880062841585364,TRUE,205
P. vivax,paper_replica,15012,Tomé-Açu,PA,2020,2,206,345631,0.5786517991731066,3.0824822217988044,-2.5038304226256978,0,34.140456151213286,TRUE,205
P. vivax,paper_replica,15012,Tomé-Açu,PA,2020,3,207,345631,1.4466294979327665,3.086700458728254,-1.6400709607954875,0,27.775286360309114,TRUE,205
P. vivax,paper_replica,15013,Guamá,PA,2020,1,205,488143,0.8194320107017821,4.516782857195285,-3.6973508464935025,0.6145740080263365,51.752252925884214,TRUE,205
P. vivax,paper_replica,15013,Guamá,PA,2020,2,206,488143,0.20485800267544552,4.087806976713671,-3.882948974038226,0,41.80127544592465,TRUE,205
P. vivax,paper_replica,15013,Guamá,PA,2020,3,207,488143,0.20485800267544552,4.093398826362917,-3.888540823687472,0.6145740080263365,44.53612978164178,FALSE,205
P. vivax,paper_replica,15014,Itaituba,PA,2020,1,205,221823,287.6167034076719,75.09048800597877,212.5262154016931,17.1307754380745,714.2631737917146,TRUE,205
P. vivax,paper_replica,15014,Itaituba,PA,2020,2,206,221823,256.9616315711175,67.9587005683674,189.00293100275007,15.282454930282254,684.3293977630814,TRUE,205
P. vivax,paper_replica,15014,Itaituba,PA,2020,3,207,221823,252.45353277162423,68.05149968409549,184.40203308752874,18.674799276900956,746.3495669971098,TRUE,205
P. vivax,paper_replica,15015,Altamira,PA,2020,1,205,312142,36.84220643168815,26.819928985326136,10.022277446362011,7.993156960614081,275.49160318060353,TRUE,205
P. vivax,paper_replica,15015,Altamira,PA,2020,2,206,312142,30.114499170249438,24.27269231277475,5.841806857474687,6.239147567453275,238.5853233464253,TRUE,205
P. vivax,paper_replica,15015,Altamira,PA,2020,3,207,312142,39.40514253128384,24.30584499127711,15.099297540006734,5.734569522845373,214.25344875088894,TRUE,205
P. vivax,paper_replica,15016,Tucuruí,PA,2020,1,205,389741,3.8487097841900137,22.003382190055575,-18.15467240586556,5.510069507698702,179.47816626939417,FALSE,205
P. vivax,paper_replica,15016,Tucuruí,PA,2020,2,206,389741,1.7960645659553398,19.913600814854515,-18.117536248899174,3.9705855940226975,170.12580149381256,FALSE,205
P. vivax,paper_replica,15016,Tucuruí,PA,2020,3,207,389741,3.8487097841900137,19.940801896345256,-16.092092112155242,5.118784012972718,214.1871140064807,FALSE,205
P. vivax,paper_replica,15017,Paragominas,PA,2020,1,205,354221,0.28230963155769984,7.569239019401887,-7.286929387844187,0.8469288946730996,67.95898605672724,FALSE,205
P. vivax,paper_replica,15017,Paragominas,PA,2020,2,206,354221,0,6.850357025037473,-6.850357025037473,1.263335601220707,59.16504103370493,FALSE,205
P. vivax,paper_replica,15017,Paragominas,PA,2020,3,207,354221,0.5646192631153997,6.859724085017065,-6.295104821901665,0.9810259696630075,56.77246690625341,FALSE,205
P. vivax,paper_replica,15018,São Félix do Xingu,PA,2020,1,205,222632,8.534262819361098,4.105587799238254,4.428675020122844,0,46.80369398828552,TRUE,205
P. vivax,paper_replica,15018,São Félix do Xingu,PA,2020,2,206,222632,3.1442020913435624,3.715666838664646,-0.5714647473210834,0,44.939631319846185,TRUE,205
P. vivax,paper_replica,15018,São Félix do Xingu,PA,2020,3,207,222632,2.2458586366739732,3.7207518591394697,-1.4748932224654965,0,37.53952711200543,TRUE,205
P. vivax,paper_replica,15019,Parauapebas,PA,2020,1,205,331080,2.7183762232693005,1.5674900195787016,1.150886203690599,0,19.791289114413427,TRUE,205
P. vivax,paper_replica,15019,Parauapebas,PA,2020,2,206,331080,1.2081672103419112,1.4186219594420428,-0.21045474910013162,0,15.419234021988629,TRUE,205
P. vivax,paper_replica,15019,Parauapebas,PA,2020,3,207,331080,0.6040836051709556,1.42056464223971,-0.8164810370687544,0,14.528210704361456,TRUE,205
P. vivax,paper_replica,15020,Marabá,PA,2020,1,205,338296,1.182396481188072,3.5260414579751225,-2.3436449767870506,0.14040958214108398,33.92738903209017,TRUE,205
P. vivax,paper_replica,15020,Marabá,PA,2020,2,206,338296,0,3.1911614076907036,-3.1911614076907036,0,43.96297916617394,TRUE,205
P. vivax,paper_replica,15020,Marabá,PA,2020,3,207,338296,0.8867973608910541,3.1955275481794034,-2.3087301872883494,0,51.77418592002266,TRUE,205
P. vivax,paper_replica,15021,Redenção,PA,2020,1,205,197953,0,1.4050481252488276,-1.4050481252488276,0,18.95651998201592,TRUE,205
P. vivax,paper_replica,15021,Redenção,PA,2020,2,206,197953,0.505170419240931,1.2716098014604529,-0.7664393822195219,0,13.904815789606612,TRUE,205
P. vivax,paper_replica,15021,Redenção,PA,2020,3,207,197953,0.505170419240931,1.2733539841206911,-0.7681835648797601,0,18.45134956277499,TRUE,205
P. vivax,paper_replica,15022,Conceição do Araguaia,PA,2020,1,205,164785,0,1.7230785553364605,-1.7230785553364605,0,18.81239190460297,TRUE,205
P. vivax,paper_replica,15022,Conceição do Araguaia,PA,2020,2,206,164785,0.606851351761386,1.5594415323597153,-0.9525901805983292,0,16.99183784931881,TRUE,205
P. vivax,paper_replica,15022,Conceição do Araguaia,PA,2020,3,207,164785,0,1.5615844367145584,-1.5615844367145584,0,18.524137512516297,TRUE,205
P. vivax,paper_replica,16001,Oiapoque,AP,2020,1,205,39212,234.62205447312047,254.16681795477945,-19.544763481658975,66.30623278588187,2806.5388146485666,TRUE,205
P. vivax,paper_replica,16001,Oiapoque,AP,2020,2,206,39212,119.86126695909414,230.027135075716,-110.16586811662185,45.90431500561053,2003.2133020503916,TRUE,205
P. vivax,paper_replica,16001,Oiapoque,AP,2020,3,207,39212,142.81342446189942,230.34128345403755,-87.52785899213814,63.75599306334796,2302.0376415383043,TRUE,205
P. vivax,paper_replica,16002,Amapá,AP,2020,1,205,32202,65.21334078628657,40.52898819392039,24.684352592366174,9.31619154089808,393.5314576734358,TRUE,205
P. vivax,paper_replica,16002,Amapá,AP,2020,2,206,32202,15.526985901496802,36.67977130538918,-21.15278540389238,0,431.80547792062595,TRUE,205
P. vivax,paper_replica,16002,Amapá,AP,2020,3,207,32202,6.210794360598721,36.72991465489006,-30.51912029429134,3.1053971802993603,358.9062791130983,TRUE,205
P. vivax,paper_replica,16003,Macapá,AP,2020,1,205,700690,64.79327520015984,29.068908777605923,35.72436642255391,8.75922305156346,336.69668469651276,TRUE,205
P. vivax,paper_replica,16003,Macapá,AP,2020,2,206,700690,39.53246086000942,26.30806274215111,13.22439811785831,6.693402217813871,270.1051820348513,TRUE,205
P. vivax,paper_replica,16003,Macapá,AP,2020,3,207,700690,32.53935406527851,26.343986399793078,6.195367665485431,7.33205839957756,347.525296493456,TRUE,205
P. vivax,paper_replica,16004,Mazagão,AP,2020,1,205,89669,122.67338768136146,51.991212957486745,70.68217472387471,20.073827075131874,581.47185760965294,TRUE,205
P. vivax,paper_replica,16004,Mazagão,AP,2020,2,206,89669,61.33669384068073,47.05332096301149,14.283372877669244,9.451426914541258,522.5886315225982,TRUE,205
P. vivax,paper_replica,16004,Mazagão,AP,2020,3,207,89669,63.567119071250936,47.1175925581929,16.44952651305804,10.036913537565937,417.2568000089216,TRUE,205
P. vivax,paper_replica,17001,Bico do Papagaio,TO,2020,1,205,217560,0.9192866335723479,0.3593174629194824,0.5599691706528654,0,4.136789851075565,TRUE,205
P. vivax,paper_replica,17001,Bico do Papagaio,TO,2020,2,206,217560,0.45964331678617393,0.32519533059040345,0.13444798619577047,0,3.6771465342893914,TRUE,205
P. vivax,paper_replica,17001,Bico do Papagaio,TO,2020,3,207,217560,0.45964331678617393,0.32564357384876225,0.13399974293741168,0,3.6771465342893914,TRUE,205
P. vivax,paper_replica,17002,Araguaína,TO,2020,1,205,323491,0,0.2128340431546159,-0.2128340431546159,0,2.635312883511435,TRUE,205
P. vivax,paper_replica,17002,Araguaína,TO,2020,2,206,323491,0.30912761096908414,0.19262296841022716,0.11650464255885698,0,2.473020887752673,TRUE,205
P. vivax,paper_replica,17002,Araguaína,TO,2020,3,207,323491,0.6182552219381683,0.192888869606486,0.4253663523316823,0,2.0170576615732667,TRUE,205
P. vivax,paper_replica,17003,Miracema do Tocantins,TO,2020,1,205,149583,0,0.2243805871757904,-0.2243805871757904,0,4.679676166409284,TRUE,205
P. vivax,paper_replica,17003,Miracema do Tocantins,TO,2020,2,206,149583,0,0.20307504398913273,-0.20307504398913273,0,3.342625833149489,TRUE,205
P. vivax,paper_replica,17003,Miracema do Tocantins,TO,2020,3,207,149583,0.6685251666298978,0.20335732630515618,0.4651678403247416,0,3.342625833149489,TRUE,205
P. vivax,paper_replica,17004,Rio Formoso,TO,2020,1,205,128892,0,0.15119881930326382,-0.15119881930326382,0,2.3275300251373245,TRUE,205
P. vivax,paper_replica,17004,Rio Formoso,TO,2020,2,206,128892,0,0.1368431568877484,-0.1368431568877484,0,2.3275300251373245,TRUE,205
P. vivax,paper_replica,17004,Rio Formoso,TO,2020,3,207,128892,0,0.13703431754628106,-0.13703431754628106,0,1.959004437823897,TRUE,205
P. vivax,paper_replica,17005,Gurupi,TO,2020,1,205,151930,0,0.04304120878959527,-0.04304120878959527,0,0.658197854274995,TRUE,205
P. vivax,paper_replica,17005,Gurupi,TO,2020,2,206,151930,0,0.03895629239667823,-0.03895629239667823,0,0.658197854274995,TRUE,205
P. vivax,paper_replica,17005,Gurupi,TO,2020,3,207,151930,0,0.039012419955571594,-0.039012419955571594,0,0.658197854274995,TRUE,205
P. vivax,paper_replica,17006,Porto Nacional,TO,2020,1,205,413057,0.24209733765557778,0.12623436398567162,0.11586297366990617,0,1.5796851282026396,TRUE,205
P. vivax,paper_replica,17006,Porto Nacional,TO,2020,2,206,413057,0,0.11424745778649967,-0.11424745778649967,0,1.9367787012446223,TRUE,205
P. vivax,paper_replica,17006,Porto Nacional,TO,2020,3,207,413057,0,0.11440572893656403,-0.11440572893656403,0,1.4525840259334668,TRUE,205
P. vivax,paper_replica,17007,Jalapão,TO,2020,1,205,80915,0,0.007089218806564993,-0.007089218806564993,0,0,TRUE,205
P. vivax,paper_replica,17007,Jalapão,TO,2020,2,206,80915,0,0.006418496195994255,-0.006418496195994255,0,0,TRUE,205
P. vivax,paper_replica,17007,Jalapão,TO,2020,3,207,80915,0,0.006429701577168996,-0.006429701577168996,0,0,TRUE,205
P. vivax,paper_replica,17008,Dianópolis,TO,2020,1,205,124820,1.6023073225444642,0.012158285521922977,1.5901490370225413,0,0,FALSE,205
P. vivax,paper_replica,17008,Dianópolis,TO,2020,2,206,124820,0.8011536612722321,0.0110058442463412,0.7901478170258909,0,0.4206056721679036,FALSE,205
P. vivax,paper_replica,17008,Dianópolis,TO,2020,3,207,124820,0,0.011023074689231336,-0.011023074689231336,0,0,TRUE,205
P. vivax,paper_replica,21001,Litoral Ocidental Maranhense,MA,2020,1,205,191685,0,1.2558986971503723,-1.2558986971503723,0,16.720139812713544,TRUE,205
P. vivax,paper_replica,21001,Litoral Ocidental Maranhense,MA,2020,2,206,191685,0,1.1366270313246252,-1.1366270313246252,0,14.607298432323864,TRUE,205
P. vivax,paper_replica,21001,Litoral Ocidental Maranhense,MA,2020,3,207,191685,0,1.138187869580439,-1.138187869580439,0,13.83780681847822,TRUE,205
P. vivax,paper_replica,21002,Aglomeração Urbana de São Luís,MA,2020,1,205,1442927,0.13860715060429252,0.14024756158181378,-0.0016404109775212672,0,1.561063033680843,TRUE,205
P. vivax,paper_replica,21002,Aglomeração Urbana de São Luís,MA,2020,2,206,1442927,0,0.12692840490010943,-0.12692840490010943,0,1.9075809101915744,TRUE,205
P. vivax,paper_replica,21002,Aglomeração Urbana de São Luís,MA,2020,3,207,1442927,0,0.1271027429152898,-0.1271027429152898,0,1.3895366848080293,TRUE,205
P. vivax,paper_replica,21003,Rosário,MA,2020,1,205,179884,0,0.6043135961541549,-0.6043135961541549,0,6.670965733472682,TRUE,205
P. vivax,paper_replica,21003,Rosário,MA,2020,2,206,179884,0,0.5469251589849023,-0.5469251589849023,0,6.406906673189376,TRUE,205
P. vivax,paper_replica,21003,Rosário,MA,2020,3,207,179884,0,0.5476785119832315,-0.5476785119832315,0,5.559138111227235,TRUE,205
P. vivax,paper_replica,21004,Lençóis Maranhenses,MA,2020,1,205,199178,0,0.20851212312211198,-0.20851212312211198,0,3.0123808854391547,TRUE,205
P. vivax,paper_replica,21004,Lençóis Maranhenses,MA,2020,2,206,199178,0,0.1887130957247192,-0.1887130957247192,0,2.5103174045326293,TRUE,205
P. vivax,paper_replica,21004,Lençóis Maranhenses,MA,2020,3,207,199178,0,0.1889751664672908,-0.1889751664672908,0,3.0123808854391547,TRUE,205
P. vivax,paper_replica,21005,Baixada Maranhense,MA,2020,1,205,608061,1.9734862127319464,1.3040326462376468,0.6694535664942995,0,13.526603416433511,TRUE,205
P. vivax,paper_replica,21005,Baixada Maranhense,MA,2020,2,206,608061,1.8090290283376176,1.1801842694656641,0.6288447588719535,0,12.169831645180336,TRUE,205
P. vivax,paper_replica,21005,Baixada Maranhense,MA,2020,3,207,608061,0.8222859219716443,1.1817988555533714,-0.3595129335817271,0,12.099937341812733,TRUE,205
P. vivax,paper_replica,21006,Itapecuru Mirim,MA,2020,1,205,238418,0,0.28450278652978267,-0.28450278652978267,0,2.7367900074658698,TRUE,205
P. vivax,paper_replica,21006,Itapecuru Mirim,MA,2020,2,206,238418,0,0.25748630116643556,-0.25748630116643556,0,2.93601993138102,TRUE,205
P. vivax,paper_replica,21006,Itapecuru Mirim,MA,2020,3,207,238418,0,0.2578423476535883,-0.2578423476535883,0,2.93601993138102,TRUE,205
P. vivax,paper_replica,21007,Gurupi,MA,2020,1,205,243679,0.8207518908071685,7.2185688725578006,-6.397816981750632,0.8207518908071685,70.1742866640129,TRUE,205
P. vivax,paper_replica,21007,Gurupi,MA,2020,2,206,243679,3.283007563228674,6.532990074425422,-3.249982511196748,0.41037594540358424,64.88043696830663,TRUE,205
P. vivax,paper_replica,21007,Gurupi,MA,2020,3,207,243679,2.4622556724215054,6.541921361399699,-4.079665688978194,0.41037594540358424,67.12724526939127,TRUE,205
P. vivax,paper_replica,21008,Pindaré,MA,2020,1,205,669222,7.172507777688121,2.506452519010303,4.666055258677819,0.14942724536850255,23.10518781510469,TRUE,205
P. vivax,paper_replica,21008,Pindaré,MA,2020,2,206,669222,5.080526342529086,2.2684025234254057,2.81212381910368,0.369832432287044,20.493946702290103,TRUE,205
P. vivax,paper_replica,21008,Pindaré,MA,2020,3,207,669222,3.5862538888440607,2.2715027140259383,1.3147511748181224,0.2988544907370051,19.810317054729214,TRUE,205
P. vivax,paper_replica,21009,Imperatriz,MA,2020,1,205,602537,0.8298245584918437,0.6385580241401414,0.19126653435170227,0,7.80864909540824,TRUE,205
P. vivax,paper_replica,21009,Imperatriz,MA,2020,2,206,602537,0.3319298233967375,0.5779126843854235,-0.24598286098868605,0,6.070166645367825,TRUE,205
P. vivax,paper_replica,21009,Imperatriz,MA,2020,3,207,602537,0.4978947350951062,0.5787041262249351,-0.08080939112982888,0,5.563973664687808,TRUE,205
P. vivax,paper_replica,21010,Médio Mearim,MA,2020,1,205,424432,1.8848720171900328,0.7345238848337426,1.15034813235629,0,8.13440079918573,TRUE,205
P. vivax,paper_replica,21010,Médio Mearim,MA,2020,2,206,424432,1.1780450107437705,0.6647648060081518,0.5132802047356188,0,5.654616051570098,TRUE,205
P. vivax,paper_replica,21010,Médio Mearim,MA,2020,3,207,424432,0.4712180042975082,0.665675477331461,-0.19445747303395283,0,7.191964790590713,TRUE,205
P. vivax,paper_replica,21011,Alto Mearim e Grajaú,MA,2020,1,205,338308,3.2514749872896886,0.9744787035828004,2.2769962837068882,0,12.59946557574751,TRUE,205
P. vivax,paper_replica,21011,Alto Mearim e Grajaú,MA,2020,2,206,338308,2.0691204464570743,0.8819307659500809,1.1871896805069935,0,13.020679380919148,TRUE,205
P. vivax,paper_replica,21011,Alto Mearim e Grajaú,MA,2020,3,207,338308,1.1823545408326142,0.8831389984085624,0.2992155424240518,0,11.417111034914896,TRUE,205
P. vivax,paper_replica,21012,Presidente Dutra,MA,2020,1,205,200027,0.9998650182225399,0.4564071509196062,0.5434578673029338,0,6.261654676618645,TRUE,205
P. vivax,paper_replica,21012,Presidente Dutra,MA,2020,2,206,200027,0.49993250911126996,0.4130642679010422,0.08686824121022774,0,7.261519694841185,TRUE,205
P. vivax,paper_replica,21012,Presidente Dutra,MA,2020,3,207,200027,0.9998650182225399,0.41363288056896785,0.5862321376535721,0,5.99919010933524,TRUE,205
P. vivax,paper_replica,21013,Baixo Parnaíba Maranhense,MA,2020,1,205,147430,2.0348640032557825,0.34267897964561184,1.6921850236101708,0,3.391440005426304,TRUE,205
P. vivax,paper_replica,21013,Baixo Parnaíba Maranhense,MA,2020,2,206,147430,0,0.31013833444210004,-0.31013833444210004,0,3.7475412059960505,TRUE,205
P. vivax,paper_replica,21013,Baixo Parnaíba Maranhense,MA,2020,3,207,147430,0,0.3105671050869437,-0.3105671050869437,0,4.748016007596825,TRUE,205
P. vivax,paper_replica,21014,Chapadinha,MA,2020,1,205,246702,0.4053473421374776,0.21814597472014624,0.18720136741733134,0,3.05023874958451,TRUE,205
P. vivax,paper_replica,21014,Chapadinha,MA,2020,2,206,246702,0.4053473421374776,0.19743089479473944,0.20791644734273815,0,2.644891407447032,TRUE,205
P. vivax,paper_replica,21014,Chapadinha,MA,2020,3,207,246702,0,0.1977038970575445,-0.1977038970575445,0,3.05023874958451,TRUE,205
P. vivax,paper_replica,21015,Codó,MA,2020,1,205,280000,0.7142857142857143,0.3662759340315674,0.3480097802541469,0,5.205357142857119,TRUE,205
P. vivax,paper_replica,21015,Codó,MA,2020,2,206,280000,0.35714285714285715,0.331492196115313,0.025650661027544153,0,3.2142857142857144,TRUE,205
P. vivax,paper_replica,21015,Codó,MA,2020,3,207,280000,0,0.33194877326193817,-0.33194877326193817,0,5.187499999999991,TRUE,205
P. vivax,paper_replica,21016,Coelho Neto,MA,2020,1,205,94357,0,0.05280716903603412,-0.05280716903603412,0,1.0598047839587947,TRUE,205
P. vivax,paper_replica,21016,Coelho Neto,MA,2020,2,206,94357,0,0.04779624323975482,-0.04779624323975482,0,1.0598047839587947,TRUE,205
P. vivax,paper_replica,21016,Coelho Neto,MA,2020,3,207,94357,0,0.04786576320385131,-0.04786576320385131,0,1.0598047839587947,TRUE,205
P. vivax,paper_replica,21017,Caxias,MA,2020,1,205,447282,0.22357260073063528,0.1127004919125208,0.11087210881811449,0,1.6823838204980253,TRUE,205
P. vivax,paper_replica,21017,Caxias,MA,2020,2,206,447282,0,0.10199834609729322,-0.10199834609729322,0,1.3414356043838116,TRUE,205
P. vivax,paper_replica,21017,Caxias,MA,2020,3,207,447282,0.22357260073063528,0.10213923856390907,0.12143336216672622,0,1.1178630036531763,TRUE,205
P. vivax,paper_replica,21018,Chapadas do Alto Itapecuru,MA,2020,1,205,222247,0.8998996611877775,0.10824484437933175,0.7916548168084457,0,1.799799322375555,TRUE,205
P. vivax,paper_replica,21018,Chapadas do Alto Itapecuru,MA,2020,2,206,222247,0.44994983059388877,0.09796695885982286,0.3519828717340659,0,1.3498494917816664,TRUE,205
P. vivax,paper_replica,21018,Chapadas do Alto Itapecuru,MA,2020,3,207,222247,0,0.0981035644016926,-0.0981035644016926,0,1.799799322375555,TRUE,205
P. vivax,paper_replica,21019,Porto Franco,MA,2020,1,205,121114,0,0.2342943266483895,-0.2342943266483895,0,4.561817791502203,TRUE,205
P. vivax,paper_replica,21019,Porto Franco,MA,2020,2,206,121114,0,0.21204774561038833,-0.21204774561038833,0,3.3026735142097525,TRUE,205
P. vivax,paper_replica,21019,Porto Franco,MA,2020,3,207,121114,0,0.2123428727790048,-0.2123428727790048,0,3.3026735142097525,TRUE,205
P. vivax,paper_replica,21020,Gerais de Balsas,MA,2020,1,205,144541,1.38369044077459,0.02822160195821786,1.3554688388163723,0,0.691845220387295,FALSE,205
P. vivax,paper_replica,21020,Gerais de Balsas,MA,2020,2,206,144541,0,0.025543934686370333,-0.025543934686370333,0,0.691845220387295,TRUE,205
P. vivax,paper_replica,21020,Gerais de Balsas,MA,2020,3,207,144541,0,0.02558143527674754,-0.02558143527674754,0,0.691845220387295,TRUE,205
P. vivax,paper_replica,21021,Chapadas das Mangabeiras,MA,2020,1,205,72567,0,0.017821878876498918,-0.017821878876498918,0,0,TRUE,205
P. vivax,paper_replica,21021,Chapadas das Mangabeiras,MA,2020,2,206,72567,0,0.01613317814890025,-0.01613317814890025,0,0,TRUE,205
P. vivax,paper_replica,21021,Chapadas das Mangabeiras,MA,2020,3,207,72567,0,0.01615894990635197,-0.01615894990635197,0,0,TRUE,205
P. vivax,paper_replica,51001,Aripuanã,MT,2020,1,205,173174,83.73081409449455,21.306405914563587,62.424408179930964,5.197085012761731,208.38867266448753,TRUE,205
P. vivax,paper_replica,51001,Aripuanã,MT,2020,2,206,173174,64.67483571436821,19.28282028805037,45.39201542631784,4.893921720350631,161.86032545301242,TRUE,205
P. vivax,paper_replica,51001,Aripuanã,MT,2020,3,207,173174,86.040629655722,19.309163208822977,66.73146644689902,5.197085012761731,173.32278517560366,TRUE,205
P. vivax,paper_replica,51002,Alta Floresta,MT,2020,1,205,108647,1.8408239528012738,2.0537784683613927,-0.2129545155601189,0,21.652691744824963,TRUE,205
P. vivax,paper_replica,51002,Alta Floresta,MT,2020,2,206,108647,3.6816479056025475,1.8587305674264614,1.8229173381760861,0,17.050631862821778,TRUE,205
P. vivax,paper_replica,51002,Alta Floresta,MT,2020,3,207,108647,1.8408239528012738,1.861279604605158,-0.02045565180388431,0,23.01029941001592,TRUE,205
P. vivax,paper_replica,51003,Colíder,MT,2020,1,205,158041,3.7964831910706716,1.797955160787291,1.9985280302833806,0,19.014053315278915,TRUE,205
P. vivax,paper_replica,51003,Colíder,MT,2020,2,206,158041,5.694724786606007,1.627200875318658,4.067523911287349,0,15.850317322720024,TRUE,205
P. vivax,paper_replica,51003,Colíder,MT,2020,3,207,158041,7.592966382141343,1.6294317641981992,5.963534617943144,0,18.982415955353357,TRUE,205
P. vivax,paper_replica,51004,Parecis,MT,2020,1,205,113087,0,0.6545320260819254,-0.6545320260819254,0,9.771238073341724,TRUE,205
P. vivax,paper_replica,51004,Parecis,MT,2020,2,206,113087,6.189924571347723,0.5923765465348085,5.597548024812915,0,6.189924571347723,TRUE,205
P. vivax,paper_replica,51004,Parecis,MT,2020,3,207,113087,8.842749387639605,0.5931943262001297,8.249555061439475,0,6.654168914198783,FALSE,205
P. vivax,paper_replica,51005,Arinos,MT,2020,1,205,83825,1.1929615269907545,0.21545264237499617,0.9775088846157584,0,3.012227855651628,TRUE,205
P. vivax,paper_replica,51005,Arinos,MT,2020,2,206,83825,0,0.19499688409445765,-0.19499688409445765,0,3.578884580972264,TRUE,205
P. vivax,paper_replica,51005,Arinos,MT,2020,3,207,83825,0,0.19527009412689889,-0.19527009412689889,0,3.578884580972264,TRUE,205
P. vivax,paper_replica,51006,Alto Teles Pires,MT,2020,1,205,267191,0,0.49509140608657154,-0.49509140608657154,0,8.430298924739223,TRUE,205
P. vivax,paper_replica,51006,Alto Teles Pires,MT,2020,2,206,267191,0.3742641032070691,0.4480752194048389,-0.07381111619776981,0,5.43618609908267,TRUE,205
P. vivax,paper_replica,51006,Alto Teles Pires,MT,2020,3,207,267191,1.1227923096212074,0.4486923763903964,0.674099933230811,0,4.687657892668533,TRUE,205
P. vivax,paper_replica,51007,Sinop,MT,2020,1,205,209969,0.4762607813534379,1.1578769948774184,-0.6816162135239805,0,13.109078006753366,TRUE,205
P. vivax,paper_replica,51007,Sinop,MT,2020,2,206,209969,0,1.0479146890069007,-1.0479146890069007,0,14.085412608527893,TRUE,205
P. vivax,paper_replica,51007,Sinop,MT,2020,3,207,209969,0.4762607813534379,1.0493535454053535,-0.5730927640519157,0,14.085412608527893,TRUE,205
P. vivax,paper_replica,51008,Paranatinga,MT,2020,1,205,37097,0,0.5172079417945357,-0.5172079417945357,0,8.086907297086018,TRUE,205
P. vivax,paper_replica,51008,Paranatinga,MT,2020,2,206,37097,0,0.46810370104544324,-0.46810370104544324,0,8.086907297086018,TRUE,205
P. vivax,paper_replica,51008,Paranatinga,MT,2020,3,207,37097,0,0.46875999374716126,-0.46875999374716126,0,8.086907297086018,TRUE,205
P. vivax,paper_replica,51009,Norte Araguaia,MT,2020,1,205,134387,0,0.19574555199939817,-0.19574555199939817,0,2.97647837960517,TRUE,205
P. vivax,paper_replica,51009,Norte Araguaia,MT,2020,2,206,134387,0,0.1771601643106321,-0.1771601643106321,0,2.2323587847038775,TRUE,205
P. vivax,paper_replica,51009,Norte Araguaia,MT,2020,3,207,134387,2.2323587847038775,0.17740775413940674,2.054951030564471,0,2.2323587847038775,TRUE,205
P. vivax,paper_replica,51010,Canarana,MT,2020,1,205,118050,0,0.15250605891428126,-0.15250605891428126,0,2.5412960609911055,TRUE,205
P. vivax,paper_replica,51010,Canarana,MT,2020,2,206,118050,0,0.1380267415177889,-0.1380267415177889,0,2.5412960609911055,TRUE,205
P. vivax,paper_replica,51010,Canarana,MT,2020,3,207,118050,0,0.13821997741317615,-0.13821997741317615,0,2.9860228716645296,TRUE,205
P. vivax,paper_replica,51011,Médio Araguaia,MT,2020,1,205,69925,0,0.04604241635290931,-0.04604241635290931,0,1.4301036825169826,TRUE,205
P. vivax,paper_replica,51011,Médio Araguaia,MT,2020,2,206,69925,0,0.04167465133414463,-0.04167465133414463,0,1.4301036825169826,TRUE,205
P. vivax,paper_replica,51011,Médio Araguaia,MT,2020,3,207,69925,0,0.0417364503114148,-0.0417364503114148,0,1.4301036825169826,TRUE,205
P. vivax,paper_replica,51012,Alto Guaporé,MT,2020,1,205,76023,2.630782789418992,0.5984126852945865,2.0323701041244053,0,7.892348368256974,TRUE,205
P. vivax,paper_replica,51012,Alto Guaporé,MT,2020,2,206,76023,6.576956973547479,0.5415887164476271,6.035368257099852,0,7.267537455769935,TRUE,205
P. vivax,paper_replica,51012,Alto Guaporé,MT,2020,3,207,76023,5.261565578837984,0.5423386115573132,4.719226967280671,0,6.576956973547479,TRUE,205
P. vivax,paper_replica,51013,Tangará da Serra,MT,2020,1,205,174002,0,0.11815275726839553,-0.11815275726839553,0,1.7241181135849013,TRUE,205
P. vivax,paper_replica,51013,Tangará da Serra,MT,2020,2,206,174002,0,0.10693484935751618,-0.10693484935751618,0,1.7241181135849013,TRUE,205
P. vivax,paper_replica,51013,Tangará da Serra,MT,2020,3,207,174002,0.5747060378616338,0.1070844368640848,0.46762160099754896,0,2.298824151446535,TRUE,205
P. vivax,paper_replica,51014,Jauru,MT,2020,1,205,111030,0,0.08536587339808055,-0.08536587339808055,0,1.801314959920742,TRUE,205
P. vivax,paper_replica,51014,Jauru,MT,2020,2,206,111030,0,0.07726237193727935,-0.07726237193727935,0,0.900657479960371,TRUE,205
P. vivax,paper_replica,51014,Jauru,MT,2020,3,207,111030,0,0.07737200948027681,-0.07737200948027681,0,1.801314959920742,TRUE,205
P. vivax,paper_replica,51015,Alto Paraguai,MT,2020,1,205,33357,0,0.1005816568544655,-0.1005816568544655,0,2.997871511227029,TRUE,205
P. vivax,paper_replica,51015,Alto Paraguai,MT,2020,2,206,33357,0,0.0910395440860945,-0.0910395440860945,0,2.997871511227029,TRUE,205
P. vivax,paper_replica,51015,Alto Paraguai,MT,2020,3,207,33357,0,0.09117417867395294,-0.09117417867395294,0,2.997871511227029,TRUE,205
P. vivax,paper_replica,51016,Rosário Oeste,MT,2020,1,205,30839,0,0.07273878353593578,-0.07273878353593578,0,3.2426472972534777,TRUE,205
P. vivax,paper_replica,51016,Rosário Oeste,MT,2020,2,206,30839,0,0.06583988028792485,-0.06583988028792485,0,3.2426472972534777,TRUE,205
P. vivax,paper_replica,51016,Rosário Oeste,MT,2020,3,207,30839,0,0.06593883082404904,-0.06593883082404904,0,0,TRUE,205
P. vivax,paper_replica,51017,Cuiabá,MT,2020,1,205,955206,0.41875783862329174,0.12042259924108645,0.2983352393822053,0,1.4159249418450028,TRUE,205
P. vivax,paper_replica,51017,Cuiabá,MT,2020,2,206,955206,0.20937891931164587,0.10898635099614222,0.10039256831550365,0,1.6253038611566486,TRUE,205
P. vivax,paper_replica,51017,Cuiabá,MT,2020,3,207,955206,0.10468945965582294,0.10913620888068135,-0.0044467492248584095,0,1.5703418948373438,TRUE,205
P. vivax,paper_replica,51018,Alto Pantanal,MT,2020,1,205,141581,0,0.08198533675826326,-0.08198533675826326,0,1.4126189248557364,TRUE,205
P. vivax,paper_replica,51018,Alto Pantanal,MT,2020,2,206,141581,1.4126189248557364,0.07420247999807948,1.338416444857657,0,1.4126189248557364,TRUE,205
P. vivax,paper_replica,51018,Alto Pantanal,MT,2020,3,207,141581,0,0.07430733441694073,-0.07430733441694073,0,1.4126189248557364,TRUE,205
P. vivax,paper_replica,51019,Primavera do Leste,MT,2020,1,205,108832,0,0.0998247854728934,-0.0998247854728934,0,2.7565421934725083,TRUE,205
P. vivax,paper_replica,51019,Primavera do Leste,MT,2020,2,206,108832,0,0.09034926987279829,-0.09034926987279829,0,2.7565421934725083,TRUE,205
P. vivax,paper_replica,51019,Primavera do Leste,MT,2020,3,207,108832,0,0.09047769698909486,-0.09047769698909486,0,1.8376947956483385,TRUE,205
P. vivax,paper_replica,51020,Tesouro,MT,2020,1,205,55885,0,0.027092010676868304,-0.027092010676868304,0,0,TRUE,205
P. vivax,paper_replica,51020,Tesouro,MT,2020,2,206,55885,0,0.02452409267455523,-0.02452409267455523,0,1.7893889236825622,TRUE,205
P. vivax,paper_replica,51020,Tesouro,MT,2020,3,207,55885,0,0.02456250676050331,-0.02456250676050331,0,0,TRUE,205
P. vivax,paper_replica,51021,Rondonópolis,MT,2020,1,205,323403,0.3092117265455175,0.08328041867620999,0.22593130786930748,0,1.23684690618207,TRUE,205
P. vivax,paper_replica,51021,Rondonópolis,MT,2020,2,206,323403,0,0.07537297224346944,-0.07537297224346944,0,1.23684690618207,TRUE,205
P. vivax,paper_replica,51021,Rondonópolis,MT,2020,3,207,323403,0,0.07547797954326961,-0.07547797954326961,0,1.23684690618207,TRUE,205
P. vivax,paper_replica,51022,Alto Araguaia,MT,2020,1,205,42669,0,0.011721843256759113,-0.011721843256759113,0,0,TRUE,205
P. vivax,paper_replica,51022,Alto Araguaia,MT,2020,2,206,42669,0,0.01061376297421305,-0.01061376297421305,0,0,TRUE,205
P. vivax,paper_replica,51022,Alto Araguaia,MT,2020,3,207,42669,0,0.010633164188958854,-0.010633164188958854,0,0,TRUE,205
P. falciparum,paper_replica,11001,Porto Velho,RO,2012,1,109,559543,11.080471027249024,81.861154709751915,-70.7806836825029,62.09978500311862,110.00495046850733,FALSE,109
P. falciparum,paper_replica,11001,Porto Velho,RO,2012,2,110,559543,7.5061255345880475,69.51632193915269,-62.01019640456464,45.21547048216134,101.53821958276663,FALSE,109
P. falciparum,paper_replica,11001,Porto Velho,RO,2012,3,111,559543,9.472015555551584,71.61567700856341,-62.14366145301182,46.45755554086102,119.1374032022561,FALSE,109
P. falciparum,paper_replica,11002,Guajará-Mirim,RO,2012,1,109,73193,1.3662508709849301,27.540869845214814,-26.174618974229883,4.747721776672634,50.55128222644242,FALSE,109
P. falciparum,paper_replica,11002,Guajará-Mirim,RO,2012,2,110,73193,4.098752612954791,22.651904637065982,-18.553152024111192,4.747721776672634,45.80356044976976,FALSE,109
P. falciparum,paper_replica,11002,Guajará-Mirim,RO,2012,3,111,73193,0,23.560616662677784,-23.560616662677784,3.3814709056877046,49.1850313554575,FALSE,109
P. falciparum,paper_replica,11003,Ariquemes,RO,2012,1,109,176003,7.3862377345840695,90.79484210913938,-83.40860437455531,54.51611620256473,134.38691385942283,FALSE,109
P. falciparum,paper_replica,11003,Ariquemes,RO,2012,2,110,176003,5.1135492008658945,76.05752352422756,-70.94397432336167,45.72365243774254,115.06906132281836,FALSE,109
P. falciparum,paper_replica,11003,Ariquemes,RO,2012,3,111,176003,7.3862377345840695,81.03240210674016,-73.6461643721561,46.83158809793015,137.22777452657056,FALSE,109
P. falciparum,paper_replica,11004,Ji-Paraná,RO,2012,1,109,294157,0.6799090281720306,10.776878540367804,-10.096969512195773,3.3995451408601527,19.895837936884035,FALSE,109
P. falciparum,paper_replica,11004,Ji-Paraná,RO,2012,2,110,294157,1.0198635422580458,8.89551113434897,-7.875647592090925,3.3825474151558526,17.176201824195914,FALSE,109
P. falciparum,paper_replica,11004,Ji-Paraná,RO,2012,3,111,294157,0.3399545140860153,9.498626440566841,-9.158671926480826,3.221069020964995,18.69749827473084,FALSE,109
P. falciparum,paper_replica,11005,Alvorada D'Oeste,RO,2012,1,109,69841,0,4.7437839197122855,-4.7437839197122855,0,14.31823713864349,TRUE,109
P. falciparum,paper_replica,11005,Alvorada D'Oeste,RO,2012,2,110,69841,0,3.9564518867488956,-3.9564518867488956,0,11.454589710914792,TRUE,109
P. falciparum,paper_replica,11005,Alvorada D'Oeste,RO,2012,3,111,69841,0,4.0976778109996586,-4.0976778109996586,0,11.454589710914792,TRUE,109
P. falciparum,paper_replica,11006,Cacoal,RO,2012,1,109,228654,0.43734201019881563,4.310027767302005,-3.872685757103189,0,9.184182214175129,TRUE,109
P. falciparum,paper_replica,11006,Cacoal,RO,2012,2,110,228654,0,3.6218424042492403,-3.6218424042492403,0,8.101760738933049,TRUE,109
P. falciparum,paper_replica,11006,Cacoal,RO,2012,3,111,228654,0,3.7859789201551886,-3.7859789201551886,0,10.496208244771577,TRUE,109
P. falciparum,paper_replica,11007,Vilhena,RO,2012,1,109,136730,0,2.400761079473251,-2.400761079473251,0,6.582315512323557,TRUE,109
P. falciparum,paper_replica,11007,Vilhena,RO,2012,2,110,136730,0,2.069029337598732,-2.069029337598732,0,5.850947122065384,TRUE,109
P. falciparum,paper_replica,11007,Vilhena,RO,2012,3,111,136730,0.731368390258173,2.1663051843149588,-1.4349367940567856,0,5.850947122065384,TRUE,109
P. falciparum,paper_replica,11008,Colorado do Oeste,RO,2012,1,109,51890,0,5.898527988203854,-5.898527988203854,0,15.417228753131624,TRUE,109
P. falciparum,paper_replica,11008,Colorado do Oeste,RO,2012,2,110,51890,0,4.982406501868839,-4.982406501868839,0,13.490075158990173,TRUE,109
P. falciparum,paper_replica,11008,Colorado do Oeste,RO,2012,3,111,51890,0,5.130194933410049,-5.130194933410049,0,15.417228753131624,TRUE,109
P. falciparum,paper_replica,12001,Cruzeiro do Sul,AC,2012,1,109,135803,402.7893345507831,215.82124546389113,186.96808908689198,156.1084806668483,304.6140365087663,FALSE,109
P. falciparum,paper_replica,12001,Cruzeiro do Sul,AC,2012,2,110,135803,292.3352208714093,180.10605756961107,112.22916330179825,116.69477110225841,276.5218735963123,FALSE,109
P. falciparum,paper_replica,12001,Cruzeiro do Sul,AC,2012,3,111,135803,234.16272100027246,181.0700025988403,53.092718401432165,112.1661524414041,303.95131182668996,TRUE,109
P. falciparum,paper_replica,12002,Tarauacá,AC,2012,1,109,76221,1.3119743902599021,14.468152691373081,-13.15617830111318,0,30.175410975977748,TRUE,109
P. falciparum,paper_replica,12002,Tarauacá,AC,2012,2,110,76221,0,12.808133034547819,-12.808133034547819,0,27.551462195457944,TRUE,109
P. falciparum,paper_replica,12002,Tarauacá,AC,2012,3,111,76221,1.3119743902599021,12.741213961715623,-11.429239571455721,0,27.551462195457944,TRUE,109
P. falciparum,paper_replica,12003,Sena Madureira,AC,2012,1,109,52651,0,0.8537324727713198,-0.8537324727713198,0,3.798598317220945,TRUE,109
P. falciparum,paper_replica,12003,Sena Madureira,AC,2012,2,110,52651,0,0.7743687611740275,-0.7743687611740275,0,3.798598317220945,TRUE,109
P. falciparum,paper_replica,12003,Sena Madureira,AC,2012,3,111,52651,0,0.7675219936008043,-0.7675219936008043,0,3.798598317220945,TRUE,109
P. falciparum,paper_replica,12004,Rio Branco,AC,2012,1,109,433224,0.23082747031558734,11.136400308388314,-10.905572838072727,5.539859287574095,17.894899636215904,FALSE,109
P. falciparum,paper_replica,12004,Rio Branco,AC,2012,2,110,433224,0.6924824109467619,10.052799568293286,-9.360317157346525,3.7913411999335227,18.00454268461581,FALSE,109
P. falciparum,paper_replica,12004,Rio Branco,AC,2012,3,111,433224,0.23082747031558734,9.918127734057915,-9.687300263742328,3.5720551031337138,19.51069192842501,FALSE,109
P. falciparum,paper_replica,12005,Brasiléia,AC,2012,1,109,60887,0,3.9499177561215055,-3.9499177561215055,0,11.496707014633666,TRUE,109
P. falciparum,paper_replica,12005,Brasiléia,AC,2012,2,110,60887,0,3.5284802131514255,-3.5284802131514255,0,9.854320298257427,TRUE,109
P. falciparum,paper_replica,12005,Brasiléia,AC,2012,3,111,60887,0,3.4639831806603048,-3.4639831806603048,0,11.496707014633666,TRUE,109
P. falciparum,paper_replica,13001,Rio Negro,AM,2012,1,109,99826,43.074950413719876,71.38427714859259,-28.309326734872712,40.06972131508825,111.71939174163042,TRUE,109
P. falciparum,paper_replica,13001,Rio Negro,AM,2012,2,110,99826,64.1115541041412,60.23503143255492,3.8765226715862866,32.53160499268728,102.70370444573555,TRUE,109
P. falciparum,paper_replica,13001,Rio Negro,AM,2012,3,111,99826,41.07146434796546,61.611518413007296,-20.540054065041836,29.050547953438983,109.715905675876,TRUE,109
P. falciparum,paper_replica,13002,Japurá,AM,2012,1,109,25044,7.985944737262418,14.774143156697884,-6.788198419435465,0,39.929723686312094,TRUE,109
P. falciparum,paper_replica,13002,Japurá,AM,2012,2,110,25044,15.971889474524836,12.42587421247822,3.546015262046616,0,35.93675131768088,TRUE,109
P. falciparum,paper_replica,13002,Japurá,AM,2012,3,111,25044,35.93675131768088,12.55865922212138,23.378092095559502,0,39.929723686312094,TRUE,109
P. falciparum,paper_replica,13003,Alto Solimões,AM,2012,1,109,231482,40.60790903828376,26.82813265252447,13.779776385759288,15.119966131275865,43.19990323221676,TRUE,109
P. falciparum,paper_replica,13003,Alto Solimões,AM,2012,2,110,231482,59.615866460459124,23.2303502658881,36.385516194571025,10.141177283762886,38.44791387667292,FALSE,109
P. falciparum,paper_replica,13003,Alto Solimões,AM,2012,3,111,231482,94.6077880785547,23.20378586552946,71.40400221302525,10.778375856438082,44.06390129686109,FALSE,109
P. falciparum,paper_replica,13004,Juruá,AM,2012,1,109,131695,140.47610007972966,38.9665315843943,101.50956849533536,18.185959983294737,63.78374273890428,FALSE,109
P. falciparum,paper_replica,13004,Juruá,AM,2012,2,110,131695,88.84164167204526,33.78066952650808,55.06097214553718,15.18660541402483,59.26572762823187,FALSE,109
P. falciparum,paper_replica,13004,Juruá,AM,2012,3,111,131695,154.90337522305327,34.075074591181746,120.82830063187153,12.509966209802954,63.062378981738064,FALSE,109
P. falciparum,paper_replica,13005,Tefé,AM,2012,1,109,87520,34.27787934186472,60.753711463461634,-26.475832121596916,30.73583180987204,102.8907678244972,TRUE,109
P. falciparum,paper_replica,13005,Tefé,AM,2012,2,110,87520,34.27787934186472,52.69795057355979,-18.42007123169507,25.137111517367458,90.26508226691043,TRUE,109
P. falciparum,paper_replica,13005,Tefé,AM,2012,3,111,87520,33.135283363802564,52.283399631456135,-19.14811626765357,23.39465265082267,97.23491773308947,TRUE,109
P. falciparum,paper_replica,13006,Coari,AM,2012,1,109,156671,18.5101263156551,37.64270441171112,-19.132578096056022,18.813309419101174,60.33343758576889,FALSE,109
P. falciparum,paper_replica,13006,Coari,AM,2012,2,110,156671,7.659362613374523,32.18649708724741,-24.527134473872888,14.983628112413912,54.253818511402876,FALSE,109
P. falciparum,paper_replica,13006,Coari,AM,2012,3,111,156671,5.106241742249682,32.507799511466935,-27.401557769217252,15.621908330195124,60.9717178035501,FALSE,109
P. falciparum,paper_replica,13007,Manaus,AM,2012,1,109,2106861,1.5188472329213933,16.405551621100894,-14.886704388179501,11.865994007198386,22.760163105207226,FALSE,109
P. falciparum,paper_replica,13007,Manaus,AM,2012,2,110,2106861,1.8510950651229483,14.03134350317831,-12.180248438055362,8.82355314375272,22.33536051974952,FALSE,109
P. falciparum,paper_replica,13007,Manaus,AM,2012,3,111,2106861,2.2782708493820905,14.185413356653017,-11.907142507270926,8.97899766524702,23.377194793581538,FALSE,109
P. falciparum,paper_replica,13008,Rio Preto da Eva,AM,2012,1,109,55600,0,79.36938676547223,-79.36938676547223,36.73561151079137,133.0935251798561,FALSE,109
P. falciparum,paper_replica,13008,Rio Preto da Eva,AM,2012,2,110,55600,1.7985611510791366,66.62882938469436,-64.83026823361521,32.37410071942446,123.24640287769779,FALSE,109
P. falciparum,paper_replica,13008,Rio Preto da Eva,AM,2012,3,111,55600,0,65.20381854223292,-65.20381854223292,33.22841726618705,124.10071942446042,FALSE,109
P. falciparum,paper_replica,13009,Itacoatiara,AM,2012,1,109,156384,0,17.646393868439286,-17.646393868439286,4.476161244117045,31.029389195825644,FALSE,109
P. falciparum,paper_replica,13009,Itacoatiara,AM,2012,2,110,156384,0,14.783307896486228,-14.783307896486228,4.1404491508082675,30.389937589523207,FALSE,109
P. falciparum,paper_replica,13009,Itacoatiara,AM,2012,3,111,156384,0,15.18627003114754,-15.18627003114754,1.5826427255985276,31.029389195825644,FALSE,109
P. falciparum,paper_replica,13010,Parintins,AM,2012,1,109,248506,2.4144286254657836,5.914862851277471,-3.5004342258116874,0.8048095418219279,12.283405632057166,TRUE,109
P. falciparum,paper_replica,13010,Parintins,AM,2012,2,110,248506,2.4144286254657836,5.015356295040317,-2.6009276695745336,0,10.673786548413307,TRUE,109
P. falciparum,paper_replica,13010,Parintins,AM,2012,3,111,248506,4.828857250931567,5.0564300307099375,-0.2275727797783702,0.40240477091096394,11.076191319324273,TRUE,109
P. falciparum,paper_replica,13011,Boca do Acre,AM,2012,1,109,49500,0,36.79544941726412,-36.79544941726412,8.080808080808081,75.80808080808077,FALSE,109
P. falciparum,paper_replica,13011,Boca do Acre,AM,2012,2,110,49500,2.0202020202020203,33.7383750063043,-31.71817298610228,4.040404040404041,67.72727272727269,FALSE,109
P. falciparum,paper_replica,13011,Boca do Acre,AM,2012,3,111,49500,4.040404040404041,32.968648565102754,-28.928244524698712,8.080808080808081,70.70707070707071,FALSE,109
P. falciparum,paper_replica,13012,Purus,AM,2012,1,109,70911,19.743058199715136,56.762377469612254,-37.01931926989712,26.053785731409796,98.04543723822817,FALSE,109
P. falciparum,paper_replica,13012,Purus,AM,2012,2,110,70911,25.383931971062317,48.128347727552644,-22.744415756490326,16.922621314041542,88.1739081383706,TRUE,109
P. falciparum,paper_replica,13012,Purus,AM,2012,3,111,70911,29.6145872995727,48.0232368443263,-18.408649544753597,21.15327664255193,94.55514659220707,TRUE,109
P. falciparum,paper_replica,13013,Madeira,AM,2012,1,109,170985,16.375705471240167,42.315690767548865,-25.9399852963087,23.393864958914524,67.25736175687925,FALSE,109
P. falciparum,paper_replica,13013,Madeira,AM,2012,2,110,170985,4.093926367810042,36.61652389871773,-32.52259753090769,15.761616516068663,62.88563324268209,FALSE,109
P. falciparum,paper_replica,13013,Madeira,AM,2012,3,111,170985,11.112085855484398,37.65682012809851,-26.54473427261411,18.656607304734337,65.83910869374503,FALSE,109
P. falciparum,paper_replica,14001,Boa Vista,RR,2012,1,109,334076,36.518636477927174,14.351325370225284,22.16731110770189,6.28599480357763,24.844646128425865,FALSE,109
P. falciparum,paper_replica,14001,Boa Vista,RR,2012,2,110,334076,22.449981441348676,12.177832814051168,10.272148627297508,4.931512589949593,21.25264909781008,FALSE,109
P. falciparum,paper_replica,14001,Boa Vista,RR,2012,3,111,334076,23.04864761311797,12.226730884582533,10.821916728535438,4.931512589949593,23.04864761311797,TRUE,109
P. falciparum,paper_replica,14002,Nordeste de Roraima,RR,2012,1,109,44023,74.96081593712378,56.33863663288698,18.622179304236802,15.90077913817777,99.94775458283169,TRUE,109
P. falciparum,paper_replica,14002,Nordeste de Roraima,RR,2012,2,110,44023,79.50389569088885,42.09558787108544,37.40830781980341,11.357699384412694,77.23235581400631,FALSE,109
P. falciparum,paper_replica,14002,Nordeste de Roraima,RR,2012,3,111,44023,56.788496922063466,46.78680877530038,10.001688146763087,11.357699384412694,95.51825182291064,TRUE,109
P. falciparum,paper_replica,14003,Caracaraí,RR,2012,1,109,43635,29.792597685344333,49.768088805315905,-19.975491119971572,13.750429700928155,93.96126962300906,TRUE,109
P. falciparum,paper_replica,14003,Caracaraí,RR,2012,2,110,43635,27.50085940185631,42.55783116993711,-15.0569717680808,6.8752148504640775,90.58095565486417,TRUE,109
P. falciparum,paper_replica,14003,Caracaraí,RR,2012,3,111,43635,38.95955081929643,42.32083898561414,-3.3612881663177063,11.458691417440129,85.99747908788811,TRUE,109
P. falciparum,paper_replica,14004,Sudeste de Roraima,RR,2012,1,109,47790,69.05210295040803,47.01884756338745,22.033255387020574,12.554927809165097,88.98305084745758,TRUE,109
P. falciparum,paper_replica,14004,Sudeste de Roraima,RR,2012,2,110,47790,41.849759363883656,40.725848911009514,1.1239104528741422,6.277463904582548,78.52061100648666,TRUE,109
P. falciparum,paper_replica,14004,Sudeste de Roraima,RR,2012,3,111,47790,23.01736765013601,40.326561717698226,-17.309194067562217,2.092487968194183,82.70558694287503,TRUE,109
P. falciparum,paper_replica,15001,Óbidos,PA,2012,1,109,189429,18.476579615581564,6.643693034656819,11.832886580924745,0,13.197556868272544,FALSE,109
P. falciparum,paper_replica,15001,Óbidos,PA,2012,2,110,189429,0,5.566648425454072,-5.566648425454072,0,11.890998738313552,TRUE,109
P. falciparum,paper_replica,15001,Óbidos,PA,2012,3,111,189429,1.0558045494618036,5.849434282583252,-4.793629733121449,0.2507535804971791,13.725459143003446,TRUE,109
P. falciparum,paper_replica,15002,Santarém,PA,2012,1,109,492734,4.6678329484062395,3.7860882854669,0.8817446629393397,0.7052486737265952,7.006823154075013,TRUE,109
P. falciparum,paper_replica,15002,Santarém,PA,2012,2,110,492734,3.0442388793953734,3.009534865826367,0.03470401356900643,0.6088477758790747,6.088477758790747,TRUE,109
P. falciparum,paper_replica,15002,Santarém,PA,2012,3,111,492734,2.4353911035162987,3.074421047501099,-0.6390299439848004,0.4058985172527165,6.19502611956958,TRUE,109
P. falciparum,paper_replica,15003,Almeirim,PA,2012,1,109,69092,5.789382272911481,8.009425156939615,-2.2200428840281345,0,21.710183523418053,TRUE,109
P. falciparum,paper_replica,15003,Almeirim,PA,2012,2,110,69092,4.34203670468361,6.279094836674011,-1.9370581319904003,0,15.920801250506571,TRUE,109
P. falciparum,paper_replica,15003,Almeirim,PA,2012,3,111,69092,2.8946911364557404,6.472776464107956,-3.5780853276522158,0,17.36814681873444,TRUE,109
P. falciparum,paper_replica,15004,Portel,PA,2012,1,109,135041,19.25341192674817,8.267318681132906,10.986093245615265,0.7405158433364681,17.03186439673877,FALSE,109
P. falciparum,paper_replica,15004,Portel,PA,2012,2,110,135041,22.955991143430516,6.607120145198008,16.348870998232506,0.7405158433364681,15.199087684480993,FALSE,109
P. falciparum,paper_replica,15004,Portel,PA,2012,3,111,135041,18.512896083411707,6.7942732254921925,11.718622857919515,0.7405158433364681,16.2913485534023,FALSE,109
P. falciparum,paper_replica,15005,Furos de Breves,PA,2012,1,109,209923,252.473526007155,80.11554752597883,172.35797848117616,50.69716038738014,115.30418296232426,FALSE,109
P. falciparum,paper_replica,15005,Furos de Breves,PA,2012,2,110,209923,262.953559162169,64.2039082542514,198.74965090791756,36.43002434225883,102.23986890431249,FALSE,109
P. falciparum,paper_replica,15005,Furos de Breves,PA,2012,3,111,209923,333.93196553021824,64.27068820078726,269.66127732943096,37.6090280721979,114.80399956174406,FALSE,109
P. falciparum,paper_replica,15006,Arari,PA,2012,1,109,158333,3.789481662066657,9.621070775070827,-5.83158911300417,1.2631605540222188,18.947408310333287,TRUE,109
P. falciparum,paper_replica,15006,Arari,PA,2012,2,110,158333,46.73694049882211,7.744655472643207,38.9922850261789,0.6315802770111094,16.121086570708556,FALSE,109
P. falciparum,paper_replica,15006,Arari,PA,2012,3,111,158333,60.63170659306651,7.670109439544313,52.9615971535222,0,17.384247124730773,FALSE,109
P. falciparum,paper_replica,15007,Belém,PA,2012,1,109,2185084,0.4576483100878501,0.2702794922761789,0.1873688178116712,0,0.6864724651317753,TRUE,109
P. falciparum,paper_replica,15007,Belém,PA,2012,2,110,2185084,0.3661186480702801,0.2194066362485774,0.1467120118217027,0,0.5949428031142052,TRUE,109
P. falciparum,paper_replica,15007,Belém,PA,2012,3,111,2185084,0.3203538170614951,0.21257447932979295,0.10777933773170217,0,0.5491779721054202,TRUE,109
P. falciparum,paper_replica,15008,Castanhal,PA,2012,1,109,305405,0,0.3463239284724339,-0.3463239284724339,0,1.3097362518622813,TRUE,109
P. falciparum,paper_replica,15008,Castanhal,PA,2012,2,110,305405,0,0.2747372361700662,-0.2747372361700662,0,0.9823021888967108,TRUE,109
P. falciparum,paper_replica,15008,Castanhal,PA,2012,3,111,305405,0,0.27439782608969143,-0.27439782608969143,0,0.9823021888967108,TRUE,109
P. falciparum,paper_replica,15009,Salgado,PA,2012,1,109,251888,12.307057104744967,0.15173711736160111,12.155319987383365,0,0.7940036841770945,FALSE,109
P. falciparum,paper_replica,15009,Salgado,PA,2012,2,110,251888,2.779012894619831,0.12258589653530773,2.656426998084523,0,0.7940036841770945,FALSE,109
P. falciparum,paper_replica,15009,Salgado,PA,2012,3,111,251888,1.588007368354189,0.12101269594983856,1.4669946724043506,0,0.7940036841770945,FALSE,109
P. falciparum,paper_replica,15010,Bragantina,PA,2012,1,109,390863,0,0.6926062761329516,-0.6926062761329516,0,2.0467529543599676,TRUE,109
P. falciparum,paper_replica,15010,Bragantina,PA,2012,2,110,390863,0.25584411929499595,0.5443275115174064,-0.2884833922224105,0,1.6693828783998428,TRUE,109
P. falciparum,paper_replica,15010,Bragantina,PA,2012,3,111,390863,0,0.5418123700764667,-0.5418123700764667,0,1.5350647157699757,TRUE,109
P. falciparum,paper_replica,15011,Cametá,PA,2012,1,109,449907,22.226815764146814,1.9391056067818164,20.287710157364998,0,4.117517620308192,FALSE,109
P. falciparum,paper_replica,15011,Cametá,PA,2012,2,110,449907,15.336502877261301,1.5677680608298292,13.768734816431472,0,3.7785586799049584,FALSE,109
P. falciparum,paper_replica,15011,Cametá,PA,2012,3,111,449907,18.003720768958917,1.6007668086218239,16.402953960337094,0,3.8952494626667242,FALSE,109
P. falciparum,paper_replica,15012,Tomé-Açu,PA,2012,1,109,299079,17.386710534674783,5.209727753701914,12.17698278097287,0,9.87197362569755,FALSE,109
P. falciparum,paper_replica,15012,Tomé-Açu,PA,2012,2,110,299079,4.346677633668696,4.173745498542558,0.17293213512613814,0,9.027715085311907,TRUE,109
P. falciparum,paper_replica,15012,Tomé-Açu,PA,2012,3,111,299079,6.6871963594903026,4.26740514696015,2.4197912125301526,0.3343598179745151,9.203253989748521,TRUE,109
P. falciparum,paper_replica,15013,Guamá,PA,2012,1,109,441719,3.62221231144687,10.548706022968325,-6.926493711521456,5.206930197704876,18.11106155723435,FALSE,109
P. falciparum,paper_replica,15013,Guamá,PA,2012,2,110,441719,1.131941347327147,8.236521483690796,-7.104580136363649,3.169435772516011,14.71523751525291,FALSE,109
P. falciparum,paper_replica,15013,Guamá,PA,2012,3,111,441719,2.263882694654294,8.341574612064957,-6.077691917410663,2.4902709641197234,15.394402323649198,FALSE,109
P. falciparum,paper_replica,15014,Itaituba,PA,2012,1,109,213017,300.91495044996407,86.66002160602672,214.25492884393736,60.55854697042959,123.7342559514029,FALSE,109
P. falciparum,paper_replica,15014,Itaituba,PA,2012,2,110,213017,269.93150781393035,74.70469714799403,195.22681066593634,47.167596952355915,115.26075383654825,FALSE,109
P. falciparum,paper_replica,15014,Itaituba,PA,2012,3,111,213017,193.4117934249379,78.57296816551442,114.83882525942349,45.98224554847735,131.022406662379,FALSE,109
P. falciparum,paper_replica,15015,Altamira,PA,2012,1,109,281058,27.752278889054928,23.85869929007713,3.893579598977798,11.741348760754008,39.680421834639105,TRUE,109
P. falciparum,paper_replica,15015,Altamira,PA,2012,2,110,281058,24.905891310690322,20.651068869737486,4.254822440952836,9.04617552249002,36.66502999380909,TRUE,109
P. falciparum,paper_replica,15015,Altamira,PA,2012,3,111,281058,11.029751866162856,21.483725766372515,-10.45397390020966,10.656163496502502,38.426232307922206,TRUE,109
P. falciparum,paper_replica,15016,Tucuruí,PA,2012,1,109,340793,13.791363085509387,31.040956323023604,-17.24959323751422,20.525656336837905,47.70491177929122,FALSE,109
P. falciparum,paper_replica,15016,Tucuruí,PA,2012,2,110,340793,15.258529371201874,27.058139574997877,-11.799610203796004,14.363557936929457,43.024651327932176,TRUE,109
P. falciparum,paper_replica,15016,Tucuruí,PA,2012,3,111,340793,9.389864228431922,28.743388424978843,-19.35352419654692,14.811043654065664,51.072058404955484,FALSE,109
P. falciparum,paper_replica,15017,Paragominas,PA,2012,1,109,306994,21.498791507325876,13.591755883114834,7.9070356242110424,6.018032925724933,23.14377479690155,TRUE,109
P. falciparum,paper_replica,15017,Paragominas,PA,2012,2,110,306994,14.984006202075612,11.229545349165107,3.754460852910505,4.560349713675186,20.366847560538638,TRUE,109
P. falciparum,paper_replica,15017,Paragominas,PA,2012,3,111,306994,8.469220896825345,11.746944643956331,-3.2777237471309864,3.7378580688873404,21.995543886851202,TRUE,109
P. falciparum,paper_replica,15018,São Félix do Xingu,PA,2012,1,109,177935,0,2.2215877717933,-2.2215877717933,0,5.6200297861578665,TRUE,109
P. falciparum,paper_replica,15018,São Félix do Xingu,PA,2012,2,110,177935,0.5620029786157866,2.0439373360017887,-1.481934357386002,0,5.6200297861578665,TRUE,109
P. falciparum,paper_replica,15018,São Félix do Xingu,PA,2012,3,111,177935,0,2.1601592458802483,-2.1601592458802483,0,6.74403574338944,TRUE,109
P. falciparum,paper_replica,15019,Parauapebas,PA,2012,1,109,271172,0.3687696369831694,3.6523492528752723,-3.283579615892103,0,7.744162376646557,TRUE,109
P. falciparum,paper_replica,15019,Parauapebas,PA,2012,2,110,271172,0,3.2673278495686495,-3.2673278495686495,0,7.200227162096374,TRUE,109
P. falciparum,paper_replica,15019,Parauapebas,PA,2012,3,111,271172,0,3.4517146784984765,-3.4517146784984765,0,8.306536073045882,TRUE,109
P. falciparum,paper_replica,15020,Marabá,PA,2012,1,109,295238,5.080646800208646,5.308713592881191,-0.22806679267254548,1.1770165087150035,10.677826025105162,TRUE,109
P. falciparum,paper_replica,15020,Marabá,PA,2012,2,110,295238,1.693548933402882,4.703405684755592,-3.00985675135271,0.16088714867327428,10.339116238424587,TRUE,109
P. falciparum,paper_replica,15020,Marabá,PA,2012,3,111,295238,0.6774195733611528,4.998611732493301,-4.321192159132148,1.1770165087150035,10.838713173778444,FALSE,109
P. falciparum,paper_replica,15021,Redenção,PA,2012,1,109,185608,0,1.199149582150246,-1.199149582150246,0,3.771389164260161,TRUE,109
P. falciparum,paper_replica,15021,Redenção,PA,2012,2,110,185608,0.5387698806085944,1.0515926242937392,-0.5128227436851448,0,2.9767035903624723,TRUE,109
P. falciparum,paper_replica,15021,Redenção,PA,2012,3,111,185608,0,1.1450725699529292,-1.1450725699529292,0,3.5154734709710667,TRUE,109
P. falciparum,paper_replica,15022,Conceição do Araguaia,PA,2012,1,109,142249,0,10.43517831602034,-10.43517831602034,1.4059852793341254,20.386786550344816,FALSE,109
P. falciparum,paper_replica,15022,Conceição do Araguaia,PA,2012,2,110,142249,0.7029926396670627,9.456020082538108,-8.753027442871046,0.7029926396670627,20.052865046502944,TRUE,109
P. falciparum,paper_replica,15022,Conceição do Araguaia,PA,2012,3,111,142249,0,10.011397554625713,-10.011397554625713,1.0369141435089184,22.495764469346007,FALSE,109
P. falciparum,paper_replica,16001,Oiapoque,AP,2012,1,109,31004,361.24371048896916,228.46377507834418,132.77993541062497,129.01561088891756,364.6303702748031,TRUE,109
P. falciparum,paper_replica,16001,Oiapoque,AP,2012,2,110,31004,122.56483034447169,195.3261070559621,-72.76127671149041,85.39220745710232,317.942846084376,TRUE,109
P. falciparum,paper_replica,16001,Oiapoque,AP,2012,3,111,31004,167.72029415559282,205.52095929573196,-37.80066514013913,107.96993936266288,353.2608695652173,TRUE,109
P. falciparum,paper_replica,16002,Amapá,AP,2012,1,109,25619,312.26823841680005,33.34069302755124,278.9275453892488,0,70.26035364378001,FALSE,109
P. falciparum,paper_replica,16002,Amapá,AP,2012,2,110,25619,89.77711854483,28.067639119739717,61.70947942509029,0,62.45364768336,FALSE,109
P. falciparum,paper_replica,16002,Amapá,AP,2012,3,111,25619,58.55029470315001,28.19064098484101,30.359653718308998,0,62.45364768336,TRUE,109
P. falciparum,paper_replica,16003,Macapá,AP,2012,1,109,569504,50.3947294487835,16.47071652131839,33.924012927465114,10.008709333033657,24.67498033376411,FALSE,109
P. falciparum,paper_replica,16003,Macapá,AP,2012,2,110,569504,43.7222565600944,13.601915340039888,30.120341220054513,8.077204023149969,22.475698151373827,FALSE,109
P. falciparum,paper_replica,16003,Macapá,AP,2012,3,111,569504,29.49935382367815,13.730476125116839,15.76887769856131,7.19924706411193,23.621431982918466,FALSE,109
P. falciparum,paper_replica,16004,Mazagão,AP,2012,1,109,72475,97.9648154536047,43.94667440644432,54.01814104716038,15.83304587788893,76.6126250431183,FALSE,109
P. falciparum,paper_replica,16004,Mazagão,AP,2012,2,110,72475,44.15315626077958,35.59232749869252,8.560828762087063,11.038289065194895,68.3339082442221,TRUE,109
P. falciparum,paper_replica,16004,Mazagão,AP,2012,3,111,72475,44.15315626077958,36.24530894750822,7.907847313271361,10.313901345291482,70.36909279061746,TRUE,109
P. falciparum,paper_replica,17001,Bico do Papagaio,TO,2012,1,109,199722,0,0.4359658045153166,-0.4359658045153166,0,1.5020879021840359,TRUE,109
P. falciparum,paper_replica,17001,Bico do Papagaio,TO,2012,2,110,199722,0,0.37849334185586536,-0.37849334185586536,0,1.5020879021840359,TRUE,109
P. falciparum,paper_replica,17001,Bico do Papagaio,TO,2012,3,111,199722,0,0.41034000065801024,-0.41034000065801024,0,1.5020879021840359,TRUE,109
P. falciparum,paper_replica,17002,Araguaína,TO,2012,1,109,286178,0,0.36952350102006254,-0.36952350102006254,0,1.3977314818050304,TRUE,109
P. falciparum,paper_replica,17002,Araguaína,TO,2012,2,110,286178,0,0.31907198383284763,-0.31907198383284763,0,1.048298611353773,TRUE,109
P. falciparum,paper_replica,17002,Araguaína,TO,2012,3,111,286178,0,0.3490296831203328,-0.3490296831203328,0,1.3977314818050304,TRUE,109
P. falciparum,paper_replica,17003,Miracema do Tocantins,TO,2012,1,109,143238,0,0.33378750387736283,-0.33378750387736283,0,1.3962775241206942,TRUE,109
P. falciparum,paper_replica,17003,Miracema do Tocantins,TO,2012,2,110,143238,0,0.29961528541804217,-0.29961528541804217,0,1.3962775241206942,TRUE,109
P. falciparum,paper_replica,17003,Miracema do Tocantins,TO,2012,3,111,143238,0,0.32516680953339455,-0.32516680953339455,0,1.3962775241206942,TRUE,109
P. falciparum,paper_replica,17004,Rio Formoso,TO,2012,1,109,118053,0,0.33057538475627335,-0.33057538475627335,0,1.6941543205170557,TRUE,109
P. falciparum,paper_replica,17004,Rio Formoso,TO,2012,2,110,118053,0,0.31071336357186374,-0.31071336357186374,0,1.6941543205170557,TRUE,109
P. falciparum,paper_replica,17004,Rio Formoso,TO,2012,3,111,118053,0,0.34238838559481116,-0.34238838559481116,0,1.6941543205170557,TRUE,109
P. falciparum,paper_replica,17005,Gurupi,TO,2012,1,109,139542,0,0.04285384872200668,-0.04285384872200668,0,0.7166301185306215,TRUE,109
P. falciparum,paper_replica,17005,Gurupi,TO,2012,2,110,139542,0,0.03897446572036816,-0.03897446572036816,0,0.7166301185306215,TRUE,109
P. falciparum,paper_replica,17005,Gurupi,TO,2012,3,111,139542,0,0.04457464979959634,-0.04457464979959634,0,0.7166301185306215,TRUE,109
P. falciparum,paper_replica,17006,Porto Nacional,TO,2012,1,109,338559,0,0.11008545404426903,-0.11008545404426903,0,0.5907389849332022,TRUE,109
P. falciparum,paper_replica,17006,Porto Nacional,TO,2012,2,110,338559,0,0.09875496623310608,-0.09875496623310608,0,0.5907389849332022,TRUE,109
P. falciparum,paper_replica,17006,Porto Nacional,TO,2012,3,111,338559,0,0.10962965451654745,-0.10962965451654745,0,0.5907389849332022,TRUE,109
P. falciparum,paper_replica,17007,Jalapão,TO,2012,1,109,73385,0,0.008897824099263046,-0.008897824099263046,0,0,TRUE,109
P. falciparum,paper_replica,17007,Jalapão,TO,2012,2,110,73385,0,0.007907559864003062,-0.007907559864003062,0,0,TRUE,109
P. falciparum,paper_replica,17007,Jalapão,TO,2012,3,111,73385,0,0.0087465258935759,-0.0087465258935759,0,0,TRUE,109
P. falciparum,paper_replica,17008,Dianópolis,TO,2012,1,109,119017,0,0.003458816311125173,-0.003458816311125173,0,0,TRUE,109
P. falciparum,paper_replica,17008,Dianópolis,TO,2012,2,110,119017,0,0.003084630378877813,-0.003084630378877813,0,0,TRUE,109
P. falciparum,paper_replica,17008,Dianópolis,TO,2012,3,111,119017,0,0.0035015673883090005,-0.0035015673883090005,0,0,TRUE,109
P. falciparum,paper_replica,21001,Litoral Ocidental Maranhense,MA,2012,1,109,185387,0,0.07836362296054974,-0.07836362296054974,0,0.5394121486404116,TRUE,109
P. falciparum,paper_replica,21001,Litoral Ocidental Maranhense,MA,2012,2,110,185387,0,0.06265679521859566,-0.06265679521859566,0,0.5394121486404116,TRUE,109
P. falciparum,paper_replica,21001,Litoral Ocidental Maranhense,MA,2012,3,111,185387,0,0.06254142603972915,-0.06254142603972915,0,0.5394121486404116,TRUE,109
P. falciparum,paper_replica,21002,Aglomeração Urbana de São Luís,MA,2012,1,109,1345368,0,0.05866802441427417,-0.05866802441427417,0,0.22298731648143855,TRUE,109
P. falciparum,paper_replica,21002,Aglomeração Urbana de São Luís,MA,2012,2,110,1345368,0.1486582109876257,0.047864144367036905,0.10079406662058879,0,0.22298731648143855,TRUE,109
P. falciparum,paper_replica,21002,Aglomeração Urbana de São Luís,MA,2012,3,111,1345368,0,0.04736170371491601,-0.04736170371491601,0,0.22298731648143855,TRUE,109
P. falciparum,paper_replica,21003,Rosário,MA,2012,1,109,165969,0,0.06073911500124545,-0.06073911500124545,0,0.6025221577523513,TRUE,109
P. falciparum,paper_replica,21003,Rosário,MA,2012,2,110,165969,0,0.04916198219609247,-0.04916198219609247,0,0.6025221577523513,TRUE,109
P. falciparum,paper_replica,21003,Rosário,MA,2012,3,111,165969,0,0.04778815457103487,-0.04778815457103487,0,0.6025221577523513,TRUE,109
P. falciparum,paper_replica,21004,Lençóis Maranhenses,MA,2012,1,109,183427,0,0.06952830518242173,-0.06952830518242173,0,0.5451760100748527,TRUE,109
P. falciparum,paper_replica,21004,Lençóis Maranhenses,MA,2012,2,110,183427,0,0.057015240355962143,-0.057015240355962143,0,0.5451760100748527,TRUE,109
P. falciparum,paper_replica,21004,Lençóis Maranhenses,MA,2012,3,111,183427,0,0.05548426583538766,-0.05548426583538766,0,0.5451760100748527,TRUE,109
P. falciparum,paper_replica,21005,Baixada Maranhense,MA,2012,1,109,576587,0.3468687292637538,2.6213271903952617,-2.274458461131508,0.5203030938956307,5.3764653035881835,FALSE,109
P. falciparum,paper_replica,21005,Baixada Maranhense,MA,2012,2,110,576587,0.3468687292637538,2.135488136493035,-1.7886194072292814,0.2558156878320187,4.5092934804287985,TRUE,109
P. falciparum,paper_replica,21005,Baixada Maranhense,MA,2012,3,111,576587,0.5203030938956307,2.128455638421543,-1.6081525445259124,0.3468687292637538,4.5092934804287985,TRUE,109
P. falciparum,paper_replica,21006,Itapecuru Mirim,MA,2012,1,109,218636,0.45738121809766,0.5255407241718466,-0.06815950607418658,0,1.6122687937942413,TRUE,109
P. falciparum,paper_replica,21006,Itapecuru Mirim,MA,2012,2,110,218636,0,0.4234002083864048,-0.4234002083864048,0,1.3721436542929801,TRUE,109
P. falciparum,paper_replica,21006,Itapecuru Mirim,MA,2012,3,111,218636,0.45738121809766,0.41868132461849433,0.03869989347916569,0,1.82952487239064,TRUE,109
P. falciparum,paper_replica,21007,Gurupi,MA,2012,1,109,227567,1.757724098836826,7.197955997292911,-5.440231898456085,0.4394310247092065,13.182930741276197,TRUE,109
P. falciparum,paper_replica,21007,Gurupi,MA,2012,2,110,227567,0.4394310247092065,5.576096998718324,-5.136665974009118,0.2087297367368737,12.304068691857783,TRUE,109
P. falciparum,paper_replica,21007,Gurupi,MA,2012,3,111,227567,0.4394310247092065,5.61523688947913,-5.175805864769924,0,11.864637667148576,TRUE,109
P. falciparum,paper_replica,21008,Pindaré,MA,2012,1,109,634376,1.8916226338953555,1.8388915906031345,0.052731043292221,0.31527043898255924,3.783245267790711,TRUE,109
P. falciparum,paper_replica,21008,Pindaré,MA,2012,2,110,634376,0.7881760974563982,1.5098581959106525,-0.7216820984542544,0,3.6256100482994316,TRUE,109
P. falciparum,paper_replica,21008,Pindaré,MA,2012,3,111,634376,1.261081755930237,1.573089713059469,-0.312007957129232,0,3.6256100482994316,TRUE,109
P. falciparum,paper_replica,21009,Imperatriz,MA,2012,1,109,575448,0.6951105920952023,0.49484188895409426,0.20026870314110806,0,1.3902211841904046,TRUE,109
P. falciparum,paper_replica,21009,Imperatriz,MA,2012,2,110,575448,0.868888240119003,0.41905808110071074,0.44983015901829226,0,1.216443536166604,TRUE,109
P. falciparum,paper_replica,21009,Imperatriz,MA,2012,3,111,575448,0.17377764802380058,0.4491549256935858,-0.2753772776697852,0,1.216443536166604,TRUE,109
P. falciparum,paper_replica,21010,Médio Mearim,MA,2012,1,109,414136,0,1.3508594899153665,-1.3508594899153665,0,3.1390654277821777,TRUE,109
P. falciparum,paper_replica,21010,Médio Mearim,MA,2012,2,110,414136,0.48293314273571963,1.1215642276901292,-0.6386310849544096,0,2.897598856414318,TRUE,109
P. falciparum,paper_replica,21010,Médio Mearim,MA,2012,3,111,414136,0.7243997141035795,1.1400551327698076,-0.4156554186662281,0,3.024368806382439,TRUE,109
P. falciparum,paper_replica,21011,Alto Mearim e Grajaú,MA,2012,1,109,316734,0.6314446822886081,0.4647237816629177,0.16672090062569034,0,1.2628893645772161,TRUE,109
P. falciparum,paper_replica,21011,Alto Mearim e Grajaú,MA,2012,2,110,316734,0.9471670234329121,0.3900109685484804,0.5571560548844318,0,1.2628893645772161,TRUE,109
P. falciparum,paper_replica,21011,Alto Mearim e Grajaú,MA,2012,3,111,316734,0.6314446822886081,0.4189866714705246,0.21245801081808346,0,1.2628893645772161,TRUE,109
P. falciparum,paper_replica,21012,Presidente Dutra,MA,2012,1,109,192964,0,1.3169424252097683,-1.3169424252097683,0,3.899691134097541,TRUE,109
P. falciparum,paper_replica,21012,Presidente Dutra,MA,2012,2,110,192964,0.5182313799465186,1.0885896325694322,-0.5703582526229136,0,3.109388279679111,TRUE,109
P. falciparum,paper_replica,21012,Presidente Dutra,MA,2012,3,111,192964,0.5182313799465186,1.1469153840850907,-0.6286840041385722,0,3.62761965962563,TRUE,109
P. falciparum,paper_replica,21013,Baixo Parnaíba Maranhense,MA,2012,1,109,141956,0,0.5397603263611885,-0.5397603263611885,0,2.113330891262081,TRUE,109
P. falciparum,paper_replica,21013,Baixo Parnaíba Maranhense,MA,2012,2,110,141956,0,0.4368972290989923,-0.4368972290989923,0,2.113330891262081,TRUE,109
P. falciparum,paper_replica,21013,Baixo Parnaíba Maranhense,MA,2012,3,111,141956,0,0.42581612137821834,-0.42581612137821834,0,1.4088872608413874,TRUE,109
P. falciparum,paper_replica,21014,Chapadinha,MA,2012,1,109,225548,0,0.24551350933867913,-0.24551350933867913,0,0.8867292106336567,TRUE,109
P. falciparum,paper_replica,21014,Chapadinha,MA,2012,2,110,225548,0,0.19991782631282648,-0.19991782631282648,0,0.8867292106336567,TRUE,109
P. falciparum,paper_replica,21014,Chapadinha,MA,2012,3,111,225548,0,0.19742370033190407,-0.19742370033190407,0,0.8867292106336567,TRUE,109
P. falciparum,paper_replica,21015,Codó,MA,2012,1,109,267789,0,0.8451561548722571,-0.8451561548722571,0,2.6139983345096325,TRUE,109
P. falciparum,paper_replica,21015,Codó,MA,2012,2,110,267789,0,0.6888649661932693,-0.6888649661932693,0,2.2405700010082565,TRUE,109
P. falciparum,paper_replica,21015,Codó,MA,2012,3,111,267789,0.37342833350137605,0.6978121286254718,-0.32438379512409576,0,2.2405700010082565,TRUE,109
P. falciparum,paper_replica,21016,Coelho Neto,MA,2012,1,109,89087,0,0.07816113112521537,-0.07816113112521537,0,1.1224982320652843,TRUE,109
P. falciparum,paper_replica,21016,Coelho Neto,MA,2012,2,110,89087,0,0.06258739669100277,-0.06258739669100277,0,1.1224982320652843,TRUE,109
P. falciparum,paper_replica,21016,Coelho Neto,MA,2012,3,111,89087,0,0.06253514252325182,-0.06253514252325182,0,1.1224982320652843,TRUE,109
P. falciparum,paper_replica,21017,Caxias,MA,2012,1,109,424136,0,0.44800390542595764,-0.44800390542595764,0,1.4146405869815342,TRUE,109
P. falciparum,paper_replica,21017,Caxias,MA,2012,2,110,424136,0.23577343116358904,0.3651335199799147,-0.12936008881632569,0,1.1788671558179453,TRUE,109
P. falciparum,paper_replica,21017,Caxias,MA,2012,3,111,424136,0,0.38179250121813846,-0.38179250121813846,0,1.1788671558179453,TRUE,109
P. falciparum,paper_replica,21018,Chapadas do Alto Itapecuru,MA,2012,1,109,212427,0.9414999034962599,0.39577450203921116,0.5457254014570487,0,1.4122498552443898,TRUE,109
P. falciparum,paper_replica,21018,Chapadas do Alto Itapecuru,MA,2012,2,110,212427,0,0.3300736051276717,-0.3300736051276717,0,1.4122498552443898,TRUE,109
P. falciparum,paper_replica,21018,Chapadas do Alto Itapecuru,MA,2012,3,111,212427,0,0.3574393044814339,-0.3574393044814339,0,1.4122498552443898,TRUE,109
P. falciparum,paper_replica,21019,Porto Franco,MA,2012,1,109,112995,0.8849949112792602,0.3101617536201841,0.5748331576590762,0,1.7699898225585204,TRUE,109
P. falciparum,paper_replica,21019,Porto Franco,MA,2012,2,110,112995,0,0.26807020918984786,-0.26807020918984786,0,1.7699898225585204,TRUE,109
P. falciparum,paper_replica,21019,Porto Franco,MA,2012,3,111,112995,0,0.29072282132397825,-0.29072282132397825,0,1.7699898225585204,TRUE,109
P. falciparum,paper_replica,21020,Gerais de Balsas,MA,2012,1,109,134229,0,0.035270960914045725,-0.035270960914045725,0,0.7449954927772686,TRUE,109
P. falciparum,paper_replica,21020,Gerais de Balsas,MA,2012,2,110,134229,0,0.0300107600978805,-0.0300107600978805,0,0,TRUE,109
P. falciparum,paper_replica,21020,Gerais de Balsas,MA,2012,3,111,134229,0,0.032828664232913266,-0.032828664232913266,0,0.7449954927772686,TRUE,109
P. falciparum,paper_replica,21021,Chapadas das Mangabeiras,MA,2012,1,109,69548,0,0.01684495129090458,-0.01684495129090458,0,0,TRUE,109
P. falciparum,paper_replica,21021,Chapadas das Mangabeiras,MA,2012,2,110,69548,0,0.014101239655817796,-0.014101239655817796,0,0,TRUE,109
P. falciparum,paper_replica,21021,Chapadas das Mangabeiras,MA,2012,3,111,69548,0,0.015496477139563009,-0.015496477139563009,0,0,TRUE,109
P. falciparum,paper_replica,51001,Aripuanã,MT,2012,1,109,143796,0.695429636429386,19.91034704987177,-19.214917413442386,5.893766168739047,33.74572310773594,FALSE,109
P. falciparum,paper_replica,51001,Aripuanã,MT,2012,2,110,143796,1.390859272858772,17.491121713429802,-16.10026244057103,5.198336532309662,32.35486383487717,FALSE,109
P. falciparum,paper_replica,51001,Aripuanã,MT,2012,3,111,143796,0.695429636429386,18.297056669836547,-17.601627033407162,6.258866727864475,37.55320036718685,FALSE,109
P. falciparum,paper_replica,51002,Alta Floresta,MT,2012,1,109,100528,2.9842431959255133,1.6728749602903603,1.311368235635153,0,4.973738659875855,TRUE,109
P. falciparum,paper_replica,51002,Alta Floresta,MT,2012,2,110,100528,0,1.5159560928169324,-1.5159560928169324,0,4.973738659875855,TRUE,109
P. falciparum,paper_replica,51002,Alta Floresta,MT,2012,3,111,100528,0.9947477319751712,1.5499144856183107,-0.5551667536431395,0,4.973738659875855,TRUE,109
P. falciparum,paper_replica,51003,Colíder,MT,2012,1,109,145783,4.115706220889953,1.8799215811936685,2.235784639696284,0,5.487608294519937,TRUE,109
P. falciparum,paper_replica,51003,Colíder,MT,2012,2,110,145783,4.115706220889953,1.7478422673113039,2.3678639535786488,0,5.487608294519937,TRUE,109
P. falciparum,paper_replica,51003,Colíder,MT,2012,3,111,145783,1.3719020736299843,1.7937309805185924,-0.4218289068886081,0,5.487608294519937,TRUE,109
P. falciparum,paper_replica,51004,Parecis,MT,2012,1,109,93467,1.0698963270459092,0.8434730819743362,0.22642324507157296,0,3.2096889811377274,TRUE,109
P. falciparum,paper_replica,51004,Parecis,MT,2012,2,110,93467,1.0698963270459092,0.735866563745014,0.3340297633008952,0,3.2096889811377274,TRUE,109
P. falciparum,paper_replica,51004,Parecis,MT,2012,3,111,93467,0,0.7408553288012326,-0.7408553288012326,0,3.2096889811377274,TRUE,109
P. falciparum,paper_replica,51005,Arinos,MT,2012,1,109,76872,1.3008637735456343,1.0589819602861859,0.24188181325944846,0,3.902591320636903,TRUE,109
P. falciparum,paper_replica,51005,Arinos,MT,2012,2,110,76872,0,0.9701594064096951,-0.9701594064096951,0,3.902591320636903,TRUE,109
P. falciparum,paper_replica,51005,Arinos,MT,2012,3,111,76872,0,1.0226698199515625,-1.0226698199515625,0,3.902591320636903,TRUE,109
P. falciparum,paper_replica,51006,Alto Teles Pires,MT,2012,1,109,204751,0.9767962061235353,0.5824341574605582,0.3943620486629772,0,1.9535924122470707,TRUE,109
P. falciparum,paper_replica,51006,Alto Teles Pires,MT,2012,2,110,204751,0,0.5355881094614982,-0.5355881094614982,0,1.9535924122470707,TRUE,109
P. falciparum,paper_replica,51006,Alto Teles Pires,MT,2012,3,111,204751,0,0.559680813590701,-0.559680813590701,0,1.9535924122470707,TRUE,109
P. falciparum,paper_replica,51007,Sinop,MT,2012,1,109,179412,0,0.4288199483555665,-0.4288199483555665,0,1.6721289545849776,TRUE,109
P. falciparum,paper_replica,51007,Sinop,MT,2012,2,110,179412,0,0.39817882643406566,-0.39817882643406566,0,1.6721289545849776,TRUE,109
P. falciparum,paper_replica,51007,Sinop,MT,2012,3,111,179412,0,0.41134441259594495,-0.41134441259594495,0,1.6721289545849776,TRUE,109
P. falciparum,paper_replica,51008,Paranatinga,MT,2012,1,109,33544,0,0.04685517268544968,-0.04685517268544968,0,0,TRUE,109
P. falciparum,paper_replica,51008,Paranatinga,MT,2012,2,110,33544,0,0.04255290564718729,-0.04255290564718729,0,0,TRUE,109
P. falciparum,paper_replica,51008,Paranatinga,MT,2012,3,111,33544,0,0.04472427857327928,-0.04472427857327928,0,0,TRUE,109
P. falciparum,paper_replica,51009,Norte Araguaia,MT,2012,1,109,115959,0,0.16271407283551273,-0.16271407283551273,0,0.8623737700394105,TRUE,109
P. falciparum,paper_replica,51009,Norte Araguaia,MT,2012,2,110,115959,0,0.14711820301036319,-0.14711820301036319,0,0.8623737700394105,TRUE,109
P. falciparum,paper_replica,51009,Norte Araguaia,MT,2012,3,111,115959,0,0.15821117600327006,-0.15821117600327006,0,0.8623737700394105,TRUE,109
P. falciparum,paper_replica,51010,Canarana,MT,2012,1,109,102483,0,0.029180180536870444,-0.029180180536870444,0,0,TRUE,109
P. falciparum,paper_replica,51010,Canarana,MT,2012,2,110,102483,0,0.027020346689076144,-0.027020346689076144,0,0.5122800854775692,TRUE,109
P. falciparum,paper_replica,51010,Canarana,MT,2012,3,111,102483,0,0.028392203238186975,-0.028392203238186975,0,0,TRUE,109
P. falciparum,paper_replica,51011,Médio Araguaia,MT,2012,1,109,65908,0,0.0074032107378566095,-0.0074032107378566095,0,0,TRUE,109
P. falciparum,paper_replica,51011,Médio Araguaia,MT,2012,2,110,65908,0,0.007059368359206972,-0.007059368359206972,0,0,TRUE,109
P. falciparum,paper_replica,51011,Médio Araguaia,MT,2012,3,111,65908,0,0.007520592416492404,-0.007520592416492404,0,0,TRUE,109
P. falciparum,paper_replica,51012,Alto Guaporé,MT,2012,1,109,69039,0,0.8818501679456114,-0.8818501679456114,0,4.345370008256203,TRUE,109
P. falciparum,paper_replica,51012,Alto Guaporé,MT,2012,2,110,69039,0,0.7554432987663589,-0.7554432987663589,0,2.896913338837469,TRUE,109
P. falciparum,paper_replica,51012,Alto Guaporé,MT,2012,3,111,69039,0,0.7281239387488861,-0.7281239387488861,0,2.896913338837469,TRUE,109
P. falciparum,paper_replica,51013,Tangará da Serra,MT,2012,1,109,149801,2.0026568580984105,0.14223548660916163,1.8604213714892488,0,0.6675522860328035,FALSE,109
P. falciparum,paper_replica,51013,Tangará da Serra,MT,2012,2,110,149801,0,0.12448092008026207,-0.12448092008026207,0,0.6675522860328035,TRUE,109
P. falciparum,paper_replica,51013,Tangará da Serra,MT,2012,3,111,149801,0,0.12005751490834816,-0.12005751490834816,0,0.6675522860328035,TRUE,109
P. falciparum,paper_replica,51014,Jauru,MT,2012,1,109,107679,0,0.101778242969844,-0.101778242969844,0,0.9286861876503312,TRUE,109
P. falciparum,paper_replica,51014,Jauru,MT,2012,2,110,107679,0,0.08866653068471206,-0.08866653068471206,0,0.9286861876503312,TRUE,109
P. falciparum,paper_replica,51014,Jauru,MT,2012,3,111,107679,0,0.0826658986660051,-0.0826658986660051,0,0.9286861876503312,TRUE,109
P. falciparum,paper_replica,51015,Alto Paraguai,MT,2012,1,109,32743,3.0540878966496656,0.048074319195680955,3.0060135774539845,0,0,FALSE,109
P. falciparum,paper_replica,51015,Alto Paraguai,MT,2012,2,110,32743,0,0.0429931724115264,-0.0429931724115264,0,0,TRUE,109
P. falciparum,paper_replica,51015,Alto Paraguai,MT,2012,3,111,32743,0,0.042455304513183065,-0.042455304513183065,0,0,TRUE,109
P. falciparum,paper_replica,51016,Rosário Oeste,MT,2012,1,109,30778,0,0.08665187197216967,-0.08665187197216967,0,0,TRUE,109
P. falciparum,paper_replica,51016,Rosário Oeste,MT,2012,2,110,30778,0,0.07957144246900606,-0.07957144246900606,0,0,TRUE,109
P. falciparum,paper_replica,51016,Rosário Oeste,MT,2012,3,111,30778,0,0.07922947541795458,-0.07922947541795458,0,0,TRUE,109
P. falciparum,paper_replica,51017,Cuiabá,MT,2012,1,109,868141,0,0.0974944959154669,-0.0974944959154669,0,0.34556598524894,TRUE,109
P. falciparum,paper_replica,51017,Cuiabá,MT,2012,2,110,868141,0,0.09053184389321298,-0.09053184389321298,0,0.34556598524894,TRUE,109
P. falciparum,paper_replica,51017,Cuiabá,MT,2012,3,111,868141,0,0.08716312925772832,-0.08716312925772832,0,0.34556598524894,TRUE,109
P. falciparum,paper_replica,51018,Alto Pantanal,MT,2012,1,109,133324,0,0.06601866945586381,-0.06601866945586381,0,0.7500525036752573,TRUE,109
P. falciparum,paper_replica,51018,Alto Pantanal,MT,2012,2,110,133324,0,0.061286675768433954,-0.061286675768433954,0,0.7500525036752573,TRUE,109
P. falciparum,paper_replica,51018,Alto Pantanal,MT,2012,3,111,133324,0,0.05509127087847654,-0.05509127087847654,0,0.7500525036752573,TRUE,109
P. falciparum,paper_replica,51019,Primavera do Leste,MT,2012,1,109,87669,0,0.04122289466040694,-0.04122289466040694,0,0,TRUE,109
P. falciparum,paper_replica,51019,Primavera do Leste,MT,2012,2,110,87669,0,0.037842128690908,-0.037842128690908,0,0,TRUE,109
P. falciparum,paper_replica,51019,Primavera do Leste,MT,2012,3,111,87669,0,0.03836418424059124,-0.03836418424059124,0,0,TRUE,109
P. falciparum,paper_replica,51020,Tesouro,MT,2012,1,109,54567,0,0.01497574609223269,-0.01497574609223269,0,0,TRUE,109
P. falciparum,paper_replica,51020,Tesouro,MT,2012,2,110,54567,0,0.014238665290634481,-0.014238665290634481,0,0,TRUE,109
P. falciparum,paper_replica,51020,Tesouro,MT,2012,3,111,54567,0,0.014590475536409396,-0.014590475536409396,0,0,TRUE,109
P. falciparum,paper_replica,51021,Rondonópolis,MT,2012,1,109,283538,0,0.03747503620569329,-0.03747503620569329,0,0.35268641240327575,TRUE,109
P. falciparum,paper_replica,51021,Rondonópolis,MT,2012,2,110,283538,0,0.03493945105060838,-0.03493945105060838,0,0.35268641240327575,TRUE,109
P. falciparum,paper_replica,51021,Rondonópolis,MT,2012,3,111,283538,0,0.03448055864010894,-0.03448055864010894,0,0.35268641240327575,TRUE,109
P. falciparum,paper_replica,51022,Alto Araguaia,MT,2012,1,109,35554,0,0.008040178077625922,-0.008040178077625922,0,0,TRUE,109
P. falciparum,paper_replica,51022,Alto Araguaia,MT,2012,2,110,35554,0,0.007694479078157777,-0.007694479078157777,0,0,TRUE,109
P. falciparum,paper_replica,51022,Alto Araguaia,MT,2012,3,111,35554,0,0.007590678346272903,-0.007590678346272903,0,0,TRUE,109
P. falciparum,paper_replica,11001,Porto Velho,RO,2013,1,121,613757,6.191375414048231,72.81374677237608,-66.62237135832785,51.88942855234238,96.65877537852924,FALSE,121
P. falciparum,paper_replica,11001,Porto Velho,RO,2013,2,122,613757,3.2586186389727527,61.33356232409222,-58.074943685119464,40.06471616617,86.67925579667524,FALSE,121
P. falciparum,paper_replica,11001,Porto Velho,RO,2013,3,123,613757,1.792240251435014,63.683196017147566,-61.890955765712555,38.101398436188916,99.94183365729428,FALSE,121
P. falciparum,paper_replica,11002,Guajará-Mirim,RO,2013,1,121,79879,0,24.597846288764725,-24.597846288764725,5.602223362836293,46.32005908937268,FALSE,121
P. falciparum,paper_replica,11002,Guajará-Mirim,RO,2013,2,122,79879,5.007573955607858,20.759090313603622,-15.751516357995765,3.755680466705893,40.06059164486286,TRUE,121
P. falciparum,paper_replica,11002,Guajará-Mirim,RO,2013,3,123,79879,0,20.908359600528215,-20.908359600528215,4.350329873934328,44.473516193242254,FALSE,121
P. falciparum,paper_replica,11003,Ariquemes,RO,2013,1,121,192354,5.718622955592293,81.83233635695196,-76.11371340135966,51.194672322904644,125.56276448631169,FALSE,121
P. falciparum,paper_replica,11003,Ariquemes,RO,2013,2,122,192354,3.6391236990132776,69.08625333242094,-65.44712963340766,40.55023550329081,108.15995508281603,FALSE,121
P. falciparum,paper_replica,11003,Ariquemes,RO,2013,3,123,192354,4.678873327302785,72.22791395760495,-67.54904063030217,36.91111180427753,119.84414153071938,FALSE,121
P. falciparum,paper_replica,11004,Ji-Paraná,RO,2013,1,121,315964,0.6329835044498741,9.725892792829972,-9.092909288380099,3.1649175222493704,17.256712790064682,FALSE,121
P. falciparum,paper_replica,11004,Ji-Paraná,RO,2013,2,122,315964,0.31649175222493703,8.29132802178801,-7.974836269563073,2.5319340177994962,14.724778772265187,FALSE,121
P. falciparum,paper_replica,11004,Ji-Paraná,RO,2013,3,123,315964,0.6329835044498741,8.63448326308594,-8.001499758636067,2.365775847881405,16.457571115696723,FALSE,121
P. falciparum,paper_replica,11005,Alvorada D'Oeste,RO,2013,1,121,74999,1.3333511113481513,4.259750946450082,-2.9263998351019307,0,11.36681822424296,TRUE,121
P. falciparum,paper_replica,11005,Alvorada D'Oeste,RO,2013,2,122,74999,1.3333511113481513,3.6334551456412645,-2.3001040342931134,0,10.66680889078521,TRUE,121
P. falciparum,paper_replica,11005,Alvorada D'Oeste,RO,2013,3,123,74999,1.3333511113481513,3.716294828129513,-2.3829437167813614,0,10.66680889078521,TRUE,121
P. falciparum,paper_replica,11006,Cacoal,RO,2013,1,121,246464,0.4057387691508699,3.9668745799122234,-3.5611358107613533,0,8.114775383017399,TRUE,121
P. falciparum,paper_replica,11006,Cacoal,RO,2013,2,122,246464,0,3.311247334428854,-3.311247334428854,0,7.303297844715658,TRUE,121
P. falciparum,paper_replica,11006,Cacoal,RO,2013,3,123,246464,0.8114775383017399,3.4847310946101304,-2.6732535563083903,0,8.520514152168268,TRUE,121
P. falciparum,paper_replica,11007,Vilhena,RO,2013,1,121,149595,0,2.260344217484714,-2.260344217484714,0,6.016243858417728,TRUE,121
P. falciparum,paper_replica,11007,Vilhena,RO,2013,2,122,149595,0,1.9213853051615675,-1.9213853051615675,0,5.347772318593536,TRUE,121
P. falciparum,paper_replica,11007,Vilhena,RO,2013,3,123,149595,0.668471539824192,2.01323923090334,-1.344767691079148,0,5.347772318593536,TRUE,121
P. falciparum,paper_replica,11008,Colorado do Oeste,RO,2013,1,121,55202,0,5.492117099062364,-5.492117099062364,0,14.492228542444115,TRUE,121
P. falciparum,paper_replica,11008,Colorado do Oeste,RO,2013,2,122,55202,0,4.621349412646137,-4.621349412646137,0,12.6806999746386,TRUE,121
P. falciparum,paper_replica,11008,Colorado do Oeste,RO,2013,3,123,55202,0,4.715517512963377,-4.715517512963377,0,12.6806999746386,TRUE,121
P. falciparum,paper_replica,12001,Cruzeiro do Sul,AC,2013,1,121,138755,641.4183272674859,219.3833283811625,422.03499888632336,150.93149796403736,308.6014918381318,FALSE,121
P. falciparum,paper_replica,12001,Cruzeiro do Sul,AC,2013,2,122,138755,698.3532124968469,193.02428449529074,505.32892800155616,123.50906273647797,291.3408525818888,FALSE,121
P. falciparum,paper_replica,12001,Cruzeiro do Sul,AC,2013,3,123,138755,518.1795250621599,188.2062049686747,329.9733200934852,116.71651472019026,283.61140139094084,FALSE,121
P. falciparum,paper_replica,12002,Tarauacá,AC,2013,1,121,77129,6.482645956773717,13.790486167190963,-7.307840210417246,0.615851365893505,28.523642209804354,TRUE,121
P. falciparum,paper_replica,12002,Tarauacá,AC,2013,2,122,77129,9.075704339483204,12.209177296601455,-3.1334729571182507,0,28.523642209804354,TRUE,121
P. falciparum,paper_replica,12002,Tarauacá,AC,2013,3,123,77129,5.186116765418974,12.02221730688212,-6.8361005414631455,0,25.31473246120133,TRUE,121
P. falciparum,paper_replica,12003,Sena Madureira,AC,2013,1,121,54071,0,0.8006357906261312,-0.8006357906261312,0,3.6988404135303585,TRUE,121
P. falciparum,paper_replica,12003,Sena Madureira,AC,2013,2,122,54071,0,0.7087866293966483,-0.7087866293966483,0,3.6988404135303585,TRUE,121
P. falciparum,paper_replica,12003,Sena Madureira,AC,2013,3,123,54071,0,0.6958612767480451,-0.6958612767480451,0,3.6988404135303585,TRUE,121
P. falciparum,paper_replica,12004,Rio Branco,AC,2013,1,121,444009,0.6756619798247333,10.374633402523195,-9.698971422698461,4.611393012303805,16.784569682146078,FALSE,121
P. falciparum,paper_replica,12004,Rio Branco,AC,2013,2,122,444009,1.1261032997078888,8.895889322901901,-7.769786023194012,3.828751219006822,16.33412836226292,FALSE,121
P. falciparum,paper_replica,12004,Rio Branco,AC,2013,3,123,444009,0.45044131988315556,8.839947209016048,-8.389505889132892,3.4852897125959164,15.08978421608571,FALSE,121
P. falciparum,paper_replica,12005,Brasiléia,AC,2013,1,121,62499,0,3.712343857137327,-3.712343857137327,0,11.200179202867247,TRUE,121
P. falciparum,paper_replica,12005,Brasiléia,AC,2013,2,122,62499,0,3.1874443014330565,-3.1874443014330565,0,9.600153602457638,TRUE,121
P. falciparum,paper_replica,12005,Brasiléia,AC,2013,3,123,62499,0,3.1064100778709616,-3.1064100778709616,0,9.600153602457638,TRUE,121
P. falciparum,paper_replica,13001,Rio Negro,AM,2013,1,121,106390,42.297208384246645,74.50152372358336,-32.204315339336716,44.623554845380205,112.34608515837951,FALSE,121
P. falciparum,paper_replica,13001,Rio Negro,AM,2013,2,122,106390,46.05696024062412,56.87159150332072,-10.8146312626966,29.13807688692546,95.47419870288554,TRUE,121
P. falciparum,paper_replica,13001,Rio Negro,AM,2013,3,123,106390,48.87677413290723,59.90403759655149,-11.02726346364426,26.27126609643764,105.76651940971894,TRUE,121
P. falciparum,paper_replica,13002,Japurá,AM,2013,1,121,24393,98.38888205632765,15.16524449349889,83.22363756282876,0,36.89583077112287,FALSE,121
P. falciparum,paper_replica,13002,Japurá,AM,2013,2,122,24393,49.19444102816382,12.255885366842564,36.93855566132126,0,32.796294018775875,FALSE,121
P. falciparum,paper_replica,13002,Japurá,AM,2013,3,123,24393,32.796294018775875,13.03873281769632,19.757561201079554,0,36.89583077112287,TRUE,121
P. falciparum,paper_replica,13003,Alto Solimões,AM,2013,1,121,240175,48.298115957114604,28.01724164812231,20.280874308992292,12.907255126470282,45.20662017279064,FALSE,121
P. falciparum,paper_replica,13003,Alto Solimões,AM,2013,2,122,240175,52.04538357447694,24.094643715151594,27.95073985932535,9.357759966690955,39.356719059019454,FALSE,121
P. falciparum,paper_replica,13003,Alto Solimões,AM,2013,3,123,240175,72.03081086707608,24.882057880330056,47.14875298674603,10.409076714895388,45.3835744769439,FALSE,121
P. falciparum,paper_replica,13004,Juruá,AM,2013,1,121,139876,140.83902885412795,41.95344472960654,98.88558412452142,19.302811061225658,63.66353055563495,FALSE,121
P. falciparum,paper_replica,13004,Juruá,AM,2013,2,122,139876,140.1241099259344,36.73121374249917,103.39289618343523,13.923046126569247,61.51877377105433,FALSE,121
P. falciparum,paper_replica,13004,Juruá,AM,2013,3,123,139876,162.28659669993422,37.526725872970026,124.7598708269642,17.872973204838573,65.43295490291399,FALSE,121
P. falciparum,paper_replica,13005,Tefé,AM,2013,1,121,90852,44.02764936380047,60.698021792286106,-16.670372428485635,31.342182890855458,102.41931933254078,TRUE,121
P. falciparum,paper_replica,13005,Tefé,AM,2013,2,122,90852,16.510368511425174,50.3430010141849,-33.83263250275972,24.215207150090258,90.88957865539552,FALSE,121
P. falciparum,paper_replica,13005,Tefé,AM,2013,3,123,90852,27.51728085237529,51.777708557257306,-24.260427704882016,19.81244221371021,91.93523532778582,TRUE,121
P. falciparum,paper_replica,13006,Coari,AM,2013,1,121,166344,1.2023277064396671,37.125651825798826,-35.92332411935916,17.719304573654597,58.91405761554369,FALSE,121
P. falciparum,paper_replica,13006,Coari,AM,2013,2,122,166344,0,29.954886105674074,-29.954886105674074,13.826768624056173,49.896599817246184,FALSE,121
P. falciparum,paper_replica,13006,Coari,AM,2013,3,123,166344,0,31.375211967457286,-31.375211967457286,13.826768624056173,58.34295195498483,FALSE,121
P. falciparum,paper_replica,13007,Manaus,AM,2013,1,121,2242712,2.0956770196084027,16.134430138233743,-14.03875311862534,11.04689322570174,22.60878793175405,FALSE,121
P. falciparum,paper_replica,13007,Manaus,AM,2013,2,122,2242712,2.2294436378812796,12.995505962438148,-10.766062324556868,7.99589960726121,19.543302929667284,FALSE,121
P. falciparum,paper_replica,13007,Manaus,AM,2013,3,123,2242712,1.203899564455891,13.356823066245086,-12.152923501789195,8.960133980644862,20.64687753041853,FALSE,121
P. falciparum,paper_replica,13008,Rio Preto da Eva,AM,2013,1,121,59977,0,78.12755252235486,-78.12755252235486,38.34803341280824,130.13321773346442,FALSE,121
P. falciparum,paper_replica,13008,Rio Preto da Eva,AM,2013,2,122,59977,0,60.99302267844947,-60.99302267844947,26.676892808910083,104.24829517981888,FALSE,121
P. falciparum,paper_replica,13008,Rio Preto da Eva,AM,2013,3,123,59977,0,64.07594114987303,-64.07594114987303,22.46694566250396,116.71140603898161,FALSE,121
P. falciparum,paper_replica,13009,Itacoatiara,AM,2013,1,121,165918,0.602707361467713,16.64113129607474,-16.038423934607028,5.107944888438868,30.73807543485336,FALSE,121
P. falciparum,paper_replica,13009,Itacoatiara,AM,2013,2,122,165918,0,14.072382443345699,-14.072382443345699,4.821658891741704,25.91641654311166,FALSE,121
P. falciparum,paper_replica,13009,Itacoatiara,AM,2013,3,123,165918,0,14.062037811377305,-14.062037811377305,3.2998228040357294,27.121831266047085,FALSE,121
P. falciparum,paper_replica,13010,Parintins,AM,2013,1,121,262719,6.090157164118317,5.8447643073275115,0.24539285679080525,1.1419044682721842,11.618877964669466,TRUE,121
P. falciparum,paper_replica,13010,Parintins,AM,2013,2,122,262719,1.5225392910295792,4.89034634997757,-3.3678070589479905,0.3806348227573948,9.715703850882495,TRUE,121
P. falciparum,paper_replica,13010,Parintins,AM,2013,3,123,262719,1.1419044682721842,4.942339370777369,-3.8004349025051853,0.7612696455147896,10.657775037207054,TRUE,121
P. falciparum,paper_replica,13011,Boca do Acre,AM,2013,1,121,51941,5.77578406268651,33.650092235412636,-27.874308172726124,2.8397604974875366,69.30940875223811,TRUE,121
P. falciparum,paper_replica,13011,Boca do Acre,AM,2013,2,122,51941,19.252613542288366,29.956783882456897,-10.704170340168531,3.850522708457673,62.619125546292864,TRUE,121
P. falciparum,paper_replica,13011,Boca do Acre,AM,2013,3,123,51941,5.77578406268651,30.222583352647362,-24.44679928996085,9.626306771144183,62.619125546292864,FALSE,121
P. falciparum,paper_replica,13012,Purus,AM,2013,1,121,74737,25.422481501799645,51.70896056257617,-26.28647906077653,20.003478865889726,83.6600345210538,TRUE,121
P. falciparum,paper_replica,13012,Purus,AM,2013,2,122,74737,21.4084054751997,44.53376346995601,-23.125357994756307,18.02989148614475,89.01213588985372,TRUE,121
P. falciparum,paper_replica,13012,Purus,AM,2013,3,123,74737,13.380253421999813,46.224949769546775,-32.844696347546964,18.02989148614475,83.6600345210538,FALSE,121
P. falciparum,paper_replica,13013,Madeira,AM,2013,1,121,181887,4.948127133879826,40.009798206484774,-35.06167107260495,21.703035401100685,65.16408539367848,FALSE,121
P. falciparum,paper_replica,13013,Madeira,AM,2013,2,122,181887,2.1991676150577004,33.914274335503315,-31.715106720445615,16.493757112932755,56.917206837212106,FALSE,121
P. falciparum,paper_replica,13013,Madeira,AM,2013,3,123,181887,0.5497919037644251,34.33687729984758,-33.78708539608316,16.727418672032634,58.56658254850538,FALSE,121
P. falciparum,paper_replica,14001,Boa Vista,RR,2013,1,121,347279,64.2134998085113,15.794601793172262,48.41889801533904,7.472378116730353,26.49166808243516,FALSE,121
P. falciparum,paper_replica,14001,Boa Vista,RR,2013,2,122,347279,42.32907834910835,12.344702744585446,29.984375604522903,4.607246623032202,22.32354965316071,FALSE,121
P. falciparum,paper_replica,14001,Boa Vista,RR,2013,3,123,347279,49.23994828365665,13.646644901617492,35.59330338203916,5.1687548052142525,25.778984620434862,FALSE,121
P. falciparum,paper_replica,14002,Nordeste de Roraima,RR,2013,1,121,45799,13.100722723203564,51.05585019404086,-37.9551274708373,17.46763029760475,90.66791851350462,FALSE,121
P. falciparum,paper_replica,14002,Nordeste de Roraima,RR,2013,2,122,45799,10.91726893600297,40.2657683841905,-29.348499448187532,4.366907574401187,71.016834428699255,TRUE,121
P. falciparum,paper_replica,14002,Nordeste de Roraima,RR,2013,3,123,45799,4.366907574401187,44.769163561039285,-40.402255986638096,9.770955697722659,85.15469770082316,FALSE,121
P. falciparum,paper_replica,14003,Caracaraí,RR,2013,1,121,45348,44.10337831877922,48.81433974188998,-4.71096142311076,12.073299814765814,84.95413248654842,TRUE,121
P. falciparum,paper_replica,14003,Caracaraí,RR,2013,2,122,45348,17.64135132751169,40.816443279363014,-23.175091951851325,2.205168915938961,78.33862573873154,TRUE,121
P. falciparum,paper_replica,14003,Caracaraí,RR,2013,3,123,45348,28.667195907206494,42.75446052444183,-14.087264617235338,13.231013495633764,90.52218399929424,TRUE,121
P. falciparum,paper_replica,14004,Sudeste de Roraima,RR,2013,1,121,49646,36.25669741771744,45.07686050845898,-8.820163090741538,6.99955686258712,85.6564476493574,TRUE,121
P. falciparum,paper_replica,14004,Sudeste de Roraima,RR,2013,2,122,49646,24.171131611811624,37.37868169197454,-13.207550080162918,8.057043870603875,72.61410788381734,TRUE,121
P. falciparum,paper_replica,14004,Sudeste de Roraima,RR,2013,3,123,49646,34.24243645006647,39.14699152735741,-4.9045550772909365,12.085565805905812,75.58514281110257,TRUE,121
P. falciparum,paper_replica,15001,Óbidos,PA,2013,1,121,193769,2.580392116386006,6.109220166140552,-3.5288280497545457,0,12.901960581930028,TRUE,121
P. falciparum,paper_replica,15001,Óbidos,PA,2013,2,122,193769,1.0321568465544024,5.365450728023171,-4.3332938814687685,0.5160784232772012,11.869803735375628,TRUE,121
P. falciparum,paper_replica,15001,Óbidos,PA,2013,3,123,193769,2.580392116386006,5.665511924277573,-3.085119807891567,0,13.41803900520723,TRUE,121
P. falciparum,paper_replica,15002,Santarém,PA,2013,1,121,499965,7.6005320372426075,3.7706449954910726,3.829887041751535,0.8000560039202744,7.200504035282469,FALSE,121
P. falciparum,paper_replica,15002,Santarém,PA,2013,2,122,499965,5.200364025481783,3.148938204158848,2.0514258213229355,0.8000560039202744,6.400448031362195,TRUE,121
P. falciparum,paper_replica,15002,Santarém,PA,2013,3,123,499965,2.8001960137209605,3.2256975793682208,-0.42550156564726027,0.6000420029402058,7.200504035282469,TRUE,121
P. falciparum,paper_replica,15003,Almeirim,PA,2013,1,121,70403,4.261182051901198,7.210388671438183,-2.9492066195369855,0,18.465122224905187,TRUE,121
P. falciparum,paper_replica,15003,Almeirim,PA,2013,2,122,70403,0,6.262789476007824,-6.262789476007824,0,15.62433419030439,TRUE,121
P. falciparum,paper_replica,15003,Almeirim,PA,2013,3,123,70403,1.4203940173003993,6.449769261385821,-5.029375244085422,0,17.04472820760479,TRUE,121
P. falciparum,paper_replica,15004,Portel,PA,2013,1,121,139347,4.305797756679369,7.640432893921286,-3.334635137241917,0,15.447049452087217,TRUE,121
P. falciparum,paper_replica,15004,Portel,PA,2013,2,122,139347,2.870531837786246,6.486267129633115,-3.615735291846869,0,13.635026229484668,TRUE,121
P. falciparum,paper_replica,15004,Portel,PA,2013,3,123,139347,11.482127351144984,6.944175103780758,4.537952247364226,0,16.164682411533782,TRUE,121
P. falciparum,paper_replica,15005,Furos de Breves,PA,2013,1,121,214867,57.71011835228304,77.61091329474002,-19.900794942456976,43.701452526446595,113.13975622129036,TRUE,121
P. falciparum,paper_replica,15005,Furos de Breves,PA,2013,2,122,214867,37.23233442082777,65.59164159389724,-28.359307173069467,39.31501812749282,100.55057314524797,FALSE,121
P. falciparum,paper_replica,15005,Furos de Breves,PA,2013,3,123,214867,18.150763030153538,68.8136956772534,-50.662932647099865,36.05718886567039,107.99704002941354,FALSE,121
P. falciparum,paper_replica,15006,Arari,PA,2013,1,121,162836,1.2282296298115896,9.242000737570596,-8.013771107759005,1.2282296298115896,18.423444447173843,TRUE,121
P. falciparum,paper_replica,15006,Arari,PA,2013,2,122,162836,2.456459259623179,7.989713657852155,-5.533254398228976,1.2282296298115896,17.80932963226805,TRUE,121
P. falciparum,paper_replica,15006,Arari,PA,2013,3,123,162836,1.8423444447173845,8.225000771069963,-6.382656326352579,0.6141148149057948,15.966985187550664,TRUE,121
P. falciparum,paper_replica,15007,Belém,PA,2013,1,121,2222335,0.2699862981953666,0.24574264559966222,0.024243652595704407,0,0.5849703127566276,TRUE,121
P. falciparum,paper_replica,15007,Belém,PA,2013,2,122,2222335,0.3599817309271554,0.21468568304988075,0.14529604787727465,0,0.5185986811169323,TRUE,121
P. falciparum,paper_replica,15007,Belém,PA,2013,3,123,2222335,0.1349931490976833,0.21243510806573954,-0.07744195896805622,0,0.5399725963907333,TRUE,121
P. falciparum,paper_replica,15008,Castanhal,PA,2013,1,121,314158,0,0.29493784822283575,-0.29493784822283575,0,1.1220468681364082,TRUE,121
P. falciparum,paper_replica,15008,Castanhal,PA,2013,2,122,314158,0,0.25564046330163037,-0.25564046330163037,0,0.9549335047969493,TRUE,121
P. falciparum,paper_replica,15008,Castanhal,PA,2013,3,123,314158,0,0.25777618187110135,-0.25777618187110135,0,0.9549335047969493,TRUE,121
P. falciparum,paper_replica,15009,Salgado,PA,2013,1,121,256020,0.7811889696117491,0.19686622619564523,0.5843227434161039,0,0.9862510741348244,TRUE,121
P. falciparum,paper_replica,15009,Salgado,PA,2013,2,122,256020,0,0.17065858384580107,-0.17065858384580107,0,0.7811889696117491,TRUE,121
P. falciparum,paper_replica,15009,Salgado,PA,2013,3,123,256020,0,0.171781745816206,-0.171781745816206,0,0.7811889696117491,TRUE,121
P. falciparum,paper_replica,15010,Bragantina,PA,2013,1,121,397869,1.0053560342725871,0.6110974550633692,0.3942585792092179,0,1.7593730599770276,TRUE,121
P. falciparum,paper_replica,15010,Bragantina,PA,2013,2,122,397869,0,0.5240088971583612,-0.5240088971583612,0,1.5080340514088808,TRUE,121
P. falciparum,paper_replica,15010,Bragantina,PA,2013,3,123,397869,0,0.5203655239596792,-0.5203655239596792,0,1.7593730599770276,TRUE,121
P. falciparum,paper_replica,15011,Cametá,PA,2013,1,121,460628,3.47351876134321,2.002008579478733,1.4715101818644771,0,4.558993374262963,TRUE,121
P. falciparum,paper_replica,15011,Cametá,PA,2013,2,122,460628,0.43418984516790127,1.7352033673603648,-1.3010135221924637,0,3.907708606511111,TRUE,121
P. falciparum,paper_replica,15011,Cametá,PA,2013,3,123,460628,0.21709492258395063,1.818441544721598,-1.6013466221376473,0,4.124803529095062,TRUE,121
P. falciparum,paper_replica,15012,Tomé-Açu,PA,2013,1,121,308695,1.6197217318064756,4.830392427220317,-3.210670695413841,0.9718330390838854,10.212345519039822,TRUE,121
P. falciparum,paper_replica,15012,Tomé-Açu,PA,2013,2,122,308695,0,4.184908342549202,-4.184908342549202,0.3239443463612951,8.422553005393674,FALSE,121
P. falciparum,paper_replica,15012,Tomé-Açu,PA,2013,3,123,308695,0,4.340773062411085,-4.340773062411085,0.4778179108829107,8.916568133594641,FALSE,121
P. falciparum,paper_replica,15013,Guamá,PA,2013,1,121,450804,0,9.21089636597248,-9.21089636597248,3.6545815920000715,14.651600251994205,FALSE,121
P. falciparum,paper_replica,15013,Guamá,PA,2013,2,122,450804,0.2218258932928723,7.90906362230865,-7.687237729015777,3.3273883993930844,13.531379490865211,FALSE,121
P. falciparum,paper_replica,15013,Guamá,PA,2013,3,123,450804,0.8873035731714892,7.96068241503919,-7.073378841867701,3.210929805414327,15.74963842379393,FALSE,121
P. falciparum,paper_replica,15014,Itaituba,PA,2013,1,121,212956,252.63434700125848,93.91841928778092,158.71592771347756,62.923796464997466,131.50603880613835,FALSE,121
P. falciparum,paper_replica,15014,Itaituba,PA,2013,2,122,212956,199.57174251958148,81.71465502829899,117.85708749128248,50.714701628505416,128.98204323897886,FALSE,121
P. falciparum,paper_replica,15014,Itaituba,PA,2013,3,123,212956,132.42172091887525,84.88420709430216,47.5375138245731,51.160803170608006,134.7931028005785,TRUE,121
P. falciparum,paper_replica,15015,Altamira,PA,2013,1,121,287193,24.025655221401635,23.28772662032823,0.7379286010734063,10.9595289578785,35.88179377631069,TRUE,121
P. falciparum,paper_replica,15015,Altamira,PA,2013,2,122,287193,9.401343347504987,20.509469781611518,-11.10812643410653,10.44593705278332,35.0025940743681,FALSE,121
P. falciparum,paper_replica,15015,Altamira,PA,2013,3,123,287193,4.178374821113327,21.73312570950095,-17.554750888387623,10.097739151023875,37.95357129177939,FALSE,121
P. falciparum,paper_replica,15016,Tucuruí,PA,2013,1,121,350813,12.257242462508517,28.914667606557863,-16.65742514404935,13.81790298535117,43.327926844216144,FALSE,121
P. falciparum,paper_replica,15016,Tucuruí,PA,2013,2,122,350813,5.98609515610881,26.39471443998371,-20.4086192838749,13.233546077254836,40.627057720209905,FALSE,121
P. falciparum,paper_replica,15016,Tucuruí,PA,2013,3,123,350813,1.7103129017453742,27.189977709305275,-25.4796648075599,14.537659664835681,45.052492353476055,FALSE,121
P. falciparum,paper_replica,15017,Paragominas,PA,2013,1,121,316737,1.5785967537736356,12.44437195324403,-10.865775199470395,4.735790261320906,20.83747714981199,FALSE,121
P. falciparum,paper_replica,15017,Paragominas,PA,2013,2,122,316737,0.6314387015094542,10.828137300901673,-10.196698599392219,3.1571935075472712,20.206038448302536,FALSE,121
P. falciparum,paper_replica,15017,Paragominas,PA,2013,3,123,316737,0,11.410799525603885,-11.410799525603885,3.9385989006652213,20.37179110744876,FALSE,121
P. falciparum,paper_replica,15018,São Félix do Xingu,PA,2013,1,121,187552,0,2.1953330920477185,-2.1953330920477185,0,5.865040095546835,TRUE,121
P. falciparum,paper_replica,15018,São Félix do Xingu,PA,2013,2,122,187552,0.5331854632315305,1.9530085782568491,-1.4198231150253187,0,4.798669169083774,TRUE,121
P. falciparum,paper_replica,15018,São Félix do Xingu,PA,2013,3,123,187552,0,2.0248275913967033,-2.0248275913967033,0,5.331854632315305,TRUE,121
P. falciparum,paper_replica,15019,Parauapebas,PA,2013,1,121,283946,0.35217963979066447,3.530480265589724,-3.1783006257990594,0,7.395772435603953,TRUE,121
P. falciparum,paper_replica,15019,Parauapebas,PA,2013,2,122,283946,0,3.204581699798303,-3.204581699798303,0,6.876307466912715,TRUE,121
P. falciparum,paper_replica,15019,Parauapebas,PA,2013,3,123,283946,0,3.2422194360033436,-3.2422194360033436,0,7.395772435603953,TRUE,121
P. falciparum,paper_replica,15020,Marabá,PA,2013,1,121,304066,0.65775193543507,5.101201165786792,-4.443449230351722,0.65775193543507,10.52403096696112,TRUE,121
P. falciparum,paper_replica,15020,Marabá,PA,2013,2,122,304066,0.65775193543507,4.596826627700577,-3.939074692265507,0.4850920523833646,9.710062946860212,TRUE,121
P. falciparum,paper_replica,15020,Marabá,PA,2013,3,123,304066,0.65775193543507,4.6674254933456565,-4.009673557910586,0.65775193543507,10.52403096696112,TRUE,121
P. falciparum,paper_replica,15021,Redenção,PA,2013,1,121,187783,0,1.174359401542673,-1.174359401542673,0,3.7277069809301167,TRUE,121
P. falciparum,paper_replica,15021,Redenção,PA,2013,2,122,187783,0,1.0521884511241768,-1.0521884511241768,0,3.1951774122258136,TRUE,121
P. falciparum,paper_replica,15021,Redenção,PA,2013,3,123,187783,0,1.0802570390057353,-1.0802570390057353,0,3.7277069809301167,TRUE,121
P. falciparum,paper_replica,15022,Conceição do Araguaia,PA,2013,1,121,146912,2.7227183620126336,10.334054421214084,-7.6113360592014505,1.3613591810063168,21.10106730559791,TRUE,121
P. falciparum,paper_replica,15022,Conceição do Araguaia,PA,2013,2,122,146912,0,9.293127006184807,-9.293127006184807,0,20.097064909605734,TRUE,121
P. falciparum,paper_replica,15022,Conceição do Araguaia,PA,2013,3,123,146912,0,9.545175620509976,-9.545175620509976,1.3613591810063168,19.739708124591594,FALSE,121
P. falciparum,paper_replica,16001,Oiapoque,AP,2013,1,121,32779,936.5752463467463,230.1945166949248,706.3807296518215,126.37664358278167,363.18984715824143,FALSE,121
P. falciparum,paper_replica,16001,Oiapoque,AP,2013,2,122,32779,567.4364684706671,199.8759920205647,367.56047645010244,108.22477805912322,350.834375667348,FALSE,121
P. falciparum,paper_replica,16001,Oiapoque,AP,2013,3,123,32779,366.088044174624,211.06256125621118,155.0254829184128,102.12331065621282,358.5374782635223,FALSE,121
P. falciparum,paper_replica,16002,Amapá,AP,2013,1,121,27052,29.572674848440037,32.916893888722555,-3.3442190402825176,0,70.2351027650451,TRUE,121
P. falciparum,paper_replica,16002,Amapá,AP,2013,2,122,27052,29.572674848440037,28.733351120964734,0.8393237274753034,0,66.5385184089901,TRUE,121
P. falciparum,paper_replica,16002,Amapá,AP,2013,3,123,27052,14.786337424220019,29.323719691617278,-14.537382267397259,0,70.2351027650451,TRUE,121
P. falciparum,paper_replica,16003,Macapá,AP,2013,1,121,598870,28.553776278658137,16.09052812751351,12.463248151144626,8.683019687077328,25.811110925576493,FALSE,121
P. falciparum,paper_replica,16003,Macapá,AP,2013,2,122,598870,29.22170086997178,13.999943225074,15.22175764489778,6.925543106183312,22.542454956835375,FALSE,121
P. falciparum,paper_replica,16003,Macapá,AP,2013,3,123,598870,15.863209043698966,14.262498590625786,1.6007104530731802,7.927429993153773,24.379247582947883,TRUE,121
P. falciparum,paper_replica,16004,Mazagão,AP,2013,1,121,76295,74.71000720886035,41.494980325777234,33.21502688308311,13.729602201979162,72.08860344714594,FALSE,121
P. falciparum,paper_replica,16004,Mazagão,AP,2013,2,122,76295,82.57421849400353,36.653304838511936,45.920913655491596,10.485615046857593,68.15649780457436,FALSE,121
P. falciparum,paper_replica,16004,Mazagão,AP,2013,3,123,76295,51.11737335343076,37.34403592737215,13.77333742605861,12.418900321121964,72.84225702863876,TRUE,121
P. falciparum,paper_replica,17001,Bico do Papagaio,TO,2013,1,121,207214,0,0.4194478823386448,-0.4194478823386448,0,1.4477786249963807,TRUE,121
P. falciparum,paper_replica,17001,Bico do Papagaio,TO,2013,2,122,207214,0.4825928749987935,0.37412607605114023,0.10846679894765326,0,1.4477786249963807,TRUE,121
P. falciparum,paper_replica,17001,Bico do Papagaio,TO,2013,3,123,207214,0,0.38395679276676514,-0.38395679276676514,0,1.4477786249963807,TRUE,121
P. falciparum,paper_replica,17002,Araguaína,TO,2013,1,121,298783,0,0.3560877227675948,-0.3560877227675948,0,1.0040731902417475,TRUE,121
P. falciparum,paper_replica,17002,Araguaína,TO,2013,2,122,298783,0,0.31623808161483513,-0.31623808161483513,0,1.338764253655663,TRUE,121
P. falciparum,paper_replica,17002,Araguaína,TO,2013,3,123,298783,0,0.32854420575482846,-0.32854420575482846,0,1.338764253655663,TRUE,121
P. falciparum,paper_replica,17003,Miracema do Tocantins,TO,2013,1,121,147591,0,0.3348680185431098,-0.3348680185431098,0,1.35509617795123,TRUE,121
P. falciparum,paper_replica,17003,Miracema do Tocantins,TO,2013,2,122,147591,0,0.30587478492301784,-0.30587478492301784,0,1.35509617795123,TRUE,121
P. falciparum,paper_replica,17003,Miracema do Tocantins,TO,2013,3,123,147591,0,0.31015521400726526,-0.31015521400726526,0,1.35509617795123,TRUE,121
P. falciparum,paper_replica,17004,Rio Formoso,TO,2013,1,121,122527,0,0.3396743331282086,-0.3396743331282086,0,1.6322932904584295,TRUE,121
P. falciparum,paper_replica,17004,Rio Formoso,TO,2013,2,122,122527,0,0.3164537710182332,-0.3164537710182332,0,1.6322932904584295,TRUE,121
P. falciparum,paper_replica,17004,Rio Formoso,TO,2013,3,123,122527,0,0.3098645736824386,-0.3098645736824386,0,1.6322932904584295,TRUE,121
P. falciparum,paper_replica,17005,Gurupi,TO,2013,1,121,144769,0,0.042632577307280074,-0.042632577307280074,0,0.6907556175700599,TRUE,121
P. falciparum,paper_replica,17005,Gurupi,TO,2013,2,122,144769,0,0.04139008785262858,-0.04139008785262858,0,0,TRUE,121
P. falciparum,paper_replica,17005,Gurupi,TO,2013,3,123,144769,0,0.039997313229976475,-0.039997313229976475,0,0.6907556175700599,TRUE,121
P. falciparum,paper_replica,17006,Porto Nacional,TO,2013,1,121,358276,0.27911442574998047,0.11358849176100319,0.16552593398897728,0,0.5582288514999609,TRUE,121
P. falciparum,paper_replica,17006,Porto Nacional,TO,2013,2,122,358276,0,0.10840824426153454,-0.10840824426153454,0,0.42564949926871387,TRUE,121
P. falciparum,paper_replica,17006,Porto Nacional,TO,2013,3,123,358276,0,0.1064233808381173,-0.1064233808381173,0,0.5582288514999609,TRUE,121
P. falciparum,paper_replica,17007,Jalapão,TO,2013,1,121,76288,0,0.009037393432223402,-0.009037393432223402,0,0,TRUE,121
P. falciparum,paper_replica,17007,Jalapão,TO,2013,2,122,76288,0,0.00846804457300946,-0.00846804457300946,0,0,TRUE,121
P. falciparum,paper_replica,17007,Jalapão,TO,2013,3,123,76288,0,0.008324020777489527,-0.008324020777489527,0,0,TRUE,121
P. falciparum,paper_replica,17008,Dianópolis,TO,2013,1,121,122716,0,0.003405991152041078,-0.003405991152041078,0,0,TRUE,121
P. falciparum,paper_replica,17008,Dianópolis,TO,2013,2,122,122716,0,0.003325109035218764,-0.003325109035218764,0,0,TRUE,121
P. falciparum,paper_replica,17008,Dianópolis,TO,2013,3,123,122716,0,0.0032114045748879295,-0.0032114045748879295,0,0,TRUE,121
P. falciparum,paper_replica,21001,Litoral Ocidental Maranhense,MA,2013,1,121,186262,0,0.07438477599317805,-0.07438477599317805,0,0.5368781608701721,TRUE,121
P. falciparum,paper_replica,21001,Litoral Ocidental Maranhense,MA,2013,2,122,186262,0,0.06281128109961887,-0.06281128109961887,0,0.5368781608701721,TRUE,121
P. falciparum,paper_replica,21001,Litoral Ocidental Maranhense,MA,2013,3,123,186262,0,0.06323711695576832,-0.06323711695576832,0,0.5368781608701721,TRUE,121
P. falciparum,paper_replica,21002,Aglomeração Urbana de São Luís,MA,2013,1,121,1366266,0.07319218951507248,0.056834563740498084,0.01635762577457439,0,0.2195765685452174,TRUE,121
P. falciparum,paper_replica,21002,Aglomeração Urbana de São Luís,MA,2013,2,122,1366266,0.14638437903014495,0.04916211078817218,0.09722226824197278,0,0.2195765685452174,TRUE,121
P. falciparum,paper_replica,21002,Aglomeração Urbana de São Luís,MA,2013,3,123,1366266,0.07319218951507248,0.048496102442645725,0.02469608707242675,0,0.2195765685452174,TRUE,121
P. falciparum,paper_replica,21003,Rosário,MA,2013,1,121,168740,0,0.06410087390665269,-0.06410087390665269,0,0.592627711271779,TRUE,121
P. falciparum,paper_replica,21003,Rosário,MA,2013,2,122,168740,0,0.054311873968308846,-0.054311873968308846,0,0.592627711271779,TRUE,121
P. falciparum,paper_replica,21003,Rosário,MA,2013,3,123,168740,0,0.05375525908595357,-0.05375525908595357,0,0.592627711271779,TRUE,121
P. falciparum,paper_replica,21004,Lençóis Maranhenses,MA,2013,1,121,186318,0,0.06784662770975383,-0.06784662770975383,0,0.5367167960154146,TRUE,121
P. falciparum,paper_replica,21004,Lençóis Maranhenses,MA,2013,2,122,186318,0,0.0582442094042775,-0.0582442094042775,0,0.5367167960154146,TRUE,121
P. falciparum,paper_replica,21004,Lençóis Maranhenses,MA,2013,3,123,186318,0,0.05834085540716552,-0.05834085540716552,0,0.5367167960154146,TRUE,121
P. falciparum,paper_replica,21005,Baixada Maranhense,MA,2013,1,121,581920,3.436898542755018,2.5895989027828183,0.8472996399721997,0,4.983502886994776,TRUE,121
P. falciparum,paper_replica,21005,Baixada Maranhense,MA,2013,2,122,581920,2.2339840527907615,2.181751330373761,0.0522327224170005,0.2534712675281828,4.467968105581523,TRUE,121
P. falciparum,paper_replica,21005,Baixada Maranhense,MA,2013,3,123,581920,1.0310695628265054,2.17385704699125,-1.1427874841647445,0.34368985427550175,4.467968105581523,TRUE,121
P. falciparum,paper_replica,21006,Itapecuru Mirim,MA,2013,1,121,223241,0,0.5150024086428854,-0.5150024086428854,0,1.7917855591042864,TRUE,121
P. falciparum,paper_replica,21006,Itapecuru Mirim,MA,2013,2,122,223241,0,0.443662658546154,-0.443662658546154,0,1.7917855591042864,TRUE,121
P. falciparum,paper_replica,21006,Itapecuru Mirim,MA,2013,3,123,223241,0,0.4346237983500648,-0.4346237983500648,0,1.5790110239606423,TRUE,121
P. falciparum,paper_replica,21007,Gurupi,MA,2013,1,121,230990,4.32919173990216,6.503623813315086,-2.174432073412926,1.2987575219706482,12.3490194380709,TRUE,121
P. falciparum,paper_replica,21007,Gurupi,MA,2013,2,122,230990,1.2987575219706482,5.5239356460059446,-4.225178124035296,0.6385557816355693,11.255898523745618,TRUE,121
P. falciparum,paper_replica,21007,Gurupi,MA,2013,3,123,230990,1.731676695960864,5.4887782223916926,-3.7571015264308283,0.432919173990216,12.121736871726048,TRUE,121
P. falciparum,paper_replica,21008,Pindaré,MA,2013,1,121,642579,4.6686866517579935,1.84727424280499,2.8214124089530035,0.3112457767838663,3.890572209798328,FALSE,121
P. falciparum,paper_replica,21008,Pindaré,MA,2013,2,122,642579,3.423703544622529,1.5978643060764322,1.8258392385460969,0,3.423703544622529,TRUE,121
P. falciparum,paper_replica,21008,Pindaré,MA,2013,3,123,642579,2.8012119910547963,1.5989944362167403,1.202217554838056,0,3.423703544622529,TRUE,121
P. falciparum,paper_replica,21009,Imperatriz,MA,2013,1,121,580283,1.0339782485442448,0.489533956870252,0.5444442916739929,0,1.3786376647256597,TRUE,121
P. falciparum,paper_replica,21009,Imperatriz,MA,2013,2,122,580283,0.5169891242721224,0.4293395575842007,0.08764956668792168,0,1.2063079566349522,TRUE,121
P. falciparum,paper_replica,21009,Imperatriz,MA,2013,3,123,580283,0.34465941618141493,0.44308061939996046,-0.09842120321854553,0,1.2967810533825697,TRUE,121
P. falciparum,paper_replica,21010,Médio Mearim,MA,2013,1,121,415203,1.2042302199165227,1.3098986490403965,-0.10566842912387386,0,3.130998571782959,TRUE,121
P. falciparum,paper_replica,21010,Médio Mearim,MA,2013,2,122,415203,0.7225381319499136,1.1448974056955445,-0.422359273745631,0,2.7757506569075794,TRUE,121
P. falciparum,paper_replica,21010,Médio Mearim,MA,2013,3,123,415203,0.24084604398330456,1.134363877524104,-0.8935178335407995,0,3.130998571782959,TRUE,121
P. falciparum,paper_replica,21011,Alto Mearim e Grajaú,MA,2013,1,121,320723,1.8707732217521038,0.5121464887674665,1.3586267329846373,0,1.55897768479342,FALSE,121
P. falciparum,paper_replica,21011,Alto Mearim e Grajaú,MA,2013,2,122,320723,1.8707732217521038,0.44622839821324356,1.4245448235388602,0,1.55897768479342,FALSE,121
P. falciparum,paper_replica,21011,Alto Mearim e Grajaú,MA,2013,3,123,320723,0.9353866108760519,0.4539140469338991,0.4814725639421528,0,1.55897768479342,TRUE,121
P. falciparum,paper_replica,21012,Presidente Dutra,MA,2013,1,121,194017,0,1.27115493581924,-1.27115493581924,0,3.607931263755238,TRUE,121
P. falciparum,paper_replica,21012,Presidente Dutra,MA,2013,2,122,194017,0,1.130868586719225,-1.130868586719225,0,3.3631073565718355,TRUE,121
P. falciparum,paper_replica,21012,Presidente Dutra,MA,2013,3,123,194017,1.030837503930068,1.1120455000074236,-0.08120799607735574,0,3.092512511790204,TRUE,121
P. falciparum,paper_replica,21013,Baixo Parnaíba Maranhense,MA,2013,1,121,139621,2.148673910085159,0.5289546017117571,1.6197193083734018,0,2.148673910085159,TRUE,121
P. falciparum,paper_replica,21013,Baixo Parnaíba Maranhense,MA,2013,2,122,139621,0,0.45795505878351395,-0.45795505878351395,0,2.148673910085159,TRUE,121
P. falciparum,paper_replica,21013,Baixo Parnaíba Maranhense,MA,2013,3,123,139621,0,0.45346027185824356,-0.45346027185824356,0,2.148673910085159,TRUE,121
P. falciparum,paper_replica,21014,Chapadinha,MA,2013,1,121,234229,0,0.24236611048397003,-0.24236611048397003,0,0.8538652344500467,TRUE,121
P. falciparum,paper_replica,21014,Chapadinha,MA,2013,2,122,234229,0,0.2122681009001822,-0.2122681009001822,0,0.8538652344500467,TRUE,121
P. falciparum,paper_replica,21014,Chapadinha,MA,2013,3,123,234229,0,0.20675016065782195,-0.20675016065782195,0,0.8538652344500467,TRUE,121
P. falciparum,paper_replica,21015,Codó,MA,2013,1,121,269763,0,0.8118422606789467,-0.8118422606789467,0,2.594870312088759,TRUE,121
P. falciparum,paper_replica,21015,Codó,MA,2013,2,122,269763,0,0.7108808122856451,-0.7108808122856451,0,2.2241745532189365,TRUE,121
P. falciparum,paper_replica,21015,Codó,MA,2013,3,123,269763,0.37069575886982276,0.6984303577657265,-0.32773459889590373,0,2.2241745532189365,TRUE,121
P. falciparum,paper_replica,21016,Coelho Neto,MA,2013,1,121,90137,0,0.07552853610177442,-0.07552853610177442,0,1.1094223237959995,TRUE,121
P. falciparum,paper_replica,21016,Coelho Neto,MA,2013,2,122,90137,0,0.06639954720420484,-0.06639954720420484,0,1.1094223237959995,TRUE,121
P. falciparum,paper_replica,21016,Coelho Neto,MA,2013,3,123,90137,0,0.06509760784110454,-0.06509760784110454,0,1.1094223237959995,TRUE,121
P. falciparum,paper_replica,21017,Caxias,MA,2013,1,121,428592,0.4666442677418151,0.42226990948101073,0.04437435826080438,0,1.3999328032254452,TRUE,121
P. falciparum,paper_replica,21017,Caxias,MA,2013,2,122,428592,0,0.377268748272327,-0.377268748272327,0,1.1666106693545377,TRUE,121
P. falciparum,paper_replica,21017,Caxias,MA,2013,3,123,428592,0,0.3720831151834153,-0.3720831151834153,0,1.3999328032254452,TRUE,121
P. falciparum,paper_replica,21018,Chapadas do Alto Itapecuru,MA,2013,1,121,214158,0.466944965866323,0.37857683859297747,0.08836812727334553,0,1.4008348975989688,TRUE,121
P. falciparum,paper_replica,21018,Chapadas do Alto Itapecuru,MA,2013,2,122,214158,0.933889931732646,0.3460780260483956,0.5878119056842503,0,1.4008348975989688,TRUE,121
P. falciparum,paper_replica,21018,Chapadas do Alto Itapecuru,MA,2013,3,123,214158,0,0.3379295042149888,-0.3379295042149888,0,1.4008348975989688,TRUE,121
P. falciparum,paper_replica,21019,Porto Franco,MA,2013,1,121,114767,0,0.30826260759905916,-0.30826260759905916,0,1.742661217945925,TRUE,121
P. falciparum,paper_replica,21019,Porto Franco,MA,2013,2,122,114767,0.8713306089729626,0.27337277540027105,0.5979578335726915,0,1.742661217945925,TRUE,121
P. falciparum,paper_replica,21019,Porto Franco,MA,2013,3,123,114767,0,0.2776321140956306,-0.2776321140956306,0,1.742661217945925,TRUE,121
P. falciparum,paper_replica,21020,Gerais de Balsas,MA,2013,1,121,136434,0,0.03437882916671442,-0.03437882916671442,0,0,TRUE,121
P. falciparum,paper_replica,21020,Gerais de Balsas,MA,2013,2,122,136434,0,0.03171703448926114,-0.03171703448926114,0,0.732955128487034,TRUE,121
P. falciparum,paper_replica,21020,Gerais de Balsas,MA,2013,3,123,136434,0,0.03149729012231926,-0.03149729012231926,0,0,TRUE,121
P. falciparum,paper_replica,21021,Chapadas das Mangabeiras,MA,2013,1,121,70058,0,0.01630469458048205,-0.01630469458048205,0,0,TRUE,121
P. falciparum,paper_replica,21021,Chapadas das Mangabeiras,MA,2013,2,122,70058,0,0.014921919935121203,-0.014921919935121203,0,0,TRUE,121
P. falciparum,paper_replica,21021,Chapadas das Mangabeiras,MA,2013,3,123,70058,0,0.014819151754097046,-0.014819151754097046,0,0,TRUE,121
P. falciparum,paper_replica,51001,Aripuanã,MT,2013,1,121,148922,2.6859698365587357,19.39621916255389,-16.710249325995154,5.371939673117471,33.92715649803251,FALSE,121
P. falciparum,paper_replica,51001,Aripuanã,MT,2013,2,122,148922,0,16.52899109270437,-16.52899109270437,4.700447213977787,31.912679120613458,FALSE,121
P. falciparum,paper_replica,51001,Aripuanã,MT,2013,3,123,148922,4.028954754838103,17.417816451699576,-13.388861696861472,6.043432132257155,36.260592793542926,FALSE,121
P. falciparum,paper_replica,51002,Alta Floresta,MT,2013,1,121,101672,3.934219844204894,1.745958494431417,2.188261349773477,0,5.901329766307342,TRUE,121
P. falciparum,paper_replica,51002,Alta Floresta,MT,2013,2,122,101672,2.950664883153671,1.4961704179118993,1.4544944652417715,0,4.917774805256118,TRUE,121
P. falciparum,paper_replica,51002,Alta Floresta,MT,2013,3,123,101672,0,1.5644423099114713,-1.5644423099114713,0,4.917774805256118,TRUE,121
P. falciparum,paper_replica,51003,Colíder,MT,2013,1,121,147540,0.67778229632642,2.050044702842038,-1.3722624065156181,0,5.42225837061136,TRUE,121
P. falciparum,paper_replica,51003,Colíder,MT,2013,2,122,147540,1.35556459265284,1.8036091426496001,-0.44804454999676024,0,4.74447607428494,TRUE,121
P. falciparum,paper_replica,51003,Colíder,MT,2013,3,123,147540,2.71112918530568,1.881573548742051,0.8295556365636287,0,5.42225837061136,TRUE,121
P. falciparum,paper_replica,51004,Parecis,MT,2013,1,121,96914,0,0.8133845386576602,-0.8133845386576602,0,3.0955279938914915,TRUE,121
P. falciparum,paper_replica,51004,Parecis,MT,2013,2,122,96914,0,0.6768935026847759,-0.6768935026847759,0,2.0636853292609945,TRUE,121
P. falciparum,paper_replica,51004,Parecis,MT,2013,3,123,96914,0,0.7242472475047499,-0.7242472475047499,0,3.0955279938914915,TRUE,121
P. falciparum,paper_replica,51005,Arinos,MT,2013,1,121,77897,0,1.0497421177527066,-1.0497421177527066,0,3.8512394572319857,TRUE,121
P. falciparum,paper_replica,51005,Arinos,MT,2013,2,122,77897,0,0.9166012362469222,-0.9166012362469222,0,3.8512394572319857,TRUE,121
P. falciparum,paper_replica,51005,Arinos,MT,2013,3,123,77897,0,0.966493916571011,-0.966493916571011,0,3.8512394572319857,TRUE,121
P. falciparum,paper_replica,51006,Alto Teles Pires,MT,2013,1,121,216083,0,0.5715655502686918,-0.5715655502686918,0,1.8511405339614868,TRUE,121
P. falciparum,paper_replica,51006,Alto Teles Pires,MT,2013,2,122,216083,0,0.5058312224501699,-0.5058312224501699,0,1.8511405339614868,TRUE,121
P. falciparum,paper_replica,51006,Alto Teles Pires,MT,2013,3,123,216083,0,0.5312143788485748,-0.5312143788485748,0,2.313925667451859,TRUE,121
P. falciparum,paper_replica,51007,Sinop,MT,2013,1,121,184603,0,0.43752912728598364,-0.43752912728598364,0,1.6251090177299394,TRUE,121
P. falciparum,paper_replica,51007,Sinop,MT,2013,2,122,184603,0,0.39102984423179904,-0.39102984423179904,0,1.6251090177299394,TRUE,121
P. falciparum,paper_replica,51007,Sinop,MT,2013,3,123,184603,0,0.4020649579162509,-0.4020649579162509,0,1.6251090177299394,TRUE,121
P. falciparum,paper_replica,51008,Paranatinga,MT,2013,1,121,34079,0,0.04560088923274187,-0.04560088923274187,0,0,TRUE,121
P. falciparum,paper_replica,51008,Paranatinga,MT,2013,2,122,34079,0,0.0408448237402067,-0.0408448237402067,0,0,TRUE,121
P. falciparum,paper_replica,51008,Paranatinga,MT,2013,3,123,34079,0,0.04165844592264771,-0.04165844592264771,0,0,TRUE,121
P. falciparum,paper_replica,51009,Norte Araguaia,MT,2013,1,121,119054,0,0.16102018013938554,-0.16102018013938554,0,0.8399549784131571,TRUE,121
P. falciparum,paper_replica,51009,Norte Araguaia,MT,2013,2,122,119054,0,0.14507259840389977,-0.14507259840389977,0,0.8399549784131571,TRUE,121
P. falciparum,paper_replica,51009,Norte Araguaia,MT,2013,3,123,119054,0,0.1458631519915711,-0.1458631519915711,0,0.8399549784131571,TRUE,121
P. falciparum,paper_replica,51010,Canarana,MT,2013,1,121,105035,0,0.02785281782814538,-0.02785281782814538,0,0,TRUE,121
P. falciparum,paper_replica,51010,Canarana,MT,2013,2,122,105035,0,0.025742402792148327,-0.025742402792148327,0,0,TRUE,121
P. falciparum,paper_replica,51010,Canarana,MT,2013,3,123,105035,0,0.0258598775579487,-0.0258598775579487,0,0,TRUE,121
P. falciparum,paper_replica,51011,Médio Araguaia,MT,2013,1,121,66449,0,0.007172348797420071,-0.007172348797420071,0,0,TRUE,121
P. falciparum,paper_replica,51011,Médio Araguaia,MT,2013,2,122,66449,0,0.0069403780871216,-0.0069403780871216,0,0,TRUE,121
P. falciparum,paper_replica,51011,Médio Araguaia,MT,2013,3,123,66449,0,0.006682728896208471,-0.006682728896208471,0,0,TRUE,121
P. falciparum,paper_replica,51012,Alto Guaporé,MT,2013,1,121,70085,0,0.8326853036596441,-0.8326853036596441,0,4.280516515659556,TRUE,121
P. falciparum,paper_replica,51012,Alto Guaporé,MT,2013,2,122,70085,0,0.6845782404696776,-0.6845782404696776,0,2.8536776771063708,TRUE,121
P. falciparum,paper_replica,51012,Alto Guaporé,MT,2013,3,123,70085,0,0.677633238740454,-0.677633238740454,0,2.8536776771063708,TRUE,121
P. falciparum,paper_replica,51013,Tangará da Serra,MT,2013,1,121,153881,0,0.14469368540092706,-0.14469368540092706,0,0.6498528083389112,TRUE,121
P. falciparum,paper_replica,51013,Tangará da Serra,MT,2013,2,122,153881,0,0.12183818498498239,-0.12183818498498239,0,0.6498528083389112,TRUE,121
P. falciparum,paper_replica,51013,Tangará da Serra,MT,2013,3,123,153881,0,0.12480458162406814,-0.12480458162406814,0,0.6498528083389112,TRUE,121
P. falciparum,paper_replica,51014,Jauru,MT,2013,1,121,107853,0,0.0968214438076289,-0.0968214438076289,0,0.9271879317218806,TRUE,121
P. falciparum,paper_replica,51014,Jauru,MT,2013,2,122,107853,0,0.08042764922998354,-0.08042764922998354,0,0.9271879317218806,TRUE,121
P. falciparum,paper_replica,51014,Jauru,MT,2013,3,123,107853,0,0.0791122932509078,-0.0791122932509078,0,0.9271879317218806,TRUE,121
P. falciparum,paper_replica,51015,Alto Paraguai,MT,2013,1,121,32717,0,0.06690316972890946,-0.06690316972890946,0,0,TRUE,121
P. falciparum,paper_replica,51015,Alto Paraguai,MT,2013,2,122,32717,0,0.056869688842305983,-0.056869688842305983,0,0,TRUE,121
P. falciparum,paper_replica,51015,Alto Paraguai,MT,2013,3,123,32717,0,0.05967163181682193,-0.05967163181682193,0,0,TRUE,121
P. falciparum,paper_replica,51016,Rosário Oeste,MT,2013,1,121,30675,0,0.08312043368055998,-0.08312043368055998,0,0,TRUE,121
P. falciparum,paper_replica,51016,Rosário Oeste,MT,2013,2,122,30675,0,0.07283362704367201,-0.07283362704367201,0,0,TRUE,121
P. falciparum,paper_replica,51016,Rosário Oeste,MT,2013,3,123,30675,0,0.07564502059535931,-0.07564502059535931,0,0,TRUE,121
P. falciparum,paper_replica,51017,Cuiabá,MT,2013,1,121,881902,0,0.10009813845609267,-0.10009813845609267,0,0.34017385151638163,TRUE,121
P. falciparum,paper_replica,51017,Cuiabá,MT,2013,2,122,881902,0.11339128383879388,0.08500252746501108,0.028388756373782797,0,0.34017385151638163,TRUE,121
P. falciparum,paper_replica,51017,Cuiabá,MT,2013,3,123,881902,0,0.08721759815238306,-0.08721759815238306,0,0.34017385151638163,TRUE,121
P. falciparum,paper_replica,51018,Alto Pantanal,MT,2013,1,121,134262,0,0.06845670150263196,-0.06845670150263196,0,0.7448123817610344,TRUE,121
P. falciparum,paper_replica,51018,Alto Pantanal,MT,2013,2,122,134262,0,0.055692097514760217,-0.055692097514760217,0,0.7448123817610344,TRUE,121
P. falciparum,paper_replica,51018,Alto Pantanal,MT,2013,3,123,134262,0,0.05510801169788844,-0.05510801169788844,0,0.7448123817610344,TRUE,121
P. falciparum,paper_replica,51019,Primavera do Leste,MT,2013,1,121,91029,0,0.04097927178652446,-0.04097927178652446,0,1.0985510112162058,TRUE,121
P. falciparum,paper_replica,51019,Primavera do Leste,MT,2013,2,122,91029,0,0.035014825043058806,-0.035014825043058806,0,0,TRUE,121
P. falciparum,paper_replica,51019,Primavera do Leste,MT,2013,3,123,91029,0,0.03679068298098491,-0.03679068298098491,0,0.576739280888483,TRUE,121
P. falciparum,paper_replica,51020,Tesouro,MT,2013,1,121,54596,0,0.014825196503874514,-0.014825196503874514,0,0,TRUE,121
P. falciparum,paper_replica,51020,Tesouro,MT,2013,2,122,54596,0,0.01293947042407295,-0.01293947042407295,0,0,TRUE,121
P. falciparum,paper_replica,51020,Tesouro,MT,2013,3,123,54596,0,0.013639292147392288,-0.013639292147392288,0,0,TRUE,121
P. falciparum,paper_replica,51021,Rondonópolis,MT,2013,1,121,290068,0,0.03700418845855575,-0.03700418845855575,0,0.34474674903815655,TRUE,121
P. falciparum,paper_replica,51021,Rondonópolis,MT,2013,2,122,290068,0,0.031167362626619805,-0.031167362626619805,0,0.34474674903815655,TRUE,121
P. falciparum,paper_replica,51021,Rondonópolis,MT,2013,3,123,290068,0,0.032878855498450606,-0.032878855498450606,0,0.34474674903815655,TRUE,121
P. falciparum,paper_replica,51022,Alto Araguaia,MT,2013,1,121,36797,0,0.008194608198208051,-0.008194608198208051,0,0,TRUE,121
P. falciparum,paper_replica,51022,Alto Araguaia,MT,2013,2,122,36797,0,0.006912475175396327,-0.006912475175396327,0,0,TRUE,121
P. falciparum,paper_replica,51022,Alto Araguaia,MT,2013,3,123,36797,0,0.007383947219152791,-0.007383947219152791,0,0,TRUE,121
P. falciparum,paper_replica,11001,Porto Velho,RO,2014,1,133,625834,4.4740298545620725,41.114265318710245,-36.640235464148176,27.802899810492878,58.24627616907998,FALSE,133
P. falciparum,paper_replica,11001,Porto Velho,RO,2014,2,134,625834,2.5565884883211845,35.98263334380493,-33.426044855483745,21.731002150730067,55.05054055867849,FALSE,133
P. falciparum,paper_replica,11001,Porto Velho,RO,2014,3,135,625834,10.865501075365033,36.20567663116398,-25.34017555579895,21.243652470143843,58.96931135093331,FALSE,133
P. falciparum,paper_replica,11002,Guajará-Mirim,RO,2014,1,133,81101,0,13.245630801320203,-13.245630801320203,0,28.359699633789965,TRUE,133
P. falciparum,paper_replica,11002,Guajará-Mirim,RO,2014,2,134,81101,1.2330304188604333,11.874795077252097,-10.641764658391663,0,27.77401018483123,TRUE,133
P. falciparum,paper_replica,11002,Guajará-Mirim,RO,2014,3,135,81101,0,12.052503040079076,-12.052503040079076,0,27.12666921492953,TRUE,133
P. falciparum,paper_replica,11003,Ariquemes,RO,2014,1,133,195532,2.04570095943375,46.11994278297155,-44.0742418235378,25.545690730928957,68.04512816316509,FALSE,133
P. falciparum,paper_replica,11003,Ariquemes,RO,2014,2,134,195532,1.5342757195753127,40.42239624598931,-38.888120526414,24.036986273346564,68.01955690117218,FALSE,133
P. falciparum,paper_replica,11003,Ariquemes,RO,2014,3,135,195532,0.5114252398584375,41.20951649463989,-40.69809125478145,22.74563754270401,69.09354990487486,FALSE,133
P. falciparum,paper_replica,11004,Ji-Paraná,RO,2014,1,133,316402,0.3160536279795956,5.468793575567953,-5.1527399475883575,0.7822327292494995,9.797662467367463,FALSE,133
P. falciparum,paper_replica,11004,Ji-Paraná,RO,2014,2,134,316402,0,4.825236149970008,-4.825236149970008,0.9481608839387867,9.797662467367463,FALSE,133
P. falciparum,paper_replica,11004,Ji-Paraná,RO,2014,3,135,316402,0,4.932863401026293,-4.932863401026293,0.15012547329030834,10.74582335130625,FALSE,133
P. falciparum,paper_replica,11005,Alvorada D'Oeste,RO,2014,1,133,75085,1.331823932876074,2.3792030893600677,-1.0473791564839938,0,6.659119664380368,TRUE,133
P. falciparum,paper_replica,11005,Alvorada D'Oeste,RO,2014,2,134,75085,0,2.0919798101477745,-2.0919798101477745,0,6.659119664380368,TRUE,133
P. falciparum,paper_replica,11005,Alvorada D'Oeste,RO,2014,3,135,75085,0,2.1518554139201824,-2.1518554139201824,0,6.659119664380368,TRUE,133
P. falciparum,paper_replica,11006,Cacoal,RO,2014,1,133,247558,0,2.2007268874013897,-2.2007268874013897,0,5.251294646103135,TRUE,133
P. falciparum,paper_replica,11006,Cacoal,RO,2014,2,134,247558,0,1.9559103624905718,-1.9559103624905718,0,5.059420418649358,TRUE,133
P. falciparum,paper_replica,11006,Cacoal,RO,2014,3,135,247558,0,2.012860485580751,-2.012860485580751,0,5.251294646103135,TRUE,133
P. falciparum,paper_replica,11007,Vilhena,RO,2014,1,133,152211,0,1.2654571024242849,-1.2654571024242849,0,3.9418964463803534,TRUE,133
P. falciparum,paper_replica,11007,Vilhena,RO,2014,2,134,152211,0,1.1123174091905168,-1.1123174091905168,0,3.2849137053169613,TRUE,133
P. falciparum,paper_replica,11007,Vilhena,RO,2014,3,135,152211,0,1.1371054441622763,-1.1371054441622763,0,3.9418964463803534,TRUE,133
P. falciparum,paper_replica,11008,Colorado do Oeste,RO,2014,1,133,54808,0,2.993453074957137,-2.993453074957137,0,9.12275580207269,TRUE,133
P. falciparum,paper_replica,11008,Colorado do Oeste,RO,2014,2,134,54808,0,2.6443810222574453,-2.6443810222574453,0,9.12275580207269,TRUE,133
P. falciparum,paper_replica,11008,Colorado do Oeste,RO,2014,3,135,54808,0,2.725099645019854,-2.725099645019854,0,9.12275580207269,TRUE,133
P. falciparum,paper_replica,12001,Cruzeiro do Sul,AC,2014,1,133,141056,814.5700998185118,141.04620031196714,673.5238995065447,94.62553879310346,205.5921052631579,FALSE,133
P. falciparum,paper_replica,12001,Cruzeiro do Sul,AC,2014,2,134,141056,462.93670598911075,125.62272823232001,337.31397775679073,76.1576962341198,196.44680127041732,FALSE,133
P. falciparum,paper_replica,12001,Cruzeiro do Sul,AC,2014,3,135,141056,384.244555353902,118.91141772780935,265.33313762609265,70.18489110707804,193.947793784029,FALSE,133
P. falciparum,paper_replica,12002,Tarauacá,AC,2014,1,133,77929,41.06301890182089,9.243826853281595,31.819192048539293,0,19.24829011022854,FALSE,133
P. falciparum,paper_replica,12002,Tarauacá,AC,2014,2,134,77929,23.097948132274247,8.1321264774192,14.965821654855047,0,19.921980264086514,FALSE,133
P. falciparum,paper_replica,12002,Tarauacá,AC,2014,3,135,77929,19.24829011022854,7.906792796997081,11.34149731323146,0,17.96507076954664,FALSE,133
P. falciparum,paper_replica,12003,Sena Madureira,AC,2014,1,133,55143,0,0.45615292994811263,-0.45615292994811263,0,1.8134668044901436,TRUE,133
P. falciparum,paper_replica,12003,Sena Madureira,AC,2014,2,134,55143,0,0.4000302447690036,-0.4000302447690036,0,1.8134668044901436,TRUE,133
P. falciparum,paper_replica,12003,Sena Madureira,AC,2014,3,135,55143,0,0.38670752628851646,-0.38670752628851646,0,1.8134668044901436,TRUE,133
P. falciparum,paper_replica,12004,Rio Branco,AC,2014,1,133,452251,1.7689292008198987,5.830006215679493,-4.0610770148595945,1.8739593721185805,10.729661183723193,FALSE,133
P. falciparum,paper_replica,12004,Rio Branco,AC,2014,2,134,452251,1.1055807505124366,5.0312090702222045,-3.9256283197097677,1.3266969006149238,10.171342904714418,FALSE,133
P. falciparum,paper_replica,12004,Rio Branco,AC,2014,3,135,452251,0.6633484503074619,4.875272517375884,-4.211924067068423,1.1055807505124366,9.624080433210757,FALSE,133
P. falciparum,paper_replica,12005,Brasiléia,AC,2014,1,133,63722,0,2.0409388971497515,-2.0409388971497515,0,6.277266878001318,TRUE,133
P. falciparum,paper_replica,12005,Brasiléia,AC,2014,2,134,63722,1.5693167195003295,1.7812320575945162,-0.21191533809418672,0,6.277266878001318,TRUE,133
P. falciparum,paper_replica,12005,Brasiléia,AC,2014,3,135,63722,0,1.7558827707444193,-1.7558827707444193,0,6.277266878001318,TRUE,133
P. falciparum,paper_replica,13001,Rio Negro,AM,2014,1,133,108516,49.76224704191087,41.08304168507957,8.679205356831297,20.227431899443403,66.34966272254782,TRUE,133
P. falciparum,paper_replica,13001,Rio Negro,AM,2014,2,134,108516,38.703969921486234,35.70947935660566,2.9944905648805715,12.901323307162077,63.1473699730915,TRUE,133
P. falciparum,paper_replica,13001,Rio Negro,AM,2014,3,135,108516,76.48641674960375,33.43254031903702,43.05387643056673,10.574477496406061,60.38280069298535,FALSE,133
P. falciparum,paper_replica,13002,Japurá,AM,2014,1,133,23966,75.1064007343737,10.08140134630453,65.02499938806916,0,29.208044730034217,FALSE,133
P. falciparum,paper_replica,13002,Japurá,AM,2014,2,134,23966,37.55320036718685,8.878485375996624,28.67471499119022,0,27.22607026621037,FALSE,133
P. falciparum,paper_replica,13002,Japurá,AM,2014,3,135,23966,41.72577818576316,8.48108263324945,33.24469555251371,0,29.208044730034217,FALSE,133
P. falciparum,paper_replica,13003,Alto Solimões,AM,2014,1,133,242875,79.87647967061245,18.659174957777495,61.21730471283496,9.253731343283583,29.233144621718992,FALSE,133
P. falciparum,paper_replica,13003,Alto Solimões,AM,2014,2,134,242875,67.93618116314977,16.393010170055124,51.54317099309465,6.783324755532682,28.625836335563555,FALSE,133
P. falciparum,paper_replica,13003,Alto Solimões,AM,2014,3,135,242875,65.87750900669069,15.751446561308681,50.126062445382004,5.764282038085435,28.214101904271736,FALSE,133
P. falciparum,paper_replica,13004,Juruá,AM,2014,1,133,142338,93.43955935870954,30.510499654237766,62.92905970447178,13.682221191811042,51.988927763492526,FALSE,133
P. falciparum,paper_replica,13004,Juruá,AM,2014,2,134,142338,118.73147016257079,26.406513196116336,92.32495696645445,8.764349646615802,44.26084390675716,FALSE,133
P. falciparum,paper_replica,13004,Juruá,AM,2014,3,135,142338,153.15657097893745,25.484263957548905,127.67230702138855,11.57456195815594,48.51129002796158,FALSE,133
P. falciparum,paper_replica,13005,Tefé,AM,2014,1,133,90982,30.775318194807767,36.52688002999309,-5.751561835185321,12.090303576531623,62.64975489657295,TRUE,133
P. falciparum,paper_replica,13005,Tefé,AM,2014,2,134,90982,56.05504385482843,32.2807237341689,23.77432012065953,10.414147853421557,64.32591061968299,TRUE,133
P. falciparum,paper_replica,13005,Tefé,AM,2014,3,135,90982,49.4603328130839,31.24360517473368,18.21672763835022,10.9911850695742,63.22679211272556,TRUE,133
P. falciparum,paper_replica,13006,Coari,AM,2014,1,133,169227,0.5909222523592571,21.056225809503967,-20.46530355714471,7.962677350540989,36.35649157640328,FALSE,133
P. falciparum,paper_replica,13006,Coari,AM,2014,2,134,169227,0.5909222523592571,17.749941490435216,-17.15901923807596,7.091067028311085,30.727957122681367,FALSE,133
P. falciparum,paper_replica,13006,Coari,AM,2014,3,135,169227,0,17.570178611564845,-17.570178611564845,4.136455766514799,36.07580350653262,FALSE,133
P. falciparum,paper_replica,13007,Manaus,AM,2014,1,133,2285623,1.6625663987455501,9.5727407553958,-7.91017435665025,5.9710197175999715,13.675702423365529,FALSE,133
P. falciparum,paper_replica,13007,Manaus,AM,2014,2,134,2285623,0.9625384413790026,7.681538628287151,-6.719000186908149,4.723001124857424,12.51737491266057,FALSE,133
P. falciparum,paper_replica,13007,Manaus,AM,2014,3,135,2285623,1.050041936049821,7.588856329807751,-6.53881439375793,4.460490640844969,13.346470524666579,FALSE,133
P. falciparum,paper_replica,13008,Rio Preto da Eva,AM,2014,1,133,61674,0,44.771216573737206,-44.771216573737206,12.97143042449006,84.3142977591854,FALSE,133
P. falciparum,paper_replica,13008,Rio Preto da Eva,AM,2014,2,134,61674,0,36.76459170420618,-36.76459170420618,3.242857606122515,68.10000972857281,FALSE,133
P. falciparum,paper_replica,13008,Rio Preto da Eva,AM,2014,3,135,61674,0,36.5981251780944,-36.5981251780944,10.498751499821644,71.34286733469533,FALSE,133
P. falciparum,paper_replica,13009,Itacoatiara,AM,2014,1,133,168711,0,10.189143926476453,-10.189143926476453,0.2815465500174864,18.967346527493763,FALSE,133
P. falciparum,paper_replica,13009,Itacoatiara,AM,2014,2,134,168711,0,8.013874418938194,-8.013874418938194,0.8742761290016665,16.59642821155704,FALSE,133
P. falciparum,paper_replica,13009,Itacoatiara,AM,2014,3,135,168711,0,8.131644104539895,-8.131644104539895,0.8742761290016665,16.59642821155704,FALSE,133
P. falciparum,paper_replica,13010,Parintins,AM,2014,1,133,266488,5.628771276755426,3.5326867807692337,2.0960844959861924,0,7.505028369007235,TRUE,133
P. falciparum,paper_replica,13010,Parintins,AM,2014,2,134,266488,0.37525141845036175,2.8366952504679284,-2.4614438320175664,0,6.379274113656149,TRUE,133
P. falciparum,paper_replica,13010,Parintins,AM,2014,3,135,266488,1.501005673801447,2.8490728617515404,-1.3480671879500934,0,6.004022695205788,TRUE,133
P. falciparum,paper_replica,13011,Boca do Acre,AM,2014,1,133,52413,49.60601377520844,20.95088885392065,28.65512492128779,0,43.88224295499208,FALSE,133
P. falciparum,paper_replica,13011,Boca do Acre,AM,2014,2,134,52413,53.421860988686014,18.080660916811414,35.341200071874596,0,41.974319348253296,FALSE,133
P. falciparum,paper_replica,13011,Boca do Acre,AM,2014,3,135,52413,78.22486787629023,17.71564748255603,60.5092203937342,0,40.06639574151451,FALSE,133
P. falciparum,paper_replica,13012,Purus,AM,2014,1,133,75649,134.83324300387315,32.6173883485472,102.21585465532596,9.253261774775607,59.48525426641462,FALSE,133
P. falciparum,paper_replica,13012,Purus,AM,2014,2,134,75649,118.97050853282924,27.932631578514087,91.03787695431515,5.915478063160123,54.19767610939999,FALSE,133
P. falciparum,paper_replica,13012,Purus,AM,2014,3,135,75649,136.1551375431268,27.662905403880323,108.49223213924648,6.609472696268291,52.87578157014633,FALSE,133
P. falciparum,paper_replica,13013,Madeira,AM,2014,1,133,185281,3.778045239393138,22.94372077013794,-19.165675530744803,10.79441496969468,39.709954069764265,FALSE,133
P. falciparum,paper_replica,13013,Madeira,AM,2014,2,134,185281,3.778045239393138,19.446398238159674,-15.668352998766537,9.175252724240478,32.922965657568774,FALSE,133
P. falciparum,paper_replica,13013,Madeira,AM,2014,3,135,185281,1.6191622454542018,19.747837422790006,-18.128675177335804,7.812457834316525,36.70101089696191,FALSE,133
P. falciparum,paper_replica,14001,Boa Vista,RR,2014,1,133,353589,30.543936604362692,9.521824136179715,21.022112468182975,3.5281074920317095,16.68603944127221,FALSE,133
P. falciparum,paper_replica,14001,Boa Vista,RR,2014,2,134,353589,15.83759675781769,8.73846681943542,7.099129938382271,3.5281074920317095,16.551702683058572,TRUE,133
P. falciparum,paper_replica,14001,Boa Vista,RR,2014,3,135,353589,12.161011796181443,9.014163372540278,3.146848423641165,2.3968505807590175,17.251667896908558,TRUE,133
P. falciparum,paper_replica,14002,Nordeste de Roraima,RR,2014,1,133,46668,17.142367360932543,28.592198360307417,-11.449830999374875,5.303419902288509,54.694865860975355,TRUE,133
P. falciparum,paper_replica,14002,Nordeste de Roraima,RR,2014,2,134,46668,10.71397960058284,25.843792312506693,-15.129812711923853,1.0178280620553728,54.694865860975355,TRUE,133
P. falciparum,paper_replica,14002,Nordeste de Roraima,RR,2014,3,135,46668,2.142795920116568,27.25008556838807,-25.1072896482715,2.142795920116568,61.123253621325055,TRUE,133
P. falciparum,paper_replica,14003,Caracaraí,RR,2014,1,133,46161,8.665323541517731,27.415328122083576,-18.750004580565843,0,51.99194124910638,TRUE,133
P. falciparum,paper_replica,14003,Caracaraí,RR,2014,2,134,46161,4.3326617707588655,24.534364158291556,-20.20170238753269,0,53.12926496393054,TRUE,133
P. falciparum,paper_replica,14003,Caracaraí,RR,2014,3,135,46161,2.1663308853794327,25.22078463693977,-23.054453751560334,0,55.29559584930997,TRUE,133
P. falciparum,paper_replica,14004,Sudeste de Roraima,RR,2014,1,133,50518,41.56934162080842,27.037602382126686,14.531739238681737,3.958984916267469,52.506037451997265,TRUE,133
P. falciparum,paper_replica,14004,Sudeste de Roraima,RR,2014,2,134,50518,3.958984916267469,22.765559213267068,-18.8065742969996,0,48.54705253572979,TRUE,133
P. falciparum,paper_replica,14004,Sudeste de Roraima,RR,2014,3,135,50518,3.958984916267469,23.436695756294093,-19.477710840026624,2.9197513757472615,53.446296369610835,TRUE,133
P. falciparum,paper_replica,15001,Óbidos,PA,2014,1,133,196298,0,3.488411071795893,-3.488411071795893,0,8.418323161723492,TRUE,133
P. falciparum,paper_replica,15001,Óbidos,PA,2014,2,134,196298,1.018859081600424,3.00901500812896,-1.990155926528536,0,7.132013571202967,TRUE,133
P. falciparum,paper_replica,15001,Óbidos,PA,2014,3,135,196298,0,3.001757054913073,-3.001757054913073,0,7.132013571202967,TRUE,133
P. falciparum,paper_replica,15002,Santarém,PA,2014,1,133,503673,1.9854151403787774,2.123391498913791,-0.13797635853501355,0,4.472147603703192,TRUE,133
P. falciparum,paper_replica,15002,Santarém,PA,2014,2,134,503673,0.7941660561515109,1.8134800142112122,-1.0193139580597013,0.19854151403787773,4.169371794795432,TRUE,133
P. falciparum,paper_replica,15002,Santarém,PA,2014,3,135,503673,1.3897905982651444,1.7846857414702406,-0.3948951432050962,0,3.7722887667196776,TRUE,133
P. falciparum,paper_replica,15003,Almeirim,PA,2014,1,133,71135,7.028888732691362,4.064137803732931,2.9647509289584306,0,11.246221972306179,TRUE,133
P. falciparum,paper_replica,15003,Almeirim,PA,2014,2,134,71135,4.217333239614817,3.478969394944299,0.7383638446705181,0,9.840444225767905,TRUE,133
P. falciparum,paper_replica,15003,Almeirim,PA,2014,3,135,71135,0,3.3458230529340955,-3.3458230529340955,0,11.246221972306179,TRUE,133
P. falciparum,paper_replica,15004,Portel,PA,2014,1,133,142011,0,4.478170787015872,-4.478170787015872,0,10.562562055052075,TRUE,133
P. falciparum,paper_replica,15004,Portel,PA,2014,2,134,142011,0,3.879807853613699,-3.879807853613699,0,9.523910119638604,TRUE,133
P. falciparum,paper_replica,15004,Portel,PA,2014,3,135,142011,0,3.847050896303993,-3.847050896303993,0,9.154220447711797,TRUE,133
P. falciparum,paper_replica,15005,Furos de Breves,PA,2014,1,133,217765,14.694739742382843,45.215146620710065,-30.520406878327222,25.47470897527151,67.74504626546965,FALSE,133
P. falciparum,paper_replica,15005,Furos de Breves,PA,2014,2,134,217765,18.82763529492802,38.83592885271303,-20.008293557785013,19.02279980713154,67.09067113631663,FALSE,133
P. falciparum,paper_replica,15005,Furos de Breves,PA,2014,3,135,217765,6.428948637292494,37.18947377782772,-30.76052514053523,19.96418157187794,62.71669000987299,FALSE,133
P. falciparum,paper_replica,15006,Arari,PA,2014,1,133,165571,2.4158820083227135,5.395925375174712,-2.9800433668519983,0,11.47543953953289,TRUE,133
P. falciparum,paper_replica,15006,Arari,PA,2014,2,134,165571,0,4.602099045488458,-4.602099045488458,0,10.267498535371534,TRUE,133
P. falciparum,paper_replica,15006,Arari,PA,2014,3,135,165571,0.6039705020806784,4.42397938199267,-3.8200088799119913,0,10.267498535371534,TRUE,133
P. falciparum,paper_replica,15007,Belém,PA,2014,1,133,2242436,0.08918872155102754,0.14348345759231995,-0.05429473604129241,0,0.35675488620411017,TRUE,133
P. falciparum,paper_replica,15007,Belém,PA,2014,2,134,2242436,0.04459436077551377,0.12246140083469757,-0.0778670400591838,0,0.35675488620411017,TRUE,133
P. falciparum,paper_replica,15007,Belém,PA,2014,3,135,2242436,0.04459436077551377,0.1181794220998737,-0.07358506132435993,0,0.3121605254285964,TRUE,133
P. falciparum,paper_replica,15008,Castanhal,PA,2014,1,133,319481,0,0.16566655237012665,-0.16566655237012665,0,0.6260153185948459,TRUE,133
P. falciparum,paper_replica,15008,Castanhal,PA,2014,2,134,319481,0,0.14208782511636842,-0.14208782511636842,0,0.6260153185948459,TRUE,133
P. falciparum,paper_replica,15008,Castanhal,PA,2014,3,135,319481,0,0.13908073502941806,-0.13908073502941806,0,0.6260153185948459,TRUE,133
P. falciparum,paper_replica,15009,Salgado,PA,2014,1,133,258222,0.7745273446879041,0.11357559121092387,0.6609517534769802,0,0.7745273446879041,TRUE,133
P. falciparum,paper_replica,15009,Salgado,PA,2014,2,134,258222,0,0.09626887050466693,-0.09626887050466693,0,0.38726367234395204,TRUE,133
P. falciparum,paper_replica,15009,Salgado,PA,2014,3,135,258222,0,0.09434866685056015,-0.09434866685056015,0,0.38726367234395204,TRUE,133
P. falciparum,paper_replica,15010,Bragantina,PA,2014,1,133,401712,0,0.3418588535616968,-0.3418588535616968,0,1.12642888437487,TRUE,133
P. falciparum,paper_replica,15010,Bragantina,PA,2014,2,134,401712,0,0.28699620090968875,-0.28699620090968875,0,0.9957382403313818,TRUE,133
P. falciparum,paper_replica,15010,Bragantina,PA,2014,3,135,401712,0,0.27894743293044516,-0.27894743293044516,0,0.9957382403313818,TRUE,133
P. falciparum,paper_replica,15011,Cametá,PA,2014,1,133,466929,0,1.168099094601287,-1.168099094601287,0,2.998314518909727,TRUE,133
P. falciparum,paper_replica,15011,Cametá,PA,2014,2,134,466929,0,1.010060134149447,-1.010060134149447,0,2.6824206678103044,TRUE,133
P. falciparum,paper_replica,15011,Cametá,PA,2014,3,135,466929,0.21416532277926623,0.9924872581663025,-0.7783219353870362,0,2.5699838733511946,TRUE,133
P. falciparum,paper_replica,15012,Tomé-Açu,PA,2014,1,133,314645,0,2.7717322425354225,-2.7717322425354225,0,5.887587598722362,TRUE,133
P. falciparum,paper_replica,15012,Tomé-Açu,PA,2014,2,134,314645,0.3178184938581576,2.410474538315975,-2.0926560444578177,0,5.569769104864205,TRUE,133
P. falciparum,paper_replica,15012,Tomé-Açu,PA,2014,3,135,314645,0,2.338700390784057,-2.338700390784057,0,5.569769104864205,TRUE,133
P. falciparum,paper_replica,15013,Guamá,PA,2014,1,133,455970,0,5.14271299016592,-5.14271299016592,1.2007368905849074,9.649757659495142,FALSE,133
P. falciparum,paper_replica,15013,Guamá,PA,2014,2,134,455970,0,4.3703965084318295,-4.3703965084318295,1.0965633703971753,8.668333442989665,FALSE,133
P. falciparum,paper_replica,15013,Guamá,PA,2014,3,135,455970,0,4.280607090218504,-4.280607090218504,0.6579380222383052,8.668333442989665,FALSE,133
P. falciparum,paper_replica,15014,Itaituba,PA,2014,1,133,213536,121.7593286377941,59.48603813303886,62.27329050475524,34.87702307807583,87.57305559718267,FALSE,133
P. falciparum,paper_replica,15014,Itaituba,PA,2014,2,134,213536,68.37254608122284,50.26960490915021,18.102941172072626,27.630001498576355,82.4216993855837,TRUE,133
P. falciparum,paper_replica,15014,Itaituba,PA,2014,3,135,213536,51.98186722613517,51.316692092158654,0.6651751339765184,29.725666866476846,88.28722089015434,TRUE,133
P. falciparum,paper_replica,15015,Altamira,PA,2014,1,133,290730,3.4396175145323844,13.696253967862923,-10.256636453330538,4.961648264712966,24.438482440752573,FALSE,133
P. falciparum,paper_replica,15015,Altamira,PA,2014,2,134,290730,3.0956557630791455,12.166700142306414,-9.071044379227269,4.978846352285626,21.34282667767343,FALSE,133
P. falciparum,paper_replica,15015,Altamira,PA,2014,3,135,290730,2.407732260172669,11.723303349710033,-9.315571089537364,4.978846352285626,20.81828500670725,FALSE,133
P. falciparum,paper_replica,15016,Tucuruí,PA,2014,1,133,356928,0,16.741366595438762,-16.741366595438762,8.12488793258024,27.323437780168543,FALSE,133
P. falciparum,paper_replica,15016,Tucuruí,PA,2014,2,134,356928,0,15.267832267075235,-15.267832267075235,6.7240451855836465,26.05567509413663,FALSE,133
P. falciparum,paper_replica,15016,Tucuruí,PA,2014,3,135,356928,0.2801685493993186,14.998248713734904,-14.718080164335586,6.296788147749687,25.36225793437331,FALSE,133
P. falciparum,paper_replica,15017,Paragominas,PA,2014,1,133,322755,1.2393301420582175,7.031938050362725,-5.7926079083045074,1.5491626775727718,12.08346888506762,FALSE,133
P. falciparum,paper_replica,15017,Paragominas,PA,2014,2,134,322755,0.6196650710291087,6.298758327529418,-5.679093256500309,1.5491626775727718,11.773636349553067,FALSE,133
P. falciparum,paper_replica,15017,Paragominas,PA,2014,3,135,322755,0,6.271893633199247,-6.271893633199247,1.5491626775727718,12.865796037241864,FALSE,133
P. falciparum,paper_replica,15018,São Félix do Xingu,PA,2014,1,133,193850,0,1.2111949488057665,-1.2111949488057665,0,3.611039463502708,TRUE,133
P. falciparum,paper_replica,15018,São Félix do Xingu,PA,2014,2,134,193850,0,1.099013435006134,-1.099013435006134,0,3.611039463502708,TRUE,133
P. falciparum,paper_replica,15018,São Félix do Xingu,PA,2014,3,135,193850,0.5158627805003869,1.0593385470615844,-0.5434757665611974,0,3.611039463502708,TRUE,133
P. falciparum,paper_replica,15019,Parauapebas,PA,2014,1,133,292211,0,1.9720774218295611,-1.9720774218295611,0,4.791058515935403,TRUE,133
P. falciparum,paper_replica,15019,Parauapebas,PA,2014,2,134,292211,0.34221846542395734,1.8002452833608187,-1.4580268179368614,0,4.628504744859015,TRUE,133
P. falciparum,paper_replica,15019,Parauapebas,PA,2014,3,135,292211,0,1.7281122102744462,-1.7281122102744462,0,4.286286279435058,TRUE,133
P. falciparum,paper_replica,15020,Marabá,PA,2014,1,133,309469,0,2.8725694680302505,-2.8725694680302505,0,5.986059993084922,TRUE,133
P. falciparum,paper_replica,15020,Marabá,PA,2014,2,134,309469,0.32313414267664936,2.6426070394545897,-2.3194728967779406,0,6.632328278438221,TRUE,133
P. falciparum,paper_replica,15020,Marabá,PA,2014,3,135,309469,0.32313414267664936,2.5580353613938858,-2.2349012187172366,0,5.493280425503039,TRUE,133
P. falciparum,paper_replica,15021,Redenção,PA,2014,1,133,188791,0.5296862668241601,0.6541426119840499,-0.12445634515988979,0,2.1187450672966404,TRUE,133
P. falciparum,paper_replica,15021,Redenção,PA,2014,2,134,188791,0.5296862668241601,0.5796454594640162,-0.049959192639856154,0,2.1187450672966404,TRUE,133
P. falciparum,paper_replica,15021,Redenção,PA,2014,3,135,188791,0,0.5732092143131584,-0.5732092143131584,0,2.1187450672966404,TRUE,133
P. falciparum,paper_replica,15022,Conceição do Araguaia,PA,2014,1,133,149806,0,5.681882777159846,-5.681882777159846,0,12.36599335140113,TRUE,133
P. falciparum,paper_replica,15022,Conceição do Araguaia,PA,2014,2,134,149806,0,4.995523292399561,-4.995523292399561,0,11.03093334045364,TRUE,133
P. falciparum,paper_replica,15022,Conceição do Araguaia,PA,2014,3,135,149806,0,4.935519058887695,-4.935519058887695,0,11.348010093053682,TRUE,133
P. falciparum,paper_replica,16001,Oiapoque,AP,2014,1,133,33607,124.97396375755051,140.08445364528433,-15.11048988773382,71.41369357574315,235.07007468682121,TRUE,133
P. falciparum,paper_replica,16001,Oiapoque,AP,2014,2,134,33607,53.56027018180736,120.55951496319979,-66.99924478139243,43.071383937870095,220.1922218585414,TRUE,133
P. falciparum,paper_replica,16001,Oiapoque,AP,2014,3,135,33607,23.804564525247716,123.02337180736384,-99.21880728211613,50.43592108786861,233.65667866813453,FALSE,133
P. falciparum,paper_replica,16002,Amapá,AP,2014,1,133,27711,0,19.14392328978748,-19.14392328978748,0,46.91277831907907,TRUE,133
P. falciparum,paper_replica,16002,Amapá,AP,2014,2,134,27711,3.6086752553137744,16.399591097047445,-12.790915841733671,0,41.58998231749116,TRUE,133
P. falciparum,paper_replica,16002,Amapá,AP,2014,3,135,27711,0,16.034441090967086,-16.034441090967086,0,43.30410306376529,TRUE,133
P. falciparum,paper_replica,16003,Macapá,AP,2014,1,133,611615,8.011575909681744,9.551411193767159,-1.5398352840854148,4.25104027860664,15.781987034327146,TRUE,133
P. falciparum,paper_replica,16003,Macapá,AP,2014,2,134,611615,4.905046475315354,8.18507523103933,-3.2800287557239756,3.674697317757086,14.964479288441254,TRUE,133
P. falciparum,paper_replica,16003,Macapá,AP,2014,3,135,611615,5.395551122846888,7.960334477128773,-2.564783354281885,3.511195768579908,15.29965746425446,TRUE,133
P. falciparum,paper_replica,16004,Mazagão,AP,2014,1,133,77979,43.60148245040331,24.825287133546343,18.776195316856967,4.456327985739753,46.839533720617055,TRUE,133
P. falciparum,paper_replica,16004,Mazagão,AP,2014,2,134,77979,33.342310109131944,21.29262083815844,12.049689270973502,3.8471896279767632,42.319085907744395,TRUE,133
P. falciparum,paper_replica,16004,Mazagão,AP,2014,3,135,77979,30.777517023814106,20.68687986551798,10.090637158296126,2.564793085317842,42.992344092640295,TRUE,133
P. falciparum,paper_replica,17001,Bico do Papagaio,TO,2014,1,133,209048,0,0.24137494165427256,-0.24137494165427256,0,0.95671807431786,TRUE,133
P. falciparum,paper_replica,17001,Bico do Papagaio,TO,2014,2,134,209048,0,0.21310495810906624,-0.21310495810906624,0,0.95671807431786,TRUE,133
P. falciparum,paper_replica,17001,Bico do Papagaio,TO,2014,3,135,209048,0,0.21330129422677144,-0.21330129422677144,0,0.95671807431786,TRUE,133
P. falciparum,paper_replica,17002,Araguaína,TO,2014,1,133,302864,0,0.19904598163876824,-0.19904598163876824,0,0.990543610333351,TRUE,133
P. falciparum,paper_replica,17002,Araguaína,TO,2014,2,134,302864,0,0.17883948322947316,-0.17883948322947316,0,0.6603624068889006,TRUE,133
P. falciparum,paper_replica,17002,Araguaína,TO,2014,3,135,302864,0,0.17831634317014397,-0.17831634317014397,0,0.6603624068889006,TRUE,133
P. falciparum,paper_replica,17003,Miracema do Tocantins,TO,2014,1,133,148107,0,0.18907179974207913,-0.18907179974207913,0,1.350375066674769,TRUE,133
P. falciparum,paper_replica,17003,Miracema do Tocantins,TO,2014,2,134,148107,0,0.16459921502770813,-0.16459921502770813,0,0.6751875333373845,TRUE,133
P. falciparum,paper_replica,17003,Miracema do Tocantins,TO,2014,3,135,148107,0,0.16542820182021364,-0.16542820182021364,0,0.6751875333373845,TRUE,133
P. falciparum,paper_replica,17004,Rio Formoso,TO,2014,1,133,123649,0,0.19142554671286868,-0.19142554671286868,0,0.8087408713374148,TRUE,133
P. falciparum,paper_replica,17004,Rio Formoso,TO,2014,2,134,123649,0,0.1639369388059087,-0.1639369388059087,0,0.8087408713374148,TRUE,133
P. falciparum,paper_replica,17004,Rio Formoso,TO,2014,3,135,123649,0,0.16529580663337817,-0.16529580663337817,0,0.8087408713374148,TRUE,133
P. falciparum,paper_replica,17005,Gurupi,TO,2014,1,133,146042,0,0.024827657616418905,-0.024827657616418905,0,0,TRUE,133
P. falciparum,paper_replica,17005,Gurupi,TO,2014,2,134,146042,0,0.021668799628491612,-0.021668799628491612,0,0,TRUE,133
P. falciparum,paper_replica,17005,Gurupi,TO,2014,3,135,146042,0,0.021562213957625535,-0.021562213957625535,0,0,TRUE,133
P. falciparum,paper_replica,17006,Porto Nacional,TO,2014,1,133,366873,0,0.06778925479578486,-0.06778925479578486,0,0.2725738879666806,TRUE,133
P. falciparum,paper_replica,17006,Porto Nacional,TO,2014,2,134,366873,0,0.0593045263431129,-0.0593045263431129,0,0.2725738879666806,TRUE,133
P. falciparum,paper_replica,17006,Porto Nacional,TO,2014,3,135,366873,0,0.05879606758883645,-0.05879606758883645,0,0.2725738879666806,TRUE,133
P. falciparum,paper_replica,17007,Jalapão,TO,2014,1,133,77087,0,0.005151898295690765,-0.005151898295690765,0,0,TRUE,133
P. falciparum,paper_replica,17007,Jalapão,TO,2014,2,134,77087,0,0.004620007286383727,-0.004620007286383727,0,0,TRUE,133
P. falciparum,paper_replica,17007,Jalapão,TO,2014,3,135,77087,0,0.004590492264332592,-0.004590492264332592,0,0,TRUE,133
P. falciparum,paper_replica,17008,Dianópolis,TO,2014,1,133,123210,0,0.0020090980112418546,-0.0020090980112418546,0,0,TRUE,133
P. falciparum,paper_replica,17008,Dianópolis,TO,2014,2,134,123210,0,0.0017446023962231327,-0.0017446023962231327,0,0,TRUE,133
P. falciparum,paper_replica,17008,Dianópolis,TO,2014,3,135,123210,0,0.0016895216845951157,-0.0016895216845951157,0,0,TRUE,133
P. falciparum,paper_replica,21001,Litoral Ocidental Maranhense,MA,2014,1,133,186768,0,0.03832721427724726,-0.03832721427724726,0,0.53542362717382,TRUE,133
P. falciparum,paper_replica,21001,Litoral Ocidental Maranhense,MA,2014,2,134,186768,0,0.03378530989556702,-0.03378530989556702,0,0.53542362717382,TRUE,133
P. falciparum,paper_replica,21001,Litoral Ocidental Maranhense,MA,2014,3,135,186768,0,0.032589648060819106,-0.032589648060819106,0,0.53542362717382,TRUE,133
P. falciparum,paper_replica,21002,Aglomeração Urbana de São Luís,MA,2014,1,133,1381459,0,0.03204926878217708,-0.03204926878217708,0,0.14477447394385212,TRUE,133
P. falciparum,paper_replica,21002,Aglomeração Urbana de São Luís,MA,2014,2,134,1381459,0,0.028200390465096894,-0.028200390465096894,0,0.14477447394385212,TRUE,133
P. falciparum,paper_replica,21002,Aglomeração Urbana de São Luís,MA,2014,3,135,1381459,0,0.027106510637209733,-0.027106510637209733,0,0.14477447394385212,TRUE,133
P. falciparum,paper_replica,21003,Rosário,MA,2014,1,133,170773,0,0.03214649687658545,-0.03214649687658545,0,0.5855726607836134,TRUE,133
P. falciparum,paper_replica,21003,Rosário,MA,2014,2,134,170773,0.5855726607836134,0.028336424757352242,0.5572362360262612,0,0,FALSE,133
P. falciparum,paper_replica,21003,Rosário,MA,2014,3,135,170773,0,0.027056627627821322,-0.027056627627821322,0,0.5855726607836134,TRUE,133
P. falciparum,paper_replica,21004,Lençóis Maranhenses,MA,2014,1,133,189098,0,0.034631747485126374,-0.034631747485126374,0,0.5288263228590466,TRUE,133
P. falciparum,paper_replica,21004,Lençóis Maranhenses,MA,2014,2,134,189098,0,0.030275002438140377,-0.030275002438140377,0,0.5288263228590466,TRUE,133
P. falciparum,paper_replica,21004,Lençóis Maranhenses,MA,2014,3,135,189098,0,0.029261123579149145,-0.029261123579149145,0,0.5288263228590466,TRUE,133
P. falciparum,paper_replica,21005,Baixada Maranhense,MA,2014,1,133,585881,0.5120493752144207,1.3561389268399653,-0.8440895516255446,0,2.90161312621505,TRUE,133
P. falciparum,paper_replica,21005,Baixada Maranhense,MA,2014,2,134,585881,0.17068312507147357,1.182549837358247,-1.0118667122867735,0,2.730930001143577,TRUE,133
P. falciparum,paper_replica,21005,Baixada Maranhense,MA,2014,3,135,585881,0,1.1674868290618006,-1.1674868290618006,0,2.90161312621505,TRUE,133
P. falciparum,paper_replica,21006,Itapecuru Mirim,MA,2014,1,133,226672,0,0.261832056892169,-0.261832056892169,0,1.1139443777793363,TRUE,133
P. falciparum,paper_replica,21006,Itapecuru Mirim,MA,2014,2,134,226672,0,0.2268331623441972,-0.2268331623441972,0,0.8823321804192843,TRUE,133
P. falciparum,paper_replica,21006,Itapecuru Mirim,MA,2014,3,135,226672,0,0.2187191820712115,-0.2187191820712115,0,0.8823321804192843,TRUE,133
P. falciparum,paper_replica,21007,Gurupi,MA,2014,1,133,233474,0.8566264337784935,3.494554392250716,-2.6379279584722224,0,7.934502342873287,TRUE,133
P. falciparum,paper_replica,21007,Gurupi,MA,2014,2,134,233474,1.2849396506677402,3.038610485508988,-1.7536708348412477,0,7.281324687117195,TRUE,133
P. falciparum,paper_replica,21007,Gurupi,MA,2014,3,135,233474,0.8566264337784935,2.966977094880528,-2.1103506611020344,0,7.281324687117195,TRUE,133
P. falciparum,paper_replica,21008,Pindaré,MA,2014,1,133,648120,1.3886317348639141,1.0556027394958978,0.33302899536801633,0,2.31438622477319,TRUE,133
P. falciparum,paper_replica,21008,Pindaré,MA,2014,2,134,648120,1.2343393198790347,0.9372543752114679,0.29708494466756674,0,2.160093809788311,TRUE,133
P. falciparum,paper_replica,21008,Pindaré,MA,2014,3,135,648120,1.2343393198790347,0.9331692807948602,0.3011700390841745,0,2.160093809788311,TRUE,133
P. falciparum,paper_replica,21009,Imperatriz,MA,2014,1,133,583526,0.5141159091454366,0.28345834199994735,0.23065756714548924,0,0.8568598485757275,TRUE,133
P. falciparum,paper_replica,21009,Imperatriz,MA,2014,2,134,583526,0.342743939430291,0.25406106877817475,0.08868287065211627,0,0.685487878860582,TRUE,133
P. falciparum,paper_replica,21009,Imperatriz,MA,2014,3,135,583526,0,0.2566072241341977,-0.2566072241341977,0,0.8568598485757275,TRUE,133
P. falciparum,paper_replica,21010,Médio Mearim,MA,2014,1,133,415623,1.2030133077332101,0.7022752017169022,0.500738106016308,0,1.9248212923731363,TRUE,133
P. falciparum,paper_replica,21010,Médio Mearim,MA,2014,2,134,415623,0.24060266154664203,0.6340968160506546,-0.3934941545040126,0,1.6842186308264944,TRUE,133
P. falciparum,paper_replica,21010,Médio Mearim,MA,2014,3,135,415623,0.24060266154664203,0.619010135330005,-0.37840747378336304,0,1.810535028138476,TRUE,133
P. falciparum,paper_replica,21011,Alto Mearim e Grajaú,MA,2014,1,133,323562,1.5452988917116348,0.31134329009506523,1.2339556016165696,0,1.2362391133693078,FALSE,133
P. falciparum,paper_replica,21011,Alto Mearim e Grajaú,MA,2014,2,134,323562,1.2362391133693078,0.2781220522053919,0.9581170611639159,0,0.9271793350269808,FALSE,133
P. falciparum,paper_replica,21011,Alto Mearim e Grajaú,MA,2014,3,135,323562,0,0.27960953078502754,-0.27960953078502754,0,1.2362391133693078,TRUE,133
P. falciparum,paper_replica,21012,Presidente Dutra,MA,2014,1,133,194658,1.0274430025994308,0.7002453401809376,0.32719766241849313,0,2.0548860051988616,TRUE,133
P. falciparum,paper_replica,21012,Presidente Dutra,MA,2014,2,134,194658,0.5137215012997154,0.626683367035848,-0.11296186573613265,0,2.0548860051988616,TRUE,133
P. falciparum,paper_replica,21012,Presidente Dutra,MA,2014,3,135,194658,1.0274430025994308,0.6182992145495287,0.40914378804990204,0,2.0548860051988616,TRUE,133
P. falciparum,paper_replica,21013,Baixo Parnaíba Maranhense,MA,2014,1,133,141167,2.1251425616468436,0.2808044668850164,1.844338094761827,0,1.4167617077645627,FALSE,133
P. falciparum,paper_replica,21013,Baixo Parnaíba Maranhense,MA,2014,2,134,141167,0,0.24091902919870772,-0.24091902919870772,0,1.4167617077645627,TRUE,133
P. falciparum,paper_replica,21013,Baixo Parnaíba Maranhense,MA,2014,3,135,141167,0,0.23329196032885507,-0.23329196032885507,0,1.0802808021704629,TRUE,133
P. falciparum,paper_replica,21014,Chapadinha,MA,2014,1,133,236667,0,0.12926465284565916,-0.12926465284565916,0,0.8450692322968558,TRUE,133
P. falciparum,paper_replica,21014,Chapadinha,MA,2014,2,134,236667,0.4225346161484279,0.11075850515097214,0.3117761109974558,0,0.4225346161484279,TRUE,133
P. falciparum,paper_replica,21014,Chapadinha,MA,2014,3,135,236667,0.8450692322968558,0.10718069465625957,0.7378885376405963,0,0.4225346161484279,FALSE,133
P. falciparum,paper_replica,21015,Codó,MA,2014,1,133,271051,0,0.42793451270725386,-0.42793451270725386,0,1.4757370384171244,TRUE,133
P. falciparum,paper_replica,21015,Codó,MA,2014,2,134,271051,0.3689342596042811,0.3858801074483921,-0.01694584784411096,0,1.4757370384171244,TRUE,133
P. falciparum,paper_replica,21015,Codó,MA,2014,3,135,271051,0,0.3747317677678148,-0.3747317677678148,0,1.4757370384171244,TRUE,133
P. falciparum,paper_replica,21016,Coelho Neto,MA,2014,1,133,90879,0,0.03943164533391906,-0.03943164533391906,0,0,TRUE,133
P. falciparum,paper_replica,21016,Coelho Neto,MA,2014,2,134,90879,0,0.033993344319335005,-0.033993344319335005,0,0,TRUE,133
P. falciparum,paper_replica,21016,Coelho Neto,MA,2014,3,135,90879,0,0.03301362134046877,-0.03301362134046877,0,0,TRUE,133
P. falciparum,paper_replica,21017,Caxias,MA,2014,1,133,431688,0,0.22664855336127734,-0.22664855336127734,0,0.6949463501417691,TRUE,133
P. falciparum,paper_replica,21017,Caxias,MA,2014,2,134,431688,0,0.20404039692215045,-0.20404039692215045,0,0.6949463501417691,TRUE,133
P. falciparum,paper_replica,21017,Caxias,MA,2014,3,135,431688,0,0.2009756834547586,-0.2009756834547586,0,0.6949463501417691,TRUE,133
P. falciparum,paper_replica,21018,Chapadas do Alto Itapecuru,MA,2014,1,133,215316,0,0.2230648682677141,-0.2230648682677141,0,0.9288673391666202,TRUE,133
P. falciparum,paper_replica,21018,Chapadas do Alto Itapecuru,MA,2014,2,134,215316,0,0.20214871953804933,-0.20214871953804933,0,0.9288673391666202,TRUE,133
P. falciparum,paper_replica,21018,Chapadas do Alto Itapecuru,MA,2014,3,135,215316,0,0.1978055910333777,-0.1978055910333777,0,0.9288673391666202,TRUE,133
P. falciparum,paper_replica,21019,Porto Franco,MA,2014,1,133,116059,0.8616307223050345,0.1744034427373938,0.6872272795676406,0,0.8616307223050345,TRUE,133
P. falciparum,paper_replica,21019,Porto Franco,MA,2014,2,134,116059,0,0.15687288750378656,-0.15687288750378656,0,0.8616307223050345,TRUE,133
P. falciparum,paper_replica,21019,Porto Franco,MA,2014,3,135,116059,0,0.1575856602986368,-0.1575856602986368,0,0.8616307223050345,TRUE,133
P. falciparum,paper_replica,21020,Gerais de Balsas,MA,2014,1,133,138048,0,0.019815178453340642,-0.019815178453340642,0,0,TRUE,133
P. falciparum,paper_replica,21020,Gerais de Balsas,MA,2014,2,134,138048,0,0.017922792137838782,-0.017922792137838782,0,0,TRUE,133
P. falciparum,paper_replica,21020,Gerais de Balsas,MA,2014,3,135,138048,0,0.017650156221284154,-0.017650156221284154,0,0,TRUE,133
P. falciparum,paper_replica,21021,Chapadas das Mangabeiras,MA,2014,1,133,70395,0,0.009461202467276783,-0.009461202467276783,0,0,TRUE,133
P. falciparum,paper_replica,21021,Chapadas das Mangabeiras,MA,2014,2,134,70395,0,0.008467752772028655,-0.008467752772028655,0,0,TRUE,133
P. falciparum,paper_replica,21021,Chapadas das Mangabeiras,MA,2014,3,135,70395,0,0.008435668181670169,-0.008435668181670169,0,0,TRUE,133
P. falciparum,paper_replica,51001,Aripuanã,MT,2014,1,133,152295,0,11.038139200924322,-11.038139200924322,1.6251354279523302,21.668472372697725,FALSE,133
P. falciparum,paper_replica,51001,Aripuanã,MT,2014,2,134,152295,0.6566203749302341,9.805113009975914,-9.14849263504568,0.9685150530220962,20.355231622837255,FALSE,133
P. falciparum,paper_replica,51001,Aripuanã,MT,2014,3,135,152295,0,9.964838290661412,-9.964838290661412,0.9685150530220962,21.356577694605846,FALSE,133
P. falciparum,paper_replica,51002,Alta Floresta,MT,2014,1,133,102328,2.9317488859354235,1.0154595478976152,1.9162893380378083,0,3.9089985145805644,TRUE,133
P. falciparum,paper_replica,51002,Alta Floresta,MT,2014,2,134,102328,0,0.8829931187043607,-0.8829931187043607,0,2.9317488859354235,TRUE,133
P. falciparum,paper_replica,51002,Alta Floresta,MT,2014,3,135,102328,0,0.9026527878995249,-0.9026527878995249,0,2.9317488859354235,TRUE,133
P. falciparum,paper_replica,51003,Colíder,MT,2014,1,133,148564,2.6924423144234133,1.2146177867479007,1.4778245276755126,0,3.3655528930292666,TRUE,133
P. falciparum,paper_replica,51003,Colíder,MT,2014,2,134,148564,0.6731105786058533,1.0996626430444862,-0.4265520644386329,0,3.3655528930292666,TRUE,133
P. falciparum,paper_replica,51003,Colíder,MT,2014,3,135,148564,0,1.0704216280683467,-1.0704216280683467,0,3.3655528930292666,TRUE,133
P. falciparum,paper_replica,51004,Parecis,MT,2014,1,133,99190,0,0.4403205521424199,-0.4403205521424199,0,2.0163322915616493,TRUE,133
P. falciparum,paper_replica,51004,Parecis,MT,2014,2,134,99190,0,0.38942992982327385,-0.38942992982327385,0,2.0163322915616493,TRUE,133
P. falciparum,paper_replica,51004,Parecis,MT,2014,3,135,99190,0,0.4139125002712802,-0.4139125002712802,0,2.0163322915616493,TRUE,133
P. falciparum,paper_replica,51005,Arinos,MT,2014,1,133,78503,0,0.5978517890194721,-0.5978517890194721,0,2.5476733373246883,TRUE,133
P. falciparum,paper_replica,51005,Arinos,MT,2014,2,134,78503,0,0.5261932665246266,-0.5261932665246266,0,2.5476733373246883,TRUE,133
P. falciparum,paper_replica,51005,Arinos,MT,2014,3,135,78503,0,0.5461342399206661,-0.5461342399206661,0,2.5476733373246883,TRUE,133
P. falciparum,paper_replica,51006,Alto Teles Pires,MT,2014,1,133,223705,0.44701727721776446,0.31675665822145604,0.13026061899630842,0,1.3410518316532933,TRUE,133
P. falciparum,paper_replica,51006,Alto Teles Pires,MT,2014,2,134,223705,0.8940345544355289,0.2813044070907019,0.612730147344827,0,1.3410518316532933,TRUE,133
P. falciparum,paper_replica,51006,Alto Teles Pires,MT,2014,3,135,223705,0,0.2914981697689813,-0.2914981697689813,0,1.128718624974845,TRUE,133
P. falciparum,paper_replica,51007,Sinop,MT,2014,1,133,187978,0,0.24881763208425559,-0.24881763208425559,0,1.0639542925235932,TRUE,133
P. falciparum,paper_replica,51007,Sinop,MT,2014,2,134,187978,0,0.22145225217380243,-0.22145225217380243,0,1.0639542925235932,TRUE,133
P. falciparum,paper_replica,51007,Sinop,MT,2014,3,135,187978,0,0.2181223417690465,-0.2181223417690465,0,1.0639542925235932,TRUE,133
P. falciparum,paper_replica,51008,Paranatinga,MT,2014,1,133,34407,0,0.026137944135744166,-0.026137944135744166,0,0,TRUE,133
P. falciparum,paper_replica,51008,Paranatinga,MT,2014,2,134,34407,0,0.022785893190327467,-0.022785893190327467,0,0,TRUE,133
P. falciparum,paper_replica,51008,Paranatinga,MT,2014,3,135,34407,0,0.023519714019769645,-0.023519714019769645,0,0,TRUE,133
P. falciparum,paper_replica,51009,Norte Araguaia,MT,2014,1,133,121056,0,0.08947969344650684,-0.08947969344650684,0,0.8260639703938673,TRUE,133
P. falciparum,paper_replica,51009,Norte Araguaia,MT,2014,2,134,121056,0,0.07709367194849782,-0.07709367194849782,0,0.8260639703938673,TRUE,133
P. falciparum,paper_replica,51009,Norte Araguaia,MT,2014,3,135,121056,0,0.07697594652102842,-0.07697594652102842,0,0.8260639703938673,TRUE,133
P. falciparum,paper_replica,51010,Canarana,MT,2014,1,133,106676,0,0.016248413717235084,-0.016248413717235084,0,0,TRUE,133
P. falciparum,paper_replica,51010,Canarana,MT,2014,2,134,106676,0,0.014217962128696733,-0.014217962128696733,0,0,TRUE,133
P. falciparum,paper_replica,51010,Canarana,MT,2014,3,135,106676,0,0.014538723925592158,-0.014538723925592158,0,0,TRUE,133
P. falciparum,paper_replica,51011,Médio Araguaia,MT,2014,1,133,66734,0,0.004371439169645484,-0.004371439169645484,0,0,TRUE,133
P. falciparum,paper_replica,51011,Médio Araguaia,MT,2014,2,134,66734,0,0.0036418048705326306,-0.0036418048705326306,0,0,TRUE,133
P. falciparum,paper_replica,51011,Médio Araguaia,MT,2014,3,135,66734,0,0.003725497698076879,-0.003725497698076879,0,0,TRUE,133
P. falciparum,paper_replica,51012,Alto Guaporé,MT,2014,1,133,70719,0,0.44007769474075126,-0.44007769474075126,0,2.8280942886635843,TRUE,133
P. falciparum,paper_replica,51012,Alto Guaporé,MT,2014,2,134,70719,0,0.37472650207478675,-0.37472650207478675,0,1.4140471443317921,TRUE,133
P. falciparum,paper_replica,51012,Alto Guaporé,MT,2014,3,135,70719,0,0.3917626764069767,-0.3917626764069767,0,1.4140471443317921,TRUE,133
P. falciparum,paper_replica,51013,Tangará da Serra,MT,2014,1,133,156519,0,0.08418453488013505,-0.08418453488013505,0,0.6389000696401076,TRUE,133
P. falciparum,paper_replica,51013,Tangará da Serra,MT,2014,2,134,156519,0,0.07391136761412369,-0.07391136761412369,0,0.6389000696401076,TRUE,133
P. falciparum,paper_replica,51013,Tangará da Serra,MT,2014,3,135,156519,0,0.07738560265548214,-0.07738560265548214,0,0.6389000696401076,TRUE,133
P. falciparum,paper_replica,51014,Jauru,MT,2014,1,133,107828,0,0.053474624308635595,-0.053474624308635595,0,0.9274029009162741,TRUE,133
P. falciparum,paper_replica,51014,Jauru,MT,2014,2,134,107828,0,0.04552907593747341,-0.04552907593747341,0,0.9274029009162741,TRUE,133
P. falciparum,paper_replica,51014,Jauru,MT,2014,3,135,107828,0,0.04783128715585707,-0.04783128715585707,0,0.9274029009162741,TRUE,133
P. falciparum,paper_replica,51015,Alto Paraguai,MT,2014,1,133,32657,0,0.03661969166396749,-0.03661969166396749,0,0,TRUE,133
P. falciparum,paper_replica,51015,Alto Paraguai,MT,2014,2,134,32657,0,0.03222257745247146,-0.03222257745247146,0,0,TRUE,133
P. falciparum,paper_replica,51015,Alto Paraguai,MT,2014,3,135,32657,0,0.03361230947996483,-0.03361230947996483,0,0,TRUE,133
P. falciparum,paper_replica,51016,Rosário Oeste,MT,2014,1,133,30560,0,0.051790970539729385,-0.051790970539729385,0,0,TRUE,133
P. falciparum,paper_replica,51016,Rosário Oeste,MT,2014,2,134,30560,0,0.046112768868076935,-0.046112768868076935,0,0,TRUE,133
P. falciparum,paper_replica,51016,Rosário Oeste,MT,2014,3,135,30560,0,0.04768220930778734,-0.04768220930778734,0,0,TRUE,133
P. falciparum,paper_replica,51017,Cuiabá,MT,2014,1,133,890277,0,0.05457119696479342,-0.05457119696479342,0,0.22464918222081443,TRUE,133
P. falciparum,paper_replica,51017,Cuiabá,MT,2014,2,134,890277,0,0.048395374486326706,-0.048395374486326706,0,0.22464918222081443,TRUE,133
P. falciparum,paper_replica,51017,Cuiabá,MT,2014,3,135,890277,0,0.050271159542090604,-0.050271159542090604,0,0.22464918222081443,TRUE,133
P. falciparum,paper_replica,51018,Alto Pantanal,MT,2014,1,133,134727,0,0.0358203290842997,-0.0358203290842997,0,0.7422417184380266,TRUE,133
P. falciparum,paper_replica,51018,Alto Pantanal,MT,2014,2,134,134727,0,0.030590195907462866,-0.030590195907462866,0,0.7422417184380266,TRUE,133
P. falciparum,paper_replica,51018,Alto Pantanal,MT,2014,3,135,134727,0,0.031736294866259396,-0.031736294866259396,0,0.7422417184380266,TRUE,133
P. falciparum,paper_replica,51019,Primavera do Leste,MT,2014,1,133,93250,0,0.022260567975807007,-0.022260567975807007,0,0,TRUE,133
P. falciparum,paper_replica,51019,Primavera do Leste,MT,2014,2,134,93250,0,0.0197619353052901,-0.0197619353052901,0,0,TRUE,133
P. falciparum,paper_replica,51019,Primavera do Leste,MT,2014,3,135,93250,0,0.020341006055322606,-0.020341006055322606,0,0,TRUE,133
P. falciparum,paper_replica,51020,Tesouro,MT,2014,1,133,54544,0,0.008545162049309222,-0.008545162049309222,0,0,TRUE,133
P. falciparum,paper_replica,51020,Tesouro,MT,2014,2,134,54544,0,0.007332802999405222,-0.007332802999405222,0,0,TRUE,133
P. falciparum,paper_replica,51020,Tesouro,MT,2014,3,135,54544,0,0.0074355136480219915,-0.0074355136480219915,0,0,TRUE,133
P. falciparum,paper_replica,51021,Rondonópolis,MT,2014,1,133,294225,0,0.01993657558836007,-0.01993657558836007,0,0.33987594527997284,TRUE,133
P. falciparum,paper_replica,51021,Rondonópolis,MT,2014,2,134,294225,0,0.017410118483615376,-0.017410118483615376,0,0.33987594527997284,TRUE,133
P. falciparum,paper_replica,51021,Rondonópolis,MT,2014,3,135,294225,0,0.017955098981494947,-0.017955098981494947,0,0.33987594527997284,TRUE,133
P. falciparum,paper_replica,51022,Alto Araguaia,MT,2014,1,133,37615,0,0.0044181022605646846,-0.0044181022605646846,0,0,TRUE,133
P. falciparum,paper_replica,51022,Alto Araguaia,MT,2014,2,134,37615,0,0.0039017971957374235,-0.0039017971957374235,0,0,TRUE,133
P. falciparum,paper_replica,51022,Alto Araguaia,MT,2014,3,135,37615,0,0.003961691107804067,-0.003961691107804067,0,0,TRUE,133
P. falciparum,paper_replica,11001,Porto Velho,RO,2015,1,145,637530,12.548429093532855,26.59965438495473,-14.051225291421874,15.991404326070931,37.95899800793688,FALSE,145
P. falciparum,paper_replica,11001,Porto Velho,RO,2015,2,146,637530,10.666164729502926,23.29695011715252,-12.630785387649594,14.332658855269557,36.24927454394302,FALSE,145
P. falciparum,paper_replica,11001,Porto Velho,RO,2015,3,147,637530,8.156478910796356,22.53536758852169,-14.378888677725335,13.08565871409973,36.241431775759565,FALSE,145
P. falciparum,paper_replica,11002,Guajará-Mirim,RO,2015,1,145,82285,0,8.754624811211364,-8.754624811211364,0,20.6599015616455,TRUE,145
P. falciparum,paper_replica,11002,Guajará-Mirim,RO,2015,2,146,82285,0,7.822907680783709,-7.822907680783709,0,18.86735127909094,TRUE,145
P. falciparum,paper_replica,11002,Guajará-Mirim,RO,2015,3,147,82285,0,7.583762178208127,-7.583762178208127,0,19.444613234489882,TRUE,145
P. falciparum,paper_replica,11003,Ariquemes,RO,2015,1,145,198611,0,30.32392335510571,-30.32392335510571,15.847561313321016,49.10352397399941,FALSE,145
P. falciparum,paper_replica,11003,Ariquemes,RO,2015,2,146,198611,0.5034967851730267,26.59777860732787,-26.094281822154844,14.097909984844748,47.832194591437535,FALSE,145
P. falciparum,paper_replica,11003,Ariquemes,RO,2015,3,147,198611,0,25.816350012881635,-25.816350012881635,10.30909667641772,49.10352397399941,FALSE,145
P. falciparum,paper_replica,11004,Ji-Paraná,RO,2015,1,145,316823,0.31563365033472945,3.6752117468741328,-3.359578096539403,0,7.425281624124503,TRUE,145
P. falciparum,paper_replica,11004,Ji-Paraná,RO,2015,2,146,316823,0,3.2243664684374234,-3.2243664684374234,0.31563365033472945,6.62830665702932,FALSE,145
P. falciparum,paper_replica,11004,Ji-Paraná,RO,2015,3,147,316823,0,3.11278977270462,-3.11278977270462,0,7.575207608033508,TRUE,145
P. falciparum,paper_replica,11005,Alvorada D'Oeste,RO,2015,1,145,75169,7.982013862097406,1.5977127920209282,6.384301070076478,0,5.321342574731605,FALSE,145
P. falciparum,paper_replica,11005,Alvorada D'Oeste,RO,2015,2,146,75169,0,1.406304482392415,-1.406304482392415,0,5.321342574731605,TRUE,145
P. falciparum,paper_replica,11005,Alvorada D'Oeste,RO,2015,3,147,75169,3.991006931048703,1.3470057221845362,2.644001208864167,0,3.991006931048703,TRUE,145
P. falciparum,paper_replica,11006,Cacoal,RO,2015,1,145,248619,0.4022218736299317,1.483924057085784,-1.0817021834558522,0,3.6199968626693857,TRUE,145
P. falciparum,paper_replica,11006,Cacoal,RO,2015,2,146,248619,0,1.3087195326389203,-1.3087195326389203,0,3.8311633463250905,TRUE,145
P. falciparum,paper_replica,11006,Cacoal,RO,2015,3,147,248619,0,1.27373964023162,-1.27373964023162,0,3.6199968626693857,TRUE,145
P. falciparum,paper_replica,11007,Vilhena,RO,2015,1,145,154743,0.6462327859741636,0.8681845233387594,-0.22195173736459584,0,2.5849311438966542,TRUE,145
P. falciparum,paper_replica,11007,Vilhena,RO,2015,2,146,154743,0,0.7604944980347869,-0.7604944980347869,0,2.5849311438966542,TRUE,145
P. falciparum,paper_replica,11007,Vilhena,RO,2015,3,147,154743,0,0.7422298977254819,-0.7422298977254819,0,2.9242033565330754,TRUE,145
P. falciparum,paper_replica,11008,Colorado do Oeste,RO,2015,1,145,54424,0,2.0685594664974642,-2.0685594664974642,0,7.349698662354843,TRUE,145
P. falciparum,paper_replica,11008,Colorado do Oeste,RO,2015,2,146,54424,0,1.8056257501187503,-1.8056257501187503,0,7.349698662354843,TRUE,145
P. falciparum,paper_replica,11008,Colorado do Oeste,RO,2015,3,147,54424,0,1.7533596018136886,-1.7533596018136886,0,7.349698662354843,TRUE,145
P. falciparum,paper_replica,12001,Cruzeiro do Sul,AC,2015,1,145,143320,385.1521071727603,97.87603561004366,287.27607156271665,53.725927993301696,143.80407479765552,FALSE,145
P. falciparum,paper_replica,12001,Cruzeiro do Sul,AC,2015,2,146,143320,260.95450739603683,92.92594966557499,168.02855773046184,54.423667317890036,140.94334356684342,FALSE,145
P. falciparum,paper_replica,12001,Cruzeiro do Sul,AC,2015,3,147,143320,223.97432319285517,88.4949639575973,135.47935923525785,45.3530560982417,144.43204018978508,FALSE,145
P. falciparum,paper_replica,12002,Tarauacá,AC,2015,1,145,78713,0,6.366465916476031,-6.366465916476031,0,16.51569626364133,TRUE,145
P. falciparum,paper_replica,12002,Tarauacá,AC,2015,2,146,78713,1.2704381741262563,6.074220169193308,-4.803781995067052,0,16.51569626364133,TRUE,145
P. falciparum,paper_replica,12002,Tarauacá,AC,2015,3,147,78713,0,5.720848903057132,-5.720848903057132,0,15.91223813093133,TRUE,145
P. falciparum,paper_replica,12003,Sena Madureira,AC,2015,1,145,56200,0,0.2832495507233977,-0.2832495507233977,0,1.779359430604982,TRUE,145
P. falciparum,paper_replica,12003,Sena Madureira,AC,2015,2,146,56200,0,0.2697855576083965,-0.2697855576083965,0,1.779359430604982,TRUE,145
P. falciparum,paper_replica,12003,Sena Madureira,AC,2015,3,147,56200,0,0.25551387595004954,-0.25551387595004954,0,1.779359430604982,TRUE,145
P. falciparum,paper_replica,12004,Rio Branco,AC,2015,1,145,460354,0.8688965448328895,3.604352735160614,-2.735456190327725,0.6516724086246671,7.168396494871338,TRUE,145
P. falciparum,paper_replica,12004,Rio Branco,AC,2015,2,146,460354,0.6516724086246671,3.3276128404302536,-2.6759404318055866,0.43444827241644474,6.733948222454893,TRUE,145
P. falciparum,paper_replica,12004,Rio Branco,AC,2015,3,147,460354,0.43444827241644474,3.234283642261591,-2.7998353698451464,0.32040560090712833,6.516724086246671,TRUE,145
P. falciparum,paper_replica,12005,Brasiléia,AC,2015,1,145,64926,0,1.2811602128355062,-1.2811602128355062,0,4.62064504204787,TRUE,145
P. falciparum,paper_replica,12005,Brasiléia,AC,2015,2,146,64926,0,1.188591735178956,-1.188591735178956,0,4.62064504204787,TRUE,145
P. falciparum,paper_replica,12005,Brasiléia,AC,2015,3,147,64926,0,1.1459146818176278,-1.1459146818176278,0,4.62064504204787,TRUE,145
P. falciparum,paper_replica,13001,Rio Negro,AM,2015,1,145,110602,67.81070866711272,27.132009628938523,40.6786990381742,6.758467297155567,46.5859568543064,FALSE,145
P. falciparum,paper_replica,13001,Rio Negro,AM,2015,2,146,110602,136.5255601164536,24.823117870437272,111.70244224601632,5.854324514927399,45.68181407207824,FALSE,145
P. falciparum,paper_replica,13001,Rio Negro,AM,2015,3,147,110602,92.22256378727329,22.854999078964493,69.36756470830879,5.4248566933690165,43.8735285076219,FALSE,145
P. falciparum,paper_replica,13002,Japurá,AM,2015,1,145,23548,8.493290300662476,7.343164855681367,1.150125444981109,0,21.233225751656192,TRUE,145
P. falciparum,paper_replica,13002,Japurá,AM,2015,2,146,23548,8.493290300662476,6.8983998234834525,1.5948904771790238,0,21.233225751656192,TRUE,145
P. falciparum,paper_replica,13002,Japurá,AM,2015,3,147,23548,72.19296755563104,6.386423544151257,65.80654401147979,0,21.233225751656192,FALSE,145
P. falciparum,paper_replica,13003,Alto Solimões,AM,2015,1,145,245521,51.72673620586427,13.008845965208836,38.717890240655436,4.266437494145103,23.429767718443628,FALSE,145
P. falciparum,paper_replica,13003,Alto Solimões,AM,2015,2,146,245521,57.42889610257371,12.319305711506203,45.109590391067506,3.6656742193132157,22.421707308132483,FALSE,145
P. falciparum,paper_replica,13003,Alto Solimões,AM,2015,3,147,245521,67.20402735407562,11.647411007409039,55.55661634666658,3.0445460877073653,22.20787631200589,FALSE,145
P. falciparum,paper_replica,13004,Juruá,AM,2015,1,145,144754,73.91851002390263,21.24930064307654,52.66920938082609,6.908271964850713,37.99549580667892,FALSE,145
P. falciparum,paper_replica,13004,Juruá,AM,2015,2,146,144754,48.357903753954986,20.139699474230788,28.218204279724198,5.1639332937259095,35.95755557704793,FALSE,145
P. falciparum,paper_replica,13004,Juruá,AM,2015,3,147,144754,99.47911629385027,18.996059792693593,80.48305650115668,5.85476049021098,34.90404410240821,FALSE,145
P. falciparum,paper_replica,13005,Tefé,AM,2015,1,145,91110,31.829656459225113,24.374754817656893,7.45490164156822,8.20436834595544,46.67434968719128,TRUE,145
P. falciparum,paper_replica,13005,Tefé,AM,2015,2,146,91110,24.14663593458457,23.006836657361735,1.139799277222835,3.237844363955661,43.38162660520248,TRUE,145
P. falciparum,paper_replica,13005,Tefé,AM,2015,3,147,91110,31.829656459225113,21.242088343947238,10.587568115277875,3.8140709033037004,42.28405224453954,TRUE,145
P. falciparum,paper_replica,13006,Coari,AM,2015,1,145,172058,0,12.920852686411694,-12.920852686411694,4.3444652384661,25.601831940392167,FALSE,145
P. falciparum,paper_replica,13006,Coari,AM,2015,2,146,172058,0.5811993630054981,12.193229990548357,-11.61203062754286,2.9059968150274904,25.296702274814294,FALSE,145
P. falciparum,paper_replica,13006,Coari,AM,2015,3,147,172058,0,11.303396623866988,-11.303396623866988,3.763265875460601,21.809506096781305,FALSE,145
P. falciparum,paper_replica,13007,Manaus,AM,2015,1,145,2327732,0.6014438088233525,5.678477622116347,-5.077033813292994,3.6065148393371746,8.743489370769485,FALSE,145
P. falciparum,paper_replica,13007,Manaus,AM,2015,2,146,2327732,0.30072190441167623,5.479526394468402,-5.178804490056725,3.027625173344698,8.792893683637114,FALSE,145
P. falciparum,paper_replica,13007,Manaus,AM,2015,3,147,2327732,0.042960272058810894,4.949835619849033,-4.906875347790222,2.6205765955874645,8.20755997683582,FALSE,145
P. falciparum,paper_replica,13008,Rio Preto da Eva,AM,2015,1,145,63342,0,26.81974209213767,-26.81974209213767,4.7361939945060145,48.940671276562156,FALSE,145
P. falciparum,paper_replica,13008,Rio Preto da Eva,AM,2015,2,146,63342,1.578731331502005,25.30026714088668,-23.721535809384676,3.907360045467464,48.940671276562156,FALSE,145
P. falciparum,paper_replica,13008,Rio Preto da Eva,AM,2015,3,147,63342,1.578731331502005,22.979552224510353,-21.400820893008348,3.15746266300401,48.940671276562156,FALSE,145
P. falciparum,paper_replica,13009,Itacoatiara,AM,2015,1,145,171452,0,6.093782760722917,-6.093782760722917,0,12.831579684109839,TRUE,145
P. falciparum,paper_replica,13009,Itacoatiara,AM,2015,2,146,171452,0,5.7268371804605955,-5.7268371804605955,0,11.665072440099852,TRUE,145
P. falciparum,paper_replica,13009,Itacoatiara,AM,2015,3,147,171452,0,5.151983140622926,-5.151983140622926,0,12.831579684109839,TRUE,145
P. falciparum,paper_replica,13010,Parintins,AM,2015,1,145,270186,0.7402308039646761,2.21080205724091,-1.4705712532762338,0,5.181615627752733,TRUE,145
P. falciparum,paper_replica,13010,Parintins,AM,2015,2,146,270186,0.37011540198233805,2.0285193837360196,-1.6584039817536815,0,4.811500225770396,TRUE,145
P. falciparum,paper_replica,13010,Parintins,AM,2015,3,147,270186,0.37011540198233805,1.8516203832868332,-1.4815049813044951,0,4.811500225770396,TRUE,145
P. falciparum,paper_replica,13011,Boca do Acre,AM,2015,1,145,52876,52.954081246690365,14.157965330472187,38.79611591621818,0,26.477040623345182,FALSE,145
P. falciparum,paper_replica,13011,Boca do Acre,AM,2015,2,146,52876,28.368257810726984,13.123934657880879,15.244323152846105,0,30.259474998108782,TRUE,145
P. falciparum,paper_replica,13011,Boca do Acre,AM,2015,3,147,52876,18.91217187381799,12.684215583188747,6.227956290629242,0,30.259474998108782,TRUE,145
P. falciparum,paper_replica,13012,Purus,AM,2015,1,145,76545,61.40178979685152,23.64016265237914,37.76162714447238,5.225684238029917,47.031158142269256,FALSE,145
P. falciparum,paper_replica,13012,Purus,AM,2015,2,146,76545,91.44947416552354,21.69302104565992,69.75645311986362,1.9269710627735337,43.11189496374681,FALSE,145
P. falciparum,paper_replica,13012,Purus,AM,2015,3,147,76545,82.30452674897118,20.453337922656875,61.85118882631431,6.532105297537396,40.49905284473186,FALSE,145
P. falciparum,paper_replica,13013,Madeira,AM,2015,1,145,188610,3.1811674884682675,14.810142842520955,-11.628975354052688,5.30194581411378,26.257886644398482,FALSE,145
P. falciparum,paper_replica,13013,Madeira,AM,2015,2,146,188610,2.65097290705689,13.168179129693954,-10.517206222637064,3.963204496050051,26.509729070568902,FALSE,145
P. falciparum,paper_replica,13013,Madeira,AM,2015,3,147,188610,6.362334976936535,12.732227896894267,-6.369892919957732,4.771751232702401,23.328561582100633,TRUE,145
P. falciparum,paper_replica,14001,Boa Vista,RR,2015,1,145,359804,12.784738357550223,6.425815653871653,6.35892270367857,1.1117163789174107,12.37479294282442,FALSE,145
P. falciparum,paper_replica,14001,Boa Vista,RR,2015,2,146,359804,10.283376504986048,5.981060368924467,4.302316136061581,1.5216617936432062,11.541005658636362,TRUE,145
P. falciparum,paper_replica,14001,Boa Vista,RR,2015,3,147,359804,10.005447410256695,5.82462208287457,4.1808253273821245,1.7995908883725589,11.117163789174105,TRUE,145
P. falciparum,paper_replica,14002,Nordeste de Roraima,RR,2015,1,145,47524,8.416799932665601,18.32899619069505,-9.91219625802945,0,39.979799680161605,TRUE,145
P. falciparum,paper_replica,14002,Nordeste de Roraima,RR,2015,2,146,47524,0,16.350709487687585,-16.350709487687585,0,37.8755996969952,TRUE,145
P. falciparum,paper_replica,14002,Nordeste de Roraima,RR,2015,3,147,47524,8.416799932665601,16.270629585249736,-7.853829652584135,0,37.8755996969952,TRUE,145
P. falciparum,paper_replica,14003,Caracaraí,RR,2015,1,145,46961,14.905985818019207,16.61178233303892,-1.7057965150197134,0,36.20025127233236,TRUE,145
P. falciparum,paper_replica,14003,Caracaraí,RR,2015,2,146,46961,4.2588530908626305,15.758611283502523,-11.499758192639892,0,36.20025127233236,TRUE,145
P. falciparum,paper_replica,14003,Caracaraí,RR,2015,3,147,46961,2.1294265454313153,14.892362054557239,-12.762935509125924,0,34.070824726901044,TRUE,145
P. falciparum,paper_replica,14004,Sudeste de Roraima,RR,2015,1,145,51376,15.571473061351606,15.756537031189682,-0.18506396983807605,0,34.11125817502331,TRUE,145
P. falciparum,paper_replica,14004,Sudeste de Roraima,RR,2015,2,146,51376,7.785736530675803,14.584397746805223,-6.79866121612942,0,30.218389909685413,TRUE,145
P. falciparum,paper_replica,14004,Sudeste de Roraima,RR,2015,3,147,51376,3.8928682653379014,14.019278521313339,-10.126410255975438,0,34.11125817502331,TRUE,145
P. falciparum,paper_replica,15001,Óbidos,PA,2015,1,145,198751,0,2.3586949620782365,-2.3586949620782365,0,5.798712962450493,TRUE,145
P. falciparum,paper_replica,15001,Óbidos,PA,2015,2,146,198751,0,1.9978408864004848,-1.9978408864004848,0,5.031421225553582,TRUE,145
P. falciparum,paper_replica,15001,Óbidos,PA,2015,3,147,198751,0,1.8684922905094405,-1.8684922905094405,0,5.2955708398951336,TRUE,145
P. falciparum,paper_replica,15002,Santarém,PA,2015,1,145,507271,0.5913998631894983,1.4262720149197785,-0.8348721517302802,0,3.351265891407157,TRUE,145
P. falciparum,paper_replica,15002,Santarém,PA,2015,2,146,507271,0.19713328772983277,1.2222509854163204,-1.0251176976864875,0,2.8633610042758164,TRUE,145
P. falciparum,paper_replica,15002,Santarém,PA,2015,3,147,507271,0,1.1357649158499241,-1.1357649158499241,0,2.8633610042758164,TRUE,145
P. falciparum,paper_replica,15003,Almeirim,PA,2015,1,145,71843,1.3919240566234707,2.8871114089701226,-1.495187352346652,0,9.743468396364294,TRUE,145
P. falciparum,paper_replica,15003,Almeirim,PA,2015,2,146,71843,0,2.3148818509037916,-2.3148818509037916,0,7.690380412844643,TRUE,145
P. falciparum,paper_replica,15003,Almeirim,PA,2015,3,147,71843,0,2.217526385578822,-2.217526385578822,0,6.959620283117353,TRUE,145
P. falciparum,paper_replica,15004,Portel,PA,2015,1,145,144594,0,3.030661229975556,-3.030661229975556,0,7.2790018949610475,TRUE,145
P. falciparum,paper_replica,15004,Portel,PA,2015,2,146,144594,0,2.5561284988054487,-2.5561284988054487,0,6.224324660774307,TRUE,145
P. falciparum,paper_replica,15004,Portel,PA,2015,3,147,144594,0,2.5320979886734154,-2.5320979886734154,0,6.915916289749229,TRUE,145
P. falciparum,paper_replica,15005,Furos de Breves,PA,2015,1,145,220578,41.2552475768209,31.87300783798402,9.38223973883688,15.629391870449457,51.013700369030445,TRUE,145
P. falciparum,paper_replica,15005,Furos de Breves,PA,2015,2,146,220578,50.322334956341976,26.195569745244082,24.126765211097894,12.909265656593131,43.998041509126,FALSE,145
P. falciparum,paper_replica,15005,Furos de Breves,PA,2015,3,147,220578,43.975373790677224,24.866862737493815,19.10851105318341,11.764545874928597,43.091332771173896,FALSE,145
P. falciparum,paper_replica,15006,Arari,PA,2015,1,145,168225,0.5944419676029128,3.802458890202532,-3.208016922599619,0,8.634269579432294,TRUE,145
P. falciparum,paper_replica,15006,Arari,PA,2015,2,146,168225,0.5944419676029128,3.1168779276855987,-2.522435960082686,0,7.133303611234954,TRUE,145
P. falciparum,paper_replica,15006,Arari,PA,2015,3,147,168225,0.5944419676029128,2.9111619286991597,-2.316719961096247,0,7.133303611234954,TRUE,145
P. falciparum,paper_replica,15007,Belém,PA,2015,1,145,2261942,0,0.09898679242355737,-0.09898679242355737,0,0.2652587908973793,TRUE,145
P. falciparum,paper_replica,15007,Belém,PA,2015,2,146,2261942,0,0.08341319826663791,-0.08341319826663791,0,0.288468935100899,TRUE,145
P. falciparum,paper_replica,15007,Belém,PA,2015,3,147,2261942,0,0.07764863722975893,-0.07764863722975893,0,0.2652587908973793,TRUE,145
P. falciparum,paper_replica,15008,Castanhal,PA,2015,1,145,324645,0,0.11409879288841429,-0.11409879288841429,0,0.616057539774215,TRUE,145
P. falciparum,paper_replica,15008,Castanhal,PA,2015,2,146,324645,0,0.09601004856034315,-0.09601004856034315,0,0.3080287698871075,TRUE,145
P. falciparum,paper_replica,15008,Castanhal,PA,2015,3,147,324645,0,0.08920613050725604,-0.08920613050725604,0,0.3080287698871075,TRUE,145
P. falciparum,paper_replica,15009,Salgado,PA,2015,1,145,260362,0,0.07943814320762951,-0.07943814320762951,0,0.38408062620505296,TRUE,145
P. falciparum,paper_replica,15009,Salgado,PA,2015,2,146,260362,0,0.06639529678460869,-0.06639529678460869,0,0.38408062620505296,TRUE,145
P. falciparum,paper_replica,15009,Salgado,PA,2015,3,147,260362,0,0.06129956868047665,-0.06129956868047665,0,0.38408062620505296,TRUE,145
P. falciparum,paper_replica,15010,Bragantina,PA,2015,1,145,405443,0,0.23279161779105353,-0.23279161779105353,0,0.9865751782618025,TRUE,145
P. falciparum,paper_replica,15010,Bragantina,PA,2015,2,146,405443,0,0.19328372493911572,-0.19328372493911572,0,0.7399313836963519,TRUE,145
P. falciparum,paper_replica,15010,Bragantina,PA,2015,3,147,405443,0,0.1764501748565976,-0.1764501748565976,0,0.7399313836963519,TRUE,145
P. falciparum,paper_replica,15011,Cametá,PA,2015,1,145,473045,0,0.7938359071997118,-0.7938359071997118,0,2.113963787800315,TRUE,145
P. falciparum,paper_replica,15011,Cametá,PA,2015,2,146,473045,0,0.6748751728313171,-0.6748751728313171,0,1.9025674090202835,TRUE,145
P. falciparum,paper_replica,15011,Cametá,PA,2015,3,147,473045,0,0.65598813101583,-0.65598813101583,0,1.8021541290997636,TRUE,145
P. falciparum,paper_replica,15012,Tomé-Açu,PA,2015,1,145,320418,0,1.864365875716448,-1.864365875716448,0,4.057200282131466,TRUE,145
P. falciparum,paper_replica,15012,Tomé-Açu,PA,2015,2,146,320418,0,1.587207310238146,-1.587207310238146,0,3.7451079527367375,TRUE,145
P. falciparum,paper_replica,15012,Tomé-Açu,PA,2015,3,147,320418,0,1.5181571254499264,-1.5181571254499264,0,4.057200282131466,TRUE,145
P. falciparum,paper_replica,15013,Guamá,PA,2015,1,145,460985,0,3.484074352839441,-3.484074352839441,0.3199670271266964,6.7247307396119185,FALSE,145
P. falciparum,paper_replica,15013,Guamá,PA,2015,2,146,460985,0,2.920410070941693,-2.920410070941693,0.3199670271266964,6.18783691443322,FALSE,145
P. falciparum,paper_replica,15013,Guamá,PA,2015,3,147,460985,0,2.688579436084458,-2.688579436084458,0.4338535961039947,5.423169951299934,FALSE,145
P. falciparum,paper_replica,15014,Itaituba,PA,2015,1,145,214099,43.43784884562749,39.390500922023826,4.047347923603667,21.240173938224842,63.52201551618644,TRUE,145
P. falciparum,paper_replica,15014,Itaituba,PA,2015,2,146,214099,26.623197679578137,34.752851492614646,-8.129653813036509,18.65959205787977,57.006338189342294,TRUE,145
P. falciparum,paper_replica,15014,Itaituba,PA,2015,3,147,214099,23.820755818569914,33.04767001836144,-9.226914199791523,17.036511146712503,60.29920737602694,TRUE,145
P. falciparum,paper_replica,15015,Altamira,PA,2015,1,145,294165,0.6798905376234426,8.94622913305218,-8.266338595428737,2.881036153179339,16.155898900277048,FALSE,145
P. falciparum,paper_replica,15015,Altamira,PA,2015,2,146,294165,0,7.849454354220569,-7.849454354220569,2.7195621504937706,14.11622728740672,FALSE,145
P. falciparum,paper_replica,15015,Altamira,PA,2015,3,147,294165,0,7.714093102265456,-7.714093102265456,2.039671612870328,15.136063093841884,FALSE,145
P. falciparum,paper_replica,15016,Tucuruí,PA,2015,1,145,362863,0.2755861027440108,11.254405088071223,-10.978818985327212,4.815867145451589,19.986882101509376,FALSE,145
P. falciparum,paper_replica,15016,Tucuruí,PA,2015,2,146,362863,0,9.781706236890882,-9.781706236890882,3.8582054384161513,16.95543497132526,FALSE,145
P. falciparum,paper_replica,15016,Tucuruí,PA,2015,3,147,362863,0.2755861027440108,9.79728021125895,-9.52169410851494,3.162350528987525,17.10011767526586,FALSE,145
P. falciparum,paper_replica,15017,Paragominas,PA,2015,1,145,328594,0.3043269201507027,4.715690347340004,-4.411363427189301,1.0575360475236923,8.98525231744949,FALSE,145
P. falciparum,paper_replica,15017,Paragominas,PA,2015,2,146,328594,0,4.126110942096685,-4.126110942096685,0.4488822072222869,8.216826844068972,FALSE,145
P. falciparum,paper_replica,15017,Paragominas,PA,2015,3,147,328594,0,3.9426797462987504,-3.9426797462987504,0.4488822072222869,8.680925397298786,FALSE,145
P. falciparum,paper_replica,15018,São Félix do Xingu,PA,2015,1,145,199960,0,0.815110575747699,-0.815110575747699,0,2.500500100020004,TRUE,145
P. falciparum,paper_replica,15018,São Félix do Xingu,PA,2015,2,146,199960,0,0.7062578233440089,-0.7062578233440089,0,2.262952590518092,TRUE,145
P. falciparum,paper_replica,15018,São Félix do Xingu,PA,2015,3,147,199960,0,0.6987295834684625,-0.6987295834684625,0,2.500500100020004,TRUE,145
P. falciparum,paper_replica,15019,Parauapebas,PA,2015,1,145,300231,0,1.3113671166318042,-1.3113671166318042,0,2.997691777331455,TRUE,145
P. falciparum,paper_replica,15019,Parauapebas,PA,2015,2,146,300231,0,1.1478400979832395,-1.1478400979832395,0,3.330768641479394,TRUE,145
P. falciparum,paper_replica,15019,Parauapebas,PA,2015,3,147,300231,0,1.1602063064351393,-1.1602063064351393,0,3.330768641479394,TRUE,145
P. falciparum,paper_replica,15020,Marabá,PA,2015,1,145,314713,0,1.9194854121012868,-1.9194854121012868,0,4.448497519962633,TRUE,145
P. falciparum,paper_replica,15020,Marabá,PA,2015,2,146,314713,0,1.6859584262589897,-1.6859584262589897,0,4.448497519962633,TRUE,145
P. falciparum,paper_replica,15020,Marabá,PA,2015,3,147,314713,0,1.6817457414312724,-1.6817457414312724,0,3.812997874253685,TRUE,145
P. falciparum,paper_replica,15021,Redenção,PA,2015,1,145,189772,0.5269481272263559,0.4423082188389289,0.08463990838742697,0,1.5808443816790676,TRUE,145
P. falciparum,paper_replica,15021,Redenção,PA,2015,2,146,189772,0,0.3853465333405415,-0.3853465333405415,0,1.5808443816790676,TRUE,145
P. falciparum,paper_replica,15021,Redenção,PA,2015,3,147,189772,0,0.38919744533978945,-0.38919744533978945,0,1.5808443816790676,TRUE,145
P. falciparum,paper_replica,15022,Conceição do Araguaia,PA,2015,1,145,152614,0,3.8374831515787347,-3.8374831515787347,0,8.518222443550396,TRUE,145
P. falciparum,paper_replica,15022,Conceição do Araguaia,PA,2015,2,146,152614,0,3.3307336318223757,-3.3307336318223757,0,7.862974563277287,TRUE,145
P. falciparum,paper_replica,15022,Conceição do Araguaia,PA,2015,3,147,152614,0,3.3357708408552096,-3.3357708408552096,0,9.173470323823501,TRUE,145
P. falciparum,paper_replica,16001,Oiapoque,AP,2015,1,145,34426,46.47650031952594,97.12872886587354,-50.6522285463476,36.237146342880386,162.6677511183408,TRUE,145
P. falciparum,paper_replica,16001,Oiapoque,AP,2015,2,146,34426,5.8095625399407425,81.60333387177275,-75.793771331832,20.3334688897926,151.0486260384593,FALSE,145
P. falciparum,paper_replica,16001,Oiapoque,AP,2015,3,147,34426,31.952593969674087,77.01051282428755,-45.05791885461346,18.80845872305816,143.85929239528255,TRUE,145
P. falciparum,paper_replica,16002,Amapá,AP,2015,1,145,28365,3.5254715318173804,13.50351629664658,-9.9780447648292,0,33.58011634056047,TRUE,145
P. falciparum,paper_replica,16002,Amapá,AP,2015,2,146,28365,0,11.122682587130665,-11.122682587130665,0,28.203772254539043,TRUE,145
P. falciparum,paper_replica,16002,Amapá,AP,2015,3,147,28365,3.5254715318173804,10.46872816786286,-6.943256636045479,0,31.729243786356424,TRUE,145
P. falciparum,paper_replica,16003,Macapá,AP,2015,1,145,624241,7.368948851485244,7.076085295401775,0.2928635560834687,3.0436962647439048,11.854395978476262,TRUE,145
P. falciparum,paper_replica,16003,Macapá,AP,2015,2,146,624241,5.126225287989734,5.747830299287095,-0.621605011297361,1.67803780911539,10.01616362911119,TRUE,145
P. falciparum,paper_replica,16003,Macapá,AP,2015,3,147,624241,4.16505804649166,5.353792708375965,-1.1887346618843058,1.601945402496792,9.375385468112473,TRUE,145
P. falciparum,paper_replica,16004,Mazagão,AP,2015,1,145,79647,26.36634148178839,18.24641995420301,8.11992152758538,1.255540070561352,35.81428051276254,TRUE,145
P. falciparum,paper_replica,16004,Mazagão,AP,2015,2,146,79647,27.62188155234974,14.852306294562846,12.769575257786896,0.596381533516644,30.132961693472446,TRUE,145
P. falciparum,paper_replica,16004,Mazagão,AP,2015,3,147,79647,15.066480846736223,14.009448425673982,1.0570324210622406,0,30.132961693472446,TRUE,145
P. falciparum,paper_replica,17001,Bico do Papagaio,TO,2015,1,145,210839,0,0.16285588770913267,-0.16285588770913267,0,0.9485911050612079,TRUE,145
P. falciparum,paper_replica,17001,Bico do Papagaio,TO,2015,2,146,210839,0,0.1408486600958038,-0.1408486600958038,0,0.9485911050612079,TRUE,145
P. falciparum,paper_replica,17001,Bico do Papagaio,TO,2015,3,147,210839,0,0.1383205617157315,-0.1383205617157315,0,0.47429555253060396,TRUE,145
P. falciparum,paper_replica,17002,Araguaína,TO,2015,1,145,306848,0,0.13446999057637568,-0.13446999057637568,0,0.6517885076650328,TRUE,145
P. falciparum,paper_replica,17002,Araguaína,TO,2015,2,146,306848,0,0.11589433747445368,-0.11589433747445368,0,0.6517885076650328,TRUE,145
P. falciparum,paper_replica,17002,Araguaína,TO,2015,3,147,306848,0,0.11682995872147726,-0.11682995872147726,0,0.6517885076650328,TRUE,145
P. falciparum,paper_replica,17003,Miracema do Tocantins,TO,2015,1,145,148608,0,0.1276102738122668,-0.1276102738122668,0,0.6729112833763996,TRUE,145
P. falciparum,paper_replica,17003,Miracema do Tocantins,TO,2015,2,146,148608,0,0.11057428464758401,-0.11057428464758401,0,0.6729112833763996,TRUE,145
P. falciparum,paper_replica,17003,Miracema do Tocantins,TO,2015,3,147,148608,0,0.11152659832007954,-0.11152659832007954,0,0.6729112833763996,TRUE,145
P. falciparum,paper_replica,17004,Rio Formoso,TO,2015,1,145,124739,0,0.13292899036603553,-0.13292899036603553,0,0.8016738950929541,TRUE,145
P. falciparum,paper_replica,17004,Rio Formoso,TO,2015,2,146,124739,0,0.11041747669523914,-0.11041747669523914,0,0.8016738950929541,TRUE,145
P. falciparum,paper_replica,17004,Rio Formoso,TO,2015,3,147,124739,0,0.10909591000997575,-0.10909591000997575,0,0.8016738950929541,TRUE,145
P. falciparum,paper_replica,17005,Gurupi,TO,2015,1,145,147284,0,0.01755851097462374,-0.01755851097462374,0,0,TRUE,145
P. falciparum,paper_replica,17005,Gurupi,TO,2015,2,146,147284,0,0.014127209464142797,-0.014127209464142797,0,0,TRUE,145
P. falciparum,paper_replica,17005,Gurupi,TO,2015,3,147,147284,0,0.01375917871036942,-0.01375917871036942,0,0,TRUE,145
P. falciparum,paper_replica,17006,Porto Nacional,TO,2015,1,145,375255,0,0.04593987798450151,-0.04593987798450151,0,0.2664854565562085,TRUE,145
P. falciparum,paper_replica,17006,Porto Nacional,TO,2015,2,146,375255,0,0.038331553745773926,-0.038331553745773926,0,0.2664854565562085,TRUE,145
P. falciparum,paper_replica,17006,Porto Nacional,TO,2015,3,147,375255,0,0.03836519857502396,-0.03836519857502396,0,0.2664854565562085,TRUE,145
P. falciparum,paper_replica,17007,Jalapão,TO,2015,1,145,77860,0,0.0035074028539284737,-0.0035074028539284737,0,0,TRUE,145
P. falciparum,paper_replica,17007,Jalapão,TO,2015,2,146,77860,0,0.002966012049063572,-0.002966012049063572,0,0,TRUE,145
P. falciparum,paper_replica,17007,Jalapão,TO,2015,3,147,77860,0,0.0030017907473444973,-0.0030017907473444973,0,0,TRUE,145
P. falciparum,paper_replica,17008,Dianópolis,TO,2015,1,145,123693,0,0.0013999792292262098,-0.0013999792292262098,0,0,TRUE,145
P. falciparum,paper_replica,17008,Dianópolis,TO,2015,2,146,123693,0,0.0011070955422975272,-0.0011070955422975272,0,0,TRUE,145
P. falciparum,paper_replica,17008,Dianópolis,TO,2015,3,147,123693,0,0.0011154499520094742,-0.0011154499520094742,0,0,TRUE,145
P. falciparum,paper_replica,21001,Litoral Ocidental Maranhense,MA,2015,1,145,187243,0,0.025713822781800625,-0.025713822781800625,0,0.5340653589186244,TRUE,145
P. falciparum,paper_replica,21001,Litoral Ocidental Maranhense,MA,2015,2,146,187243,0,0.022080050448792965,-0.022080050448792965,0,0,TRUE,145
P. falciparum,paper_replica,21001,Litoral Ocidental Maranhense,MA,2015,3,147,187243,0,0.020679907728013026,-0.020679907728013026,0,0.5340653589186244,TRUE,145
P. falciparum,paper_replica,21002,Aglomeração Urbana de São Luís,MA,2015,1,145,1395792,0,0.022172416188683913,-0.022172416188683913,0,0.1432878251200752,TRUE,145
P. falciparum,paper_replica,21002,Aglomeração Urbana de São Luís,MA,2015,2,146,1395792,0.21493173768011278,0.018588852259403835,0.19634288542070893,0,0.0716439125600376,FALSE,145
P. falciparum,paper_replica,21002,Aglomeração Urbana de São Luís,MA,2015,3,147,1395792,0,0.017431525670393033,-0.017431525670393033,0,0.0716439125600376,TRUE,145
P. falciparum,paper_replica,21003,Rosário,MA,2015,1,145,172687,0,0.024340681477166382,-0.024340681477166382,0,0.5790823860510635,TRUE,145
P. falciparum,paper_replica,21003,Rosário,MA,2015,2,146,172687,0,0.02063184457170206,-0.02063184457170206,0,0,TRUE,145
P. falciparum,paper_replica,21003,Rosário,MA,2015,3,147,172687,0,0.019263078511156908,-0.019263078511156908,0,0,TRUE,145
P. falciparum,paper_replica,21004,Lençóis Maranhenses,MA,2015,1,145,191719,0,0.022836665107209334,-0.022836665107209334,0,0,TRUE,145
P. falciparum,paper_replica,21004,Lençóis Maranhenses,MA,2015,2,146,191719,0,0.01979116388855827,-0.01979116388855827,0,0,TRUE,145
P. falciparum,paper_replica,21004,Lençóis Maranhenses,MA,2015,3,147,191719,0,0.018585128745233496,-0.018585128745233496,0,0,TRUE,145
P. falciparum,paper_replica,21005,Baixada Maranhense,MA,2015,1,145,590620,0.6772544106193492,0.9180953335509869,-0.24084092293163772,0,2.2010768345128846,TRUE,145
P. falciparum,paper_replica,21005,Baixada Maranhense,MA,2015,2,146,590620,0.1693136026548373,0.7767047787191191,-0.6073911760642818,0,1.7820256679421587,TRUE,145
P. falciparum,paper_replica,21005,Baixada Maranhense,MA,2015,3,147,590620,0,0.7244026934213215,-0.7244026934213215,0,1.8624496292032102,TRUE,145
P. falciparum,paper_replica,21006,Itapecuru Mirim,MA,2015,1,145,229914,0,0.1798340116568404,-0.1798340116568404,0,0.8698904807884686,TRUE,145
P. falciparum,paper_replica,21006,Itapecuru Mirim,MA,2015,2,146,229914,0,0.14928669918564688,-0.14928669918564688,0,0.8698904807884686,TRUE,145
P. falciparum,paper_replica,21006,Itapecuru Mirim,MA,2015,3,147,229914,0,0.13892885213524125,-0.13892885213524125,0,0.8698904807884686,TRUE,145
P. falciparum,paper_replica,21007,Gurupi,MA,2015,1,145,235816,0.4240594361705737,2.3885917125503644,-1.9645322763797908,0,5.311344438036426,TRUE,145
P. falciparum,paper_replica,21007,Gurupi,MA,2015,2,146,235816,0.4240594361705737,2.035496820631427,-1.6114373844608534,0,5.088713234046884,TRUE,145
P. falciparum,paper_replica,21007,Gurupi,MA,2015,3,147,235816,0,1.8574871198179301,-1.8574871198179301,0,4.66465379787631,TRUE,145
P. falciparum,paper_replica,21008,Pindaré,MA,2015,1,145,650498,1.076098619826656,0.7308725455056934,0.34522607432096264,0,1.6910121168704593,TRUE,145
P. falciparum,paper_replica,21008,Pindaré,MA,2015,2,146,650498,0.4611851227828525,0.630621794678524,-0.16943667189567146,0,1.617991139096504,TRUE,145
P. falciparum,paper_replica,21008,Pindaré,MA,2015,3,147,650498,0.3074567485219017,0.5948468718266534,-0.2873901233047517,0,1.617991139096504,TRUE,145
P. falciparum,paper_replica,21009,Imperatriz,MA,2015,1,145,586584,0,0.1965212718076863,-0.1965212718076863,0,0.6819142697380085,TRUE,145
P. falciparum,paper_replica,21009,Imperatriz,MA,2015,2,146,586584,0,0.17044330717588238,-0.17044330717588238,0,0.6819142697380085,TRUE,145
P. falciparum,paper_replica,21009,Imperatriz,MA,2015,3,147,586584,0,0.16481722989139955,-0.16481722989139955,0,0.5114357023035064,TRUE,145
P. falciparum,paper_replica,21010,Médio Mearim,MA,2015,1,145,416015,0,0.4828821823321133,-0.4828821823321133,0,1.442255687895869,TRUE,145
P. falciparum,paper_replica,21010,Médio Mearim,MA,2015,2,146,416015,0,0.41507173563625577,-0.41507173563625577,0,1.442255687895869,TRUE,145
P. falciparum,paper_replica,21010,Médio Mearim,MA,2015,3,147,416015,0,0.39180743531852896,-0.39180743531852896,0,1.2018797399132242,TRUE,145
P. falciparum,paper_replica,21011,Alto Mearim e Grajaú,MA,2015,1,145,328081,0.6096055547258147,0.2180905233343847,0.39151503139142996,0,0.9144083320887221,TRUE,145
P. falciparum,paper_replica,21011,Alto Mearim e Grajaú,MA,2015,2,146,328081,0.30480277736290734,0.19206855800947892,0.11273421935342842,0,0.9144083320887221,TRUE,145
P. falciparum,paper_replica,21011,Alto Mearim e Grajaú,MA,2015,3,147,328081,0,0.18679488675192785,-0.18679488675192785,0,0.6096055547258147,TRUE,145
P. falciparum,paper_replica,21012,Presidente Dutra,MA,2015,1,145,195258,0.512142908357148,0.48128911745015346,0.030853790906994583,0,1.536428725071444,TRUE,145
P. falciparum,paper_replica,21012,Presidente Dutra,MA,2015,2,146,195258,0,0.4086801568719795,-0.4086801568719795,0,1.536428725071444,TRUE,145
P. falciparum,paper_replica,21012,Presidente Dutra,MA,2015,3,147,195258,0,0.3919002311799439,-0.3919002311799439,0,1.536428725071444,TRUE,145
P. falciparum,paper_replica,21013,Baixo Parnaíba Maranhense,MA,2015,1,145,142624,0,0.19090707651432537,-0.19090707651432537,0,0.7011442674444693,TRUE,145
P. falciparum,paper_replica,21013,Baixo Parnaíba Maranhense,MA,2015,2,146,142624,0,0.16168418851217592,-0.16168418851217592,0,0.7011442674444693,TRUE,145
P. falciparum,paper_replica,21013,Baixo Parnaíba Maranhense,MA,2015,3,147,142624,0,0.1510621511451386,-0.1510621511451386,0,0.7011442674444693,TRUE,145
P. falciparum,paper_replica,21014,Chapadinha,MA,2015,1,145,238969,0,0.08931636362086984,-0.08931636362086984,0,0.4184643196397859,TRUE,145
P. falciparum,paper_replica,21014,Chapadinha,MA,2015,2,146,238969,0,0.07441654569387729,-0.07441654569387729,0,0.4184643196397859,TRUE,145
P. falciparum,paper_replica,21014,Chapadinha,MA,2015,3,147,238969,0,0.07006800087322523,-0.07006800087322523,0,0.4184643196397859,TRUE,145
P. falciparum,paper_replica,21015,Codó,MA,2015,1,145,272267,0.36728652389015193,0.29252289962415634,0.07476362426599559,0,1.1018595716704558,TRUE,145
P. falciparum,paper_replica,21015,Codó,MA,2015,2,146,272267,0,0.24959054062530633,-0.24959054062530633,0,1.1018595716704558,TRUE,145
P. falciparum,paper_replica,21015,Codó,MA,2015,3,147,272267,0,0.23568229568915292,-0.23568229568915292,0,1.1018595716704558,TRUE,145
P. falciparum,paper_replica,21016,Coelho Neto,MA,2015,1,145,91578,0,0.02703354671443166,-0.02703354671443166,0,0,TRUE,145
P. falciparum,paper_replica,21016,Coelho Neto,MA,2015,2,146,91578,0,0.022301937236725564,-0.022301937236725564,0,0,TRUE,145
P. falciparum,paper_replica,21016,Coelho Neto,MA,2015,3,147,91578,0,0.020896280694613672,-0.020896280694613672,0,0,TRUE,145
P. falciparum,paper_replica,21017,Caxias,MA,2015,1,145,434610,0.23009134626446698,0.15347013901515633,0.07662120724931065,0,0.46018269252893396,TRUE,145
P. falciparum,paper_replica,21017,Caxias,MA,2015,2,146,434610,0.23009134626446698,0.1303220231778679,0.09976932308659908,0,0.46018269252893396,TRUE,145
P. falciparum,paper_replica,21017,Caxias,MA,2015,3,147,434610,0,0.12472522803427119,-0.12472522803427119,0,0.46018269252893396,TRUE,145
P. falciparum,paper_replica,21018,Chapadas do Alto Itapecuru,MA,2015,1,145,216408,0.9241802521163729,0.14826021430322345,0.7759200378131494,0,0.9241802521163729,TRUE,145
P. falciparum,paper_replica,21018,Chapadas do Alto Itapecuru,MA,2015,2,146,216408,0.46209012605818645,0.12671489747614262,0.3353752285820438,0,0.7046874422387238,TRUE,145
P. falciparum,paper_replica,21018,Chapadas do Alto Itapecuru,MA,2015,3,147,216408,0,0.12324833538915635,-0.12324833538915635,0,0.46209012605818645,TRUE,145
P. falciparum,paper_replica,21019,Porto Franco,MA,2015,1,145,117278,0,0.11808543547284729,-0.11808543547284729,0,0.8526748409761421,TRUE,145
P. falciparum,paper_replica,21019,Porto Franco,MA,2015,2,146,117278,0,0.10373962682540369,-0.10373962682540369,0,0.8526748409761421,TRUE,145
P. falciparum,paper_replica,21019,Porto Franco,MA,2015,3,147,117278,0,0.1033023964564911,-0.1033023964564911,0,0.8526748409761421,TRUE,145
P. falciparum,paper_replica,21020,Gerais de Balsas,MA,2015,1,145,139570,0,0.01321770917388416,-0.01321770917388416,0,0,TRUE,145
P. falciparum,paper_replica,21020,Gerais de Balsas,MA,2015,2,146,139570,0,0.011244060752254243,-0.011244060752254243,0,0,TRUE,145
P. falciparum,paper_replica,21020,Gerais de Balsas,MA,2015,3,147,139570,0,0.011460423548210584,-0.011460423548210584,0,0,TRUE,145
P. falciparum,paper_replica,21021,Chapadas das Mangabeiras,MA,2015,1,145,70710,0,0.006302292703970317,-0.006302292703970317,0,0,TRUE,145
P. falciparum,paper_replica,21021,Chapadas das Mangabeiras,MA,2015,2,146,70710,0,0.0054355950598147015,-0.0054355950598147015,0,0,TRUE,145
P. falciparum,paper_replica,21021,Chapadas das Mangabeiras,MA,2015,3,147,70710,0,0.005316762045659959,-0.005316762045659959,0,0,TRUE,145
P. falciparum,paper_replica,51001,Aripuanã,MT,2015,1,145,155581,0,7.444951780114018,-7.444951780114018,0,15.426048167835406,TRUE,145
P. falciparum,paper_replica,51001,Aripuanã,MT,2015,2,146,155581,0,6.463503167684201,-6.463503167684201,0.6427520069931418,14.14054415384912,FALSE,145
P. falciparum,paper_replica,51001,Aripuanã,MT,2015,3,147,155581,0,6.286823672523765,-6.286823672523765,0.6427520069931418,14.14054415384912,FALSE,145
P. falciparum,paper_replica,51002,Alta Floresta,MT,2015,1,145,102968,0,0.6852708627810575,-0.6852708627810575,0,2.913526532514956,TRUE,145
P. falciparum,paper_replica,51002,Alta Floresta,MT,2015,2,146,102968,0,0.5987346509471213,-0.5987346509471213,0,2.913526532514956,TRUE,145
P. falciparum,paper_replica,51002,Alta Floresta,MT,2015,3,147,102968,0,0.581858440993745,-0.581858440993745,0,2.913526532514956,TRUE,145
P. falciparum,paper_replica,51003,Colíder,MT,2015,1,145,149561,0.6686235047906874,0.8347093929944075,-0.16608588820372006,0,2.6744940191627498,TRUE,145
P. falciparum,paper_replica,51003,Colíder,MT,2015,2,146,149561,0,0.7090455676690347,-0.7090455676690347,0,2.356897854387158,TRUE,145
P. falciparum,paper_replica,51003,Colíder,MT,2015,3,147,149561,0,0.6897689019569856,-0.6897689019569856,0,2.6744940191627498,TRUE,145
P. falciparum,paper_replica,51004,Parecis,MT,2015,1,145,101405,0,0.30380376232152667,-0.30380376232152667,0,1.9722893348454218,TRUE,145
P. falciparum,paper_replica,51004,Parecis,MT,2015,2,146,101405,0,0.2661599703675882,-0.2661599703675882,0,0.9861446674227109,TRUE,145
P. falciparum,paper_replica,51004,Parecis,MT,2015,3,147,101405,0,0.2644352545433232,-0.2644352545433232,0,1.5038706178196117,TRUE,145
P. falciparum,paper_replica,51005,Arinos,MT,2015,1,145,79094,0,0.4040322237132791,-0.4040322237132791,0,2.5286368118947076,TRUE,145
P. falciparum,paper_replica,51005,Arinos,MT,2015,2,146,79094,0,0.3469735474947547,-0.3469735474947547,0,1.9280855690696859,TRUE,145
P. falciparum,paper_replica,51005,Arinos,MT,2015,3,147,79094,0,0.3411582127560438,-0.3411582127560438,0,1.2643184059473538,TRUE,145
P. falciparum,paper_replica,51006,Alto Teles Pires,MT,2015,1,145,231128,0,0.2203667924738599,-0.2203667924738599,0,0.865321380360666,TRUE,145
P. falciparum,paper_replica,51006,Alto Teles Pires,MT,2015,2,146,231128,0,0.18533054308444152,-0.18533054308444152,0,0.865321380360666,TRUE,145
P. falciparum,paper_replica,51006,Alto Teles Pires,MT,2015,3,147,231128,0,0.1838370737090684,-0.1838370737090684,0,0.865321380360666,TRUE,145
P. falciparum,paper_replica,51007,Sinop,MT,2015,1,145,191263,0,0.17226149600739094,-0.17226149600739094,0,0.7973314232235076,TRUE,145
P. falciparum,paper_replica,51007,Sinop,MT,2015,2,146,191263,0,0.14218420416426644,-0.14218420416426644,0,0.5228402775236193,TRUE,145
P. falciparum,paper_replica,51007,Sinop,MT,2015,3,147,191263,0,0.1388917103492726,-0.1388917103492726,0,0.5228402775236193,TRUE,145
P. falciparum,paper_replica,51008,Paranatinga,MT,2015,1,145,34726,0,0.018274906203854906,-0.018274906203854906,0,0,TRUE,145
P. falciparum,paper_replica,51008,Paranatinga,MT,2015,2,146,34726,0,0.01556011797509978,-0.01556011797509978,0,0,TRUE,145
P. falciparum,paper_replica,51008,Paranatinga,MT,2015,3,147,34726,0,0.014576243903805972,-0.014576243903805972,0,0,TRUE,145
P. falciparum,paper_replica,51009,Norte Araguaia,MT,2015,1,145,123004,0,0.06212671401244557,-0.06212671401244557,0,0.8129816916523039,TRUE,145
P. falciparum,paper_replica,51009,Norte Araguaia,MT,2015,2,146,123004,0,0.05291452756408949,-0.05291452756408949,0,0.8129816916523039,TRUE,145
P. falciparum,paper_replica,51009,Norte Araguaia,MT,2015,3,147,123004,0,0.051456891879059816,-0.051456891879059816,0,0.8129816916523039,TRUE,145
P. falciparum,paper_replica,51010,Canarana,MT,2015,1,145,108272,0,0.011282744422931656,-0.011282744422931656,0,0,TRUE,145
P. falciparum,paper_replica,51010,Canarana,MT,2015,2,146,108272,0,0.009433697394362143,-0.009433697394362143,0,0,TRUE,145
P. falciparum,paper_replica,51010,Canarana,MT,2015,3,147,108272,0,0.009017772829550776,-0.009017772829550776,0,0,TRUE,145
P. falciparum,paper_replica,51011,Médio Araguaia,MT,2015,1,145,67011,0,0.003060217657181908,-0.003060217657181908,0,0,TRUE,145
P. falciparum,paper_replica,51011,Médio Araguaia,MT,2015,2,146,67011,0,0.0024600616283609804,-0.0024600616283609804,0,0,TRUE,145
P. falciparum,paper_replica,51011,Médio Araguaia,MT,2015,3,147,67011,0,0.0023434105491152166,-0.0023434105491152166,0,0,TRUE,145
P. falciparum,paper_replica,51012,Alto Guaporé,MT,2015,1,145,71338,0,0.31239255276072664,-0.31239255276072664,0,1.401777453811433,TRUE,145
P. falciparum,paper_replica,51012,Alto Guaporé,MT,2015,2,146,71338,0,0.2629386319040397,-0.2629386319040397,0,1.401777453811433,TRUE,145
P. falciparum,paper_replica,51012,Alto Guaporé,MT,2015,3,147,71338,0,0.26098300933613877,-0.26098300933613877,0,1.401777453811433,TRUE,145
P. falciparum,paper_replica,51013,Tangará da Serra,MT,2015,1,145,159087,0,0.059428179549530676,-0.059428179549530676,0,0.6285868738489003,TRUE,145
P. falciparum,paper_replica,51013,Tangará da Serra,MT,2015,2,146,159087,0,0.05132541986178417,-0.05132541986178417,0,0.6285868738489003,TRUE,145
P. falciparum,paper_replica,51013,Tangará da Serra,MT,2015,3,147,159087,0,0.049835028743164214,-0.049835028743164214,0,0.6285868738489003,TRUE,145
P. falciparum,paper_replica,51014,Jauru,MT,2015,1,145,107801,0,0.03764157903175803,-0.03764157903175803,0,0,TRUE,145
P. falciparum,paper_replica,51014,Jauru,MT,2015,2,146,107801,0,0.03244393074273705,-0.03244393074273705,0,0,TRUE,145
P. falciparum,paper_replica,51014,Jauru,MT,2015,3,147,107801,0,0.03142317114996013,-0.03142317114996013,0,0.487008469309169,TRUE,145
P. falciparum,paper_replica,51015,Alto Paraguai,MT,2015,1,145,32596,0,0.025988371338725638,-0.025988371338725638,0,0,TRUE,145
P. falciparum,paper_replica,51015,Alto Paraguai,MT,2015,2,146,32596,0,0.022069185370138075,-0.022069185370138075,0,0,TRUE,145
P. falciparum,paper_replica,51015,Alto Paraguai,MT,2015,3,147,32596,0,0.02164347595327728,-0.02164347595327728,0,0,TRUE,145
P. falciparum,paper_replica,51016,Rosário Oeste,MT,2015,1,145,30448,0,0.03714217898151951,-0.03714217898151951,0,0,TRUE,145
P. falciparum,paper_replica,51016,Rosário Oeste,MT,2015,2,146,30448,0,0.030873578413488815,-0.030873578413488815,0,0,TRUE,145
P. falciparum,paper_replica,51016,Rosário Oeste,MT,2015,3,147,30448,0,0.030876804240157596,-0.030876804240157596,0,0,TRUE,145
P. falciparum,paper_replica,51017,Cuiabá,MT,2015,1,145,898432,0,0.039939889968649944,-0.039939889968649944,0,0.11130502920643966,TRUE,145
P. falciparum,paper_replica,51017,Cuiabá,MT,2015,2,146,898432,0,0.033546089805643366,-0.033546089805643366,0,0.16974016953981794,TRUE,145
P. falciparum,paper_replica,51017,Cuiabá,MT,2015,3,147,898432,0,0.03269039730380301,-0.03269039730380301,0,0.2226100584128793,TRUE,145
P. falciparum,paper_replica,51018,Alto Pantanal,MT,2015,1,145,135181,0,0.026945262495783915,-0.026945262495783915,0,0,TRUE,145
P. falciparum,paper_replica,51018,Alto Pantanal,MT,2015,2,146,135181,0,0.02247207929814858,-0.02247207929814858,0,0,TRUE,145
P. falciparum,paper_replica,51018,Alto Pantanal,MT,2015,3,147,135181,0,0.021612725613783437,-0.021612725613783437,0,0,TRUE,145
P. falciparum,paper_replica,51019,Primavera do Leste,MT,2015,1,145,95412,0,0.016162294450348308,-0.016162294450348308,0,0,TRUE,145
P. falciparum,paper_replica,51019,Primavera do Leste,MT,2015,2,146,95412,0,0.01318881051513984,-0.01318881051513984,0,0,TRUE,145
P. falciparum,paper_replica,51019,Primavera do Leste,MT,2015,3,147,95412,0,0.013007668367958615,-0.013007668367958615,0,0,TRUE,145
P. falciparum,paper_replica,51020,Tesouro,MT,2015,1,145,54493,0,0.006221725958085284,-0.006221725958085284,0,0,TRUE,145
P. falciparum,paper_replica,51020,Tesouro,MT,2015,2,146,54493,0,0.005028594779166722,-0.005028594779166722,0,0,TRUE,145
P. falciparum,paper_replica,51020,Tesouro,MT,2015,3,147,54493,0,0.004742936469545198,-0.004742936469545198,0,0,TRUE,145
P. falciparum,paper_replica,51021,Rondonópolis,MT,2015,1,145,298273,0,0.014913518680375304,-0.014913518680375304,0,0,TRUE,145
P. falciparum,paper_replica,51021,Rondonópolis,MT,2015,2,146,298273,0,0.012067451816662002,-0.012067451816662002,0,0,TRUE,145
P. falciparum,paper_replica,51021,Rondonópolis,MT,2015,3,147,298273,0,0.011518773287824868,-0.011518773287824868,0,0,TRUE,145
P. falciparum,paper_replica,51022,Alto Araguaia,MT,2015,1,145,38412,0,0.003288483713805091,-0.003288483713805091,0,0,TRUE,145
P. falciparum,paper_replica,51022,Alto Araguaia,MT,2015,2,146,38412,0,0.002695602308097009,-0.002695602308097009,0,0,TRUE,145
P. falciparum,paper_replica,51022,Alto Araguaia,MT,2015,3,147,38412,0,0.0025295861378138483,-0.0025295861378138483,0,0,TRUE,145
P. falciparum,paper_replica,11001,Porto Velho,RO,2016,1,157,648872,15.103132821265211,29.06018845545961,-13.957055634194399,18.18540482560505,40.921013697616786,FALSE,157
P. falciparum,paper_replica,11001,Porto Velho,RO,2016,2,158,648872,9.863270413887486,25.122264845902773,-15.258994432015287,15.176336781368283,41.31015053816469,FALSE,157
P. falciparum,paper_replica,11001,Porto Velho,RO,2016,3,159,648872,5.393976007594718,23.280355069914858,-17.886379062320138,14.09754157984934,37.60371845294603,FALSE,157
P. falciparum,paper_replica,11002,Guajará-Mirim,RO,2016,1,157,83432,1.1985808802377984,9.626773683471523,-8.428192803233724,0,21.574455844280372,TRUE,157
P. falciparum,paper_replica,11002,Guajará-Mirim,RO,2016,2,158,83432,0,8.090092463277822,-8.090092463277822,0,17.978713203566976,TRUE,157
P. falciparum,paper_replica,11002,Guajará-Mirim,RO,2016,3,159,83432,0,7.463399702133638,-7.463399702133638,0,19.177294083804775,TRUE,157
P. falciparum,paper_replica,11003,Ariquemes,RO,2016,1,157,201599,0,32.31285846167789,-32.31285846167789,18.58888188929508,49.628222362214075,FALSE,157
P. falciparum,paper_replica,11003,Ariquemes,RO,2016,2,158,201599,0.9920684130377632,28.380511800123312,-27.388443387085548,14.881026195566447,49.1321881556952,FALSE,157
P. falciparum,paper_replica,11003,Ariquemes,RO,2016,3,159,201599,0.9920684130377632,25.918431643929516,-24.926363230891752,11.880019246127215,45.42433246196654,FALSE,157
P. falciparum,paper_replica,11004,Ji-Paraná,RO,2016,1,157,317230,0,3.8838985298957316,-3.8838985298957316,0.4649623301705392,7.565488762096901,FALSE,157
P. falciparum,paper_replica,11004,Ji-Paraná,RO,2016,2,158,317230,0,3.368976459100015,-3.368976459100015,0,7.250260063676197,TRUE,157
P. falciparum,paper_replica,11004,Ji-Paraná,RO,2016,3,159,317230,0.3152286984207042,3.1502757298591613,-2.835047031438457,0,6.935031365255493,TRUE,157
P. falciparum,paper_replica,11005,Alvorada D'Oeste,RO,2016,1,157,75248,0,1.7405757962186998,-1.7405757962186998,0,5.315755900489049,TRUE,157
P. falciparum,paper_replica,11005,Alvorada D'Oeste,RO,2016,2,158,75248,0,1.5014442016227514,-1.5014442016227514,0,5.315755900489049,TRUE,157
P. falciparum,paper_replica,11005,Alvorada D'Oeste,RO,2016,3,159,75248,0,1.3875080974740608,-1.3875080974740608,0,5.315755900489049,TRUE,157
P. falciparum,paper_replica,11006,Cacoal,RO,2016,1,157,249644,0,1.574727650748156,-1.574727650748156,0,4.005704122670683,TRUE,157
P. falciparum,paper_replica,11006,Cacoal,RO,2016,2,158,249644,0,1.3545235361376877,-1.3545235361376877,0,3.605133710403615,TRUE,157
P. falciparum,paper_replica,11006,Cacoal,RO,2016,3,159,249644,0,1.2701736144266174,-1.2701736144266174,0,3.605133710403615,TRUE,157
P. falciparum,paper_replica,11007,Vilhena,RO,2016,1,157,157201,0,0.8907299921055734,-0.8907299921055734,0,3.1806413445207093,TRUE,157
P. falciparum,paper_replica,11007,Vilhena,RO,2016,2,158,157201,0.6361282689041418,0.7770082175767026,-0.14087994867256082,0,2.544513075616567,TRUE,157
P. falciparum,paper_replica,11007,Vilhena,RO,2016,3,159,157201,0,0.723123653058552,-0.723123653058552,0,2.544513075616567,TRUE,157
P. falciparum,paper_replica,11008,Colorado do Oeste,RO,2016,1,157,54053,0,2.1185292820573514,-2.1185292820573514,0,7.400144302813905,TRUE,157
P. falciparum,paper_replica,11008,Colorado do Oeste,RO,2016,2,158,54053,0,1.8410375732013027,-1.8410375732013027,0,7.400144302813905,TRUE,157
P. falciparum,paper_replica,11008,Colorado do Oeste,RO,2016,3,159,54053,0,1.6925491476970975,-1.6925491476970975,0,6.5213771668547125,TRUE,157
P. falciparum,paper_replica,12001,Cruzeiro do Sul,AC,2016,1,157,145544,375.8313637113175,121.00481335166164,254.82655035965587,82.05422415214643,178.31377452866485,FALSE,157
P. falciparum,paper_replica,12001,Cruzeiro do Sul,AC,2016,2,158,145544,355.9061177375914,97.60683859991752,258.29927913767386,63.503133073160015,154.95314131808937,FALSE,157
P. falciparum,paper_replica,12001,Cruzeiro do Sul,AC,2016,3,159,145544,289.2596053427142,93.42190109417683,195.8377042485374,51.53080855274006,160.4497608970483,FALSE,157
P. falciparum,paper_replica,12002,Tarauacá,AC,2016,1,157,79484,10.06491872578129,7.5360472092820885,2.5288715164992013,0,17.016003220773964,TRUE,157
P. falciparum,paper_replica,12002,Tarauacá,AC,2016,2,158,79484,8.806803885058628,6.311867218181188,2.4949366668774395,0,16.355492929394593,TRUE,157
P. falciparum,paper_replica,12002,Tarauacá,AC,2016,3,159,79484,3.7743445221679837,6.009592366581916,-2.2352478444139328,0,13.839263247949273,TRUE,157
P. falciparum,paper_replica,12003,Sena Madureira,AC,2016,1,157,57237,0,0.323274261170507,-0.323274261170507,0,1.7471216171357689,TRUE,157
P. falciparum,paper_replica,12003,Sena Madureira,AC,2016,2,158,57237,0,0.27063684311226394,-0.27063684311226394,0,1.7471216171357689,TRUE,157
P. falciparum,paper_replica,12003,Sena Madureira,AC,2016,3,159,57237,0,0.25196448812276956,-0.25196448812276956,0,1.7471216171357689,TRUE,157
P. falciparum,paper_replica,12004,Rio Branco,AC,2016,1,157,468316,0.6405931038017065,4.1085995263700665,-3.46800642256836,1.0676551730028443,7.260055176419341,FALSE,157
P. falciparum,paper_replica,12004,Rio Branco,AC,2016,2,158,468316,1.281186207603413,3.474738772523021,-2.193552564919608,0.5284893106364081,7.372158969584635,TRUE,157
P. falciparum,paper_replica,12004,Rio Branco,AC,2016,3,159,468316,0.6405931038017065,3.192056145465891,-2.551463041664184,0.4270620692011377,6.832993107218203,TRUE,157
P. falciparum,paper_replica,12005,Brasiléia,AC,2016,1,157,66106,0,1.449535890351133,-1.449535890351133,0,4.538165975856957,TRUE,157
P. falciparum,paper_replica,12005,Brasiléia,AC,2016,2,158,66106,0,1.196475462877853,-1.196475462877853,0,4.538165975856957,TRUE,157
P. falciparum,paper_replica,12005,Brasiléia,AC,2016,3,159,66106,0,1.0906511089526665,-1.0906511089526665,0,4.538165975856957,TRUE,157
P. falciparum,paper_replica,13001,Rio Negro,AM,2016,1,157,112645,53.264681077722045,32.615502244862924,20.64917883285912,11.54068090017311,57.703404500865545,TRUE,157
P. falciparum,paper_replica,13001,Rio Negro,AM,2016,2,158,112645,51.489191708464645,26.407855578321183,25.081336130143463,9.76519153091571,49.75808957343864,FALSE,157
P. falciparum,paper_replica,13001,Rio Negro,AM,2016,3,159,112645,82.56025567046918,24.247571354377346,58.31268431609183,4.438723423143504,52.376936393093345,FALSE,157
P. falciparum,paper_replica,13002,Japurá,AM,2016,1,157,23137,8.644163028914726,8.729526227913848,-0.08536319899912215,0,25.93248908674418,TRUE,157
P. falciparum,paper_replica,13002,Japurá,AM,2016,2,158,23137,0,6.960644729838477,-6.960644729838477,0,21.610407572286814,TRUE,157
P. falciparum,paper_replica,13002,Japurá,AM,2016,3,159,23137,0,6.599451470620043,-6.599451470620043,0,21.610407572286814,TRUE,157
P. falciparum,paper_replica,13003,Alto Solimões,AM,2016,1,157,248118,29.42148493861792,15.536072890324148,13.885412048293771,6.6399858132017835,26.1972126165776,FALSE,157
P. falciparum,paper_replica,13003,Alto Solimões,AM,2016,2,158,248118,37.885199783973754,12.927266079977413,24.95793370399634,3.818747531416504,25.19970336694636,FALSE,157
P. falciparum,paper_replica,13003,Alto Solimões,AM,2016,3,159,248118,31.436655139893112,12.55287287061066,18.883782269282452,5.239442523315519,23.587567205926202,FALSE,157
P. falciparum,paper_replica,13004,Juruá,AM,2016,1,157,147121,27.86821731771807,25.49359185490469,2.3746254628133805,10.195689262579782,42.82189490283508,TRUE,157
P. falciparum,paper_replica,13004,Juruá,AM,2016,2,158,147121,42.14218228532976,21.701535897296704,20.440646388033056,8.156551410063825,42.176167916205,TRUE,157
P. falciparum,paper_replica,13004,Juruá,AM,2016,3,159,147121,26.508792082707433,21.024227284423375,5.484564798284058,6.083427926672604,41.49645529869968,TRUE,157
P. falciparum,paper_replica,13005,Tefé,AM,2016,1,157,91235,23.017482325861785,27.679168136948174,-4.6616858110863895,7.0422535211267645,49.32317641256097,TRUE,157
P. falciparum,paper_replica,13005,Tefé,AM,2016,2,158,91235,7.6724941086205956,23.06177269858286,-15.389278589962265,6.000986463528253,44.41826053597849,TRUE,157
P. falciparum,paper_replica,13005,Tefé,AM,2016,3,159,91235,17.537129391132787,21.713077881277837,-4.17594849014505,5.480352934728996,45.51433112292429,TRUE,157
P. falciparum,paper_replica,13006,Coari,AM,2016,1,157,174835,0.5719678554065262,14.645487063675498,-14.073519208268971,5.147710698658735,26.310521348700203,FALSE,157
P. falciparum,paper_replica,13006,Coari,AM,2016,2,158,174835,0.5719678554065262,11.72505745992881,-11.153089604522282,2.5595561529442055,24.0226499270741,FALSE,157
P. falciparum,paper_replica,13006,Coari,AM,2016,3,159,174835,0,11.079710921411348,-11.079710921411348,1.987588297537679,22.607029484942935,FALSE,157
P. falciparum,paper_replica,13007,Manaus,AM,2016,1,157,2369017,0.2110580042270697,6.7609198957467305,-6.549861891519661,4.241210594942966,9.66856717364206,FALSE,157
P. falciparum,paper_replica,13007,Manaus,AM,2016,2,158,2369017,0.37990440760872546,5.2593683989620175,-4.879463991353292,2.9748625695805475,8.402219148279643,FALSE,157
P. falciparum,paper_replica,13007,Manaus,AM,2016,3,159,2369017,0.37990440760872546,5.00208915435946,-4.622184746750735,2.763804565353478,8.484531769928202,FALSE,157
P. falciparum,paper_replica,13008,Rio Preto da Eva,AM,2016,1,157,64977,0,32.2778403197381,-32.2778403197381,6.156024439417024,60.021238284315984,FALSE,157
P. falciparum,paper_replica,13008,Rio Preto da Eva,AM,2016,2,158,64977,0,23.97497566582253,-23.97497566582253,4.5400680240700595,46.97816150330112,FALSE,157
P. falciparum,paper_replica,13008,Rio Preto da Eva,AM,2016,3,159,64977,0,23.0221102100071,-23.0221102100071,1.539006109854256,50.78720162519045,FALSE,157
P. falciparum,paper_replica,13009,Itacoatiara,AM,2016,1,157,174140,0.5742506029631331,7.063509880650637,-6.489259277687504,0,14.356265074078328,TRUE,157
P. falciparum,paper_replica,13009,Itacoatiara,AM,2016,2,158,174140,0,5.55545259173546,-5.55545259173546,0,12.059262662225795,TRUE,157
P. falciparum,paper_replica,13009,Itacoatiara,AM,2016,3,159,174140,0,5.1885491290286625,-5.1885491290286625,0.27276903640748906,12.059262662225795,FALSE,157
P. falciparum,paper_replica,13010,Parintins,AM,2016,1,157,273814,0.3652114208915541,2.616970949770059,-2.251759528878505,0,6.20859415515642,TRUE,157
P. falciparum,paper_replica,13010,Parintins,AM,2016,2,158,273814,0.7304228417831082,2.018097566673877,-1.287674724890769,0,4.747748471590204,TRUE,157
P. falciparum,paper_replica,13010,Parintins,AM,2016,3,159,273814,0.7304228417831082,1.8673674896204853,-1.136944647837377,0,5.112959892481758,TRUE,157
P. falciparum,paper_replica,13011,Boca do Acre,AM,2016,1,157,53328,30.003000300030006,17.257543760345143,12.745456539684863,1.8751875187518754,37.5037503750375,TRUE,157
P. falciparum,paper_replica,13011,Boca do Acre,AM,2016,2,158,53328,41.254125412541256,14.813500136583375,26.44062527595788,0,32.86266126612657,FALSE,157
P. falciparum,paper_replica,13011,Boca do Acre,AM,2016,3,159,53328,18.75187518751875,13.827700719982735,4.924174467536014,0,34.73784878487845,TRUE,157
P. falciparum,paper_replica,13012,Purus,AM,2016,1,157,77422,12.91622536230012,27.69235156106921,-14.77612619876909,9.654878458319343,49.75975820826119,TRUE,157
P. falciparum,paper_replica,13012,Purus,AM,2016,2,158,77422,11.62460282607011,24.120842912395755,-12.496240086325646,6.45811268115006,47.79003384051045,TRUE,157
P. falciparum,paper_replica,13012,Purus,AM,2016,3,159,77422,7.749735217380073,22.32849537597267,-14.578760158592594,2.5832450724600244,45.88489059957115,TRUE,157
P. falciparum,paper_replica,13013,Madeira,AM,2016,1,157,191878,10.423289798726275,15.848653164137966,-5.425363365411691,5.2116448993631375,28.664046946497255,TRUE,157
P. falciparum,paper_replica,13013,Madeira,AM,2016,2,158,191878,11.465618778598902,13.714921156186541,-2.2493023775876395,4.16931591949051,25.28950687415961,TRUE,157
P. falciparum,paper_replica,13013,Madeira,AM,2016,3,159,191878,9.90212530878996,12.842311030823923,-2.940185722033963,4.416869052210259,26.853000343968553,TRUE,157
P. falciparum,paper_replica,14001,Boa Vista,RR,2016,1,157,365901,17.764367957452972,6.609773129423192,11.15459482802978,1.7696043465308926,11.478514680200382,FALSE,157
P. falciparum,paper_replica,14001,Boa Vista,RR,2016,2,158,365901,31.42926638626295,6.172074343100487,25.257192043162462,2.1863837486095967,12.025110617352782,FALSE,157
P. falciparum,paper_replica,14001,Boa Vista,RR,2016,3,159,365901,52.746507935206516,6.390780414382391,46.355727520824125,1.366489842880998,13.275448823588876,FALSE,157
P. falciparum,paper_replica,14002,Nordeste de Roraima,RR,2016,1,157,48362,6.203217402092553,16.68494543127394,-10.481728029181387,0,37.21930441255532,TRUE,157
P. falciparum,paper_replica,14002,Nordeste de Roraima,RR,2016,2,158,48362,2.0677391340308504,14.426485129620815,-12.358745995589965,0,37.21930441255532,TRUE,157
P. falciparum,paper_replica,14002,Nordeste de Roraima,RR,2016,3,159,48362,2.0677391340308504,15.77949410514724,-13.71175497111639,0,37.21930441255532,TRUE,157
P. falciparum,paper_replica,14003,Caracaraí,RR,2016,1,157,47747,10.471862106519781,17.849032921235278,-7.377170814715496,0,36.70387668335179,TRUE,157
P. falciparum,paper_replica,14003,Caracaraí,RR,2016,2,158,47747,2.0943724213039565,15.582479321732835,-13.488106900428878,0,35.604331162167256,TRUE,157
P. falciparum,paper_replica,14003,Caracaraí,RR,2016,3,159,47747,16.754979370431652,16.12140081061459,0.6335785598170638,0,35.604331162167256,TRUE,157
P. falciparum,paper_replica,14004,Sudeste de Roraima,RR,2016,1,157,52219,7.660047109289723,18.921608868453543,-11.26156175916382,1.9150117773224307,40.215247323771045,TRUE,157
P. falciparum,paper_replica,14004,Sudeste de Roraima,RR,2016,2,158,52219,3.8300235546448613,14.57355380327613,-10.74353024863127,0,32.55520021448132,TRUE,157
P. falciparum,paper_replica,14004,Sudeste de Roraima,RR,2016,3,159,52219,9.575058886612153,14.443497041800605,-4.868438155188452,0,34.47021199180375,TRUE,157
P. falciparum,paper_replica,15001,Óbidos,PA,2016,1,157,201119,0,2.4224127810443425,-2.4224127810443425,0,5.966616779120819,TRUE,157
P. falciparum,paper_replica,15001,Óbidos,PA,2016,2,158,201119,0,1.9921165808450185,-1.9921165808450185,0,5.233220133353873,TRUE,157
P. falciparum,paper_replica,15001,Óbidos,PA,2016,3,159,201119,0,1.8804968674540326,-1.8804968674540326,0,5.469398714194084,TRUE,157
P. falciparum,paper_replica,15002,Santarém,PA,2016,1,157,510742,0.978967854611526,1.5441388172532478,-0.5651709626417217,0,3.3284907056791884,TRUE,157
P. falciparum,paper_replica,15002,Santarém,PA,2016,2,158,510742,1.5663485673784414,1.2590643352900377,0.3072842320884037,0,2.9369035638345777,TRUE,157
P. falciparum,paper_replica,15002,Santarém,PA,2016,3,159,510742,2.1537292801453574,1.1816937550300115,0.9720355251153459,0,3.132697134756883,TRUE,157
P. falciparum,paper_replica,15003,Almeirim,PA,2016,1,157,72528,2.757555702625193,2.7165137851652625,0.04104191745993058,0,8.272667107875579,TRUE,157
P. falciparum,paper_replica,15003,Almeirim,PA,2016,2,158,72528,5.515111405250386,2.3088556608017754,3.206255744448611,0,7.617747628502064,TRUE,157
P. falciparum,paper_replica,15003,Almeirim,PA,2016,3,159,72528,6.893889256562983,2.225275263782152,4.668613992780831,0,6.893889256562983,TRUE,157
P. falciparum,paper_replica,15004,Portel,PA,2016,1,157,147088,0,3.0506974796651556,-3.0506974796651556,0,7.478516262373545,TRUE,157
P. falciparum,paper_replica,15004,Portel,PA,2016,2,158,147088,0,2.605829673185988,-2.605829673185988,0,6.798651147612314,TRUE,157
P. falciparum,paper_replica,15004,Portel,PA,2016,3,159,147088,0,2.4827613723161357,-2.4827613723161357,0,6.118786032851082,TRUE,157
P. falciparum,paper_replica,15005,Furos de Breves,PA,2016,1,157,223291,28.214303308239025,31.40714354216362,-3.1928402339245956,17.46599728605273,51.73741888387798,TRUE,157
P. falciparum,paper_replica,15005,Furos de Breves,PA,2016,2,158,223291,18.361689454568253,25.850205394575674,-7.488515940007421,13.648109417755308,44.78460842577623,TRUE,157
P. falciparum,paper_replica,15005,Furos de Breves,PA,2016,3,159,223291,8.061229516639722,25.360999075741265,-17.29976955910154,13.390597919307094,44.78460842577623,FALSE,157
P. falciparum,paper_replica,15006,Arari,PA,2016,1,157,170786,0,3.6966837307122407,-3.6966837307122407,0,8.782921316735564,TRUE,157
P. falciparum,paper_replica,15006,Arari,PA,2016,2,158,170786,0.585528087782371,3.0256409977747483,-2.4401129099923775,0,7.9192673872565535,TRUE,157
P. falciparum,paper_replica,15006,Arari,PA,2016,3,159,170786,1.171056175564742,2.9859698984133622,-1.8149137228486203,0,7.611865141170822,TRUE,157
P. falciparum,paper_replica,15007,Belém,PA,2016,1,157,2280761,0,0.09551550177511428,-0.09551550177511428,0,0.26307008932544884,TRUE,157
P. falciparum,paper_replica,15007,Belém,PA,2016,2,158,2280761,0.08769002977514961,0.08045554145736226,0.007234488317787349,0,0.26307008932544884,TRUE,157
P. falciparum,paper_replica,15007,Belém,PA,2016,3,159,2280761,0,0.07891889981392403,-0.07891889981392403,0,0.26307008932544884,TRUE,157
P. falciparum,paper_replica,15008,Castanhal,PA,2016,1,157,329626,0,0.11142983726212637,-0.11142983726212637,0,0.6067482540818989,TRUE,157
P. falciparum,paper_replica,15008,Castanhal,PA,2016,2,158,329626,0,0.09207949314568427,-0.09207949314568427,0,0.6067482540818989,TRUE,157
P. falciparum,paper_replica,15008,Castanhal,PA,2016,3,159,329626,0,0.09056636543811372,-0.09056636543811372,0,0.6067482540818989,TRUE,157
P. falciparum,paper_replica,15009,Salgado,PA,2016,1,157,262427,0,0.07492465153829751,-0.07492465153829751,0,0.38105835146535993,TRUE,157
P. falciparum,paper_replica,15009,Salgado,PA,2016,2,158,262427,0,0.06259274360303023,-0.06259274360303023,0,0.38105835146535993,TRUE,157
P. falciparum,paper_replica,15009,Salgado,PA,2016,3,159,262427,0,0.062480012247891833,-0.062480012247891833,0,0.38105835146535993,TRUE,157
P. falciparum,paper_replica,15010,Bragantina,PA,2016,1,157,409039,0,0.22219301956355592,-0.22219301956355592,0,0.7334263969939298,TRUE,157
P. falciparum,paper_replica,15010,Bragantina,PA,2016,2,158,409039,0,0.1840012400645777,-0.1840012400645777,0,0.7334263969939298,TRUE,157
P. falciparum,paper_replica,15010,Bragantina,PA,2016,3,159,409039,0,0.18215529319186047,-0.18215529319186047,0,0.7334263969939298,TRUE,157
P. falciparum,paper_replica,15011,Cametá,PA,2016,1,157,478943,0.2087931131679553,0.7842987036791046,-0.5755055905111492,0,2.087931131679553,TRUE,157
P. falciparum,paper_replica,15011,Cametá,PA,2016,2,158,478943,0,0.6690969055950516,-0.6690969055950516,0,1.8791380185115973,TRUE,157
P. falciparum,paper_replica,15011,Cametá,PA,2016,3,159,478943,0,0.6444322228596997,-0.6444322228596997,0,1.9887544029247692,TRUE,157
P. falciparum,paper_replica,15012,Tomé-Açu,PA,2016,1,157,325988,0,1.8934557361203226,-1.8934557361203226,0,4.601396370418543,TRUE,157
P. falciparum,paper_replica,15012,Tomé-Açu,PA,2016,2,158,325988,0,1.5948920390939734,-1.5948920390939734,0,3.9878768543627374,TRUE,157
P. falciparum,paper_replica,15012,Tomé-Açu,PA,2016,3,159,325988,0,1.5300767104422741,-1.5300767104422741,0,3.9878768543627374,TRUE,157
P. falciparum,paper_replica,15013,Guamá,PA,2016,1,157,465819,0,3.4254870980153305,-3.4254870980153305,0.644026971849581,6.44026971849581,FALSE,157
P. falciparum,paper_replica,15013,Guamá,PA,2016,2,158,465819,0,2.8488064889903346,-2.8488064889903346,0,6.0109184039294234,TRUE,157
P. falciparum,paper_replica,15013,Guamá,PA,2016,3,159,465819,0,2.765114438142321,-2.765114438142321,0.2146756572831937,6.021652186793574,FALSE,157
P. falciparum,paper_replica,15014,Itaituba,PA,2016,1,157,214640,31.680954155795753,40.90685669654803,-9.22590254075228,25.624301155423037,62.91930674617963,TRUE,157
P. falciparum,paper_replica,15014,Itaituba,PA,2016,2,158,214640,34.010436079016024,37.3733947561957,-3.3629586771796767,20.720741707044354,61.964219157659336,TRUE,157
P. falciparum,paper_replica,15014,Itaituba,PA,2016,3,159,214640,33.54453969437197,34.536770674901916,-0.9922309805299463,17.704062616474097,60.56653000372717,TRUE,157
P. falciparum,paper_replica,15015,Altamira,PA,2016,1,157,297477,0,9.288933164061431,-9.288933164061431,4.370085754528922,15.799540804835331,FALSE,157
P. falciparum,paper_replica,15015,Altamira,PA,2016,2,158,297477,0.3361604426560709,8.558239806514283,-8.222079363858212,3.69776486921678,16.312185479885834,FALSE,157
P. falciparum,paper_replica,15015,Altamira,PA,2016,3,159,297477,0.6723208853121418,7.737126663821483,-7.064805778509341,2.0169626559364255,15.12721991952319,FALSE,157
P. falciparum,paper_replica,15016,Tucuruí,PA,2016,1,157,368588,0,11.541946248267434,-11.541946248267434,3.9271490119048913,19.40513527298772,FALSE,157
P. falciparum,paper_replica,15016,Tucuruí,PA,2016,2,158,368588,0.2713056312196816,10.664530325451665,-10.393224694231984,4.198454643124573,19.262699816597394,FALSE,157
P. falciparum,paper_replica,15016,Tucuruí,PA,2016,3,159,368588,0.5426112624393632,10.128519571035199,-9.585908308595835,4.340890099514906,18.99139418537771,FALSE,157
P. falciparum,paper_replica,15017,Paragominas,PA,2016,1,157,334228,0,4.823060232363171,-4.823060232363171,1.0397094199169434,9.432184018095427,FALSE,157
P. falciparum,paper_replica,15017,Paragominas,PA,2016,2,158,334228,0,4.260644818198517,-4.260644818198517,0.4413155091733791,8.833790107351861,FALSE,157
P. falciparum,paper_replica,15017,Paragominas,PA,2016,3,159,334228,0,4.110087243961119,-4.110087243961119,0.5983939107435643,8.676711705781681,FALSE,157
P. falciparum,paper_replica,15018,São Félix do Xingu,PA,2016,1,157,205857,0.971548210651083,0.813015733031014,0.15853247762006895,0,2.4288705266277075,TRUE,157
P. falciparum,paper_replica,15018,São Félix do Xingu,PA,2016,2,158,205857,0.4857741053255415,0.7862206347949408,-0.30044652946939926,0,2.9146446319532493,TRUE,157
P. falciparum,paper_replica,15018,São Félix do Xingu,PA,2016,3,159,205857,0,0.7195843755557939,-0.7195843755557939,0,2.4288705266277075,TRUE,157
P. falciparum,paper_replica,15019,Parauapebas,PA,2016,1,157,307967,0,1.3076271709139917,-1.3076271709139917,0,3.247101150447938,TRUE,157
P. falciparum,paper_replica,15019,Parauapebas,PA,2016,2,158,307967,0,1.265076054353653,-1.265076054353653,0,3.571811265492731,TRUE,157
P. falciparum,paper_replica,15019,Parauapebas,PA,2016,3,159,307967,0,1.183192502703369,-1.183192502703369,0,2.9223910354031437,TRUE,157
P. falciparum,paper_replica,15020,Marabá,PA,2016,1,157,319770,0,1.9294966822629407,-1.9294966822629407,0,4.378146793007474,TRUE,157
P. falciparum,paper_replica,15020,Marabá,PA,2016,2,158,319770,0.3127247709291053,1.842596189749876,-1.5298714188207707,0,4.378146793007474,TRUE,157
P. falciparum,paper_replica,15020,Marabá,PA,2016,3,159,319770,0,1.7441295163993482,-1.7441295163993482,0,4.69087156393658,TRUE,157
P. falciparum,paper_replica,15021,Redenção,PA,2016,1,157,190717,0,0.4384332225800297,-0.4384332225800297,0,1.5730113204381362,TRUE,157
P. falciparum,paper_replica,15021,Redenção,PA,2016,2,158,190717,0,0.4336738092233743,-0.4336738092233743,0,1.5730113204381362,TRUE,157
P. falciparum,paper_replica,15021,Redenção,PA,2016,3,159,190717,0,0.39979633321361074,-0.39979633321361074,0,1.5730113204381362,TRUE,157
P. falciparum,paper_replica,15022,Conceição do Araguaia,PA,2016,1,157,155323,0,3.770578136365451,-3.770578136365451,0,9.013475145342287,TRUE,157
P. falciparum,paper_replica,15022,Conceição do Araguaia,PA,2016,2,158,155323,0,3.864103899874681,-3.864103899874681,0,9.013475145342287,TRUE,157
P. falciparum,paper_replica,15022,Conceição do Araguaia,PA,2016,3,159,155323,0,3.4345243557222096,-3.4345243557222096,0,9.013475145342287,TRUE,157
P. falciparum,paper_replica,16001,Oiapoque,AP,2016,1,157,35237,28.379260436473025,87.03951218864464,-58.66025175217161,28.379260436473025,156.08593240060165,TRUE,157
P. falciparum,paper_replica,16001,Oiapoque,AP,2016,2,158,35237,42.56889065470954,78.53343185016165,-35.96454119545211,25.541334392825725,146.2241393989272,TRUE,157
P. falciparum,paper_replica,16001,Oiapoque,AP,2016,3,159,35237,39.730964611062234,79.23669811054023,-39.505733499478,22.70340834917842,150.41008031330705,TRUE,157
P. falciparum,paper_replica,16002,Amapá,AP,2016,1,157,29010,0,11.912067303307818,-11.912067303307818,0,29.386418476387373,TRUE,157
P. falciparum,paper_replica,16002,Amapá,AP,2016,2,158,29010,0,10.370653923126895,-10.370653923126895,0,29.386418476387373,TRUE,157
P. falciparum,paper_replica,16002,Amapá,AP,2016,3,159,29010,0,10.386082552955653,-10.386082552955653,0,31.023784901758013,TRUE,157
P. falciparum,paper_replica,16003,Macapá,AP,2016,1,157,636748,6.910112006633707,6.345300678477355,0.5648113281563516,2.5873658024838715,10.290570209878943,TRUE,157
P. falciparum,paper_replica,16003,Macapá,AP,2016,2,158,636748,13.034984012513583,5.463703821576673,7.57128019093691,2.3557200022614913,9.901876409505794,FALSE,157
P. falciparum,paper_replica,16003,Macapá,AP,2016,3,159,636748,4.39734400422145,5.445861899134595,-1.0485178949131448,1.959173801880807,10.298422609886476,TRUE,157
P. falciparum,paper_replica,16004,Mazagão,AP,2016,1,157,81300,61.50061500615006,16.874065209688357,44.6265497964617,1.2300123001230012,33.21033210332103,FALSE,157
P. falciparum,paper_replica,16004,Mazagão,AP,2016,2,158,81300,152.52152521525215,14.778786540229337,137.74273867502282,1.2300123001230012,31.980319803198032,FALSE,157
P. falciparum,paper_replica,16004,Mazagão,AP,2016,3,159,81300,63.960639606396064,14.60680464273529,49.35383496366077,1.8142681426814287,33.21033210332103,FALSE,157
P. falciparum,paper_replica,17001,Bico do Papagaio,TO,2016,1,157,212579,0,0.15879473967885888,-0.15879473967885888,0,0.9408267044251784,TRUE,157
P. falciparum,paper_replica,17001,Bico do Papagaio,TO,2016,2,158,212579,0,0.15535838551413436,-0.15535838551413436,0,0.9408267044251784,TRUE,157
P. falciparum,paper_replica,17001,Bico do Papagaio,TO,2016,3,159,212579,0,0.1454961832955216,-0.1454961832955216,0,0.9408267044251784,TRUE,157
P. falciparum,paper_replica,17002,Araguaína,TO,2016,1,157,310729,0,0.13061497512552317,-0.13061497512552317,0,0.6436476801328489,TRUE,157
P. falciparum,paper_replica,17002,Araguaína,TO,2016,2,158,310729,0,0.13309016725353165,-0.13309016725353165,0,0.6436476801328489,TRUE,157
P. falciparum,paper_replica,17002,Araguaína,TO,2016,3,159,310729,0.32182384006642445,0.12255134734838675,0.1992724927180377,0,0.6436476801328489,TRUE,157
P. falciparum,paper_replica,17003,Miracema do Tocantins,TO,2016,1,157,149097,0,0.12339598965361324,-0.12339598965361324,0,0.6707043065923526,TRUE,157
P. falciparum,paper_replica,17003,Miracema do Tocantins,TO,2016,2,158,149097,0,0.12779988277286267,-0.12779988277286267,0,0.6707043065923526,TRUE,157
P. falciparum,paper_replica,17003,Miracema do Tocantins,TO,2016,3,159,149097,0.6707043065923526,0.11726640291113825,0.5534379036812144,0,0.6707043065923526,TRUE,157
P. falciparum,paper_replica,17004,Rio Formoso,TO,2016,1,157,125805,0,0.12361527809314997,-0.12361527809314997,0,0.7948809665752554,TRUE,157
P. falciparum,paper_replica,17004,Rio Formoso,TO,2016,2,158,125805,0,0.1275217422167049,-0.1275217422167049,0,0.7948809665752554,TRUE,157
P. falciparum,paper_replica,17004,Rio Formoso,TO,2016,3,159,125805,0,0.1179426162809,-0.1179426162809,0,0.7948809665752554,TRUE,157
P. falciparum,paper_replica,17005,Gurupi,TO,2016,1,157,148490,0,0.01552763409973226,-0.01552763409973226,0,0,TRUE,157
P. falciparum,paper_replica,17005,Gurupi,TO,2016,2,158,148490,0,0.015820336442908665,-0.015820336442908665,0,0,TRUE,157
P. falciparum,paper_replica,17005,Gurupi,TO,2016,3,159,148490,0,0.014909203989798996,-0.014909203989798996,0,0,TRUE,157
P. falciparum,paper_replica,17006,Porto Nacional,TO,2016,1,157,383420,0,0.04280201604537986,-0.04280201604537986,0,0.2608105993427573,TRUE,157
P. falciparum,paper_replica,17006,Porto Nacional,TO,2016,2,158,383420,0,0.04369696310792135,-0.04369696310792135,0,0.2608105993427573,TRUE,157
P. falciparum,paper_replica,17006,Porto Nacional,TO,2016,3,159,383420,0.2608105993427573,0.04183492300058622,0.21897567634217108,0,0.2608105993427573,TRUE,157
P. falciparum,paper_replica,17007,Jalapão,TO,2016,1,157,78618,0,0.0033465505686898047,-0.0033465505686898047,0,0,TRUE,157
P. falciparum,paper_replica,17007,Jalapão,TO,2016,2,158,78618,0,0.003254705926864931,-0.003254705926864931,0,0,TRUE,157
P. falciparum,paper_replica,17007,Jalapão,TO,2016,3,159,78618,0,0.0032612135448277678,-0.0032612135448277678,0,0,TRUE,157
P. falciparum,paper_replica,17008,Dianópolis,TO,2016,1,157,124164,0,0.0012345537879528627,-0.0012345537879528627,0,0,TRUE,157
P. falciparum,paper_replica,17008,Dianópolis,TO,2016,2,158,124164,0,0.001204578422388423,-0.001204578422388423,0,0,TRUE,157
P. falciparum,paper_replica,17008,Dianópolis,TO,2016,3,159,124164,0,0.0012120754066276217,-0.0012120754066276217,0,0,TRUE,157
P. falciparum,paper_replica,21001,Litoral Ocidental Maranhense,MA,2016,1,157,187688,0,0.02434883583091573,-0.02434883583091573,0,0,TRUE,157
P. falciparum,paper_replica,21001,Litoral Ocidental Maranhense,MA,2016,2,158,187688,0,0.021238203072698726,-0.021238203072698726,0,0.2797195345466824,TRUE,157
P. falciparum,paper_replica,21001,Litoral Ocidental Maranhense,MA,2016,3,159,187688,0.5327991134222753,0.020966697077332522,0.5118324163449427,0,0.2797195345466824,FALSE,157
P. falciparum,paper_replica,21002,Aglomeração Urbana de São Luís,MA,2016,1,157,1409162,0,0.021049025072419805,-0.021049025072419805,0,0.07096416167906884,TRUE,157
P. falciparum,paper_replica,21002,Aglomeração Urbana de São Luís,MA,2016,2,158,1409162,0,0.018507888169410257,-0.018507888169410257,0,0.07096416167906884,TRUE,157
P. falciparum,paper_replica,21002,Aglomeração Urbana de São Luís,MA,2016,3,159,1409162,0.07096416167906884,0.01807619621055443,0.05288796546851441,0,0.14192832335813768,TRUE,157
P. falciparum,paper_replica,21003,Rosário,MA,2016,1,157,174476,0,0.022678055811438412,-0.022678055811438412,0,0,TRUE,157
P. falciparum,paper_replica,21003,Rosário,MA,2016,2,158,174476,0,0.02002736257617204,-0.02002736257617204,0,0,TRUE,157
P. falciparum,paper_replica,21003,Rosário,MA,2016,3,159,174476,0,0.0193565190337468,-0.0193565190337468,0,0,TRUE,157
P. falciparum,paper_replica,21004,Lençóis Maranhenses,MA,2016,1,157,194298,0,0.021131787300859788,-0.021131787300859788,0,0.2702035018373721,TRUE,157
P. falciparum,paper_replica,21004,Lençóis Maranhenses,MA,2016,2,158,194298,0,0.018729847664138967,-0.018729847664138967,0,0,TRUE,157
P. falciparum,paper_replica,21004,Lençóis Maranhenses,MA,2016,3,159,194298,0,0.01844199865559526,-0.01844199865559526,0,0,TRUE,157
P. falciparum,paper_replica,21005,Baixada Maranhense,MA,2016,1,157,595044,0.33610959861791734,0.8676769163102476,-0.5315673176923302,0,2.016657591707504,TRUE,157
P. falciparum,paper_replica,21005,Baixada Maranhense,MA,2016,2,158,595044,0.16805479930895867,0.7631634789110036,-0.5951086796020448,0,2.016657591707504,TRUE,157
P. falciparum,paper_replica,21005,Baixada Maranhense,MA,2016,3,159,595044,0.16805479930895867,0.7399311393879511,-0.5718763400789924,0,2.016657591707504,TRUE,157
P. falciparum,paper_replica,21006,Itapecuru Mirim,MA,2016,1,157,232934,0,0.16233794286016015,-0.16233794286016015,0,0.858612310783312,TRUE,157
P. falciparum,paper_replica,21006,Itapecuru Mirim,MA,2016,2,158,232934,0,0.14405522264548254,-0.14405522264548254,0,0.858612310783312,TRUE,157
P. falciparum,paper_replica,21006,Itapecuru Mirim,MA,2016,3,159,232934,0,0.13900607328194042,-0.13900607328194042,0,0.858612310783312,TRUE,157
P. falciparum,paper_replica,21007,Gurupi,MA,2016,1,157,238005,0.42015924035209345,2.30836981527521,-1.8882105749231164,0,5.462070124577215,TRUE,157
P. falciparum,paper_replica,21007,Gurupi,MA,2016,2,158,238005,1.2604777210562803,1.96174540645521,-0.7012676853989297,0,5.041910884225121,TRUE,157
P. falciparum,paper_replica,21007,Gurupi,MA,2016,3,159,238005,0,1.9269996682606243,-1.9269996682606243,0,5.041910884225121,TRUE,157
P. falciparum,paper_replica,21008,Pindaré,MA,2016,1,157,654404,0.305621603779928,0.7232662058199926,-0.4176446020400646,0,1.833729622679568,TRUE,157
P. falciparum,paper_replica,21008,Pindaré,MA,2016,2,158,654404,0.7640540094498199,0.6433268007498046,0.1207272087000153,0,1.7611444917818317,TRUE,157
P. falciparum,paper_replica,21008,Pindaré,MA,2016,3,159,654404,0.611243207559856,0.6212391557731846,-0.00999594821332861,0,1.680918820789604,TRUE,157
P. falciparum,paper_replica,21009,Imperatriz,MA,2016,1,157,589439,0,0.19290727829544727,-0.19290727829544727,0,0.6786113575789862,TRUE,157
P. falciparum,paper_replica,21009,Imperatriz,MA,2016,2,158,589439,0.16965283939474654,0.18201181178784337,-0.012358972393096829,0,0.6786113575789862,TRUE,157
P. falciparum,paper_replica,21009,Imperatriz,MA,2016,3,159,589439,0,0.17528462651794888,-0.17528462651794888,0,0.6786113575789862,TRUE,157
P. falciparum,paper_replica,21010,Médio Mearim,MA,2016,1,157,416384,0.2401629265293575,0.45931770509258146,-0.21915477856322396,0,1.3269001690746949,TRUE,157
P. falciparum,paper_replica,21010,Médio Mearim,MA,2016,2,158,416384,0.7204887795880726,0.4155019366038794,0.30498684298419315,0,1.2008146326467874,TRUE,157
P. falciparum,paper_replica,21010,Médio Mearim,MA,2016,3,159,416384,0.2401629265293575,0.40062428411173695,-0.16046135758237945,0,1.2008146326467874,TRUE,157
P. falciparum,paper_replica,21011,Alto Mearim e Grajaú,MA,2016,1,157,330611,0,0.2165067068188515,-0.2165067068188515,0,0.9074108242012516,TRUE,157
P. falciparum,paper_replica,21011,Alto Mearim e Grajaú,MA,2016,2,158,330611,0,0.20387343629102403,-0.20387343629102403,0,0.9074108242012516,TRUE,157
P. falciparum,paper_replica,21011,Alto Mearim e Grajaú,MA,2016,3,159,330611,0,0.19816890794141084,-0.19816890794141084,0,0.9074108242012516,TRUE,157
P. falciparum,paper_replica,21012,Presidente Dutra,MA,2016,1,157,195820,0.5106730671024411,0.44970885000324406,0.06096421709919703,0,1.5320192013073228,TRUE,157
P. falciparum,paper_replica,21012,Presidente Dutra,MA,2016,2,158,195820,0.5106730671024411,0.41680022805511774,0.09387283904732335,0,1.5320192013073228,TRUE,157
P. falciparum,paper_replica,21012,Presidente Dutra,MA,2016,3,159,195820,0,0.4040634219988856,-0.4040634219988856,0,1.5320192013073228,TRUE,157
P. falciparum,paper_replica,21013,Baixo Parnaíba Maranhense,MA,2016,1,157,143983,0,0.1751955295551608,-0.1751955295551608,0,0.6945264371488301,TRUE,157
P. falciparum,paper_replica,21013,Baixo Parnaíba Maranhense,MA,2016,2,158,143983,0,0.15369153265998775,-0.15369153265998775,0,0.6945264371488301,TRUE,157
P. falciparum,paper_replica,21013,Baixo Parnaíba Maranhense,MA,2016,3,159,143983,0,0.15234851124560617,-0.15234851124560617,0,0.6945264371488301,TRUE,157
P. falciparum,paper_replica,21014,Chapadinha,MA,2016,1,157,240987,0,0.08145283383483433,-0.08145283383483433,0,0.41496014307825735,TRUE,157
P. falciparum,paper_replica,21014,Chapadinha,MA,2016,2,158,240987,0,0.07193220499898478,-0.07193220499898478,0,0.41496014307825735,TRUE,157
P. falciparum,paper_replica,21014,Chapadinha,MA,2016,3,159,240987,0,0.06986293704542726,-0.06986293704542726,0,0.41496014307825735,TRUE,157
P. falciparum,paper_replica,21015,Codó,MA,2016,1,157,273399,0,0.27469879136745695,-0.27469879136745695,0,0.9235586084806371,TRUE,157
P. falciparum,paper_replica,21015,Codó,MA,2016,2,158,273399,0,0.24755314308138687,-0.24755314308138687,0,1.0972973566106679,TRUE,157
P. falciparum,paper_replica,21015,Codó,MA,2016,3,159,273399,0,0.23784095627951002,-0.23784095627951002,0,1.0972973566106679,TRUE,157
P. falciparum,paper_replica,21016,Coelho Neto,MA,2016,1,157,92230,0,0.026234725305708657,-0.026234725305708657,0,0,TRUE,157
P. falciparum,paper_replica,21016,Coelho Neto,MA,2016,2,158,92230,0,0.023324193274686846,-0.023324193274686846,0,0,TRUE,157
P. falciparum,paper_replica,21016,Coelho Neto,MA,2016,3,159,92230,0,0.022519020847717557,-0.022519020847717557,0,0,TRUE,157
P. falciparum,paper_replica,21017,Caxias,MA,2016,1,157,437336,0,0.14350243567045975,-0.14350243567045975,0,0.45731428466899593,TRUE,157
P. falciparum,paper_replica,21017,Caxias,MA,2016,2,158,437336,0.22865714233449796,0.13300351020249204,0.09565363213200592,0,0.45731428466899593,TRUE,157
P. falciparum,paper_replica,21017,Caxias,MA,2016,3,159,437336,0.22865714233449796,0.12838809510907118,0.10026904722542679,0,0.6859714270034939,TRUE,157
P. falciparum,paper_replica,21018,Chapadas do Alto Itapecuru,MA,2016,1,157,217425,0,0.14492292345406058,-0.14492292345406058,0,0.9198574220995746,TRUE,157
P. falciparum,paper_replica,21018,Chapadas do Alto Itapecuru,MA,2016,2,158,217425,0,0.13584816372240285,-0.13584816372240285,0,0.7013912843509151,TRUE,157
P. falciparum,paper_replica,21018,Chapadas do Alto Itapecuru,MA,2016,3,159,217425,0,0.13571176000372356,-0.13571176000372356,0,0.7013912843509151,TRUE,157
P. falciparum,paper_replica,21019,Porto Franco,MA,2016,1,157,118414,0,0.11438865202568413,-0.11438865202568413,0,0.8444947387977773,TRUE,157
P. falciparum,paper_replica,21019,Porto Franco,MA,2016,2,158,118414,0,0.1134657048643176,-0.1134657048643176,0,0.8444947387977773,TRUE,157
P. falciparum,paper_replica,21019,Porto Franco,MA,2016,3,159,118414,0,0.10860325965427206,-0.10860325965427206,0,0.8444947387977773,TRUE,157
P. falciparum,paper_replica,21020,Gerais de Balsas,MA,2016,1,157,140990,0,0.01274257659463329,-0.01274257659463329,0,0,TRUE,157
P. falciparum,paper_replica,21020,Gerais de Balsas,MA,2016,2,158,140990,0,0.012199113881435094,-0.012199113881435094,0,0,TRUE,157
P. falciparum,paper_replica,21020,Gerais de Balsas,MA,2016,3,159,140990,0,0.012423851875470186,-0.012423851875470186,0,0,TRUE,157
P. falciparum,paper_replica,21021,Chapadas das Mangabeiras,MA,2016,1,157,71007,0,0.005983289801175164,-0.005983289801175164,0,0,TRUE,157
P. falciparum,paper_replica,21021,Chapadas das Mangabeiras,MA,2016,2,158,71007,0,0.005768714947533475,-0.005768714947533475,0,0,TRUE,157
P. falciparum,paper_replica,21021,Chapadas das Mangabeiras,MA,2016,3,159,71007,0,0.005776752053654018,-0.005776752053654018,0,0,TRUE,157
P. falciparum,paper_replica,51001,Aripuanã,MT,2016,1,157,158779,0,7.357324393666048,-7.357324393666048,1.2596124172592094,15.745155215740118,FALSE,157
P. falciparum,paper_replica,51001,Aripuanã,MT,2016,2,158,158779,0,6.77385326371709,-6.77385326371709,0.6298062086296047,15.115349007110513,FALSE,157
P. falciparum,paper_replica,51001,Aripuanã,MT,2016,3,159,158779,0,6.309551184724306,-6.309551184724306,0,14.485542798480907,TRUE,157
P. falciparum,paper_replica,51002,Alta Floresta,MT,2016,1,157,103591,0,0.6592949119452788,-0.6592949119452788,0,2.8960044791535946,TRUE,157
P. falciparum,paper_replica,51002,Alta Floresta,MT,2016,2,158,103591,0,0.620151606113074,-0.620151606113074,0,2.8960044791535946,TRUE,157
P. falciparum,paper_replica,51002,Alta Floresta,MT,2016,3,159,103591,0,0.5858037383877742,-0.5858037383877742,0,2.8960044791535946,TRUE,157
P. falciparum,paper_replica,51003,Colíder,MT,2016,1,157,150531,0,0.78396277632874245,-0.78396277632874245,0,2.6572599663856615,TRUE,157
P. falciparum,paper_replica,51003,Colíder,MT,2016,2,158,150531,1.3286299831928308,0.7728221997537477,0.5558077834390831,0,2.6572599663856615,TRUE,157
P. falciparum,paper_replica,51003,Colíder,MT,2016,3,159,150531,0,0.707597810814027,-0.707597810814027,0,2.6572599663856615,TRUE,157
P. falciparum,paper_replica,51004,Parecis,MT,2016,1,157,103492,0,0.2971492035958361,-0.2971492035958361,0,1.473543848799885,TRUE,157
P. falciparum,paper_replica,51004,Parecis,MT,2016,2,158,103492,0,0.27303135816673363,-0.27303135816673363,0,1.473543848799885,TRUE,157
P. falciparum,paper_replica,51004,Parecis,MT,2016,3,159,103492,0,0.24927006508012642,-0.24927006508012642,0,0.9662582615081359,TRUE,157
P. falciparum,paper_replica,51005,Arinos,MT,2016,1,157,79669,0,0.38778923640630086,-0.38778923640630086,0,2.510386725074998,TRUE,157
P. falciparum,paper_replica,51005,Arinos,MT,2016,2,158,79669,0,0.36615782498042504,-0.36615782498042504,0,2.510386725074998,TRUE,157
P. falciparum,paper_replica,51005,Arinos,MT,2016,3,159,79669,0,0.3353753082576475,-0.3353753082576475,0,1.255193362537499,TRUE,157
P. falciparum,paper_replica,51006,Alto Teles Pires,MT,2016,1,157,238340,0,0.2075343007646121,-0.2075343007646121,0,0.839137366786943,TRUE,157
P. falciparum,paper_replica,51006,Alto Teles Pires,MT,2016,2,158,238340,0,0.19860353711701806,-0.19860353711701806,0,0.839137366786943,TRUE,157
P. falciparum,paper_replica,51006,Alto Teles Pires,MT,2016,3,159,238340,0,0.18523103121948695,-0.18523103121948695,0,0.839137366786943,TRUE,157
P. falciparum,paper_replica,51007,Sinop,MT,2016,1,157,194473,0,0.16028058429924166,-0.16028058429924166,0,1.0284203976901678,TRUE,157
P. falciparum,paper_replica,51007,Sinop,MT,2016,2,158,194473,0,0.15841466755916636,-0.15841466755916636,0,1.0284203976901678,TRUE,157
P. falciparum,paper_replica,51007,Sinop,MT,2016,3,159,194473,0,0.14379345718405703,-0.14379345718405703,0,0.5142101988450839,TRUE,157
P. falciparum,paper_replica,51008,Paranatinga,MT,2016,1,157,35035,0,0.01754902432640844,-0.01754902432640844,0,0,TRUE,157
P. falciparum,paper_replica,51008,Paranatinga,MT,2016,2,158,35035,0,0.016678954419777875,-0.016678954419777875,0,0,TRUE,157
P. falciparum,paper_replica,51008,Paranatinga,MT,2016,3,159,35035,0,0.015900831224366724,-0.015900831224366724,0,0,TRUE,157
P. falciparum,paper_replica,51009,Norte Araguaia,MT,2016,1,157,124904,0,0.058631739773705865,-0.058631739773705865,0,0.8006148722218663,TRUE,157
P. falciparum,paper_replica,51009,Norte Araguaia,MT,2016,2,158,124904,0,0.06026378021746756,-0.06026378021746756,0,0.8006148722218663,TRUE,157
P. falciparum,paper_replica,51009,Norte Araguaia,MT,2016,3,159,124904,0,0.05470051067982304,-0.05470051067982304,0,0.8006148722218663,TRUE,157
P. falciparum,paper_replica,51010,Canarana,MT,2016,1,157,109827,0,0.010633538433209761,-0.010633538433209761,0,0,TRUE,157
P. falciparum,paper_replica,51010,Canarana,MT,2016,2,158,109827,0,0.01046158759342902,-0.01046158759342902,0,0,TRUE,157
P. falciparum,paper_replica,51010,Canarana,MT,2016,3,159,109827,0,0.00983646683958985,-0.00983646683958985,0,0,TRUE,157
P. falciparum,paper_replica,51011,Médio Araguaia,MT,2016,1,157,67282,0,0.0026972345671854507,-0.0026972345671854507,0,0,TRUE,157
P. falciparum,paper_replica,51011,Médio Araguaia,MT,2016,2,158,67282,0,0.0027148495332456114,-0.0027148495332456114,0,0,TRUE,157
P. falciparum,paper_replica,51011,Médio Araguaia,MT,2016,3,159,67282,0,0.0026024407179429544,-0.0026024407179429544,0,0,TRUE,157
P. falciparum,paper_replica,51012,Alto Guaporé,MT,2016,1,157,72021,0,0.2973143289669823,-0.2973143289669823,0,1.3884839144138514,TRUE,157
P. falciparum,paper_replica,51012,Alto Guaporé,MT,2016,2,158,72021,0,0.27284765170211195,-0.27284765170211195,0,1.3884839144138514,TRUE,157
P. falciparum,paper_replica,51012,Alto Guaporé,MT,2016,3,159,72021,0,0.23557188186704317,-0.23557188186704317,0,1.3884839144138514,TRUE,157
P. falciparum,paper_replica,51013,Tangará da Serra,MT,2016,1,157,161588,0,0.05894327675119329,-0.05894327675119329,0,0.6188578359779192,TRUE,157
P. falciparum,paper_replica,51013,Tangará da Serra,MT,2016,2,158,161588,0,0.054490128109623844,-0.054490128109623844,0,0.6188578359779192,TRUE,157
P. falciparum,paper_replica,51013,Tangará da Serra,MT,2016,3,159,161588,0,0.04772221633157036,-0.04772221633157036,0,0.6188578359779192,TRUE,157
P. falciparum,paper_replica,51014,Jauru,MT,2016,1,157,107801,0,0.035956860610511586,-0.035956860610511586,0,0,TRUE,157
P. falciparum,paper_replica,51014,Jauru,MT,2016,2,158,107801,0,0.03343062556376101,-0.03343062556376101,0,0,TRUE,157
P. falciparum,paper_replica,51014,Jauru,MT,2016,3,159,107801,0,0.028759928149221736,-0.028759928149221736,0,0,TRUE,157
P. falciparum,paper_replica,51015,Alto Paraguai,MT,2016,1,157,32538,0,0.02534390380398208,-0.02534390380398208,0,0,TRUE,157
P. falciparum,paper_replica,51015,Alto Paraguai,MT,2016,2,158,32538,0,0.023519549589907415,-0.023519549589907415,0,0,TRUE,157
P. falciparum,paper_replica,51015,Alto Paraguai,MT,2016,3,159,32538,0,0.02089095490607224,-0.02089095490607224,0,0,TRUE,157
P. falciparum,paper_replica,51016,Rosário Oeste,MT,2016,1,157,30278,0,0.03542316426832667,-0.03542316426832667,0,0,TRUE,157
P. falciparum,paper_replica,51016,Rosário Oeste,MT,2016,2,158,30278,0,0.03381739691440782,-0.03381739691440782,0,0,TRUE,157
P. falciparum,paper_replica,51016,Rosário Oeste,MT,2016,3,159,30278,0,0.03032747670489359,-0.03032747670489359,0,0,TRUE,157
P. falciparum,paper_replica,51017,Cuiabá,MT,2016,1,157,906316,0,0.038108143672738966,-0.038108143672738966,0,0.22067358404794796,TRUE,157
P. falciparum,paper_replica,51017,Cuiabá,MT,2016,2,158,906316,0.22067358404794796,0.035806125223555016,0.18486745882439293,0,0.22067358404794796,TRUE,157
P. falciparum,paper_replica,51017,Cuiabá,MT,2016,3,159,906316,0.11033679202397398,0.0319865295792926,0.07835026244468138,0,0.22067358404794796,TRUE,157
P. falciparum,paper_replica,51018,Alto Pantanal,MT,2016,1,157,136000,0,0.024110253426848725,-0.024110253426848725,0,0,TRUE,157
P. falciparum,paper_replica,51018,Alto Pantanal,MT,2016,2,158,136000,0,0.022611328296514892,-0.022611328296514892,0,0,TRUE,157
P. falciparum,paper_replica,51018,Alto Pantanal,MT,2016,3,159,136000,0,0.019287258687179887,-0.019287258687179887,0,0,TRUE,157
P. falciparum,paper_replica,51019,Primavera do Leste,MT,2016,1,157,97184,0,0.015355585014879243,-0.015355585014879243,0,0,TRUE,157
P. falciparum,paper_replica,51019,Primavera do Leste,MT,2016,2,158,97184,0,0.014301755583071762,-0.014301755583071762,0,0,TRUE,157
P. falciparum,paper_replica,51019,Primavera do Leste,MT,2016,3,159,97184,0,0.01348981675685925,-0.01348981675685925,0,0,TRUE,157
P. falciparum,paper_replica,51020,Tesouro,MT,2016,1,157,54436,0,0.005689161888853973,-0.005689161888853973,0,0,TRUE,157
P. falciparum,paper_replica,51020,Tesouro,MT,2016,2,158,54436,1.837019619369535,0.0053963201003495356,1.8316232992691854,0,0,FALSE,157
P. falciparum,paper_replica,51020,Tesouro,MT,2016,3,159,54436,0,0.005037678161718516,-0.005037678161718516,0,0,TRUE,157
P. falciparum,paper_replica,51021,Rondonópolis,MT,2016,1,157,302259,0,0.013502204883833928,-0.013502204883833928,0,0,TRUE,157
P. falciparum,paper_replica,51021,Rondonópolis,MT,2016,2,158,302259,0,0.012705943505945668,-0.012705943505945668,0,0,TRUE,157
P. falciparum,paper_replica,51021,Rondonópolis,MT,2016,3,159,302259,0,0.011635058650406744,-0.011635058650406744,0,0,TRUE,157
P. falciparum,paper_replica,51022,Alto Araguaia,MT,2016,1,157,39187,0,0.0029654300346537354,-0.0029654300346537354,0,0,TRUE,157
P. falciparum,paper_replica,51022,Alto Araguaia,MT,2016,2,158,39187,0,0.00278707000267523,-0.00278707000267523,0,0,TRUE,157
P. falciparum,paper_replica,51022,Alto Araguaia,MT,2016,3,159,39187,0,0.0026116559450272236,-0.0026116559450272236,0,0,TRUE,157
P. falciparum,paper_replica,11001,Porto Velho,RO,2017,1,169,659874,13.487423356580194,26.773497113398577,-13.286073756818382,18.56036152356359,38.34065291252573,FALSE,169
P. falciparum,paper_replica,11001,Porto Velho,RO,2017,2,170,659874,11.668894364681742,23.585913405659657,-11.917019040977914,15.074847622424887,36.68124520741837,FALSE,169
P. falciparum,paper_replica,11001,Porto Velho,RO,2017,3,171,659874,16.9729372577189,23.28366685225893,-6.310729594540028,13.854917757026342,40.318303191215286,TRUE,169
P. falciparum,paper_replica,11002,Guajará-Mirim,RO,2017,1,169,84545,0,8.768768580170564,-8.768768580170564,0,19.545804009698948,TRUE,169
P. falciparum,paper_replica,11002,Guajará-Mirim,RO,2017,2,170,84545,0,7.6084323049154685,-7.6084323049154685,0,18.363001951623367,TRUE,169
P. falciparum,paper_replica,11002,Guajará-Mirim,RO,2017,3,171,84545,0,7.50416834785125,-7.50416834785125,0,18.924832929209295,TRUE,169
P. falciparum,paper_replica,11003,Ariquemes,RO,2017,1,169,204494,1.4670357076491243,29.910506754545743,-28.44347104689662,15.391649632752063,48.412178352421094,FALSE,169
P. falciparum,paper_replica,11003,Ariquemes,RO,2017,2,170,204494,0.48901190254970806,26.116264682721603,-25.627252780171894,10.733811260966093,42.80076677066319,FALSE,169
P. falciparum,paper_replica,11003,Ariquemes,RO,2017,3,171,204494,0,26.051968893735598,-26.051968893735598,13.203321368842117,45.734838185961436,FALSE,169
P. falciparum,paper_replica,11004,Ji-Paraná,RO,2017,1,169,317627,0,3.625921546983283,-3.625921546983283,0.14954648062035072,7.721320920450711,FALSE,169
P. falciparum,paper_replica,11004,Ji-Paraná,RO,2017,2,170,317627,0,3.132628712100296,-3.132628712100296,0,6.611528616899697,TRUE,169
P. falciparum,paper_replica,11004,Ji-Paraná,RO,2017,3,171,317627,0.6296693920856854,3.16844266662633,-2.5387732745406444,0,7.556032705028224,TRUE,169
P. falciparum,paper_replica,11005,Alvorada D'Oeste,RO,2017,1,169,75328,2.655055225148683,1.612028322348249,1.0430269028004342,0,5.310110450297366,TRUE,169
P. falciparum,paper_replica,11005,Alvorada D'Oeste,RO,2017,2,170,75328,2.655055225148683,1.398137874845701,1.2569173503029822,0,5.310110450297366,TRUE,169
P. falciparum,paper_replica,11005,Alvorada D'Oeste,RO,2017,3,171,75328,0,1.3916076314970385,-1.3916076314970385,0,5.310110450297366,TRUE,169
P. falciparum,paper_replica,11006,Cacoal,RO,2017,1,169,250643,0,1.4547590959561578,-1.4547590959561578,0,3.590764553568223,TRUE,169
P. falciparum,paper_replica,11006,Cacoal,RO,2017,2,170,250643,0,1.2421073189939267,-1.2421073189939267,0,3.401251979907669,TRUE,169
P. falciparum,paper_replica,11006,Cacoal,RO,2017,3,171,250643,0,1.2591296371057958,-1.2591296371057958,0,3.590764553568223,TRUE,169
P. falciparum,paper_replica,11007,Vilhena,RO,2017,1,169,159583,0,0.8348827091264676,-0.8348827091264676,0,2.5065326507209416,TRUE,169
P. falciparum,paper_replica,11007,Vilhena,RO,2017,2,170,159583,0,0.7033424776961781,-0.7033424776961781,0,2.5065326507209416,TRUE,169
P. falciparum,paper_replica,11007,Vilhena,RO,2017,3,171,159583,0,0.7170399004655488,-0.7170399004655488,0,2.5065326507209416,TRUE,169
P. falciparum,paper_replica,11008,Colorado do Oeste,RO,2017,1,169,53694,0,1.9542574203057128,-1.9542574203057128,0,7.449621931686966,TRUE,169
P. falciparum,paper_replica,11008,Colorado do Oeste,RO,2017,2,170,53694,0,1.7082321774240918,-1.7082321774240918,0,7.449621931686966,TRUE,169
P. falciparum,paper_replica,11008,Colorado do Oeste,RO,2017,3,171,53694,0,1.7086472681352765,-1.7086472681352765,0,5.587216448765226,TRUE,169
P. falciparum,paper_replica,12001,Cruzeiro do Sul,AC,2017,1,169,147727,476.55472594718634,107.2008140114658,369.35391193572053,63.918579541993005,158.75567770278957,FALSE,169
P. falciparum,paper_replica,12001,Cruzeiro do Sul,AC,2017,2,170,147727,282.2774442045124,100.37635433062468,181.9010898738877,62.953962376545924,154.69413174301243,FALSE,169
P. falciparum,paper_replica,12001,Cruzeiro do Sul,AC,2017,3,171,147727,246.4004548931475,96.97105766336952,149.42939722977798,57.53856776350972,165.94799867322823,FALSE,169
P. falciparum,paper_replica,12002,Tarauacá,AC,2017,1,169,80242,0,6.6021000993067265,-6.6021000993067265,0,16.20099199920241,TRUE,169
P. falciparum,paper_replica,12002,Tarauacá,AC,2017,2,170,80242,1.246230153784801,5.988130918719759,-4.741900764934957,0,13.708531691632812,TRUE,169
P. falciparum,paper_replica,12002,Tarauacá,AC,2017,3,171,80242,0,5.878027085505268,-5.878027085505268,0,14.954761845417613,TRUE,169
P. falciparum,paper_replica,12003,Sena Madureira,AC,2017,1,169,58255,0,0.27810085994316885,-0.27810085994316885,0,1.7165908505707665,TRUE,169
P. falciparum,paper_replica,12003,Sena Madureira,AC,2017,2,170,58255,0,0.253501566890499,-0.253501566890499,0,1.7165908505707665,TRUE,169
P. falciparum,paper_replica,12003,Sena Madureira,AC,2017,3,171,58255,0,0.24274452842075323,-0.24274452842075323,0,1.7165908505707665,TRUE,169
P. falciparum,paper_replica,12004,Rio Branco,AC,2017,1,169,476130,1.4701867137126414,3.564609481443815,-2.0944227677311735,0.6300800201625607,6.510826875013127,TRUE,169
P. falciparum,paper_replica,12004,Rio Branco,AC,2017,2,170,476130,0.21002667338752024,3.2260907389271956,-3.016064065539675,0.42005334677504047,6.20103753176653,FALSE,169
P. falciparum,paper_replica,12004,Rio Branco,AC,2017,3,171,476130,1.050133366937601,3.08949661909557,-2.039363252157969,0,6.7208535484006475,TRUE,169
P. falciparum,paper_replica,12005,Brasiléia,AC,2017,1,169,67265,0,1.2566597366792758,-1.2566597366792758,0,4.459971753512228,TRUE,169
P. falciparum,paper_replica,12005,Brasiléia,AC,2017,2,170,67265,0,1.124071899906937,-1.124071899906937,0,4.459971753512228,TRUE,169
P. falciparum,paper_replica,12005,Brasiléia,AC,2017,3,171,67265,0,1.0710857202059672,-1.0710857202059672,0,4.459971753512228,TRUE,169
P. falciparum,paper_replica,13001,Rio Negro,AM,2017,1,169,114647,211.08271476793988,28.58167634335819,182.50103842458168,11.339154099104206,51.50592688862331,FALSE,169
P. falciparum,paper_replica,13001,Rio Negro,AM,2017,2,170,114647,240.73896395021237,27.579702452899806,213.15926149731257,10.008984099016985,50.67729639676565,FALSE,169
P. falciparum,paper_replica,13001,Rio Negro,AM,2017,3,171,114647,333.1966819890621,25.019254864644935,308.17742712441714,6.1056983610561115,51.04799951154412,FALSE,169
P. falciparum,paper_replica,13002,Japurá,AM,2017,1,169,22736,17.593244194229417,7.706836006641757,9.886408187587659,0,21.99155524278677,TRUE,169
P. falciparum,paper_replica,13002,Japurá,AM,2017,2,170,22736,13.194933145672062,7.220353339159177,5.974579806512884,0,21.99155524278677,TRUE,169
P. falciparum,paper_replica,13002,Japurá,AM,2017,3,171,22736,13.194933145672062,6.764800695759426,6.4301324499126356,0,21.99155524278677,TRUE,169
P. falciparum,paper_replica,13003,Alto Solimões,AM,2017,1,169,250657,26.330802650634137,14.527087211772095,11.803715438862042,5.585321774376937,25.153895562461834,FALSE,169
P. falciparum,paper_replica,13003,Alto Solimões,AM,2017,2,170,250657,21.54338398688247,13.261389866590651,8.28199412029182,5.585321774376937,23.538141763445665,TRUE,169
P. falciparum,paper_replica,13003,Alto Solimões,AM,2017,3,171,250657,10.771691993441236,12.914530608305261,-2.1428386148640257,4.3884671084390225,24.754944007149195,TRUE,169
P. falciparum,paper_replica,13004,Juruá,AM,2017,1,169,149439,14.05255656154016,23.288344317299988,-9.235787755759828,8.03003232088009,40.183620072404096,TRUE,169
P. falciparum,paper_replica,13004,Juruá,AM,2017,2,170,149439,19.40591144212689,21.179847024359717,-1.773935582232827,7.645259938837923,38.49396743821893,TRUE,169
P. falciparum,paper_replica,13004,Juruá,AM,2017,3,171,149439,42.15766968462048,20.985400398824442,21.172269285796038,8.34788776691493,40.15016160440046,FALSE,169
P. falciparum,paper_replica,13005,Tefé,AM,2017,1,169,91357,10.94606871941942,24.712688011651252,-13.766619292231832,9.851461847477479,43.78427487767768,TRUE,169
P. falciparum,paper_replica,13005,Tefé,AM,2017,2,170,91357,9.851461847477479,23.142404683829128,-13.290942836351649,3.229090272228732,47.068095493503506,TRUE,169
P. falciparum,paper_replica,13005,Tefé,AM,2017,3,171,91357,3.2838206158258263,21.736461450186365,-18.452640834360537,6.567641231651653,41.5950611337938,FALSE,169
P. falciparum,paper_replica,13006,Coari,AM,2017,1,169,177551,0,12.32251101253275,-12.32251101253275,3.3793107332541075,23.65517513277875,FALSE,169
P. falciparum,paper_replica,13006,Coari,AM,2017,2,170,177551,0.5632184555423513,11.165846468776438,-10.602628013234087,3.3793107332541075,21.402301310609346,FALSE,169
P. falciparum,paper_replica,13006,Coari,AM,2017,3,171,177551,0,10.670679569447614,-10.670679569447614,2.252873822169405,21.402301310609346,FALSE,169
P. falciparum,paper_replica,13007,Manaus,AM,2017,1,169,2409396,0.4150417781053841,5.562049628441966,-5.147007850336582,3.547569598355771,8.22820325093923,FALSE,169
P. falciparum,paper_replica,13007,Manaus,AM,2017,2,170,2409396,0.16601671124215364,4.868961248925172,-4.702944537683018,2.7174860421450022,7.824575121731753,FALSE,169
P. falciparum,paper_replica,13007,Manaus,AM,2017,3,171,2409396,0.20752088905269206,4.791634097799387,-4.584113208746695,2.7589902199555407,8.352715784370845,FALSE,169
P. falciparum,paper_replica,13008,Rio Preto da Eva,AM,2017,1,169,66575,0,25.9533427304198,-25.9533427304198,4.50619601952685,51.07022155463763,FALSE,169
P. falciparum,paper_replica,13008,Rio Preto da Eva,AM,2017,2,170,66575,0,22.93979582696321,-22.93979582696321,3.717611716109653,48.06609087495306,FALSE,169
P. falciparum,paper_replica,13008,Rio Preto da Eva,AM,2017,3,171,66575,0,21.937346349399096,-21.937346349399096,1.5020653398422832,48.06609087495306,FALSE,169
P. falciparum,paper_replica,13009,Itacoatiara,AM,2017,1,169,176769,0,5.84470679350339,-5.84470679350339,0,12.445621121350465,TRUE,169
P. falciparum,paper_replica,13009,Itacoatiara,AM,2017,2,170,176769,0,5.062845855425883,-5.062845855425883,0.5657100509704756,11.045488745198522,FALSE,169
P. falciparum,paper_replica,13009,Itacoatiara,AM,2017,3,171,176769,0,5.047293403254923,-5.047293403254923,0,11.611198796168999,TRUE,169
P. falciparum,paper_replica,13010,Parintins,AM,2017,1,169,277360,1.0816267666570523,2.1573929319532485,-1.0757661652961963,0,4.876334006345536,TRUE,169
P. falciparum,paper_replica,13010,Parintins,AM,2017,2,170,277360,0.36054225555235075,1.87123675738624,-1.5106945018338893,0,5.04759157773291,TRUE,169
P. falciparum,paper_replica,13010,Parintins,AM,2017,3,171,277360,0,1.8378060083688694,-1.8378060083688694,0,4.876334006345536,TRUE,169
P. falciparum,paper_replica,13011,Boca do Acre,AM,2017,1,169,53773,24.175701560262585,15.45099643974517,8.724705120517415,0,33.47404831420973,TRUE,169
P. falciparum,paper_replica,13011,Boca do Acre,AM,2017,2,170,53773,7.438677403157718,13.879225117340683,-6.440547714182965,0,31.614378963420304,TRUE,169
P. falciparum,paper_replica,13011,Boca do Acre,AM,2017,3,171,53773,3.719338701578859,13.782563180197297,-10.063224478618437,0,29.754709612630872,TRUE,169
P. falciparum,paper_replica,13012,Purus,AM,2017,1,169,78281,3.832347568375468,24.82598526808371,-20.99363769970824,3.832347568375468,48.5430691994226,TRUE,169
P. falciparum,paper_replica,13012,Purus,AM,2017,2,170,78281,6.387245947292447,22.468531987767527,-16.081286040475078,3.832347568375468,47.93628083442978,TRUE,169
P. falciparum,paper_replica,13012,Purus,AM,2017,3,171,78281,10.219593515667913,21.94635158246728,-11.726758066799366,2.5548983789169784,46.05204327997848,TRUE,169
P. falciparum,paper_replica,13013,Madeira,AM,2017,1,169,195073,25.631430285072767,14.920337120220381,10.711093164852386,4.101028845611643,25.118801679371312,FALSE,169
P. falciparum,paper_replica,13013,Madeira,AM,2017,2,170,195073,25.118801679371312,12.935536913015772,12.18326476635554,3.3192702219169243,24.631804503954903,FALSE,169
P. falciparum,paper_replica,13013,Madeira,AM,2017,3,171,195073,7.1768004798203755,13.207931844698992,-6.0311313648786165,4.101028845611643,25.387931697364564,TRUE,169
P. falciparum,paper_replica,14001,Boa Vista,RR,2017,1,169,371888,19.091769565030333,7.27228264546351,11.819486919566824,2.151185303102009,13.58607967990362,FALSE,169
P. falciparum,paper_replica,14001,Boa Vista,RR,2017,2,170,371888,15.327195284601817,6.716723329252177,8.610471955349642,2.151185303102009,13.176009981499806,FALSE,169
P. falciparum,paper_replica,14001,Boa Vista,RR,2017,3,171,371888,22.318547519683346,6.61003847665654,15.708509043026805,1.882287140214258,13.176009981499806,FALSE,169
P. falciparum,paper_replica,14002,Nordeste de Roraima,RR,2017,1,169,49185,0,19.453288710055574,-19.453288710055574,0,40.66280370031514,TRUE,169
P. falciparum,paper_replica,14002,Nordeste de Roraima,RR,2017,2,170,49185,0,15.797719182663897,-15.797719182663897,0,35.63078174240109,TRUE,169
P. falciparum,paper_replica,14002,Nordeste de Roraima,RR,2017,3,171,49185,0,15.998477008536748,-15.998477008536748,0,36.596523330283624,TRUE,169
P. falciparum,paper_replica,14003,Caracaraí,RR,2017,1,169,48518,45.343996042705804,17.189759422174976,28.154236620530828,0,36.12061502947355,FALSE,169
P. falciparum,paper_replica,14003,Caracaraí,RR,2017,2,170,48518,4.1221814584278,15.202281347880096,-11.080099889452296,0,34.059524300259646,TRUE,169
P. falciparum,paper_replica,14003,Caracaraí,RR,2017,3,171,48518,6.1832721876417,15.070274392652843,-8.887002205011143,0,35.038542396636295,TRUE,169
P. falciparum,paper_replica,14004,Sudeste de Roraima,RR,2017,1,169,53045,3.7703836365350174,16.393919726796558,-12.62353609026154,1.8851918182675087,35.81864454708266,TRUE,169
P. falciparum,paper_replica,14004,Sudeste de Roraima,RR,2017,2,170,53045,1.8851918182675087,14.462160193562976,-12.576968375295468,0,33.933452728815155,TRUE,169
P. falciparum,paper_replica,14004,Sudeste de Roraima,RR,2017,3,171,53045,0,14.460867868227833,-14.460867868227833,0,35.81864454708266,TRUE,169
P. falciparum,paper_replica,15001,Óbidos,PA,2017,1,169,203396,0.983303506460304,2.1879192124128344,-1.2046157059525304,0,5.66628645597749,TRUE,169
P. falciparum,paper_replica,15001,Óbidos,PA,2017,2,170,203396,0,1.9462909054159558,-1.9462909054159558,0,5.408169285531672,TRUE,169
P. falciparum,paper_replica,15001,Óbidos,PA,2017,3,171,203396,0,1.865858691174578,-1.865858691174578,0,4.91651753230152,TRUE,169
P. falciparum,paper_replica,15002,Santarém,PA,2017,1,169,514081,1.3616531247021384,1.3783038928612386,-0.01665076815910016,0,3.306871874276622,TRUE,169
P. falciparum,paper_replica,15002,Santarém,PA,2017,2,170,514081,1.1671312497446902,1.2243319089609819,-0.057200659216291694,0,2.917828124361725,TRUE,169
P. falciparum,paper_replica,15002,Santarém,PA,2017,3,171,514081,2.3342624994893804,1.1522363942302982,1.1820261052590821,0,2.917828124361725,TRUE,169
P. falciparum,paper_replica,15003,Almeirim,PA,2017,1,169,73186,0,2.6372921555556834,-2.6372921555556834,0,8.198289290301425,TRUE,169
P. falciparum,paper_replica,15003,Almeirim,PA,2017,2,170,73186,1.3663815483835706,2.3360207703772615,-0.9696392219936909,0,7.549258054819197,TRUE,169
P. falciparum,paper_replica,15003,Almeirim,PA,2017,3,171,73186,0,2.184772021983106,-2.184772021983106,0,6.831907741917853,TRUE,169
P. falciparum,paper_replica,15004,Portel,PA,2017,1,169,149485,0,2.908853887384517,-2.908853887384517,0,7.358597852627354,TRUE,169
P. falciparum,paper_replica,15004,Portel,PA,2017,2,170,149485,0,2.493724292882766,-2.493724292882766,0,7.040840218082067,TRUE,169
P. falciparum,paper_replica,15004,Portel,PA,2017,3,171,149485,0,2.437196533060531,-2.437196533060531,0,7.040840218082067,TRUE,169
P. falciparum,paper_replica,15005,Furos de Breves,PA,2017,1,169,225900,9.296148738379813,29.844594557714668,-20.548445819334855,16.146525011066842,47.388224878264694,FALSE,169
P. falciparum,paper_replica,15005,Furos de Breves,PA,2017,2,170,225900,7.082779991146525,25.723419999045866,-18.640640007899343,10.18149623727313,45.174856131031405,FALSE,169
P. falciparum,paper_replica,15005,Furos de Breves,PA,2017,3,171,225900,4.426737494466578,24.495025892508824,-20.068288398042245,10.391766268260293,47.388224878264694,FALSE,169
P. falciparum,paper_replica,15006,Arari,PA,2017,1,169,173249,0,3.5471825113855227,-3.5471825113855227,0,8.080854723548189,TRUE,169
P. falciparum,paper_replica,15006,Arari,PA,2017,2,170,173249,0.5772039088248705,3.0847041112138927,-2.5075002023890223,0,7.806682866856361,TRUE,169
P. falciparum,paper_replica,15006,Arari,PA,2017,3,171,173249,0,2.866303701992471,-2.866303701992471,0,6.926446905898446,TRUE,169
P. falciparum,paper_replica,15007,Belém,PA,2017,1,169,2298862,0.08699956761214897,0.09335717766089305,-0.006357610048744078,0,0.283836089334635,TRUE,169
P. falciparum,paper_replica,15007,Belém,PA,2017,2,170,2298862,0.08699956761214897,0.08111624600101157,0.0058833216111374015,0,0.2609987028364469,TRUE,169
P. falciparum,paper_replica,15007,Belém,PA,2017,3,171,2298862,0,0.07574502340759014,-0.07574502340759014,0,0.2609987028364469,TRUE,169
P. falciparum,paper_replica,15008,Castanhal,PA,2017,1,169,334419,0,0.10431578238482955,-0.10431578238482955,0,0.5980521441664499,TRUE,169
P. falciparum,paper_replica,15008,Castanhal,PA,2017,2,170,334419,0,0.09107772912715514,-0.09107772912715514,0,0.5980521441664499,TRUE,169
P. falciparum,paper_replica,15008,Castanhal,PA,2017,3,171,334419,0,0.08340957380598821,-0.08340957380598821,0,0.29902607208322496,TRUE,169
P. falciparum,paper_replica,15009,Salgado,PA,2017,1,169,264414,0,0.07239560211238844,-0.07239560211238844,0,0.37819480057788163,TRUE,169
P. falciparum,paper_replica,15009,Salgado,PA,2017,2,170,264414,0,0.0625929345014261,-0.0625929345014261,0,0.37819480057788163,TRUE,169
P. falciparum,paper_replica,15009,Salgado,PA,2017,3,171,264414,0,0.05766310911377481,-0.05766310911377481,0,0.37819480057788163,TRUE,169
P. falciparum,paper_replica,15010,Bragantina,PA,2017,1,169,412502,0,0.21148306556461183,-0.21148306556461183,0,0.7272692011190248,TRUE,169
P. falciparum,paper_replica,15010,Bragantina,PA,2017,2,170,412502,0,0.1819454698560696,-0.1819454698560696,0,0.7272692011190248,TRUE,169
P. falciparum,paper_replica,15010,Bragantina,PA,2017,3,171,412502,0,0.1654645934696742,-0.1654645934696742,0,0.7272692011190248,TRUE,169
P. falciparum,paper_replica,15011,Cametá,PA,2017,1,169,484618,0,0.7496083396709101,-0.7496083396709101,0,1.8571328345212106,TRUE,169
P. falciparum,paper_replica,15011,Cametá,PA,2017,2,170,484618,0,0.6542091693557892,-0.6542091693557892,0,1.6507847417966317,TRUE,169
P. falciparum,paper_replica,15011,Cametá,PA,2017,3,171,484618,0,0.6243730241937379,-0.6243730241937379,0,1.8571328345212106,TRUE,169
P. falciparum,paper_replica,15012,Tomé-Açu,PA,2017,1,169,331346,0,1.7660566817857717,-1.7660566817857717,0,4.081835905669595,TRUE,169
P. falciparum,paper_replica,15012,Tomé-Açu,PA,2017,2,170,331346,0.3017993275910981,1.5465649857018515,-1.2447656581107533,0,3.923391258684276,TRUE,169
P. falciparum,paper_replica,15012,Tomé-Açu,PA,2017,3,171,331346,0,1.4527538860384994,-1.4527538860384994,0,3.6215919310931772,TRUE,169
P. falciparum,paper_replica,15013,Guamá,PA,2017,1,169,470473,0,3.20102549252027,-3.20102549252027,0.10096222312438789,6.589113509170558,FALSE,169
P. falciparum,paper_replica,15013,Guamá,PA,2017,2,170,470473,0,2.7669687321917906,-2.7669687321917906,0.4251040973658425,5.951457363121794,FALSE,169
P. falciparum,paper_replica,15013,Guamá,PA,2017,3,171,470473,0,2.5546330615468973,-2.5546330615468973,0,5.42539104263156,TRUE,169
P. falciparum,paper_replica,15014,Itaituba,PA,2017,1,169,215162,24.16783632797613,39.69532394828315,-15.527487620307024,22.529535884589286,61.61636348425834,TRUE,169
P. falciparum,paper_replica,15014,Itaituba,PA,2017,2,170,215162,17.661111162751787,34.07511846200432,-16.414007299252532,19.98494157890334,55.55116609810281,FALSE,169
P. falciparum,paper_replica,15014,Itaituba,PA,2017,3,171,215162,14.872514663369927,35.222365300796746,-20.34985063742682,16.731578996291166,64.13771948578281,FALSE,169
P. falciparum,paper_replica,15015,Altamira,PA,2017,1,169,300663,0,8.903170372001256,-8.903170372001256,2.486172226047103,17.644339343384438,FALSE,169
P. falciparum,paper_replica,15015,Altamira,PA,2017,2,170,300663,0,7.63415826879481,-7.63415826879481,2.328188037769862,14.966923099949113,FALSE,169
P. falciparum,paper_replica,15015,Altamira,PA,2017,3,171,300663,0,7.690159789402395,-7.690159789402395,1.4883773527171622,16.297316264389035,FALSE,169
P. falciparum,paper_replica,15016,Tucuruí,PA,2017,1,169,374094,0,11.352159575637332,-11.352159575637332,4.671285826556961,19.527177661229516,FALSE,169
P. falciparum,paper_replica,15016,Tucuruí,PA,2017,2,170,374094,0,9.906578624334008,-9.906578624334008,4.403973332905633,19.386838602062575,FALSE,169
P. falciparum,paper_replica,15016,Tucuruí,PA,2017,3,171,374094,0,9.870266159843066,-9.870266159843066,3.4616967927847018,19.654151095713907,FALSE,169
P. falciparum,paper_replica,15017,Paragominas,PA,2017,1,169,339647,0,4.666162605417195,-4.666162605417195,0.4342744084299291,8.832699832473127,FALSE,169
P. falciparum,paper_replica,15017,Paragominas,PA,2017,2,170,339647,0,4.101219764457452,-4.101219764457452,0.5888466554982084,8.398425424043191,FALSE,169
P. falciparum,paper_replica,15017,Paragominas,PA,2017,3,171,339647,0.2944233277491042,3.8934180559869027,-3.5989947282377983,0.5888466554982084,9.281695407290503,FALSE,169
P. falciparum,paper_replica,15018,São Félix do Xingu,PA,2017,1,169,211528,0,0.8143090533407721,-0.8143090533407721,0,2.6119473544873384,TRUE,169
P. falciparum,paper_replica,15018,São Félix do Xingu,PA,2017,2,170,211528,0,0.7008419485019541,-0.7008419485019541,0,2.3637532619795016,TRUE,169
P. falciparum,paper_replica,15018,São Félix do Xingu,PA,2017,3,171,211528,0,0.7060306857160212,-0.7060306857160212,0,2.3637532619795016,TRUE,169
P. falciparum,paper_replica,15019,Parauapebas,PA,2017,1,169,315410,0.317047652262135,1.3352618727726808,-1.0182142205105458,0,3.487524174883485,TRUE,169
P. falciparum,paper_replica,15019,Parauapebas,PA,2017,2,170,315410,0,1.1462312616908292,-1.1462312616908292,0,3.1704765226213496,TRUE,169
P. falciparum,paper_replica,15019,Parauapebas,PA,2017,3,171,315410,0,1.1636010366219467,-1.1636010366219467,0,3.487524174883485,TRUE,169
P. falciparum,paper_replica,15020,Marabá,PA,2017,1,169,324637,0,1.9672154428600526,-1.9672154428600526,0,4.312509048568093,TRUE,169
P. falciparum,paper_replica,15020,Marabá,PA,2017,2,170,324637,0,1.6981000512545612,-1.6981000512545612,0,4.312509048568093,TRUE,169
P. falciparum,paper_replica,15020,Marabá,PA,2017,3,171,324637,0,1.7154808272985202,-1.7154808272985202,0,4.004472687956087,TRUE,169
P. falciparum,paper_replica,15021,Redenção,PA,2017,1,169,191626,0,0.4457382032490847,-0.4457382032490847,0,1.5655495600805738,TRUE,169
P. falciparum,paper_replica,15021,Redenção,PA,2017,2,170,191626,0,0.39072476555789387,-0.39072476555789387,0,1.5655495600805738,TRUE,169
P. falciparum,paper_replica,15021,Redenção,PA,2017,3,171,191626,0,0.38829041736425757,-0.38829041736425757,0,1.5655495600805738,TRUE,169
P. falciparum,paper_replica,15022,Conceição do Araguaia,PA,2017,1,169,157930,0,3.854798575077648,-3.854798575077648,0,8.231494966124233,TRUE,169
P. falciparum,paper_replica,15022,Conceição do Araguaia,PA,2017,2,170,157930,0,3.3034282886627837,-3.3034282886627837,0,7.598303045653138,TRUE,169
P. falciparum,paper_replica,15022,Conceição do Araguaia,PA,2017,3,171,157930,0,3.342460345726034,-3.342460345726034,0,7.598303045653138,TRUE,169
P. falciparum,paper_replica,16001,Oiapoque,AP,2017,1,169,36039,11.099087100086017,88.9524299854307,-77.85334288534469,29.065734343350265,163.8502733150197,FALSE,169
P. falciparum,paper_replica,16001,Oiapoque,AP,2017,2,170,36039,2.774771775021504,77.37374850905762,-74.59897673403611,24.97294597519354,151.2944310330475,FALSE,169
P. falciparum,paper_replica,16001,Oiapoque,AP,2017,3,171,36039,2.774771775021504,74.78977764376808,-72.01500586874657,23.516190793307253,138.7385887510752,FALSE,169
P. falciparum,paper_replica,16002,Amapá,AP,2017,1,169,29648,3.3729087965461413,11.87777218707795,-8.504863390531808,0,30.35617916891527,TRUE,169
P. falciparum,paper_replica,16002,Amapá,AP,2017,2,170,29648,0,10.153589167546384,-10.153589167546384,0,26.98327037236913,TRUE,169
P. falciparum,paper_replica,16002,Amapá,AP,2017,3,171,29648,0,9.72161735528123,-9.72161735528123,0,26.98327037236913,TRUE,169
P. falciparum,paper_replica,16003,Macapá,AP,2017,1,169,649103,27.26839962224793,6.464677143299456,20.803722478948472,3.235233853487043,11.246289109740673,FALSE,169
P. falciparum,paper_replica,16003,Macapá,AP,2017,2,170,649103,12.632817904092262,5.518450410742552,7.11436749334971,1.3865287943515898,9.859760315389083,FALSE,169
P. falciparum,paper_replica,16003,Macapá,AP,2017,3,171,649103,10.167877825244993,5.313735927918142,4.854141897326851,2.1491196312449645,10.475995335100901,TRUE,169
P. falciparum,paper_replica,16004,Mazagão,AP,2017,1,169,82932,157.96073891863213,18.69111071057132,139.26962820806082,2.3513239762697182,36.17421501953408,FALSE,169
P. falciparum,paper_replica,16004,Mazagão,AP,2017,2,170,82932,113.34587372787344,16.404981323185286,96.94089240468816,1.7785655717937605,34.3956494477403,FALSE,169
P. falciparum,paper_replica,16004,Mazagão,AP,2017,3,171,82932,62.70197270052574,15.512769629522682,47.18920307100306,1.2058071673178026,33.76260068489847,FALSE,169
P. falciparum,paper_replica,17001,Bico do Papagaio,TO,2017,1,169,214274,0,0.16108790772834586,-0.16108790772834586,0,0.9333843583449228,TRUE,169
P. falciparum,paper_replica,17001,Bico do Papagaio,TO,2017,2,170,214274,0,0.14060844521882876,-0.14060844521882876,0,0.9333843583449228,TRUE,169
P. falciparum,paper_replica,17001,Bico do Papagaio,TO,2017,3,171,214274,0.4666921791724614,0.1397906433491494,0.32690153582331205,0,0.9333843583449228,TRUE,169
P. falciparum,paper_replica,17002,Araguaína,TO,2017,1,169,314505,0,0.1350933110196861,-0.1350933110196861,0,0.6359199376798461,TRUE,169
P. falciparum,paper_replica,17002,Araguaína,TO,2017,2,170,314505,0,0.11882783322781515,-0.11882783322781515,0,0.6359199376798461,TRUE,169
P. falciparum,paper_replica,17002,Araguaína,TO,2017,3,171,314505,0,0.11704747119519042,-0.11704747119519042,0,0.6359199376798461,TRUE,169
P. falciparum,paper_replica,17003,Miracema do Tocantins,TO,2017,1,169,149576,0,0.12983921318373393,-0.12983921318373393,0,0.6685564529068835,TRUE,169
P. falciparum,paper_replica,17003,Miracema do Tocantins,TO,2017,2,170,149576,0,0.11099379637204826,-0.11099379637204826,0,0.6685564529068835,TRUE,169
P. falciparum,paper_replica,17003,Miracema do Tocantins,TO,2017,3,171,149576,0,0.11347981742842815,-0.11347981742842815,0,0.6685564529068835,TRUE,169
P. falciparum,paper_replica,17004,Rio Formoso,TO,2017,1,169,126840,0,0.13295199115392953,-0.13295199115392953,0,0.7883948281299274,TRUE,169
P. falciparum,paper_replica,17004,Rio Formoso,TO,2017,2,170,126840,0,0.10834532599292523,-0.10834532599292523,0,0.7883948281299274,TRUE,169
P. falciparum,paper_replica,17004,Rio Formoso,TO,2017,3,171,126840,0,0.11477535699018009,-0.11477535699018009,0,0.7883948281299274,TRUE,169
P. falciparum,paper_replica,17005,Gurupi,TO,2017,1,169,149665,0,0.017507503446530313,-0.017507503446530313,0,0,TRUE,169
P. falciparum,paper_replica,17005,Gurupi,TO,2017,2,170,149665,0,0.014091585234056292,-0.014091585234056292,0,0,TRUE,169
P. falciparum,paper_replica,17005,Gurupi,TO,2017,3,171,149665,0,0.014947667406296815,-0.014947667406296815,0,0,TRUE,169
P. falciparum,paper_replica,17006,Porto Nacional,TO,2017,1,169,391361,0,0.0460099925053008,-0.0460099925053008,0,0.2555185621459471,TRUE,169
P. falciparum,paper_replica,17006,Porto Nacional,TO,2017,2,170,391361,0,0.039014575401582284,-0.039014575401582284,0,0.2555185621459471,TRUE,169
P. falciparum,paper_replica,17006,Porto Nacional,TO,2017,3,171,391361,0,0.04057540892094757,-0.04057540892094757,0,0.2555185621459471,TRUE,169
P. falciparum,paper_replica,17007,Jalapão,TO,2017,1,169,79352,0,0.0035097767251973232,-0.0035097767251973232,0,0,TRUE,169
P. falciparum,paper_replica,17007,Jalapão,TO,2017,2,170,79352,0,0.003013439321930591,-0.003013439321930591,0,0,TRUE,169
P. falciparum,paper_replica,17007,Jalapão,TO,2017,3,171,79352,0,0.0030959746623995957,-0.0030959746623995957,0,0,TRUE,169
P. falciparum,paper_replica,17008,Dianópolis,TO,2017,1,169,124621,0,0.0014471083286542907,-0.0014471083286542907,0,0,TRUE,169
P. falciparum,paper_replica,17008,Dianópolis,TO,2017,2,170,124621,0,0.0011621900863682507,-0.0011621900863682507,0,0,TRUE,169
P. falciparum,paper_replica,17008,Dianópolis,TO,2017,3,171,124621,0,0.0012182670590555069,-0.0012182670590555069,0,0,TRUE,169
P. falciparum,paper_replica,21001,Litoral Ocidental Maranhense,MA,2017,1,169,188098,0,0.025772914483526938,-0.025772914483526938,0,0,TRUE,169
P. falciparum,paper_replica,21001,Litoral Ocidental Maranhense,MA,2017,2,170,188098,0,0.021749845280273954,-0.021749845280273954,0,0.5316377632936022,TRUE,169
P. falciparum,paper_replica,21001,Litoral Ocidental Maranhense,MA,2017,3,171,188098,0,0.020418383467864898,-0.020418383467864898,0,0.5316377632936022,TRUE,169
P. falciparum,paper_replica,21002,Aglomeração Urbana de São Luís,MA,2017,1,169,1421569,0,0.02196947240451599,-0.02196947240451599,0,0.14068961830203106,TRUE,169
P. falciparum,paper_replica,21002,Aglomeração Urbana de São Luís,MA,2017,2,170,1421569,0,0.018711187802895088,-0.018711187802895088,0,0.10727583395529708,TRUE,169
P. falciparum,paper_replica,21002,Aglomeração Urbana de São Luís,MA,2017,3,171,1421569,0.4220688549060932,0.01773049096232346,0.40433836394376976,0,0.14068961830203106,FALSE,169
P. falciparum,paper_replica,21003,Rosário,MA,2017,1,169,176135,0,0.02366423460869501,-0.02366423460869501,0,0,TRUE,169
P. falciparum,paper_replica,21003,Rosário,MA,2017,2,170,176135,0,0.01956273657003202,-0.01956273657003202,0,0,TRUE,169
P. falciparum,paper_replica,21003,Rosário,MA,2017,3,171,176135,0,0.01851068089553724,-0.01851068089553724,0,0,TRUE,169
P. falciparum,paper_replica,21004,Lençóis Maranhenses,MA,2017,1,169,196569,0,0.022461639248150794,-0.022461639248150794,0,0.5087272153798412,TRUE,169
P. falciparum,paper_replica,21004,Lençóis Maranhenses,MA,2017,2,170,196569,0,0.018674907302391124,-0.018674907302391124,0,0,TRUE,169
P. falciparum,paper_replica,21004,Lençóis Maranhenses,MA,2017,3,171,196569,0,0.017431017167574434,-0.017431017167574434,0,0,TRUE,169
P. falciparum,paper_replica,21005,Baixada Maranhense,MA,2017,1,169,599144,0.3338095683174662,0.8876801650798896,-0.5538705967624233,0,2.1697621940635305,TRUE,169
P. falciparum,paper_replica,21005,Baixada Maranhense,MA,2017,2,170,599144,0,0.7411440200571361,-0.7411440200571361,0,1.8359526257460645,TRUE,169
P. falciparum,paper_replica,21005,Baixada Maranhense,MA,2017,3,171,599144,0.1669047841587331,0.7041717681154014,-0.5372669839566683,0,1.9235776374293958,TRUE,169
P. falciparum,paper_replica,21006,Itapecuru Mirim,MA,2017,1,169,235736,0,0.17059756206947252,-0.17059756206947252,0,0.8484066922319883,TRUE,169
P. falciparum,paper_replica,21006,Itapecuru Mirim,MA,2017,2,170,235736,0,0.14023481944126667,-0.14023481944126667,0,0.8484066922319883,TRUE,169
P. falciparum,paper_replica,21006,Itapecuru Mirim,MA,2017,3,171,235736,0,0.13277037022174767,-0.13277037022174767,0,0.8484066922319883,TRUE,169
P. falciparum,paper_replica,21007,Gurupi,MA,2017,1,169,240034,0.8332152944999458,2.252005856500978,-1.4187905620010324,0,5.218010781805901,TRUE,169
P. falciparum,paper_replica,21007,Gurupi,MA,2017,2,170,240034,0,1.9106249750840814,-1.9106249750840814,0,4.80140313455593,TRUE,169
P. falciparum,paper_replica,21007,Gurupi,MA,2017,3,171,240034,0,1.7874718810524082,-1.7874718810524082,0,4.80140313455593,TRUE,169
P. falciparum,paper_replica,21008,Pindaré,MA,2017,1,169,658029,1.0637829031851178,0.7382713536165634,0.32551154956855444,0,1.8236278340316308,TRUE,169
P. falciparum,paper_replica,21008,Pindaré,MA,2017,2,170,658029,0.4559069585079077,0.646226537110298,-0.1903195786023903,0,1.6716588478623284,TRUE,169
P. falciparum,paper_replica,21008,Pindaré,MA,2017,3,171,658029,0.4559069585079077,0.6044343263580283,-0.1485273678501206,0,1.6716588478623284,TRUE,169
P. falciparum,paper_replica,21009,Imperatriz,MA,2017,1,169,592084,0,0.19634522779422597,-0.19634522779422597,0,0.6755798163774059,TRUE,169
P. falciparum,paper_replica,21009,Imperatriz,MA,2017,2,170,592084,0.33778990818870297,0.17182840481361944,0.16596150337508353,0,0.5953547131825851,TRUE,169
P. falciparum,paper_replica,21009,Imperatriz,MA,2017,3,171,592084,0.16889495409435148,0.16885279606211653,4.215803223495129e-5,0,0.5066848622830544,TRUE,169
P. falciparum,paper_replica,21010,Médio Mearim,MA,2017,1,169,416725,0.23996640470334152,0.4805950941208148,-0.24062868941747328,0,1.439798428220049,TRUE,169
P. falciparum,paper_replica,21010,Médio Mearim,MA,2017,2,170,416725,0,0.41617184932506207,-0.41617184932506207,0,1.3258143859859564,TRUE,169
P. falciparum,paper_replica,21010,Médio Mearim,MA,2017,3,171,416725,0.23996640470334152,0.39032204627792416,-0.15035564157458264,0,1.1998320235167077,TRUE,169
P. falciparum,paper_replica,21011,Alto Mearim e Grajaú,MA,2017,1,169,332957,0.6006781656490178,0.22481876382355354,0.37585940182546423,0,0.9010172484735266,TRUE,169
P. falciparum,paper_replica,21011,Alto Mearim e Grajaú,MA,2017,2,170,332957,2.402712662596071,0.19882031235553307,2.203892350240538,0,0.9010172484735266,FALSE,169
P. falciparum,paper_replica,21011,Alto Mearim e Grajaú,MA,2017,3,171,332957,1.8020344969470532,0.19067484006988525,1.611359656877168,0,0.9010172484735266,FALSE,169
P. falciparum,paper_replica,21012,Presidente Dutra,MA,2017,1,169,196340,0,0.48039815982896783,-0.48039815982896783,0,1.5279616990934093,TRUE,169
P. falciparum,paper_replica,21012,Presidente Dutra,MA,2017,2,170,196340,1.0186411327289395,0.4148510594798721,0.6037900732490674,0,1.5279616990934093,TRUE,169
P. falciparum,paper_replica,21012,Presidente Dutra,MA,2017,3,171,196340,0,0.39124126703669315,-0.39124126703669315,0,1.5279616990934093,TRUE,169
P. falciparum,paper_replica,21013,Baixo Parnaíba Maranhense,MA,2017,1,169,145247,0,0.1862271710536264,-0.1862271710536264,0,0.6884823782935275,TRUE,169
P. falciparum,paper_replica,21013,Baixo Parnaíba Maranhense,MA,2017,2,170,145247,0,0.1529151587196076,-0.1529151587196076,0,0.6884823782935275,TRUE,169
P. falciparum,paper_replica,21013,Baixo Parnaíba Maranhense,MA,2017,3,171,145247,0,0.142462671490069,-0.142462671490069,0,0.6884823782935275,TRUE,169
P. falciparum,paper_replica,21014,Chapadinha,MA,2017,1,169,242977,0,0.08593058123488952,-0.08593058123488952,0,0.4115615881338563,TRUE,169
P. falciparum,paper_replica,21014,Chapadinha,MA,2017,2,170,242977,0,0.07022177187397641,-0.07022177187397641,0,0.4115615881338563,TRUE,169
P. falciparum,paper_replica,21014,Chapadinha,MA,2017,3,171,242977,0,0.06604021672629858,-0.06604021672629858,0,0.4115615881338563,TRUE,169
P. falciparum,paper_replica,21015,Codó,MA,2017,1,169,274452,0,0.2869255135779317,-0.2869255135779317,0,1.0930873158147874,TRUE,169
P. falciparum,paper_replica,21015,Codó,MA,2017,2,170,274452,0,0.2439071657622936,-0.2439071657622936,0,1.0930873158147874,TRUE,169
P. falciparum,paper_replica,21015,Codó,MA,2017,3,171,274452,0,0.22931672042260234,-0.22931672042260234,0,1.0930873158147874,TRUE,169
P. falciparum,paper_replica,21016,Coelho Neto,MA,2017,1,169,92837,0,0.027539088528395345,-0.027539088528395345,0,0,TRUE,169
P. falciparum,paper_replica,21016,Coelho Neto,MA,2017,2,170,92837,0,0.022729942720896488,-0.022729942720896488,0,0,TRUE,169
P. falciparum,paper_replica,21016,Coelho Neto,MA,2017,3,171,92837,0,0.021363195822095737,-0.021363195822095737,0,0,TRUE,169
P. falciparum,paper_replica,21017,Caxias,MA,2017,1,169,439865,0,0.15485007070176052,-0.15485007070176052,0,0.6820274402373456,TRUE,169
P. falciparum,paper_replica,21017,Caxias,MA,2017,2,170,439865,0,0.1312275751070471,-0.1312275751070471,0,0.4546849601582304,TRUE,169
P. falciparum,paper_replica,21017,Caxias,MA,2017,3,171,439865,0,0.1243573763868157,-0.1243573763868157,0,0.6820274402373456,TRUE,169
P. falciparum,paper_replica,21018,Chapadas do Alto Itapecuru,MA,2017,1,169,218371,0,0.15383292783291921,-0.15383292783291921,0,0.9158725288614331,TRUE,169
P. falciparum,paper_replica,21018,Chapadas do Alto Itapecuru,MA,2017,2,170,218371,0,0.13289146614294936,-0.13289146614294936,0,0.45793626443071656,TRUE,169
P. falciparum,paper_replica,21018,Chapadas do Alto Itapecuru,MA,2017,3,171,218371,0,0.12708547763287067,-0.12708547763287067,0,0.45793626443071656,TRUE,169
P. falciparum,paper_replica,21019,Porto Franco,MA,2017,1,169,119470,0,0.1198022362595153,-0.1198022362595153,0,0.8370302167908261,TRUE,169
P. falciparum,paper_replica,21019,Porto Franco,MA,2017,2,170,119470,0,0.10434029876593713,-0.10434029876593713,0,0.8370302167908261,TRUE,169
P. falciparum,paper_replica,21019,Porto Franco,MA,2017,3,171,119470,0,0.10503865555181294,-0.10503865555181294,0,0.8370302167908261,TRUE,169
P. falciparum,paper_replica,21020,Gerais de Balsas,MA,2017,1,169,142308,0,0.0133659457157275,-0.0133659457157275,0,0,TRUE,169
P. falciparum,paper_replica,21020,Gerais de Balsas,MA,2017,2,170,142308,0,0.011573729074210372,-0.011573729074210372,0,0,TRUE,169
P. falciparum,paper_replica,21020,Gerais de Balsas,MA,2017,3,171,142308,0,0.011770543313795517,-0.011770543313795517,0,0,TRUE,169
P. falciparum,paper_replica,21021,Chapadas das Mangabeiras,MA,2017,1,169,71282,0,0.006340646378306048,-0.006340646378306048,0,0,TRUE,169
P. falciparum,paper_replica,21021,Chapadas das Mangabeiras,MA,2017,2,170,71282,0,0.005554827251383164,-0.005554827251383164,0,0,TRUE,169
P. falciparum,paper_replica,21021,Chapadas das Mangabeiras,MA,2017,3,171,71282,0,0.0054544467744089085,-0.0054544467744089085,0,0,TRUE,169
P. falciparum,paper_replica,51001,Aripuanã,MT,2017,1,169,161895,0,7.110695140899603,-7.110695140899603,0.9110843447913781,14.824423237283426,FALSE,169
P. falciparum,paper_replica,51001,Aripuanã,MT,2017,2,170,161895,0,5.98088828551975,-5.98088828551975,0,13.295654590938558,TRUE,169
P. falciparum,paper_replica,51001,Aripuanã,MT,2017,3,171,161895,0,6.230299788962162,-6.230299788962162,0,13.913338892492032,TRUE,169
P. falciparum,paper_replica,51002,Alta Floresta,MT,2017,1,169,104198,0,0.6637190625595255,-0.6637190625595255,0,2.879133956505883,TRUE,169
P. falciparum,paper_replica,51002,Alta Floresta,MT,2017,2,170,104198,0,0.5665512348138694,-0.5665512348138694,0,2.879133956505883,TRUE,169
P. falciparum,paper_replica,51002,Alta Floresta,MT,2017,3,171,104198,0,0.5895692949914011,-0.5895692949914011,0,2.879133956505883,TRUE,169
P. falciparum,paper_replica,51003,Colíder,MT,2017,1,169,151479,0,0.821963986744852,-0.821963986744852,0,2.6406300543309635,TRUE,169
P. falciparum,paper_replica,51003,Colíder,MT,2017,2,170,151479,0,0.68758513371379,-0.68758513371379,0,2.6406300543309635,TRUE,169
P. falciparum,paper_replica,51003,Colíder,MT,2017,3,171,151479,0,0.7193035622551179,-0.7193035622551179,0,2.6406300543309635,TRUE,169
P. falciparum,paper_replica,51004,Parecis,MT,2017,1,169,105594,0,0.2892050995892197,-0.2892050995892197,0,0.9470235051233973,TRUE,169
P. falciparum,paper_replica,51004,Parecis,MT,2017,2,170,105594,0,0.24630273773068356,-0.24630273773068356,0,0.9470235051233973,TRUE,169
P. falciparum,paper_replica,51004,Parecis,MT,2017,3,171,105594,0,0.2555246610361958,-0.2555246610361958,0,1.8940470102467946,TRUE,169
P. falciparum,paper_replica,51005,Arinos,MT,2017,1,169,80229,0,0.39308550660769676,-0.39308550660769676,0,2.4928641762953547,TRUE,169
P. falciparum,paper_replica,51005,Arinos,MT,2017,2,170,80229,0,0.32546963226911374,-0.32546963226911374,0,1.9008089344251795,TRUE,169
P. falciparum,paper_replica,51005,Arinos,MT,2017,3,171,80229,0,0.34866965591384297,-0.34866965591384297,0,1.2464320881476774,TRUE,169
P. falciparum,paper_replica,51006,Alto Teles Pires,MT,2017,1,169,245379,0,0.21353595342761178,-0.21353595342761178,0,0.8150656739166758,TRUE,169
P. falciparum,paper_replica,51006,Alto Teles Pires,MT,2017,2,170,245379,0.4075328369583379,0.17781932524401864,0.22971351171431928,0,0.8150656739166758,TRUE,169
P. falciparum,paper_replica,51006,Alto Teles Pires,MT,2017,3,171,245379,0,0.1867449376013775,-0.1867449376013775,0,0.8150656739166758,TRUE,169
P. falciparum,paper_replica,51007,Sinop,MT,2017,1,169,197588,0,0.16721621007382556,-0.16721621007382556,0,1.0122072190618863,TRUE,169
P. falciparum,paper_replica,51007,Sinop,MT,2017,2,170,197588,0,0.13753796304480714,-0.13753796304480714,0,1.0122072190618863,TRUE,169
P. falciparum,paper_replica,51007,Sinop,MT,2017,3,171,197588,0,0.1424223150578991,-0.1424223150578991,0,1.0122072190618863,TRUE,169
P. falciparum,paper_replica,51008,Paranatinga,MT,2017,1,169,35339,0,0.018422261632953647,-0.018422261632953647,0,0,TRUE,169
P. falciparum,paper_replica,51008,Paranatinga,MT,2017,2,170,35339,0,0.015305974564490264,-0.015305974564490264,0,0,TRUE,169
P. falciparum,paper_replica,51008,Paranatinga,MT,2017,3,171,35339,0,0.015904763404056686,-0.015904763404056686,0,0,TRUE,169
P. falciparum,paper_replica,51009,Norte Araguaia,MT,2017,1,169,126751,0,0.06249566568252364,-0.06249566568252364,0,0.7889484106634268,TRUE,169
P. falciparum,paper_replica,51009,Norte Araguaia,MT,2017,2,170,126751,0,0.05106797381573002,-0.05106797381573002,0,0.7889484106634268,TRUE,169
P. falciparum,paper_replica,51009,Norte Araguaia,MT,2017,3,171,126751,0,0.05290143690950467,-0.05290143690950467,0,0.7889484106634268,TRUE,169
P. falciparum,paper_replica,51010,Canarana,MT,2017,1,169,111341,0,0.011503415276140492,-0.011503415276140492,0,0,TRUE,169
P. falciparum,paper_replica,51010,Canarana,MT,2017,2,170,111341,0,0.009466341298018198,-0.009466341298018198,0,0,TRUE,169
P. falciparum,paper_replica,51010,Canarana,MT,2017,3,171,111341,0,0.009837360822622281,-0.009837360822622281,0,0,TRUE,169
P. falciparum,paper_replica,51011,Médio Araguaia,MT,2017,1,169,67545,0,0.003100699851795313,-0.003100699851795313,0,0,TRUE,169
P. falciparum,paper_replica,51011,Médio Araguaia,MT,2017,2,170,67545,0,0.0024963969391992424,-0.0024963969391992424,0,0,TRUE,169
P. falciparum,paper_replica,51011,Médio Araguaia,MT,2017,3,171,67545,0,0.002624237551220854,-0.002624237551220854,0,0,TRUE,169
P. falciparum,paper_replica,51012,Alto Guaporé,MT,2017,1,169,72605,0,0.2888662873184012,-0.2888662873184012,0,1.3773156118724605,TRUE,169
P. falciparum,paper_replica,51012,Alto Guaporé,MT,2017,2,170,72605,0,0.2531267817958465,-0.2531267817958465,0,1.3773156118724605,TRUE,169
P. falciparum,paper_replica,51012,Alto Guaporé,MT,2017,3,171,72605,0,0.25215508527855324,-0.25215508527855324,0,1.3773156118724605,TRUE,169
P. falciparum,paper_replica,51013,Tangará da Serra,MT,2017,1,169,164025,0,0.05836270220910377,-0.05836270220910377,0,0.6096631611034904,TRUE,169
P. falciparum,paper_replica,51013,Tangará da Serra,MT,2017,2,170,164025,0,0.05073744833803453,-0.05073744833803453,0,0.6096631611034904,TRUE,169
P. falciparum,paper_replica,51013,Tangará da Serra,MT,2017,3,171,164025,0,0.05121055452455923,-0.05121055452455923,0,0.6096631611034904,TRUE,169
P. falciparum,paper_replica,51014,Jauru,MT,2017,1,169,107777,0,0.0355288830982857,-0.0355288830982857,0,0,TRUE,169
P. falciparum,paper_replica,51014,Jauru,MT,2017,2,170,107777,0,0.03126861513995364,-0.03126861513995364,0,0,TRUE,169
P. falciparum,paper_replica,51014,Jauru,MT,2017,3,171,107777,0,0.03107875081926043,-0.03107875081926043,0,0,TRUE,169
P. falciparum,paper_replica,51015,Alto Paraguai,MT,2017,1,169,32480,0,0.025222429737530933,-0.025222429737530933,0,0,TRUE,169
P. falciparum,paper_replica,51015,Alto Paraguai,MT,2017,2,170,32480,0,0.021665519760981487,-0.021665519760981487,0,0,TRUE,169
P. falciparum,paper_replica,51015,Alto Paraguai,MT,2017,3,171,32480,0,0.021907016683402416,-0.021907016683402416,0,0,TRUE,169
P. falciparum,paper_replica,51016,Rosário Oeste,MT,2017,1,169,30173,0,0.03651854564806109,-0.03651854564806109,0,0,TRUE,169
P. falciparum,paper_replica,51016,Rosário Oeste,MT,2017,2,170,30173,0,0.03144364529229283,-0.03144364529229283,0,0,TRUE,169
P. falciparum,paper_replica,51016,Rosário Oeste,MT,2017,3,171,30173,0,0.032007868481187855,-0.032007868481187855,0,0,TRUE,169
P. falciparum,paper_replica,51017,Cuiabá,MT,2017,1,169,914056,0,0.039988987372952665,-0.039988987372952665,0,0.21880497474990593,TRUE,169
P. falciparum,paper_replica,51017,Cuiabá,MT,2017,2,170,914056,0,0.03478348210052847,-0.03478348210052847,0,0.21880497474990593,TRUE,169
P. falciparum,paper_replica,51017,Cuiabá,MT,2017,3,171,914056,0,0.034659879190125614,-0.034659879190125614,0,0.21880497474990593,TRUE,169
P. falciparum,paper_replica,51018,Alto Pantanal,MT,2017,1,169,136433,0,0.024826295286974675,-0.024826295286974675,0,0,TRUE,169
P. falciparum,paper_replica,51018,Alto Pantanal,MT,2017,2,170,136433,0,0.022078388192935016,-0.022078388192935016,0,0,TRUE,169
P. falciparum,paper_replica,51018,Alto Pantanal,MT,2017,3,171,136433,0,0.0216169722868811,-0.0216169722868811,0,0,TRUE,169
P. falciparum,paper_replica,51019,Primavera do Leste,MT,2017,1,169,99226,0,0.015756970388558538,-0.015756970388558538,0,0,TRUE,169
P. falciparum,paper_replica,51019,Primavera do Leste,MT,2017,2,170,99226,0,0.013597759975883975,-0.013597759975883975,0,0,TRUE,169
P. falciparum,paper_replica,51019,Primavera do Leste,MT,2017,3,171,99226,0,0.013637207174956674,-0.013637207174956674,0,0,TRUE,169
P. falciparum,paper_replica,51020,Tesouro,MT,2017,1,169,54389,0,0.007878756356948097,-0.007878756356948097,0,0,TRUE,169
P. falciparum,paper_replica,51020,Tesouro,MT,2017,2,170,54389,0,0.006840545777595176,-0.006840545777595176,0,0,TRUE,169
P. falciparum,paper_replica,51020,Tesouro,MT,2017,3,171,54389,0,0.006959973424777215,-0.006959973424777215,0,0,TRUE,169
P. falciparum,paper_replica,51021,Rondonópolis,MT,2017,1,169,306100,0,0.01390897478315569,-0.01390897478315569,0,0,TRUE,169
P. falciparum,paper_replica,51021,Rondonópolis,MT,2017,2,170,306100,0,0.012331240566077581,-0.012331240566077581,0,0,TRUE,169
P. falciparum,paper_replica,51021,Rondonópolis,MT,2017,3,171,306100,0,0.012361817842887366,-0.012361817842887366,0,0.17151257758901578,TRUE,169
P. falciparum,paper_replica,51022,Alto Araguaia,MT,2017,1,169,39942,0,0.0031528803538587963,-0.0031528803538587963,0,0,TRUE,169
P. falciparum,paper_replica,51022,Alto Araguaia,MT,2017,2,170,39942,0,0.0028409672770743563,-0.0028409672770743563,0,0,TRUE,169
P. falciparum,paper_replica,51022,Alto Araguaia,MT,2017,3,171,39942,0,0.002799492039353103,-0.002799492039353103,0,0,TRUE,169
P. falciparum,paper_replica,11001,Porto Velho,RO,2018,1,181,662715,8.75187674943226,38.53116016758231,-29.779283418150047,26.62909395441479,53.948529911047736,FALSE,181
P. falciparum,paper_replica,11001,Porto Velho,RO,2018,2,182,662715,7.846510189146163,32.89864712396328,-25.052136934817117,20.744211312555173,50.953275540767876,FALSE,181
P. falciparum,paper_replica,11001,Porto Velho,RO,2018,3,183,662715,7.393826909003116,33.482685764403804,-26.088858855400687,20.823430886580205,53.66183050029046,FALSE,181
P. falciparum,paper_replica,11002,Guajará-Mirim,RO,2018,1,181,83480,0,12.394289843767183,-12.394289843767183,0,25.155725922376618,TRUE,181
P. falciparum,paper_replica,11002,Guajará-Mirim,RO,2018,2,182,83480,1.1978917105893627,10.752635477127187,-9.554743766537825,0,22.75994250119789,TRUE,181
P. falciparum,paper_replica,11002,Guajará-Mirim,RO,2018,3,183,83480,1.1978917105893627,10.58493352517905,-9.387041814589686,0,26.353617632965978,TRUE,181
P. falciparum,paper_replica,11003,Ariquemes,RO,2018,1,181,202900,1.4785608674223756,42.76971108684332,-41.29115021942095,25.135534746180383,64.32971907343519,FALSE,181
P. falciparum,paper_replica,11003,Ariquemes,RO,2018,2,182,202900,1.4785608674223756,36.182516571992075,-34.7039557045697,20.206998521439132,62.09955643173978,FALSE,181
P. falciparum,paper_replica,11003,Ariquemes,RO,2018,3,183,202900,0,36.502349276810875,-36.502349276810875,17.976835879743717,62.61705273533759,FALSE,181
P. falciparum,paper_replica,11004,Ji-Paraná,RO,2018,1,181,295352,0.677158102873859,5.169405669461811,-4.4922475665879515,1.1765622037433305,10.834529645981744,FALSE,181
P. falciparum,paper_replica,11004,Ji-Paraná,RO,2018,2,182,295352,0,4.391334798583321,-4.391334798583321,1.0157371543107885,9.319388390801477,FALSE,181
P. falciparum,paper_replica,11004,Ji-Paraná,RO,2018,3,183,295352,0,4.418954578184898,-4.418954578184898,0.4994041008694715,10.157371543107885,FALSE,181
P. falciparum,paper_replica,11005,Alvorada D'Oeste,RO,2018,1,181,69972,0,2.317160164551294,-2.317160164551294,0,7.145715429028754,TRUE,181
P. falciparum,paper_replica,11005,Alvorada D'Oeste,RO,2018,2,182,69972,0,1.993231747639457,-1.993231747639457,0,7.145715429028754,TRUE,181
P. falciparum,paper_replica,11005,Alvorada D'Oeste,RO,2018,3,183,69972,0,1.9779632390087534,-1.9779632390087534,0,7.145715429028754,TRUE,181
P. falciparum,paper_replica,11006,Cacoal,RO,2018,1,181,236369,0.42306732270306174,2.052886792224335,-1.6298194695212733,0,5.499875195139802,TRUE,181
P. falciparum,paper_replica,11006,Cacoal,RO,2018,2,182,236369,0.42306732270306174,1.7878089500405467,-1.364741627337485,0,4.653740549733679,TRUE,181
P. falciparum,paper_replica,11006,Cacoal,RO,2018,3,183,236369,0.42306732270306174,1.7646468280765004,-1.3415795053734387,0,4.653740549733679,TRUE,181
P. falciparum,paper_replica,11007,Vilhena,RO,2018,1,181,158934,0,1.1850853880397727,-1.1850853880397727,0,3.775151949865982,TRUE,181
P. falciparum,paper_replica,11007,Vilhena,RO,2018,2,182,158934,0,1.028381076797457,-1.028381076797457,0,3.1459599582216518,TRUE,181
P. falciparum,paper_replica,11007,Vilhena,RO,2018,3,183,158934,1.887575974932991,1.00754356325746,0.8800324116755309,0,3.1459599582216518,TRUE,181
P. falciparum,paper_replica,11008,Colorado do Oeste,RO,2018,1,181,47867,0,2.8072286917417766,-2.8072286917417766,0,10.445609710238786,TRUE,181
P. falciparum,paper_replica,11008,Colorado do Oeste,RO,2018,2,182,47867,0,2.445338278238509,-2.445338278238509,0,8.356487768191029,TRUE,181
P. falciparum,paper_replica,11008,Colorado do Oeste,RO,2018,3,183,47867,0,2.388683002776892,-2.388683002776892,0,8.356487768191029,TRUE,181
P. falciparum,paper_replica,12001,Cruzeiro do Sul,AC,2018,1,181,154965,567.8701642306328,169.9972774653626,397.8728867652702,121.96302390862454,237.1664569418901,FALSE,181
P. falciparum,paper_replica,12001,Cruzeiro do Sul,AC,2018,2,182,154965,447.8430613364308,154.91797185958256,292.92508947684826,106.78217662052722,242.97421998515793,FALSE,181
P. falciparum,paper_replica,12001,Cruzeiro do Sul,AC,2018,3,183,154965,347.175168586455,147.3617130125037,199.8134555739513,91.94011550995387,251.52453779885764,FALSE,181
P. falciparum,paper_replica,12002,Tarauacá,AC,2018,1,181,84810,0,9.631857510231798,-9.631857510231798,0,20.044806037023935,TRUE,181
P. falciparum,paper_replica,12002,Tarauacá,AC,2018,2,182,84810,2.358212474943992,8.509092153018448,-6.150879678074457,0,20.663836811696708,TRUE,181
P. falciparum,paper_replica,12002,Tarauacá,AC,2018,3,183,84810,4.716424949887984,8.125630576034384,-3.4092056261463997,0,18.865699799551937,TRUE,181
P. falciparum,paper_replica,12003,Sena Madureira,AC,2018,1,181,60875,0,0.4107643199032704,-0.4107643199032704,0,1.642710472279261,TRUE,181
P. falciparum,paper_replica,12003,Sena Madureira,AC,2018,2,182,60875,0,0.35670740019783576,-0.35670740019783576,0,1.642710472279261,TRUE,181
P. falciparum,paper_replica,12003,Sena Madureira,AC,2018,3,183,60875,0,0.3429695563014674,-0.3429695563014674,0,1.642710472279261,TRUE,181
P. falciparum,paper_replica,12004,Rio Branco,AC,2018,1,181,498297,1.8061517528702762,5.181807407229868,-3.3756556543595915,1.2994258444261155,9.738168200892234,TRUE,181
P. falciparum,paper_replica,12004,Rio Branco,AC,2018,2,182,498297,1.0034176404834867,4.526172932669174,-3.5227552921856873,0.9933834640786525,9.432125820544774,TRUE,181
P. falciparum,paper_replica,12004,Rio Branco,AC,2018,3,183,498297,0.20068352809669734,4.361927309756872,-4.161243781660175,0.7926999359819551,8.333383504215353,FALSE,181
P. falciparum,paper_replica,12005,Brasiléia,AC,2018,1,181,70318,0,1.77334135277771,-1.77334135277771,0,5.688443926163998,TRUE,181
P. falciparum,paper_replica,12005,Brasiléia,AC,2018,2,182,70318,0,1.575394183516644,-1.575394183516644,0,5.688443926163998,TRUE,181
P. falciparum,paper_replica,12005,Brasiléia,AC,2018,3,183,70318,1.4221109815409996,1.4632993335218187,-0.04118835198081916,0,5.688443926163998,TRUE,181
P. falciparum,paper_replica,13001,Rio Negro,AM,2018,1,181,115590,582.2302967384721,53.54335738032213,528.68693935815,27.229864175101653,88.69711912795223,FALSE,181
P. falciparum,paper_replica,13001,Rio Negro,AM,2018,2,182,115590,497.44787611385067,47.871989645106986,449.5758864687437,24.223548749891858,82.64123194047926,FALSE,181
P. falciparum,paper_replica,13001,Rio Negro,AM,2018,3,183,115590,551.0857340600397,45.30437849120105,505.78135556883865,20.30885024656112,81.77610519941169,FALSE,181
P. falciparum,paper_replica,13002,Japurá,AM,2018,1,181,21451,9.323574658524079,11.436920646899356,-2.1133459883752774,0,32.632511304834274,TRUE,181
P. falciparum,paper_replica,13002,Japurá,AM,2018,2,182,21451,4.661787329262039,10.11041622232128,-5.448628893059241,0,32.632511304834274,TRUE,181
P. falciparum,paper_replica,13002,Japurá,AM,2018,3,183,21451,0,10.133924113040237,-10.133924113040237,0,32.632511304834274,TRUE,181
P. falciparum,paper_replica,13003,Alto Solimões,AM,2018,1,181,249343,29.67799376762131,20.892372083491885,8.785621684129424,10.216849881488553,34.70119473977613,TRUE,181
P. falciparum,paper_replica,13003,Alto Solimões,AM,2018,2,182,249343,34.49064140561396,18.53615963637241,15.954481769241546,8.402080667995492,31.282209646952193,FALSE,181
P. falciparum,paper_replica,13003,Alto Solimões,AM,2018,3,183,249343,23.662184220130502,18.787290241094123,4.874893979036379,7.620025426821687,34.32019346843502,TRUE,181
P. falciparum,paper_replica,13004,Juruá,AM,2018,1,181,150133,78.59697734675255,34.646457709513925,43.95051963723863,15.319749821824649,55.6340045159958,FALSE,181
P. falciparum,paper_replica,13004,Juruá,AM,2018,2,182,150133,69.2719122378158,30.500391811626958,38.77152042618884,10.940299601020431,54.301852357576266,FALSE,181
P. falciparum,paper_replica,13004,Juruá,AM,2018,3,183,150133,44.62709730705441,30.797364073670085,13.829733233384328,11.989369425775813,57.31584661600045,TRUE,181
P. falciparum,paper_replica,13005,Tefé,AM,2018,1,181,89401,8.948445766825875,36.525992587021165,-27.577546820195288,13.422668650238812,63.757676088634355,FALSE,181
P. falciparum,paper_replica,13005,Tefé,AM,2018,2,182,89401,2.237111441706469,31.60073898885972,-29.363627547153254,11.71687117593763,60.45793671211726,FALSE,181
P. falciparum,paper_replica,13005,Tefé,AM,2018,3,183,89401,7.82989004597264,31.90875156187479,-24.07886151590215,10.067001487679109,61.52056464692789,FALSE,181
P. falciparum,paper_replica,13006,Coari,AM,2018,1,181,178314,0.5608084614780668,18.15328688796169,-17.592478426483623,5.608084614780668,31.40527384277174,FALSE,181
P. falciparum,paper_replica,13006,Coari,AM,2018,2,182,178314,0.5608084614780668,15.694610332945672,-15.133801871467606,5.313660172504684,28.601231535381405,FALSE,181
P. falciparum,paper_replica,13006,Coari,AM,2018,3,183,178314,0,15.944155803014528,-15.944155803014528,5.608084614780668,31.966082304249806,FALSE,181
P. falciparum,paper_replica,13007,Manaus,AM,2018,1,181,2426207,0.6594655773394438,8.00868470971977,-7.349219132380326,5.377735700210246,11.544769263298633,FALSE,181
P. falciparum,paper_replica,13007,Manaus,AM,2018,2,182,2426207,0.3297327886697219,7.200977548426569,-6.871244759756847,4.24530965412267,10.987314767453885,FALSE,181
P. falciparum,paper_replica,13007,Manaus,AM,2018,3,183,2426207,0.6182489787557286,7.111625407886981,-6.493376429131253,4.41017604845753,11.709635657633495,FALSE,181
P. falciparum,paper_replica,13008,Rio Preto da Eva,AM,2018,1,181,67929,0,37.05842276194518,-37.05842276194518,11.004136672113532,67.0185046151128,FALSE,181
P. falciparum,paper_replica,13008,Rio Preto da Eva,AM,2018,2,182,67929,0,33.20195333850353,-33.20195333850353,11.777002458449264,62.60212869319433,FALSE,181
P. falciparum,paper_replica,13008,Rio Preto da Eva,AM,2018,3,183,67929,5.888501229224632,33.12577927323922,-27.237278044014587,9.532011364807374,71.43488053703129,FALSE,181
P. falciparum,paper_replica,13009,Itacoatiara,AM,2018,1,181,177387,0,8.43663004899057,-8.43663004899057,1.6912175074836375,17.47591424399759,FALSE,181
P. falciparum,paper_replica,13009,Itacoatiara,AM,2018,2,182,177387,0,7.250854369123419,-7.250854369123419,0.8315152745127892,16.348435905675164,FALSE,181
P. falciparum,paper_replica,13009,Itacoatiara,AM,2018,3,183,177387,0.5637391691612125,7.458502911153539,-6.8947637419923264,0.8315152745127892,15.784696736513949,FALSE,181
P. falciparum,paper_replica,13010,Parintins,AM,2018,1,181,277264,5.410006347740781,3.216567138271569,2.1934392094692123,0,6.131340527439552,TRUE,181
P. falciparum,paper_replica,13010,Parintins,AM,2018,2,182,277264,1.4426683593975418,2.767264362850836,-1.3245960034532942,0,6.852674707138323,TRUE,181
P. falciparum,paper_replica,13010,Parintins,AM,2018,3,183,277264,1.8033354492469271,2.832211777940598,-1.028876328693671,0,6.852674707138323,TRUE,181
P. falciparum,paper_replica,13011,Boca do Acre,AM,2018,1,181,53305,0,22.45459448702499,-22.45459448702499,1.8759966232060783,47.88481380733511,FALSE,181
P. falciparum,paper_replica,13011,Boca do Acre,AM,2018,2,182,53305,3.7519932464121566,19.947646817976377,-16.195653571564222,1.8759966232060783,41.27192571053372,TRUE,181
P. falciparum,paper_replica,13011,Boca do Acre,AM,2018,3,183,53305,0,19.577720866616485,-19.577720866616485,0,41.27192571053372,TRUE,181
P. falciparum,paper_replica,13012,Purus,AM,2018,1,181,77994,8.975049362771495,37.40784270548326,-28.43279334271177,13.430520296433063,67.34492396851037,FALSE,181
P. falciparum,paper_replica,13012,Purus,AM,2018,2,182,77994,5.128599635869426,32.185177933942335,-27.056578298072907,8.975049362771495,62.21632433264094,FALSE,181
P. falciparum,paper_replica,13012,Purus,AM,2018,3,183,77994,14.10364899864092,32.086112967152175,-17.982463968511254,7.692899453804139,62.21632433264094,TRUE,181
P. falciparum,paper_replica,13013,Madeira,AM,2018,1,181,196293,4.075540136428706,21.91909724977746,-17.843557113348755,8.151080272857412,37.69874626196553,FALSE,181
P. falciparum,paper_replica,13013,Madeira,AM,2018,2,182,196293,4.584982653482294,18.36259574534456,-13.777613091862266,7.616165629951146,34.13264864259042,FALSE,181
P. falciparum,paper_replica,13013,Madeira,AM,2018,3,183,196293,2.5472125852679413,18.42301153449389,-15.87579894922595,7.374180434350691,34.40010596404353,FALSE,181
P. falciparum,paper_replica,14001,Boa Vista,RR,2018,1,181,418986,67.54402295064752,11.106220417647702,56.43780253299981,5.125469586095955,19.105650308124844,FALSE,181
P. falciparum,paper_replica,14001,Boa Vista,RR,2018,2,182,418986,53.462406858463055,9.641164625267177,43.821242233195875,4.284152692452732,17.900359439217542,FALSE,181
P. falciparum,paper_replica,14001,Boa Vista,RR,2018,3,183,418986,79.71626736931545,9.715241898831867,70.00102547048358,4.296086265412209,17.912293012177006,FALSE,181
P. falciparum,paper_replica,14002,Nordeste de Roraima,RR,2018,1,181,51495,9.709680551509855,25.93138871130524,-16.221708159795384,3.883872220603942,54.37421108845519,TRUE,181
P. falciparum,paper_replica,14002,Nordeste de Roraima,RR,2018,2,182,51495,11.651616661811826,22.083496892929475,-10.431880231117649,2.86435576269541,47.6259831051558,TRUE,181
P. falciparum,paper_replica,14002,Nordeste de Roraima,RR,2018,3,183,51495,3.883872220603942,23.804876091284637,-19.921003870680696,3.883872220603942,50.49033886785124,TRUE,181
P. falciparum,paper_replica,14003,Caracaraí,RR,2018,1,181,50692,45.37205081669691,24.844274089103557,20.527776727593356,0,51.290144401483474,TRUE,181
P. falciparum,paper_replica,14003,Caracaraí,RR,2018,2,182,50692,7.890791446382072,21.933879633645407,-14.043088187263336,1.972697861595518,53.26284226307899,TRUE,181
P. falciparum,paper_replica,14003,Caracaraí,RR,2018,3,183,50692,5.918093584786554,22.26179011630878,-16.343696531522227,3.945395723191036,46.40771719403452,TRUE,181
P. falciparum,paper_replica,14004,Sudeste de Roraima,RR,2018,1,181,55395,1.8052170773535516,23.73466414693926,-21.92944706958571,3.6104341547071033,48.7408610885459,FALSE,181
P. falciparum,paper_replica,14004,Sudeste de Roraima,RR,2018,2,182,55395,23.467822005596172,20.254265370091396,3.2135566355047764,0.8574781117429396,47.02590486505994,TRUE,181
P. falciparum,paper_replica,14004,Sudeste de Roraima,RR,2018,3,183,55395,108.3130246412131,20.91191193742657,87.40111270378654,0,43.325209856485245,FALSE,181
P. falciparum,paper_replica,15001,Óbidos,PA,2018,1,181,206970,0,3.152028882149037,-3.152028882149037,0,6.764265352466541,TRUE,181
P. falciparum,paper_replica,15001,Óbidos,PA,2018,2,182,206970,0,2.589483671335193,-2.589483671335193,0,6.2811035415760745,TRUE,181
P. falciparum,paper_replica,15001,Óbidos,PA,2018,3,183,206970,0.4831618108904672,2.7170086720232645,-2.2338468611327973,0,7.247427163357009,TRUE,181
P. falciparum,paper_replica,15002,Santarém,PA,2018,1,181,525029,2.0951223646693804,2.10200848392632,-0.006886119256939605,0.1904656695153982,4.380710398854158,TRUE,181
P. falciparum,paper_replica,15002,Santarém,PA,2018,2,182,525029,3.999779059823362,1.737928888026356,2.261850171797006,0.1904656695153982,3.809313390307964,FALSE,181
P. falciparum,paper_replica,15002,Santarém,PA,2018,3,183,525029,6.475832763523538,1.77244220888099,4.7033905546425485,0,3.999779059823362,FALSE,181
P. falciparum,paper_replica,15003,Almeirim,PA,2018,1,181,74600,1.3404825737265416,3.8051790894965234,-2.464696515769982,0,10.723860589812332,TRUE,181
P. falciparum,paper_replica,15003,Almeirim,PA,2018,2,182,74600,5.361930294906166,3.167949360123744,2.1939809347824224,0,9.383378016085791,TRUE,181
P. falciparum,paper_replica,15003,Almeirim,PA,2018,3,183,74600,1.3404825737265416,3.2176492602708153,-1.8771666865442738,0,10.723860589812332,TRUE,181
P. falciparum,paper_replica,15004,Portel,PA,2018,1,181,151541,0,4.229201326466122,-4.229201326466122,0,9.898311348084018,TRUE,181
P. falciparum,paper_replica,15004,Portel,PA,2018,2,182,151541,0,3.564223613688318,-3.564223613688318,0,8.265089975650138,TRUE,181
P. falciparum,paper_replica,15004,Portel,PA,2018,3,183,151541,0,3.5514908856115452,-3.5514908856115452,0,8.924977398855738,TRUE,181
P. falciparum,paper_replica,15005,Furos de Breves,PA,2018,1,181,229807,13.489580387020412,43.88306703948164,-30.393486652461227,24.13982167645024,68.54665001501259,FALSE,181
P. falciparum,paper_replica,15005,Furos de Breves,PA,2018,2,182,229807,16.100466913540494,36.77746685436255,-20.676999940822057,16.94900503465952,59.40854717219231,FALSE,181
P. falciparum,paper_replica,15005,Furos de Breves,PA,2018,3,183,229807,16.535614667960505,36.59024950290556,-20.054634834945052,20.430187070019628,62.454581453132405,FALSE,181
P. falciparum,paper_replica,15006,Arari,PA,2018,1,181,175883,0.5685597812181962,5.157203993285669,-4.588644212067472,0,10.802635843145728,TRUE,181
P. falciparum,paper_replica,15006,Arari,PA,2018,2,182,175883,0,4.317734197581275,-4.317734197581275,0,9.665516280709335,TRUE,181
P. falciparum,paper_replica,15006,Arari,PA,2018,3,183,175883,0,4.332561896218594,-4.332561896218594,0,10.234076061927531,TRUE,181
P. falciparum,paper_replica,15007,Belém,PA,2018,1,181,2345306,0.04263835934415381,0.1346008447098701,-0.0919624853657163,0,0.38374523409738426,TRUE,181
P. falciparum,paper_replica,15007,Belém,PA,2018,2,182,2345306,0.08527671868830762,0.11238083695352731,-0.02710411826521969,0,0.3411068747532305,TRUE,181
P. falciparum,paper_replica,15007,Belém,PA,2018,3,183,2345306,0,0.11402597618544671,-0.11402597618544671,0,0.2984685154090767,TRUE,181
P. falciparum,paper_replica,15008,Castanhal,PA,2018,1,181,339469,0,0.15035485941096816,-0.15035485941096816,0,0.5891554162530305,TRUE,181
P. falciparum,paper_replica,15008,Castanhal,PA,2018,2,182,339469,0,0.12427629557686408,-0.12427629557686408,0,0.5891554162530305,TRUE,181
P. falciparum,paper_replica,15008,Castanhal,PA,2018,3,183,339469,0,0.12744015876889767,-0.12744015876889767,0,0.5891554162530305,TRUE,181
P. falciparum,paper_replica,15009,Salgado,PA,2018,1,181,269829,0,0.10351102160962114,-0.10351102160962114,0,0.37060508692542316,TRUE,181
P. falciparum,paper_replica,15009,Salgado,PA,2018,2,182,269829,0,0.0861971565601754,-0.0861971565601754,0,0.37060508692542316,TRUE,181
P. falciparum,paper_replica,15009,Salgado,PA,2018,3,183,269829,0,0.088168713605991,-0.088168713605991,0,0.37060508692542316,TRUE,181
P. falciparum,paper_replica,15010,Bragantina,PA,2018,1,181,420667,0,0.29934714597543666,-0.29934714597543666,0,0.9508708788661816,TRUE,181
P. falciparum,paper_replica,15010,Bragantina,PA,2018,2,182,420667,0,0.24767664778611423,-0.24767664778611423,0,0.7131531591496362,TRUE,181
P. falciparum,paper_replica,15010,Bragantina,PA,2018,3,183,420667,0,0.2564648120868478,-0.2564648120868478,0,0.9508708788661816,TRUE,181
P. falciparum,paper_replica,15011,Cametá,PA,2018,1,181,492940,0,1.0950585123537573,-1.0950585123537573,0,2.540877185864401,TRUE,181
P. falciparum,paper_replica,15011,Cametá,PA,2018,2,182,492940,0,0.9261913528094123,-0.9261913528094123,0,2.338012739887203,TRUE,181
P. falciparum,paper_replica,15011,Cametá,PA,2018,3,183,492940,0,0.9356124144908289,-0.9356124144908289,0,2.2315089057491786,TRUE,181
P. falciparum,paper_replica,15012,Tomé-Açu,PA,2018,1,181,335866,0,2.5764729658402823,-2.5764729658402823,0,5.5155925279724585,TRUE,181
P. falciparum,paper_replica,15012,Tomé-Açu,PA,2018,2,182,335866,0,2.145786315561887,-2.145786315561887,0,5.061542400838429,TRUE,181
P. falciparum,paper_replica,15012,Tomé-Açu,PA,2018,3,183,335866,0,2.1886412699344335,-2.1886412699344335,0,5.061542400838429,TRUE,181
P. falciparum,paper_replica,15013,Guamá,PA,2018,1,181,479227,0,4.627831721317201,-4.627831721317201,1.252016267864707,8.247657164558754,FALSE,181
P. falciparum,paper_replica,15013,Guamá,PA,2018,2,182,479227,0,3.793836541279551,-3.793836541279551,1.252016267864707,7.303428229210792,FALSE,181
P. falciparum,paper_replica,15013,Guamá,PA,2018,3,183,479227,0,3.8996952534683653,-3.8996952534683653,1.032913420988384,8.038987786581302,FALSE,181
P. falciparum,paper_replica,15014,Itaituba,PA,2018,1,181,220435,25.4043141969288,55.842852180819534,-30.438537983890733,31.970875768367094,83.4713180756232,FALSE,181
P. falciparum,paper_replica,15014,Itaituba,PA,2018,2,182,220435,30.3944473427541,47.612047204171006,-17.217599861416907,24.950665729126502,78.7193503753941,TRUE,181
P. falciparum,paper_replica,15014,Itaituba,PA,2018,3,183,220435,14.9703994374759,48.5694847625902,-33.5990853251143,27.649874112550183,83.06303445460108,FALSE,181
P. falciparum,paper_replica,15015,Altamira,PA,2018,1,181,306088,0,12.610560791067085,-12.610560791067085,4.729032173753954,22.215833355113563,FALSE,181
P. falciparum,paper_replica,15015,Altamira,PA,2018,2,182,306088,0.32670343169284655,10.86594600092931,-10.539242569236462,5.2109197355009025,19.773725203209526,FALSE,181
P. falciparum,paper_replica,15015,Altamira,PA,2018,3,183,306088,0,10.77032711631982,-10.77032711631982,4.402328742061107,21.26839340320428,FALSE,181
P. falciparum,paper_replica,15016,Tucuruí,PA,2018,1,181,379626,0,16.42371048431493,-16.42371048431493,7.9025145801394,27.131966725145272,FALSE,181
P. falciparum,paper_replica,15016,Tucuruí,PA,2018,2,182,379626,0,13.73860733461505,-13.73860733461505,6.183717658959081,24.37267205091326,FALSE,181
P. falciparum,paper_replica,15016,Tucuruí,PA,2018,3,183,379626,0,14.124435109369836,-14.124435109369836,6.447134811630395,26.881720430107514,FALSE,181
P. falciparum,paper_replica,15017,Paragominas,PA,2018,1,181,344335,0,6.741781865187383,-6.741781865187383,1.4520742881205801,11.907009162588757,FALSE,181
P. falciparum,paper_replica,15017,Paragominas,PA,2018,2,182,344335,0,5.563814327369511,-5.563814327369511,1.2996064878679197,11.92152990546995,FALSE,181
P. falciparum,paper_replica,15017,Paragominas,PA,2018,3,183,344335,0,5.793943310558198,-5.793943310558198,1.4520742881205801,11.493167990474372,FALSE,181
P. falciparum,paper_replica,15018,São Félix do Xingu,PA,2018,1,181,212630,0,1.1453323905675137,-1.1453323905675137,0,3.2921036542350564,TRUE,181
P. falciparum,paper_replica,15018,São Félix do Xingu,PA,2018,2,182,212630,0,0.9650785075682157,-0.9650785075682157,0,2.821803132201477,TRUE,181
P. falciparum,paper_replica,15018,São Félix do Xingu,PA,2018,3,183,212630,0,0.9767969581382399,-0.9767969581382399,0,3.2921036542350564,TRUE,181
P. falciparum,paper_replica,15019,Parauapebas,PA,2018,1,181,317861,0,1.8618121866880635,-1.8618121866880635,0,5.033646782713198,TRUE,181
P. falciparum,paper_replica,15019,Parauapebas,PA,2018,2,182,317861,0,1.5867489224523366,-1.5867489224523366,0,3.775235087034899,TRUE,181
P. falciparum,paper_replica,15019,Parauapebas,PA,2018,3,183,317861,0,1.6001320794922809,-1.6001320794922809,0,4.089838010954474,TRUE,181
P. falciparum,paper_replica,15020,Marabá,PA,2018,1,181,329372,0,2.7549689283767673,-2.7549689283767673,0,5.768553489671253,TRUE,181
P. falciparum,paper_replica,15020,Marabá,PA,2018,2,182,329372,0,2.3443032211844033,-2.3443032211844033,0,5.464945411267503,TRUE,181
P. falciparum,paper_replica,15020,Marabá,PA,2018,3,183,329372,0.30360807840375015,2.3717982970704834,-2.068190218666733,0,6.072161568075003,TRUE,181
P. falciparum,paper_replica,15021,Redenção,PA,2018,1,181,195973,0,0.6227066170897617,-0.6227066170897617,0,2.0410974981247416,TRUE,181
P. falciparum,paper_replica,15021,Redenção,PA,2018,2,182,195973,0,0.5378584508168912,-0.5378584508168912,0,2.0410974981247416,TRUE,181
P. falciparum,paper_replica,15021,Redenção,PA,2018,3,183,195973,0,0.5414870580143122,-0.5414870580143122,0,2.0410974981247416,TRUE,181
P. falciparum,paper_replica,15022,Conceição do Araguaia,PA,2018,1,181,160043,0,5.36714566717639,-5.36714566717639,0,11.246977374830514,TRUE,181
P. falciparum,paper_replica,15022,Conceição do Araguaia,PA,2018,2,182,160043,0,4.607652792751611,-4.607652792751611,0,10.622145298451041,TRUE,181
P. falciparum,paper_replica,15022,Conceição do Araguaia,PA,2018,3,183,160043,0,4.691139541895849,-4.691139541895849,0,11.246977374830514,TRUE,181
P. falciparum,paper_replica,16001,Oiapoque,AP,2018,1,181,37553,0,125.77671142687903,-125.77671142687903,55.78781988123453,210.36934465954783,FALSE,181
P. falciparum,paper_replica,16001,Oiapoque,AP,2018,2,182,37553,7.988709290868906,105.13062510232386,-97.14191581145495,49.19713471626768,198.585998455516,FALSE,181
P. falciparum,paper_replica,16001,Oiapoque,AP,2018,3,183,37553,5.325806193912603,108.83112065650134,-103.50531446258874,42.473304396453024,205.17668362048295,FALSE,181
P. falciparum,paper_replica,16002,Amapá,AP,2018,1,181,30877,3.238656605240146,16.953114814669284,-13.714458209429138,0,38.86387926288176,TRUE,181
P. falciparum,paper_replica,16002,Amapá,AP,2018,2,182,30877,3.238656605240146,13.981486078069818,-10.742829472829671,0,37.325517375392614,TRUE,181
P. falciparum,paper_replica,16002,Amapá,AP,2018,3,183,30877,6.477313210480292,14.448107426866851,-7.970794216386559,0,37.325517375392614,TRUE,181
P. falciparum,paper_replica,16003,Macapá,AP,2018,1,181,674807,9.928764817199584,9.563751002680304,0.36501381451927983,4.890287148769945,15.941595152391713,TRUE,181
P. falciparum,paper_replica,16003,Macapá,AP,2018,2,182,674807,6.224001825707202,7.908551526318415,-1.6845497006112131,3.6269629686710427,13.866927877155977,TRUE,181
P. falciparum,paper_replica,16003,Macapá,AP,2018,3,183,674807,12.448003651414403,8.02990730269578,4.418096348718624,3.845543985169093,14.600470949471475,TRUE,181
P. falciparum,paper_replica,16004,Mazagão,AP,2018,1,181,86257,11.59326199612785,28.744812312759215,-17.151550316631365,8.115283397289495,54.48833138180089,TRUE,181
P. falciparum,paper_replica,16004,Mazagão,AP,2018,2,182,86257,42.89506938567305,23.7849850093718,19.11008437630125,5.796630998063925,46.3730479845114,TRUE,181
P. falciparum,paper_replica,16004,Mazagão,AP,2018,3,183,86257,26.66450259109406,24.287496888339714,2.377005702754346,5.796630998063925,48.69170038373697,TRUE,181
P. falciparum,paper_replica,17001,Bico do Papagaio,TO,2018,1,181,214202,0,0.23070532913077435,-0.23070532913077435,0,0.9336980980569742,TRUE,181
P. falciparum,paper_replica,17001,Bico do Papagaio,TO,2018,2,182,214202,0,0.19562987118952702,-0.19562987118952702,0,0.9336980980569742,TRUE,181
P. falciparum,paper_replica,17001,Bico do Papagaio,TO,2018,3,183,214202,0,0.2003134197023346,-0.2003134197023346,0,0.9336980980569742,TRUE,181
P. falciparum,paper_replica,17002,Araguaína,TO,2018,1,181,315817,0,0.19066180922442036,-0.19066180922442036,0,0.9499171988841639,TRUE,181
P. falciparum,paper_replica,17002,Araguaína,TO,2018,2,182,315817,0,0.16198613120078534,-0.16198613120078534,0,0.6332781325894425,TRUE,181
P. falciparum,paper_replica,17002,Araguaína,TO,2018,3,183,315817,0,0.16541591556051288,-0.16541591556051288,0,0.9499171988841639,TRUE,181
P. falciparum,paper_replica,17003,Miracema do Tocantins,TO,2018,1,181,148745,0,0.1810181510870453,-0.1810181510870453,0,1.3445830111936534,TRUE,181
P. falciparum,paper_replica,17003,Miracema do Tocantins,TO,2018,2,182,148745,0,0.1566457280941423,-0.1566457280941423,0,0.6722915055968267,TRUE,181
P. falciparum,paper_replica,17003,Miracema do Tocantins,TO,2018,3,183,148745,0,0.15994813420234003,-0.15994813420234003,0,0.6722915055968267,TRUE,181
P. falciparum,paper_replica,17004,Rio Formoso,TO,2018,1,181,126836,0,0.1815639043270779,-0.1815639043270779,0,0.7884196915702166,TRUE,181
P. falciparum,paper_replica,17004,Rio Formoso,TO,2018,2,182,126836,0,0.15350711262163752,-0.15350711262163752,0,0.7884196915702166,TRUE,181
P. falciparum,paper_replica,17004,Rio Formoso,TO,2018,3,183,126836,0,0.15764885034857345,-0.15764885034857345,0,0.7884196915702166,TRUE,181
P. falciparum,paper_replica,17005,Gurupi,TO,2018,1,181,149602,0,0.023586281902069763,-0.023586281902069763,0,0,TRUE,181
P. falciparum,paper_replica,17005,Gurupi,TO,2018,2,182,149602,0,0.019898717553105953,-0.019898717553105953,0,0,TRUE,181
P. falciparum,paper_replica,17005,Gurupi,TO,2018,3,183,149602,0,0.020288480961318644,-0.020288480961318644,0,0,TRUE,181
P. falciparum,paper_replica,17006,Porto Nacional,TO,2018,1,181,396590,0,0.0645920790218303,-0.0645920790218303,0,0.25214957512796593,TRUE,181
P. falciparum,paper_replica,17006,Porto Nacional,TO,2018,2,182,396590,0,0.05481585526506413,-0.05481585526506413,0,0.25214957512796593,TRUE,181
P. falciparum,paper_replica,17006,Porto Nacional,TO,2018,3,183,396590,0,0.05605666616586752,-0.05605666616586752,0,0.25214957512796593,TRUE,181
P. falciparum,paper_replica,17007,Jalapão,TO,2018,1,181,79443,0,0.0049067744700363744,-0.0049067744700363744,0,0,TRUE,181
P. falciparum,paper_replica,17007,Jalapão,TO,2018,2,182,79443,0,0.004256789775570867,-0.004256789775570867,0,0,TRUE,181
P. falciparum,paper_replica,17007,Jalapão,TO,2018,3,183,79443,0,0.004336273586936972,-0.004336273586936972,0,0,TRUE,181
P. falciparum,paper_replica,17008,Dianópolis,TO,2018,1,181,123994,0,0.0018869559020554317,-0.0018869559020554317,0,0,TRUE,181
P. falciparum,paper_replica,17008,Dianópolis,TO,2018,2,182,123994,0,0.0016060300642759,-0.0016060300642759,0,0,TRUE,181
P. falciparum,paper_replica,17008,Dianópolis,TO,2018,3,183,123994,0,0.0016348345740753196,-0.0016348345740753196,0,0,TRUE,181
P. falciparum,paper_replica,21001,Litoral Ocidental Maranhense,MA,2018,1,181,190870,0.5239168020118405,0.034881066044078445,0.4890357359677621,0,0.5239168020118405,TRUE,181
P. falciparum,paper_replica,21001,Litoral Ocidental Maranhense,MA,2018,2,182,190870,0,0.028919415051745646,-0.028919415051745646,0,0.5239168020118405,TRUE,181
P. falciparum,paper_replica,21001,Litoral Ocidental Maranhense,MA,2018,3,183,190870,0,0.03095559941630571,-0.03095559941630571,0,0.5239168020118405,TRUE,181
P. falciparum,paper_replica,21002,Aglomeração Urbana de São Luís,MA,2018,1,181,1421946,0.07032615865862699,0.0325570941014289,0.037769064557198084,0,0.14065231731725397,TRUE,181
P. falciparum,paper_replica,21002,Aglomeração Urbana de São Luís,MA,2018,2,182,1421946,0,0.026794558877508277,-0.026794558877508277,0,0.14065231731725397,TRUE,181
P. falciparum,paper_replica,21002,Aglomeração Urbana de São Luís,MA,2018,3,183,1421946,0,0.027790609746256932,-0.027790609746256932,0,0.14065231731725397,TRUE,181
P. falciparum,paper_replica,21003,Rosário,MA,2018,1,181,177073,0,0.03174903612560706,-0.03174903612560706,0,0.564738836525049,TRUE,181
P. falciparum,paper_replica,21003,Rosário,MA,2018,2,182,177073,0,0.025880075182903507,-0.025880075182903507,0,0,TRUE,181
P. falciparum,paper_replica,21003,Rosário,MA,2018,3,183,177073,0,0.02759957205239578,-0.02759957205239578,0,0,TRUE,181
P. falciparum,paper_replica,21004,Lençóis Maranhenses,MA,2018,1,181,195389,0,0.030031863131063843,-0.030031863131063843,0,0.5117995383568165,TRUE,181
P. falciparum,paper_replica,21004,Lençóis Maranhenses,MA,2018,2,182,195389,0,0.024006063319414593,-0.024006063319414593,0,0.268694757637317,TRUE,181
P. falciparum,paper_replica,21004,Lençóis Maranhenses,MA,2018,3,183,195389,0,0.026265078184973378,-0.026265078184973378,0,0.5117995383568165,TRUE,181
P. falciparum,paper_replica,21005,Baixada Maranhense,MA,2018,1,181,601025,0.16638243001539038,1.201150959718538,-1.0347685297031475,0,2.7494696560043224,TRUE,181
P. falciparum,paper_replica,21005,Baixada Maranhense,MA,2018,2,182,601025,0,0.9997040073082872,-0.9997040073082872,0,2.3293540202154652,TRUE,181
P. falciparum,paper_replica,21005,Baixada Maranhense,MA,2018,3,183,601025,0,1.0505741273623042,-1.0505741273623042,0,2.4957364502308557,TRUE,181
P. falciparum,paper_replica,21006,Itapecuru Mirim,MA,2018,1,181,233753,0,0.2262048353643301,-0.2262048353643301,0,0.8556039922482279,TRUE,181
P. falciparum,paper_replica,21006,Itapecuru Mirim,MA,2018,2,182,233753,0,0.18299646463957078,-0.18299646463957078,0,0.8556039922482279,TRUE,181
P. falciparum,paper_replica,21006,Itapecuru Mirim,MA,2018,3,183,233753,0,0.19529534518294842,-0.19529534518294842,0,0.8556039922482279,TRUE,181
P. falciparum,paper_replica,21007,Gurupi,MA,2018,1,181,240239,0,3.1055376793082194,-3.1055376793082194,0,7.492538680230937,TRUE,181
P. falciparum,paper_replica,21007,Gurupi,MA,2018,2,182,240239,0,2.597613531661427,-2.597613531661427,0,6.24378223352578,TRUE,181
P. falciparum,paper_replica,21007,Gurupi,MA,2018,3,183,240239,0,2.690080691319154,-2.690080691319154,0,6.660034382427499,TRUE,181
P. falciparum,paper_replica,21008,Pindaré,MA,2018,1,181,662890,1.2068367300758798,1.0236965470271528,0.18314018304872692,0,2.1119642776327896,TRUE,181
P. falciparum,paper_replica,21008,Pindaré,MA,2018,2,182,662890,0.4525637737784549,0.88885655186003,-0.43629277808157507,0,2.1119642776327896,TRUE,181
P. falciparum,paper_replica,21008,Pindaré,MA,2018,3,183,662890,0.4525637737784549,0.9072556680578528,-0.45469189427939793,0,2.262818868892275,TRUE,181
P. falciparum,paper_replica,21009,Imperatriz,MA,2018,1,181,597823,0.16727359101272452,0.2805620862377441,-0.11328849522501958,0,0.8363679550636226,TRUE,181
P. falciparum,paper_replica,21009,Imperatriz,MA,2018,2,182,597823,0,0.238182014286124,-0.238182014286124,0,0.8363679550636226,TRUE,181
P. falciparum,paper_replica,21009,Imperatriz,MA,2018,3,183,597823,0.16727359101272452,0.24342683076552732,-0.0761532397528028,0,0.8363679550636226,TRUE,181
P. falciparum,paper_replica,21010,Médio Mearim,MA,2018,1,181,424133,1.6504256919409714,0.6580169321257012,0.9924087598152702,0,1.6504256919409714,TRUE,181
P. falciparum,paper_replica,21010,Médio Mearim,MA,2018,2,182,424133,0.47155019769742035,0.5511422183219679,-0.07959202062454751,0,1.6504256919409714,TRUE,181
P. falciparum,paper_replica,21010,Médio Mearim,MA,2018,3,183,424133,0.23577509884871017,0.5811494246899557,-0.3453743258412455,0,1.6504256919409714,TRUE,181
P. falciparum,paper_replica,21011,Alto Mearim e Grajaú,MA,2018,1,181,334288,0.29914325372134204,0.3328207937688933,-0.033677540047551247,0,1.1965730148853682,TRUE,181
P. falciparum,paper_replica,21011,Alto Mearim e Grajaú,MA,2018,2,182,334288,0,0.28840235590110097,-0.28840235590110097,0,1.1965730148853682,TRUE,181
P. falciparum,paper_replica,21011,Alto Mearim e Grajaú,MA,2018,3,183,334288,0.29914325372134204,0.2937929705682491,0.0053502831530929384,0,1.1965730148853682,TRUE,181
P. falciparum,paper_replica,21012,Presidente Dutra,MA,2018,1,181,199032,0.5024317697656658,0.6532824871187755,-0.15085071735310962,0,2.512158848828329,TRUE,181
P. falciparum,paper_replica,21012,Presidente Dutra,MA,2018,2,182,199032,0,0.5515199815015576,-0.5515199815015576,0,2.0097270790626633,TRUE,181
P. falciparum,paper_replica,21012,Presidente Dutra,MA,2018,3,183,199032,0,0.5778356569774207,-0.5778356569774207,0,2.0097270790626633,TRUE,181
P. falciparum,paper_replica,21013,Baixo Parnaíba Maranhense,MA,2018,1,181,145296,0,0.25049319940952924,-0.25049319940952924,0,1.3765003854201079,TRUE,181
P. falciparum,paper_replica,21013,Baixo Parnaíba Maranhense,MA,2018,2,182,145296,0,0.19969110530871012,-0.19969110530871012,0,0.6882501927100539,TRUE,181
P. falciparum,paper_replica,21013,Baixo Parnaíba Maranhense,MA,2018,3,183,145296,0,0.2146376966834611,-0.2146376966834611,0,1.3765003854201079,TRUE,181
P. falciparum,paper_replica,21014,Chapadinha,MA,2018,1,181,243323,0,0.11371152907597748,-0.11371152907597748,0,0.4109763565302088,TRUE,181
P. falciparum,paper_replica,21014,Chapadinha,MA,2018,2,182,243323,0,0.09178438942125018,-0.09178438942125018,0,0.4109763565302088,TRUE,181
P. falciparum,paper_replica,21014,Chapadinha,MA,2018,3,183,243323,0,0.09771361615683535,-0.09771361615683535,0,0.4109763565302088,TRUE,181
P. falciparum,paper_replica,21015,Codó,MA,2018,1,181,277501,0,0.38361346792762296,-0.38361346792762296,0,1.4414362470765871,TRUE,181
P. falciparum,paper_replica,21015,Codó,MA,2018,2,182,277501,0,0.3208994668783524,-0.3208994668783524,0,1.2702656927362344,TRUE,181
P. falciparum,paper_replica,21015,Codó,MA,2018,3,183,277501,0,0.33658426215873904,-0.33658426215873904,0,1.0810771853074403,TRUE,181
P. falciparum,paper_replica,21016,Coelho Neto,MA,2018,1,181,93313,0,0.038854426233793364,-0.038854426233793364,0,0,TRUE,181
P. falciparum,paper_replica,21016,Coelho Neto,MA,2018,2,182,93313,0,0.03178480459932544,-0.03178480459932544,0,0,TRUE,181
P. falciparum,paper_replica,21016,Coelho Neto,MA,2018,3,183,93313,0,0.03337542689021019,-0.03337542689021019,0,0,TRUE,181
P. falciparum,paper_replica,21017,Caxias,MA,2018,1,181,442882,0,0.20759270668600588,-0.20759270668600588,0,0.6773813340799582,TRUE,181
P. falciparum,paper_replica,21017,Caxias,MA,2018,2,182,442882,0,0.1735981050007549,-0.1735981050007549,0,0.6773813340799582,TRUE,181
P. falciparum,paper_replica,21017,Caxias,MA,2018,3,183,442882,0,0.1820179421911611,-0.1820179421911611,0,0.9031751121066107,TRUE,181
P. falciparum,paper_replica,21018,Chapadas do Alto Itapecuru,MA,2018,1,181,220558,0,0.20915511610292395,-0.20915511610292395,0,0.906790957480572,TRUE,181
P. falciparum,paper_replica,21018,Chapadas do Alto Itapecuru,MA,2018,2,182,220558,0,0.18131562938757884,-0.18131562938757884,0,0.906790957480572,TRUE,181
P. falciparum,paper_replica,21018,Chapadas do Alto Itapecuru,MA,2018,3,183,220558,0,0.18414153195228578,-0.18414153195228578,0,0.906790957480572,TRUE,181
P. falciparum,paper_replica,21019,Porto Franco,MA,2018,1,181,119474,0,0.16879743067244168,-0.16879743067244168,0,0.8370021929457456,TRUE,181
P. falciparum,paper_replica,21019,Porto Franco,MA,2018,2,182,119474,0,0.14469576803853293,-0.14469576803853293,0,0.8370021929457456,TRUE,181
P. falciparum,paper_replica,21019,Porto Franco,MA,2018,3,183,119474,0,0.14712999317219969,-0.14712999317219969,0,0.8370021929457456,TRUE,181
P. falciparum,paper_replica,21020,Gerais de Balsas,MA,2018,1,181,142177,0,0.018680922945819346,-0.018680922945819346,0,0,TRUE,181
P. falciparum,paper_replica,21020,Gerais de Balsas,MA,2018,2,182,142177,0,0.016130522994699484,-0.016130522994699484,0,0,TRUE,181
P. falciparum,paper_replica,21020,Gerais de Balsas,MA,2018,3,183,142177,0,0.016494000344406724,-0.016494000344406724,0,0,TRUE,181
P. falciparum,paper_replica,21021,Chapadas das Mangabeiras,MA,2018,1,181,72070,0,0.008804556725372545,-0.008804556725372545,0,0,TRUE,181
P. falciparum,paper_replica,21021,Chapadas das Mangabeiras,MA,2018,2,182,72070,0,0.007679866293186083,-0.007679866293186083,0,0,TRUE,181
P. falciparum,paper_replica,21021,Chapadas das Mangabeiras,MA,2018,3,183,72070,0,0.007785090677328069,-0.007785090677328069,0,0,TRUE,181
P. falciparum,paper_replica,51001,Aripuanã,MT,2018,1,181,166705,0.5998620317327015,10.026389075926867,-9.426527044194165,0.5998620317327015,20.995171110644552,TRUE,181
P. falciparum,paper_replica,51001,Aripuanã,MT,2018,2,182,166705,0,8.43067042135763,-8.43067042135763,1.7995860951981044,17.995860951981044,FALSE,181
P. falciparum,paper_replica,51001,Aripuanã,MT,2018,3,183,166705,0,8.581153924575988,-8.581153924575988,0.5698689301460681,17.395998920248346,FALSE,181
P. falciparum,paper_replica,51002,Alta Floresta,MT,2018,1,181,107187,0,0.9576574046256864,-0.9576574046256864,0,3.731795833449952,TRUE,181
P. falciparum,paper_replica,51002,Alta Floresta,MT,2018,2,182,107187,0,0.8008793726198635,-0.8008793726198635,0,2.798846875087464,TRUE,181
P. falciparum,paper_replica,51002,Alta Floresta,MT,2018,3,183,107187,0,0.8292860144052749,-0.8292860144052749,0,3.731795833449952,TRUE,181
P. falciparum,paper_replica,51003,Colíder,MT,2018,1,181,155831,0,1.168145624248504,-1.168145624248504,0,3.2086041930039597,TRUE,181
P. falciparum,paper_replica,51003,Colíder,MT,2018,2,182,155831,1.2834416772015838,0.9699033836186025,0.31353829358298124,0,3.2086041930039597,TRUE,181
P. falciparum,paper_replica,51003,Colíder,MT,2018,3,183,155831,0,1.0093547510455878,-1.0093547510455878,0,3.2086041930039597,TRUE,181
P. falciparum,paper_replica,51004,Parecis,MT,2018,1,181,108739,0,0.41767890439535693,-0.41767890439535693,0,1.839266500519593,TRUE,181
P. falciparum,paper_replica,51004,Parecis,MT,2018,2,182,108739,0,0.3596889326378475,-0.3596889326378475,0,1.839266500519593,TRUE,181
P. falciparum,paper_replica,51004,Parecis,MT,2018,3,183,108739,0,0.36142160686755914,-0.36142160686755914,0,1.839266500519593,TRUE,181
P. falciparum,paper_replica,51005,Arinos,MT,2018,1,181,82534,0,0.5649180610726946,-0.5649180610726946,0,2.4232437540892238,TRUE,181
P. falciparum,paper_replica,51005,Arinos,MT,2018,2,182,82534,0,0.46863084809395983,-0.46863084809395983,0,2.4232437540892238,TRUE,181
P. falciparum,paper_replica,51005,Arinos,MT,2018,3,183,82534,0,0.4880784404699356,-0.4880784404699356,0,2.4232437540892238,TRUE,181
P. falciparum,paper_replica,51006,Alto Teles Pires,MT,2018,1,181,252848,0,0.30425648331969685,-0.30425648331969685,0,1.1864835790672656,TRUE,181
P. falciparum,paper_replica,51006,Alto Teles Pires,MT,2018,2,182,252848,0,0.2597271949568665,-0.2597271949568665,0,1.1864835790672656,TRUE,181
P. falciparum,paper_replica,51006,Alto Teles Pires,MT,2018,3,183,252848,0,0.2693057368465463,-0.2693057368465463,0,1.1864835790672656,TRUE,181
P. falciparum,paper_replica,51007,Sinop,MT,2018,1,181,203408,0,0.23587444891993703,-0.23587444891993703,0,0.9832454967356249,TRUE,181
P. falciparum,paper_replica,51007,Sinop,MT,2018,2,182,203408,0,0.1950478685951844,-0.1950478685951844,0,0.9832454967356249,TRUE,181
P. falciparum,paper_replica,51007,Sinop,MT,2018,3,183,203408,0,0.20579285156754462,-0.20579285156754462,0,0.9832454967356249,TRUE,181
P. falciparum,paper_replica,51008,Paranatinga,MT,2018,1,181,36363,0,0.025772555262648808,-0.025772555262648808,0,0,TRUE,181
P. falciparum,paper_replica,51008,Paranatinga,MT,2018,2,182,36363,0,0.02240210210718841,-0.02240210210718841,0,0,TRUE,181
P. falciparum,paper_replica,51008,Paranatinga,MT,2018,3,183,36363,0,0.023079129636563434,-0.023079129636563434,0,0,TRUE,181
P. falciparum,paper_replica,51009,Norte Araguaia,MT,2018,1,181,130472,0,0.08621309032657476,-0.08621309032657476,0,0.766447973511558,TRUE,181
P. falciparum,paper_replica,51009,Norte Araguaia,MT,2018,2,182,130472,0,0.07339653152467675,-0.07339653152467675,0,0.766447973511558,TRUE,181
P. falciparum,paper_replica,51009,Norte Araguaia,MT,2018,3,183,130472,0,0.07650712919193604,-0.07650712919193604,0,0.766447973511558,TRUE,181
P. falciparum,paper_replica,51010,Canarana,MT,2018,1,181,114602,0,0.015687181934366693,-0.015687181934366693,0,0,TRUE,181
P. falciparum,paper_replica,51010,Canarana,MT,2018,2,182,114602,0,0.013850980987926182,-0.013850980987926182,0,0,TRUE,181
P. falciparum,paper_replica,51010,Canarana,MT,2018,3,183,114602,0,0.014076898795059533,-0.014076898795059533,0,0,TRUE,181
P. falciparum,paper_replica,51011,Médio Araguaia,MT,2018,1,181,69471,0,0.004134344304553955,-0.004134344304553955,0,0,TRUE,181
P. falciparum,paper_replica,51011,Médio Araguaia,MT,2018,2,182,69471,0,0.003622125089052695,-0.003622125089052695,0,0,TRUE,181
P. falciparum,paper_replica,51011,Médio Araguaia,MT,2018,3,183,69471,0,0.003721402486847486,-0.003721402486847486,0,0,TRUE,181
P. falciparum,paper_replica,51012,Alto Guaporé,MT,2018,1,181,74703,0,0.4151099827538231,-0.4151099827538231,0,1.3386343252613684,TRUE,181
P. falciparum,paper_replica,51012,Alto Guaporé,MT,2018,2,182,74703,0,0.3650939035402782,-0.3650939035402782,0,2.6772686505227368,TRUE,181
P. falciparum,paper_replica,51012,Alto Guaporé,MT,2018,3,183,74703,0,0.3452834795955357,-0.3452834795955357,0,1.3386343252613684,TRUE,181
P. falciparum,paper_replica,51013,Tangará da Serra,MT,2018,1,181,168844,0,0.08874177013785531,-0.08874177013785531,0,0.5922626803439861,TRUE,181
P. falciparum,paper_replica,51013,Tangará da Serra,MT,2018,2,182,168844,0,0.07644241454560885,-0.07644241454560885,0,0.5922626803439861,TRUE,181
P. falciparum,paper_replica,51013,Tangará da Serra,MT,2018,3,183,168844,0,0.0736904463972806,-0.0736904463972806,0,0.5922626803439861,TRUE,181
P. falciparum,paper_replica,51014,Jauru,MT,2018,1,181,110817,0,0.05205098326694958,-0.05205098326694958,0,0.9023886226842452,TRUE,181
P. falciparum,paper_replica,51014,Jauru,MT,2018,2,182,110817,0,0.0456949017332628,-0.0456949017332628,0,0.9023886226842452,TRUE,181
P. falciparum,paper_replica,51014,Jauru,MT,2018,3,183,110817,0,0.04309267290307154,-0.04309267290307154,0,0.9023886226842452,TRUE,181
P. falciparum,paper_replica,51015,Alto Paraguai,MT,2018,1,181,33393,0,0.036773079699738136,-0.036773079699738136,0,0,TRUE,181
P. falciparum,paper_replica,51015,Alto Paraguai,MT,2018,2,182,33393,0,0.031871154136988836,-0.031871154136988836,0,0,TRUE,181
P. falciparum,paper_replica,51015,Alto Paraguai,MT,2018,3,183,33393,0,0.03163668311519663,-0.03163668311519663,0,0,TRUE,181
P. falciparum,paper_replica,51016,Rosário Oeste,MT,2018,1,181,31027,0,0.05323460067972795,-0.05323460067972795,0,0,TRUE,181
P. falciparum,paper_replica,51016,Rosário Oeste,MT,2018,2,182,31027,0,0.04632400613644069,-0.04632400613644069,0,0,TRUE,181
P. falciparum,paper_replica,51016,Rosário Oeste,MT,2018,3,183,31027,0,0.04703898800821862,-0.04703898800821862,0,0,TRUE,181
P. falciparum,paper_replica,51017,Cuiabá,MT,2018,1,181,938414,0,0.05857508458305366,-0.05857508458305366,0,0.21312555013032627,TRUE,181
P. falciparum,paper_replica,51017,Cuiabá,MT,2018,2,182,938414,0,0.05175604573007534,-0.05175604573007534,0,0.21312555013032627,TRUE,181
P. falciparum,paper_replica,51017,Cuiabá,MT,2018,3,183,938414,0,0.05195467636875343,-0.05195467636875343,0,0.21312555013032627,TRUE,181
P. falciparum,paper_replica,51018,Alto Pantanal,MT,2018,1,181,140405,0,0.03618172608991392,-0.03618172608991392,0,0,TRUE,181
P. falciparum,paper_replica,51018,Alto Pantanal,MT,2018,2,182,140405,0,0.032054900540853394,-0.032054900540853394,0,0.7122253481001389,TRUE,181
P. falciparum,paper_replica,51018,Alto Pantanal,MT,2018,3,183,140405,0,0.030832881560479374,-0.030832881560479374,0,0.7122253481001389,TRUE,181
P. falciparum,paper_replica,51019,Primavera do Leste,MT,2018,1,181,103909,0,0.02262390577888991,-0.02262390577888991,0,0,TRUE,181
P. falciparum,paper_replica,51019,Primavera do Leste,MT,2018,2,182,103909,0,0.02034654864629254,-0.02034654864629254,0,0,TRUE,181
P. falciparum,paper_replica,51019,Primavera do Leste,MT,2018,3,183,103909,0,0.020506780628793526,-0.020506780628793526,0,0,TRUE,181
P. falciparum,paper_replica,51020,Tesouro,MT,2018,1,181,55925,0,0.011222630822435188,-0.011222630822435188,0,0,TRUE,181
P. falciparum,paper_replica,51020,Tesouro,MT,2018,2,182,55925,0,0.010248158406528984,-0.010248158406528984,0,0,TRUE,181
P. falciparum,paper_replica,51020,Tesouro,MT,2018,3,183,55925,0,0.0103273065118484,-0.0103273065118484,0,0,TRUE,181
P. falciparum,paper_replica,51021,Rondonópolis,MT,2018,1,181,315273,0,0.020242120905239715,-0.020242120905239715,0,0.317185423426681,TRUE,181
P. falciparum,paper_replica,51021,Rondonópolis,MT,2018,2,182,315273,0,0.018186212771421007,-0.018186212771421007,0,0.317185423426681,TRUE,181
P. falciparum,paper_replica,51021,Rondonópolis,MT,2018,3,183,315273,0,0.018590542566242707,-0.018590542566242707,0,0.317185423426681,TRUE,181
P. falciparum,paper_replica,51022,Alto Araguaia,MT,2018,1,181,41128,0,0.004500828460695947,-0.004500828460695947,0,0,TRUE,181
P. falciparum,paper_replica,51022,Alto Araguaia,MT,2018,2,182,41128,0,0.004158372720165506,-0.004158372720165506,0,0,TRUE,181
P. falciparum,paper_replica,51022,Alto Araguaia,MT,2018,3,183,41128,0,0.004266621821674409,-0.004266621821674409,0,0,TRUE,181
P. falciparum,paper_replica,11001,Porto Velho,RO,2019,1,193,676286,8.576253241971592,27.388393249789765,-18.812140007818172,16.631277299840598,37.9388306130838,FALSE,193
P. falciparum,paper_replica,11001,Porto Velho,RO,2019,2,194,676286,10.498516899654879,24.506765401668517,-14.008248502013638,14.531573919909626,38.14954028325294,FALSE,193
P. falciparum,paper_replica,11001,Porto Velho,RO,2019,3,195,676286,5.47105810263705,24.38215077210856,-18.911092669471508,15.152612947776532,39.78346439228373,FALSE,193
P. falciparum,paper_replica,11002,Guajará-Mirim,RO,2019,1,193,84771,0,8.708600491545191,-8.708600491545191,0,18.8743792098713,TRUE,193
P. falciparum,paper_replica,11002,Guajará-Mirim,RO,2019,2,194,84771,0,7.741945045134172,-7.741945045134172,0,18.8743792098713,TRUE,193
P. falciparum,paper_replica,11002,Guajará-Mirim,RO,2019,3,195,84771,0,7.656554822878339,-7.656554822878339,0,18.314046077078217,TRUE,193
P. falciparum,paper_replica,11003,Ariquemes,RO,2019,1,193,206332,3.877246379621193,29.654374565179122,-25.777128185557928,14.769885427369482,50.88885873252816,FALSE,193
P. falciparum,paper_replica,11003,Ariquemes,RO,2019,2,194,206332,1.9386231898105966,26.70694974515826,-24.768326555347663,12.576817943896245,45.812089254211656,FALSE,193
P. falciparum,paper_replica,11003,Ariquemes,RO,2019,3,195,206332,3.877246379621193,26.446915697044368,-22.569669317423173,13.061473741348895,49.96801271736808,FALSE,193
P. falciparum,paper_replica,11004,Ji-Paraná,RO,2019,1,193,294493,0,3.5829163384756937,-3.5829163384756937,0.33956664504759027,7.470466191046985,FALSE,193
P. falciparum,paper_replica,11004,Ji-Paraná,RO,2019,2,194,294493,0,3.2333405852454313,-3.2333405852454313,0.16129415639760586,6.791332900951804,FALSE,193
P. falciparum,paper_replica,11004,Ji-Paraná,RO,2019,3,195,294493,0.6791332900951805,3.2210788145805824,-2.541945524485402,0,7.130899545999395,TRUE,193
P. falciparum,paper_replica,11005,Alvorada D'Oeste,RO,2019,1,193,69746,0,1.6325800096785354,-1.6325800096785354,0,5.735095919479253,TRUE,193
P. falciparum,paper_replica,11005,Alvorada D'Oeste,RO,2019,2,194,69746,0,1.4406733551582471,-1.4406733551582471,0,5.735095919479253,TRUE,193
P. falciparum,paper_replica,11005,Alvorada D'Oeste,RO,2019,3,195,69746,0,1.4212635357417494,-1.4212635357417494,0,5.735095919479253,TRUE,193
P. falciparum,paper_replica,11006,Cacoal,RO,2019,1,193,236722,0,1.4335868656078394,-1.4335868656078394,0,3.8019279999324103,TRUE,193
P. falciparum,paper_replica,11006,Cacoal,RO,2019,2,194,236722,0,1.2953706798554805,-1.2953706798554805,0,3.3794915554954756,TRUE,193
P. falciparum,paper_replica,11006,Cacoal,RO,2019,3,195,236722,0,1.2628579960542907,-1.2628579960542907,0,4.023707133261791,TRUE,193
P. falciparum,paper_replica,11007,Vilhena,RO,2019,1,193,161798,0,0.8331017217886298,-0.8331017217886298,0,2.79669711615717,TRUE,193
P. falciparum,paper_replica,11007,Vilhena,RO,2019,2,194,161798,0,0.7398531228534916,-0.7398531228534916,0,2.4722184452218197,TRUE,193
P. falciparum,paper_replica,11007,Vilhena,RO,2019,3,195,161798,0,0.7240744143295711,-0.7240744143295711,0,2.4722184452218197,TRUE,193
P. falciparum,paper_replica,11008,Colorado do Oeste,RO,2019,1,193,47077,0,1.9778273765326855,-1.9778273765326855,0,6.37253860696306,TRUE,193
P. falciparum,paper_replica,11008,Colorado do Oeste,RO,2019,2,194,47077,2.1241795356543536,1.7605955805006124,0.3635839551537412,0,6.37253860696306,TRUE,193
P. falciparum,paper_replica,11008,Colorado do Oeste,RO,2019,3,195,47077,0,1.7212970187990662,-1.7212970187990662,0,6.37253860696306,TRUE,193
P. falciparum,paper_replica,12001,Cruzeiro do Sul,AC,2019,1,193,157132,206.19606445536238,126.52838451284714,79.66767994251524,84.30809765038312,177.8918361632258,FALSE,193
P. falciparum,paper_replica,12001,Cruzeiro do Sul,AC,2019,2,194,157132,150.19219509711579,111.99813655350431,38.194058543611476,67.72967950512945,174.40750451849397,TRUE,193
P. falciparum,paper_replica,12001,Cruzeiro do Sul,AC,2019,3,195,157132,129.19074408777334,108.88657508989517,20.304168997878165,61.69971743502279,182.0443957946185,TRUE,193
P. falciparum,paper_replica,12002,Tarauacá,AC,2019,1,193,85664,1.1673515128875607,6.703846172152378,-5.536494659264817,0,16.34292118042585,TRUE,193
P. falciparum,paper_replica,12002,Tarauacá,AC,2019,2,194,85664,0,6.089218847990469,-6.089218847990469,0,16.34292118042585,TRUE,193
P. falciparum,paper_replica,12002,Tarauacá,AC,2019,3,195,85664,0,5.862674536325623,-5.862674536325623,0,14.621077698916672,TRUE,193
P. falciparum,paper_replica,12003,Sena Madureira,AC,2019,1,193,61847,3.2337866024221062,0.28606488879241576,2.9477217136296905,0,1.6168933012110531,FALSE,193
P. falciparum,paper_replica,12003,Sena Madureira,AC,2019,2,194,61847,0,0.25828184000834786,-0.25828184000834786,0,1.6168933012110531,TRUE,193
P. falciparum,paper_replica,12003,Sena Madureira,AC,2019,3,195,61847,0,0.24903722652760912,-0.24903722652760912,0,1.6168933012110531,TRUE,193
P. falciparum,paper_replica,12004,Rio Branco,AC,2019,1,193,505863,0.5930459432692251,3.699097640421473,-3.106051697152248,0.5930459432692251,6.91886933814096,TRUE,193
P. falciparum,paper_replica,12004,Rio Branco,AC,2019,2,194,505863,0.3953639621794834,3.309380333661702,-2.9140163714822185,0.489262903197111,6.721187357051217,FALSE,193
P. falciparum,paper_replica,12004,Rio Branco,AC,2019,3,195,505863,0.9884099054487084,3.222820507230004,-2.2344106017812955,0.7907279243589668,6.325823394871734,TRUE,193
P. falciparum,paper_replica,12005,Brasiléia,AC,2019,1,193,71429,0,1.2560103795840294,-1.2560103795840294,0,4.199974800151199,TRUE,193
P. falciparum,paper_replica,12005,Brasiléia,AC,2019,2,194,71429,0,1.121413577527151,-1.121413577527151,0,4.199974800151199,TRUE,193
P. falciparum,paper_replica,12005,Brasiléia,AC,2019,3,195,71429,0,1.0743721610971466,-1.0743721610971466,0,4.199974800151199,TRUE,193
P. falciparum,paper_replica,13001,Rio Negro,AM,2019,1,193,117676,458.8871137700126,48.12865463717963,410.75845913283297,22.94435568850063,79.03055848261327,FALSE,193
P. falciparum,paper_replica,13001,Rio Negro,AM,2019,2,194,117676,364.5603181617322,43.97010992366761,320.5902082380646,20.352493286651484,77.77711682926,FALSE,193
P. falciparum,paper_replica,13001,Rio Negro,AM,2019,3,195,117676,226.04439307930252,43.54756382637589,182.49682925292663,20.39498283422278,85.02158469016618,FALSE,193
P. falciparum,paper_replica,13002,Japurá,AM,2019,1,193,20979,28.6000286000286,8.069648798028005,20.530379802000596,0,23.8333571666905,FALSE,193
P. falciparum,paper_replica,13002,Japurá,AM,2019,2,194,20979,95.333428666762,7.630592014777832,87.70283665198417,0,23.8333571666905,FALSE,193
P. falciparum,paper_replica,13002,Japurá,AM,2019,3,195,20979,81.0334143667477,7.386530278945373,73.64688408780233,0,23.8333571666905,FALSE,193
P. falciparum,paper_replica,13003,Alto Solimões,AM,2019,1,193,251867,28.189480956218958,15.119060999570143,13.070419956648815,5.161454259589386,27.603854415227072,FALSE,193
P. falciparum,paper_replica,13003,Alto Solimões,AM,2019,2,194,251867,15.08732783572282,14.17466551334112,0.912662322381701,5.558489202634724,24.63601821596317,TRUE,193
P. falciparum,paper_replica,13003,Alto Solimões,AM,2019,3,195,251867,15.881397721813498,13.853960299764823,2.027437422048674,3.573314487408037,27.415262817280528,TRUE,193
P. falciparum,paper_replica,13004,Juruá,AM,2019,1,193,152530,9.178522257916475,24.642687386606706,-15.464165128690231,7.867304792499835,43.61437094342095,TRUE,193
P. falciparum,paper_replica,13004,Juruá,AM,2019,2,194,152530,9.834130990624795,22.773265014164025,-12.93913402353923,7.867304792499835,43.2701763587491,TRUE,193
P. falciparum,paper_replica,13004,Juruá,AM,2019,3,195,152530,7.2116960597915165,22.67136795267161,-15.459671892880092,7.523110207827969,47.892217924342724,FALSE,193
P. falciparum,paper_replica,13005,Tefé,AM,2019,1,193,89430,2.2363860002236384,25.142264747399146,-22.905878747175507,7.827351000782735,45.31477132953145,FALSE,193
P. falciparum,paper_replica,13005,Tefé,AM,2019,2,194,89430,3.354579000335458,23.26651234684125,-19.91193334650579,5.003913675500392,46.43296432964327,FALSE,193
P. falciparum,paper_replica,13005,Tefé,AM,2019,3,195,89430,1.1181930001118192,23.354934668295968,-22.23674166818415,5.5909650005590965,48.138208654813766,FALSE,193
P. falciparum,paper_replica,13006,Coari,AM,2019,1,193,181118,1.104252476286178,12.410863607070054,-11.306611130783876,3.8648836670016236,22.92704203889176,FALSE,193
P. falciparum,paper_replica,13006,Coari,AM,2019,2,194,181118,0.552126238143089,11.386954668256788,-10.8348284301137,2.7606311907154453,22.63717576386665,FALSE,193
P. falciparum,paper_replica,13006,Coari,AM,2019,3,195,181118,0.552126238143089,11.677226202871612,-11.125099964728523,2.208504952572356,23.74142824015283,FALSE,193
P. falciparum,paper_replica,13007,Manaus,AM,2019,1,193,2468200,0.52669961915566,5.7323288203011025,-5.205629201145443,3.484320557491289,8.467709261810226,FALSE,193
P. falciparum,paper_replica,13007,Manaus,AM,2019,2,194,2468200,0.2025767765983308,4.999188072497841,-4.79661129589951,2.8745644599303137,8.309699376063525,FALSE,193
P. falciparum,paper_replica,13007,Manaus,AM,2019,3,195,2468200,0.36463819787699536,5.184357227795811,-4.819719029918816,2.6294465602463335,8.75131674904789,FALSE,193
P. falciparum,paper_replica,13008,Rio Preto da Eva,AM,2019,1,193,69626,1.4362450808605982,26.33133643190843,-24.89509135104783,4.99095165599058,48.83233274926034,FALSE,193
P. falciparum,paper_replica,13008,Rio Preto da Eva,AM,2019,2,194,69626,0,23.367192831422837,-23.367192831422837,7.181225404302991,46.71387125499092,FALSE,193
P. falciparum,paper_replica,13008,Rio Preto da Eva,AM,2019,3,195,69626,0,24.650338241548233,-24.650338241548233,1.3644328268175723,53.89509665929391,FALSE,193
P. falciparum,paper_replica,13009,Itacoatiara,AM,2019,1,193,180099,0,5.913475973288967,-5.913475973288967,0,11.660253527226692,TRUE,193
P. falciparum,paper_replica,13009,Itacoatiara,AM,2019,2,194,180099,0,5.105857667632461,-5.105857667632461,0,12.215503695189867,TRUE,193
P. falciparum,paper_replica,13009,Itacoatiara,AM,2019,3,195,180099,0,5.355883776324254,-5.355883776324254,0,13.881254199079395,TRUE,193
P. falciparum,paper_replica,13010,Parintins,AM,2019,1,193,280875,1.068090787716956,2.2968835037389246,-1.2287927160219685,0,5.34045393858478,TRUE,193
P. falciparum,paper_replica,13010,Parintins,AM,2019,2,194,280875,1.4241210502892745,2.0158879184436325,-0.591766868154358,0,4.984423676012462,TRUE,193
P. falciparum,paper_replica,13010,Parintins,AM,2019,3,195,280875,2.136181575433912,2.0996401426464897,0.0365414327874225,0,5.1713395638629205,TRUE,193
P. falciparum,paper_replica,13011,Boca do Acre,AM,2019,1,193,53734,0,15.704529852710541,-15.704529852710541,0,35.359362787062196,TRUE,193
P. falciparum,paper_replica,13011,Boca do Acre,AM,2019,2,194,53734,0,14.438137780451777,-14.438137780451777,0,32.61435962332969,TRUE,193
P. falciparum,paper_replica,13011,Boca do Acre,AM,2019,3,195,53734,1.8610190940559053,14.223054126824035,-12.36203503276813,0,31.637324598950382,TRUE,193
P. falciparum,paper_replica,13012,Purus,AM,2019,1,193,78854,3.8044994546884117,25.977581304056322,-22.17308184936791,7.608998909376823,49.45849291094935,FALSE,193
P. falciparum,paper_replica,13012,Purus,AM,2019,2,194,78854,2.5363329697922743,23.888021446788393,-21.35168847699612,4.406878535014078,45.653993456260935,FALSE,193
P. falciparum,paper_replica,13012,Purus,AM,2019,3,195,78854,0,23.70789164968621,-23.70789164968621,3.8044994546884117,49.45849291094935,FALSE,193
P. falciparum,paper_replica,13013,Madeira,AM,2019,1,193,199609,10.019588295116954,15.157122484064166,-5.137534188947212,5.247759369567506,27.315902589562583,TRUE,193
P. falciparum,paper_replica,13013,Madeira,AM,2019,2,194,199609,8.015670636093562,13.512091680649132,-5.49642104455557,3.005876488535086,28.342910389812047,TRUE,193
P. falciparum,paper_replica,13013,Madeira,AM,2019,3,195,199609,6.011752977070172,13.445672047792462,-7.43391907072229,5.510773562314324,25.574999123286,TRUE,193
P. falciparum,paper_replica,14001,Boa Vista,RR,2019,1,193,444920,17.980760586172796,9.437996244715258,8.542764341457538,4.034433156522521,16.30068326890227,FALSE,193
P. falciparum,paper_replica,14001,Boa Vista,RR,2019,2,194,444920,13.935089454283917,8.357632026687858,5.577457427596059,3.146633102580239,15.401645239593629,TRUE,193
P. falciparum,paper_replica,14001,Boa Vista,RR,2019,3,195,444920,12.361772902993797,8.72263524835538,3.639137654638418,3.146633102580239,16.30068326890227,TRUE,193
P. falciparum,paper_replica,14002,Nordeste de Roraima,RR,2019,1,193,52593,1.9013937215979313,18.144605708733042,-16.243211987135112,0,39.929268153556556,TRUE,193
P. falciparum,paper_replica,14002,Nordeste de Roraima,RR,2019,2,194,52593,1.9013937215979313,15.478165959551635,-13.576772237953705,0,37.124712414199564,TRUE,193
P. falciparum,paper_replica,14002,Nordeste de Roraima,RR,2019,3,195,52593,0,16.61971444320761,-16.61971444320761,0,40.927499857395425,TRUE,193
P. falciparum,paper_replica,14003,Caracaraí,RR,2019,1,193,51729,25.13097102205726,18.238736700103686,6.892234321953573,1.9331516170813277,38.663032341626554,TRUE,193
P. falciparum,paper_replica,14003,Caracaraí,RR,2019,2,194,51729,7.732606468325311,16.42581729205482,-8.693210823729508,0,37.74478532351288,TRUE,193
P. falciparum,paper_replica,14003,Caracaraí,RR,2019,3,195,51729,1.9331516170813277,17.292097310060512,-15.358945692979185,0.9182470181136334,42.52933557578921,TRUE,193
P. falciparum,paper_replica,14004,Sudeste de Roraima,RR,2019,1,193,56519,33.61701374758931,17.578707921844906,16.038305825744406,0,36.31522142996157,TRUE,193
P. falciparum,paper_replica,14004,Sudeste de Roraima,RR,2019,2,194,56519,8.84658256515508,15.213377147736875,-6.366794582581795,0,31.84769723455829,TRUE,193
P. falciparum,paper_replica,14004,Sudeste de Roraima,RR,2019,3,195,56519,8.84658256515508,16.752493077637766,-7.905910512482686,0,37.15564677365134,TRUE,193
P. falciparum,paper_replica,15001,Óbidos,PA,2019,1,193,209139,0,2.1451986173628876,-2.1451986173628876,0,5.737810738312797,TRUE,193
P. falciparum,paper_replica,15001,Óbidos,PA,2019,2,194,209139,0,1.8991791694834663,-1.8991791694834663,0,5.032538168395171,TRUE,193
P. falciparum,paper_replica,15001,Óbidos,PA,2019,3,195,209139,0,1.9449817270253893,-1.9449817270253893,0,6.215961633172196,TRUE,193
P. falciparum,paper_replica,15002,Santarém,PA,2019,1,193,528467,3.784531484463552,1.4814754428327637,2.3030560416307884,0,3.0276251875708415,FALSE,193
P. falciparum,paper_replica,15002,Santarém,PA,2019,2,194,528467,4.5414377813562625,1.3437275966284132,3.1977101847278493,0,3.1269691390380054,FALSE,193
P. falciparum,paper_replica,15002,Santarém,PA,2019,3,195,528467,0.946132871115888,1.2655776182848135,-0.31944474716892557,0,3.4060783360171967,TRUE,193
P. falciparum,paper_replica,15003,Almeirim,PA,2019,1,193,75244,0,2.6156368112771946,-2.6156368112771946,0,7.9740577321779815,TRUE,193
P. falciparum,paper_replica,15003,Almeirim,PA,2019,2,194,75244,0,2.3006226003856787,-2.3006226003856787,0,7.9740577321779815,TRUE,193
P. falciparum,paper_replica,15003,Almeirim,PA,2019,3,195,75244,0,2.232282780310612,-2.232282780310612,0,7.9740577321779815,TRUE,193
P. falciparum,paper_replica,15004,Portel,PA,2019,1,193,153746,0,2.8674079455081056,-2.8674079455081056,0,7.15465768215108,TRUE,193
P. falciparum,paper_replica,15004,Portel,PA,2019,2,194,153746,0,2.4437612024675146,-2.4437612024675146,0,6.5042342565009825,TRUE,193
P. falciparum,paper_replica,15004,Portel,PA,2019,3,195,153746,0,2.3375999630780733,-2.3375999630780733,0,7.15465768215108,TRUE,193
P. falciparum,paper_replica,15005,Furos de Breves,PA,2019,1,193,232284,1.722029928880164,30.001915947797006,-28.27988601891684,15.928776842141515,47.603364846481,FALSE,193
P. falciparum,paper_replica,15005,Furos de Breves,PA,2019,2,194,232284,4.30507482220041,25.157114679526146,-20.852039857325735,11.828193073995628,46.290317025709896,FALSE,193
P. falciparum,paper_replica,15005,Furos de Breves,PA,2019,3,195,232284,3.013552375540287,24.15212472555728,-21.138572350016993,10.536670627335504,43.911763186444176,FALSE,193
P. falciparum,paper_replica,15006,Arari,PA,2019,1,193,178169,0,3.505914467612807,-3.505914467612807,0,8.713637052461415,TRUE,193
P. falciparum,paper_replica,15006,Arari,PA,2019,2,194,178169,0,2.940627195910043,-2.940627195910043,0,7.857708131044121,TRUE,193
P. falciparum,paper_replica,15006,Arari,PA,2019,3,195,178169,0,2.803539738683555,-2.803539738683555,0,7.29644326454097,TRUE,193
P. falciparum,paper_replica,15007,Belém,PA,2019,1,193,2363360,0,0.09398416407150711,-0.09398416407150711,0,0.25387583779026474,TRUE,193
P. falciparum,paper_replica,15007,Belém,PA,2019,2,194,2363360,0.08462527926342157,0.08010471370922034,0.004520565554201231,0,0.25387583779026474,TRUE,193
P. falciparum,paper_replica,15007,Belém,PA,2019,3,195,2363360,0,0.0749694442387259,-0.0749694442387259,0,0.25387583779026474,TRUE,193
P. falciparum,paper_replica,15008,Castanhal,PA,2019,1,193,343919,0,0.10360966934075906,-0.10360966934075906,0,0.581532279402999,TRUE,193
P. falciparum,paper_replica,15008,Castanhal,PA,2019,2,194,343919,0,0.0870230269299765,-0.0870230269299765,0,0.581532279402999,TRUE,193
P. falciparum,paper_replica,15008,Castanhal,PA,2019,3,195,343919,0,0.08198080232999137,-0.08198080232999137,0,0.4434183630447801,TRUE,193
P. falciparum,paper_replica,15009,Salgado,PA,2019,1,193,271823,0,0.07235869301088624,-0.07235869301088624,0,0.367886455524367,TRUE,193
P. falciparum,paper_replica,15009,Salgado,PA,2019,2,194,271823,0,0.06112731094199593,-0.06112731094199593,0,0.367886455524367,TRUE,193
P. falciparum,paper_replica,15009,Salgado,PA,2019,3,195,271823,0,0.05740527965236558,-0.05740527965236558,0,0.367886455524367,TRUE,193
P. falciparum,paper_replica,15010,Bragantina,PA,2019,1,193,424088,0,0.21164061935159342,-0.21164061935159342,0,0.7074003508705741,TRUE,193
P. falciparum,paper_replica,15010,Bragantina,PA,2019,2,194,424088,0,0.1764319701883511,-0.1764319701883511,0,0.7074003508705741,TRUE,193
P. falciparum,paper_replica,15010,Bragantina,PA,2019,3,195,424088,0,0.16420274306414734,-0.16420274306414734,0,0.7074003508705741,TRUE,193
P. falciparum,paper_replica,15011,Cametá,PA,2019,1,193,498315,0,0.7534377859728403,-0.7534377859728403,0,2.0067627906043364,TRUE,193
P. falciparum,paper_replica,15011,Cametá,PA,2019,2,194,498315,0,0.6377515122691987,-0.6377515122691987,0,1.8060865115439029,TRUE,193
P. falciparum,paper_replica,15011,Cametá,PA,2019,3,195,498315,0,0.6007476930304457,-0.6007476930304457,0,1.6054102324834694,TRUE,193
P. falciparum,paper_replica,15012,Tomé-Açu,PA,2019,1,193,340789,0,1.7714081225297498,-1.7714081225297498,0,4.108113818227701,TRUE,193
P. falciparum,paper_replica,15012,Tomé-Açu,PA,2019,2,194,340789,0,1.505338988525303,-1.505338988525303,0,3.9687313851092547,TRUE,193
P. falciparum,paper_replica,15012,Tomé-Açu,PA,2019,3,195,340789,0,1.4072103274204582,-1.4072103274204582,0,3.9687313851092547,TRUE,193
P. falciparum,paper_replica,15013,Guamá,PA,2019,1,193,483723,0,3.202045333791204,-3.202045333791204,0.41345976933079465,6.408626424627317,FALSE,193
P. falciparum,paper_replica,15013,Guamá,PA,2019,2,194,483723,0,2.69943077919756,-2.69943077919756,0.3049265798814613,5.6902400754150575,FALSE,193
P. falciparum,paper_replica,15013,Guamá,PA,2019,3,195,483723,0,2.5269718105512218,-2.5269718105512218,0.09819669521606403,5.6902400754150575,FALSE,193
P. falciparum,paper_replica,15014,Itaituba,PA,2019,1,193,221135,37.98584575033351,38.978927518512855,-0.9930817681793442,19.87473715151378,61.97571619146673,TRUE,193
P. falciparum,paper_replica,15014,Itaituba,PA,2019,2,194,221135,16.731860628123094,34.78930423192248,-18.057443603799385,18.088497976349288,58.78761842313519,FALSE,193
P. falciparum,paper_replica,15014,Itaituba,PA,2019,3,195,221135,20.34956022339295,32.99048495946524,-12.640924736072293,15.375223279896895,57.951025391728976,TRUE,193
P. falciparum,paper_replica,15015,Altamira,PA,2019,1,193,309141,0.32347698946435444,8.84755262098381,-8.524075631519455,1.9408619367861266,15.203418504824658,FALSE,193
P. falciparum,paper_replica,15015,Altamira,PA,2019,2,194,309141,0,7.768693009100054,-7.768693009100054,2.094513506781696,14.896115364833506,FALSE,193
P. falciparum,paper_replica,15015,Altamira,PA,2019,3,195,309141,0,7.325473591092453,-7.325473591092453,0.4771285594599233,14.232987536431596,FALSE,193
P. falciparum,paper_replica,15016,Tucuruí,PA,2019,1,193,384726,0,11.371610297343958,-11.371610297343958,4.678654418989098,18.97454292145579,FALSE,193
P. falciparum,paper_replica,15016,Tucuruí,PA,2019,2,194,384726,0.25992524549939433,10.217493589093076,-9.957568343593682,3.7624179286037345,18.331227938844783,FALSE,193
P. falciparum,paper_replica,15016,Tucuruí,PA,2019,3,195,384726,0,9.494781243188417,-9.494781243188417,3.2425674376049454,18.071302693345388,FALSE,193
P. falciparum,paper_replica,15017,Paragominas,PA,2019,1,193,349321,0,4.645012432445291,-4.645012432445291,0.9947870296947511,9.44689841148972,FALSE,193
P. falciparum,paper_replica,15017,Paragominas,PA,2019,2,194,349321,0,4.06389720173406,-4.06389720173406,0.5725392976660435,8.16584173296194,FALSE,193
P. falciparum,paper_replica,15017,Paragominas,PA,2019,3,195,349321,0,3.7881127697400205,-3.7881127697400205,0,7.8795720841289185,TRUE,193
P. falciparum,paper_replica,15018,São Félix do Xingu,PA,2019,1,193,217674,1.8376103714729366,0.7774552314791561,1.0601551399937805,0,2.2970129643411705,TRUE,193
P. falciparum,paper_replica,15018,São Félix do Xingu,PA,2019,2,194,217674,0,0.7074887249082178,-0.7074887249082178,0,2.2970129643411705,TRUE,193
P. falciparum,paper_replica,15018,São Félix do Xingu,PA,2019,3,195,217674,2.2970129643411705,0.6664364307161669,1.6305765336250038,0,2.2970129643411705,TRUE,193
P. falciparum,paper_replica,15019,Parauapebas,PA,2019,1,193,324525,0,1.288773036332175,-1.288773036332175,0,3.2432016023418777,TRUE,193
P. falciparum,paper_replica,15019,Parauapebas,PA,2019,2,194,324525,0,1.1755779353189524,-1.1755779353189524,0,3.0814267005623606,TRUE,193
P. falciparum,paper_replica,15019,Parauapebas,PA,2019,3,195,324525,0,1.097738514431293,-1.097738514431293,0,2.9350589322856413,TRUE,193
P. falciparum,paper_replica,15020,Marabá,PA,2019,1,193,333871,0.29951687927373144,1.927739139290628,-1.6282222600168965,0,4.492753189105972,TRUE,193
P. falciparum,paper_replica,15020,Marabá,PA,2019,2,194,333871,0,1.7544017255861188,-1.7544017255861188,0,4.792270068379703,TRUE,193
P. falciparum,paper_replica,15020,Marabá,PA,2019,3,195,333871,0,1.6167244344623388,-1.6167244344623388,0,3.893719430558509,TRUE,193
P. falciparum,paper_replica,15021,Redenção,PA,2019,1,193,196972,0,0.43746379366761345,-0.43746379366761345,0,1.523059115001117,TRUE,193
P. falciparum,paper_replica,15021,Redenção,PA,2019,2,194,196972,0,0.39510186149087734,-0.39510186149087734,0,1.523059115001117,TRUE,193
P. falciparum,paper_replica,15021,Redenção,PA,2019,3,195,196972,0,0.3733489704394528,-0.3733489704394528,0,1.523059115001117,TRUE,193
P. falciparum,paper_replica,15022,Conceição do Araguaia,PA,2019,1,193,162434,0,3.666461275640613,-3.666461275640613,0,8.618885208761712,TRUE,193
P. falciparum,paper_replica,15022,Conceição do Araguaia,PA,2019,2,194,162434,0,3.352924847830914,-3.352924847830914,0,8.618885208761712,TRUE,193
P. falciparum,paper_replica,15022,Conceição do Araguaia,PA,2019,3,195,162434,0,3.198174725280406,-3.198174725280406,0,8.618885208761712,TRUE,193
P. falciparum,paper_replica,16001,Oiapoque,AP,2019,1,193,38387,7.8151457524682835,87.27664699731515,-79.46150124484687,36.47068017818532,155.0655169718915,FALSE,193
P. falciparum,paper_replica,16001,Oiapoque,AP,2019,2,194,38387,0,77.10023561416604,-77.10023561416604,32.497981087347284,139.4352254669549,FALSE,193
P. falciparum,paper_replica,16001,Oiapoque,AP,2019,3,195,38387,0,73.38210004102632,-73.38210004102632,19.47273816656681,135.4625263761169,FALSE,193
P. falciparum,paper_replica,16002,Amapá,AP,2019,1,193,31544,3.17017499365965,11.633874374424645,-8.463699380764995,0,28.531574942936853,TRUE,193
P. falciparum,paper_replica,16002,Amapá,AP,2019,2,194,31544,0,10.052049553417776,-10.052049553417776,0,28.531574942936853,TRUE,193
P. falciparum,paper_replica,16002,Amapá,AP,2019,3,195,31544,0,9.617292426429975,-9.617292426429975,0,25.3613999492772,TRUE,193
P. falciparum,paper_replica,16003,Macapá,AP,2019,1,193,687827,4.652332635968056,6.61728051387937,-1.9649478779113139,2.976765960045186,10.980231947858979,TRUE,193
P. falciparum,paper_replica,16003,Macapá,AP,2019,2,194,687827,18.46394514899822,5.715114645963056,12.748830503035165,2.616937107732032,9.962534183740967,FALSE,193
P. falciparum,paper_replica,16003,Macapá,AP,2019,3,195,687827,9.013894482188109,5.503413438617034,3.5104810435710743,2.180780923110026,10.260574243232664,TRUE,193
P. falciparum,paper_replica,16004,Mazagão,AP,2019,1,193,87973,23.870960408307095,19.986383865741,3.8845765425660943,3.410137201186728,40.92164641424073,TRUE,193
P. falciparum,paper_replica,16004,Mazagão,AP,2019,2,194,87973,13.640548804746912,17.252266504240712,-3.6117176994938003,2.273424800791152,36.37479681265843,TRUE,193
P. falciparum,paper_replica,16004,Mazagão,AP,2019,3,195,87973,9.093699203164608,16.592854490510604,-7.499155287345996,1.136712400395576,38.108283223261665,TRUE,193
P. falciparum,paper_replica,17001,Bico do Papagaio,TO,2019,1,193,215893,0,0.1637551138603929,-0.1637551138603929,0,0.9263848295220317,TRUE,193
P. falciparum,paper_replica,17001,Bico do Papagaio,TO,2019,2,194,215893,0,0.14792424795588424,-0.14792424795588424,0,0.46319241476101586,TRUE,193
P. falciparum,paper_replica,17001,Bico do Papagaio,TO,2019,3,195,215893,0,0.13581527683033964,-0.13581527683033964,0,0.9263848295220317,TRUE,193
P. falciparum,paper_replica,17002,Araguaína,TO,2019,1,193,319685,0,0.13448903674611473,-0.13448903674611473,0,0.6256158405930838,TRUE,193
P. falciparum,paper_replica,17002,Araguaína,TO,2019,2,194,319685,0,0.11995373066496944,-0.11995373066496944,0,0.6256158405930838,TRUE,193
P. falciparum,paper_replica,17002,Araguaína,TO,2019,3,195,319685,0,0.11403675280751184,-0.11403675280751184,0,0.6256158405930838,TRUE,193
P. falciparum,paper_replica,17003,Miracema do Tocantins,TO,2019,1,193,149165,0,0.12785213900298734,-0.12785213900298734,0,0.6703985519391278,TRUE,193
P. falciparum,paper_replica,17003,Miracema do Tocantins,TO,2019,2,194,149165,0,0.11398948238433426,-0.11398948238433426,0,0.6703985519391278,TRUE,193
P. falciparum,paper_replica,17003,Miracema do Tocantins,TO,2019,3,195,149165,0,0.11080186797304324,-0.11080186797304324,0,0.6703985519391278,TRUE,193
P. falciparum,paper_replica,17004,Rio Formoso,TO,2019,1,193,127871,0,0.12937971730526424,-0.12937971730526424,0,0.7820381478208507,TRUE,193
P. falciparum,paper_replica,17004,Rio Formoso,TO,2019,2,194,127871,0,0.11370729606691704,-0.11370729606691704,0,0.7820381478208507,TRUE,193
P. falciparum,paper_replica,17004,Rio Formoso,TO,2019,3,195,127871,0,0.10907960320456515,-0.10907960320456515,0,0.7820381478208507,TRUE,193
P. falciparum,paper_replica,17005,Gurupi,TO,2019,1,193,150776,0,0.01709851246189701,-0.01709851246189701,0,0,TRUE,193
P. falciparum,paper_replica,17005,Gurupi,TO,2019,2,194,150776,0,0.014683314061371383,-0.014683314061371383,0,0,TRUE,193
P. falciparum,paper_replica,17005,Gurupi,TO,2019,3,195,150776,0,0.013911152896647001,-0.013911152896647001,0,0,TRUE,193
P. falciparum,paper_replica,17006,Porto Nacional,TO,2019,1,193,404882,0,0.045646913700565006,-0.045646913700565006,0,0.24698554146640256,TRUE,193
P. falciparum,paper_replica,17006,Porto Nacional,TO,2019,2,194,404882,0,0.040107405090149685,-0.040107405090149685,0,0.24698554146640256,TRUE,193
P. falciparum,paper_replica,17006,Porto Nacional,TO,2019,3,195,404882,0,0.038265104461019515,-0.038265104461019515,0,0.24698554146640256,TRUE,193
P. falciparum,paper_replica,17007,Jalapão,TO,2019,1,193,80184,0,0.0035529066689173727,-0.0035529066689173727,0,0,TRUE,193
P. falciparum,paper_replica,17007,Jalapão,TO,2019,2,194,80184,0,0.0031376044894841355,-0.0031376044894841355,0,0,TRUE,193
P. falciparum,paper_replica,17007,Jalapão,TO,2019,3,195,80184,0,0.003039065209649355,-0.003039065209649355,0,0,TRUE,193
P. falciparum,paper_replica,17008,Dianópolis,TO,2019,1,193,124410,0,0.0013690634588662024,-0.0013690634588662024,0,0,TRUE,193
P. falciparum,paper_replica,17008,Dianópolis,TO,2019,2,194,124410,0,0.001219737724109578,-0.001219737724109578,0,0,TRUE,193
P. falciparum,paper_replica,17008,Dianópolis,TO,2019,3,195,124410,0,0.0011507060363956242,-0.0011507060363956242,0,0,TRUE,193
P. falciparum,paper_replica,21001,Litoral Ocidental Maranhense,MA,2019,1,193,191282,0,0.025941631766745413,-0.025941631766745413,0,0.5227883439110841,TRUE,193
P. falciparum,paper_replica,21001,Litoral Ocidental Maranhense,MA,2019,2,194,191282,0,0.02184452238469647,-0.02184452238469647,0,0.5227883439110841,TRUE,193
P. falciparum,paper_replica,21001,Litoral Ocidental Maranhense,MA,2019,3,195,191282,0,0.020885049913438092,-0.020885049913438092,0,0,TRUE,193
P. falciparum,paper_replica,21002,Aglomeração Urbana de São Luís,MA,2019,1,193,1432529,0,0.02332758271289838,-0.02332758271289838,0,0.13961322947039814,TRUE,193
P. falciparum,paper_replica,21002,Aglomeração Urbana de São Luís,MA,2019,2,194,1432529,0,0.019734032271223383,-0.019734032271223383,0,0.06980661473519907,TRUE,193
P. falciparum,paper_replica,21002,Aglomeração Urbana de São Luís,MA,2019,3,195,1432529,0,0.01825144680694222,-0.01825144680694222,0,0.06980661473519907,TRUE,193
P. falciparum,paper_replica,21003,Rosário,MA,2019,1,193,178491,0,0.022547603412489868,-0.022547603412489868,0,0,TRUE,193
P. falciparum,paper_replica,21003,Rosário,MA,2019,2,194,178491,0,0.019329651312089986,-0.019329651312089986,0,0,TRUE,193
P. falciparum,paper_replica,21003,Rosário,MA,2019,3,195,178491,0,0.018202623736286175,-0.018202623736286175,0,0,TRUE,193
P. falciparum,paper_replica,21004,Lençóis Maranhenses,MA,2019,1,193,197301,0,0.02206370265852476,-0.02206370265852476,0,0,TRUE,193
P. falciparum,paper_replica,21004,Lençóis Maranhenses,MA,2019,2,194,197301,0,0.018740333714447877,-0.018740333714447877,0,0,TRUE,193
P. falciparum,paper_replica,21004,Lençóis Maranhenses,MA,2019,3,195,197301,0,0.017866591816419093,-0.017866591816419093,0,0,TRUE,193
P. falciparum,paper_replica,21005,Baixada Maranhense,MA,2019,1,193,604575,0.3308109002191622,0.8652162359366151,-0.534405335717453,0,2.1502708514245548,TRUE,193
P. falciparum,paper_replica,21005,Baixada Maranhense,MA,2019,2,194,604575,0,0.7305187775135135,-0.7305187775135135,0,1.9848654013149731,TRUE,193
P. falciparum,paper_replica,21005,Baixada Maranhense,MA,2019,3,195,604575,0,0.6869681188598998,-0.6869681188598998,0,1.9062978125129184,TRUE,193
P. falciparum,paper_replica,21006,Itapecuru Mirim,MA,2019,1,193,236106,0,0.1596563680433383,-0.1596563680433383,0,0.8470771602585279,TRUE,193
P. falciparum,paper_replica,21006,Itapecuru Mirim,MA,2019,2,194,236106,0,0.13803839392171605,-0.13803839392171605,0,0.8470771602585279,TRUE,193
P. falciparum,paper_replica,21006,Itapecuru Mirim,MA,2019,3,195,236106,0,0.12873998511215698,-0.12873998511215698,0,0.8470771602585279,TRUE,193
P. falciparum,paper_replica,21007,Gurupi,MA,2019,1,193,241976,0,2.2172197651918726,-2.2172197651918726,0,5.372433629781466,TRUE,193
P. falciparum,paper_replica,21007,Gurupi,MA,2019,2,194,241976,0,1.865495919401565,-1.865495919401565,0,4.959169504413661,TRUE,193
P. falciparum,paper_replica,21007,Gurupi,MA,2019,3,195,241976,0.41326412536780505,1.7567071603635216,-1.3434430349957165,0,4.762869044863944,TRUE,193
P. falciparum,paper_replica,21008,Pindaré,MA,2019,1,193,666083,0.15013144007578635,0.7503407253764499,-0.6002092853006635,0,1.8015772809094364,TRUE,193
P. falciparum,paper_replica,21008,Pindaré,MA,2019,2,194,666083,0.15013144007578635,0.6547710206056391,-0.5046395805298527,0,1.8015772809094364,TRUE,193
P. falciparum,paper_replica,21008,Pindaré,MA,2019,3,195,666083,0,0.6077114760385558,-0.6077114760385558,0,1.580133406797648,TRUE,193
P. falciparum,paper_replica,21009,Imperatriz,MA,2019,1,193,600199,0,0.2009107795118453,-0.2009107795118453,0,0.7539166176551406,TRUE,193
P. falciparum,paper_replica,21009,Imperatriz,MA,2019,2,194,600199,0,0.1816583628663838,-0.1816583628663838,0,0.666445628866426,TRUE,193
P. falciparum,paper_replica,21009,Imperatriz,MA,2019,3,195,600199,0.1666114072166065,0.1665857676525706,2.563956403589529e-5,0,0.666445628866426,TRUE,193
P. falciparum,paper_replica,21010,Médio Mearim,MA,2019,1,193,424583,0,0.48277489505512655,-0.48277489505512655,0,1.5368019916011657,TRUE,193
P. falciparum,paper_replica,21010,Médio Mearim,MA,2019,2,194,424583,0,0.41718995107697515,-0.41718995107697515,0,1.1776260472039626,TRUE,193
P. falciparum,paper_replica,21010,Médio Mearim,MA,2019,3,195,424583,0,0.3937875716195128,-0.3937875716195128,0,1.3012767821603732,TRUE,193
P. falciparum,paper_replica,21011,Alto Mearim e Grajaú,MA,2019,1,193,336315,0,0.24659379798973122,-0.24659379798973122,0,0.8920208732884349,TRUE,193
P. falciparum,paper_replica,21011,Alto Mearim e Grajaú,MA,2019,2,194,336315,0,0.2197062967281363,-0.2197062967281363,0,0.8920208732884349,TRUE,193
P. falciparum,paper_replica,21011,Alto Mearim e Grajaú,MA,2019,3,195,336315,0,0.20431968929108868,-0.20431968929108868,0,0.8920208732884349,TRUE,193
P. falciparum,paper_replica,21012,Presidente Dutra,MA,2019,1,193,199535,0.5011652091111836,0.4809965847143298,0.02016862439685374,0,2.0046608364447343,TRUE,193
P. falciparum,paper_replica,21012,Presidente Dutra,MA,2019,2,194,199535,0,0.4197507029578597,-0.4197507029578597,0,1.5034956273335505,TRUE,193
P. falciparum,paper_replica,21012,Presidente Dutra,MA,2019,3,195,199535,0,0.39215939418089696,-0.39215939418089696,0,1.5034956273335505,TRUE,193
P. falciparum,paper_replica,21013,Baixo Parnaíba Maranhense,MA,2019,1,193,146372,0,0.17694129452558427,-0.17694129452558427,0,0.6831907741917853,TRUE,193
P. falciparum,paper_replica,21013,Baixo Parnaíba Maranhense,MA,2019,2,194,146372,0,0.15028688365419562,-0.15028688365419562,0,0.6831907741917853,TRUE,193
P. falciparum,paper_replica,21013,Baixo Parnaíba Maranhense,MA,2019,3,195,146372,0,0.14160344545888226,-0.14160344545888226,0,0.6831907741917853,TRUE,193
P. falciparum,paper_replica,21014,Chapadinha,MA,2019,1,193,245029,0,0.0803378875200366,-0.0803378875200366,0,0.4081149578213191,TRUE,193
P. falciparum,paper_replica,21014,Chapadinha,MA,2019,2,194,245029,0,0.06954580613246998,-0.06954580613246998,0,0.4081149578213191,TRUE,193
P. falciparum,paper_replica,21014,Chapadinha,MA,2019,3,195,245029,0,0.06511129310031166,-0.06511129310031166,0,0.4081149578213191,TRUE,193
P. falciparum,paper_replica,21015,Codó,MA,2019,1,193,278462,0,0.27635556220574903,-0.27635556220574903,0,1.0773462806415237,TRUE,193
P. falciparum,paper_replica,21015,Codó,MA,2019,2,194,278462,0,0.239820907277884,-0.239820907277884,0,1.0773462806415237,TRUE,193
P. falciparum,paper_replica,21015,Codó,MA,2019,3,195,278462,0,0.2236592574666799,-0.2236592574666799,0,1.0773462806415237,TRUE,193
P. falciparum,paper_replica,21016,Coelho Neto,MA,2019,1,193,93840,0,0.02765443801833068,-0.02765443801833068,0,0,TRUE,193
P. falciparum,paper_replica,21016,Coelho Neto,MA,2019,2,194,93840,0,0.023990210436560556,-0.023990210436560556,0,0,TRUE,193
P. falciparum,paper_replica,21016,Coelho Neto,MA,2019,3,195,93840,0,0.02237190786654606,-0.02237190786654606,0,0,TRUE,193
P. falciparum,paper_replica,21017,Caxias,MA,2019,1,193,445103,0,0.1495418754065111,-0.1495418754065111,0,0.6740012985758352,TRUE,193
P. falciparum,paper_replica,21017,Caxias,MA,2019,2,194,445103,0,0.13026655374179547,-0.13026655374179547,0,0.4493341990505568,TRUE,193
P. falciparum,paper_replica,21017,Caxias,MA,2019,3,195,445103,0,0.12140294452400878,-0.12140294452400878,0,0.6740012985758352,TRUE,193
P. falciparum,paper_replica,21018,Chapadas do Alto Itapecuru,MA,2019,1,193,221411,0,0.15470632211793295,-0.15470632211793295,0,0.9032974874780386,TRUE,193
P. falciparum,paper_replica,21018,Chapadas do Alto Itapecuru,MA,2019,2,194,221411,0,0.1378374703071723,-0.1378374703071723,0,0.9032974874780386,TRUE,193
P. falciparum,paper_replica,21018,Chapadas do Alto Itapecuru,MA,2019,3,195,221411,0,0.12872613099037822,-0.12872613099037822,0,0.4516487437390193,TRUE,193
P. falciparum,paper_replica,21019,Porto Franco,MA,2019,1,193,120372,0,0.12011377198923998,-0.12011377198923998,0,0.8307579835842224,TRUE,193
P. falciparum,paper_replica,21019,Porto Franco,MA,2019,2,194,120372,0,0.1080674639180711,-0.1080674639180711,0,0.8307579835842224,TRUE,193
P. falciparum,paper_replica,21019,Porto Franco,MA,2019,3,195,120372,0,0.10250784834406258,-0.10250784834406258,0,0.8307579835842224,TRUE,193
P. falciparum,paper_replica,21020,Gerais de Balsas,MA,2019,1,193,143297,0,0.014509143457218952,-0.014509143457218952,0,0,TRUE,193
P. falciparum,paper_replica,21020,Gerais de Balsas,MA,2019,2,194,143297,0,0.01306554714054284,-0.01306554714054284,0,0,TRUE,193
P. falciparum,paper_replica,21020,Gerais de Balsas,MA,2019,3,195,143297,0,0.012663127014881209,-0.012663127014881209,0,0,TRUE,193
P. falciparum,paper_replica,21021,Chapadas das Mangabeiras,MA,2019,1,193,72320,0,0.006487259423349389,-0.006487259423349389,0,0,TRUE,193
P. falciparum,paper_replica,21021,Chapadas das Mangabeiras,MA,2019,2,194,72320,0,0.005887879034189216,-0.005887879034189216,0,0,TRUE,193
P. falciparum,paper_replica,21021,Chapadas das Mangabeiras,MA,2019,3,195,72320,0,0.005537786890641317,-0.005537786890641317,0,0,TRUE,193
P. falciparum,paper_replica,51001,Aripuanã,MT,2019,1,193,169973,1.1766574691274496,6.858829742447846,-5.682172273320397,0.5883287345637248,14.149306066257555,TRUE,193
P. falciparum,paper_replica,51001,Aripuanã,MT,2019,2,194,169973,1.7649862036911745,6.2100385061787815,-4.445052302487607,0.5883287345637248,13.53156089496567,TRUE,193
P. falciparum,paper_replica,51001,Aripuanã,MT,2019,3,195,169973,3.529972407382349,5.972595183773157,-2.4426227763908077,0,13.840433480611614,TRUE,193
P. falciparum,paper_replica,51002,Alta Floresta,MT,2019,1,193,107911,0,0.6405336873259978,-0.6405336873259978,0,2.7800687603673397,TRUE,193
P. falciparum,paper_replica,51002,Alta Floresta,MT,2019,2,194,107911,0,0.5844971398982697,-0.5844971398982697,0,2.7800687603673397,TRUE,193
P. falciparum,paper_replica,51002,Alta Floresta,MT,2019,3,195,107911,0,0.5529728613885108,-0.5529728613885108,0,1.8533791735782266,TRUE,193
P. falciparum,paper_replica,51003,Colíder,MT,2019,1,193,156947,0,0.7887671358115581,-0.7887671358115581,0,2.548631066538386,TRUE,193
P. falciparum,paper_replica,51003,Colíder,MT,2019,2,194,156947,0,0.7001751418390311,-0.7001751418390311,0,2.548631066538386,TRUE,193
P. falciparum,paper_replica,51003,Colíder,MT,2019,3,195,156947,0,0.6641302827623529,-0.6641302827623529,0,2.548631066538386,TRUE,193
P. falciparum,paper_replica,51004,Parecis,MT,2019,1,193,110936,0,0.2830028831452552,-0.2830028831452552,0,1.8028412778538978,TRUE,193
P. falciparum,paper_replica,51004,Parecis,MT,2019,2,194,110936,0.9014206389269489,0.2629160935271561,0.6385045453997928,0,0.9014206389269489,TRUE,193
P. falciparum,paper_replica,51004,Parecis,MT,2019,3,195,110936,0.9014206389269489,0.2611753272954855,0.6402453116314635,0,1.8028412778538978,TRUE,193
P. falciparum,paper_replica,51005,Arinos,MT,2019,1,193,83182,0,0.3768503765666553,-0.3768503765666553,0,2.404366329253925,TRUE,193
P. falciparum,paper_replica,51005,Arinos,MT,2019,2,194,83182,0,0.34647065808693306,-0.34647065808693306,0,2.404366329253925,TRUE,193
P. falciparum,paper_replica,51005,Arinos,MT,2019,3,195,83182,0,0.342374381629683,-0.342374381629683,0,1.2021831646269625,TRUE,193
P. falciparum,paper_replica,51006,Alto Teles Pires,MT,2019,1,193,260081,0,0.20451898908117314,-0.20451898908117314,0,0.7689911988957285,TRUE,193
P. falciparum,paper_replica,51006,Alto Teles Pires,MT,2019,2,194,260081,0,0.19345976620750496,-0.19345976620750496,0,0.7689911988957285,TRUE,193
P. falciparum,paper_replica,51006,Alto Teles Pires,MT,2019,3,195,260081,0,0.19581798385057403,-0.19581798385057403,0,0.7689911988957285,TRUE,193
P. falciparum,paper_replica,51007,Sinop,MT,2019,1,193,206715,0.4837578308298866,0.16140420019963558,0.322353630630251,0,0.9675156616597732,TRUE,193
P. falciparum,paper_replica,51007,Sinop,MT,2019,2,194,206715,0,0.14573948653824956,-0.14573948653824956,0,0.9675156616597732,TRUE,193
P. falciparum,paper_replica,51007,Sinop,MT,2019,3,195,206715,0,0.13885398128047058,-0.13885398128047058,0,0.9675156616597732,TRUE,193
P. falciparum,paper_replica,51008,Paranatinga,MT,2019,1,193,36702,0,0.01822770933318562,-0.01822770933318562,0,0,TRUE,193
P. falciparum,paper_replica,51008,Paranatinga,MT,2019,2,194,36702,0,0.016800513078237364,-0.016800513078237364,0,0,TRUE,193
P. falciparum,paper_replica,51008,Paranatinga,MT,2019,3,195,36702,0,0.01660058363878707,-0.01660058363878707,0,0,TRUE,193
P. falciparum,paper_replica,51009,Norte Araguaia,MT,2019,1,193,132443,0,0.06082605379350447,-0.06082605379350447,0,0.7550417915631631,TRUE,193
P. falciparum,paper_replica,51009,Norte Araguaia,MT,2019,2,194,132443,0,0.05428557880981587,-0.05428557880981587,0,0.7550417915631631,TRUE,193
P. falciparum,paper_replica,51009,Norte Araguaia,MT,2019,3,195,132443,0,0.05149152686611381,-0.05149152686611381,0,0.7550417915631631,TRUE,193
P. falciparum,paper_replica,51010,Canarana,MT,2019,1,193,116230,0,0.011216988577956959,-0.011216988577956959,0,0,TRUE,193
P. falciparum,paper_replica,51010,Canarana,MT,2019,2,194,116230,0,0.010057632473696931,-0.010057632473696931,0,0,TRUE,193
P. falciparum,paper_replica,51010,Canarana,MT,2019,3,195,116230,0,0.009818481714850944,-0.009818481714850944,0,0,TRUE,193
P. falciparum,paper_replica,51011,Médio Araguaia,MT,2019,1,193,69812,0,0.002997575430703825,-0.002997575430703825,0,0,TRUE,193
P. falciparum,paper_replica,51011,Médio Araguaia,MT,2019,2,194,69812,0,0.002640424882291626,-0.002640424882291626,0,0,TRUE,193
P. falciparum,paper_replica,51011,Médio Araguaia,MT,2019,3,195,69812,0,0.0025499606226208806,-0.0025499606226208806,0,0,TRUE,193
P. falciparum,paper_replica,51012,Alto Guaporé,MT,2019,1,193,75369,0,0.29287440464746317,-0.29287440464746317,0,1.3268054505167908,TRUE,193
P. falciparum,paper_replica,51012,Alto Guaporé,MT,2019,2,194,75369,0,0.2620717920173229,-0.2620717920173229,0,1.3268054505167908,TRUE,193
P. falciparum,paper_replica,51012,Alto Guaporé,MT,2019,3,195,75369,0,0.2552194547923401,-0.2552194547923401,0,1.3268054505167908,TRUE,193
P. falciparum,paper_replica,51013,Tangará da Serra,MT,2019,1,193,171442,0,0.05879235695806815,-0.05879235695806815,0,0.5832876424680067,TRUE,193
P. falciparum,paper_replica,51013,Tangará da Serra,MT,2019,2,194,171442,0,0.05628881094236836,-0.05628881094236836,0,0.5832876424680067,TRUE,193
P. falciparum,paper_replica,51013,Tangará da Serra,MT,2019,3,195,171442,0,0.05587963584179377,-0.05587963584179377,0,0.5832876424680067,TRUE,193
P. falciparum,paper_replica,51014,Jauru,MT,2019,1,193,110923,0,0.03618037485924885,-0.03618037485924885,0,0,TRUE,193
P. falciparum,paper_replica,51014,Jauru,MT,2019,2,194,110923,0,0.03339070833096717,-0.03339070833096717,0,0,TRUE,193
P. falciparum,paper_replica,51014,Jauru,MT,2019,3,195,110923,0,0.03282600818300156,-0.03282600818300156,0,0.9015262839988101,TRUE,193
P. falciparum,paper_replica,51015,Alto Paraguai,MT,2019,1,193,33376,0,0.024422572928015272,-0.024422572928015272,0,0,TRUE,193
P. falciparum,paper_replica,51015,Alto Paraguai,MT,2019,2,194,33376,0,0.023634700679703042,-0.023634700679703042,0,0,TRUE,193
P. falciparum,paper_replica,51015,Alto Paraguai,MT,2019,3,195,33376,0,0.023936007953443052,-0.023936007953443052,0,0,TRUE,193
P. falciparum,paper_replica,51016,Rosário Oeste,MT,2019,1,193,30959,0,0.03577228945816628,-0.03577228945816628,0,0,TRUE,193
P. falciparum,paper_replica,51016,Rosário Oeste,MT,2019,2,194,30959,0,0.0352790162005894,-0.0352790162005894,0,0,TRUE,193
P. falciparum,paper_replica,51016,Rosário Oeste,MT,2019,3,195,30959,0,0.035458804583502944,-0.035458804583502944,0,0,TRUE,193
P. falciparum,paper_replica,51017,Cuiabá,MT,2019,1,193,947114,0,0.040513255118580525,-0.040513255118580525,0,0.2111678214027034,TRUE,193
P. falciparum,paper_replica,51017,Cuiabá,MT,2019,2,194,947114,0,0.03903555758296267,-0.03903555758296267,0,0.2111678214027034,TRUE,193
P. falciparum,paper_replica,51017,Cuiabá,MT,2019,3,195,947114,0,0.039614862170590424,-0.039614862170590424,0,0.2111678214027034,TRUE,193
P. falciparum,paper_replica,51018,Alto Pantanal,MT,2019,1,193,141002,0,0.025789069651147436,-0.025789069651147436,0,0,TRUE,193
P. falciparum,paper_replica,51018,Alto Pantanal,MT,2019,2,194,141002,0,0.02359072831412939,-0.02359072831412939,0,0,TRUE,193
P. falciparum,paper_replica,51018,Alto Pantanal,MT,2019,3,195,141002,0,0.02347606961171695,-0.02347606961171695,0,0,TRUE,193
P. falciparum,paper_replica,51019,Primavera do Leste,MT,2019,1,193,106060,0,0.015680841251752713,-0.015680841251752713,0,0,TRUE,193
P. falciparum,paper_replica,51019,Primavera do Leste,MT,2019,2,194,106060,0,0.014755450707756081,-0.014755450707756081,0,0,TRUE,193
P. falciparum,paper_replica,51019,Primavera do Leste,MT,2019,3,195,106060,0,0.014949517535940484,-0.014949517535940484,0,0,TRUE,193
P. falciparum,paper_replica,51020,Tesouro,MT,2019,1,193,55941,0,0.008048195633026063,-0.008048195633026063,0,0,TRUE,193
P. falciparum,paper_replica,51020,Tesouro,MT,2019,2,194,55941,0,0.007323595963522841,-0.007323595963522841,0,0,TRUE,193
P. falciparum,paper_replica,51020,Tesouro,MT,2019,3,195,55941,0,0.007263910290487231,-0.007263910290487231,0,0,TRUE,193
P. falciparum,paper_replica,51021,Rondonópolis,MT,2019,1,193,319427,0.6261211481809615,0.014542734567272371,0.6115784136136891,0,0.16435680139749528,FALSE,193
P. falciparum,paper_replica,51021,Rondonópolis,MT,2019,2,194,319427,0,0.013249429140928347,-0.013249429140928347,0,0,TRUE,193
P. falciparum,paper_replica,51021,Rondonópolis,MT,2019,3,195,319427,0,0.013228451159241003,-0.013228451159241003,0,0.31306057409048077,TRUE,193
P. falciparum,paper_replica,51022,Alto Araguaia,MT,2019,1,193,41921,0,0.0032484597399575162,-0.0032484597399575162,0,0,TRUE,193
P. falciparum,paper_replica,51022,Alto Araguaia,MT,2019,2,194,41921,0,0.002922939765473538,-0.002922939765473538,0,0,TRUE,193
P. falciparum,paper_replica,51022,Alto Araguaia,MT,2019,3,195,41921,0,0.002870836705452463,-0.002870836705452463,0,0,TRUE,193
P. falciparum,paper_replica,11001,Porto Velho,RO,2020,1,205,689580,12.181327764726355,25.74667809310535,-13.565350328378994,16.296151280489575,38.2914237651904,FALSE,205
P. falciparum,paper_replica,11001,Porto Velho,RO,2020,2,206,689580,9.135995823544766,21.222564379106807,-12.08656855556204,12.891905217668725,34.37599698367121,FALSE,205
P. falciparum,paper_replica,11001,Porto Velho,RO,2020,3,207,689580,9.86107485715943,20.37809627898883,-10.517021421829401,11.807912062414804,36.27570405174162,FALSE,205
P. falciparum,paper_replica,11002,Guajará-Mirim,RO,2020,1,205,86035,0,8.130988023825765,-8.130988023825765,0,18.59708258266984,TRUE,205
P. falciparum,paper_replica,11002,Guajará-Mirim,RO,2020,2,206,86035,0,6.5898781587980775,-6.5898781587980775,0,16.272447259836113,TRUE,205
P. falciparum,paper_replica,11002,Guajará-Mirim,RO,2020,3,207,86035,0,6.668799812187767,-6.668799812187767,0,15.720346370663076,TRUE,205
P. falciparum,paper_replica,11003,Ariquemes,RO,2020,1,205,209694,5.722624395547798,27.748144841504875,-22.025520445957078,12.852060621667764,47.485860348889304,FALSE,205
P. falciparum,paper_replica,11003,Ariquemes,RO,2020,2,206,209694,6.676395128139098,23.401224470733585,-16.724829342594486,9.764227874903433,40.53525613513024,FALSE,205
P. falciparum,paper_replica,11003,Ariquemes,RO,2020,3,207,209694,8.583936593321697,22.074278781695405,-13.490342188373708,10.24111324119908,41.96591223401719,FALSE,205
P. falciparum,paper_replica,11004,Ji-Paraná,RO,2020,1,205,293651,1.362161204967802,3.357004078389717,-1.9948428734219148,0,7.670670285474927,TRUE,205
P. falciparum,paper_replica,11004,Ji-Paraná,RO,2020,2,206,293651,1.7027015062097524,2.8294622307094626,-1.1267607244997102,0,6.470265723597059,TRUE,205
P. falciparum,paper_replica,11004,Ji-Paraná,RO,2020,3,207,293651,0.3405403012419505,2.681025290909446,-2.3404849896674955,0,6.470265723597059,TRUE,205
P. falciparum,paper_replica,11005,Alvorada D'Oeste,RO,2020,1,205,69523,0,1.5171954490086073,-1.5171954490086073,0,5.753491650245242,TRUE,205
P. falciparum,paper_replica,11005,Alvorada D'Oeste,RO,2020,2,206,69523,0,1.2500158463150308,-1.2500158463150308,0,4.315118737683932,TRUE,205
P. falciparum,paper_replica,11005,Alvorada D'Oeste,RO,2020,3,207,69523,1.4383729125613105,1.2136918472374514,0.22468106532385912,0,4.315118737683932,TRUE,205
P. falciparum,paper_replica,11006,Cacoal,RO,2020,1,205,237069,0,1.3269848932964687,-1.3269848932964687,0,3.5959994769455212,TRUE,205
P. falciparum,paper_replica,11006,Cacoal,RO,2020,2,206,237069,0,1.1148615834286806,-1.1148615834286806,0,3.174181356482702,TRUE,205
P. falciparum,paper_replica,11006,Cacoal,RO,2020,3,207,237069,0,1.0730667446976752,-1.0730667446976752,0,2.952726843239732,TRUE,205
P. falciparum,paper_replica,11007,Vilhena,RO,2020,1,205,164604,0,0.7514832665228981,-0.7514832665228981,0,2.430074603290321,TRUE,205
P. falciparum,paper_replica,11007,Vilhena,RO,2020,2,206,164604,0,0.6344318042887636,-0.6344318042887636,0,2.430074603290321,TRUE,205
P. falciparum,paper_replica,11007,Vilhena,RO,2020,3,207,164604,0,0.6025804602369492,-0.6025804602369492,0,2.430074603290321,TRUE,205
P. falciparum,paper_replica,11008,Colorado do Oeste,RO,2020,1,205,46304,0,1.7862782476207077,-1.7862782476207077,0,7.612733241188616,TRUE,205
P. falciparum,paper_replica,11008,Colorado do Oeste,RO,2020,2,206,46304,0,1.486030391980896,-1.486030391980896,0,6.47892190739461,TRUE,205
P. falciparum,paper_replica,11008,Colorado do Oeste,RO,2020,3,207,46304,0,1.4464075700715024,-1.4464075700715024,0,6.47892190739461,TRUE,205
P. falciparum,paper_replica,12001,Cruzeiro do Sul,AC,2020,1,205,159274,187.7268104022,118.29389172567134,69.43291867652864,76.86439720230547,174.24375604304532,FALSE,205
P. falciparum,paper_replica,12001,Cruzeiro do Sul,AC,2020,2,206,159274,199.02808995818526,102.14518534376259,96.88290461442267,63.71096349686704,165.81488504087292,FALSE,205
P. falciparum,paper_replica,12001,Cruzeiro do Sul,AC,2020,3,207,159274,194.63314790863544,94.28944757591839,100.34370033271705,52.080063287165515,157.38601403870052,FALSE,205
P. falciparum,paper_replica,12002,Tarauacá,AC,2020,1,205,86508,0,6.097392909298293,-6.097392909298293,0,13.871549452073797,TRUE,205
P. falciparum,paper_replica,12002,Tarauacá,AC,2020,2,206,86508,0,5.2034260759636615,-5.2034260759636615,0,13.871549452073797,TRUE,205
P. falciparum,paper_replica,12002,Tarauacá,AC,2020,3,207,86508,0,4.919927323622988,-4.919927323622988,0,13.322467286262516,TRUE,205
P. falciparum,paper_replica,12003,Sena Madureira,AC,2020,1,205,62809,0,0.2691370215782051,-0.2691370215782051,0,1.592128516613861,TRUE,205
P. falciparum,paper_replica,12003,Sena Madureira,AC,2020,2,206,62809,0,0.22656944924425887,-0.22656944924425887,0,1.592128516613861,TRUE,205
P. falciparum,paper_replica,12003,Sena Madureira,AC,2020,3,207,62809,0,0.21637855524980457,-0.21637855524980457,0,1.592128516613861,TRUE,205
P. falciparum,paper_replica,12004,Rio Branco,AC,2020,1,205,513351,3.506372832623293,3.5785245727955544,-0.07215174017226156,0.7791939628051762,7.309813363566054,TRUE,205
P. falciparum,paper_replica,12004,Rio Branco,AC,2020,2,206,513351,7.012745665246586,2.8591001514167167,4.1536455138298685,0.7791939628051762,5.9462239286569964,FALSE,205
P. falciparum,paper_replica,12004,Rio Branco,AC,2020,3,207,513351,6.038753211740116,2.749964284462209,3.2887889272779067,0.3895969814025881,6.335820910059585,TRUE,205
P. falciparum,paper_replica,12005,Brasiléia,AC,2020,1,205,72528,1.3787778513125966,1.1707861091446794,0.20799174216791716,0,4.1363335539377895,TRUE,205
P. falciparum,paper_replica,12005,Brasiléia,AC,2020,2,206,72528,0,0.9637245240854839,-0.9637245240854839,0,4.1363335539377895,TRUE,205
P. falciparum,paper_replica,12005,Brasiléia,AC,2020,3,207,72528,0,0.9484512009317722,-0.9484512009317722,0,4.1363335539377895,TRUE,205
P. falciparum,paper_replica,13001,Rio Negro,AM,2020,1,205,119734,333.2386790719428,51.778836281381245,281.45984279056154,27.122621811682563,86.90096380309683,FALSE,205
P. falciparum,paper_replica,13001,Rio Negro,AM,2020,2,206,119734,302.33684667680023,46.535309183769186,255.80153749303105,19.605959877728967,80.61619924165231,FALSE,205
P. falciparum,paper_replica,13001,Rio Negro,AM,2020,3,207,119734,376.668281357008,41.79145476483879,334.8768265921692,17.538877845891726,78.94582992299596,FALSE,205
P. falciparum,paper_replica,13002,Japurá,AM,2020,1,205,20512,160.8814352574103,8.924779264128496,151.9566559932818,0,29.251170046801874,FALSE,205
P. falciparum,paper_replica,13002,Japurá,AM,2020,2,206,20512,112.12948517940718,8.082576693629196,104.04690848577799,0,26.935452418096613,FALSE,205
P. falciparum,paper_replica,13002,Japurá,AM,2020,3,207,20512,92.62870514820594,7.436314070697269,85.19239107750867,0,29.251170046801874,FALSE,205
P. falciparum,paper_replica,13003,Alto Solimões,AM,2020,1,205,254355,11.008236519824655,14.33062548728549,-3.322388967460835,5.690865129445068,25.181341039098882,TRUE,205
P. falciparum,paper_replica,13003,Alto Solimões,AM,2020,2,206,254355,12.580841736942462,12.645905495924179,-0.0650637589817169,5.504118259912327,22.22287747439601,TRUE,205
P. falciparum,paper_replica,13003,Alto Solimões,AM,2020,3,207,254355,12.580841736942462,12.110501722424504,0.4703400145179586,3.1452104342356155,23.009180082954916,TRUE,205
P. falciparum,paper_replica,13004,Juruá,AM,2020,1,205,154894,17.431275582010922,23.23872359348922,-5.8074480114782965,9.345100520355857,40.02737355869175,TRUE,205
P. falciparum,paper_replica,13004,Juruá,AM,2020,2,206,154894,45.192195953361654,20.273824611746306,24.918371341615348,6.117086523687167,35.201492633672046,FALSE,205
P. falciparum,paper_replica,13004,Juruá,AM,2020,3,207,154894,52.29382674603277,19.245391292402854,33.04843545362992,7.101630792671117,39.07510942967447,FALSE,205
P. falciparum,paper_replica,13005,Tefé,AM,2020,1,205,89457,0,23.502219657955706,-23.502219657955706,5.589277529986474,42.4785092278972,FALSE,205
P. falciparum,paper_replica,13005,Tefé,AM,2020,2,206,89457,6.7071330359837695,20.72763663921145,-14.02050360322768,5.589277529986474,43.06538336854575,TRUE,205
P. falciparum,paper_replica,13005,Tefé,AM,2020,3,207,89457,4.471422023989179,19.499286171729583,-15.027864147740404,5.002403389337896,41.36065372189991,FALSE,205
P. falciparum,paper_replica,13006,Coari,AM,2020,1,205,183887,4.350497860098865,11.931938161931438,-7.581440301832573,2.7190611625617906,20.664864835469608,TRUE,205
P. falciparum,paper_replica,13006,Coari,AM,2020,2,206,183887,6.525746790148299,10.437231901011403,-3.9114851108631044,1.8897475079804456,20.664864835469608,TRUE,205
P. falciparum,paper_replica,13006,Coari,AM,2020,3,207,183887,7.069559022660656,9.579891876258047,-2.510332853597391,1.6314366975370747,21.208677067981967,TRUE,205
P. falciparum,paper_replica,13007,Manaus,AM,2020,1,205,2509626,0.2390794484915282,5.421611653174262,-5.182532204682733,3.286346252389798,8.50823987319226,FALSE,205
P. falciparum,paper_replica,13007,Manaus,AM,2020,2,206,2509626,0.3586191727372923,4.710563623003721,-4.351944450266429,2.6886476311609777,7.6166727631925975,FALSE,205
P. falciparum,paper_replica,13007,Manaus,AM,2020,3,207,2509626,0.3586191727372923,4.476067397549778,-4.1174482248124855,2.3300284584236852,7.770082075974667,FALSE,205
P. falciparum,paper_replica,13008,Rio Preto da Eva,AM,2020,1,205,71299,0,24.492921115231894,-24.492921115231894,2.068752717429419,47.020294814794006,FALSE,205
P. falciparum,paper_replica,13008,Rio Preto da Eva,AM,2020,2,206,71299,0,21.535939938796936,-21.535939938796936,4.873841147842187,46.28395910181069,FALSE,205
P. falciparum,paper_replica,13008,Rio Preto da Eva,AM,2020,3,207,71299,0,21.109336644296953,-21.109336644296953,2.8050884304127686,47.020294814794006,FALSE,205
P. falciparum,paper_replica,13009,Itacoatiara,AM,2020,1,205,182772,0,5.462727279195433,-5.462727279195433,0,12.06421114831591,TRUE,205
P. falciparum,paper_replica,13009,Itacoatiara,AM,2020,2,206,182772,0,4.664803570867214,-4.664803570867214,0,12.036854660451272,TRUE,205
P. falciparum,paper_replica,13009,Itacoatiara,AM,2020,3,207,182772,0.5471297572932396,4.496001127079914,-3.9488713697866746,0,10.135578753857253,TRUE,205
P. falciparum,paper_replica,13010,Parintins,AM,2020,1,205,284437,6.328290623231155,2.262633690567631,4.065656932663524,0,5.625147220649915,FALSE,205
P. falciparum,paper_replica,13010,Parintins,AM,2020,2,206,284437,3.515717012906197,1.9111252854321428,1.6045917274740542,0,4.570432116778056,TRUE,205
P. falciparum,paper_replica,13010,Parintins,AM,2020,3,207,284437,5.9767189219405354,1.8867658907267375,4.089953031213798,0,4.570432116778056,FALSE,205
P. falciparum,paper_replica,13011,Boca do Acre,AM,2020,1,205,54157,44.31560093801355,15.189784298711645,29.12581663930191,0,33.23670070351017,FALSE,205
P. falciparum,paper_replica,13011,Boca do Acre,AM,2020,2,206,54157,22.157800469006776,12.797376059990432,9.360424409016344,0,30.513137729194703,TRUE,205
P. falciparum,paper_replica,13011,Boca do Acre,AM,2020,3,207,54157,20.311317096589544,12.249432635605327,8.061884460984217,0,30.513137729194703,TRUE,205
P. falciparum,paper_replica,13012,Purus,AM,2020,1,205,79704,11.29177958446251,24.524713603472463,-13.232934019009953,3.1052393857271925,43.91247616179866,TRUE,205
P. falciparum,paper_replica,13012,Purus,AM,2020,2,206,79704,22.58355916892502,20.81609386723913,1.7674653016858919,3.7639265281541703,43.97520827060117,TRUE,205
P. falciparum,paper_replica,13012,Purus,AM,2020,3,207,79704,33.87533875338753,19.904112883898726,13.971225869488805,3.7639265281541703,41.403191809695876,TRUE,205
P. falciparum,paper_replica,13013,Madeira,AM,2020,1,205,202880,2.4645110410094637,14.092554295872672,-11.628043254863208,3.9432176656151423,25.889688485804406,FALSE,205
P. falciparum,paper_replica,13013,Madeira,AM,2020,2,206,202880,0.9858044164037856,12.033081018089188,-11.047276601685402,3.9432176656151423,22.673501577287066,FALSE,205
P. falciparum,paper_replica,13013,Madeira,AM,2020,3,207,202880,2.4645110410094637,11.605903381122783,-9.141392340113319,2.4645110410094637,22.673501577287066,TRUE,205
P. falciparum,paper_replica,14001,Boa Vista,RR,2020,1,205,467130,38.105024297304816,8.118715077478727,29.98630921982609,3.2110975531436647,13.914756063622546,FALSE,205
P. falciparum,paper_replica,14001,Boa Vista,RR,2020,2,206,467130,35.964292595209045,7.060609648215158,28.903682946993886,2.1407317020957763,13.48660972320339,FALSE,205
P. falciparum,paper_replica,14001,Boa Vista,RR,2020,3,207,467130,55.4449510842806,7.11244813079684,48.33250295348376,2.5688780425149313,13.17085179714426,FALSE,205
P. falciparum,paper_replica,14002,Nordeste de Roraima,RR,2020,1,205,53677,9.314976619408686,16.22513256327988,-6.910155943871196,0,35.39691115375301,TRUE,205
P. falciparum,paper_replica,14002,Nordeste de Roraima,RR,2020,2,206,53677,16.766957914935634,13.483403387971649,3.283554526963986,0,31.670920505989532,TRUE,205
P. falciparum,paper_replica,14002,Nordeste de Roraima,RR,2020,3,207,53677,18.62995323881737,14.043016534735544,4.586936704081827,0,35.39691115375301,TRUE,205
P. falciparum,paper_replica,14003,Caracaraí,RR,2020,1,205,52751,43.60106917404409,15.575254208862962,28.02581496518113,0,35.117817671702866,FALSE,205
P. falciparum,paper_replica,14003,Caracaraí,RR,2020,2,206,52751,3.791397319482095,13.714709184977677,-9.923311865495581,0,30.33117855585676,TRUE,205
P. falciparum,paper_replica,14003,Caracaraí,RR,2020,3,207,52751,34.12257587533886,14.275294723598737,19.847281151740123,0,35.117817671702866,TRUE,205
P. falciparum,paper_replica,14004,Sudeste de Roraima,RR,2020,1,205,57623,8.677090745015011,15.605426813699758,-6.928336068684747,0,32.97294483105704,TRUE,205
P. falciparum,paper_replica,14004,Sudeste de Roraima,RR,2020,2,206,57623,1.7354181490030023,13.50670885821606,-11.771290709213057,0,29.502108533051036,TRUE,205
P. falciparum,paper_replica,14004,Sudeste de Roraima,RR,2020,3,207,57623,1.7354181490030023,14.10231828088009,-12.366900131877086,0,32.97294483105704,TRUE,205
P. falciparum,paper_replica,15001,Óbidos,PA,2020,1,205,211269,0,1.8742258591609091,-1.8742258591609091,0,5.679962512247419,TRUE,205
P. falciparum,paper_replica,15001,Óbidos,PA,2020,2,206,211269,0,1.5980230114392906,-1.5980230114392906,0,4.259971884185565,TRUE,205
P. falciparum,paper_replica,15001,Óbidos,PA,2020,3,207,211269,0,1.6145673015329418,-1.6145673015329418,0,4.733302093539516,TRUE,205
P. falciparum,paper_replica,15002,Santarém,PA,2020,1,205,531849,0.18802329232545326,1.3145742695483367,-1.1265509772228834,0,3.008372677207252,TRUE,205
P. falciparum,paper_replica,15002,Santarém,PA,2020,2,206,531849,0.18802329232545326,1.1133442680775658,-0.9253209757521126,0,2.820349384881799,TRUE,205
P. falciparum,paper_replica,15002,Santarém,PA,2020,3,207,531849,0.3760465846509065,1.0732627327768163,-0.6972161481259098,0,3.107084905678111,TRUE,205
P. falciparum,paper_replica,15003,Almeirim,PA,2020,1,205,75877,0,2.2610928508623287,-2.2610928508623287,0,7.90753456251565,TRUE,205
P. falciparum,paper_replica,15003,Almeirim,PA,2020,2,206,75877,0,1.9231423660710665,-1.9231423660710665,0,6.589612135429709,TRUE,205
P. falciparum,paper_replica,15003,Almeirim,PA,2020,3,207,75877,0,1.9036667871352455,-1.9036667871352455,0,6.589612135429709,TRUE,205
P. falciparum,paper_replica,15004,Portel,PA,2020,1,205,155915,0.6413751082320495,2.3512830390749726,-1.709907930842923,0,6.413751082320496,TRUE,205
P. falciparum,paper_replica,15004,Portel,PA,2020,2,206,155915,0,2.0240185132674626,-2.0240185132674626,0,5.772375974088446,TRUE,205
P. falciparum,paper_replica,15004,Portel,PA,2020,3,207,155915,0,1.9435644406998198,-1.9435644406998198,0,5.131000865856396,TRUE,205
P. falciparum,paper_replica,15005,Furos de Breves,PA,2020,1,205,234720,25.988411724608046,25.134913567939204,0.8534981566688415,11.92910702113156,40.921097477845926,TRUE,205
P. falciparum,paper_replica,15005,Furos de Breves,PA,2020,2,206,234720,25.56237218813906,21.76839732133695,3.793974866802113,9.575238582140424,39.19563735514656,TRUE,205
P. falciparum,paper_replica,15005,Furos de Breves,PA,2020,3,207,234720,21.301976823449216,20.510766814323024,0.7912100091261927,10.001278118609408,41.1234662576687,TRUE,205
P. falciparum,paper_replica,15006,Arari,PA,2020,1,205,180421,1.1085184097194893,2.95529696700902,-1.8467785572895308,0,7.205369663176681,TRUE,205
P. falciparum,paper_replica,15006,Arari,PA,2020,2,206,180421,0.5542592048597447,2.5256859168802,-1.9714267120204552,0,7.205369663176681,TRUE,205
P. falciparum,paper_replica,15006,Arari,PA,2020,3,207,180421,2.7712960242987235,2.4054609818154415,0.3658350424832819,0,6.6511104583169365,TRUE,205
P. falciparum,paper_replica,15007,Belém,PA,2020,1,205,2381117,0,0.08072548247695875,-0.08072548247695875,0,0.27403105349296053,TRUE,205
P. falciparum,paper_replica,15007,Belém,PA,2020,2,206,2381117,0.04199709632076038,0.06882627530786516,-0.026829178987104775,0,0.2099854816038019,TRUE,205
P. falciparum,paper_replica,15007,Belém,PA,2020,3,207,2381117,0.08399419264152076,0.06492778646944924,0.019066406172071518,0,0.2519825779245623,TRUE,205
P. falciparum,paper_replica,15008,Castanhal,PA,2020,1,205,348294,0,0.08536369952917856,-0.08536369952917856,0,0.28711376021407203,TRUE,205
P. falciparum,paper_replica,15008,Castanhal,PA,2020,2,206,348294,0.28711376021407203,0.07263780689480571,0.21447595331926633,0,0.28711376021407203,TRUE,205
P. falciparum,paper_replica,15008,Castanhal,PA,2020,3,207,348294,0,0.06861967109041488,-0.06861967109041488,0,0.28711376021407203,TRUE,205
P. falciparum,paper_replica,15009,Salgado,PA,2020,1,205,273785,0,0.061073532060535875,-0.061073532060535875,0,0.3652501050094052,TRUE,205
P. falciparum,paper_replica,15009,Salgado,PA,2020,2,206,273785,0,0.051705388910528824,-0.051705388910528824,0,0.3652501050094052,TRUE,205
P. falciparum,paper_replica,15009,Salgado,PA,2020,3,207,273785,0,0.04951800225992447,-0.04951800225992447,0,0.3652501050094052,TRUE,205
P. falciparum,paper_replica,15010,Bragantina,PA,2020,1,205,427450,0,0.17470345635290496,-0.17470345635290496,0,0.7018364721020003,TRUE,205
P. falciparum,paper_replica,15010,Bragantina,PA,2020,2,206,427450,0,0.14660233781569754,-0.14660233781569754,0,0.7018364721020003,TRUE,205
P. falciparum,paper_replica,15010,Bragantina,PA,2020,3,207,427450,0,0.14068089036006964,-0.14068089036006964,0,0.7018364721020003,TRUE,205
P. falciparum,paper_replica,15011,Cametá,PA,2020,1,205,503601,0,0.610167249916338,-0.610167249916338,0,1.7871290962488162,TRUE,205
P. falciparum,paper_replica,15011,Cametá,PA,2020,2,206,503601,0,0.525728401027242,-0.525728401027242,0,1.5885591966656143,TRUE,205
P. falciparum,paper_replica,15011,Cametá,PA,2020,3,207,503601,0,0.5012433781020509,-0.5012433781020509,0,1.494238494363589,TRUE,205
P. falciparum,paper_replica,15012,Tomé-Açu,PA,2020,1,205,345631,0,1.413055692943041,-1.413055692943041,0,3.182584895452086,TRUE,205
P. falciparum,paper_replica,15012,Tomé-Açu,PA,2020,2,206,345631,0.5786517991731066,1.232813333863884,-0.6541615346907774,0,3.471910795038639,TRUE,205
P. falciparum,paper_replica,15012,Tomé-Açu,PA,2020,3,207,345631,0,1.1632102723731352,-1.1632102723731352,0,3.182584895452086,TRUE,205
P. falciparum,paper_replica,15013,Guamá,PA,2020,1,205,488143,0.20485800267544552,2.625030759485928,-2.4201727568104827,0.20485800267544552,5.121450066886138,TRUE,205
P. falciparum,paper_replica,15013,Guamá,PA,2020,2,206,488143,0,2.2411846087082243,-2.2411846087082243,0.09730755127083691,4.926834964344455,FALSE,205
P. falciparum,paper_replica,15013,Guamá,PA,2020,3,207,488143,0,2.133261622653597,-2.133261622653597,0,4.819284512939851,TRUE,205
P. falciparum,paper_replica,15014,Itaituba,PA,2020,1,205,221823,13.07348651853054,34.81276987590281,-21.73928335737227,16.894100251101104,55.44961523376746,FALSE,205
P. falciparum,paper_replica,15014,Itaituba,PA,2020,2,206,221823,27.04859279695974,30.293459089529904,-3.2448662925701655,13.52429639847987,50.72738174129823,TRUE,205
P. falciparum,paper_replica,15014,Itaituba,PA,2020,3,207,221823,13.52429639847987,29.104920869936436,-15.580624471456566,13.738431091455801,55.686290420740846,FALSE,205
P. falciparum,paper_replica,15015,Altamira,PA,2020,1,205,312142,0.3203670124494621,7.723346365686884,-7.402979353237422,1.9222020746967725,14.416515560225793,FALSE,205
P. falciparum,paper_replica,15015,Altamira,PA,2020,2,206,312142,0.3203670124494621,6.77509805894562,-6.454731046496158,1.4336423807113432,13.77578153532687,FALSE,205
P. falciparum,paper_replica,15015,Altamira,PA,2020,3,207,312142,0.9611010373483863,6.401901424855175,-5.440800387506789,1.6018350622473103,14.584708241761755,FALSE,205
P. falciparum,paper_replica,15016,Tucuruí,PA,2020,1,205,389741,0,9.42942327590003,-9.42942327590003,5.131613045586684,15.908000441318721,FALSE,205
P. falciparum,paper_replica,15016,Tucuruí,PA,2020,2,206,389741,0.25658065227933424,8.158937120413416,-7.902356468134082,3.0789678273520105,15.65141978903939,FALSE,205
P. falciparum,paper_replica,15016,Tucuruí,PA,2020,3,207,389741,0.25658065227933424,7.8475149440752086,-7.590934291795874,2.309225870514008,15.65141978903939,FALSE,205
P. falciparum,paper_replica,15017,Paragominas,PA,2020,1,205,354221,0,3.7640902079637204,-3.7640902079637204,0.5646192631153997,7.904669683615596,FALSE,205
P. falciparum,paper_replica,15017,Paragominas,PA,2020,2,206,354221,0.28230963155769984,3.277304968368024,-2.994995336810324,0.28230963155769984,7.057740788942497,TRUE,205
P. falciparum,paper_replica,15017,Paragominas,PA,2020,3,207,354221,0,3.076167618003245,-3.076167618003245,0.5646192631153997,7.205953345510283,FALSE,205
P. falciparum,paper_replica,15018,São Félix do Xingu,PA,2020,1,205,222632,14.373495274713429,0.7385239891547922,13.634971285558636,0,2.2458586366739732,FALSE,205
P. falciparum,paper_replica,15018,São Félix do Xingu,PA,2020,2,206,222632,4.4917172733479465,0.6407473851210658,3.8509698882268806,0,2.2458586366739732,FALSE,205
P. falciparum,paper_replica,15018,São Félix do Xingu,PA,2020,3,207,222632,1.7966869093391786,0.5981396186773205,1.1985472906618582,0,2.2458586366739732,TRUE,205
P. falciparum,paper_replica,15019,Parauapebas,PA,2020,1,205,331080,0,1.1202096215870214,-1.1202096215870214,0,2.7183762232693005,TRUE,205
P. falciparum,paper_replica,15019,Parauapebas,PA,2020,2,206,331080,0.3020418025854778,0.961553320746272,-0.6595115181607942,0,2.7183762232693005,TRUE,205
P. falciparum,paper_replica,15019,Parauapebas,PA,2020,3,207,331080,0,0.9136545061766402,-0.9136545061766402,0,2.7183762232693005,TRUE,205
P. falciparum,paper_replica,15020,Marabá,PA,2020,1,205,338296,0,1.6290908300022389,-1.6290908300022389,0,3.842788563861234,TRUE,205
P. falciparum,paper_replica,15020,Marabá,PA,2020,2,206,338296,0.295599120297018,1.3979263181390904,-1.1023271978420723,0,3.5471894435642164,TRUE,205
P. falciparum,paper_replica,15020,Marabá,PA,2020,3,207,338296,0,1.3352570913781787,-1.3352570913781787,0,3.5471894435642164,TRUE,205
P. falciparum,paper_replica,15021,Redenção,PA,2020,1,205,197953,0,0.3777514567167949,-0.3777514567167949,0,1.5155112577227927,TRUE,205
P. falciparum,paper_replica,15021,Redenção,PA,2020,2,206,197953,0,0.3245971451733934,-0.3245971451733934,0,1.5155112577227927,TRUE,205
P. falciparum,paper_replica,15021,Redenção,PA,2020,3,207,197953,0,0.3076071184194925,-0.3076071184194925,0,1.5155112577227927,TRUE,205
P. falciparum,paper_replica,15022,Conceição do Araguaia,PA,2020,1,205,164785,0,3.2680957472118504,-3.2680957472118504,0,8.495918924659405,TRUE,205
P. falciparum,paper_replica,15022,Conceição do Araguaia,PA,2020,2,206,164785,0,2.7667789990962257,-2.7667789990962257,0,6.675364869375247,TRUE,205
P. falciparum,paper_replica,15022,Conceição do Araguaia,PA,2020,3,207,164785,0,2.6215443282989974,-2.6215443282989974,0,7.889067572898019,TRUE,205
P. falciparum,paper_replica,16001,Oiapoque,AP,2020,1,205,39212,2.550239722533918,78.79001321990874,-76.23977349737483,33.15311639294094,141.60206059369574,FALSE,205
P. falciparum,paper_replica,16001,Oiapoque,AP,2020,2,206,39212,20.401917780271344,67.34018577495323,-46.93826799468188,26.7137610935428,124.961746404162,FALSE,205
P. falciparum,paper_replica,16001,Oiapoque,AP,2020,3,207,39212,0,65.97596085180538,-65.97596085180538,12.623686626542902,142.81342446189942,FALSE,205
P. falciparum,paper_replica,16002,Amapá,AP,2020,1,205,32202,3.1053971802993603,10.231612579826548,-7.1262153995271875,0,27.94857462269424,TRUE,205
P. falciparum,paper_replica,16002,Amapá,AP,2020,2,206,32202,0,8.743490039369437,-8.743490039369437,0,24.843177442394882,TRUE,205
P. falciparum,paper_replica,16002,Amapá,AP,2020,3,207,32202,0,8.48712756574834,-8.48712756574834,0,24.843177442394882,TRUE,205
P. falciparum,paper_replica,16003,Macapá,AP,2020,1,205,700690,7.135823259929499,5.9545964916003955,1.1812267683291031,2.5688963735746193,10.493228103726324,TRUE,205
P. falciparum,paper_replica,16003,Macapá,AP,2020,2,206,700690,3.282478699567569,5.0657867127462435,-1.7833080131786745,1.7125975823830795,9.562003168305528,TRUE,205
P. falciparum,paper_replica,16003,Macapá,AP,2020,3,207,700690,2.7116128387732092,4.943553434040393,-2.2319405952671834,1.9980305127802593,9.636929312534784,TRUE,205
P. falciparum,paper_replica,16004,Mazagão,AP,2020,1,205,89669,3.3456378458553124,17.58869707224585,-14.243059226390537,2.230425230570208,34.57159107383823,TRUE,205
P. falciparum,paper_replica,16004,Mazagão,AP,2020,2,206,89669,1.115212615285104,14.987854333629087,-13.872641718343983,3.3456378458553124,31.811439851007567,FALSE,205
P. falciparum,paper_replica,16004,Mazagão,AP,2020,3,207,89669,6.691275691710625,14.757087018527198,-8.065811326816572,2.230425230570208,31.811439851007567,TRUE,205
P. falciparum,paper_replica,17001,Bico do Papagaio,TO,2020,1,205,217560,0,0.1347326841170836,-0.1347326841170836,0,0.45964331678617393,TRUE,205
P. falciparum,paper_replica,17001,Bico do Papagaio,TO,2020,2,206,217560,0,0.11766083231946928,-0.11766083231946928,0,0.45964331678617393,TRUE,205
P. falciparum,paper_replica,17001,Bico do Papagaio,TO,2020,3,207,217560,0,0.10880332565702572,-0.10880332565702572,0,0.45964331678617393,TRUE,205
P. falciparum,paper_replica,17002,Araguaína,TO,2020,1,205,323491,0,0.11382882284314477,-0.11382882284314477,0,0.6182552219381683,TRUE,205
P. falciparum,paper_replica,17002,Araguaína,TO,2020,2,206,323491,0,0.09861857076841779,-0.09861857076841779,0,0.6182552219381683,TRUE,205
P. falciparum,paper_replica,17002,Araguaína,TO,2020,3,207,323491,0,0.09260015884269565,-0.09260015884269565,0,0.47141960672784633,TRUE,205
P. falciparum,paper_replica,17003,Miracema do Tocantins,TO,2020,1,205,149583,0,0.1089476695771294,-0.1089476695771294,0,0.6685251666298978,TRUE,205
P. falciparum,paper_replica,17003,Miracema do Tocantins,TO,2020,2,206,149583,0,0.09352747980135714,-0.09352747980135714,0,0.6685251666298978,TRUE,205
P. falciparum,paper_replica,17003,Miracema do Tocantins,TO,2020,3,207,149583,0,0.08911502626537246,-0.08911502626537246,0,0.6685251666298978,TRUE,205
P. falciparum,paper_replica,17004,Rio Formoso,TO,2020,1,205,128892,0,0.106729943216462,-0.106729943216462,0,0.7758433417124414,TRUE,205
P. falciparum,paper_replica,17004,Rio Formoso,TO,2020,2,206,128892,0,0.09123450698422958,-0.09123450698422958,0,0.7758433417124414,TRUE,205
P. falciparum,paper_replica,17004,Rio Formoso,TO,2020,3,207,128892,0,0.0849034084710724,-0.0849034084710724,0,0.7758433417124414,TRUE,205
P. falciparum,paper_replica,17005,Gurupi,TO,2020,1,205,151930,0,0.013828981458567605,-0.013828981458567605,0,0,TRUE,205
P. falciparum,paper_replica,17005,Gurupi,TO,2020,2,206,151930,0,0.011707320542965883,-0.011707320542965883,0,0,TRUE,205
P. falciparum,paper_replica,17005,Gurupi,TO,2020,3,207,151930,0,0.010811469158767833,-0.010811469158767833,0,0,TRUE,205
P. falciparum,paper_replica,17006,Porto Nacional,TO,2020,1,205,413057,0.24209733765557778,0.03806860047917537,0.2040287371764024,0,0.24209733765557778,TRUE,205
P. falciparum,paper_replica,17006,Porto Nacional,TO,2020,2,206,413057,0,0.03253590498507525,-0.03253590498507525,0,0.24209733765557778,TRUE,205
P. falciparum,paper_replica,17006,Porto Nacional,TO,2020,3,207,413057,0,0.030851867734452032,-0.030851867734452032,0,0.24209733765557778,TRUE,205
P. falciparum,paper_replica,17007,Jalapão,TO,2020,1,205,80915,0,0.0029814720252825744,-0.0029814720252825744,0,0,TRUE,205
P. falciparum,paper_replica,17007,Jalapão,TO,2020,2,206,80915,0,0.002545103583254281,-0.002545103583254281,0,0,TRUE,205
P. falciparum,paper_replica,17007,Jalapão,TO,2020,3,207,80915,0,0.0024232165077536717,-0.0024232165077536717,0,0,TRUE,205
P. falciparum,paper_replica,17008,Dianópolis,TO,2020,1,205,124820,0,0.0011133236660564906,-0.0011133236660564906,0,0,TRUE,205
P. falciparum,paper_replica,17008,Dianópolis,TO,2020,2,206,124820,0,9.637817133540423e-4,-9.637817133540423e-4,0,0,TRUE,205
P. falciparum,paper_replica,17008,Dianópolis,TO,2020,3,207,124820,0,8.860129772038414e-4,-8.860129772038414e-4,0,0,TRUE,205
P. falciparum,paper_replica,21001,Litoral Ocidental Maranhense,MA,2020,1,205,191685,0,0.022334795418484116,-0.022334795418484116,0,0,TRUE,205
P. falciparum,paper_replica,21001,Litoral Ocidental Maranhense,MA,2020,2,206,191685,0,0.01915551810993237,-0.01915551810993237,0,0,TRUE,205
P. falciparum,paper_replica,21001,Litoral Ocidental Maranhense,MA,2020,3,207,191685,0,0.01818033425611991,-0.01818033425611991,0,0,TRUE,205
P. falciparum,paper_replica,21002,Aglomeração Urbana de São Luís,MA,2020,1,205,1442927,0,0.02033454572370526,-0.02033454572370526,0,0.13860715060429252,TRUE,205
P. falciparum,paper_replica,21002,Aglomeração Urbana de São Luís,MA,2020,2,206,1442927,0,0.017313472376625907,-0.017313472376625907,0,0.13860715060429252,TRUE,205
P. falciparum,paper_replica,21002,Aglomeração Urbana de São Luís,MA,2020,3,207,1442927,0,0.016234250324581662,-0.016234250324581662,0,0.06930357530214626,TRUE,205
P. falciparum,paper_replica,21003,Rosário,MA,2020,1,205,179884,0,0.019442046762292643,-0.019442046762292643,0,0,TRUE,205
P. falciparum,paper_replica,21003,Rosário,MA,2020,2,206,179884,0,0.016640209726982918,-0.016640209726982918,0,0,TRUE,205
P. falciparum,paper_replica,21003,Rosário,MA,2020,3,207,179884,0,0.015738947702978515,-0.015738947702978515,0,0,TRUE,205
P. falciparum,paper_replica,21004,Lençóis Maranhenses,MA,2020,1,205,199178,0,0.019120724076308347,-0.019120724076308347,0,0.2635833274759147,TRUE,205
P. falciparum,paper_replica,21004,Lençóis Maranhenses,MA,2020,2,206,199178,0,0.016144777615556355,-0.016144777615556355,0,0,TRUE,205
P. falciparum,paper_replica,21004,Lençóis Maranhenses,MA,2020,3,207,199178,0,0.015436795622408362,-0.015436795622408362,0,0,TRUE,205
P. falciparum,paper_replica,21005,Baixada Maranhense,MA,2020,1,205,608061,0,0.7227390168106399,-0.7227390168106399,0,1.6445718439432886,TRUE,205
P. falciparum,paper_replica,21005,Baixada Maranhense,MA,2020,2,206,608061,0,0.6234069488225983,-0.6234069488225983,0,1.6445718439432886,TRUE,205
P. falciparum,paper_replica,21005,Baixada Maranhense,MA,2020,3,207,608061,0.4933715531829866,0.5907586594611183,-0.09738710627813169,0,1.6445718439432886,TRUE,205
P. falciparum,paper_replica,21006,Itapecuru Mirim,MA,2020,1,205,238418,0,0.13665260881418198,-0.13665260881418198,0,0.8388628375374343,TRUE,205
P. falciparum,paper_replica,21006,Itapecuru Mirim,MA,2020,2,206,238418,0,0.11696130517774482,-0.11696130517774482,0,0.8388628375374343,TRUE,205
P. falciparum,paper_replica,21006,Itapecuru Mirim,MA,2020,3,207,238418,0,0.10973602571970656,-0.10973602571970656,0,0.8388628375374343,TRUE,205
P. falciparum,paper_replica,21007,Gurupi,MA,2020,1,205,243679,0,1.8423210964442658,-1.8423210964442658,0,4.103759454035842,TRUE,205
P. falciparum,paper_replica,21007,Gurupi,MA,2020,2,206,243679,0,1.5892160669372948,-1.5892160669372948,0,3.9088308799691305,TRUE,205
P. falciparum,paper_replica,21007,Gurupi,MA,2020,3,207,243679,0,1.5002415497137642,-1.5002415497137642,0,3.9088308799691305,TRUE,205
P. falciparum,paper_replica,21008,Pindaré,MA,2020,1,205,669222,0.8965634722110152,0.624426155779583,0.27213731643143213,0,1.3448452083165228,TRUE,205
P. falciparum,paper_replica,21008,Pindaré,MA,2020,2,206,669222,0.2988544907370051,0.5481293098644408,-0.24927481912743565,0,1.4942724536850254,TRUE,205
P. falciparum,paper_replica,21008,Pindaré,MA,2020,3,207,669222,0.4482817361055076,0.5126552069520197,-0.06437347084651213,0,1.4942724536850254,TRUE,205
P. falciparum,paper_replica,21009,Imperatriz,MA,2020,1,205,602537,0.3319298233967375,0.16623524612150906,0.16569457727522843,0,0.4978947350951062,TRUE,205
P. falciparum,paper_replica,21009,Imperatriz,MA,2020,2,206,602537,0,0.1456708056052221,-0.1456708056052221,0,0.4978947350951062,TRUE,205
P. falciparum,paper_replica,21009,Imperatriz,MA,2020,3,207,602537,0.16596491169836874,0.13502871000781047,0.030936201690558274,0,0.4978947350951062,TRUE,205
P. falciparum,paper_replica,21010,Médio Mearim,MA,2020,1,205,424432,0.2356090021487541,0.40979807686387004,-0.17418907471511594,0,1.1780450107437705,TRUE,205
P. falciparum,paper_replica,21010,Médio Mearim,MA,2020,2,206,424432,0,0.35584545203412243,-0.35584545203412243,0,1.1780450107437705,TRUE,205
P. falciparum,paper_replica,21010,Médio Mearim,MA,2020,3,207,424432,0,0.33046449999348204,-0.33046449999348204,0,1.1780450107437705,TRUE,205
P. falciparum,paper_replica,21011,Alto Mearim e Grajaú,MA,2020,1,205,338308,0,0.20610081632411,-0.20610081632411,0,0.8867659056244604,TRUE,205
P. falciparum,paper_replica,21011,Alto Mearim e Grajaú,MA,2020,2,206,338308,0,0.1822978458513944,-0.1822978458513944,0,0.5911772704163071,TRUE,205
P. falciparum,paper_replica,21011,Alto Mearim e Grajaú,MA,2020,3,207,338308,0,0.1666323188685335,-0.1666323188685335,0,0.5911772704163071,TRUE,205
P. falciparum,paper_replica,21012,Presidente Dutra,MA,2020,1,205,200027,0,0.40262032544483156,-0.40262032544483156,0,1.49979752733381,TRUE,205
P. falciparum,paper_replica,21012,Presidente Dutra,MA,2020,2,206,200027,0,0.3469499010641559,-0.3469499010641559,0,1.49979752733381,TRUE,205
P. falciparum,paper_replica,21012,Presidente Dutra,MA,2020,3,207,200027,0,0.3242505637580531,-0.3242505637580531,0,1.49979752733381,TRUE,205
P. falciparum,paper_replica,21013,Baixo Parnaíba Maranhense,MA,2020,1,205,147430,0.6782880010852608,0.1523736759357291,0.5259143251495317,0,0.6782880010852608,TRUE,205
P. falciparum,paper_replica,21013,Baixo Parnaíba Maranhense,MA,2020,2,206,147430,0,0.1274011455507052,-0.1274011455507052,0,0.6782880010852608,TRUE,205
P. falciparum,paper_replica,21013,Baixo Parnaíba Maranhense,MA,2020,3,207,147430,0,0.12127461068242901,-0.12127461068242901,0,0.6782880010852608,TRUE,205
P. falciparum,paper_replica,21014,Chapadinha,MA,2020,1,205,246702,0,0.06992991532964918,-0.06992991532964918,0,0.4053473421374776,TRUE,205
P. falciparum,paper_replica,21014,Chapadinha,MA,2020,2,206,246702,0,0.0593569992796878,-0.0593569992796878,0,0.4053473421374776,TRUE,205
P. falciparum,paper_replica,21014,Chapadinha,MA,2020,3,207,246702,0,0.055763858686397154,-0.055763858686397154,0,0.4053473421374776,TRUE,205
P. falciparum,paper_replica,21015,Codó,MA,2020,1,205,280000,0.35714285714285715,0.23230531075542696,0.12483754638743019,0,1.0714285714285714,TRUE,205
P. falciparum,paper_replica,21015,Codó,MA,2020,2,206,280000,0,0.20157898042380082,-0.20157898042380082,0,0.7142857142857143,TRUE,205
P. falciparum,paper_replica,21015,Codó,MA,2020,3,207,280000,0,0.18699567049468913,-0.18699567049468913,0,0.7142857142857143,TRUE,205
P. falciparum,paper_replica,21016,Coelho Neto,MA,2020,1,205,94357,0,0.02359335476314084,-0.02359335476314084,0,0,TRUE,205
P. falciparum,paper_replica,21016,Coelho Neto,MA,2020,2,206,94357,0,0.020135106016765176,-0.020135106016765176,0,0,TRUE,205
P. falciparum,paper_replica,21016,Coelho Neto,MA,2020,3,207,94357,0,0.018929349487271322,-0.018929349487271322,0,0,TRUE,205
P. falciparum,paper_replica,21017,Caxias,MA,2020,1,205,447282,0,0.12343362633308194,-0.12343362633308194,0,0.44714520146127057,TRUE,205
P. falciparum,paper_replica,21017,Caxias,MA,2020,2,206,447282,0,0.10718610807391296,-0.10718610807391296,0,0.44714520146127057,TRUE,205
P. falciparum,paper_replica,21017,Caxias,MA,2020,3,207,447282,0,0.10035979046913722,-0.10035979046913722,0,0.44714520146127057,TRUE,205
P. falciparum,paper_replica,21018,Chapadas do Alto Itapecuru,MA,2020,1,205,222247,0,0.1271198529668013,-0.1271198529668013,0,0.8998996611877775,TRUE,205
P. falciparum,paper_replica,21018,Chapadas do Alto Itapecuru,MA,2020,2,206,222247,0,0.11162846691818952,-0.11162846691818952,0,0.44994983059388877,TRUE,205
P. falciparum,paper_replica,21018,Chapadas do Alto Itapecuru,MA,2020,3,207,222247,0,0.10265969987592365,-0.10265969987592365,0,0.44994983059388877,TRUE,205
P. falciparum,paper_replica,21019,Porto Franco,MA,2020,1,205,121114,0,0.10107051292994752,-0.10107051292994752,0,0.8256683785524381,TRUE,205
P. falciparum,paper_replica,21019,Porto Franco,MA,2020,2,206,121114,0,0.0873439810633523,-0.0873439810633523,0,0.8256683785524381,TRUE,205
P. falciparum,paper_replica,21019,Porto Franco,MA,2020,3,207,121114,0,0.08109643279856657,-0.08109643279856657,0,0.8256683785524381,TRUE,205
P. falciparum,paper_replica,21020,Gerais de Balsas,MA,2020,1,205,144541,0,0.012796329235180245,-0.012796329235180245,0,0,TRUE,205
P. falciparum,paper_replica,21020,Gerais de Balsas,MA,2020,2,206,144541,0,0.011191916722841104,-0.011191916722841104,0,0,TRUE,205
P. falciparum,paper_replica,21020,Gerais de Balsas,MA,2020,3,207,144541,0,0.01061732047918103,-0.01061732047918103,0,0,TRUE,205
P. falciparum,paper_replica,21021,Chapadas das Mangabeiras,MA,2020,1,205,72567,0,0.005370163559252179,-0.005370163559252179,0,0,TRUE,205
P. falciparum,paper_replica,21021,Chapadas das Mangabeiras,MA,2020,2,206,72567,0,0.004719792208800285,-0.004719792208800285,0,0,TRUE,205
P. falciparum,paper_replica,21021,Chapadas das Mangabeiras,MA,2020,3,207,72567,0,0.004320765647063441,-0.004320765647063441,0,0,TRUE,205
P. falciparum,paper_replica,51001,Aripuanã,MT,2020,1,205,173174,0.577453890306859,6.546557238321522,-5.969103348014663,1.154907780613718,13.584602769468844,FALSE,205
P. falciparum,paper_replica,51001,Aripuanã,MT,2020,2,206,173174,6.351992793375449,5.510672145029259,0.8413206483461897,0,11.852241098548266,TRUE,205
P. falciparum,paper_replica,51001,Aripuanã,MT,2020,3,207,173174,2.8872694515342947,5.203250488736322,-2.3159810372020275,0,12.429694988855127,TRUE,205
P. falciparum,paper_replica,51002,Alta Floresta,MT,2020,1,205,108647,0,0.5700178672099022,-0.5700178672099022,0,2.761235929201911,TRUE,205
P. falciparum,paper_replica,51002,Alta Floresta,MT,2020,2,206,108647,0,0.48597006338014653,-0.48597006338014653,0,1.8408239528012738,TRUE,205
P. falciparum,paper_replica,51002,Alta Floresta,MT,2020,3,207,108647,0,0.46906689584221983,-0.46906689584221983,0,1.8408239528012738,TRUE,205
P. falciparum,paper_replica,51003,Colíder,MT,2020,1,205,158041,0,0.6808844405412522,-0.6808844405412522,0,2.5309887940471145,TRUE,205
P. falciparum,paper_replica,51003,Colíder,MT,2020,2,206,158041,0,0.5871828041863338,-0.5871828041863338,0,2.5309887940471145,TRUE,205
P. falciparum,paper_replica,51003,Colíder,MT,2020,3,207,158041,0,0.5612225541891315,-0.5612225541891315,0,1.8982415955353358,TRUE,205
P. falciparum,paper_replica,51004,Parecis,MT,2020,1,205,113087,0.8842749387639606,0.26053630146418133,0.6237386372997793,0,0.8842749387639606,TRUE,205
P. falciparum,paper_replica,51004,Parecis,MT,2020,2,206,113087,0,0.22080604930825964,-0.22080604930825964,0,0.8842749387639606,TRUE,205
P. falciparum,paper_replica,51004,Parecis,MT,2020,3,207,113087,0,0.2092663924630593,-0.2092663924630593,0,0.8842749387639606,TRUE,205
P. falciparum,paper_replica,51005,Arinos,MT,2020,1,205,83825,0,0.3380668210027777,-0.3380668210027777,0,1.1929615269907545,TRUE,205
P. falciparum,paper_replica,51005,Arinos,MT,2020,2,206,83825,0,0.2895287858213631,-0.2895287858213631,0,1.1929615269907545,TRUE,205
P. falciparum,paper_replica,51005,Arinos,MT,2020,3,207,83825,0,0.2828835128509152,-0.2828835128509152,0,1.1929615269907545,TRUE,205
P. falciparum,paper_replica,51006,Alto Teles Pires,MT,2020,1,205,267191,0,0.18721746455243066,-0.18721746455243066,0,0.7485282064141382,TRUE,205
P. falciparum,paper_replica,51006,Alto Teles Pires,MT,2020,2,206,267191,0,0.15890009015919304,-0.15890009015919304,0,0.7485282064141382,TRUE,205
P. falciparum,paper_replica,51006,Alto Teles Pires,MT,2020,3,207,267191,0,0.1540667707809743,-0.1540667707809743,0,0.7485282064141382,TRUE,205
P. falciparum,paper_replica,51007,Sinop,MT,2020,1,205,209969,0,0.1405231213414075,-0.1405231213414075,0,0.4762607813534379,TRUE,205
P. falciparum,paper_replica,51007,Sinop,MT,2020,2,206,209969,0,0.12090487471816794,-0.12090487471816794,0,0.4762607813534379,TRUE,205
P. falciparum,paper_replica,51007,Sinop,MT,2020,3,207,209969,0,0.11497714317417727,-0.11497714317417727,0,0.726297691563982,TRUE,205
P. falciparum,paper_replica,51008,Paranatinga,MT,2020,1,205,37097,0,0.016017725243353244,-0.016017725243353244,0,0,TRUE,205
P. falciparum,paper_replica,51008,Paranatinga,MT,2020,2,206,37097,0,0.013590389709586785,-0.013590389709586785,0,0,TRUE,205
P. falciparum,paper_replica,51008,Paranatinga,MT,2020,3,207,37097,0,0.013118205723135224,-0.013118205723135224,0,0,TRUE,205
P. falciparum,paper_replica,51009,Norte Araguaia,MT,2020,1,205,134387,0,0.05164482912506258,-0.05164482912506258,0,0.7441195949012925,TRUE,205
P. falciparum,paper_replica,51009,Norte Araguaia,MT,2020,2,206,134387,0,0.04388721428242453,-0.04388721428242453,0,0.7441195949012925,TRUE,205
P. falciparum,paper_replica,51009,Norte Araguaia,MT,2020,3,207,134387,0,0.04189856104021106,-0.04189856104021106,0,0.7441195949012925,TRUE,205
P. falciparum,paper_replica,51010,Canarana,MT,2020,1,205,118050,0,0.00951871098434646,-0.00951871098434646,0,0,TRUE,205
P. falciparum,paper_replica,51010,Canarana,MT,2020,2,206,118050,0,0.008188722069942865,-0.008188722069942865,0,0,TRUE,205
P. falciparum,paper_replica,51010,Canarana,MT,2020,3,207,118050,0,0.007722172235203534,-0.007722172235203534,0,0,TRUE,205
P. falciparum,paper_replica,51011,Médio Araguaia,MT,2020,1,205,69925,0,0.0025732102685631295,-0.0025732102685631295,0,0,TRUE,205
P. falciparum,paper_replica,51011,Médio Araguaia,MT,2020,2,206,69925,0,0.002164348876276207,-0.002164348876276207,0,0,TRUE,205
P. falciparum,paper_replica,51011,Médio Araguaia,MT,2020,3,207,69925,0,0.0020414586769953434,-0.0020414586769953434,0,0,TRUE,205
P. falciparum,paper_replica,51012,Alto Guaporé,MT,2020,1,205,76023,0,0.2572999447823599,-0.2572999447823599,0,1.315391394709496,TRUE,205
P. falciparum,paper_replica,51012,Alto Guaporé,MT,2020,2,206,76023,0,0.20963992887208416,-0.20963992887208416,0,1.315391394709496,TRUE,205
P. falciparum,paper_replica,51012,Alto Guaporé,MT,2020,3,207,76023,0,0.2008236910305569,-0.2008236910305569,0,1.315391394709496,TRUE,205
P. falciparum,paper_replica,51013,Tangará da Serra,MT,2020,1,205,174002,0,0.058398207969813744,-0.058398207969813744,0,0.5747060378616338,TRUE,205
P. falciparum,paper_replica,51013,Tangará da Serra,MT,2020,2,206,174002,0,0.046736023965624235,-0.046736023965624235,0,0.5747060378616338,TRUE,205
P. falciparum,paper_replica,51013,Tangará da Serra,MT,2020,3,207,174002,0,0.04474735451003695,-0.04474735451003695,0,0.5747060378616338,TRUE,205
P. falciparum,paper_replica,51014,Jauru,MT,2020,1,205,111030,0,0.03313806539252855,-0.03313806539252855,0,0,TRUE,205
P. falciparum,paper_replica,51014,Jauru,MT,2020,2,206,111030,0,0.02556587974114401,-0.02556587974114401,0,0,TRUE,205
P. falciparum,paper_replica,51014,Jauru,MT,2020,3,207,111030,0,0.025299607687277514,-0.025299607687277514,0,0,TRUE,205
P. falciparum,paper_replica,51015,Alto Paraguai,MT,2020,1,205,33357,0,0.02346512512498924,-0.02346512512498924,0,0,TRUE,205
P. falciparum,paper_replica,51015,Alto Paraguai,MT,2020,2,206,33357,0,0.018919941608880827,-0.018919941608880827,0,0,TRUE,205
P. falciparum,paper_replica,51015,Alto Paraguai,MT,2020,3,207,33357,0,0.018418364049901353,-0.018418364049901353,0,0,TRUE,205
P. falciparum,paper_replica,51016,Rosário Oeste,MT,2020,1,205,30839,0,0.03370799788457523,-0.03370799788457523,0,0,TRUE,205
P. falciparum,paper_replica,51016,Rosário Oeste,MT,2020,2,206,30839,0,0.02750718095661169,-0.02750718095661169,0,0,TRUE,205
P. falciparum,paper_replica,51016,Rosário Oeste,MT,2020,3,207,30839,0,0.02657051840900562,-0.02657051840900562,0,0,TRUE,205
P. falciparum,paper_replica,51017,Cuiabá,MT,2020,1,205,955206,0,0.037737346637642395,-0.037737346637642395,0,0.20937891931164587,TRUE,205
P. falciparum,paper_replica,51017,Cuiabá,MT,2020,2,206,955206,0,0.03047449219293047,-0.03047449219293047,0,0.10468945965582294,TRUE,205
P. falciparum,paper_replica,51017,Cuiabá,MT,2020,3,207,955206,0,0.028939604741519066,-0.028939604741519066,0,0.20937891931164587,TRUE,205
P. falciparum,paper_replica,51018,Alto Pantanal,MT,2020,1,205,141581,0,0.024250996365967555,-0.024250996365967555,0,0,TRUE,205
P. falciparum,paper_replica,51018,Alto Pantanal,MT,2020,2,206,141581,0,0.01811766213120626,-0.01811766213120626,0,0,TRUE,205
P. falciparum,paper_replica,51018,Alto Pantanal,MT,2020,3,207,141581,0,0.017915027297172585,-0.017915027297172585,0,0,TRUE,205
P. falciparum,paper_replica,51019,Primavera do Leste,MT,2020,1,205,108832,0,0.015703402121474537,-0.015703402121474537,0,0,TRUE,205
P. falciparum,paper_replica,51019,Primavera do Leste,MT,2020,2,206,108832,0,0.012934749256392718,-0.012934749256392718,0,0,TRUE,205
P. falciparum,paper_replica,51019,Primavera do Leste,MT,2020,3,207,108832,0,0.012145254120223865,-0.012145254120223865,0,0,TRUE,205
P. falciparum,paper_replica,51020,Tesouro,MT,2020,1,205,55885,0,0.007207348964153006,-0.007207348964153006,0,0,TRUE,205
P. falciparum,paper_replica,51020,Tesouro,MT,2020,2,206,55885,0,0.005907670409265064,-0.005907670409265064,0,0,TRUE,205
P. falciparum,paper_replica,51020,Tesouro,MT,2020,3,207,55885,0,0.0055314320768148195,-0.0055314320768148195,0,0,TRUE,205
P. falciparum,paper_replica,51021,Rondonópolis,MT,2020,1,205,323403,0.3092117265455175,0.015286207462787306,0.2939255190827302,0,0.3092117265455175,TRUE,205
P. falciparum,paper_replica,51021,Rondonópolis,MT,2020,2,206,323403,0,0.012272785316562817,-0.012272785316562817,0,0,TRUE,205
P. falciparum,paper_replica,51021,Rondonópolis,MT,2020,3,207,323403,0,0.011800738269077083,-0.011800738269077083,0,0,TRUE,205
P. falciparum,paper_replica,51022,Alto Araguaia,MT,2020,1,205,42669,0,0.002885601947982272,-0.002885601947982272,0,0,TRUE,205
P. falciparum,paper_replica,51022,Alto Araguaia,MT,2020,2,206,42669,0,0.0023957122403095014,-0.0023957122403095014,0,0,TRUE,205
P. falciparum,paper_replica,51022,Alto Araguaia,MT,2020,3,207,42669,0,0.002208941476277728,-0.002208941476277728,0,0,TRUE,205
